t,p_Pump,p_FMU,p_Shut,p_Combustion,Flow_PRV,Flow_Bypass,Flow_Pump,Flow_Engine1,Flow_Engine2,Flow_Engine3,Flow_Engine4,RPM_Motor,Signal_Throttle
0.0,33294.1,-33294.1,-33294.1,-33294.1,8.29024e-06,-5.90151e-08,8.2113e-06,-3.27449e-09,-3.27449e-09,-3.27449e-09,-3.27449e-09,0.0,0.0002
0.005,33294.1,-33294.1,-33294.1,-33294.1,8.29024e-06,-5.90151e-08,8.2113e-06,-3.27449e-09,-3.27449e-09,-3.27449e-09,-3.27449e-09,0.0,0.0002
0.01,33294.1,-33294.1,-33294.1,-33294.1,8.29024e-06,-5.90151e-08,8.2113e-06,-3.27449e-09,-3.27449e-09,-3.27449e-09,-3.27449e-09,0.0,0.0002
0.015,33294.1,-33294.1,-33294.1,-33294.1,8.29024e-06,-5.90151e-08,8.2113e-06,-3.27449e-09,-3.27449e-09,-3.27449e-09,-3.27449e-09,0.0,0.0002
0.02,33294.1,-33294.1,-33294.1,-33294.1,8.29024e-06,-5.90151e-08,8.2113e-06,-3.27449e-09,-3.27449e-09,-3.27449e-09,-3.27449e-09,0.0,0.0002
0.025,33294.1,-33294.1,-33294.1,-33294.1,8.29024e-06,-5.90151e-08,8.2113e-06,-3.27449e-09,-3.27449e-09,-3.27449e-09,-3.27449e-09,0.0,0.0002
0.03,33294.1,-33294.1,-33294.1,-33294.1,8.29024e-06,-5.90151e-08,8.2113e-06,-3.27449e-09,-3.27449e-09,-3.27449e-09,-3.27449e-09,0.0,0.0002
0.035,33294.1,-33294.1,-33294.1,-33294.1,8.29024e-06,-5.90151e-08,8.2113e-06,-3.27449e-09,-3.27449e-09,-3.27449e-09,-3.27449e-09,0.0,0.0002
0.04,33294.1,-33294.1,-33294.1,-33294.1,8.29024e-06,-5.90151e-08,8.2113e-06,-3.27449e-09,-3.27449e-09,-3.27449e-09,-3.27449e-09,0.0,0.0002
0.045,33294.1,-33294.1,-33294.1,-33294.1,8.29024e-06,-5.90151e-08,8.2113e-06,-3.27449e-09,-3.27449e-09,-3.27449e-09,-3.27449e-09,0.0,0.0002
0.05,33294.1,-33294.1,-33294.1,-33294.1,8.29024e-06,-5.90151e-08,8.2113e-06,-3.27449e-09,-3.27449e-09,-3.27449e-09,-3.27449e-09,0.0,0.0002
0.055,33294.1,-33294.1,-33294.1,-33294.1,8.29024e-06,-5.90151e-08,8.2113e-06,-3.27449e-09,-3.27449e-09,-3.27449e-09,-3.27449e-09,0.0,0.0002
0.06,33294.1,-33294.1,-33294.1,-33294.1,8.29024e-06,-5.90151e-08,8.2113e-06,-3.27449e-09,-3.27449e-09,-3.27449e-09,-3.27449e-09,0.0,0.0002
0.065,33294.1,-33294.1,-33294.1,-33294.1,8.29024e-06,-5.90151e-08,8.2113e-06,-3.27449e-09,-3.27449e-09,-3.27449e-09,-3.27449e-09,0.0,0.0002
0.07,33294.1,-33294.1,-33294.1,-33294.1,8.29024e-06,-5.90151e-08,8.2113e-06,-3.27449e-09,-3.27449e-09,-3.27449e-09,-3.27449e-09,0.0,0.0002
0.075,33294.1,-33294.1,-33294.1,-33294.1,8.29024e-06,-5.90151e-08,8.2113e-06,-3.27449e-09,-3.27449e-09,-3.27449e-09,-3.27449e-09,0.0,0.0002
0.08,33294.1,-33294.1,-33294.1,-33294.1,8.29024e-06,-5.90151e-08,8.2113e-06,-3.27449e-09,-3.27449e-09,-3.27449e-09,-3.27449e-09,0.0,0.0002
0.085,33294.1,-33294.1,-33294.1,-33294.1,8.29024e-06,-5.90151e-08,8.2113e-06,-3.27449e-09,-3.27449e-09,-3.27449e-09,-3.27449e-09,0.0,0.0002
0.09,33294.1,-33294.1,-33294.1,-33294.1,8.29024e-06,-5.90151e-08,8.2113e-06,-3.27449e-09,-3.27449e-09,-3.27449e-09,-3.27449e-09,0.0,0.0002
0.095,33294.1,-33294.1,-33294.1,-33294.1,8.29024e-06,-5.90151e-08,8.2113e-06,-3.27449e-09,-3.27449e-09,-3.27449e-09,-3.27449e-09,0.0,0.0002
0.1,33294.1,-33294.1,-33294.1,-33294.1,8.29024e-06,-5.90151e-08,8.2113e-06,-3.27449e-09,-3.27449e-09,-3.27449e-09,-3.27449e-09,0.0,0.0002
0.105,33294.1,-33294.1,-33294.1,-33294.1,8.29024e-06,-5.90151e-08,8.2113e-06,-3.27449e-09,-3.27449e-09,-3.27449e-09,-3.27449e-09,0.0,0.0002
0.11,33294.1,-33294.1,-33294.1,-33294.1,8.29024e-06,-5.90151e-08,8.2113e-06,-3.27449e-09,-3.27449e-09,-3.27449e-09,-3.27449e-09,0.0,0.0002
0.115,33294.1,-33294.1,-33294.1,-33294.1,8.29024e-06,-5.90151e-08,8.2113e-06,-3.27449e-09,-3.27449e-09,-3.27449e-09,-3.27449e-09,0.0,0.0002
0.12,33294.1,-33294.1,-33294.1,-33294.1,8.29024e-06,-5.90151e-08,8.2113e-06,-3.27449e-09,-3.27449e-09,-3.27449e-09,-3.27449e-09,0.0,0.0002
0.125,33294.1,-33294.1,-33294.1,-33294.1,8.29024e-06,-5.90151e-08,8.2113e-06,-3.27449e-09,-3.27449e-09,-3.27449e-09,-3.27449e-09,0.0,0.0002
0.13,33294.1,-33294.1,-33294.1,-33294.1,8.29024e-06,-5.90151e-08,8.2113e-06,-3.27449e-09,-3.27449e-09,-3.27449e-09,-3.27449e-09,0.0,0.0002
0.135,33294.1,-33294.1,-33294.1,-33294.1,8.29024e-06,-5.90151e-08,8.2113e-06,-3.27449e-09,-3.27449e-09,-3.27449e-09,-3.27449e-09,0.0,0.0002
0.14,33294.1,-33294.1,-33294.1,-33294.1,8.29024e-06,-5.90151e-08,8.2113e-06,-3.27449e-09,-3.27449e-09,-3.27449e-09,-3.27449e-09,0.0,0.0002
0.145,33294.1,-33294.1,-33294.1,-33294.1,8.29024e-06,-5.90151e-08,8.2113e-06,-3.27449e-09,-3.27449e-09,-3.27449e-09,-3.27449e-09,0.0,0.0002
0.15,33294.1,-33294.1,-33294.1,-33294.1,8.29024e-06,-5.90151e-08,8.2113e-06,-3.27449e-09,-3.27449e-09,-3.27449e-09,-3.27449e-09,0.0,0.0002
0.155,33294.1,-33294.1,-33294.1,-33294.1,8.29024e-06,-5.90151e-08,8.2113e-06,-3.27449e-09,-3.27449e-09,-3.27449e-09,-3.27449e-09,0.0,0.0002
0.16,33294.1,-33294.1,-33294.1,-33294.1,8.29024e-06,-5.90151e-08,8.2113e-06,-3.27449e-09,-3.27449e-09,-3.27449e-09,-3.27449e-09,0.0,0.0002
0.165,33294.1,-33294.1,-33294.1,-33294.1,8.29024e-06,-5.90151e-08,8.2113e-06,-3.27449e-09,-3.27449e-09,-3.27449e-09,-3.27449e-09,0.0,0.0002
0.17,33294.1,-33294.1,-33294.1,-33294.1,8.29024e-06,-5.90151e-08,8.2113e-06,-3.27449e-09,-3.27449e-09,-3.27449e-09,-3.27449e-09,0.0,0.0002
0.175,33294.1,-33294.1,-33294.1,-33294.1,8.29024e-06,-5.90151e-08,8.2113e-06,-3.27449e-09,-3.27449e-09,-3.27449e-09,-3.27449e-09,0.0,0.0002
0.18,33294.1,-33294.1,-33294.1,-33294.1,8.29024e-06,-5.90151e-08,8.2113e-06,-3.27449e-09,-3.27449e-09,-3.27449e-09,-3.27449e-09,0.0,0.0002
0.185,33294.1,-33294.1,-33294.1,-33294.1,8.29024e-06,-5.90151e-08,8.2113e-06,-3.27449e-09,-3.27449e-09,-3.27449e-09,-3.27449e-09,0.0,0.0002
0.19,33294.1,-33294.1,-33294.1,-33294.1,8.29024e-06,-5.90151e-08,8.2113e-06,-3.27449e-09,-3.27449e-09,-3.27449e-09,-3.27449e-09,0.0,0.0002
0.195,33294.1,-33294.1,-33294.1,-33294.1,8.29024e-06,-5.90151e-08,8.2113e-06,-3.27449e-09,-3.27449e-09,-3.27449e-09,-3.27449e-09,0.0,0.0002
0.2,33294.1,-33294.1,-33294.1,-33294.1,8.29024e-06,-5.90151e-08,8.2113e-06,-3.27449e-09,-3.27449e-09,-3.27449e-09,-3.27449e-09,0.0,0.0002
0.205,33294.1,-33294.1,-33294.1,-33294.1,8.29024e-06,-5.90151e-08,8.2113e-06,-3.27449e-09,-3.27449e-09,-3.27449e-09,-3.27449e-09,0.0,0.0002
0.21,33294.1,-33294.1,-33294.1,-33294.1,8.29024e-06,-5.90151e-08,8.2113e-06,-3.27449e-09,-3.27449e-09,-3.27449e-09,-3.27449e-09,0.0,0.0002
0.215,33294.1,-33294.1,-33294.1,-33294.1,8.29024e-06,-5.90151e-08,8.2113e-06,-3.27449e-09,-3.27449e-09,-3.27449e-09,-3.27449e-09,0.0,0.0002
0.22,33294.1,-33294.1,-33294.1,-33294.1,8.29024e-06,-5.90151e-08,8.2113e-06,-3.27449e-09,-3.27449e-09,-3.27449e-09,-3.27449e-09,0.0,0.0002
0.225,33294.1,-33294.1,-33294.1,-33294.1,8.29024e-06,-5.90151e-08,8.2113e-06,-3.27449e-09,-3.27449e-09,-3.27449e-09,-3.27449e-09,0.0,0.0002
0.23,33294.1,-33294.1,-33294.1,-33294.1,8.29024e-06,-5.90151e-08,8.2113e-06,-3.27449e-09,-3.27449e-09,-3.27449e-09,-3.27449e-09,0.0,0.0002
0.235,33294.1,-33294.1,-33294.1,-33294.1,8.29024e-06,-5.90151e-08,8.2113e-06,-3.27449e-09,-3.27449e-09,-3.27449e-09,-3.27449e-09,0.0,0.0002
0.24,33294.1,-33294.1,-33294.1,-33294.1,8.29024e-06,-5.90151e-08,8.2113e-06,-3.27449e-09,-3.27449e-09,-3.27449e-09,-3.27449e-09,0.0,0.0002
0.245,33294.1,-33294.1,-33294.1,-33294.1,8.29024e-06,-5.90151e-08,8.2113e-06,-3.27449e-09,-3.27449e-09,-3.27449e-09,-3.27449e-09,0.0,0.0002
0.25,33294.1,-33294.1,-33294.1,-33294.1,8.29024e-06,-5.90151e-08,8.2113e-06,-3.27449e-09,-3.27449e-09,-3.27449e-09,-3.27449e-09,0.0,0.0002
0.255,33294.1,-33294.1,-33294.1,-33294.1,8.29024e-06,-5.90151e-08,8.2113e-06,-3.27449e-09,-3.27449e-09,-3.27449e-09,-3.27449e-09,0.0,0.0002
0.26,33294.1,-33294.1,-33294.1,-33294.1,8.29024e-06,-5.90151e-08,8.2113e-06,-3.27449e-09,-3.27449e-09,-3.27449e-09,-3.27449e-09,0.0,0.0002
0.265,33294.1,-33294.1,-33294.1,-33294.1,8.29024e-06,-5.90151e-08,8.2113e-06,-3.27449e-09,-3.27449e-09,-3.27449e-09,-3.27449e-09,0.0,0.0002
0.27,33294.1,-33294.1,-33294.1,-33294.1,8.29024e-06,-5.90151e-08,8.2113e-06,-3.27449e-09,-3.27449e-09,-3.27449e-09,-3.27449e-09,0.0,0.0002
0.275,33294.1,-33294.1,-33294.1,-33294.1,8.29024e-06,-5.90151e-08,8.2113e-06,-3.27449e-09,-3.27449e-09,-3.27449e-09,-3.27449e-09,0.0,0.0002
0.28,33294.1,-33294.1,-33294.1,-33294.1,8.29024e-06,-5.90151e-08,8.2113e-06,-3.27449e-09,-3.27449e-09,-3.27449e-09,-3.27449e-09,0.0,0.0002
0.285,33294.1,-33294.1,-33294.1,-33294.1,8.29024e-06,-5.90151e-08,8.2113e-06,-3.27449e-09,-3.27449e-09,-3.27449e-09,-3.27449e-09,0.0,0.0002
0.29,33294.1,-33294.1,-33294.1,-33294.1,8.29024e-06,-5.90151e-08,8.2113e-06,-3.27449e-09,-3.27449e-09,-3.27449e-09,-3.27449e-09,0.0,0.0002
0.295,33294.1,-33294.1,-33294.1,-33294.1,8.29024e-06,-5.90151e-08,8.2113e-06,-3.27449e-09,-3.27449e-09,-3.27449e-09,-3.27449e-09,0.0,0.0002
0.3,33294.1,-33294.1,-33294.1,-33294.1,8.29024e-06,-5.90151e-08,8.2113e-06,-3.27449e-09,-3.27449e-09,-3.27449e-09,-3.27449e-09,0.0,0.0002
0.305,33294.1,-33294.1,-33294.1,-33294.1,8.29024e-06,-5.90151e-08,8.2113e-06,-3.27449e-09,-3.27449e-09,-3.27449e-09,-3.27449e-09,0.0,0.0002
0.31,33294.1,-33294.1,-33294.1,-33294.1,8.29024e-06,-5.90151e-08,8.2113e-06,-3.27449e-09,-3.27449e-09,-3.27449e-09,-3.27449e-09,0.0,0.0002
0.315,33294.1,-33294.1,-33294.1,-33294.1,8.29024e-06,-5.90151e-08,8.2113e-06,-3.27449e-09,-3.27449e-09,-3.27449e-09,-3.27449e-09,0.0,0.0002
0.32,33294.1,-33294.1,-33294.1,-33294.1,8.29024e-06,-5.90151e-08,8.2113e-06,-3.27449e-09,-3.27449e-09,-3.27449e-09,-3.27449e-09,0.0,0.0002
0.325,33294.1,-33294.1,-33294.1,-33294.1,8.29024e-06,-5.90151e-08,8.2113e-06,-3.27449e-09,-3.27449e-09,-3.27449e-09,-3.27449e-09,0.0,0.0002
0.33,33294.1,-33294.1,-33294.1,-33294.1,8.29024e-06,-5.90151e-08,8.2113e-06,-3.27449e-09,-3.27449e-09,-3.27449e-09,-3.27449e-09,0.0,0.0002
0.335,33294.1,-33294.1,-33294.1,-33294.1,8.29024e-06,-5.90151e-08,8.2113e-06,-3.27449e-09,-3.27449e-09,-3.27449e-09,-3.27449e-09,0.0,0.0002
0.34,33294.1,-33294.1,-33294.1,-33294.1,8.29024e-06,-5.90151e-08,8.2113e-06,-3.27449e-09,-3.27449e-09,-3.27449e-09,-3.27449e-09,0.0,0.0002
0.345,33294.1,-33294.1,-33294.1,-33294.1,8.29024e-06,-5.90151e-08,8.2113e-06,-3.27449e-09,-3.27449e-09,-3.27449e-09,-3.27449e-09,0.0,0.0002
0.35,33294.1,-33294.1,-33294.1,-33294.1,8.29024e-06,-5.90151e-08,8.2113e-06,-3.27449e-09,-3.27449e-09,-3.27449e-09,-3.27449e-09,0.0,0.0002
0.355,33294.1,-33294.1,-33294.1,-33294.1,8.29024e-06,-5.90151e-08,8.2113e-06,-3.27449e-09,-3.27449e-09,-3.27449e-09,-3.27449e-09,0.0,0.0002
0.36,33294.1,-33294.1,-33294.1,-33294.1,8.29024e-06,-5.90151e-08,8.2113e-06,-3.27449e-09,-3.27449e-09,-3.27449e-09,-3.27449e-09,0.0,0.0002
0.365,33294.1,-33294.1,-33294.1,-33294.1,8.29024e-06,-5.90151e-08,8.2113e-06,-3.27449e-09,-3.27449e-09,-3.27449e-09,-3.27449e-09,0.0,0.0002
0.37,33294.1,-33294.1,-33294.1,-33294.1,8.29024e-06,-5.90151e-08,8.2113e-06,-3.27449e-09,-3.27449e-09,-3.27449e-09,-3.27449e-09,0.0,0.0002
0.375,33294.1,-33294.1,-33294.1,-33294.1,8.29024e-06,-5.90151e-08,8.2113e-06,-3.27449e-09,-3.27449e-09,-3.27449e-09,-3.27449e-09,0.0,0.0002
0.38,33294.1,-33294.1,-33294.1,-33294.1,8.29024e-06,-5.90151e-08,8.2113e-06,-3.27449e-09,-3.27449e-09,-3.27449e-09,-3.27449e-09,0.0,0.0002
0.385,33294.1,-33294.1,-33294.1,-33294.1,8.29024e-06,-5.90151e-08,8.2113e-06,-3.27449e-09,-3.27449e-09,-3.27449e-09,-3.27449e-09,0.0,0.0002
0.39,33294.1,-33294.1,-33294.1,-33294.1,8.29024e-06,-5.90151e-08,8.2113e-06,-3.27449e-09,-3.27449e-09,-3.27449e-09,-3.27449e-09,0.0,0.0002
0.395,33294.1,-33294.1,-33294.1,-33294.1,8.29024e-06,-5.90151e-08,8.2113e-06,-3.27449e-09,-3.27449e-09,-3.27449e-09,-3.27449e-09,0.0,0.0002
0.4,33294.1,-33294.1,-33294.1,-33294.1,8.29024e-06,-5.90151e-08,8.2113e-06,-3.27449e-09,-3.27449e-09,-3.27449e-09,-3.27449e-09,0.0,0.0002
0.405,33294.1,-33294.1,-33294.1,-33294.1,8.29024e-06,-5.90151e-08,8.2113e-06,-3.27449e-09,-3.27449e-09,-3.27449e-09,-3.27449e-09,0.0,0.0002
0.41,33294.1,-33294.1,-33294.1,-33294.1,8.29024e-06,-5.90151e-08,8.2113e-06,-3.27449e-09,-3.27449e-09,-3.27449e-09,-3.27449e-09,0.0,0.0002
0.415,33294.1,-33294.1,-33294.1,-33294.1,8.29024e-06,-5.90151e-08,8.2113e-06,-3.27449e-09,-3.27449e-09,-3.27449e-09,-3.27449e-09,0.0,0.0002
0.42,33294.1,-33294.1,-33294.1,-33294.1,8.29024e-06,-5.90151e-08,8.2113e-06,-3.27449e-09,-3.27449e-09,-3.27449e-09,-3.27449e-09,0.0,0.0002
0.425,33294.1,-33294.1,-33294.1,-33294.1,8.29024e-06,-5.90151e-08,8.2113e-06,-3.27449e-09,-3.27449e-09,-3.27449e-09,-3.27449e-09,0.0,0.0002
0.43,33294.1,-33294.1,-33294.1,-33294.1,8.29024e-06,-5.90151e-08,8.2113e-06,-3.27449e-09,-3.27449e-09,-3.27449e-09,-3.27449e-09,0.0,0.0002
0.435,33294.1,-33294.1,-33294.1,-33294.1,8.29024e-06,-5.90151e-08,8.2113e-06,-3.27449e-09,-3.27449e-09,-3.27449e-09,-3.27449e-09,0.0,0.0002
0.44,33294.1,-33294.1,-33294.1,-33294.1,8.29024e-06,-5.90151e-08,8.2113e-06,-3.27449e-09,-3.27449e-09,-3.27449e-09,-3.27449e-09,0.0,0.0002
0.445,33294.1,-33294.1,-33294.1,-33294.1,8.29024e-06,-5.90151e-08,8.2113e-06,-3.27449e-09,-3.27449e-09,-3.27449e-09,-3.27449e-09,0.0,0.0002
0.45,33294.1,-33294.1,-33294.1,-33294.1,8.29024e-06,-5.90151e-08,8.2113e-06,-3.27449e-09,-3.27449e-09,-3.27449e-09,-3.27449e-09,0.0,0.0002
0.455,33294.1,-33294.1,-33294.1,-33294.1,8.29024e-06,-5.90151e-08,8.2113e-06,-3.27449e-09,-3.27449e-09,-3.27449e-09,-3.27449e-09,0.0,0.0002
0.46,33294.1,-33294.1,-33294.1,-33294.1,8.29024e-06,-5.90151e-08,8.2113e-06,-3.27449e-09,-3.27449e-09,-3.27449e-09,-3.27449e-09,0.0,0.0002
0.465,33294.1,-33294.1,-33294.1,-33294.1,8.29024e-06,-5.90151e-08,8.2113e-06,-3.27449e-09,-3.27449e-09,-3.27449e-09,-3.27449e-09,0.0,0.0002
0.47,33294.1,-33294.1,-33294.1,-33294.1,8.29024e-06,-5.90151e-08,8.2113e-06,-3.27449e-09,-3.27449e-09,-3.27449e-09,-3.27449e-09,0.0,0.0002
0.475,33294.1,-33294.1,-33294.1,-33294.1,8.29024e-06,-5.90151e-08,8.2113e-06,-3.27449e-09,-3.27449e-09,-3.27449e-09,-3.27449e-09,0.0,0.0002
0.48,33294.1,-33294.1,-33294.1,-33294.1,8.29024e-06,-5.90151e-08,8.2113e-06,-3.27449e-09,-3.27449e-09,-3.27449e-09,-3.27449e-09,0.0,0.0002
0.485,33294.1,-33294.1,-33294.1,-33294.1,8.29024e-06,-5.90151e-08,8.2113e-06,-3.27449e-09,-3.27449e-09,-3.27449e-09,-3.27449e-09,0.0,0.0002
0.49,33294.1,-33294.1,-33294.1,-33294.1,8.29024e-06,-5.90151e-08,8.2113e-06,-3.27449e-09,-3.27449e-09,-3.27449e-09,-3.27449e-09,0.0,0.0002
0.495,33294.1,-33294.1,-33294.1,-33294.1,8.29024e-06,-5.90151e-08,8.2113e-06,-3.27449e-09,-3.27449e-09,-3.27449e-09,-3.27449e-09,0.0,0.0002
0.5,33294.1,-33294.1,-33294.1,-33294.1,8.29024e-06,-5.90151e-08,8.2113e-06,-3.27449e-09,-3.27449e-09,-3.27449e-09,-3.27449e-09,0.0,0.0002
0.505,33294.1,-33294.1,-33294.1,-33294.1,8.29024e-06,-5.90151e-08,8.2113e-06,-3.27449e-09,-3.27449e-09,-3.27449e-09,-3.27449e-09,0.0,0.0002
0.51,33294.1,-33294.1,-33294.1,-33294.1,8.29024e-06,-5.90151e-08,8.2113e-06,-3.27449e-09,-3.27449e-09,-3.27449e-09,-3.27449e-09,0.0,0.0002
0.515,33294.1,-33294.1,-33294.1,-33294.1,8.29024e-06,-5.90151e-08,8.2113e-06,-3.27449e-09,-3.27449e-09,-3.27449e-09,-3.27449e-09,0.0,0.0002
0.52,33294.1,-33294.1,-33294.1,-33294.1,8.29024e-06,-5.90151e-08,8.2113e-06,-3.27449e-09,-3.27449e-09,-3.27449e-09,-3.27449e-09,0.0,0.0002
0.525,33294.1,-33294.1,-33294.1,-33294.1,8.29024e-06,-5.90151e-08,8.2113e-06,-3.27449e-09,-3.27449e-09,-3.27449e-09,-3.27449e-09,0.0,0.0002
0.53,33294.1,-33294.1,-33294.1,-33294.1,8.29024e-06,-5.90151e-08,8.2113e-06,-3.27449e-09,-3.27449e-09,-3.27449e-09,-3.27449e-09,0.0,0.0002
0.535,33294.1,-33294.1,-33294.1,-33294.1,8.29024e-06,-5.90151e-08,8.2113e-06,-3.27449e-09,-3.27449e-09,-3.27449e-09,-3.27449e-09,0.0,0.0002
0.54,33294.1,-33294.1,-33294.1,-33294.1,8.29024e-06,-5.90151e-08,8.2113e-06,-3.27449e-09,-3.27449e-09,-3.27449e-09,-3.27449e-09,0.0,0.0002
0.545,33294.1,-33294.1,-33294.1,-33294.1,8.29024e-06,-5.90151e-08,8.2113e-06,-3.27449e-09,-3.27449e-09,-3.27449e-09,-3.27449e-09,0.0,0.0002
0.55,33294.1,-33294.1,-33294.1,-33294.1,8.29024e-06,-5.90151e-08,8.2113e-06,-3.27449e-09,-3.27449e-09,-3.27449e-09,-3.27449e-09,0.0,0.0002
0.555,33294.1,-33294.1,-33294.1,-33294.1,8.29024e-06,-5.90151e-08,8.2113e-06,-3.27449e-09,-3.27449e-09,-3.27449e-09,-3.27449e-09,0.0,0.0002
0.56,33294.1,-33294.1,-33294.1,-33294.1,8.29024e-06,-5.90151e-08,8.2113e-06,-3.27449e-09,-3.27449e-09,-3.27449e-09,-3.27449e-09,0.0,0.0002
0.565,33294.1,-33294.1,-33294.1,-33294.1,8.29024e-06,-5.90151e-08,8.2113e-06,-3.27449e-09,-3.27449e-09,-3.27449e-09,-3.27449e-09,0.0,0.0002
0.57,33294.1,-33294.1,-33294.1,-33294.1,8.29024e-06,-5.90151e-08,8.2113e-06,-3.27449e-09,-3.27449e-09,-3.27449e-09,-3.27449e-09,0.0,0.0002
0.575,33294.1,-33294.1,-33294.1,-33294.1,8.29024e-06,-5.90151e-08,8.2113e-06,-3.27449e-09,-3.27449e-09,-3.27449e-09,-3.27449e-09,0.0,0.0002
0.58,33294.1,-33294.1,-33294.1,-33294.1,8.29024e-06,-5.90151e-08,8.2113e-06,-3.27449e-09,-3.27449e-09,-3.27449e-09,-3.27449e-09,0.0,0.0002
0.585,33294.1,-33294.1,-33294.1,-33294.1,8.29024e-06,-5.90151e-08,8.2113e-06,-3.27449e-09,-3.27449e-09,-3.27449e-09,-3.27449e-09,0.0,0.0002
0.59,33294.1,-33294.1,-33294.1,-33294.1,8.29024e-06,-5.90151e-08,8.2113e-06,-3.27449e-09,-3.27449e-09,-3.27449e-09,-3.27449e-09,0.0,0.0002
0.595,33294.1,-33294.1,-33294.1,-33294.1,8.29024e-06,-5.90151e-08,8.2113e-06,-3.27449e-09,-3.27449e-09,-3.27449e-09,-3.27449e-09,0.0,0.0002
0.6,33294.1,-33294.1,-33294.1,-33294.1,8.29024e-06,-5.90151e-08,8.2113e-06,-3.27449e-09,-3.27449e-09,-3.27449e-09,-3.27449e-09,0.0,0.0002
0.605,33294.1,-33294.1,-33294.1,-33294.1,8.29024e-06,-5.90151e-08,8.2113e-06,-3.27449e-09,-3.27449e-09,-3.27449e-09,-3.27449e-09,0.0,0.0002
0.61,33294.1,-33294.1,-33294.1,-33294.1,8.29024e-06,-5.90151e-08,8.2113e-06,-3.27449e-09,-3.27449e-09,-3.27449e-09,-3.27449e-09,0.0,0.0002
0.615,33294.1,-33294.1,-33294.1,-33294.1,8.29024e-06,-5.90151e-08,8.2113e-06,-3.27449e-09,-3.27449e-09,-3.27449e-09,-3.27449e-09,0.0,0.0002
0.62,33294.1,-33294.1,-33294.1,-33294.1,8.29024e-06,-5.90151e-08,8.2113e-06,-3.27449e-09,-3.27449e-09,-3.27449e-09,-3.27449e-09,0.0,0.0002
0.625,33294.1,-33294.1,-33294.1,-33294.1,8.29024e-06,-5.90151e-08,8.2113e-06,-3.27449e-09,-3.27449e-09,-3.27449e-09,-3.27449e-09,0.0,0.0002
0.63,33294.1,-33294.1,-33294.1,-33294.1,8.29024e-06,-5.90151e-08,8.2113e-06,-3.27449e-09,-3.27449e-09,-3.27449e-09,-3.27449e-09,0.0,0.0002
0.635,33294.1,-33294.1,-33294.1,-33294.1,8.29024e-06,-5.90151e-08,8.2113e-06,-3.27449e-09,-3.27449e-09,-3.27449e-09,-3.27449e-09,0.0,0.0002
0.64,33294.1,-33294.1,-33294.1,-33294.1,8.29024e-06,-5.90151e-08,8.2113e-06,-3.27449e-09,-3.27449e-09,-3.27449e-09,-3.27449e-09,0.0,0.0002
0.645,33294.1,-33294.1,-33294.1,-33294.1,8.29024e-06,-5.90151e-08,8.2113e-06,-3.27449e-09,-3.27449e-09,-3.27449e-09,-3.27449e-09,0.0,0.0002
0.65,33294.1,-33294.1,-33294.1,-33294.1,8.29024e-06,-5.90151e-08,8.2113e-06,-3.27449e-09,-3.27449e-09,-3.27449e-09,-3.27449e-09,0.0,0.0002
0.655,33294.1,-33294.1,-33294.1,-33294.1,8.29024e-06,-5.90151e-08,8.2113e-06,-3.27449e-09,-3.27449e-09,-3.27449e-09,-3.27449e-09,0.0,0.0002
0.66,33294.1,-33294.1,-33294.1,-33294.1,8.29024e-06,-5.90151e-08,8.2113e-06,-3.27449e-09,-3.27449e-09,-3.27449e-09,-3.27449e-09,0.0,0.0002
0.665,33294.1,-33294.1,-33294.1,-33294.1,8.29024e-06,-5.90151e-08,8.2113e-06,-3.27449e-09,-3.27449e-09,-3.27449e-09,-3.27449e-09,0.0,0.0002
0.67,33294.1,-33294.1,-33294.1,-33294.1,8.29024e-06,-5.90151e-08,8.2113e-06,-3.27449e-09,-3.27449e-09,-3.27449e-09,-3.27449e-09,0.0,0.0002
0.675,33294.1,-33294.1,-33294.1,-33294.1,8.29024e-06,-5.90151e-08,8.2113e-06,-3.27449e-09,-3.27449e-09,-3.27449e-09,-3.27449e-09,0.0,0.0002
0.68,33294.1,-33294.1,-33294.1,-33294.1,8.29024e-06,-5.90151e-08,8.2113e-06,-3.27449e-09,-3.27449e-09,-3.27449e-09,-3.27449e-09,0.0,0.0002
0.685,33294.1,-33294.1,-33294.1,-33294.1,8.29024e-06,-5.90151e-08,8.2113e-06,-3.27449e-09,-3.27449e-09,-3.27449e-09,-3.27449e-09,0.0,0.0002
0.69,33294.1,-33294.1,-33294.1,-33294.1,8.29024e-06,-5.90151e-08,8.2113e-06,-3.27449e-09,-3.27449e-09,-3.27449e-09,-3.27449e-09,0.0,0.0002
0.695,33294.1,-33294.1,-33294.1,-33294.1,8.29024e-06,-5.90151e-08,8.2113e-06,-3.27449e-09,-3.27449e-09,-3.27449e-09,-3.27449e-09,0.0,0.0002
0.7,33294.1,-33294.1,-33294.1,-33294.1,8.29024e-06,-5.90151e-08,8.2113e-06,-3.27449e-09,-3.27449e-09,-3.27449e-09,-3.27449e-09,0.0,0.0002
0.705,33294.1,-33294.1,-33294.1,-33294.1,8.29024e-06,-5.90151e-08,8.2113e-06,-3.27449e-09,-3.27449e-09,-3.27449e-09,-3.27449e-09,0.0,0.0002
0.71,33294.1,-33294.1,-33294.1,-33294.1,8.29024e-06,-5.90151e-08,8.2113e-06,-3.27449e-09,-3.27449e-09,-3.27449e-09,-3.27449e-09,0.0,0.0002
0.715,33294.1,-33294.1,-33294.1,-33294.1,8.29024e-06,-5.90151e-08,8.2113e-06,-3.27449e-09,-3.27449e-09,-3.27449e-09,-3.27449e-09,0.0,0.0002
0.72,33294.1,-33294.1,-33294.1,-33294.1,8.29024e-06,-5.90151e-08,8.2113e-06,-3.27449e-09,-3.27449e-09,-3.27449e-09,-3.27449e-09,0.0,0.0002
0.725,33294.1,-33294.1,-33294.1,-33294.1,8.29024e-06,-5.90151e-08,8.2113e-06,-3.27449e-09,-3.27449e-09,-3.27449e-09,-3.27449e-09,0.0,0.0002
0.73,33294.1,-33294.1,-33294.1,-33294.1,8.29024e-06,-5.90151e-08,8.2113e-06,-3.27449e-09,-3.27449e-09,-3.27449e-09,-3.27449e-09,0.0,0.0002
0.735,33294.1,-33294.1,-33294.1,-33294.1,8.29024e-06,-5.90151e-08,8.2113e-06,-3.27449e-09,-3.27449e-09,-3.27449e-09,-3.27449e-09,0.0,0.0002
0.74,33294.1,-33294.1,-33294.1,-33294.1,8.29024e-06,-5.90151e-08,8.2113e-06,-3.27449e-09,-3.27449e-09,-3.27449e-09,-3.27449e-09,0.0,0.0002
0.745,33294.1,-33294.1,-33294.1,-33294.1,8.29024e-06,-5.90151e-08,8.2113e-06,-3.27449e-09,-3.27449e-09,-3.27449e-09,-3.27449e-09,0.0,0.0002
0.75,33294.1,-33294.1,-33294.1,-33294.1,8.29024e-06,-5.90151e-08,8.2113e-06,-3.27449e-09,-3.27449e-09,-3.27449e-09,-3.27449e-09,0.0,0.0002
0.755,33294.1,-33294.1,-33294.1,-33294.1,8.29024e-06,-5.90151e-08,8.2113e-06,-3.27449e-09,-3.27449e-09,-3.27449e-09,-3.27449e-09,0.0,0.0002
0.76,33294.1,-33294.1,-33294.1,-33294.1,8.29024e-06,-5.90151e-08,8.2113e-06,-3.27449e-09,-3.27449e-09,-3.27449e-09,-3.27449e-09,0.0,0.0002
0.765,33294.1,-33294.1,-33294.1,-33294.1,8.29024e-06,-5.90151e-08,8.2113e-06,-3.27449e-09,-3.27449e-09,-3.27449e-09,-3.27449e-09,0.0,0.0002
0.77,33294.1,-33294.1,-33294.1,-33294.1,8.29024e-06,-5.90151e-08,8.2113e-06,-3.27449e-09,-3.27449e-09,-3.27449e-09,-3.27449e-09,0.0,0.0002
0.775,33294.1,-33294.1,-33294.1,-33294.1,8.29024e-06,-5.90151e-08,8.2113e-06,-3.27449e-09,-3.27449e-09,-3.27449e-09,-3.27449e-09,0.0,0.0002
0.78,33294.1,-33294.1,-33294.1,-33294.1,8.29024e-06,-5.90151e-08,8.2113e-06,-3.27449e-09,-3.27449e-09,-3.27449e-09,-3.27449e-09,0.0,0.0002
0.785,33294.1,-33294.1,-33294.1,-33294.1,8.29024e-06,-5.90151e-08,8.2113e-06,-3.27449e-09,-3.27449e-09,-3.27449e-09,-3.27449e-09,0.0,0.0002
0.79,33294.1,-33294.1,-33294.1,-33294.1,8.29024e-06,-5.90151e-08,8.2113e-06,-3.27449e-09,-3.27449e-09,-3.27449e-09,-3.27449e-09,0.0,0.0002
0.795,33294.1,-33294.1,-33294.1,-33294.1,8.29024e-06,-5.90151e-08,8.2113e-06,-3.27449e-09,-3.27449e-09,-3.27449e-09,-3.27449e-09,0.0,0.0002
0.8,33294.1,-33294.1,-33294.1,-33294.1,8.29024e-06,-5.90151e-08,8.2113e-06,-3.27449e-09,-3.27449e-09,-3.27449e-09,-3.27449e-09,0.0,0.0002
0.805,33294.1,-33294.1,-33294.1,-33294.1,8.29024e-06,-5.90151e-08,8.2113e-06,-3.27449e-09,-3.27449e-09,-3.27449e-09,-3.27449e-09,0.0,0.0002
0.81,33294.1,-33294.1,-33294.1,-33294.1,8.29024e-06,-5.90151e-08,8.2113e-06,-3.27449e-09,-3.27449e-09,-3.27449e-09,-3.27449e-09,0.0,0.0002
0.815,33294.1,-33294.1,-33294.1,-33294.1,8.29024e-06,-5.90151e-08,8.2113e-06,-3.27449e-09,-3.27449e-09,-3.27449e-09,-3.27449e-09,0.0,0.0002
0.82,33294.1,-33294.1,-33294.1,-33294.1,8.29024e-06,-5.90151e-08,8.2113e-06,-3.27449e-09,-3.27449e-09,-3.27449e-09,-3.27449e-09,0.0,0.0002
0.825,33294.1,-33294.1,-33294.1,-33294.1,8.29024e-06,-5.90151e-08,8.2113e-06,-3.27449e-09,-3.27449e-09,-3.27449e-09,-3.27449e-09,0.0,0.0002
0.83,33294.1,-33294.1,-33294.1,-33294.1,8.29024e-06,-5.90151e-08,8.2113e-06,-3.27449e-09,-3.27449e-09,-3.27449e-09,-3.27449e-09,0.0,0.0002
0.835,33294.1,-33294.1,-33294.1,-33294.1,8.29024e-06,-5.90151e-08,8.2113e-06,-3.27449e-09,-3.27449e-09,-3.27449e-09,-3.27449e-09,0.0,0.0002
0.84,33294.1,-33294.1,-33294.1,-33294.1,8.29024e-06,-5.90151e-08,8.2113e-06,-3.27449e-09,-3.27449e-09,-3.27449e-09,-3.27449e-09,0.0,0.0002
0.845,33294.1,-33294.1,-33294.1,-33294.1,8.29024e-06,-5.90151e-08,8.2113e-06,-3.27449e-09,-3.27449e-09,-3.27449e-09,-3.27449e-09,0.0,0.0002
0.85,33294.1,-33294.1,-33294.1,-33294.1,8.29024e-06,-5.90151e-08,8.2113e-06,-3.27449e-09,-3.27449e-09,-3.27449e-09,-3.27449e-09,0.0,0.0002
0.855,33294.1,-33294.1,-33294.1,-33294.1,8.29024e-06,-5.90151e-08,8.2113e-06,-3.27449e-09,-3.27449e-09,-3.27449e-09,-3.27449e-09,0.0,0.0002
0.86,33294.1,-33294.1,-33294.1,-33294.1,8.29024e-06,-5.90151e-08,8.2113e-06,-3.27449e-09,-3.27449e-09,-3.27449e-09,-3.27449e-09,0.0,0.0002
0.865,33294.1,-33294.1,-33294.1,-33294.1,8.29024e-06,-5.90151e-08,8.2113e-06,-3.27449e-09,-3.27449e-09,-3.27449e-09,-3.27449e-09,0.0,0.0002
0.87,33294.1,-33294.1,-33294.1,-33294.1,8.29024e-06,-5.90151e-08,8.2113e-06,-3.27449e-09,-3.27449e-09,-3.27449e-09,-3.27449e-09,0.0,0.0002
0.875,33294.1,-33294.1,-33294.1,-33294.1,8.29024e-06,-5.90151e-08,8.2113e-06,-3.27449e-09,-3.27449e-09,-3.27449e-09,-3.27449e-09,0.0,0.0002
0.88,33294.1,-33294.1,-33294.1,-33294.1,8.29024e-06,-5.90151e-08,8.2113e-06,-3.27449e-09,-3.27449e-09,-3.27449e-09,-3.27449e-09,0.0,0.0002
0.885,33294.1,-33294.1,-33294.1,-33294.1,8.29024e-06,-5.90151e-08,8.2113e-06,-3.27449e-09,-3.27449e-09,-3.27449e-09,-3.27449e-09,0.0,0.0002
0.89,33294.1,-33294.1,-33294.1,-33294.1,8.29024e-06,-5.90151e-08,8.2113e-06,-3.27449e-09,-3.27449e-09,-3.27449e-09,-3.27449e-09,0.0,0.0002
0.895,33294.1,-33294.1,-33294.1,-33294.1,8.29024e-06,-5.90151e-08,8.2113e-06,-3.27449e-09,-3.27449e-09,-3.27449e-09,-3.27449e-09,0.0,0.0002
0.9,33294.1,-33294.1,-33294.1,-33294.1,8.29024e-06,-5.90151e-08,8.2113e-06,-3.27449e-09,-3.27449e-09,-3.27449e-09,-3.27449e-09,0.0,0.0002
0.905,33294.1,-33294.1,-33294.1,-33294.1,8.29024e-06,-5.90151e-08,8.2113e-06,-3.27449e-09,-3.27449e-09,-3.27449e-09,-3.27449e-09,0.0,0.0002
0.91,33294.1,-33294.1,-33294.1,-33294.1,8.29024e-06,-5.90151e-08,8.2113e-06,-3.27449e-09,-3.27449e-09,-3.27449e-09,-3.27449e-09,0.0,0.0002
0.915,33294.1,-33294.1,-33294.1,-33294.1,8.29024e-06,-5.90151e-08,8.2113e-06,-3.27449e-09,-3.27449e-09,-3.27449e-09,-3.27449e-09,0.0,0.0002
0.92,33294.1,-33294.1,-33294.1,-33294.1,8.29024e-06,-5.90151e-08,8.2113e-06,-3.27449e-09,-3.27449e-09,-3.27449e-09,-3.27449e-09,0.0,0.0002
0.925,33294.1,-33294.1,-33294.1,-33294.1,8.29024e-06,-5.90151e-08,8.2113e-06,-3.27449e-09,-3.27449e-09,-3.27449e-09,-3.27449e-09,0.0,0.0002
0.93,33294.1,-33294.1,-33294.1,-33294.1,8.29024e-06,-5.90151e-08,8.2113e-06,-3.27449e-09,-3.27449e-09,-3.27449e-09,-3.27449e-09,0.0,0.0002
0.935,33294.1,-33294.1,-33294.1,-33294.1,8.29024e-06,-5.90151e-08,8.2113e-06,-3.27449e-09,-3.27449e-09,-3.27449e-09,-3.27449e-09,0.0,0.0002
0.94,33294.1,-33294.1,-33294.1,-33294.1,8.29024e-06,-5.90151e-08,8.2113e-06,-3.27449e-09,-3.27449e-09,-3.27449e-09,-3.27449e-09,0.0,0.0002
0.945,33294.1,-33294.1,-33294.1,-33294.1,8.29024e-06,-5.90151e-08,8.2113e-06,-3.27449e-09,-3.27449e-09,-3.27449e-09,-3.27449e-09,0.0,0.0002
0.95,33294.1,-33294.1,-33294.1,-33294.1,8.29024e-06,-5.90151e-08,8.2113e-06,-3.27449e-09,-3.27449e-09,-3.27449e-09,-3.27449e-09,0.0,0.0002
0.955,33294.1,-33294.1,-33294.1,-33294.1,8.29024e-06,-5.90151e-08,8.2113e-06,-3.27449e-09,-3.27449e-09,-3.27449e-09,-3.27449e-09,0.0,0.0002
0.96,33294.1,-33294.1,-33294.1,-33294.1,8.29024e-06,-5.90151e-08,8.2113e-06,-3.27449e-09,-3.27449e-09,-3.27449e-09,-3.27449e-09,0.0,0.0002
0.965,33294.1,-33294.1,-33294.1,-33294.1,8.29024e-06,-5.90151e-08,8.2113e-06,-3.27449e-09,-3.27449e-09,-3.27449e-09,-3.27449e-09,0.0,0.0002
0.97,33294.1,-33294.1,-33294.1,-33294.1,8.29024e-06,-5.90151e-08,8.2113e-06,-3.27449e-09,-3.27449e-09,-3.27449e-09,-3.27449e-09,0.0,0.0002
0.975,33294.1,-33294.1,-33294.1,-33294.1,8.29024e-06,-5.90151e-08,8.2113e-06,-3.27449e-09,-3.27449e-09,-3.27449e-09,-3.27449e-09,0.0,0.0002
0.98,33294.1,-33294.1,-33294.1,-33294.1,8.29024e-06,-5.90151e-08,8.2113e-06,-3.27449e-09,-3.27449e-09,-3.27449e-09,-3.27449e-09,0.0,0.0002
0.985,33294.1,-33294.1,-33294.1,-33294.1,8.29024e-06,-5.90151e-08,8.2113e-06,-3.27449e-09,-3.27449e-09,-3.27449e-09,-3.27449e-09,0.0,0.0002
0.99,33294.1,-33294.1,-33294.1,-33294.1,8.29024e-06,-5.90151e-08,8.2113e-06,-3.27449e-09,-3.27449e-09,-3.27449e-09,-3.27449e-09,0.0,0.0002
0.995,33294.1,-33294.1,-33294.1,-33294.1,8.29024e-06,-5.90151e-08,8.2113e-06,-3.27449e-09,-3.27449e-09,-3.27449e-09,-3.27449e-09,0.0,0.0002
1.0,33294.1,-33294.1,-33294.1,-33294.1,8.29024e-06,-5.90151e-08,8.2113e-06,-3.27449e-09,-3.27449e-09,-3.27449e-09,-3.27449e-09,0.0,0.0002
1.005,33294.1,-33294.1,-33294.1,-33294.1,8.29024e-06,-5.90151e-08,8.2113e-06,-3.27449e-09,-3.27449e-09,-3.27449e-09,-3.27449e-09,0.0,0.0002
1.01,33294.1,-33294.1,-33294.1,-33294.1,8.29024e-06,-5.90151e-08,8.2113e-06,-3.27449e-09,-3.27449e-09,-3.27449e-09,-3.27449e-09,0.0,0.0002
1.015,33294.1,-33294.1,-33294.1,-33294.1,8.29024e-06,-5.90151e-08,8.2113e-06,-3.27449e-09,-3.27449e-09,-3.27449e-09,-3.27449e-09,0.0,0.0002
1.02,33294.1,-33294.1,-33294.1,-33294.1,8.29024e-06,-5.90151e-08,8.2113e-06,-3.27449e-09,-3.27449e-09,-3.27449e-09,-3.27449e-09,0.0,0.0002
1.025,33294.1,-33294.1,-33294.1,-33294.1,8.29024e-06,-5.90151e-08,8.2113e-06,-3.27449e-09,-3.27449e-09,-3.27449e-09,-3.27449e-09,0.0,0.0002
1.03,33294.1,-33294.1,-33294.1,-33294.1,8.29024e-06,-5.90151e-08,8.2113e-06,-3.27449e-09,-3.27449e-09,-3.27449e-09,-3.27449e-09,0.0,0.0002
1.035,33294.1,-33294.1,-33294.1,-33294.1,8.29024e-06,-5.90151e-08,8.2113e-06,-3.27449e-09,-3.27449e-09,-3.27449e-09,-3.27449e-09,0.0,0.0002
1.04,33294.1,-33294.1,-33294.1,-33294.1,8.29024e-06,-5.90151e-08,8.2113e-06,-3.27449e-09,-3.27449e-09,-3.27449e-09,-3.27449e-09,0.0,0.0002
1.045,33294.1,-33294.1,-33294.1,-33294.1,8.29024e-06,-5.90151e-08,8.2113e-06,-3.27449e-09,-3.27449e-09,-3.27449e-09,-3.27449e-09,0.0,0.0002
1.05,33294.1,-33294.1,-33294.1,-33294.1,8.29024e-06,-5.90151e-08,8.2113e-06,-3.27449e-09,-3.27449e-09,-3.27449e-09,-3.27449e-09,0.0,0.0002
1.055,33294.1,-33294.1,-33294.1,-33294.1,8.29024e-06,-5.90151e-08,8.2113e-06,-3.27449e-09,-3.27449e-09,-3.27449e-09,-3.27449e-09,0.0,0.0002
1.06,33294.1,-33294.1,-33294.1,-33294.1,8.29024e-06,-5.90151e-08,8.2113e-06,-3.27449e-09,-3.27449e-09,-3.27449e-09,-3.27449e-09,0.0,0.0002
1.065,33294.1,-33294.1,-33294.1,-33294.1,8.29024e-06,-5.90151e-08,8.2113e-06,-3.27449e-09,-3.27449e-09,-3.27449e-09,-3.27449e-09,0.0,0.0002
1.07,33294.1,-33294.1,-33294.1,-33294.1,8.29024e-06,-5.90151e-08,8.2113e-06,-3.27449e-09,-3.27449e-09,-3.27449e-09,-3.27449e-09,0.0,0.0002
1.075,33294.1,-33294.1,-33294.1,-33294.1,8.29024e-06,-5.90151e-08,8.2113e-06,-3.27449e-09,-3.27449e-09,-3.27449e-09,-3.27449e-09,0.0,0.0002
1.08,33294.1,-33294.1,-33294.1,-33294.1,8.29024e-06,-5.90151e-08,8.2113e-06,-3.27449e-09,-3.27449e-09,-3.27449e-09,-3.27449e-09,0.0,0.0002
1.085,33294.1,-33294.1,-33294.1,-33294.1,8.29024e-06,-5.90151e-08,8.2113e-06,-3.27449e-09,-3.27449e-09,-3.27449e-09,-3.27449e-09,0.0,0.0002
1.09,33294.1,-33294.1,-33294.1,-33294.1,8.29024e-06,-5.90151e-08,8.2113e-06,-3.27449e-09,-3.27449e-09,-3.27449e-09,-3.27449e-09,0.0,0.0002
1.095,33294.1,-33294.1,-33294.1,-33294.1,8.29024e-06,-5.90151e-08,8.2113e-06,-3.27449e-09,-3.27449e-09,-3.27449e-09,-3.27449e-09,0.0,0.0002
1.1,33294.1,-33294.1,-33294.1,-33294.1,8.29024e-06,-5.90151e-08,8.2113e-06,-3.27449e-09,-3.27449e-09,-3.27449e-09,-3.27449e-09,0.0,0.0002
1.105,33294.1,-33294.1,-33294.1,-33294.1,8.29024e-06,-5.90151e-08,8.2113e-06,-3.27449e-09,-3.27449e-09,-3.27449e-09,-3.27449e-09,0.0,0.0002
1.11,33294.1,-33294.1,-33294.1,-33294.1,8.29024e-06,-5.90151e-08,8.2113e-06,-3.27449e-09,-3.27449e-09,-3.27449e-09,-3.27449e-09,0.0,0.0002
1.115,33294.1,-33294.1,-33294.1,-33294.1,8.29024e-06,-5.90151e-08,8.2113e-06,-3.27449e-09,-3.27449e-09,-3.27449e-09,-3.27449e-09,0.0,0.0002
1.12,33294.1,-33294.1,-33294.1,-33294.1,8.29024e-06,-5.90151e-08,8.2113e-06,-3.27449e-09,-3.27449e-09,-3.27449e-09,-3.27449e-09,0.0,0.0002
1.125,33294.1,-33294.1,-33294.1,-33294.1,8.29024e-06,-5.90151e-08,8.2113e-06,-3.27449e-09,-3.27449e-09,-3.27449e-09,-3.27449e-09,0.0,0.0002
1.13,33294.1,-33294.1,-33294.1,-33294.1,8.29024e-06,-5.90151e-08,8.2113e-06,-3.27449e-09,-3.27449e-09,-3.27449e-09,-3.27449e-09,0.0,0.0002
1.135,33294.1,-33294.1,-33294.1,-33294.1,8.29024e-06,-5.90151e-08,8.2113e-06,-3.27449e-09,-3.27449e-09,-3.27449e-09,-3.27449e-09,0.0,0.0002
1.14,33294.1,-33294.1,-33294.1,-33294.1,8.29024e-06,-5.90151e-08,8.2113e-06,-3.27449e-09,-3.27449e-09,-3.27449e-09,-3.27449e-09,0.0,0.0002
1.145,33294.1,-33294.1,-33294.1,-33294.1,8.29024e-06,-5.90151e-08,8.2113e-06,-3.27449e-09,-3.27449e-09,-3.27449e-09,-3.27449e-09,0.0,0.0002
1.15,33294.1,-33294.1,-33294.1,-33294.1,8.29024e-06,-5.90151e-08,8.2113e-06,-3.27449e-09,-3.27449e-09,-3.27449e-09,-3.27449e-09,0.0,0.0002
1.155,33294.1,-33294.1,-33294.1,-33294.1,8.29024e-06,-5.90151e-08,8.2113e-06,-3.27449e-09,-3.27449e-09,-3.27449e-09,-3.27449e-09,0.0,0.0002
1.16,33294.1,-33294.1,-33294.1,-33294.1,8.29024e-06,-5.90151e-08,8.2113e-06,-3.27449e-09,-3.27449e-09,-3.27449e-09,-3.27449e-09,0.0,0.0002
1.165,33294.1,-33294.1,-33294.1,-33294.1,8.29024e-06,-5.90151e-08,8.2113e-06,-3.27449e-09,-3.27449e-09,-3.27449e-09,-3.27449e-09,0.0,0.0002
1.17,33294.1,-33294.1,-33294.1,-33294.1,8.29024e-06,-5.90151e-08,8.2113e-06,-3.27449e-09,-3.27449e-09,-3.27449e-09,-3.27449e-09,0.0,0.0002
1.175,33294.1,-33294.1,-33294.1,-33294.1,8.29024e-06,-5.90151e-08,8.2113e-06,-3.27449e-09,-3.27449e-09,-3.27449e-09,-3.27449e-09,0.0,0.0002
1.18,33294.1,-33294.1,-33294.1,-33294.1,8.29024e-06,-5.90151e-08,8.2113e-06,-3.27449e-09,-3.27449e-09,-3.27449e-09,-3.27449e-09,0.0,0.0002
1.185,33294.1,-33294.1,-33294.1,-33294.1,8.29024e-06,-5.90151e-08,8.2113e-06,-3.27449e-09,-3.27449e-09,-3.27449e-09,-3.27449e-09,0.0,0.0002
1.19,33294.1,-33294.1,-33294.1,-33294.1,8.29024e-06,-5.90151e-08,8.2113e-06,-3.27449e-09,-3.27449e-09,-3.27449e-09,-3.27449e-09,0.0,0.0002
1.195,33294.1,-33294.1,-33294.1,-33294.1,8.29024e-06,-5.90151e-08,8.2113e-06,-3.27449e-09,-3.27449e-09,-3.27449e-09,-3.27449e-09,0.0,0.0002
1.2,33294.1,-33294.1,-33294.1,-33294.1,8.29024e-06,-5.90151e-08,8.2113e-06,-3.27449e-09,-3.27449e-09,-3.27449e-09,-3.27449e-09,0.0,0.0002
1.205,33294.1,-33294.1,-33294.1,-33294.1,8.29024e-06,-5.90151e-08,8.2113e-06,-3.27449e-09,-3.27449e-09,-3.27449e-09,-3.27449e-09,0.0,0.0002
1.21,33294.1,-33294.1,-33294.1,-33294.1,8.29024e-06,-5.90151e-08,8.2113e-06,-3.27449e-09,-3.27449e-09,-3.27449e-09,-3.27449e-09,0.0,0.0002
1.215,33294.1,-33294.1,-33294.1,-33294.1,8.29024e-06,-5.90151e-08,8.2113e-06,-3.27449e-09,-3.27449e-09,-3.27449e-09,-3.27449e-09,0.0,0.0002
1.22,33294.1,-33294.1,-33294.1,-33294.1,8.29024e-06,-5.90151e-08,8.2113e-06,-3.27449e-09,-3.27449e-09,-3.27449e-09,-3.27449e-09,0.0,0.0002
1.225,33294.1,-33294.1,-33294.1,-33294.1,8.29024e-06,-5.90151e-08,8.2113e-06,-3.27449e-09,-3.27449e-09,-3.27449e-09,-3.27449e-09,0.0,0.0002
1.23,33294.1,-33294.1,-33294.1,-33294.1,8.29024e-06,-5.90151e-08,8.2113e-06,-3.27449e-09,-3.27449e-09,-3.27449e-09,-3.27449e-09,0.0,0.0002
1.235,33294.1,-33294.1,-33294.1,-33294.1,8.29024e-06,-5.90151e-08,8.2113e-06,-3.27449e-09,-3.27449e-09,-3.27449e-09,-3.27449e-09,0.0,0.0002
1.24,33294.1,-33294.1,-33294.1,-33294.1,8.29024e-06,-5.90151e-08,8.2113e-06,-3.27449e-09,-3.27449e-09,-3.27449e-09,-3.27449e-09,0.0,0.0002
1.245,33294.1,-33294.1,-33294.1,-33294.1,8.29024e-06,-5.90151e-08,8.2113e-06,-3.27449e-09,-3.27449e-09,-3.27449e-09,-3.27449e-09,0.0,0.0002
1.25,33294.1,-33294.1,-33294.1,-33294.1,8.29024e-06,-5.90151e-08,8.2113e-06,-3.27449e-09,-3.27449e-09,-3.27449e-09,-3.27449e-09,0.0,0.0002
1.255,33294.1,-33294.1,-33294.1,-33294.1,8.29024e-06,-5.90151e-08,8.2113e-06,-3.27449e-09,-3.27449e-09,-3.27449e-09,-3.27449e-09,0.0,0.0002
1.26,33294.1,-33294.1,-33294.1,-33294.1,8.29024e-06,-5.90151e-08,8.2113e-06,-3.27449e-09,-3.27449e-09,-3.27449e-09,-3.27449e-09,0.0,0.0002
1.265,33294.1,-33294.1,-33294.1,-33294.1,8.29024e-06,-5.90151e-08,8.2113e-06,-3.27449e-09,-3.27449e-09,-3.27449e-09,-3.27449e-09,0.0,0.0002
1.27,33294.1,-33294.1,-33294.1,-33294.1,8.29024e-06,-5.90151e-08,8.2113e-06,-3.27449e-09,-3.27449e-09,-3.27449e-09,-3.27449e-09,0.0,0.0002
1.275,33294.1,-33294.1,-33294.1,-33294.1,8.29024e-06,-5.90151e-08,8.2113e-06,-3.27449e-09,-3.27449e-09,-3.27449e-09,-3.27449e-09,0.0,0.0002
1.28,33294.1,-33294.1,-33294.1,-33294.1,8.29024e-06,-5.90151e-08,8.2113e-06,-3.27449e-09,-3.27449e-09,-3.27449e-09,-3.27449e-09,0.0,0.0002
1.285,33294.1,-33294.1,-33294.1,-33294.1,8.29024e-06,-5.90151e-08,8.2113e-06,-3.27449e-09,-3.27449e-09,-3.27449e-09,-3.27449e-09,0.0,0.0002
1.29,33294.1,-33294.1,-33294.1,-33294.1,8.29024e-06,-5.90151e-08,8.2113e-06,-3.27449e-09,-3.27449e-09,-3.27449e-09,-3.27449e-09,0.0,0.0002
1.295,33294.1,-33294.1,-33294.1,-33294.1,8.29024e-06,-5.90151e-08,8.2113e-06,-3.27449e-09,-3.27449e-09,-3.27449e-09,-3.27449e-09,0.0,0.0002
1.3,33294.1,-33294.1,-33294.1,-33294.1,8.29024e-06,-5.90151e-08,8.2113e-06,-3.27449e-09,-3.27449e-09,-3.27449e-09,-3.27449e-09,0.0,0.0002
1.305,33294.1,-33294.1,-33294.1,-33294.1,8.29024e-06,-5.90151e-08,8.2113e-06,-3.27449e-09,-3.27449e-09,-3.27449e-09,-3.27449e-09,0.0,0.0002
1.31,33294.1,-33294.1,-33294.1,-33294.1,8.29024e-06,-5.90151e-08,8.2113e-06,-3.27449e-09,-3.27449e-09,-3.27449e-09,-3.27449e-09,0.0,0.0002
1.315,33294.1,-33294.1,-33294.1,-33294.1,8.29024e-06,-5.90151e-08,8.2113e-06,-3.27449e-09,-3.27449e-09,-3.27449e-09,-3.27449e-09,0.0,0.0002
1.32,33294.1,-33294.1,-33294.1,-33294.1,8.29024e-06,-5.90151e-08,8.2113e-06,-3.27449e-09,-3.27449e-09,-3.27449e-09,-3.27449e-09,0.0,0.0002
1.325,33294.1,-33294.1,-33294.1,-33294.1,8.29024e-06,-5.90151e-08,8.2113e-06,-3.27449e-09,-3.27449e-09,-3.27449e-09,-3.27449e-09,0.0,0.0002
1.33,33294.1,-33294.1,-33294.1,-33294.1,8.29024e-06,-5.90151e-08,8.2113e-06,-3.27449e-09,-3.27449e-09,-3.27449e-09,-3.27449e-09,0.0,0.0002
1.335,33294.1,-33294.1,-33294.1,-33294.1,8.29024e-06,-5.90151e-08,8.2113e-06,-3.27449e-09,-3.27449e-09,-3.27449e-09,-3.27449e-09,0.0,0.0002
1.34,33294.1,-33294.1,-33294.1,-33294.1,8.29024e-06,-5.90151e-08,8.2113e-06,-3.27449e-09,-3.27449e-09,-3.27449e-09,-3.27449e-09,0.0,0.0002
1.345,33294.1,-33294.1,-33294.1,-33294.1,8.29024e-06,-5.90151e-08,8.2113e-06,-3.27449e-09,-3.27449e-09,-3.27449e-09,-3.27449e-09,0.0,0.0002
1.35,33294.1,-33294.1,-33294.1,-33294.1,8.29024e-06,-5.90151e-08,8.2113e-06,-3.27449e-09,-3.27449e-09,-3.27449e-09,-3.27449e-09,0.0,0.0002
1.355,33294.1,-33294.1,-33294.1,-33294.1,8.29024e-06,-5.90151e-08,8.2113e-06,-3.27449e-09,-3.27449e-09,-3.27449e-09,-3.27449e-09,0.0,0.0002
1.36,33294.1,-33294.1,-33294.1,-33294.1,8.29024e-06,-5.90151e-08,8.2113e-06,-3.27449e-09,-3.27449e-09,-3.27449e-09,-3.27449e-09,0.0,0.0002
1.365,33294.1,-33294.1,-33294.1,-33294.1,8.29024e-06,-5.90151e-08,8.2113e-06,-3.27449e-09,-3.27449e-09,-3.27449e-09,-3.27449e-09,0.0,0.0002
1.37,33294.1,-33294.1,-33294.1,-33294.1,8.29024e-06,-5.90151e-08,8.2113e-06,-3.27449e-09,-3.27449e-09,-3.27449e-09,-3.27449e-09,0.0,0.0002
1.375,33294.1,-33294.1,-33294.1,-33294.1,8.29024e-06,-5.90151e-08,8.2113e-06,-3.27449e-09,-3.27449e-09,-3.27449e-09,-3.27449e-09,0.0,0.0002
1.38,33294.1,-33294.1,-33294.1,-33294.1,8.29024e-06,-5.90151e-08,8.2113e-06,-3.27449e-09,-3.27449e-09,-3.27449e-09,-3.27449e-09,0.0,0.0002
1.385,33294.1,-33294.1,-33294.1,-33294.1,8.29024e-06,-5.90151e-08,8.2113e-06,-3.27449e-09,-3.27449e-09,-3.27449e-09,-3.27449e-09,0.0,0.0002
1.39,33294.1,-33294.1,-33294.1,-33294.1,8.29024e-06,-5.90151e-08,8.2113e-06,-3.27449e-09,-3.27449e-09,-3.27449e-09,-3.27449e-09,0.0,0.0002
1.395,33294.1,-33294.1,-33294.1,-33294.1,8.29024e-06,-5.90151e-08,8.2113e-06,-3.27449e-09,-3.27449e-09,-3.27449e-09,-3.27449e-09,0.0,0.0002
1.4,33294.1,-33294.1,-33294.1,-33294.1,8.29024e-06,-5.90151e-08,8.2113e-06,-3.27449e-09,-3.27449e-09,-3.27449e-09,-3.27449e-09,0.0,0.0002
1.405,33294.1,-33294.1,-33294.1,-33294.1,8.29024e-06,-5.90151e-08,8.2113e-06,-3.27449e-09,-3.27449e-09,-3.27449e-09,-3.27449e-09,0.0,0.0002
1.41,33294.1,-33294.1,-33294.1,-33294.1,8.29024e-06,-5.90151e-08,8.2113e-06,-3.27449e-09,-3.27449e-09,-3.27449e-09,-3.27449e-09,0.0,0.0002
1.415,33294.1,-33294.1,-33294.1,-33294.1,8.29024e-06,-5.90151e-08,8.2113e-06,-3.27449e-09,-3.27449e-09,-3.27449e-09,-3.27449e-09,0.0,0.0002
1.42,33294.1,-33294.1,-33294.1,-33294.1,8.29024e-06,-5.90151e-08,8.2113e-06,-3.27449e-09,-3.27449e-09,-3.27449e-09,-3.27449e-09,0.0,0.0002
1.425,33294.1,-33294.1,-33294.1,-33294.1,8.29024e-06,-5.90151e-08,8.2113e-06,-3.27449e-09,-3.27449e-09,-3.27449e-09,-3.27449e-09,0.0,0.0002
1.43,33294.1,-33294.1,-33294.1,-33294.1,8.29024e-06,-5.90151e-08,8.2113e-06,-3.27449e-09,-3.27449e-09,-3.27449e-09,-3.27449e-09,0.0,0.0002
1.435,33294.1,-33294.1,-33294.1,-33294.1,8.29024e-06,-5.90151e-08,8.2113e-06,-3.27449e-09,-3.27449e-09,-3.27449e-09,-3.27449e-09,0.0,0.0002
1.44,33294.1,-33294.1,-33294.1,-33294.1,8.29024e-06,-5.90151e-08,8.2113e-06,-3.27449e-09,-3.27449e-09,-3.27449e-09,-3.27449e-09,0.0,0.0002
1.445,33294.1,-33294.1,-33294.1,-33294.1,8.29024e-06,-5.90151e-08,8.2113e-06,-3.27449e-09,-3.27449e-09,-3.27449e-09,-3.27449e-09,0.0,0.0002
1.45,33294.1,-33294.1,-33294.1,-33294.1,8.29024e-06,-5.90151e-08,8.2113e-06,-3.27449e-09,-3.27449e-09,-3.27449e-09,-3.27449e-09,0.0,0.0002
1.455,33294.1,-33294.1,-33294.1,-33294.1,8.29024e-06,-5.90151e-08,8.2113e-06,-3.27449e-09,-3.27449e-09,-3.27449e-09,-3.27449e-09,0.0,0.0002
1.46,33294.1,-33294.1,-33294.1,-33294.1,8.29024e-06,-5.90151e-08,8.2113e-06,-3.27449e-09,-3.27449e-09,-3.27449e-09,-3.27449e-09,0.0,0.0002
1.465,33294.1,-33294.1,-33294.1,-33294.1,8.29024e-06,-5.90151e-08,8.2113e-06,-3.27449e-09,-3.27449e-09,-3.27449e-09,-3.27449e-09,0.0,0.0002
1.47,33294.1,-33294.1,-33294.1,-33294.1,8.29024e-06,-5.90151e-08,8.2113e-06,-3.27449e-09,-3.27449e-09,-3.27449e-09,-3.27449e-09,0.0,0.0002
1.475,33294.1,-33294.1,-33294.1,-33294.1,8.29024e-06,-5.90151e-08,8.2113e-06,-3.27449e-09,-3.27449e-09,-3.27449e-09,-3.27449e-09,0.0,0.0002
1.48,33294.1,-33294.1,-33294.1,-33294.1,8.29024e-06,-5.90151e-08,8.2113e-06,-3.27449e-09,-3.27449e-09,-3.27449e-09,-3.27449e-09,0.0,0.0002
1.485,33294.1,-33294.1,-33294.1,-33294.1,8.29024e-06,-5.90151e-08,8.2113e-06,-3.27449e-09,-3.27449e-09,-3.27449e-09,-3.27449e-09,0.0,0.0002
1.49,33294.1,-33294.1,-33294.1,-33294.1,8.29024e-06,-5.90151e-08,8.2113e-06,-3.27449e-09,-3.27449e-09,-3.27449e-09,-3.27449e-09,0.0,0.0002
1.495,33294.1,-33294.1,-33294.1,-33294.1,8.29024e-06,-5.90151e-08,8.2113e-06,-3.27449e-09,-3.27449e-09,-3.27449e-09,-3.27449e-09,0.0,0.0002
1.5,33294.1,-33294.1,-33294.1,-33294.1,8.29024e-06,-5.90151e-08,8.2113e-06,-3.27449e-09,-3.27449e-09,-3.27449e-09,-3.27449e-09,0.0,0.0002
1.505,33294.1,-33294.1,-33294.1,-33294.1,8.29024e-06,-5.90151e-08,8.2113e-06,-3.27449e-09,-3.27449e-09,-3.27449e-09,-3.27449e-09,0.0,0.0002
1.51,33294.1,-33294.1,-33294.1,-33294.1,8.29024e-06,-5.90151e-08,8.2113e-06,-3.27449e-09,-3.27449e-09,-3.27449e-09,-3.27449e-09,0.0,0.0002
1.515,33294.1,-33294.1,-33294.1,-33294.1,8.29024e-06,-5.90151e-08,8.2113e-06,-3.27449e-09,-3.27449e-09,-3.27449e-09,-3.27449e-09,0.0,0.0002
1.52,33294.1,-33294.1,-33294.1,-33294.1,8.29024e-06,-5.90151e-08,8.2113e-06,-3.27449e-09,-3.27449e-09,-3.27449e-09,-3.27449e-09,0.0,0.0002
1.525,33294.1,-33294.1,-33294.1,-33294.1,8.29024e-06,-5.90151e-08,8.2113e-06,-3.27449e-09,-3.27449e-09,-3.27449e-09,-3.27449e-09,0.0,0.0002
1.53,33294.1,-33294.1,-33294.1,-33294.1,8.29024e-06,-5.90151e-08,8.2113e-06,-3.27449e-09,-3.27449e-09,-3.27449e-09,-3.27449e-09,0.0,0.0002
1.535,33294.1,-33294.1,-33294.1,-33294.1,8.29024e-06,-5.90151e-08,8.2113e-06,-3.27449e-09,-3.27449e-09,-3.27449e-09,-3.27449e-09,0.0,0.0002
1.54,33294.1,-33294.1,-33294.1,-33294.1,8.29024e-06,-5.90151e-08,8.2113e-06,-3.27449e-09,-3.27449e-09,-3.27449e-09,-3.27449e-09,0.0,0.0002
1.545,33294.1,-33294.1,-33294.1,-33294.1,8.29024e-06,-5.90151e-08,8.2113e-06,-3.27449e-09,-3.27449e-09,-3.27449e-09,-3.27449e-09,0.0,0.0002
1.55,33294.1,-33294.1,-33294.1,-33294.1,8.29024e-06,-5.90151e-08,8.2113e-06,-3.27449e-09,-3.27449e-09,-3.27449e-09,-3.27449e-09,0.0,0.0002
1.555,33294.1,-33294.1,-33294.1,-33294.1,8.29024e-06,-5.90151e-08,8.2113e-06,-3.27449e-09,-3.27449e-09,-3.27449e-09,-3.27449e-09,0.0,0.0002
1.56,33294.1,-33294.1,-33294.1,-33294.1,8.29024e-06,-5.90151e-08,8.2113e-06,-3.27449e-09,-3.27449e-09,-3.27449e-09,-3.27449e-09,0.0,0.0002
1.565,33294.1,-33294.1,-33294.1,-33294.1,8.29024e-06,-5.90151e-08,8.2113e-06,-3.27449e-09,-3.27449e-09,-3.27449e-09,-3.27449e-09,0.0,0.0002
1.57,33294.1,-33294.1,-33294.1,-33294.1,8.29024e-06,-5.90151e-08,8.2113e-06,-3.27449e-09,-3.27449e-09,-3.27449e-09,-3.27449e-09,0.0,0.0002
1.575,33294.1,-33294.1,-33294.1,-33294.1,8.29024e-06,-5.90151e-08,8.2113e-06,-3.27449e-09,-3.27449e-09,-3.27449e-09,-3.27449e-09,0.0,0.0002
1.58,33294.1,-33294.1,-33294.1,-33294.1,8.29024e-06,-5.90151e-08,8.2113e-06,-3.27449e-09,-3.27449e-09,-3.27449e-09,-3.27449e-09,0.0,0.0002
1.585,33294.1,-33294.1,-33294.1,-33294.1,8.29024e-06,-5.90151e-08,8.2113e-06,-3.27449e-09,-3.27449e-09,-3.27449e-09,-3.27449e-09,0.0,0.0002
1.59,33294.1,-33294.1,-33294.1,-33294.1,8.29024e-06,-5.90151e-08,8.2113e-06,-3.27449e-09,-3.27449e-09,-3.27449e-09,-3.27449e-09,0.0,0.0002
1.595,33294.1,-33294.1,-33294.1,-33294.1,8.29024e-06,-5.90151e-08,8.2113e-06,-3.27449e-09,-3.27449e-09,-3.27449e-09,-3.27449e-09,0.0,0.0002
1.6,33294.1,-33294.1,-33294.1,-33294.1,8.29024e-06,-5.90151e-08,8.2113e-06,-3.27449e-09,-3.27449e-09,-3.27449e-09,-3.27449e-09,0.0,0.0002
1.605,33294.1,-33294.1,-33294.1,-33294.1,8.29024e-06,-5.90151e-08,8.2113e-06,-3.27449e-09,-3.27449e-09,-3.27449e-09,-3.27449e-09,0.0,0.0002
1.61,33294.1,-33294.1,-33294.1,-33294.1,8.29024e-06,-5.90151e-08,8.2113e-06,-3.27449e-09,-3.27449e-09,-3.27449e-09,-3.27449e-09,0.0,0.0002
1.615,33294.1,-33294.1,-33294.1,-33294.1,8.29024e-06,-5.90151e-08,8.2113e-06,-3.27449e-09,-3.27449e-09,-3.27449e-09,-3.27449e-09,0.0,0.0002
1.62,33294.1,-33294.1,-33294.1,-33294.1,8.29024e-06,-5.90151e-08,8.2113e-06,-3.27449e-09,-3.27449e-09,-3.27449e-09,-3.27449e-09,0.0,0.0002
1.625,33294.1,-33294.1,-33294.1,-33294.1,8.29024e-06,-5.90151e-08,8.2113e-06,-3.27449e-09,-3.27449e-09,-3.27449e-09,-3.27449e-09,0.0,0.0002
1.63,33294.1,-33294.1,-33294.1,-33294.1,8.29024e-06,-5.90151e-08,8.2113e-06,-3.27449e-09,-3.27449e-09,-3.27449e-09,-3.27449e-09,0.0,0.0002
1.635,33294.1,-33294.1,-33294.1,-33294.1,8.29024e-06,-5.90151e-08,8.2113e-06,-3.27449e-09,-3.27449e-09,-3.27449e-09,-3.27449e-09,0.0,0.0002
1.64,33294.1,-33294.1,-33294.1,-33294.1,8.29024e-06,-5.90151e-08,8.2113e-06,-3.27449e-09,-3.27449e-09,-3.27449e-09,-3.27449e-09,0.0,0.0002
1.645,33294.1,-33294.1,-33294.1,-33294.1,8.29024e-06,-5.90151e-08,8.2113e-06,-3.27449e-09,-3.27449e-09,-3.27449e-09,-3.27449e-09,0.0,0.0002
1.65,33294.1,-33294.1,-33294.1,-33294.1,8.29024e-06,-5.90151e-08,8.2113e-06,-3.27449e-09,-3.27449e-09,-3.27449e-09,-3.27449e-09,0.0,0.0002
1.655,33294.1,-33294.1,-33294.1,-33294.1,8.29024e-06,-5.90151e-08,8.2113e-06,-3.27449e-09,-3.27449e-09,-3.27449e-09,-3.27449e-09,0.0,0.0002
1.66,33294.1,-33294.1,-33294.1,-33294.1,8.29024e-06,-5.90151e-08,8.2113e-06,-3.27449e-09,-3.27449e-09,-3.27449e-09,-3.27449e-09,0.0,0.0002
1.665,33294.1,-33294.1,-33294.1,-33294.1,8.29024e-06,-5.90151e-08,8.2113e-06,-3.27449e-09,-3.27449e-09,-3.27449e-09,-3.27449e-09,0.0,0.0002
1.67,33294.1,-33294.1,-33294.1,-33294.1,8.29024e-06,-5.90151e-08,8.2113e-06,-3.27449e-09,-3.27449e-09,-3.27449e-09,-3.27449e-09,0.0,0.0002
1.675,33294.1,-33294.1,-33294.1,-33294.1,8.29024e-06,-5.90151e-08,8.2113e-06,-3.27449e-09,-3.27449e-09,-3.27449e-09,-3.27449e-09,0.0,0.0002
1.68,33294.1,-33294.1,-33294.1,-33294.1,8.29024e-06,-5.90151e-08,8.2113e-06,-3.27449e-09,-3.27449e-09,-3.27449e-09,-3.27449e-09,0.0,0.0002
1.685,33294.1,-33294.1,-33294.1,-33294.1,8.29024e-06,-5.90151e-08,8.2113e-06,-3.27449e-09,-3.27449e-09,-3.27449e-09,-3.27449e-09,0.0,0.0002
1.69,33294.1,-33294.1,-33294.1,-33294.1,8.29024e-06,-5.90151e-08,8.2113e-06,-3.27449e-09,-3.27449e-09,-3.27449e-09,-3.27449e-09,0.0,0.0002
1.695,33294.1,-33294.1,-33294.1,-33294.1,8.29024e-06,-5.90151e-08,8.2113e-06,-3.27449e-09,-3.27449e-09,-3.27449e-09,-3.27449e-09,0.0,0.0002
1.7,33294.1,-33294.1,-33294.1,-33294.1,8.29024e-06,-5.90151e-08,8.2113e-06,-3.27449e-09,-3.27449e-09,-3.27449e-09,-3.27449e-09,0.0,0.0002
1.705,33294.1,-33294.1,-33294.1,-33294.1,8.29024e-06,-5.90151e-08,8.2113e-06,-3.27449e-09,-3.27449e-09,-3.27449e-09,-3.27449e-09,0.0,0.0002
1.71,33294.1,-33294.1,-33294.1,-33294.1,8.29024e-06,-5.90151e-08,8.2113e-06,-3.27449e-09,-3.27449e-09,-3.27449e-09,-3.27449e-09,0.0,0.0002
1.715,33294.1,-33294.1,-33294.1,-33294.1,8.29024e-06,-5.90151e-08,8.2113e-06,-3.27449e-09,-3.27449e-09,-3.27449e-09,-3.27449e-09,0.0,0.0002
1.72,33294.1,-33294.1,-33294.1,-33294.1,8.29024e-06,-5.90151e-08,8.2113e-06,-3.27449e-09,-3.27449e-09,-3.27449e-09,-3.27449e-09,0.0,0.0002
1.725,33294.1,-33294.1,-33294.1,-33294.1,8.29024e-06,-5.90151e-08,8.2113e-06,-3.27449e-09,-3.27449e-09,-3.27449e-09,-3.27449e-09,0.0,0.0002
1.73,33294.1,-33294.1,-33294.1,-33294.1,8.29024e-06,-5.90151e-08,8.2113e-06,-3.27449e-09,-3.27449e-09,-3.27449e-09,-3.27449e-09,0.0,0.0002
1.735,33294.1,-33294.1,-33294.1,-33294.1,8.29024e-06,-5.90151e-08,8.2113e-06,-3.27449e-09,-3.27449e-09,-3.27449e-09,-3.27449e-09,0.0,0.0002
1.74,33294.1,-33294.1,-33294.1,-33294.1,8.29024e-06,-5.90151e-08,8.2113e-06,-3.27449e-09,-3.27449e-09,-3.27449e-09,-3.27449e-09,0.0,0.0002
1.745,33294.1,-33294.1,-33294.1,-33294.1,8.29024e-06,-5.90151e-08,8.2113e-06,-3.27449e-09,-3.27449e-09,-3.27449e-09,-3.27449e-09,0.0,0.0002
1.75,33294.1,-33294.1,-33294.1,-33294.1,8.29024e-06,-5.90151e-08,8.2113e-06,-3.27449e-09,-3.27449e-09,-3.27449e-09,-3.27449e-09,0.0,0.0002
1.755,33294.1,-33294.1,-33294.1,-33294.1,8.29024e-06,-5.90151e-08,8.2113e-06,-3.27449e-09,-3.27449e-09,-3.27449e-09,-3.27449e-09,0.0,0.0002
1.76,33294.1,-33294.1,-33294.1,-33294.1,8.29024e-06,-5.90151e-08,8.2113e-06,-3.27449e-09,-3.27449e-09,-3.27449e-09,-3.27449e-09,0.0,0.0002
1.765,33294.1,-33294.1,-33294.1,-33294.1,8.29024e-06,-5.90151e-08,8.2113e-06,-3.27449e-09,-3.27449e-09,-3.27449e-09,-3.27449e-09,0.0,0.0002
1.77,33294.1,-33294.1,-33294.1,-33294.1,8.29024e-06,-5.90151e-08,8.2113e-06,-3.27449e-09,-3.27449e-09,-3.27449e-09,-3.27449e-09,0.0,0.0002
1.775,33294.1,-33294.1,-33294.1,-33294.1,8.29024e-06,-5.90151e-08,8.2113e-06,-3.27449e-09,-3.27449e-09,-3.27449e-09,-3.27449e-09,0.0,0.0002
1.78,33294.1,-33294.1,-33294.1,-33294.1,8.29024e-06,-5.90151e-08,8.2113e-06,-3.27449e-09,-3.27449e-09,-3.27449e-09,-3.27449e-09,0.0,0.0002
1.785,33294.1,-33294.1,-33294.1,-33294.1,8.29024e-06,-5.90151e-08,8.2113e-06,-3.27449e-09,-3.27449e-09,-3.27449e-09,-3.27449e-09,0.0,0.0002
1.79,33294.1,-33294.1,-33294.1,-33294.1,8.29024e-06,-5.90151e-08,8.2113e-06,-3.27449e-09,-3.27449e-09,-3.27449e-09,-3.27449e-09,0.0,0.0002
1.795,33294.1,-33294.1,-33294.1,-33294.1,8.29024e-06,-5.90151e-08,8.2113e-06,-3.27449e-09,-3.27449e-09,-3.27449e-09,-3.27449e-09,0.0,0.0002
1.8,33294.1,-33294.1,-33294.1,-33294.1,8.29024e-06,-5.90151e-08,8.2113e-06,-3.27449e-09,-3.27449e-09,-3.27449e-09,-3.27449e-09,0.0,0.0002
1.805,33294.1,-33294.1,-33294.1,-33294.1,8.29024e-06,-5.90151e-08,8.2113e-06,-3.27449e-09,-3.27449e-09,-3.27449e-09,-3.27449e-09,0.0,0.0002
1.81,33294.1,-33294.1,-33294.1,-33294.1,8.29024e-06,-5.90151e-08,8.2113e-06,-3.27449e-09,-3.27449e-09,-3.27449e-09,-3.27449e-09,0.0,0.0002
1.815,33294.1,-33294.1,-33294.1,-33294.1,8.29024e-06,-5.90151e-08,8.2113e-06,-3.27449e-09,-3.27449e-09,-3.27449e-09,-3.27449e-09,0.0,0.0002
1.82,33294.1,-33294.1,-33294.1,-33294.1,8.29024e-06,-5.90151e-08,8.2113e-06,-3.27449e-09,-3.27449e-09,-3.27449e-09,-3.27449e-09,0.0,0.0002
1.825,33294.1,-33294.1,-33294.1,-33294.1,8.29024e-06,-5.90151e-08,8.2113e-06,-3.27449e-09,-3.27449e-09,-3.27449e-09,-3.27449e-09,0.0,0.0002
1.83,33294.1,-33294.1,-33294.1,-33294.1,8.29024e-06,-5.90151e-08,8.2113e-06,-3.27449e-09,-3.27449e-09,-3.27449e-09,-3.27449e-09,0.0,0.0002
1.835,33294.1,-33294.1,-33294.1,-33294.1,8.29024e-06,-5.90151e-08,8.2113e-06,-3.27449e-09,-3.27449e-09,-3.27449e-09,-3.27449e-09,0.0,0.0002
1.84,33294.1,-33294.1,-33294.1,-33294.1,8.29024e-06,-5.90151e-08,8.2113e-06,-3.27449e-09,-3.27449e-09,-3.27449e-09,-3.27449e-09,0.0,0.0002
1.845,33294.1,-33294.1,-33294.1,-33294.1,8.29024e-06,-5.90151e-08,8.2113e-06,-3.27449e-09,-3.27449e-09,-3.27449e-09,-3.27449e-09,0.0,0.0002
1.85,33294.1,-33294.1,-33294.1,-33294.1,8.29024e-06,-5.90151e-08,8.2113e-06,-3.27449e-09,-3.27449e-09,-3.27449e-09,-3.27449e-09,0.0,0.0002
1.855,33294.1,-33294.1,-33294.1,-33294.1,8.29024e-06,-5.90151e-08,8.2113e-06,-3.27449e-09,-3.27449e-09,-3.27449e-09,-3.27449e-09,0.0,0.0002
1.86,33294.1,-33294.1,-33294.1,-33294.1,8.29024e-06,-5.90151e-08,8.2113e-06,-3.27449e-09,-3.27449e-09,-3.27449e-09,-3.27449e-09,0.0,0.0002
1.865,33294.1,-33294.1,-33294.1,-33294.1,8.29024e-06,-5.90151e-08,8.2113e-06,-3.27449e-09,-3.27449e-09,-3.27449e-09,-3.27449e-09,0.0,0.0002
1.87,33294.1,-33294.1,-33294.1,-33294.1,8.29024e-06,-5.90151e-08,8.2113e-06,-3.27449e-09,-3.27449e-09,-3.27449e-09,-3.27449e-09,0.0,0.0002
1.875,33294.1,-33294.1,-33294.1,-33294.1,8.29024e-06,-5.90151e-08,8.2113e-06,-3.27449e-09,-3.27449e-09,-3.27449e-09,-3.27449e-09,0.0,0.0002
1.88,33294.1,-33294.1,-33294.1,-33294.1,8.29024e-06,-5.90151e-08,8.2113e-06,-3.27449e-09,-3.27449e-09,-3.27449e-09,-3.27449e-09,0.0,0.0002
1.885,33294.1,-33294.1,-33294.1,-33294.1,8.29024e-06,-5.90151e-08,8.2113e-06,-3.27449e-09,-3.27449e-09,-3.27449e-09,-3.27449e-09,0.0,0.0002
1.89,33294.1,-33294.1,-33294.1,-33294.1,8.29024e-06,-5.90151e-08,8.2113e-06,-3.27449e-09,-3.27449e-09,-3.27449e-09,-3.27449e-09,0.0,0.0002
1.895,33294.1,-33294.1,-33294.1,-33294.1,8.29024e-06,-5.90151e-08,8.2113e-06,-3.27449e-09,-3.27449e-09,-3.27449e-09,-3.27449e-09,0.0,0.0002
1.9,33294.1,-33294.1,-33294.1,-33294.1,8.29024e-06,-5.90151e-08,8.2113e-06,-3.27449e-09,-3.27449e-09,-3.27449e-09,-3.27449e-09,0.0,0.0002
1.905,33294.1,-33294.1,-33294.1,-33294.1,8.29024e-06,-5.90151e-08,8.2113e-06,-3.27449e-09,-3.27449e-09,-3.27449e-09,-3.27449e-09,0.0,0.0002
1.91,33294.1,-33294.1,-33294.1,-33294.1,8.29024e-06,-5.90151e-08,8.2113e-06,-3.27449e-09,-3.27449e-09,-3.27449e-09,-3.27449e-09,0.0,0.0002
1.915,33294.1,-33294.1,-33294.1,-33294.1,8.29024e-06,-5.90151e-08,8.2113e-06,-3.27449e-09,-3.27449e-09,-3.27449e-09,-3.27449e-09,0.0,0.0002
1.92,33294.1,-33294.1,-33294.1,-33294.1,8.29024e-06,-5.90151e-08,8.2113e-06,-3.27449e-09,-3.27449e-09,-3.27449e-09,-3.27449e-09,0.0,0.0002
1.925,33294.1,-33294.1,-33294.1,-33294.1,8.29024e-06,-5.90151e-08,8.2113e-06,-3.27449e-09,-3.27449e-09,-3.27449e-09,-3.27449e-09,0.0,0.0002
1.93,33294.1,-33294.1,-33294.1,-33294.1,8.29024e-06,-5.90151e-08,8.2113e-06,-3.27449e-09,-3.27449e-09,-3.27449e-09,-3.27449e-09,0.0,0.0002
1.935,33294.1,-33294.1,-33294.1,-33294.1,8.29024e-06,-5.90151e-08,8.2113e-06,-3.27449e-09,-3.27449e-09,-3.27449e-09,-3.27449e-09,0.0,0.0002
1.94,33294.1,-33294.1,-33294.1,-33294.1,8.29024e-06,-5.90151e-08,8.2113e-06,-3.27449e-09,-3.27449e-09,-3.27449e-09,-3.27449e-09,0.0,0.0002
1.945,33294.1,-33294.1,-33294.1,-33294.1,8.29024e-06,-5.90151e-08,8.2113e-06,-3.27449e-09,-3.27449e-09,-3.27449e-09,-3.27449e-09,0.0,0.0002
1.95,33294.1,-33294.1,-33294.1,-33294.1,8.29024e-06,-5.90151e-08,8.2113e-06,-3.27449e-09,-3.27449e-09,-3.27449e-09,-3.27449e-09,0.0,0.0002
1.955,33294.1,-33294.1,-33294.1,-33294.1,8.29024e-06,-5.90151e-08,8.2113e-06,-3.27449e-09,-3.27449e-09,-3.27449e-09,-3.27449e-09,0.0,0.0002
1.96,33294.1,-33294.1,-33294.1,-33294.1,8.29024e-06,-5.90151e-08,8.2113e-06,-3.27449e-09,-3.27449e-09,-3.27449e-09,-3.27449e-09,0.0,0.0002
1.965,33294.1,-33294.1,-33294.1,-33294.1,8.29024e-06,-5.90151e-08,8.2113e-06,-3.27449e-09,-3.27449e-09,-3.27449e-09,-3.27449e-09,0.0,0.0002
1.97,33294.1,-33294.1,-33294.1,-33294.1,8.29024e-06,-5.90151e-08,8.2113e-06,-3.27449e-09,-3.27449e-09,-3.27449e-09,-3.27449e-09,0.0,0.0002
1.975,33294.1,-33294.1,-33294.1,-33294.1,8.29024e-06,-5.90151e-08,8.2113e-06,-3.27449e-09,-3.27449e-09,-3.27449e-09,-3.27449e-09,0.0,0.0002
1.98,33294.1,-33294.1,-33294.1,-33294.1,8.29024e-06,-5.90151e-08,8.2113e-06,-3.27449e-09,-3.27449e-09,-3.27449e-09,-3.27449e-09,0.0,0.0002
1.985,33294.1,-33294.1,-33294.1,-33294.1,8.29024e-06,-5.90151e-08,8.2113e-06,-3.27449e-09,-3.27449e-09,-3.27449e-09,-3.27449e-09,0.0,0.0002
1.99,33294.1,-33294.1,-33294.1,-33294.1,8.29024e-06,-5.90151e-08,8.2113e-06,-3.27449e-09,-3.27449e-09,-3.27449e-09,-3.27449e-09,0.0,0.0002
1.995,33294.1,-33294.1,-33294.1,-33294.1,8.29024e-06,-5.90151e-08,8.2113e-06,-3.27449e-09,-3.27449e-09,-3.27449e-09,-3.27449e-09,0.0,0.0002
2.0,33294.1,-33294.1,-33294.1,-33294.1,8.29024e-06,-5.90151e-08,8.2113e-06,-3.27449e-09,-3.27449e-09,-3.27449e-09,-3.27449e-09,0.0,0.0002
2.005,33294.1,-33294.1,-33294.1,-33294.1,8.29024e-06,-5.90151e-08,8.2113e-06,-3.27449e-09,-3.27449e-09,-3.27449e-09,-3.27449e-09,0.0,0.0002
2.01,33294.1,-33294.1,-33294.1,-33294.1,8.29024e-06,-5.90151e-08,8.2113e-06,-3.27449e-09,-3.27449e-09,-3.27449e-09,-3.27449e-09,0.0,0.0002
2.015,33294.1,-33294.1,-33294.1,-33294.1,8.29024e-06,-5.90151e-08,8.2113e-06,-3.27449e-09,-3.27449e-09,-3.27449e-09,-3.27449e-09,0.0,0.0002
2.02,33294.1,-33294.1,-33294.1,-33294.1,8.29024e-06,-5.90151e-08,8.2113e-06,-3.27449e-09,-3.27449e-09,-3.27449e-09,-3.27449e-09,0.0,0.0002
2.025,33294.1,-33294.1,-33294.1,-33294.1,8.29024e-06,-5.90151e-08,8.2113e-06,-3.27449e-09,-3.27449e-09,-3.27449e-09,-3.27449e-09,0.0,0.0002
2.03,33294.1,-33294.1,-33294.1,-33294.1,8.29024e-06,-5.90151e-08,8.2113e-06,-3.27449e-09,-3.27449e-09,-3.27449e-09,-3.27449e-09,0.0,0.0002
2.035,33294.1,-33294.1,-33294.1,-33294.1,8.29024e-06,-5.90151e-08,8.2113e-06,-3.27449e-09,-3.27449e-09,-3.27449e-09,-3.27449e-09,0.0,0.0002
2.04,33294.1,-33294.1,-33294.1,-33294.1,8.29024e-06,-5.90151e-08,8.2113e-06,-3.27449e-09,-3.27449e-09,-3.27449e-09,-3.27449e-09,0.0,0.0002
2.045,33294.1,-33294.1,-33294.1,-33294.1,8.29024e-06,-5.90151e-08,8.2113e-06,-3.27449e-09,-3.27449e-09,-3.27449e-09,-3.27449e-09,0.0,0.0002
2.05,33294.1,-33294.1,-33294.1,-33294.1,8.29024e-06,-5.90151e-08,8.2113e-06,-3.27449e-09,-3.27449e-09,-3.27449e-09,-3.27449e-09,0.0,0.0002
2.055,33294.1,-33294.1,-33294.1,-33294.1,8.29024e-06,-5.90151e-08,8.2113e-06,-3.27449e-09,-3.27449e-09,-3.27449e-09,-3.27449e-09,0.0,0.0002
2.06,33294.1,-33294.1,-33294.1,-33294.1,8.29024e-06,-5.90151e-08,8.2113e-06,-3.27449e-09,-3.27449e-09,-3.27449e-09,-3.27449e-09,0.0,0.0002
2.065,33294.1,-33294.1,-33294.1,-33294.1,8.29024e-06,-5.90151e-08,8.2113e-06,-3.27449e-09,-3.27449e-09,-3.27449e-09,-3.27449e-09,0.0,0.0002
2.07,33294.1,-33294.1,-33294.1,-33294.1,8.29024e-06,-5.90151e-08,8.2113e-06,-3.27449e-09,-3.27449e-09,-3.27449e-09,-3.27449e-09,0.0,0.0002
2.075,33294.1,-33294.1,-33294.1,-33294.1,8.29024e-06,-5.90151e-08,8.2113e-06,-3.27449e-09,-3.27449e-09,-3.27449e-09,-3.27449e-09,0.0,0.0002
2.08,33294.1,-33294.1,-33294.1,-33294.1,8.29024e-06,-5.90151e-08,8.2113e-06,-3.27449e-09,-3.27449e-09,-3.27449e-09,-3.27449e-09,0.0,0.0002
2.085,33294.1,-33294.1,-33294.1,-33294.1,8.29024e-06,-5.90151e-08,8.2113e-06,-3.27449e-09,-3.27449e-09,-3.27449e-09,-3.27449e-09,0.0,0.0002
2.09,33294.1,-33294.1,-33294.1,-33294.1,8.29024e-06,-5.90151e-08,8.2113e-06,-3.27449e-09,-3.27449e-09,-3.27449e-09,-3.27449e-09,0.0,0.0002
2.095,33294.1,-33294.1,-33294.1,-33294.1,8.29024e-06,-5.90151e-08,8.2113e-06,-3.27449e-09,-3.27449e-09,-3.27449e-09,-3.27449e-09,0.0,0.0002
2.1,33294.1,-33294.1,-33294.1,-33294.1,8.29024e-06,-5.90151e-08,8.2113e-06,-3.27449e-09,-3.27449e-09,-3.27449e-09,-3.27449e-09,0.0,0.0002
2.105,33294.1,-33294.1,-33294.1,-33294.1,8.29024e-06,-5.90151e-08,8.2113e-06,-3.27449e-09,-3.27449e-09,-3.27449e-09,-3.27449e-09,0.0,0.0002
2.11,33294.1,-33294.1,-33294.1,-33294.1,8.29024e-06,-5.90151e-08,8.2113e-06,-3.27449e-09,-3.27449e-09,-3.27449e-09,-3.27449e-09,0.0,0.0002
2.115,33294.1,-33294.1,-33294.1,-33294.1,8.29024e-06,-5.90151e-08,8.2113e-06,-3.27449e-09,-3.27449e-09,-3.27449e-09,-3.27449e-09,0.0,0.0002
2.12,33294.1,-33294.1,-33294.1,-33294.1,8.29024e-06,-5.90151e-08,8.2113e-06,-3.27449e-09,-3.27449e-09,-3.27449e-09,-3.27449e-09,0.0,0.0002
2.125,33294.1,-33294.1,-33294.1,-33294.1,8.29024e-06,-5.90151e-08,8.2113e-06,-3.27449e-09,-3.27449e-09,-3.27449e-09,-3.27449e-09,0.0,0.0002
2.13,33294.1,-33294.1,-33294.1,-33294.1,8.29024e-06,-5.90151e-08,8.2113e-06,-3.27449e-09,-3.27449e-09,-3.27449e-09,-3.27449e-09,0.0,0.0002
2.135,33294.1,-33294.1,-33294.1,-33294.1,8.29024e-06,-5.90151e-08,8.2113e-06,-3.27449e-09,-3.27449e-09,-3.27449e-09,-3.27449e-09,0.0,0.0002
2.14,33294.1,-33294.1,-33294.1,-33294.1,8.29024e-06,-5.90151e-08,8.2113e-06,-3.27449e-09,-3.27449e-09,-3.27449e-09,-3.27449e-09,0.0,0.0002
2.145,33294.1,-33294.1,-33294.1,-33294.1,8.29024e-06,-5.90151e-08,8.2113e-06,-3.27449e-09,-3.27449e-09,-3.27449e-09,-3.27449e-09,0.0,0.0002
2.15,33294.1,-33294.1,-33294.1,-33294.1,8.29024e-06,-5.90151e-08,8.2113e-06,-3.27449e-09,-3.27449e-09,-3.27449e-09,-3.27449e-09,0.0,0.0002
2.155,33294.1,-33294.1,-33294.1,-33294.1,8.29024e-06,-5.90151e-08,8.2113e-06,-3.27449e-09,-3.27449e-09,-3.27449e-09,-3.27449e-09,0.0,0.0002
2.16,33294.1,-33294.1,-33294.1,-33294.1,8.29024e-06,-5.90151e-08,8.2113e-06,-3.27449e-09,-3.27449e-09,-3.27449e-09,-3.27449e-09,0.0,0.0002
2.165,33294.1,-33294.1,-33294.1,-33294.1,8.29024e-06,-5.90151e-08,8.2113e-06,-3.27449e-09,-3.27449e-09,-3.27449e-09,-3.27449e-09,0.0,0.0002
2.17,33294.1,-33294.1,-33294.1,-33294.1,8.29024e-06,-5.90151e-08,8.2113e-06,-3.27449e-09,-3.27449e-09,-3.27449e-09,-3.27449e-09,0.0,0.0002
2.175,33294.1,-33294.1,-33294.1,-33294.1,8.29024e-06,-5.90151e-08,8.2113e-06,-3.27449e-09,-3.27449e-09,-3.27449e-09,-3.27449e-09,0.0,0.0002
2.18,33294.1,-33294.1,-33294.1,-33294.1,8.29024e-06,-5.90151e-08,8.2113e-06,-3.27449e-09,-3.27449e-09,-3.27449e-09,-3.27449e-09,0.0,0.0002
2.185,33294.1,-33294.1,-33294.1,-33294.1,8.29024e-06,-5.90151e-08,8.2113e-06,-3.27449e-09,-3.27449e-09,-3.27449e-09,-3.27449e-09,0.0,0.0002
2.19,33294.1,-33294.1,-33294.1,-33294.1,8.29024e-06,-5.90151e-08,8.2113e-06,-3.27449e-09,-3.27449e-09,-3.27449e-09,-3.27449e-09,0.0,0.0002
2.195,33294.1,-33294.1,-33294.1,-33294.1,8.29024e-06,-5.90151e-08,8.2113e-06,-3.27449e-09,-3.27449e-09,-3.27449e-09,-3.27449e-09,0.0,0.0002
2.2,33294.1,-33294.1,-33294.1,-33294.1,8.29024e-06,-5.90151e-08,8.2113e-06,-3.27449e-09,-3.27449e-09,-3.27449e-09,-3.27449e-09,0.0,0.0002
2.205,33294.1,-33294.1,-33294.1,-33294.1,8.29024e-06,-5.90151e-08,8.2113e-06,-3.27449e-09,-3.27449e-09,-3.27449e-09,-3.27449e-09,0.0,0.0002
2.21,33294.1,-33294.1,-33294.1,-33294.1,8.29024e-06,-5.90151e-08,8.2113e-06,-3.27449e-09,-3.27449e-09,-3.27449e-09,-3.27449e-09,0.0,0.0002
2.215,33294.1,-33294.1,-33294.1,-33294.1,8.29024e-06,-5.90151e-08,8.2113e-06,-3.27449e-09,-3.27449e-09,-3.27449e-09,-3.27449e-09,0.0,0.0002
2.22,33294.1,-33294.1,-33294.1,-33294.1,8.29024e-06,-5.90151e-08,8.2113e-06,-3.27449e-09,-3.27449e-09,-3.27449e-09,-3.27449e-09,0.0,0.0002
2.225,33294.1,-33294.1,-33294.1,-33294.1,8.29024e-06,-5.90151e-08,8.2113e-06,-3.27449e-09,-3.27449e-09,-3.27449e-09,-3.27449e-09,0.0,0.0002
2.23,33294.1,-33294.1,-33294.1,-33294.1,8.29024e-06,-5.90151e-08,8.2113e-06,-3.27449e-09,-3.27449e-09,-3.27449e-09,-3.27449e-09,0.0,0.0002
2.235,33294.1,-33294.1,-33294.1,-33294.1,8.29024e-06,-5.90151e-08,8.2113e-06,-3.27449e-09,-3.27449e-09,-3.27449e-09,-3.27449e-09,0.0,0.0002
2.24,33294.1,-33294.1,-33294.1,-33294.1,8.29024e-06,-5.90151e-08,8.2113e-06,-3.27449e-09,-3.27449e-09,-3.27449e-09,-3.27449e-09,0.0,0.0002
2.245,33294.1,-33294.1,-33294.1,-33294.1,8.29024e-06,-5.90151e-08,8.2113e-06,-3.27449e-09,-3.27449e-09,-3.27449e-09,-3.27449e-09,0.0,0.0002
2.25,33294.1,-33294.1,-33294.1,-33294.1,8.29024e-06,-5.90151e-08,8.2113e-06,-3.27449e-09,-3.27449e-09,-3.27449e-09,-3.27449e-09,0.0,0.0002
2.255,33294.1,-33294.1,-33294.1,-33294.1,8.29024e-06,-5.90151e-08,8.2113e-06,-3.27449e-09,-3.27449e-09,-3.27449e-09,-3.27449e-09,0.0,0.0002
2.26,33294.1,-33294.1,-33294.1,-33294.1,8.29024e-06,-5.90151e-08,8.2113e-06,-3.27449e-09,-3.27449e-09,-3.27449e-09,-3.27449e-09,0.0,0.0002
2.265,33294.1,-33294.1,-33294.1,-33294.1,8.29024e-06,-5.90151e-08,8.2113e-06,-3.27449e-09,-3.27449e-09,-3.27449e-09,-3.27449e-09,0.0,0.0002
2.27,33294.1,-33294.1,-33294.1,-33294.1,8.29024e-06,-5.90151e-08,8.2113e-06,-3.27449e-09,-3.27449e-09,-3.27449e-09,-3.27449e-09,0.0,0.0002
2.275,33294.1,-33294.1,-33294.1,-33294.1,8.29024e-06,-5.90151e-08,8.2113e-06,-3.27449e-09,-3.27449e-09,-3.27449e-09,-3.27449e-09,0.0,0.0002
2.28,33294.1,-33294.1,-33294.1,-33294.1,8.29024e-06,-5.90151e-08,8.2113e-06,-3.27449e-09,-3.27449e-09,-3.27449e-09,-3.27449e-09,0.0,0.0002
2.285,33294.1,-33294.1,-33294.1,-33294.1,8.29024e-06,-5.90151e-08,8.2113e-06,-3.27449e-09,-3.27449e-09,-3.27449e-09,-3.27449e-09,0.0,0.0002
2.29,33294.1,-33294.1,-33294.1,-33294.1,8.29024e-06,-5.90151e-08,8.2113e-06,-3.27449e-09,-3.27449e-09,-3.27449e-09,-3.27449e-09,0.0,0.0002
2.295,33294.1,-33294.1,-33294.1,-33294.1,8.29024e-06,-5.90151e-08,8.2113e-06,-3.27449e-09,-3.27449e-09,-3.27449e-09,-3.27449e-09,0.0,0.0002
2.3,33294.1,-33294.1,-33294.1,-33294.1,8.29024e-06,-5.90151e-08,8.2113e-06,-3.27449e-09,-3.27449e-09,-3.27449e-09,-3.27449e-09,0.0,0.0002
2.305,33294.1,-33294.1,-33294.1,-33294.1,8.29024e-06,-5.90151e-08,8.2113e-06,-3.27449e-09,-3.27449e-09,-3.27449e-09,-3.27449e-09,0.0,0.0002
2.31,33294.1,-33294.1,-33294.1,-33294.1,8.29024e-06,-5.90151e-08,8.2113e-06,-3.27449e-09,-3.27449e-09,-3.27449e-09,-3.27449e-09,0.0,0.0002
2.315,33294.1,-33294.1,-33294.1,-33294.1,8.29024e-06,-5.90151e-08,8.2113e-06,-3.27449e-09,-3.27449e-09,-3.27449e-09,-3.27449e-09,0.0,0.0002
2.32,33294.1,-33294.1,-33294.1,-33294.1,8.29024e-06,-5.90151e-08,8.2113e-06,-3.27449e-09,-3.27449e-09,-3.27449e-09,-3.27449e-09,0.0,0.0002
2.325,33294.1,-33294.1,-33294.1,-33294.1,8.29024e-06,-5.90151e-08,8.2113e-06,-3.27449e-09,-3.27449e-09,-3.27449e-09,-3.27449e-09,0.0,0.0002
2.33,33294.1,-33294.1,-33294.1,-33294.1,8.29024e-06,-5.90151e-08,8.2113e-06,-3.27449e-09,-3.27449e-09,-3.27449e-09,-3.27449e-09,0.0,0.0002
2.335,33294.1,-33294.1,-33294.1,-33294.1,8.29024e-06,-5.90151e-08,8.2113e-06,-3.27449e-09,-3.27449e-09,-3.27449e-09,-3.27449e-09,0.0,0.0002
2.34,33294.1,-33294.1,-33294.1,-33294.1,8.29024e-06,-5.90151e-08,8.2113e-06,-3.27449e-09,-3.27449e-09,-3.27449e-09,-3.27449e-09,0.0,0.0002
2.345,33294.1,-33294.1,-33294.1,-33294.1,8.29024e-06,-5.90151e-08,8.2113e-06,-3.27449e-09,-3.27449e-09,-3.27449e-09,-3.27449e-09,0.0,0.0002
2.35,33294.1,-33294.1,-33294.1,-33294.1,8.29024e-06,-5.90151e-08,8.2113e-06,-3.27449e-09,-3.27449e-09,-3.27449e-09,-3.27449e-09,0.0,0.0002
2.355,33294.1,-33294.1,-33294.1,-33294.1,8.29024e-06,-5.90151e-08,8.2113e-06,-3.27449e-09,-3.27449e-09,-3.27449e-09,-3.27449e-09,0.0,0.0002
2.36,33294.1,-33294.1,-33294.1,-33294.1,8.29024e-06,-5.90151e-08,8.2113e-06,-3.27449e-09,-3.27449e-09,-3.27449e-09,-3.27449e-09,0.0,0.0002
2.365,33294.1,-33294.1,-33294.1,-33294.1,8.29024e-06,-5.90151e-08,8.2113e-06,-3.27449e-09,-3.27449e-09,-3.27449e-09,-3.27449e-09,0.0,0.0002
2.37,33294.1,-33294.1,-33294.1,-33294.1,8.29024e-06,-5.90151e-08,8.2113e-06,-3.27449e-09,-3.27449e-09,-3.27449e-09,-3.27449e-09,0.0,0.0002
2.375,33294.1,-33294.1,-33294.1,-33294.1,8.29024e-06,-5.90151e-08,8.2113e-06,-3.27449e-09,-3.27449e-09,-3.27449e-09,-3.27449e-09,0.0,0.0002
2.38,33294.1,-33294.1,-33294.1,-33294.1,8.29024e-06,-5.90151e-08,8.2113e-06,-3.27449e-09,-3.27449e-09,-3.27449e-09,-3.27449e-09,0.0,0.0002
2.385,33294.1,-33294.1,-33294.1,-33294.1,8.29024e-06,-5.90151e-08,8.2113e-06,-3.27449e-09,-3.27449e-09,-3.27449e-09,-3.27449e-09,0.0,0.0002
2.39,33294.1,-33294.1,-33294.1,-33294.1,8.29024e-06,-5.90151e-08,8.2113e-06,-3.27449e-09,-3.27449e-09,-3.27449e-09,-3.27449e-09,0.0,0.0002
2.395,33294.1,-33294.1,-33294.1,-33294.1,8.29024e-06,-5.90151e-08,8.2113e-06,-3.27449e-09,-3.27449e-09,-3.27449e-09,-3.27449e-09,0.0,0.0002
2.4,33294.1,-33294.1,-33294.1,-33294.1,8.29024e-06,-5.90151e-08,8.2113e-06,-3.27449e-09,-3.27449e-09,-3.27449e-09,-3.27449e-09,0.0,0.0002
2.405,33294.1,-33294.1,-33294.1,-33294.1,8.29024e-06,-5.90151e-08,8.2113e-06,-3.27449e-09,-3.27449e-09,-3.27449e-09,-3.27449e-09,0.0,0.0002
2.41,33294.1,-33294.1,-33294.1,-33294.1,8.29024e-06,-5.90151e-08,8.2113e-06,-3.27449e-09,-3.27449e-09,-3.27449e-09,-3.27449e-09,0.0,0.0002
2.415,33294.1,-33294.1,-33294.1,-33294.1,8.29024e-06,-5.90151e-08,8.2113e-06,-3.27449e-09,-3.27449e-09,-3.27449e-09,-3.27449e-09,0.0,0.0002
2.42,33294.1,-33294.1,-33294.1,-33294.1,8.29024e-06,-5.90151e-08,8.2113e-06,-3.27449e-09,-3.27449e-09,-3.27449e-09,-3.27449e-09,0.0,0.0002
2.425,33294.1,-33294.1,-33294.1,-33294.1,8.29024e-06,-5.90151e-08,8.2113e-06,-3.27449e-09,-3.27449e-09,-3.27449e-09,-3.27449e-09,0.0,0.0002
2.43,33294.1,-33294.1,-33294.1,-33294.1,8.29024e-06,-5.90151e-08,8.2113e-06,-3.27449e-09,-3.27449e-09,-3.27449e-09,-3.27449e-09,0.0,0.0002
2.435,33294.1,-33294.1,-33294.1,-33294.1,8.29024e-06,-5.90151e-08,8.2113e-06,-3.27449e-09,-3.27449e-09,-3.27449e-09,-3.27449e-09,0.0,0.0002
2.44,33294.1,-33294.1,-33294.1,-33294.1,8.29024e-06,-5.90151e-08,8.2113e-06,-3.27449e-09,-3.27449e-09,-3.27449e-09,-3.27449e-09,0.0,0.0002
2.445,33294.1,-33294.1,-33294.1,-33294.1,8.29024e-06,-5.90151e-08,8.2113e-06,-3.27449e-09,-3.27449e-09,-3.27449e-09,-3.27449e-09,0.0,0.0002
2.45,33294.1,-33294.1,-33294.1,-33294.1,8.29024e-06,-5.90151e-08,8.2113e-06,-3.27449e-09,-3.27449e-09,-3.27449e-09,-3.27449e-09,0.0,0.0002
2.455,33294.1,-33294.1,-33294.1,-33294.1,8.29024e-06,-5.90151e-08,8.2113e-06,-3.27449e-09,-3.27449e-09,-3.27449e-09,-3.27449e-09,0.0,0.0002
2.46,33294.1,-33294.1,-33294.1,-33294.1,8.29024e-06,-5.90151e-08,8.2113e-06,-3.27449e-09,-3.27449e-09,-3.27449e-09,-3.27449e-09,0.0,0.0002
2.465,33294.1,-33294.1,-33294.1,-33294.1,8.29024e-06,-5.90151e-08,8.2113e-06,-3.27449e-09,-3.27449e-09,-3.27449e-09,-3.27449e-09,0.0,0.0002
2.47,33294.1,-33294.1,-33294.1,-33294.1,8.29024e-06,-5.90151e-08,8.2113e-06,-3.27449e-09,-3.27449e-09,-3.27449e-09,-3.27449e-09,0.0,0.0002
2.475,33294.1,-33294.1,-33294.1,-33294.1,8.29024e-06,-5.90151e-08,8.2113e-06,-3.27449e-09,-3.27449e-09,-3.27449e-09,-3.27449e-09,0.0,0.0002
2.48,33294.1,-33294.1,-33294.1,-33294.1,8.29024e-06,-5.90151e-08,8.2113e-06,-3.27449e-09,-3.27449e-09,-3.27449e-09,-3.27449e-09,0.0,0.0002
2.485,33294.1,-33294.1,-33294.1,-33294.1,8.29024e-06,-5.90151e-08,8.2113e-06,-3.27449e-09,-3.27449e-09,-3.27449e-09,-3.27449e-09,0.0,0.0002
2.49,33294.1,-33294.1,-33294.1,-33294.1,8.29024e-06,-5.90151e-08,8.2113e-06,-3.27449e-09,-3.27449e-09,-3.27449e-09,-3.27449e-09,0.0,0.0002
2.495,33294.1,-33294.1,-33294.1,-33294.1,8.29024e-06,-5.90151e-08,8.2113e-06,-3.27449e-09,-3.27449e-09,-3.27449e-09,-3.27449e-09,0.0,0.0002
2.5,33294.1,-33294.1,-33294.1,-33294.1,8.29024e-06,-5.90151e-08,8.2113e-06,-3.27449e-09,-3.27449e-09,-3.27449e-09,-3.27449e-09,0.0,0.0002
2.505,33294.1,-33294.1,-33294.1,-33294.1,8.29024e-06,-5.90151e-08,8.2113e-06,-3.27449e-09,-3.27449e-09,-3.27449e-09,-3.27449e-09,0.0,0.0002
2.51,33294.1,-33294.1,-33294.1,-33294.1,8.29024e-06,-5.90151e-08,8.2113e-06,-3.27449e-09,-3.27449e-09,-3.27449e-09,-3.27449e-09,0.0,0.0002
2.515,33294.1,-33294.1,-33294.1,-33294.1,8.29024e-06,-5.90151e-08,8.2113e-06,-3.27449e-09,-3.27449e-09,-3.27449e-09,-3.27449e-09,0.0,0.0002
2.52,33294.1,-33294.1,-33294.1,-33294.1,8.29024e-06,-5.90151e-08,8.2113e-06,-3.27449e-09,-3.27449e-09,-3.27449e-09,-3.27449e-09,0.0,0.0002
2.525,33294.1,-33294.1,-33294.1,-33294.1,8.29024e-06,-5.90151e-08,8.2113e-06,-3.27449e-09,-3.27449e-09,-3.27449e-09,-3.27449e-09,0.0,0.0002
2.53,33294.1,-33294.1,-33294.1,-33294.1,8.29024e-06,-5.90151e-08,8.2113e-06,-3.27449e-09,-3.27449e-09,-3.27449e-09,-3.27449e-09,0.0,0.0002
2.535,33294.1,-33294.1,-33294.1,-33294.1,8.29024e-06,-5.90151e-08,8.2113e-06,-3.27449e-09,-3.27449e-09,-3.27449e-09,-3.27449e-09,0.0,0.0002
2.54,33294.1,-33294.1,-33294.1,-33294.1,8.29024e-06,-5.90151e-08,8.2113e-06,-3.27449e-09,-3.27449e-09,-3.27449e-09,-3.27449e-09,0.0,0.0002
2.545,33294.1,-33294.1,-33294.1,-33294.1,8.29024e-06,-5.90151e-08,8.2113e-06,-3.27449e-09,-3.27449e-09,-3.27449e-09,-3.27449e-09,0.0,0.0002
2.55,33294.1,-33294.1,-33294.1,-33294.1,8.29024e-06,-5.90151e-08,8.2113e-06,-3.27449e-09,-3.27449e-09,-3.27449e-09,-3.27449e-09,0.0,0.0002
2.555,33294.1,-33294.1,-33294.1,-33294.1,8.29024e-06,-5.90151e-08,8.2113e-06,-3.27449e-09,-3.27449e-09,-3.27449e-09,-3.27449e-09,0.0,0.0002
2.56,33294.1,-33294.1,-33294.1,-33294.1,8.29024e-06,-5.90151e-08,8.2113e-06,-3.27449e-09,-3.27449e-09,-3.27449e-09,-3.27449e-09,0.0,0.0002
2.565,33294.1,-33294.1,-33294.1,-33294.1,8.29024e-06,-5.90151e-08,8.2113e-06,-3.27449e-09,-3.27449e-09,-3.27449e-09,-3.27449e-09,0.0,0.0002
2.57,33294.1,-33294.1,-33294.1,-33294.1,8.29024e-06,-5.90151e-08,8.2113e-06,-3.27449e-09,-3.27449e-09,-3.27449e-09,-3.27449e-09,0.0,0.0002
2.575,33294.1,-33294.1,-33294.1,-33294.1,8.29024e-06,-5.90151e-08,8.2113e-06,-3.27449e-09,-3.27449e-09,-3.27449e-09,-3.27449e-09,0.0,0.0002
2.58,33294.1,-33294.1,-33294.1,-33294.1,8.29024e-06,-5.90151e-08,8.2113e-06,-3.27449e-09,-3.27449e-09,-3.27449e-09,-3.27449e-09,0.0,0.0002
2.585,33294.1,-33294.1,-33294.1,-33294.1,8.29024e-06,-5.90151e-08,8.2113e-06,-3.27449e-09,-3.27449e-09,-3.27449e-09,-3.27449e-09,0.0,0.0002
2.59,33294.1,-33294.1,-33294.1,-33294.1,8.29024e-06,-5.90151e-08,8.2113e-06,-3.27449e-09,-3.27449e-09,-3.27449e-09,-3.27449e-09,0.0,0.0002
2.595,33294.1,-33294.1,-33294.1,-33294.1,8.29024e-06,-5.90151e-08,8.2113e-06,-3.27449e-09,-3.27449e-09,-3.27449e-09,-3.27449e-09,0.0,0.0002
2.6,33294.1,-33294.1,-33294.1,-33294.1,8.29024e-06,-5.90151e-08,8.2113e-06,-3.27449e-09,-3.27449e-09,-3.27449e-09,-3.27449e-09,0.0,0.0002
2.605,33294.1,-33294.1,-33294.1,-33294.1,8.29024e-06,-5.90151e-08,8.2113e-06,-3.27449e-09,-3.27449e-09,-3.27449e-09,-3.27449e-09,0.0,0.0002
2.61,33294.1,-33294.1,-33294.1,-33294.1,8.29024e-06,-5.90151e-08,8.2113e-06,-3.27449e-09,-3.27449e-09,-3.27449e-09,-3.27449e-09,0.0,0.0002
2.615,33294.1,-33294.1,-33294.1,-33294.1,8.29024e-06,-5.90151e-08,8.2113e-06,-3.27449e-09,-3.27449e-09,-3.27449e-09,-3.27449e-09,0.0,0.0002
2.62,33294.1,-33294.1,-33294.1,-33294.1,8.29024e-06,-5.90151e-08,8.2113e-06,-3.27449e-09,-3.27449e-09,-3.27449e-09,-3.27449e-09,0.0,0.0002
2.625,33294.1,-33294.1,-33294.1,-33294.1,8.29024e-06,-5.90151e-08,8.2113e-06,-3.27449e-09,-3.27449e-09,-3.27449e-09,-3.27449e-09,0.0,0.0002
2.63,33294.1,-33294.1,-33294.1,-33294.1,8.29024e-06,-5.90151e-08,8.2113e-06,-3.27449e-09,-3.27449e-09,-3.27449e-09,-3.27449e-09,0.0,0.0002
2.635,33294.1,-33294.1,-33294.1,-33294.1,8.29024e-06,-5.90151e-08,8.2113e-06,-3.27449e-09,-3.27449e-09,-3.27449e-09,-3.27449e-09,0.0,0.0002
2.64,33294.1,-33294.1,-33294.1,-33294.1,8.29024e-06,-5.90151e-08,8.2113e-06,-3.27449e-09,-3.27449e-09,-3.27449e-09,-3.27449e-09,0.0,0.0002
2.645,33294.1,-33294.1,-33294.1,-33294.1,8.29024e-06,-5.90151e-08,8.2113e-06,-3.27449e-09,-3.27449e-09,-3.27449e-09,-3.27449e-09,0.0,0.0002
2.65,33294.1,-33294.1,-33294.1,-33294.1,8.29024e-06,-5.90151e-08,8.2113e-06,-3.27449e-09,-3.27449e-09,-3.27449e-09,-3.27449e-09,0.0,0.0002
2.655,33294.1,-33294.1,-33294.1,-33294.1,8.29024e-06,-5.90151e-08,8.2113e-06,-3.27449e-09,-3.27449e-09,-3.27449e-09,-3.27449e-09,0.0,0.0002
2.66,33294.1,-33294.1,-33294.1,-33294.1,8.29024e-06,-5.90151e-08,8.2113e-06,-3.27449e-09,-3.27449e-09,-3.27449e-09,-3.27449e-09,0.0,0.0002
2.665,33294.1,-33294.1,-33294.1,-33294.1,8.29024e-06,-5.90151e-08,8.2113e-06,-3.27449e-09,-3.27449e-09,-3.27449e-09,-3.27449e-09,0.0,0.0002
2.67,33294.1,-33294.1,-33294.1,-33294.1,8.29024e-06,-5.90151e-08,8.2113e-06,-3.27449e-09,-3.27449e-09,-3.27449e-09,-3.27449e-09,0.0,0.0002
2.675,33294.1,-33294.1,-33294.1,-33294.1,8.29024e-06,-5.90151e-08,8.2113e-06,-3.27449e-09,-3.27449e-09,-3.27449e-09,-3.27449e-09,0.0,0.0002
2.68,33294.1,-33294.1,-33294.1,-33294.1,8.29024e-06,-5.90151e-08,8.2113e-06,-3.27449e-09,-3.27449e-09,-3.27449e-09,-3.27449e-09,0.0,0.0002
2.685,33294.1,-33294.1,-33294.1,-33294.1,8.29024e-06,-5.90151e-08,8.2113e-06,-3.27449e-09,-3.27449e-09,-3.27449e-09,-3.27449e-09,0.0,0.0002
2.69,33294.1,-33294.1,-33294.1,-33294.1,8.29024e-06,-5.90151e-08,8.2113e-06,-3.27449e-09,-3.27449e-09,-3.27449e-09,-3.27449e-09,0.0,0.0002
2.695,33294.1,-33294.1,-33294.1,-33294.1,8.29024e-06,-5.90151e-08,8.2113e-06,-3.27449e-09,-3.27449e-09,-3.27449e-09,-3.27449e-09,0.0,0.0002
2.7,33294.1,-33294.1,-33294.1,-33294.1,8.29024e-06,-5.90151e-08,8.2113e-06,-3.27449e-09,-3.27449e-09,-3.27449e-09,-3.27449e-09,0.0,0.0002
2.705,33294.1,-33294.1,-33294.1,-33294.1,8.29024e-06,-5.90151e-08,8.2113e-06,-3.27449e-09,-3.27449e-09,-3.27449e-09,-3.27449e-09,0.0,0.0002
2.71,33294.1,-33294.1,-33294.1,-33294.1,8.29024e-06,-5.90151e-08,8.2113e-06,-3.27449e-09,-3.27449e-09,-3.27449e-09,-3.27449e-09,0.0,0.0002
2.715,33294.1,-33294.1,-33294.1,-33294.1,8.29024e-06,-5.90151e-08,8.2113e-06,-3.27449e-09,-3.27449e-09,-3.27449e-09,-3.27449e-09,0.0,0.0002
2.72,33294.1,-33294.1,-33294.1,-33294.1,8.29024e-06,-5.90151e-08,8.2113e-06,-3.27449e-09,-3.27449e-09,-3.27449e-09,-3.27449e-09,0.0,0.0002
2.725,33294.1,-33294.1,-33294.1,-33294.1,8.29024e-06,-5.90151e-08,8.2113e-06,-3.27449e-09,-3.27449e-09,-3.27449e-09,-3.27449e-09,0.0,0.0002
2.73,33294.1,-33294.1,-33294.1,-33294.1,8.29024e-06,-5.90151e-08,8.2113e-06,-3.27449e-09,-3.27449e-09,-3.27449e-09,-3.27449e-09,0.0,0.0002
2.735,33294.1,-33294.1,-33294.1,-33294.1,8.29024e-06,-5.90151e-08,8.2113e-06,-3.27449e-09,-3.27449e-09,-3.27449e-09,-3.27449e-09,0.0,0.0002
2.74,33294.1,-33294.1,-33294.1,-33294.1,8.29024e-06,-5.90151e-08,8.2113e-06,-3.27449e-09,-3.27449e-09,-3.27449e-09,-3.27449e-09,0.0,0.0002
2.745,33294.1,-33294.1,-33294.1,-33294.1,8.29024e-06,-5.90151e-08,8.2113e-06,-3.27449e-09,-3.27449e-09,-3.27449e-09,-3.27449e-09,0.0,0.0002
2.75,33294.1,-33294.1,-33294.1,-33294.1,8.29024e-06,-5.90151e-08,8.2113e-06,-3.27449e-09,-3.27449e-09,-3.27449e-09,-3.27449e-09,0.0,0.0002
2.755,33294.1,-33294.1,-33294.1,-33294.1,8.29024e-06,-5.90151e-08,8.2113e-06,-3.27449e-09,-3.27449e-09,-3.27449e-09,-3.27449e-09,0.0,0.0002
2.76,33294.1,-33294.1,-33294.1,-33294.1,8.29024e-06,-5.90151e-08,8.2113e-06,-3.27449e-09,-3.27449e-09,-3.27449e-09,-3.27449e-09,0.0,0.0002
2.765,33294.1,-33294.1,-33294.1,-33294.1,8.29024e-06,-5.90151e-08,8.2113e-06,-3.27449e-09,-3.27449e-09,-3.27449e-09,-3.27449e-09,0.0,0.0002
2.77,33294.1,-33294.1,-33294.1,-33294.1,8.29024e-06,-5.90151e-08,8.2113e-06,-3.27449e-09,-3.27449e-09,-3.27449e-09,-3.27449e-09,0.0,0.0002
2.775,33294.1,-33294.1,-33294.1,-33294.1,8.29024e-06,-5.90151e-08,8.2113e-06,-3.27449e-09,-3.27449e-09,-3.27449e-09,-3.27449e-09,0.0,0.0002
2.78,33294.1,-33294.1,-33294.1,-33294.1,8.29024e-06,-5.90151e-08,8.2113e-06,-3.27449e-09,-3.27449e-09,-3.27449e-09,-3.27449e-09,0.0,0.0002
2.785,33294.1,-33294.1,-33294.1,-33294.1,8.29024e-06,-5.90151e-08,8.2113e-06,-3.27449e-09,-3.27449e-09,-3.27449e-09,-3.27449e-09,0.0,0.0002
2.79,33294.1,-33294.1,-33294.1,-33294.1,8.29024e-06,-5.90151e-08,8.2113e-06,-3.27449e-09,-3.27449e-09,-3.27449e-09,-3.27449e-09,0.0,0.0002
2.795,33294.1,-33294.1,-33294.1,-33294.1,8.29024e-06,-5.90151e-08,8.2113e-06,-3.27449e-09,-3.27449e-09,-3.27449e-09,-3.27449e-09,0.0,0.0002
2.8,33294.1,-33294.1,-33294.1,-33294.1,8.29024e-06,-5.90151e-08,8.2113e-06,-3.27449e-09,-3.27449e-09,-3.27449e-09,-3.27449e-09,0.0,0.0002
2.805,33294.1,-33294.1,-33294.1,-33294.1,8.29024e-06,-5.90151e-08,8.2113e-06,-3.27449e-09,-3.27449e-09,-3.27449e-09,-3.27449e-09,0.0,0.0002
2.81,33294.1,-33294.1,-33294.1,-33294.1,8.29024e-06,-5.90151e-08,8.2113e-06,-3.27449e-09,-3.27449e-09,-3.27449e-09,-3.27449e-09,0.0,0.0002
2.815,33294.1,-33294.1,-33294.1,-33294.1,8.29024e-06,-5.90151e-08,8.2113e-06,-3.27449e-09,-3.27449e-09,-3.27449e-09,-3.27449e-09,0.0,0.0002
2.82,33294.1,-33294.1,-33294.1,-33294.1,8.29024e-06,-5.90151e-08,8.2113e-06,-3.27449e-09,-3.27449e-09,-3.27449e-09,-3.27449e-09,0.0,0.0002
2.825,33294.1,-33294.1,-33294.1,-33294.1,8.29024e-06,-5.90151e-08,8.2113e-06,-3.27449e-09,-3.27449e-09,-3.27449e-09,-3.27449e-09,0.0,0.0002
2.83,33294.1,-33294.1,-33294.1,-33294.1,8.29024e-06,-5.90151e-08,8.2113e-06,-3.27449e-09,-3.27449e-09,-3.27449e-09,-3.27449e-09,0.0,0.0002
2.835,33294.1,-33294.1,-33294.1,-33294.1,8.29024e-06,-5.90151e-08,8.2113e-06,-3.27449e-09,-3.27449e-09,-3.27449e-09,-3.27449e-09,0.0,0.0002
2.84,33294.1,-33294.1,-33294.1,-33294.1,8.29024e-06,-5.90151e-08,8.2113e-06,-3.27449e-09,-3.27449e-09,-3.27449e-09,-3.27449e-09,0.0,0.0002
2.845,33294.1,-33294.1,-33294.1,-33294.1,8.29024e-06,-5.90151e-08,8.2113e-06,-3.27449e-09,-3.27449e-09,-3.27449e-09,-3.27449e-09,0.0,0.0002
2.85,33294.1,-33294.1,-33294.1,-33294.1,8.29024e-06,-5.90151e-08,8.2113e-06,-3.27449e-09,-3.27449e-09,-3.27449e-09,-3.27449e-09,0.0,0.0002
2.855,33294.1,-33294.1,-33294.1,-33294.1,8.29024e-06,-5.90151e-08,8.2113e-06,-3.27449e-09,-3.27449e-09,-3.27449e-09,-3.27449e-09,0.0,0.0002
2.86,33294.1,-33294.1,-33294.1,-33294.1,8.29024e-06,-5.90151e-08,8.2113e-06,-3.27449e-09,-3.27449e-09,-3.27449e-09,-3.27449e-09,0.0,0.0002
2.865,33294.1,-33294.1,-33294.1,-33294.1,8.29024e-06,-5.90151e-08,8.2113e-06,-3.27449e-09,-3.27449e-09,-3.27449e-09,-3.27449e-09,0.0,0.0002
2.87,33294.1,-33294.1,-33294.1,-33294.1,8.29024e-06,-5.90151e-08,8.2113e-06,-3.27449e-09,-3.27449e-09,-3.27449e-09,-3.27449e-09,0.0,0.0002
2.875,33294.1,-33294.1,-33294.1,-33294.1,8.29024e-06,-5.90151e-08,8.2113e-06,-3.27449e-09,-3.27449e-09,-3.27449e-09,-3.27449e-09,0.0,0.0002
2.88,33294.1,-33294.1,-33294.1,-33294.1,8.29024e-06,-5.90151e-08,8.2113e-06,-3.27449e-09,-3.27449e-09,-3.27449e-09,-3.27449e-09,0.0,0.0002
2.885,33294.1,-33294.1,-33294.1,-33294.1,8.29024e-06,-5.90151e-08,8.2113e-06,-3.27449e-09,-3.27449e-09,-3.27449e-09,-3.27449e-09,0.0,0.0002
2.89,33294.1,-33294.1,-33294.1,-33294.1,8.29024e-06,-5.90151e-08,8.2113e-06,-3.27449e-09,-3.27449e-09,-3.27449e-09,-3.27449e-09,0.0,0.0002
2.895,33294.1,-33294.1,-33294.1,-33294.1,8.29024e-06,-5.90151e-08,8.2113e-06,-3.27449e-09,-3.27449e-09,-3.27449e-09,-3.27449e-09,0.0,0.0002
2.9,33294.1,-33294.1,-33294.1,-33294.1,8.29024e-06,-5.90151e-08,8.2113e-06,-3.27449e-09,-3.27449e-09,-3.27449e-09,-3.27449e-09,0.0,0.0002
2.905,33294.1,-33294.1,-33294.1,-33294.1,8.29024e-06,-5.90151e-08,8.2113e-06,-3.27449e-09,-3.27449e-09,-3.27449e-09,-3.27449e-09,0.0,0.0002
2.91,33294.1,-33294.1,-33294.1,-33294.1,8.29024e-06,-5.90151e-08,8.2113e-06,-3.27449e-09,-3.27449e-09,-3.27449e-09,-3.27449e-09,0.0,0.0002
2.915,33294.1,-33294.1,-33294.1,-33294.1,8.29024e-06,-5.90151e-08,8.2113e-06,-3.27449e-09,-3.27449e-09,-3.27449e-09,-3.27449e-09,0.0,0.0002
2.92,33294.1,-33294.1,-33294.1,-33294.1,8.29024e-06,-5.90151e-08,8.2113e-06,-3.27449e-09,-3.27449e-09,-3.27449e-09,-3.27449e-09,0.0,0.0002
2.925,33294.1,-33294.1,-33294.1,-33294.1,8.29024e-06,-5.90151e-08,8.2113e-06,-3.27449e-09,-3.27449e-09,-3.27449e-09,-3.27449e-09,0.0,0.0002
2.93,33294.1,-33294.1,-33294.1,-33294.1,8.29024e-06,-5.90151e-08,8.2113e-06,-3.27449e-09,-3.27449e-09,-3.27449e-09,-3.27449e-09,0.0,0.0002
2.935,33294.1,-33294.1,-33294.1,-33294.1,8.29024e-06,-5.90151e-08,8.2113e-06,-3.27449e-09,-3.27449e-09,-3.27449e-09,-3.27449e-09,0.0,0.0002
2.94,33294.1,-33294.1,-33294.1,-33294.1,8.29024e-06,-5.90151e-08,8.2113e-06,-3.27449e-09,-3.27449e-09,-3.27449e-09,-3.27449e-09,0.0,0.0002
2.945,33294.1,-33294.1,-33294.1,-33294.1,8.29024e-06,-5.90151e-08,8.2113e-06,-3.27449e-09,-3.27449e-09,-3.27449e-09,-3.27449e-09,0.0,0.0002
2.95,33294.1,-33294.1,-33294.1,-33294.1,8.29024e-06,-5.90151e-08,8.2113e-06,-3.27449e-09,-3.27449e-09,-3.27449e-09,-3.27449e-09,0.0,0.0002
2.955,33294.1,-33294.1,-33294.1,-33294.1,8.29024e-06,-5.90151e-08,8.2113e-06,-3.27449e-09,-3.27449e-09,-3.27449e-09,-3.27449e-09,0.0,0.0002
2.96,33294.1,-33294.1,-33294.1,-33294.1,8.29024e-06,-5.90151e-08,8.2113e-06,-3.27449e-09,-3.27449e-09,-3.27449e-09,-3.27449e-09,0.0,0.0002
2.965,33294.1,-33294.1,-33294.1,-33294.1,8.29024e-06,-5.90151e-08,8.2113e-06,-3.27449e-09,-3.27449e-09,-3.27449e-09,-3.27449e-09,0.0,0.0002
2.97,33294.1,-33294.1,-33294.1,-33294.1,8.29024e-06,-5.90151e-08,8.2113e-06,-3.27449e-09,-3.27449e-09,-3.27449e-09,-3.27449e-09,0.0,0.0002
2.975,33294.1,-33294.1,-33294.1,-33294.1,8.29024e-06,-5.90151e-08,8.2113e-06,-3.27449e-09,-3.27449e-09,-3.27449e-09,-3.27449e-09,0.0,0.0002
2.98,33294.1,-33294.1,-33294.1,-33294.1,8.29024e-06,-5.90151e-08,8.2113e-06,-3.27449e-09,-3.27449e-09,-3.27449e-09,-3.27449e-09,0.0,0.0002
2.985,33294.1,-33294.1,-33294.1,-33294.1,8.29024e-06,-5.90151e-08,8.2113e-06,-3.27449e-09,-3.27449e-09,-3.27449e-09,-3.27449e-09,0.0,0.0002
2.99,33294.1,-33294.1,-33294.1,-33294.1,8.29024e-06,-5.90151e-08,8.2113e-06,-3.27449e-09,-3.27449e-09,-3.27449e-09,-3.27449e-09,0.0,0.0002
2.995,33294.1,-33294.1,-33294.1,-33294.1,8.29024e-06,-5.90151e-08,8.2113e-06,-3.27449e-09,-3.27449e-09,-3.27449e-09,-3.27449e-09,0.0,0.0002
3.0,33294.1,-33294.1,-33294.1,-33294.1,8.29024e-06,-5.90151e-08,8.2113e-06,-3.27449e-09,-3.27449e-09,-3.27449e-09,-3.27449e-09,0.0,0.0002
3.005,33294.1,-33294.1,-33294.1,-33294.1,8.29024e-06,-5.90151e-08,8.2113e-06,-3.27449e-09,-3.27449e-09,-3.27449e-09,-3.27449e-09,0.0,0.0002
3.01,33294.1,-33294.1,-33294.1,-33294.1,8.29024e-06,-5.90151e-08,8.2113e-06,-3.27449e-09,-3.27449e-09,-3.27449e-09,-3.27449e-09,0.0,0.0002
3.015,33294.1,-33294.1,-33294.1,-33294.1,8.29024e-06,-5.90151e-08,8.2113e-06,-3.27449e-09,-3.27449e-09,-3.27449e-09,-3.27449e-09,0.0,0.0002
3.02,33294.1,-33294.1,-33294.1,-33294.1,8.29024e-06,-5.90151e-08,8.2113e-06,-3.27449e-09,-3.27449e-09,-3.27449e-09,-3.27449e-09,0.0,0.0002
3.025,33294.1,-33294.1,-33294.1,-33294.1,8.29024e-06,-5.90151e-08,8.2113e-06,-3.27449e-09,-3.27449e-09,-3.27449e-09,-3.27449e-09,0.0,0.0002
3.03,33294.1,-33294.1,-33294.1,-33294.1,8.29024e-06,-5.90151e-08,8.2113e-06,-3.27449e-09,-3.27449e-09,-3.27449e-09,-3.27449e-09,0.0,0.0002
3.035,33294.1,-33294.1,-33294.1,-33294.1,8.29024e-06,-5.90151e-08,8.2113e-06,-3.27449e-09,-3.27449e-09,-3.27449e-09,-3.27449e-09,0.0,0.0002
3.04,33294.1,-33294.1,-33294.1,-33294.1,8.29024e-06,-5.90151e-08,8.2113e-06,-3.27449e-09,-3.27449e-09,-3.27449e-09,-3.27449e-09,0.0,0.0002
3.045,33294.1,-33294.1,-33294.1,-33294.1,8.29024e-06,-5.90151e-08,8.2113e-06,-3.27449e-09,-3.27449e-09,-3.27449e-09,-3.27449e-09,0.0,0.0002
3.05,33294.1,-33294.1,-33294.1,-33294.1,8.29024e-06,-5.90151e-08,8.2113e-06,-3.27449e-09,-3.27449e-09,-3.27449e-09,-3.27449e-09,0.0,0.0002
3.055,33294.1,-33294.1,-33294.1,-33294.1,8.29024e-06,-5.90151e-08,8.2113e-06,-3.27449e-09,-3.27449e-09,-3.27449e-09,-3.27449e-09,0.0,0.0002
3.06,33294.1,-33294.1,-33294.1,-33294.1,8.29024e-06,-5.90151e-08,8.2113e-06,-3.27449e-09,-3.27449e-09,-3.27449e-09,-3.27449e-09,0.0,0.0002
3.065,33294.1,-33294.1,-33294.1,-33294.1,8.29024e-06,-5.90151e-08,8.2113e-06,-3.27449e-09,-3.27449e-09,-3.27449e-09,-3.27449e-09,0.0,0.0002
3.07,33294.1,-33294.1,-33294.1,-33294.1,8.29024e-06,-5.90151e-08,8.2113e-06,-3.27449e-09,-3.27449e-09,-3.27449e-09,-3.27449e-09,0.0,0.0002
3.075,33294.1,-33294.1,-33294.1,-33294.1,8.29024e-06,-5.90151e-08,8.2113e-06,-3.27449e-09,-3.27449e-09,-3.27449e-09,-3.27449e-09,0.0,0.0002
3.08,33294.1,-33294.1,-33294.1,-33294.1,8.29024e-06,-5.90151e-08,8.2113e-06,-3.27449e-09,-3.27449e-09,-3.27449e-09,-3.27449e-09,0.0,0.0002
3.085,33294.1,-33294.1,-33294.1,-33294.1,8.29024e-06,-5.90151e-08,8.2113e-06,-3.27449e-09,-3.27449e-09,-3.27449e-09,-3.27449e-09,0.0,0.0002
3.09,33294.1,-33294.1,-33294.1,-33294.1,8.29024e-06,-5.90151e-08,8.2113e-06,-3.27449e-09,-3.27449e-09,-3.27449e-09,-3.27449e-09,0.0,0.0002
3.095,33294.1,-33294.1,-33294.1,-33294.1,8.29024e-06,-5.90151e-08,8.2113e-06,-3.27449e-09,-3.27449e-09,-3.27449e-09,-3.27449e-09,0.0,0.0002
3.1,33294.1,-33294.1,-33294.1,-33294.1,8.29024e-06,-5.90151e-08,8.2113e-06,-3.27449e-09,-3.27449e-09,-3.27449e-09,-3.27449e-09,0.0,0.0002
3.105,33294.1,-33294.1,-33294.1,-33294.1,8.29024e-06,-5.90151e-08,8.2113e-06,-3.27449e-09,-3.27449e-09,-3.27449e-09,-3.27449e-09,0.0,0.0002
3.11,33294.1,-33294.1,-33294.1,-33294.1,8.29024e-06,-5.90151e-08,8.2113e-06,-3.27449e-09,-3.27449e-09,-3.27449e-09,-3.27449e-09,0.0,0.0002
3.115,33294.1,-33294.1,-33294.1,-33294.1,8.29024e-06,-5.90151e-08,8.2113e-06,-3.27449e-09,-3.27449e-09,-3.27449e-09,-3.27449e-09,0.0,0.0002
3.12,33294.1,-33294.1,-33294.1,-33294.1,8.29024e-06,-5.90151e-08,8.2113e-06,-3.27449e-09,-3.27449e-09,-3.27449e-09,-3.27449e-09,0.0,0.0002
3.125,33294.1,-33294.1,-33294.1,-33294.1,8.29024e-06,-5.90151e-08,8.2113e-06,-3.27449e-09,-3.27449e-09,-3.27449e-09,-3.27449e-09,0.0,0.0002
3.13,33294.1,-33294.1,-33294.1,-33294.1,8.29024e-06,-5.90151e-08,8.2113e-06,-3.27449e-09,-3.27449e-09,-3.27449e-09,-3.27449e-09,0.0,0.0002
3.135,33294.1,-33294.1,-33294.1,-33294.1,8.29024e-06,-5.90151e-08,8.2113e-06,-3.27449e-09,-3.27449e-09,-3.27449e-09,-3.27449e-09,0.0,0.0002
3.14,33294.1,-33294.1,-33294.1,-33294.1,8.29024e-06,-5.90151e-08,8.2113e-06,-3.27449e-09,-3.27449e-09,-3.27449e-09,-3.27449e-09,0.0,0.0002
3.145,33294.1,-33294.1,-33294.1,-33294.1,8.29024e-06,-5.90151e-08,8.2113e-06,-3.27449e-09,-3.27449e-09,-3.27449e-09,-3.27449e-09,0.0,0.0002
3.15,33294.1,-33294.1,-33294.1,-33294.1,8.29024e-06,-5.90151e-08,8.2113e-06,-3.27449e-09,-3.27449e-09,-3.27449e-09,-3.27449e-09,0.0,0.0002
3.155,33294.1,-33294.1,-33294.1,-33294.1,8.29024e-06,-5.90151e-08,8.2113e-06,-3.27449e-09,-3.27449e-09,-3.27449e-09,-3.27449e-09,0.0,0.0002
3.16,33294.1,-33294.1,-33294.1,-33294.1,8.29024e-06,-5.90151e-08,8.2113e-06,-3.27449e-09,-3.27449e-09,-3.27449e-09,-3.27449e-09,0.0,0.0002
3.165,33294.1,-33294.1,-33294.1,-33294.1,8.29024e-06,-5.90151e-08,8.2113e-06,-3.27449e-09,-3.27449e-09,-3.27449e-09,-3.27449e-09,0.0,0.0002
3.17,33294.1,-33294.1,-33294.1,-33294.1,8.29024e-06,-5.90151e-08,8.2113e-06,-3.27449e-09,-3.27449e-09,-3.27449e-09,-3.27449e-09,0.0,0.0002
3.175,33294.1,-33294.1,-33294.1,-33294.1,8.29024e-06,-5.90151e-08,8.2113e-06,-3.27449e-09,-3.27449e-09,-3.27449e-09,-3.27449e-09,0.0,0.0002
3.18,33294.1,-33294.1,-33294.1,-33294.1,8.29024e-06,-5.90151e-08,8.2113e-06,-3.27449e-09,-3.27449e-09,-3.27449e-09,-3.27449e-09,0.0,0.0002
3.185,33294.1,-33294.1,-33294.1,-33294.1,8.29024e-06,-5.90151e-08,8.2113e-06,-3.27449e-09,-3.27449e-09,-3.27449e-09,-3.27449e-09,0.0,0.0002
3.19,33294.1,-33294.1,-33294.1,-33294.1,8.29024e-06,-5.90151e-08,8.2113e-06,-3.27449e-09,-3.27449e-09,-3.27449e-09,-3.27449e-09,0.0,0.0002
3.195,33294.1,-33294.1,-33294.1,-33294.1,8.29024e-06,-5.90151e-08,8.2113e-06,-3.27449e-09,-3.27449e-09,-3.27449e-09,-3.27449e-09,0.0,0.0002
3.2,33294.1,-33294.1,-33294.1,-33294.1,8.29024e-06,-5.90151e-08,8.2113e-06,-3.27449e-09,-3.27449e-09,-3.27449e-09,-3.27449e-09,0.0,0.0002
3.205,33294.1,-33294.1,-33294.1,-33294.1,8.29024e-06,-5.90151e-08,8.2113e-06,-3.27449e-09,-3.27449e-09,-3.27449e-09,-3.27449e-09,0.0,0.0002
3.21,33294.1,-33294.1,-33294.1,-33294.1,8.29024e-06,-5.90151e-08,8.2113e-06,-3.27449e-09,-3.27449e-09,-3.27449e-09,-3.27449e-09,0.0,0.0002
3.215,33294.1,-33294.1,-33294.1,-33294.1,8.29024e-06,-5.90151e-08,8.2113e-06,-3.27449e-09,-3.27449e-09,-3.27449e-09,-3.27449e-09,0.0,0.0002
3.22,33294.1,-33294.1,-33294.1,-33294.1,8.29024e-06,-5.90151e-08,8.2113e-06,-3.27449e-09,-3.27449e-09,-3.27449e-09,-3.27449e-09,0.0,0.0002
3.225,33294.1,-33294.1,-33294.1,-33294.1,8.29024e-06,-5.90151e-08,8.2113e-06,-3.27449e-09,-3.27449e-09,-3.27449e-09,-3.27449e-09,0.0,0.0002
3.23,33294.1,-33294.1,-33294.1,-33294.1,8.29024e-06,-5.90151e-08,8.2113e-06,-3.27449e-09,-3.27449e-09,-3.27449e-09,-3.27449e-09,0.0,0.0002
3.235,33294.1,-33294.1,-33294.1,-33294.1,8.29024e-06,-5.90151e-08,8.2113e-06,-3.27449e-09,-3.27449e-09,-3.27449e-09,-3.27449e-09,0.0,0.0002
3.24,33294.1,-33294.1,-33294.1,-33294.1,8.29024e-06,-5.90151e-08,8.2113e-06,-3.27449e-09,-3.27449e-09,-3.27449e-09,-3.27449e-09,0.0,0.0002
3.245,33294.1,-33294.1,-33294.1,-33294.1,8.29024e-06,-5.90151e-08,8.2113e-06,-3.27449e-09,-3.27449e-09,-3.27449e-09,-3.27449e-09,0.0,0.0002
3.25,33294.1,-33294.1,-33294.1,-33294.1,8.29024e-06,-5.90151e-08,8.2113e-06,-3.27449e-09,-3.27449e-09,-3.27449e-09,-3.27449e-09,0.0,0.0002
3.255,33294.1,-33294.1,-33294.1,-33294.1,8.29024e-06,-5.90151e-08,8.2113e-06,-3.27449e-09,-3.27449e-09,-3.27449e-09,-3.27449e-09,0.0,0.0002
3.26,33294.1,-33294.1,-33294.1,-33294.1,8.29024e-06,-5.90151e-08,8.2113e-06,-3.27449e-09,-3.27449e-09,-3.27449e-09,-3.27449e-09,0.0,0.0002
3.265,33294.1,-33294.1,-33294.1,-33294.1,8.29024e-06,-5.90151e-08,8.2113e-06,-3.27449e-09,-3.27449e-09,-3.27449e-09,-3.27449e-09,0.0,0.0002
3.27,33294.1,-33294.1,-33294.1,-33294.1,8.29024e-06,-5.90151e-08,8.2113e-06,-3.27449e-09,-3.27449e-09,-3.27449e-09,-3.27449e-09,0.0,0.0002
3.275,33294.1,-33294.1,-33294.1,-33294.1,8.29024e-06,-5.90151e-08,8.2113e-06,-3.27449e-09,-3.27449e-09,-3.27449e-09,-3.27449e-09,0.0,0.0002
3.28,33294.1,-33294.1,-33294.1,-33294.1,8.29024e-06,-5.90151e-08,8.2113e-06,-3.27449e-09,-3.27449e-09,-3.27449e-09,-3.27449e-09,0.0,0.0002
3.285,33294.1,-33294.1,-33294.1,-33294.1,8.29024e-06,-5.90151e-08,8.2113e-06,-3.27449e-09,-3.27449e-09,-3.27449e-09,-3.27449e-09,0.0,0.0002
3.29,33294.1,-33294.1,-33294.1,-33294.1,8.29024e-06,-5.90151e-08,8.2113e-06,-3.27449e-09,-3.27449e-09,-3.27449e-09,-3.27449e-09,0.0,0.0002
3.295,33294.1,-33294.1,-33294.1,-33294.1,8.29024e-06,-5.90151e-08,8.2113e-06,-3.27449e-09,-3.27449e-09,-3.27449e-09,-3.27449e-09,0.0,0.0002
3.3,33294.1,-33294.1,-33294.1,-33294.1,8.29024e-06,-5.90151e-08,8.2113e-06,-3.27449e-09,-3.27449e-09,-3.27449e-09,-3.27449e-09,0.0,0.0002
3.305,33294.1,-33294.1,-33294.1,-33294.1,8.29024e-06,-5.90151e-08,8.2113e-06,-3.27449e-09,-3.27449e-09,-3.27449e-09,-3.27449e-09,0.0,0.0002
3.31,33294.1,-33294.1,-33294.1,-33294.1,8.29024e-06,-5.90151e-08,8.2113e-06,-3.27449e-09,-3.27449e-09,-3.27449e-09,-3.27449e-09,0.0,0.0002
3.315,33294.1,-33294.1,-33294.1,-33294.1,8.29024e-06,-5.90151e-08,8.2113e-06,-3.27449e-09,-3.27449e-09,-3.27449e-09,-3.27449e-09,0.0,0.0002
3.32,33294.1,-33294.1,-33294.1,-33294.1,8.29024e-06,-5.90151e-08,8.2113e-06,-3.27449e-09,-3.27449e-09,-3.27449e-09,-3.27449e-09,0.0,0.0002
3.325,33294.1,-33294.1,-33294.1,-33294.1,8.29024e-06,-5.90151e-08,8.2113e-06,-3.27449e-09,-3.27449e-09,-3.27449e-09,-3.27449e-09,0.0,0.0002
3.33,33294.1,-33294.1,-33294.1,-33294.1,8.29024e-06,-5.90151e-08,8.2113e-06,-3.27449e-09,-3.27449e-09,-3.27449e-09,-3.27449e-09,0.0,0.0002
3.335,33294.1,-33294.1,-33294.1,-33294.1,8.29024e-06,-5.90151e-08,8.2113e-06,-3.27449e-09,-3.27449e-09,-3.27449e-09,-3.27449e-09,0.0,0.0002
3.34,33294.1,-33294.1,-33294.1,-33294.1,8.29024e-06,-5.90151e-08,8.2113e-06,-3.27449e-09,-3.27449e-09,-3.27449e-09,-3.27449e-09,0.0,0.0002
3.345,33294.1,-33294.1,-33294.1,-33294.1,8.29024e-06,-5.90151e-08,8.2113e-06,-3.27449e-09,-3.27449e-09,-3.27449e-09,-3.27449e-09,0.0,0.0002
3.35,33294.1,-33294.1,-33294.1,-33294.1,8.29024e-06,-5.90151e-08,8.2113e-06,-3.27449e-09,-3.27449e-09,-3.27449e-09,-3.27449e-09,0.0,0.0002
3.355,33294.1,-33294.1,-33294.1,-33294.1,8.29024e-06,-5.90151e-08,8.2113e-06,-3.27449e-09,-3.27449e-09,-3.27449e-09,-3.27449e-09,0.0,0.0002
3.36,33294.1,-33294.1,-33294.1,-33294.1,8.29024e-06,-5.90151e-08,8.2113e-06,-3.27449e-09,-3.27449e-09,-3.27449e-09,-3.27449e-09,0.0,0.0002
3.365,33294.1,-33294.1,-33294.1,-33294.1,8.29024e-06,-5.90151e-08,8.2113e-06,-3.27449e-09,-3.27449e-09,-3.27449e-09,-3.27449e-09,0.0,0.0002
3.37,33294.1,-33294.1,-33294.1,-33294.1,8.29024e-06,-5.90151e-08,8.2113e-06,-3.27449e-09,-3.27449e-09,-3.27449e-09,-3.27449e-09,0.0,0.0002
3.375,33294.1,-33294.1,-33294.1,-33294.1,8.29024e-06,-5.90151e-08,8.2113e-06,-3.27449e-09,-3.27449e-09,-3.27449e-09,-3.27449e-09,0.0,0.0002
3.38,33294.1,-33294.1,-33294.1,-33294.1,8.29024e-06,-5.90151e-08,8.2113e-06,-3.27449e-09,-3.27449e-09,-3.27449e-09,-3.27449e-09,0.0,0.0002
3.385,33294.1,-33294.1,-33294.1,-33294.1,8.29024e-06,-5.90151e-08,8.2113e-06,-3.27449e-09,-3.27449e-09,-3.27449e-09,-3.27449e-09,0.0,0.0002
3.39,33294.1,-33294.1,-33294.1,-33294.1,8.29024e-06,-5.90151e-08,8.2113e-06,-3.27449e-09,-3.27449e-09,-3.27449e-09,-3.27449e-09,0.0,0.0002
3.395,33294.1,-33294.1,-33294.1,-33294.1,8.29024e-06,-5.90151e-08,8.2113e-06,-3.27449e-09,-3.27449e-09,-3.27449e-09,-3.27449e-09,0.0,0.0002
3.4,33294.1,-33294.1,-33294.1,-33294.1,8.29024e-06,-5.90151e-08,8.2113e-06,-3.27449e-09,-3.27449e-09,-3.27449e-09,-3.27449e-09,0.0,0.0002
3.405,33294.1,-33294.1,-33294.1,-33294.1,8.29024e-06,-5.90151e-08,8.2113e-06,-3.27449e-09,-3.27449e-09,-3.27449e-09,-3.27449e-09,0.0,0.0002
3.41,33294.1,-33294.1,-33294.1,-33294.1,8.29024e-06,-5.90151e-08,8.2113e-06,-3.27449e-09,-3.27449e-09,-3.27449e-09,-3.27449e-09,0.0,0.0002
3.415,33294.1,-33294.1,-33294.1,-33294.1,8.29024e-06,-5.90151e-08,8.2113e-06,-3.27449e-09,-3.27449e-09,-3.27449e-09,-3.27449e-09,0.0,0.0002
3.42,33294.1,-33294.1,-33294.1,-33294.1,8.29024e-06,-5.90151e-08,8.2113e-06,-3.27449e-09,-3.27449e-09,-3.27449e-09,-3.27449e-09,0.0,0.0002
3.425,33294.1,-33294.1,-33294.1,-33294.1,8.29024e-06,-5.90151e-08,8.2113e-06,-3.27449e-09,-3.27449e-09,-3.27449e-09,-3.27449e-09,0.0,0.0002
3.43,33294.1,-33294.1,-33294.1,-33294.1,8.29024e-06,-5.90151e-08,8.2113e-06,-3.27449e-09,-3.27449e-09,-3.27449e-09,-3.27449e-09,0.0,0.0002
3.435,33294.1,-33294.1,-33294.1,-33294.1,8.29024e-06,-5.90151e-08,8.2113e-06,-3.27449e-09,-3.27449e-09,-3.27449e-09,-3.27449e-09,0.0,0.0002
3.44,33294.1,-33294.1,-33294.1,-33294.1,8.29024e-06,-5.90151e-08,8.2113e-06,-3.27449e-09,-3.27449e-09,-3.27449e-09,-3.27449e-09,0.0,0.0002
3.445,33294.1,-33294.1,-33294.1,-33294.1,8.29024e-06,-5.90151e-08,8.2113e-06,-3.27449e-09,-3.27449e-09,-3.27449e-09,-3.27449e-09,0.0,0.0002
3.45,33294.1,-33294.1,-33294.1,-33294.1,8.29024e-06,-5.90151e-08,8.2113e-06,-3.27449e-09,-3.27449e-09,-3.27449e-09,-3.27449e-09,0.0,0.0002
3.455,33294.1,-33294.1,-33294.1,-33294.1,8.29024e-06,-5.90151e-08,8.2113e-06,-3.27449e-09,-3.27449e-09,-3.27449e-09,-3.27449e-09,0.0,0.0002
3.46,33294.1,-33294.1,-33294.1,-33294.1,8.29024e-06,-5.90151e-08,8.2113e-06,-3.27449e-09,-3.27449e-09,-3.27449e-09,-3.27449e-09,0.0,0.0002
3.465,33294.1,-33294.1,-33294.1,-33294.1,8.29024e-06,-5.90151e-08,8.2113e-06,-3.27449e-09,-3.27449e-09,-3.27449e-09,-3.27449e-09,0.0,0.0002
3.47,33294.1,-33294.1,-33294.1,-33294.1,8.29024e-06,-5.90151e-08,8.2113e-06,-3.27449e-09,-3.27449e-09,-3.27449e-09,-3.27449e-09,0.0,0.0002
3.475,33294.1,-33294.1,-33294.1,-33294.1,8.29024e-06,-5.90151e-08,8.2113e-06,-3.27449e-09,-3.27449e-09,-3.27449e-09,-3.27449e-09,0.0,0.0002
3.48,33294.1,-33294.1,-33294.1,-33294.1,8.29024e-06,-5.90151e-08,8.2113e-06,-3.27449e-09,-3.27449e-09,-3.27449e-09,-3.27449e-09,0.0,0.0002
3.485,33294.1,-33294.1,-33294.1,-33294.1,8.29024e-06,-5.90151e-08,8.2113e-06,-3.27449e-09,-3.27449e-09,-3.27449e-09,-3.27449e-09,0.0,0.0002
3.49,33294.1,-33294.1,-33294.1,-33294.1,8.29024e-06,-5.90151e-08,8.2113e-06,-3.27449e-09,-3.27449e-09,-3.27449e-09,-3.27449e-09,0.0,0.0002
3.495,33294.1,-33294.1,-33294.1,-33294.1,8.29024e-06,-5.90151e-08,8.2113e-06,-3.27449e-09,-3.27449e-09,-3.27449e-09,-3.27449e-09,0.0,0.0002
3.5,33294.1,-33294.1,-33294.1,-33294.1,8.29024e-06,-5.90151e-08,8.2113e-06,-3.27449e-09,-3.27449e-09,-3.27449e-09,-3.27449e-09,0.0,0.0002
3.505,33294.1,-33294.1,-33294.1,-33294.1,8.29024e-06,-5.90151e-08,8.2113e-06,-3.27449e-09,-3.27449e-09,-3.27449e-09,-3.27449e-09,0.0,0.0002
3.51,33294.1,-33294.1,-33294.1,-33294.1,8.29024e-06,-5.90151e-08,8.2113e-06,-3.27449e-09,-3.27449e-09,-3.27449e-09,-3.27449e-09,0.0,0.0002
3.515,33294.1,-33294.1,-33294.1,-33294.1,8.29024e-06,-5.90151e-08,8.2113e-06,-3.27449e-09,-3.27449e-09,-3.27449e-09,-3.27449e-09,0.0,0.0002
3.52,33294.1,-33294.1,-33294.1,-33294.1,8.29024e-06,-5.90151e-08,8.2113e-06,-3.27449e-09,-3.27449e-09,-3.27449e-09,-3.27449e-09,0.0,0.0002
3.525,33294.1,-33294.1,-33294.1,-33294.1,8.29024e-06,-5.90151e-08,8.2113e-06,-3.27449e-09,-3.27449e-09,-3.27449e-09,-3.27449e-09,0.0,0.0002
3.53,33294.1,-33294.1,-33294.1,-33294.1,8.29024e-06,-5.90151e-08,8.2113e-06,-3.27449e-09,-3.27449e-09,-3.27449e-09,-3.27449e-09,0.0,0.0002
3.535,33294.1,-33294.1,-33294.1,-33294.1,8.29024e-06,-5.90151e-08,8.2113e-06,-3.27449e-09,-3.27449e-09,-3.27449e-09,-3.27449e-09,0.0,0.0002
3.54,33294.1,-33294.1,-33294.1,-33294.1,8.29024e-06,-5.90151e-08,8.2113e-06,-3.27449e-09,-3.27449e-09,-3.27449e-09,-3.27449e-09,0.0,0.0002
3.545,33294.1,-33294.1,-33294.1,-33294.1,8.29024e-06,-5.90151e-08,8.2113e-06,-3.27449e-09,-3.27449e-09,-3.27449e-09,-3.27449e-09,0.0,0.0002
3.55,33294.1,-33294.1,-33294.1,-33294.1,8.29024e-06,-5.90151e-08,8.2113e-06,-3.27449e-09,-3.27449e-09,-3.27449e-09,-3.27449e-09,0.0,0.0002
3.555,33294.1,-33294.1,-33294.1,-33294.1,8.29024e-06,-5.90151e-08,8.2113e-06,-3.27449e-09,-3.27449e-09,-3.27449e-09,-3.27449e-09,0.0,0.0002
3.56,33294.1,-33294.1,-33294.1,-33294.1,8.29024e-06,-5.90151e-08,8.2113e-06,-3.27449e-09,-3.27449e-09,-3.27449e-09,-3.27449e-09,0.0,0.0002
3.565,33294.1,-33294.1,-33294.1,-33294.1,8.29024e-06,-5.90151e-08,8.2113e-06,-3.27449e-09,-3.27449e-09,-3.27449e-09,-3.27449e-09,0.0,0.0002
3.57,33294.1,-33294.1,-33294.1,-33294.1,8.29024e-06,-5.90151e-08,8.2113e-06,-3.27449e-09,-3.27449e-09,-3.27449e-09,-3.27449e-09,0.0,0.0002
3.575,33294.1,-33294.1,-33294.1,-33294.1,8.29024e-06,-5.90151e-08,8.2113e-06,-3.27449e-09,-3.27449e-09,-3.27449e-09,-3.27449e-09,0.0,0.0002
3.58,33294.1,-33294.1,-33294.1,-33294.1,8.29024e-06,-5.90151e-08,8.2113e-06,-3.27449e-09,-3.27449e-09,-3.27449e-09,-3.27449e-09,0.0,0.0002
3.585,33294.1,-33294.1,-33294.1,-33294.1,8.29024e-06,-5.90151e-08,8.2113e-06,-3.27449e-09,-3.27449e-09,-3.27449e-09,-3.27449e-09,0.0,0.0002
3.59,33294.1,-33294.1,-33294.1,-33294.1,8.29024e-06,-5.90151e-08,8.2113e-06,-3.27449e-09,-3.27449e-09,-3.27449e-09,-3.27449e-09,0.0,0.0002
3.595,33294.1,-33294.1,-33294.1,-33294.1,8.29024e-06,-5.90151e-08,8.2113e-06,-3.27449e-09,-3.27449e-09,-3.27449e-09,-3.27449e-09,0.0,0.0002
3.6,33294.1,-33294.1,-33294.1,-33294.1,8.29024e-06,-5.90151e-08,8.2113e-06,-3.27449e-09,-3.27449e-09,-3.27449e-09,-3.27449e-09,0.0,0.0002
3.605,33294.1,-33294.1,-33294.1,-33294.1,8.29024e-06,-5.90151e-08,8.2113e-06,-3.27449e-09,-3.27449e-09,-3.27449e-09,-3.27449e-09,0.0,0.0002
3.61,33294.1,-33294.1,-33294.1,-33294.1,8.29024e-06,-5.90151e-08,8.2113e-06,-3.27449e-09,-3.27449e-09,-3.27449e-09,-3.27449e-09,0.0,0.0002
3.615,33294.1,-33294.1,-33294.1,-33294.1,8.29024e-06,-5.90151e-08,8.2113e-06,-3.27449e-09,-3.27449e-09,-3.27449e-09,-3.27449e-09,0.0,0.0002
3.62,33294.1,-33294.1,-33294.1,-33294.1,8.29024e-06,-5.90151e-08,8.2113e-06,-3.27449e-09,-3.27449e-09,-3.27449e-09,-3.27449e-09,0.0,0.0002
3.625,33294.1,-33294.1,-33294.1,-33294.1,8.29024e-06,-5.90151e-08,8.2113e-06,-3.27449e-09,-3.27449e-09,-3.27449e-09,-3.27449e-09,0.0,0.0002
3.63,33294.1,-33294.1,-33294.1,-33294.1,8.29024e-06,-5.90151e-08,8.2113e-06,-3.27449e-09,-3.27449e-09,-3.27449e-09,-3.27449e-09,0.0,0.0002
3.635,33294.1,-33294.1,-33294.1,-33294.1,8.29024e-06,-5.90151e-08,8.2113e-06,-3.27449e-09,-3.27449e-09,-3.27449e-09,-3.27449e-09,0.0,0.0002
3.64,33294.1,-33294.1,-33294.1,-33294.1,8.29024e-06,-5.90151e-08,8.2113e-06,-3.27449e-09,-3.27449e-09,-3.27449e-09,-3.27449e-09,0.0,0.0002
3.645,33294.1,-33294.1,-33294.1,-33294.1,8.29024e-06,-5.90151e-08,8.2113e-06,-3.27449e-09,-3.27449e-09,-3.27449e-09,-3.27449e-09,0.0,0.0002
3.65,33294.1,-33294.1,-33294.1,-33294.1,8.29024e-06,-5.90151e-08,8.2113e-06,-3.27449e-09,-3.27449e-09,-3.27449e-09,-3.27449e-09,0.0,0.0002
3.655,33294.1,-33294.1,-33294.1,-33294.1,8.29024e-06,-5.90151e-08,8.2113e-06,-3.27449e-09,-3.27449e-09,-3.27449e-09,-3.27449e-09,0.0,0.0002
3.66,33294.1,-33294.1,-33294.1,-33294.1,8.29024e-06,-5.90151e-08,8.2113e-06,-3.27449e-09,-3.27449e-09,-3.27449e-09,-3.27449e-09,0.0,0.0002
3.665,33294.1,-33294.1,-33294.1,-33294.1,8.29024e-06,-5.90151e-08,8.2113e-06,-3.27449e-09,-3.27449e-09,-3.27449e-09,-3.27449e-09,0.0,0.0002
3.67,33294.1,-33294.1,-33294.1,-33294.1,8.29024e-06,-5.90151e-08,8.2113e-06,-3.27449e-09,-3.27449e-09,-3.27449e-09,-3.27449e-09,0.0,0.0002
3.675,33294.1,-33294.1,-33294.1,-33294.1,8.29024e-06,-5.90151e-08,8.2113e-06,-3.27449e-09,-3.27449e-09,-3.27449e-09,-3.27449e-09,0.0,0.0002
3.68,33294.1,-33294.1,-33294.1,-33294.1,8.29024e-06,-5.90151e-08,8.2113e-06,-3.27449e-09,-3.27449e-09,-3.27449e-09,-3.27449e-09,0.0,0.0002
3.685,33294.1,-33294.1,-33294.1,-33294.1,8.29024e-06,-5.90151e-08,8.2113e-06,-3.27449e-09,-3.27449e-09,-3.27449e-09,-3.27449e-09,0.0,0.0002
3.69,33294.1,-33294.1,-33294.1,-33294.1,8.29024e-06,-5.90151e-08,8.2113e-06,-3.27449e-09,-3.27449e-09,-3.27449e-09,-3.27449e-09,0.0,0.0002
3.695,33294.1,-33294.1,-33294.1,-33294.1,8.29024e-06,-5.90151e-08,8.2113e-06,-3.27449e-09,-3.27449e-09,-3.27449e-09,-3.27449e-09,0.0,0.0002
3.7,33294.1,-33294.1,-33294.1,-33294.1,8.29024e-06,-5.90151e-08,8.2113e-06,-3.27449e-09,-3.27449e-09,-3.27449e-09,-3.27449e-09,0.0,0.0002
3.705,33294.1,-33294.1,-33294.1,-33294.1,8.29024e-06,-5.90151e-08,8.2113e-06,-3.27449e-09,-3.27449e-09,-3.27449e-09,-3.27449e-09,0.0,0.0002
3.71,33294.1,-33294.1,-33294.1,-33294.1,8.29024e-06,-5.90151e-08,8.2113e-06,-3.27449e-09,-3.27449e-09,-3.27449e-09,-3.27449e-09,0.0,0.0002
3.715,33294.1,-33294.1,-33294.1,-33294.1,8.29024e-06,-5.90151e-08,8.2113e-06,-3.27449e-09,-3.27449e-09,-3.27449e-09,-3.27449e-09,0.0,0.0002
3.72,33294.1,-33294.1,-33294.1,-33294.1,8.29024e-06,-5.90151e-08,8.2113e-06,-3.27449e-09,-3.27449e-09,-3.27449e-09,-3.27449e-09,0.0,0.0002
3.725,33294.1,-33294.1,-33294.1,-33294.1,8.29024e-06,-5.90151e-08,8.2113e-06,-3.27449e-09,-3.27449e-09,-3.27449e-09,-3.27449e-09,0.0,0.0002
3.73,33294.1,-33294.1,-33294.1,-33294.1,8.29024e-06,-5.90151e-08,8.2113e-06,-3.27449e-09,-3.27449e-09,-3.27449e-09,-3.27449e-09,0.0,0.0002
3.735,33294.1,-33294.1,-33294.1,-33294.1,8.29024e-06,-5.90151e-08,8.2113e-06,-3.27449e-09,-3.27449e-09,-3.27449e-09,-3.27449e-09,0.0,0.0002
3.74,33294.1,-33294.1,-33294.1,-33294.1,8.29024e-06,-5.90151e-08,8.2113e-06,-3.27449e-09,-3.27449e-09,-3.27449e-09,-3.27449e-09,0.0,0.0002
3.745,33294.1,-33294.1,-33294.1,-33294.1,8.29024e-06,-5.90151e-08,8.2113e-06,-3.27449e-09,-3.27449e-09,-3.27449e-09,-3.27449e-09,0.0,0.0002
3.75,33294.1,-33294.1,-33294.1,-33294.1,8.29024e-06,-5.90151e-08,8.2113e-06,-3.27449e-09,-3.27449e-09,-3.27449e-09,-3.27449e-09,0.0,0.0002
3.755,33294.1,-33294.1,-33294.1,-33294.1,8.29024e-06,-5.90151e-08,8.2113e-06,-3.27449e-09,-3.27449e-09,-3.27449e-09,-3.27449e-09,0.0,0.0002
3.76,33294.1,-33294.1,-33294.1,-33294.1,8.29024e-06,-5.90151e-08,8.2113e-06,-3.27449e-09,-3.27449e-09,-3.27449e-09,-3.27449e-09,0.0,0.0002
3.765,33294.1,-33294.1,-33294.1,-33294.1,8.29024e-06,-5.90151e-08,8.2113e-06,-3.27449e-09,-3.27449e-09,-3.27449e-09,-3.27449e-09,0.0,0.0002
3.77,33294.1,-33294.1,-33294.1,-33294.1,8.29024e-06,-5.90151e-08,8.2113e-06,-3.27449e-09,-3.27449e-09,-3.27449e-09,-3.27449e-09,0.0,0.0002
3.775,33294.1,-33294.1,-33294.1,-33294.1,8.29024e-06,-5.90151e-08,8.2113e-06,-3.27449e-09,-3.27449e-09,-3.27449e-09,-3.27449e-09,0.0,0.0002
3.78,33294.1,-33294.1,-33294.1,-33294.1,8.29024e-06,-5.90151e-08,8.2113e-06,-3.27449e-09,-3.27449e-09,-3.27449e-09,-3.27449e-09,0.0,0.0002
3.785,33294.1,-33294.1,-33294.1,-33294.1,8.29024e-06,-5.90151e-08,8.2113e-06,-3.27449e-09,-3.27449e-09,-3.27449e-09,-3.27449e-09,0.0,0.0002
3.79,33294.1,-33294.1,-33294.1,-33294.1,8.29024e-06,-5.90151e-08,8.2113e-06,-3.27449e-09,-3.27449e-09,-3.27449e-09,-3.27449e-09,0.0,0.0002
3.795,33294.1,-33294.1,-33294.1,-33294.1,8.29024e-06,-5.90151e-08,8.2113e-06,-3.27449e-09,-3.27449e-09,-3.27449e-09,-3.27449e-09,0.0,0.0002
3.8,33294.1,-33294.1,-33294.1,-33294.1,8.29024e-06,-5.90151e-08,8.2113e-06,-3.27449e-09,-3.27449e-09,-3.27449e-09,-3.27449e-09,0.0,0.0002
3.805,33294.1,-33294.1,-33294.1,-33294.1,8.29024e-06,-5.90151e-08,8.2113e-06,-3.27449e-09,-3.27449e-09,-3.27449e-09,-3.27449e-09,0.0,0.0002
3.81,33294.1,-33294.1,-33294.1,-33294.1,8.29024e-06,-5.90151e-08,8.2113e-06,-3.27449e-09,-3.27449e-09,-3.27449e-09,-3.27449e-09,0.0,0.0002
3.815,33294.1,-33294.1,-33294.1,-33294.1,8.29024e-06,-5.90151e-08,8.2113e-06,-3.27449e-09,-3.27449e-09,-3.27449e-09,-3.27449e-09,0.0,0.0002
3.82,33294.1,-33294.1,-33294.1,-33294.1,8.29024e-06,-5.90151e-08,8.2113e-06,-3.27449e-09,-3.27449e-09,-3.27449e-09,-3.27449e-09,0.0,0.0002
3.825,33294.1,-33294.1,-33294.1,-33294.1,8.29024e-06,-5.90151e-08,8.2113e-06,-3.27449e-09,-3.27449e-09,-3.27449e-09,-3.27449e-09,0.0,0.0002
3.83,33294.1,-33294.1,-33294.1,-33294.1,8.29024e-06,-5.90151e-08,8.2113e-06,-3.27449e-09,-3.27449e-09,-3.27449e-09,-3.27449e-09,0.0,0.0002
3.835,33294.1,-33294.1,-33294.1,-33294.1,8.29024e-06,-5.90151e-08,8.2113e-06,-3.27449e-09,-3.27449e-09,-3.27449e-09,-3.27449e-09,0.0,0.0002
3.84,33294.1,-33294.1,-33294.1,-33294.1,8.29024e-06,-5.90151e-08,8.2113e-06,-3.27449e-09,-3.27449e-09,-3.27449e-09,-3.27449e-09,0.0,0.0002
3.845,33294.1,-33294.1,-33294.1,-33294.1,8.29024e-06,-5.90151e-08,8.2113e-06,-3.27449e-09,-3.27449e-09,-3.27449e-09,-3.27449e-09,0.0,0.0002
3.85,33294.1,-33294.1,-33294.1,-33294.1,8.29024e-06,-5.90151e-08,8.2113e-06,-3.27449e-09,-3.27449e-09,-3.27449e-09,-3.27449e-09,0.0,0.0002
3.855,33294.1,-33294.1,-33294.1,-33294.1,8.29024e-06,-5.90151e-08,8.2113e-06,-3.27449e-09,-3.27449e-09,-3.27449e-09,-3.27449e-09,0.0,0.0002
3.86,33294.1,-33294.1,-33294.1,-33294.1,8.29024e-06,-5.90151e-08,8.2113e-06,-3.27449e-09,-3.27449e-09,-3.27449e-09,-3.27449e-09,0.0,0.0002
3.865,33294.1,-33294.1,-33294.1,-33294.1,8.29024e-06,-5.90151e-08,8.2113e-06,-3.27449e-09,-3.27449e-09,-3.27449e-09,-3.27449e-09,0.0,0.0002
3.87,33294.1,-33294.1,-33294.1,-33294.1,8.29024e-06,-5.90151e-08,8.2113e-06,-3.27449e-09,-3.27449e-09,-3.27449e-09,-3.27449e-09,0.0,0.0002
3.875,33294.1,-33294.1,-33294.1,-33294.1,8.29024e-06,-5.90151e-08,8.2113e-06,-3.27449e-09,-3.27449e-09,-3.27449e-09,-3.27449e-09,0.0,0.0002
3.88,33294.1,-33294.1,-33294.1,-33294.1,8.29024e-06,-5.90151e-08,8.2113e-06,-3.27449e-09,-3.27449e-09,-3.27449e-09,-3.27449e-09,0.0,0.0002
3.885,33294.1,-33294.1,-33294.1,-33294.1,8.29024e-06,-5.90151e-08,8.2113e-06,-3.27449e-09,-3.27449e-09,-3.27449e-09,-3.27449e-09,0.0,0.0002
3.89,33294.1,-33294.1,-33294.1,-33294.1,8.29024e-06,-5.90151e-08,8.2113e-06,-3.27449e-09,-3.27449e-09,-3.27449e-09,-3.27449e-09,0.0,0.0002
3.895,33294.1,-33294.1,-33294.1,-33294.1,8.29024e-06,-5.90151e-08,8.2113e-06,-3.27449e-09,-3.27449e-09,-3.27449e-09,-3.27449e-09,0.0,0.0002
3.9,33294.1,-33294.1,-33294.1,-33294.1,8.29024e-06,-5.90151e-08,8.2113e-06,-3.27449e-09,-3.27449e-09,-3.27449e-09,-3.27449e-09,0.0,0.0002
3.905,33294.1,-33294.1,-33294.1,-33294.1,8.29024e-06,-5.90151e-08,8.2113e-06,-3.27449e-09,-3.27449e-09,-3.27449e-09,-3.27449e-09,0.0,0.0002
3.91,33294.1,-33294.1,-33294.1,-33294.1,8.29024e-06,-5.90151e-08,8.2113e-06,-3.27449e-09,-3.27449e-09,-3.27449e-09,-3.27449e-09,0.0,0.0002
3.915,33294.1,-33294.1,-33294.1,-33294.1,8.29024e-06,-5.90151e-08,8.2113e-06,-3.27449e-09,-3.27449e-09,-3.27449e-09,-3.27449e-09,0.0,0.0002
3.92,33294.1,-33294.1,-33294.1,-33294.1,8.29024e-06,-5.90151e-08,8.2113e-06,-3.27449e-09,-3.27449e-09,-3.27449e-09,-3.27449e-09,0.0,0.0002
3.925,33294.1,-33294.1,-33294.1,-33294.1,8.29024e-06,-5.90151e-08,8.2113e-06,-3.27449e-09,-3.27449e-09,-3.27449e-09,-3.27449e-09,0.0,0.0002
3.93,33294.1,-33294.1,-33294.1,-33294.1,8.29024e-06,-5.90151e-08,8.2113e-06,-3.27449e-09,-3.27449e-09,-3.27449e-09,-3.27449e-09,0.0,0.0002
3.935,33294.1,-33294.1,-33294.1,-33294.1,8.29024e-06,-5.90151e-08,8.2113e-06,-3.27449e-09,-3.27449e-09,-3.27449e-09,-3.27449e-09,0.0,0.0002
3.94,33294.1,-33294.1,-33294.1,-33294.1,8.29024e-06,-5.90151e-08,8.2113e-06,-3.27449e-09,-3.27449e-09,-3.27449e-09,-3.27449e-09,0.0,0.0002
3.945,33294.1,-33294.1,-33294.1,-33294.1,8.29024e-06,-5.90151e-08,8.2113e-06,-3.27449e-09,-3.27449e-09,-3.27449e-09,-3.27449e-09,0.0,0.0002
3.95,33294.1,-33294.1,-33294.1,-33294.1,8.29024e-06,-5.90151e-08,8.2113e-06,-3.27449e-09,-3.27449e-09,-3.27449e-09,-3.27449e-09,0.0,0.0002
3.955,33294.1,-33294.1,-33294.1,-33294.1,8.29024e-06,-5.90151e-08,8.2113e-06,-3.27449e-09,-3.27449e-09,-3.27449e-09,-3.27449e-09,0.0,0.0002
3.96,33294.1,-33294.1,-33294.1,-33294.1,8.29024e-06,-5.90151e-08,8.2113e-06,-3.27449e-09,-3.27449e-09,-3.27449e-09,-3.27449e-09,0.0,0.0002
3.965,33294.1,-33294.1,-33294.1,-33294.1,8.29024e-06,-5.90151e-08,8.2113e-06,-3.27449e-09,-3.27449e-09,-3.27449e-09,-3.27449e-09,0.0,0.0002
3.97,33294.1,-33294.1,-33294.1,-33294.1,8.29024e-06,-5.90151e-08,8.2113e-06,-3.27449e-09,-3.27449e-09,-3.27449e-09,-3.27449e-09,0.0,0.0002
3.975,33294.1,-33294.1,-33294.1,-33294.1,8.29024e-06,-5.90151e-08,8.2113e-06,-3.27449e-09,-3.27449e-09,-3.27449e-09,-3.27449e-09,0.0,0.0002
3.98,33294.1,-33294.1,-33294.1,-33294.1,8.29024e-06,-5.90151e-08,8.2113e-06,-3.27449e-09,-3.27449e-09,-3.27449e-09,-3.27449e-09,0.0,0.0002
3.985,33294.1,-33294.1,-33294.1,-33294.1,8.29024e-06,-5.90151e-08,8.2113e-06,-3.27449e-09,-3.27449e-09,-3.27449e-09,-3.27449e-09,0.0,0.0002
3.99,33294.1,-33294.1,-33294.1,-33294.1,8.29024e-06,-5.90151e-08,8.2113e-06,-3.27449e-09,-3.27449e-09,-3.27449e-09,-3.27449e-09,0.0,0.0002
3.995,33294.1,-33294.1,-33294.1,-33294.1,8.29024e-06,-5.90151e-08,8.2113e-06,-3.27449e-09,-3.27449e-09,-3.27449e-09,-3.27449e-09,0.0,0.0002
4.0,33294.1,-33294.1,-33294.1,-33294.1,8.29024e-06,-5.90151e-08,8.2113e-06,-3.27449e-09,-3.27449e-09,-3.27449e-09,-3.27449e-09,0.0,0.0002
4.005,33294.1,-33294.1,-33294.1,-33294.1,8.29024e-06,-5.90151e-08,8.2113e-06,-3.27449e-09,-3.27449e-09,-3.27449e-09,-3.27449e-09,0.0,0.0002
4.01,33294.1,-33294.1,-33294.1,-33294.1,8.29024e-06,-5.90151e-08,8.2113e-06,-3.27449e-09,-3.27449e-09,-3.27449e-09,-3.27449e-09,0.0,0.0002
4.015,33294.1,-33294.1,-33294.1,-33294.1,8.29024e-06,-5.90151e-08,8.2113e-06,-3.27449e-09,-3.27449e-09,-3.27449e-09,-3.27449e-09,0.0,0.0002
4.02,33294.1,-33294.1,-33294.1,-33294.1,8.29024e-06,-5.90151e-08,8.2113e-06,-3.27449e-09,-3.27449e-09,-3.27449e-09,-3.27449e-09,0.0,0.0002
4.025,33294.1,-33294.1,-33294.1,-33294.1,8.29024e-06,-5.90151e-08,8.2113e-06,-3.27449e-09,-3.27449e-09,-3.27449e-09,-3.27449e-09,0.0,0.0002
4.03,33294.1,-33294.1,-33294.1,-33294.1,8.29024e-06,-5.90151e-08,8.2113e-06,-3.27449e-09,-3.27449e-09,-3.27449e-09,-3.27449e-09,0.0,0.0002
4.035,33294.1,-33294.1,-33294.1,-33294.1,8.29024e-06,-5.90151e-08,8.2113e-06,-3.27449e-09,-3.27449e-09,-3.27449e-09,-3.27449e-09,0.0,0.0002
4.04,33294.1,-33294.1,-33294.1,-33294.1,8.29024e-06,-5.90151e-08,8.2113e-06,-3.27449e-09,-3.27449e-09,-3.27449e-09,-3.27449e-09,0.0,0.0002
4.045,33294.1,-33294.1,-33294.1,-33294.1,8.29024e-06,-5.90151e-08,8.2113e-06,-3.27449e-09,-3.27449e-09,-3.27449e-09,-3.27449e-09,0.0,0.0002
4.05,33294.1,-33294.1,-33294.1,-33294.1,8.29024e-06,-5.90151e-08,8.2113e-06,-3.27449e-09,-3.27449e-09,-3.27449e-09,-3.27449e-09,0.0,0.0002
4.055,33294.1,-33294.1,-33294.1,-33294.1,8.29024e-06,-5.90151e-08,8.2113e-06,-3.27449e-09,-3.27449e-09,-3.27449e-09,-3.27449e-09,0.0,0.0002
4.06,33294.1,-33294.1,-33294.1,-33294.1,8.29024e-06,-5.90151e-08,8.2113e-06,-3.27449e-09,-3.27449e-09,-3.27449e-09,-3.27449e-09,0.0,0.0002
4.065,33294.1,-33294.1,-33294.1,-33294.1,8.29024e-06,-5.90151e-08,8.2113e-06,-3.27449e-09,-3.27449e-09,-3.27449e-09,-3.27449e-09,0.0,0.0002
4.07,33294.1,-33294.1,-33294.1,-33294.1,8.29024e-06,-5.90151e-08,8.2113e-06,-3.27449e-09,-3.27449e-09,-3.27449e-09,-3.27449e-09,0.0,0.0002
4.075,33294.1,-33294.1,-33294.1,-33294.1,8.29024e-06,-5.90151e-08,8.2113e-06,-3.27449e-09,-3.27449e-09,-3.27449e-09,-3.27449e-09,0.0,0.0002
4.08,33294.1,-33294.1,-33294.1,-33294.1,8.29024e-06,-5.90151e-08,8.2113e-06,-3.27449e-09,-3.27449e-09,-3.27449e-09,-3.27449e-09,0.0,0.0002
4.085,33294.1,-33294.1,-33294.1,-33294.1,8.29024e-06,-5.90151e-08,8.2113e-06,-3.27449e-09,-3.27449e-09,-3.27449e-09,-3.27449e-09,0.0,0.0002
4.09,33294.1,-33294.1,-33294.1,-33294.1,8.29024e-06,-5.90151e-08,8.2113e-06,-3.27449e-09,-3.27449e-09,-3.27449e-09,-3.27449e-09,0.0,0.0002
4.095,33294.1,-33294.1,-33294.1,-33294.1,8.29024e-06,-5.90151e-08,8.2113e-06,-3.27449e-09,-3.27449e-09,-3.27449e-09,-3.27449e-09,0.0,0.0002
4.1,33294.1,-33294.1,-33294.1,-33294.1,8.29024e-06,-5.90151e-08,8.2113e-06,-3.27449e-09,-3.27449e-09,-3.27449e-09,-3.27449e-09,0.0,0.0002
4.105,33294.1,-33294.1,-33294.1,-33294.1,8.29024e-06,-5.90151e-08,8.2113e-06,-3.27449e-09,-3.27449e-09,-3.27449e-09,-3.27449e-09,0.0,0.0002
4.11,33294.1,-33294.1,-33294.1,-33294.1,8.29024e-06,-5.90151e-08,8.2113e-06,-3.27449e-09,-3.27449e-09,-3.27449e-09,-3.27449e-09,0.0,0.0002
4.115,33294.1,-33294.1,-33294.1,-33294.1,8.29024e-06,-5.90151e-08,8.2113e-06,-3.27449e-09,-3.27449e-09,-3.27449e-09,-3.27449e-09,0.0,0.0002
4.12,33294.1,-33294.1,-33294.1,-33294.1,8.29024e-06,-5.90151e-08,8.2113e-06,-3.27449e-09,-3.27449e-09,-3.27449e-09,-3.27449e-09,0.0,0.0002
4.125,33294.1,-33294.1,-33294.1,-33294.1,8.29024e-06,-5.90151e-08,8.2113e-06,-3.27449e-09,-3.27449e-09,-3.27449e-09,-3.27449e-09,0.0,0.0002
4.13,33294.1,-33294.1,-33294.1,-33294.1,8.29024e-06,-5.90151e-08,8.2113e-06,-3.27449e-09,-3.27449e-09,-3.27449e-09,-3.27449e-09,0.0,0.0002
4.135,33294.1,-33294.1,-33294.1,-33294.1,8.29024e-06,-5.90151e-08,8.2113e-06,-3.27449e-09,-3.27449e-09,-3.27449e-09,-3.27449e-09,0.0,0.0002
4.14,33294.1,-33294.1,-33294.1,-33294.1,8.29024e-06,-5.90151e-08,8.2113e-06,-3.27449e-09,-3.27449e-09,-3.27449e-09,-3.27449e-09,0.0,0.0002
4.145,33294.1,-33294.1,-33294.1,-33294.1,8.29024e-06,-5.90151e-08,8.2113e-06,-3.27449e-09,-3.27449e-09,-3.27449e-09,-3.27449e-09,0.0,0.0002
4.15,33294.1,-33294.1,-33294.1,-33294.1,8.29024e-06,-5.90151e-08,8.2113e-06,-3.27449e-09,-3.27449e-09,-3.27449e-09,-3.27449e-09,0.0,0.0002
4.155,33294.1,-33294.1,-33294.1,-33294.1,8.29024e-06,-5.90151e-08,8.2113e-06,-3.27449e-09,-3.27449e-09,-3.27449e-09,-3.27449e-09,0.0,0.0002
4.16,33294.1,-33294.1,-33294.1,-33294.1,8.29024e-06,-5.90151e-08,8.2113e-06,-3.27449e-09,-3.27449e-09,-3.27449e-09,-3.27449e-09,0.0,0.0002
4.165,33294.1,-33294.1,-33294.1,-33294.1,8.29024e-06,-5.90151e-08,8.2113e-06,-3.27449e-09,-3.27449e-09,-3.27449e-09,-3.27449e-09,0.0,0.0002
4.17,33294.1,-33294.1,-33294.1,-33294.1,8.29024e-06,-5.90151e-08,8.2113e-06,-3.27449e-09,-3.27449e-09,-3.27449e-09,-3.27449e-09,0.0,0.0002
4.175,33294.1,-33294.1,-33294.1,-33294.1,8.29024e-06,-5.90151e-08,8.2113e-06,-3.27449e-09,-3.27449e-09,-3.27449e-09,-3.27449e-09,0.0,0.0002
4.18,33294.1,-33294.1,-33294.1,-33294.1,8.29024e-06,-5.90151e-08,8.2113e-06,-3.27449e-09,-3.27449e-09,-3.27449e-09,-3.27449e-09,0.0,0.0002
4.185,33294.1,-33294.1,-33294.1,-33294.1,8.29024e-06,-5.90151e-08,8.2113e-06,-3.27449e-09,-3.27449e-09,-3.27449e-09,-3.27449e-09,0.0,0.0002
4.19,33294.1,-33294.1,-33294.1,-33294.1,8.29024e-06,-5.90151e-08,8.2113e-06,-3.27449e-09,-3.27449e-09,-3.27449e-09,-3.27449e-09,0.0,0.0002
4.195,33294.1,-33294.1,-33294.1,-33294.1,8.29024e-06,-5.90151e-08,8.2113e-06,-3.27449e-09,-3.27449e-09,-3.27449e-09,-3.27449e-09,0.0,0.0002
4.2,33294.1,-33294.1,-33294.1,-33294.1,8.29024e-06,-5.90151e-08,8.2113e-06,-3.27449e-09,-3.27449e-09,-3.27449e-09,-3.27449e-09,0.0,0.0002
4.205,33294.1,-33294.1,-33294.1,-33294.1,8.29024e-06,-5.90151e-08,8.2113e-06,-3.27449e-09,-3.27449e-09,-3.27449e-09,-3.27449e-09,0.0,0.0002
4.21,33294.1,-33294.1,-33294.1,-33294.1,8.29024e-06,-5.90151e-08,8.2113e-06,-3.27449e-09,-3.27449e-09,-3.27449e-09,-3.27449e-09,0.0,0.0002
4.215,33294.1,-33294.1,-33294.1,-33294.1,8.29024e-06,-5.90151e-08,8.2113e-06,-3.27449e-09,-3.27449e-09,-3.27449e-09,-3.27449e-09,0.0,0.0002
4.22,33294.1,-33294.1,-33294.1,-33294.1,8.29024e-06,-5.90151e-08,8.2113e-06,-3.27449e-09,-3.27449e-09,-3.27449e-09,-3.27449e-09,0.0,0.0002
4.225,33294.1,-33294.1,-33294.1,-33294.1,8.29024e-06,-5.90151e-08,8.2113e-06,-3.27449e-09,-3.27449e-09,-3.27449e-09,-3.27449e-09,0.0,0.0002
4.23,33294.1,-33294.1,-33294.1,-33294.1,8.29024e-06,-5.90151e-08,8.2113e-06,-3.27449e-09,-3.27449e-09,-3.27449e-09,-3.27449e-09,0.0,0.0002
4.235,33294.1,-33294.1,-33294.1,-33294.1,8.29024e-06,-5.90151e-08,8.2113e-06,-3.27449e-09,-3.27449e-09,-3.27449e-09,-3.27449e-09,0.0,0.0002
4.24,33294.1,-33294.1,-33294.1,-33294.1,8.29024e-06,-5.90151e-08,8.2113e-06,-3.27449e-09,-3.27449e-09,-3.27449e-09,-3.27449e-09,0.0,0.0002
4.245,33294.1,-33294.1,-33294.1,-33294.1,8.29024e-06,-5.90151e-08,8.2113e-06,-3.27449e-09,-3.27449e-09,-3.27449e-09,-3.27449e-09,0.0,0.0002
4.25,33294.1,-33294.1,-33294.1,-33294.1,8.29024e-06,-5.90151e-08,8.2113e-06,-3.27449e-09,-3.27449e-09,-3.27449e-09,-3.27449e-09,0.0,0.0002
4.255,33294.1,-33294.1,-33294.1,-33294.1,8.29024e-06,-5.90151e-08,8.2113e-06,-3.27449e-09,-3.27449e-09,-3.27449e-09,-3.27449e-09,0.0,0.0002
4.26,33294.1,-33294.1,-33294.1,-33294.1,8.29024e-06,-5.90151e-08,8.2113e-06,-3.27449e-09,-3.27449e-09,-3.27449e-09,-3.27449e-09,0.0,0.0002
4.265,33294.1,-33294.1,-33294.1,-33294.1,8.29024e-06,-5.90151e-08,8.2113e-06,-3.27449e-09,-3.27449e-09,-3.27449e-09,-3.27449e-09,0.0,0.0002
4.27,33294.1,-33294.1,-33294.1,-33294.1,8.29024e-06,-5.90151e-08,8.2113e-06,-3.27449e-09,-3.27449e-09,-3.27449e-09,-3.27449e-09,0.0,0.0002
4.275,33294.1,-33294.1,-33294.1,-33294.1,8.29024e-06,-5.90151e-08,8.2113e-06,-3.27449e-09,-3.27449e-09,-3.27449e-09,-3.27449e-09,0.0,0.0002
4.28,33294.1,-33294.1,-33294.1,-33294.1,8.29024e-06,-5.90151e-08,8.2113e-06,-3.27449e-09,-3.27449e-09,-3.27449e-09,-3.27449e-09,0.0,0.0002
4.285,33294.1,-33294.1,-33294.1,-33294.1,8.29024e-06,-5.90151e-08,8.2113e-06,-3.27449e-09,-3.27449e-09,-3.27449e-09,-3.27449e-09,0.0,0.0002
4.29,33294.1,-33294.1,-33294.1,-33294.1,8.29024e-06,-5.90151e-08,8.2113e-06,-3.27449e-09,-3.27449e-09,-3.27449e-09,-3.27449e-09,0.0,0.0002
4.295,33294.1,-33294.1,-33294.1,-33294.1,8.29024e-06,-5.90151e-08,8.2113e-06,-3.27449e-09,-3.27449e-09,-3.27449e-09,-3.27449e-09,0.0,0.0002
4.3,33294.1,-33294.1,-33294.1,-33294.1,8.29024e-06,-5.90151e-08,8.2113e-06,-3.27449e-09,-3.27449e-09,-3.27449e-09,-3.27449e-09,0.0,0.0002
4.305,33294.1,-33294.1,-33294.1,-33294.1,8.29024e-06,-5.90151e-08,8.2113e-06,-3.27449e-09,-3.27449e-09,-3.27449e-09,-3.27449e-09,0.0,0.0002
4.31,33294.1,-33294.1,-33294.1,-33294.1,8.29024e-06,-5.90151e-08,8.2113e-06,-3.27449e-09,-3.27449e-09,-3.27449e-09,-3.27449e-09,0.0,0.0002
4.315,33294.1,-33294.1,-33294.1,-33294.1,8.29024e-06,-5.90151e-08,8.2113e-06,-3.27449e-09,-3.27449e-09,-3.27449e-09,-3.27449e-09,0.0,0.0002
4.32,33294.1,-33294.1,-33294.1,-33294.1,8.29024e-06,-5.90151e-08,8.2113e-06,-3.27449e-09,-3.27449e-09,-3.27449e-09,-3.27449e-09,0.0,0.0002
4.325,33294.1,-33294.1,-33294.1,-33294.1,8.29024e-06,-5.90151e-08,8.2113e-06,-3.27449e-09,-3.27449e-09,-3.27449e-09,-3.27449e-09,0.0,0.0002
4.33,33294.1,-33294.1,-33294.1,-33294.1,8.29024e-06,-5.90151e-08,8.2113e-06,-3.27449e-09,-3.27449e-09,-3.27449e-09,-3.27449e-09,0.0,0.0002
4.335,33294.1,-33294.1,-33294.1,-33294.1,8.29024e-06,-5.90151e-08,8.2113e-06,-3.27449e-09,-3.27449e-09,-3.27449e-09,-3.27449e-09,0.0,0.0002
4.34,33294.1,-33294.1,-33294.1,-33294.1,8.29024e-06,-5.90151e-08,8.2113e-06,-3.27449e-09,-3.27449e-09,-3.27449e-09,-3.27449e-09,0.0,0.0002
4.345,33294.1,-33294.1,-33294.1,-33294.1,8.29024e-06,-5.90151e-08,8.2113e-06,-3.27449e-09,-3.27449e-09,-3.27449e-09,-3.27449e-09,0.0,0.0002
4.35,33294.1,-33294.1,-33294.1,-33294.1,8.29024e-06,-5.90151e-08,8.2113e-06,-3.27449e-09,-3.27449e-09,-3.27449e-09,-3.27449e-09,0.0,0.0002
4.355,33294.1,-33294.1,-33294.1,-33294.1,8.29024e-06,-5.90151e-08,8.2113e-06,-3.27449e-09,-3.27449e-09,-3.27449e-09,-3.27449e-09,0.0,0.0002
4.36,33294.1,-33294.1,-33294.1,-33294.1,8.29024e-06,-5.90151e-08,8.2113e-06,-3.27449e-09,-3.27449e-09,-3.27449e-09,-3.27449e-09,0.0,0.0002
4.365,33294.1,-33294.1,-33294.1,-33294.1,8.29024e-06,-5.90151e-08,8.2113e-06,-3.27449e-09,-3.27449e-09,-3.27449e-09,-3.27449e-09,0.0,0.0002
4.37,33294.1,-33294.1,-33294.1,-33294.1,8.29024e-06,-5.90151e-08,8.2113e-06,-3.27449e-09,-3.27449e-09,-3.27449e-09,-3.27449e-09,0.0,0.0002
4.375,33294.1,-33294.1,-33294.1,-33294.1,8.29024e-06,-5.90151e-08,8.2113e-06,-3.27449e-09,-3.27449e-09,-3.27449e-09,-3.27449e-09,0.0,0.0002
4.38,33294.1,-33294.1,-33294.1,-33294.1,8.29024e-06,-5.90151e-08,8.2113e-06,-3.27449e-09,-3.27449e-09,-3.27449e-09,-3.27449e-09,0.0,0.0002
4.385,33294.1,-33294.1,-33294.1,-33294.1,8.29024e-06,-5.90151e-08,8.2113e-06,-3.27449e-09,-3.27449e-09,-3.27449e-09,-3.27449e-09,0.0,0.0002
4.39,33294.1,-33294.1,-33294.1,-33294.1,8.29024e-06,-5.90151e-08,8.2113e-06,-3.27449e-09,-3.27449e-09,-3.27449e-09,-3.27449e-09,0.0,0.0002
4.395,33294.1,-33294.1,-33294.1,-33294.1,8.29024e-06,-5.90151e-08,8.2113e-06,-3.27449e-09,-3.27449e-09,-3.27449e-09,-3.27449e-09,0.0,0.0002
4.4,33294.1,-33294.1,-33294.1,-33294.1,8.29024e-06,-5.90151e-08,8.2113e-06,-3.27449e-09,-3.27449e-09,-3.27449e-09,-3.27449e-09,0.0,0.0002
4.405,33294.1,-33294.1,-33294.1,-33294.1,8.29024e-06,-5.90151e-08,8.2113e-06,-3.27449e-09,-3.27449e-09,-3.27449e-09,-3.27449e-09,0.0,0.0002
4.41,33294.1,-33294.1,-33294.1,-33294.1,8.29024e-06,-5.90151e-08,8.2113e-06,-3.27449e-09,-3.27449e-09,-3.27449e-09,-3.27449e-09,0.0,0.0002
4.415,33294.1,-33294.1,-33294.1,-33294.1,8.29024e-06,-5.90151e-08,8.2113e-06,-3.27449e-09,-3.27449e-09,-3.27449e-09,-3.27449e-09,0.0,0.0002
4.42,33294.1,-33294.1,-33294.1,-33294.1,8.29024e-06,-5.90151e-08,8.2113e-06,-3.27449e-09,-3.27449e-09,-3.27449e-09,-3.27449e-09,0.0,0.0002
4.425,33294.1,-33294.1,-33294.1,-33294.1,8.29024e-06,-5.90151e-08,8.2113e-06,-3.27449e-09,-3.27449e-09,-3.27449e-09,-3.27449e-09,0.0,0.0002
4.43,33294.1,-33294.1,-33294.1,-33294.1,8.29024e-06,-5.90151e-08,8.2113e-06,-3.27449e-09,-3.27449e-09,-3.27449e-09,-3.27449e-09,0.0,0.0002
4.435,33294.1,-33294.1,-33294.1,-33294.1,8.29024e-06,-5.90151e-08,8.2113e-06,-3.27449e-09,-3.27449e-09,-3.27449e-09,-3.27449e-09,0.0,0.0002
4.44,33294.1,-33294.1,-33294.1,-33294.1,8.29024e-06,-5.90151e-08,8.2113e-06,-3.27449e-09,-3.27449e-09,-3.27449e-09,-3.27449e-09,0.0,0.0002
4.445,33294.1,-33294.1,-33294.1,-33294.1,8.29024e-06,-5.90151e-08,8.2113e-06,-3.27449e-09,-3.27449e-09,-3.27449e-09,-3.27449e-09,0.0,0.0002
4.45,33294.1,-33294.1,-33294.1,-33294.1,8.29024e-06,-5.90151e-08,8.2113e-06,-3.27449e-09,-3.27449e-09,-3.27449e-09,-3.27449e-09,0.0,0.0002
4.455,33294.1,-33294.1,-33294.1,-33294.1,8.29024e-06,-5.90151e-08,8.2113e-06,-3.27449e-09,-3.27449e-09,-3.27449e-09,-3.27449e-09,0.0,0.0002
4.46,33294.1,-33294.1,-33294.1,-33294.1,8.29024e-06,-5.90151e-08,8.2113e-06,-3.27449e-09,-3.27449e-09,-3.27449e-09,-3.27449e-09,0.0,0.0002
4.465,33294.1,-33294.1,-33294.1,-33294.1,8.29024e-06,-5.90151e-08,8.2113e-06,-3.27449e-09,-3.27449e-09,-3.27449e-09,-3.27449e-09,0.0,0.0002
4.47,33294.1,-33294.1,-33294.1,-33294.1,8.29024e-06,-5.90151e-08,8.2113e-06,-3.27449e-09,-3.27449e-09,-3.27449e-09,-3.27449e-09,0.0,0.0002
4.475,33294.1,-33294.1,-33294.1,-33294.1,8.29024e-06,-5.90151e-08,8.2113e-06,-3.27449e-09,-3.27449e-09,-3.27449e-09,-3.27449e-09,0.0,0.0002
4.48,33294.1,-33294.1,-33294.1,-33294.1,8.29024e-06,-5.90151e-08,8.2113e-06,-3.27449e-09,-3.27449e-09,-3.27449e-09,-3.27449e-09,0.0,0.0002
4.485,33294.1,-33294.1,-33294.1,-33294.1,8.29024e-06,-5.90151e-08,8.2113e-06,-3.27449e-09,-3.27449e-09,-3.27449e-09,-3.27449e-09,0.0,0.0002
4.49,33294.1,-33294.1,-33294.1,-33294.1,8.29024e-06,-5.90151e-08,8.2113e-06,-3.27449e-09,-3.27449e-09,-3.27449e-09,-3.27449e-09,0.0,0.0002
4.495,33294.1,-33294.1,-33294.1,-33294.1,8.29024e-06,-5.90151e-08,8.2113e-06,-3.27449e-09,-3.27449e-09,-3.27449e-09,-3.27449e-09,0.0,0.0002
4.5,33294.1,-33294.1,-33294.1,-33294.1,8.29024e-06,-5.90151e-08,8.2113e-06,-3.27449e-09,-3.27449e-09,-3.27449e-09,-3.27449e-09,0.0,0.0002
4.505,33294.1,-33294.1,-33294.1,-33294.1,8.29024e-06,-5.90151e-08,8.2113e-06,-3.27449e-09,-3.27449e-09,-3.27449e-09,-3.27449e-09,0.0,0.0002
4.51,33294.1,-33294.1,-33294.1,-33294.1,8.29024e-06,-5.90151e-08,8.2113e-06,-3.27449e-09,-3.27449e-09,-3.27449e-09,-3.27449e-09,0.0,0.0002
4.515,33294.1,-33294.1,-33294.1,-33294.1,8.29024e-06,-5.90151e-08,8.2113e-06,-3.27449e-09,-3.27449e-09,-3.27449e-09,-3.27449e-09,0.0,0.0002
4.52,33294.1,-33294.1,-33294.1,-33294.1,8.29024e-06,-5.90151e-08,8.2113e-06,-3.27449e-09,-3.27449e-09,-3.27449e-09,-3.27449e-09,0.0,0.0002
4.525,33294.1,-33294.1,-33294.1,-33294.1,8.29024e-06,-5.90151e-08,8.2113e-06,-3.27449e-09,-3.27449e-09,-3.27449e-09,-3.27449e-09,0.0,0.0002
4.53,33294.1,-33294.1,-33294.1,-33294.1,8.29024e-06,-5.90151e-08,8.2113e-06,-3.27449e-09,-3.27449e-09,-3.27449e-09,-3.27449e-09,0.0,0.0002
4.535,33294.1,-33294.1,-33294.1,-33294.1,8.29024e-06,-5.90151e-08,8.2113e-06,-3.27449e-09,-3.27449e-09,-3.27449e-09,-3.27449e-09,0.0,0.0002
4.54,33294.1,-33294.1,-33294.1,-33294.1,8.29024e-06,-5.90151e-08,8.2113e-06,-3.27449e-09,-3.27449e-09,-3.27449e-09,-3.27449e-09,0.0,0.0002
4.545,33294.1,-33294.1,-33294.1,-33294.1,8.29024e-06,-5.90151e-08,8.2113e-06,-3.27449e-09,-3.27449e-09,-3.27449e-09,-3.27449e-09,0.0,0.0002
4.55,33294.1,-33294.1,-33294.1,-33294.1,8.29024e-06,-5.90151e-08,8.2113e-06,-3.27449e-09,-3.27449e-09,-3.27449e-09,-3.27449e-09,0.0,0.0002
4.555,33294.1,-33294.1,-33294.1,-33294.1,8.29024e-06,-5.90151e-08,8.2113e-06,-3.27449e-09,-3.27449e-09,-3.27449e-09,-3.27449e-09,0.0,0.0002
4.56,33294.1,-33294.1,-33294.1,-33294.1,8.29024e-06,-5.90151e-08,8.2113e-06,-3.27449e-09,-3.27449e-09,-3.27449e-09,-3.27449e-09,0.0,0.0002
4.565,33294.1,-33294.1,-33294.1,-33294.1,8.29024e-06,-5.90151e-08,8.2113e-06,-3.27449e-09,-3.27449e-09,-3.27449e-09,-3.27449e-09,0.0,0.0002
4.57,33294.1,-33294.1,-33294.1,-33294.1,8.29024e-06,-5.90151e-08,8.2113e-06,-3.27449e-09,-3.27449e-09,-3.27449e-09,-3.27449e-09,0.0,0.0002
4.575,33294.1,-33294.1,-33294.1,-33294.1,8.29024e-06,-5.90151e-08,8.2113e-06,-3.27449e-09,-3.27449e-09,-3.27449e-09,-3.27449e-09,0.0,0.0002
4.58,33294.1,-33294.1,-33294.1,-33294.1,8.29024e-06,-5.90151e-08,8.2113e-06,-3.27449e-09,-3.27449e-09,-3.27449e-09,-3.27449e-09,0.0,0.0002
4.585,33294.1,-33294.1,-33294.1,-33294.1,8.29024e-06,-5.90151e-08,8.2113e-06,-3.27449e-09,-3.27449e-09,-3.27449e-09,-3.27449e-09,0.0,0.0002
4.59,33294.1,-33294.1,-33294.1,-33294.1,8.29024e-06,-5.90151e-08,8.2113e-06,-3.27449e-09,-3.27449e-09,-3.27449e-09,-3.27449e-09,0.0,0.0002
4.595,33294.1,-33294.1,-33294.1,-33294.1,8.29024e-06,-5.90151e-08,8.2113e-06,-3.27449e-09,-3.27449e-09,-3.27449e-09,-3.27449e-09,0.0,0.0002
4.6,33294.1,-33294.1,-33294.1,-33294.1,8.29024e-06,-5.90151e-08,8.2113e-06,-3.27449e-09,-3.27449e-09,-3.27449e-09,-3.27449e-09,0.0,0.0002
4.605,33294.1,-33294.1,-33294.1,-33294.1,8.29024e-06,-5.90151e-08,8.2113e-06,-3.27449e-09,-3.27449e-09,-3.27449e-09,-3.27449e-09,0.0,0.0002
4.61,33294.1,-33294.1,-33294.1,-33294.1,8.29024e-06,-5.90151e-08,8.2113e-06,-3.27449e-09,-3.27449e-09,-3.27449e-09,-3.27449e-09,0.0,0.0002
4.615,33294.1,-33294.1,-33294.1,-33294.1,8.29024e-06,-5.90151e-08,8.2113e-06,-3.27449e-09,-3.27449e-09,-3.27449e-09,-3.27449e-09,0.0,0.0002
4.62,33294.1,-33294.1,-33294.1,-33294.1,8.29024e-06,-5.90151e-08,8.2113e-06,-3.27449e-09,-3.27449e-09,-3.27449e-09,-3.27449e-09,0.0,0.0002
4.625,33294.1,-33294.1,-33294.1,-33294.1,8.29024e-06,-5.90151e-08,8.2113e-06,-3.27449e-09,-3.27449e-09,-3.27449e-09,-3.27449e-09,0.0,0.0002
4.63,33294.1,-33294.1,-33294.1,-33294.1,8.29024e-06,-5.90151e-08,8.2113e-06,-3.27449e-09,-3.27449e-09,-3.27449e-09,-3.27449e-09,0.0,0.0002
4.635,33294.1,-33294.1,-33294.1,-33294.1,8.29024e-06,-5.90151e-08,8.2113e-06,-3.27449e-09,-3.27449e-09,-3.27449e-09,-3.27449e-09,0.0,0.0002
4.64,33294.1,-33294.1,-33294.1,-33294.1,8.29024e-06,-5.90151e-08,8.2113e-06,-3.27449e-09,-3.27449e-09,-3.27449e-09,-3.27449e-09,0.0,0.0002
4.645,33294.1,-33294.1,-33294.1,-33294.1,8.29024e-06,-5.90151e-08,8.2113e-06,-3.27449e-09,-3.27449e-09,-3.27449e-09,-3.27449e-09,0.0,0.0002
4.65,33294.1,-33294.1,-33294.1,-33294.1,8.29024e-06,-5.90151e-08,8.2113e-06,-3.27449e-09,-3.27449e-09,-3.27449e-09,-3.27449e-09,0.0,0.0002
4.655,33294.1,-33294.1,-33294.1,-33294.1,8.29024e-06,-5.90151e-08,8.2113e-06,-3.27449e-09,-3.27449e-09,-3.27449e-09,-3.27449e-09,0.0,0.0002
4.66,33294.1,-33294.1,-33294.1,-33294.1,8.29024e-06,-5.90151e-08,8.2113e-06,-3.27449e-09,-3.27449e-09,-3.27449e-09,-3.27449e-09,0.0,0.0002
4.665,33294.1,-33294.1,-33294.1,-33294.1,8.29024e-06,-5.90151e-08,8.2113e-06,-3.27449e-09,-3.27449e-09,-3.27449e-09,-3.27449e-09,0.0,0.0002
4.67,33294.1,-33294.1,-33294.1,-33294.1,8.29024e-06,-5.90151e-08,8.2113e-06,-3.27449e-09,-3.27449e-09,-3.27449e-09,-3.27449e-09,0.0,0.0002
4.675,33294.1,-33294.1,-33294.1,-33294.1,8.29024e-06,-5.90151e-08,8.2113e-06,-3.27449e-09,-3.27449e-09,-3.27449e-09,-3.27449e-09,0.0,0.0002
4.68,33294.1,-33294.1,-33294.1,-33294.1,8.29024e-06,-5.90151e-08,8.2113e-06,-3.27449e-09,-3.27449e-09,-3.27449e-09,-3.27449e-09,0.0,0.0002
4.685,33294.1,-33294.1,-33294.1,-33294.1,8.29024e-06,-5.90151e-08,8.2113e-06,-3.27449e-09,-3.27449e-09,-3.27449e-09,-3.27449e-09,0.0,0.0002
4.69,33294.1,-33294.1,-33294.1,-33294.1,8.29024e-06,-5.90151e-08,8.2113e-06,-3.27449e-09,-3.27449e-09,-3.27449e-09,-3.27449e-09,0.0,0.0002
4.695,33294.1,-33294.1,-33294.1,-33294.1,8.29024e-06,-5.90151e-08,8.2113e-06,-3.27449e-09,-3.27449e-09,-3.27449e-09,-3.27449e-09,0.0,0.0002
4.7,33294.1,-33294.1,-33294.1,-33294.1,8.29024e-06,-5.90151e-08,8.2113e-06,-3.27449e-09,-3.27449e-09,-3.27449e-09,-3.27449e-09,0.0,0.0002
4.705,33294.1,-33294.1,-33294.1,-33294.1,8.29024e-06,-5.90151e-08,8.2113e-06,-3.27449e-09,-3.27449e-09,-3.27449e-09,-3.27449e-09,0.0,0.0002
4.71,33294.1,-33294.1,-33294.1,-33294.1,8.29024e-06,-5.90151e-08,8.2113e-06,-3.27449e-09,-3.27449e-09,-3.27449e-09,-3.27449e-09,0.0,0.0002
4.715,33294.1,-33294.1,-33294.1,-33294.1,8.29024e-06,-5.90151e-08,8.2113e-06,-3.27449e-09,-3.27449e-09,-3.27449e-09,-3.27449e-09,0.0,0.0002
4.72,33294.1,-33294.1,-33294.1,-33294.1,8.29024e-06,-5.90151e-08,8.2113e-06,-3.27449e-09,-3.27449e-09,-3.27449e-09,-3.27449e-09,0.0,0.0002
4.725,33294.1,-33294.1,-33294.1,-33294.1,8.29024e-06,-5.90151e-08,8.2113e-06,-3.27449e-09,-3.27449e-09,-3.27449e-09,-3.27449e-09,0.0,0.0002
4.73,33294.1,-33294.1,-33294.1,-33294.1,8.29024e-06,-5.90151e-08,8.2113e-06,-3.27449e-09,-3.27449e-09,-3.27449e-09,-3.27449e-09,0.0,0.0002
4.735,33294.1,-33294.1,-33294.1,-33294.1,8.29024e-06,-5.90151e-08,8.2113e-06,-3.27449e-09,-3.27449e-09,-3.27449e-09,-3.27449e-09,0.0,0.0002
4.74,33294.1,-33294.1,-33294.1,-33294.1,8.29024e-06,-5.90151e-08,8.2113e-06,-3.27449e-09,-3.27449e-09,-3.27449e-09,-3.27449e-09,0.0,0.0002
4.745,33294.1,-33294.1,-33294.1,-33294.1,8.29024e-06,-5.90151e-08,8.2113e-06,-3.27449e-09,-3.27449e-09,-3.27449e-09,-3.27449e-09,0.0,0.0002
4.75,33294.1,-33294.1,-33294.1,-33294.1,8.29024e-06,-5.90151e-08,8.2113e-06,-3.27449e-09,-3.27449e-09,-3.27449e-09,-3.27449e-09,0.0,0.0002
4.755,33294.1,-33294.1,-33294.1,-33294.1,8.29024e-06,-5.90151e-08,8.2113e-06,-3.27449e-09,-3.27449e-09,-3.27449e-09,-3.27449e-09,0.0,0.0002
4.76,33294.1,-33294.1,-33294.1,-33294.1,8.29024e-06,-5.90151e-08,8.2113e-06,-3.27449e-09,-3.27449e-09,-3.27449e-09,-3.27449e-09,0.0,0.0002
4.765,33294.1,-33294.1,-33294.1,-33294.1,8.29024e-06,-5.90151e-08,8.2113e-06,-3.27449e-09,-3.27449e-09,-3.27449e-09,-3.27449e-09,0.0,0.0002
4.77,33294.1,-33294.1,-33294.1,-33294.1,8.29024e-06,-5.90151e-08,8.2113e-06,-3.27449e-09,-3.27449e-09,-3.27449e-09,-3.27449e-09,0.0,0.0002
4.775,33294.1,-33294.1,-33294.1,-33294.1,8.29024e-06,-5.90151e-08,8.2113e-06,-3.27449e-09,-3.27449e-09,-3.27449e-09,-3.27449e-09,0.0,0.0002
4.78,33294.1,-33294.1,-33294.1,-33294.1,8.29024e-06,-5.90151e-08,8.2113e-06,-3.27449e-09,-3.27449e-09,-3.27449e-09,-3.27449e-09,0.0,0.0002
4.785,33294.1,-33294.1,-33294.1,-33294.1,8.29024e-06,-5.90151e-08,8.2113e-06,-3.27449e-09,-3.27449e-09,-3.27449e-09,-3.27449e-09,0.0,0.0002
4.79,33294.1,-33294.1,-33294.1,-33294.1,8.29024e-06,-5.90151e-08,8.2113e-06,-3.27449e-09,-3.27449e-09,-3.27449e-09,-3.27449e-09,0.0,0.0002
4.795,33294.1,-33294.1,-33294.1,-33294.1,8.29024e-06,-5.90151e-08,8.2113e-06,-3.27449e-09,-3.27449e-09,-3.27449e-09,-3.27449e-09,0.0,0.0002
4.8,33294.1,-33294.1,-33294.1,-33294.1,8.29024e-06,-5.90151e-08,8.2113e-06,-3.27449e-09,-3.27449e-09,-3.27449e-09,-3.27449e-09,0.0,0.0002
4.805,33294.1,-33294.1,-33294.1,-33294.1,8.29024e-06,-5.90151e-08,8.2113e-06,-3.27449e-09,-3.27449e-09,-3.27449e-09,-3.27449e-09,0.0,0.0002
4.81,33294.1,-33294.1,-33294.1,-33294.1,8.29024e-06,-5.90151e-08,8.2113e-06,-3.27449e-09,-3.27449e-09,-3.27449e-09,-3.27449e-09,0.0,0.0002
4.815,33294.1,-33294.1,-33294.1,-33294.1,8.29024e-06,-5.90151e-08,8.2113e-06,-3.27449e-09,-3.27449e-09,-3.27449e-09,-3.27449e-09,0.0,0.0002
4.82,33294.1,-33294.1,-33294.1,-33294.1,8.29024e-06,-5.90151e-08,8.2113e-06,-3.27449e-09,-3.27449e-09,-3.27449e-09,-3.27449e-09,0.0,0.0002
4.825,33294.1,-33294.1,-33294.1,-33294.1,8.29024e-06,-5.90151e-08,8.2113e-06,-3.27449e-09,-3.27449e-09,-3.27449e-09,-3.27449e-09,0.0,0.0002
4.83,33294.1,-33294.1,-33294.1,-33294.1,8.29024e-06,-5.90151e-08,8.2113e-06,-3.27449e-09,-3.27449e-09,-3.27449e-09,-3.27449e-09,0.0,0.0002
4.835,33294.1,-33294.1,-33294.1,-33294.1,8.29024e-06,-5.90151e-08,8.2113e-06,-3.27449e-09,-3.27449e-09,-3.27449e-09,-3.27449e-09,0.0,0.0002
4.84,33294.1,-33294.1,-33294.1,-33294.1,8.29024e-06,-5.90151e-08,8.2113e-06,-3.27449e-09,-3.27449e-09,-3.27449e-09,-3.27449e-09,0.0,0.0002
4.845,33294.1,-33294.1,-33294.1,-33294.1,8.29024e-06,-5.90151e-08,8.2113e-06,-3.27449e-09,-3.27449e-09,-3.27449e-09,-3.27449e-09,0.0,0.0002
4.85,33294.1,-33294.1,-33294.1,-33294.1,8.29024e-06,-5.90151e-08,8.2113e-06,-3.27449e-09,-3.27449e-09,-3.27449e-09,-3.27449e-09,0.0,0.0002
4.855,33294.1,-33294.1,-33294.1,-33294.1,8.29024e-06,-5.90151e-08,8.2113e-06,-3.27449e-09,-3.27449e-09,-3.27449e-09,-3.27449e-09,0.0,0.0002
4.86,33294.1,-33294.1,-33294.1,-33294.1,8.29024e-06,-5.90151e-08,8.2113e-06,-3.27449e-09,-3.27449e-09,-3.27449e-09,-3.27449e-09,0.0,0.0002
4.865,33294.1,-33294.1,-33294.1,-33294.1,8.29024e-06,-5.90151e-08,8.2113e-06,-3.27449e-09,-3.27449e-09,-3.27449e-09,-3.27449e-09,0.0,0.0002
4.87,33294.1,-33294.1,-33294.1,-33294.1,8.29024e-06,-5.90151e-08,8.2113e-06,-3.27449e-09,-3.27449e-09,-3.27449e-09,-3.27449e-09,0.0,0.0002
4.875,33294.1,-33294.1,-33294.1,-33294.1,8.29024e-06,-5.90151e-08,8.2113e-06,-3.27449e-09,-3.27449e-09,-3.27449e-09,-3.27449e-09,0.0,0.0002
4.88,33294.1,-33294.1,-33294.1,-33294.1,8.29024e-06,-5.90151e-08,8.2113e-06,-3.27449e-09,-3.27449e-09,-3.27449e-09,-3.27449e-09,0.0,0.0002
4.885,33294.1,-33294.1,-33294.1,-33294.1,8.29024e-06,-5.90151e-08,8.2113e-06,-3.27449e-09,-3.27449e-09,-3.27449e-09,-3.27449e-09,0.0,0.0002
4.89,33294.1,-33294.1,-33294.1,-33294.1,8.29024e-06,-5.90151e-08,8.2113e-06,-3.27449e-09,-3.27449e-09,-3.27449e-09,-3.27449e-09,0.0,0.0002
4.895,33294.1,-33294.1,-33294.1,-33294.1,8.29024e-06,-5.90151e-08,8.2113e-06,-3.27449e-09,-3.27449e-09,-3.27449e-09,-3.27449e-09,0.0,0.0002
4.9,33294.1,-33294.1,-33294.1,-33294.1,8.29024e-06,-5.90151e-08,8.2113e-06,-3.27449e-09,-3.27449e-09,-3.27449e-09,-3.27449e-09,0.0,0.0002
4.905,33294.1,-33294.1,-33294.1,-33294.1,8.29024e-06,-5.90151e-08,8.2113e-06,-3.27449e-09,-3.27449e-09,-3.27449e-09,-3.27449e-09,0.0,0.0002
4.91,33294.1,-33294.1,-33294.1,-33294.1,8.29024e-06,-5.90151e-08,8.2113e-06,-3.27449e-09,-3.27449e-09,-3.27449e-09,-3.27449e-09,0.0,0.0002
4.915,33294.1,-33294.1,-33294.1,-33294.1,8.29024e-06,-5.90151e-08,8.2113e-06,-3.27449e-09,-3.27449e-09,-3.27449e-09,-3.27449e-09,0.0,0.0002
4.92,33294.1,-33294.1,-33294.1,-33294.1,8.29024e-06,-5.90151e-08,8.2113e-06,-3.27449e-09,-3.27449e-09,-3.27449e-09,-3.27449e-09,0.0,0.0002
4.925,33294.1,-33294.1,-33294.1,-33294.1,8.29024e-06,-5.90151e-08,8.2113e-06,-3.27449e-09,-3.27449e-09,-3.27449e-09,-3.27449e-09,0.0,0.0002
4.93,33294.1,-33294.1,-33294.1,-33294.1,8.29024e-06,-5.90151e-08,8.2113e-06,-3.27449e-09,-3.27449e-09,-3.27449e-09,-3.27449e-09,0.0,0.0002
4.935,33294.1,-33294.1,-33294.1,-33294.1,8.29024e-06,-5.90151e-08,8.2113e-06,-3.27449e-09,-3.27449e-09,-3.27449e-09,-3.27449e-09,0.0,0.0002
4.94,33294.1,-33294.1,-33294.1,-33294.1,8.29024e-06,-5.90151e-08,8.2113e-06,-3.27449e-09,-3.27449e-09,-3.27449e-09,-3.27449e-09,0.0,0.0002
4.945,33294.1,-33294.1,-33294.1,-33294.1,8.29024e-06,-5.90151e-08,8.2113e-06,-3.27449e-09,-3.27449e-09,-3.27449e-09,-3.27449e-09,0.0,0.0002
4.95,33294.1,-33294.1,-33294.1,-33294.1,8.29024e-06,-5.90151e-08,8.2113e-06,-3.27449e-09,-3.27449e-09,-3.27449e-09,-3.27449e-09,0.0,0.0002
4.955,33294.1,-33294.1,-33294.1,-33294.1,8.29024e-06,-5.90151e-08,8.2113e-06,-3.27449e-09,-3.27449e-09,-3.27449e-09,-3.27449e-09,0.0,0.0002
4.96,33294.1,-33294.1,-33294.1,-33294.1,8.29024e-06,-5.90151e-08,8.2113e-06,-3.27449e-09,-3.27449e-09,-3.27449e-09,-3.27449e-09,0.0,0.0002
4.965,33294.1,-33294.1,-33294.1,-33294.1,8.29024e-06,-5.90151e-08,8.2113e-06,-3.27449e-09,-3.27449e-09,-3.27449e-09,-3.27449e-09,0.0,0.0002
4.97,33294.1,-33294.1,-33294.1,-33294.1,8.29024e-06,-5.90151e-08,8.2113e-06,-3.27449e-09,-3.27449e-09,-3.27449e-09,-3.27449e-09,0.0,0.0002
4.975,33294.1,-33294.1,-33294.1,-33294.1,8.29024e-06,-5.90151e-08,8.2113e-06,-3.27449e-09,-3.27449e-09,-3.27449e-09,-3.27449e-09,0.0,0.0002
4.98,33294.1,-33294.1,-33294.1,-33294.1,8.29024e-06,-5.90151e-08,8.2113e-06,-3.27449e-09,-3.27449e-09,-3.27449e-09,-3.27449e-09,0.0,0.0002
4.985,33294.1,-33294.1,-33294.1,-33294.1,8.29024e-06,-5.90151e-08,8.2113e-06,-3.27449e-09,-3.27449e-09,-3.27449e-09,-3.27449e-09,0.0,0.0002
4.99,33294.1,-33294.1,-33294.1,-33294.1,8.29024e-06,-5.90151e-08,8.2113e-06,-3.27449e-09,-3.27449e-09,-3.27449e-09,-3.27449e-09,0.0,0.0002
4.995,33294.1,-33294.1,-33294.1,-33294.1,8.29024e-06,-5.90151e-08,8.2113e-06,-3.27449e-09,-3.27449e-09,-3.27449e-09,-3.27449e-09,0.0,0.0002
5.0,33294.1,-33294.1,-33294.1,-33294.1,8.29024e-06,-5.90151e-08,8.2113e-06,-3.27449e-09,-3.27449e-09,-3.27449e-09,-3.27449e-09,0.0,0.0002
5.005,20276.2,20276.2,20276.2,20276.2,1.11818e-05,4.5715e-08,1.11933e-05,-3.18458e-09,-3.18458e-09,-3.18458e-09,-3.18458e-09,2.5,0.0002
5.01,96581.0,96581.0,96581.0,96581.0,1.43317e-05,1.00598e-07,1.43801e-05,-3.05321e-09,-3.05321e-09,-3.05321e-09,-3.05321e-09,5.89723,0.0002
5.015,154206.0,154206.0,154206.0,154206.0,1.62996e-05,1.26882e-07,1.63625e-05,-2.95028e-09,-2.95028e-09,-2.95028e-09,-2.95028e-09,8.39723,0.0002
5.02,212539.0,212539.0,212539.0,212539.0,1.80961e-05,1.4926e-07,1.81704e-05,-2.84277e-09,-2.84277e-09,-2.84277e-09,-2.84277e-09,12.3914,0.0002
5.025,307052.0,307052.0,307052.0,307052.0,2.06466e-05,1.79163e-07,2.07346e-05,-2.65781e-09,-2.65781e-09,-2.65781e-09,-2.65781e-09,15.7685,0.0002
5.03,366670.0,366670.0,366670.0,366670.0,2.21306e-05,1.96071e-07,2.2226e-05,-2.53546e-09,-2.53546e-09,-2.53546e-09,-2.53546e-09,21.0107,0.0002
5.035,493054.0,493054.0,493054.0,493054.0,2.49076e-05,2.26719e-07,2.50155e-05,-2.24332e-09,-2.24332e-09,-2.24332e-09,-2.24332e-09,23.5107,0.0002
5.04,574763.0,574763.0,574763.0,574763.0,2.66253e-05,2.45507e-07,2.67406e-05,-2.04198e-09,-2.04198e-09,-2.04198e-09,-2.04198e-09,21.499,0.0002
5.045,525965.0,525965.0,525965.0,525965.0,2.56327e-05,2.34729e-07,2.57438e-05,-2.16685e-09,-2.16685e-09,-2.16685e-09,-2.16685e-09,22.9479,0.0002
5.05,586638.0,586638.0,586638.0,586638.0,2.68592e-05,2.48031e-07,2.69754e-05,-2.00974e-09,-2.00974e-09,-2.00974e-09,-2.00974e-09,22.1616,0.0002
5.055,567524.0,567524.0,567524.0,567524.0,2.64809e-05,2.43944e-07,2.65956e-05,-2.06112e-09,-2.06112e-09,-2.06112e-09,-2.06112e-09,24.6616,0.0002
5.06,602763.0,602763.0,602763.0,602763.0,2.71735e-05,2.51418e-07,2.7291e-05,-1.96502e-09,-1.96502e-09,-1.96502e-09,-1.96502e-09,31.7926,0.0002
5.065,777107.0,777107.0,777107.0,777107.0,3.03592e-05,2.85419e-07,3.04888e-05,-1.37175e-09,-1.37175e-09,-1.37175e-09,-1.37175e-09,33.8609,0.0002
5.07,838491.0,838491.0,838491.0,838491.0,3.14117e-05,2.96555e-07,3.15451e-05,-1.1e-09,-1.1e-09,-1.1e-09,-1.1e-09,35.0111,0.0002
5.075,866793.0,866793.0,866793.0,866793.0,3.18816e-05,3.01508e-07,3.20167e-05,-9.45999e-10,-9.45999e-10,-9.45999e-10,-9.45999e-10,37.5111,0.0002
5.08,917736.0,917736.0,917736.0,917736.0,3.27135e-05,3.10259e-07,3.28515e-05,-6.30731e-10,-6.30731e-10,-6.30731e-10,-6.30731e-10,40.5545,0.0002
5.085,992860.0,992860.0,992860.0,992860.0,3.38973e-05,3.22666e-07,3.40394e-05,-5.73812e-11,-5.73812e-11,-5.73812e-11,-5.73812e-11,43.3512,0.0002
5.09,1054660.0,1054660.0,1054660.0,1054660.0,3.48486e-05,3.32612e-07,3.49939e-05,4.37391e-10,4.37391e-10,4.37391e-10,4.37391e-10,46.779,0.0002
5.095,1102920.0,1102530.0,1102520.0,1102330.0,3.55707e-05,3.40141e-07,4.72012e-05,1.14837e-05,1.14837e-05,1.14837e-05,1.14837e-05,49.279,0.0002
5.1,1108080.0,1106130.0,1106060.0,1105110.0,3.5647e-05,3.40936e-07,6.21017e-05,2.63077e-05,2.63077e-05,2.63077e-05,2.63078e-05,50.8811,0.0002
5.105,1112830.0,1108840.0,1108710.0,1106770.0,3.5717e-05,3.41664e-07,7.12954e-05,3.54313e-05,3.54314e-05,3.54314e-05,3.54315e-05,52.0832,0.0002
5.11,1119970.0,1113000.0,1112760.0,1109370.0,3.58223e-05,3.42761e-07,8.5708e-05,4.97383e-05,4.97386e-05,4.97386e-05,4.97388e-05,52.9159,0.0002
5.115,1122920.0,1114540.0,1114260.0,1110190.0,3.58656e-05,3.43212e-07,9.03676e-05,5.43544e-05,5.43549e-05,5.43549e-05,5.43551e-05,55.4159,0.0002
5.12,1127300.0,1116810.0,1116460.0,1111360.0,3.59299e-05,3.43881e-07,9.70639e-05,6.09862e-05,6.09868e-05,6.09868e-05,6.09871e-05,55.7335,0.0002
5.125,1129030.0,1117580.0,1117190.0,1111620.0,3.59551e-05,3.44143e-07,9.86927e-05,6.25899e-05,6.25906e-05,6.25906e-05,6.2591e-05,60.0411,0.0002
5.13,1138870.0,1122510.0,1121950.0,1114000.0,3.60993e-05,3.45643e-07,0.000112438,7.6191e-05,7.61922e-05,7.61922e-05,7.61928e-05,64.8631,0.0002
5.135,1163770.0,1133740.0,1132720.0,1118120.0,3.64594e-05,3.49388e-07,0.000137496,0.000100887,0.00010089,0.00010089,0.000100892,67.3631,0.0002
5.14,1186440.0,1143900.0,1142450.0,1121770.0,3.67868e-05,3.52791e-07,0.000159776,0.000122839,0.000122844,0.000122844,0.000122847,65.5311,0.0002
5.145,1176160.0,1139390.0,1138140.0,1120270.0,3.66389e-05,3.51253e-07,0.000150458,0.00011367,0.000113674,0.000113674,0.000113676,72.2395,0.0002
5.15,1190460.0,1145620.0,1144100.0,1122300.0,3.68444e-05,3.53389e-07,0.000163106,0.000126112,0.000126117,0.000126117,0.00012612,80.1456,0.0002
5.155,1246050.0,1168400.0,1165760.0,1128010.0,3.76247e-05,3.61481e-07,0.00020055,0.000162773,0.000162786,0.000162786,0.000162792,82.6456,0.0002
5.16,1293730.0,1187880.0,1184280.0,1132820.0,3.82926e-05,3.68406e-07,0.000232198,0.000193752,0.000193771,0.000193771,0.000193781,77.7445,0.0002
5.165,1256370.0,1172890.0,1170060.0,1129480.0,3.77744e-05,3.63037e-07,0.0002097,0.000171773,0.000171786,0.000171787,0.000171793,81.1057,0.0002
5.17,1274930.0,1180390.0,1177180.0,1131210.0,3.80331e-05,3.65718e-07,0.000221298,0.000183112,0.000183128,0.000183128,0.000183136,84.712,0.0002
5.175,1303960.0,1191880.0,1188070.0,1133580.0,3.84315e-05,3.69843e-07,0.000237472,0.000198887,0.000198907,0.000198908,0.000198918,87.212,0.0002
5.18,1331220.0,1202650.0,1198280.0,1135770.0,3.88051e-05,3.7371e-07,0.000252496,0.000213537,0.000213562,0.000213562,0.000213575,90.2148,0.0002
5.185,1357290.0,1212790.0,1207880.0,1137620.0,3.91565e-05,3.77344e-07,0.000265497,0.000226185,0.000226215,0.000226216,0.000226231,91.2323,0.0002
5.19,1379230.0,1221300.0,1215930.0,1139150.0,3.94515e-05,3.80393e-07,0.000276262,0.000236655,0.000236688,0.00023669,0.000236707,91.828,0.0002
5.195,1384610.0,1223370.0,1217900.0,1139500.0,3.95233e-05,3.81134e-07,0.000278789,0.00023911,0.000239144,0.000239145,0.000239163,94.328,0.0002
5.2,1393850.0,1226930.0,1221260.0,1140110.0,3.96463e-05,3.82405e-07,0.000283095,0.000243293,0.000243329,0.00024333,0.000243349,98.6147,0.0002
5.205,1434020.0,1242300.0,1235790.0,1142570.0,4.01758e-05,3.8787e-07,0.000300923,0.00026059,0.000260634,0.000260636,0.000260658,101.581,0.0002
5.21,1457860.0,1251390.0,1244380.0,1143990.0,4.04881e-05,3.91092e-07,0.000311222,0.000270576,0.000270625,0.000270626,0.000270652,104.68,0.0002
5.215,1488650.0,1263030.0,1255370.0,1145680.0,4.08853e-05,3.95186e-07,0.000323681,0.000282637,0.000282693,0.000282695,0.000282724,107.18,0.0002
5.22,1518250.0,1274220.0,1265930.0,1147280.0,4.12665e-05,3.99115e-07,0.000335575,0.00029415,0.000294212,0.000294214,0.000294246,107.596,0.0002
5.225,1522670.0,1275870.0,1267490.0,1147490.0,4.1322e-05,3.99686e-07,0.000337176,0.000295695,0.000295758,0.00029576,0.000295793,110.728,0.0002
5.23,1548270.0,1285500.0,1276570.0,1148810.0,4.16481e-05,4.03044e-07,0.000347039,0.000305231,0.0003053,0.000305303,0.000305339,114.039,0.0002
5.235,1583370.0,1298620.0,1288940.0,1150490.0,4.20882e-05,4.07572e-07,0.000359803,0.000317554,0.000317632,0.000317634,0.000317675,116.539,0.0002
5.24,1616700.0,1311060.0,1300680.0,1152070.0,4.25052e-05,4.11861e-07,0.000371844,0.000329178,0.000329263,0.000329266,0.000329311,119.131,0.0002
5.245,1645170.0,1321630.0,1310640.0,1153330.0,4.28556e-05,4.15462e-07,0.000381596,0.000338578,0.000338671,0.000338674,0.000338723,123.566,0.0002
5.25,1672720.0,1331860.0,1320280.0,1154540.0,4.31942e-05,4.18941e-07,0.000390975,0.000347619,0.000347719,0.000347722,0.000347775,128.551,0.0002
5.255,1729670.0,1352870.0,1340070.0,1156850.0,4.38794e-05,4.25973e-07,0.000409188,0.000365146,0.000365261,0.000365265,0.000365326,131.051,0.0002
5.26,1780480.0,1371610.0,1357720.0,1158900.0,4.44896e-05,4.32234e-07,0.000425353,0.000380699,0.000380829,0.000380833,0.000380902,127.284,0.0002
5.265,1736910.0,1355570.0,1342610.0,1157180.0,4.39694e-05,4.26898e-07,0.000411722,0.000367589,0.000367706,0.00036771,0.000367772,130.989,0.0002
5.27,1765690.0,1366170.0,1352600.0,1158330.0,4.4314e-05,4.30433e-07,0.0004208,0.000376322,0.000376447,0.000376452,0.000376518,135.038,0.0002
5.275,1813580.0,1383740.0,1369140.0,1160120.0,4.48772e-05,4.36206e-07,0.000435182,0.00039014,0.000390279,0.000390284,0.000390358,137.538,0.0002
5.28,1857520.0,1399860.0,1384310.0,1161760.0,4.53931e-05,4.41493e-07,0.000448318,0.000402759,0.000402911,0.000402916,0.000402997,136.932,0.0002
5.285,1850370.0,1397230.0,1381840.0,1161490.0,4.53089e-05,4.4063e-07,0.000446167,0.000400693,0.000400842,0.000400847,0.000400927,140.127,0.0002
5.29,1880440.0,1408240.0,1392200.0,1162570.0,4.56584e-05,4.4421e-07,0.000454925,0.000409101,0.000409259,0.000409264,0.000409349,143.52,0.0002
5.295,1922130.0,1423450.0,1406510.0,1164000.0,4.61353e-05,4.49091e-07,0.000466592,0.000420291,0.000420462,0.000420468,0.00042056,146.02,0.0002
5.3,1961480.0,1437800.0,1420010.0,1165340.0,4.65846e-05,4.53689e-07,0.000477558,0.000430807,0.00043099,0.000430997,0.000431095,146.137,0.0002
5.305,1963050.0,1438360.0,1420540.0,1165380.0,4.66013e-05,4.53859e-07,0.000477928,0.00043116,0.000431344,0.00043135,0.000431449,150.652,0.0002
5.31,1994240.0,1449720.0,1431220.0,1166410.0,4.69539e-05,4.57465e-07,0.00048641,0.00043929,0.000439483,0.00043949,0.000439594,155.741,0.0002
5.315,2059270.0,1473300.0,1453400.0,1168430.0,4.76741e-05,4.64824e-07,0.0005033,0.000455459,0.000455673,0.000455681,0.000455797,158.241,0.0002
5.32,2117080.0,1494270.0,1473110.0,1170220.0,4.83132e-05,4.71354e-07,0.000518258,0.000469777,0.00047001,0.000470018,0.000470145,164.186,0.0002
5.325,2195120.0,1522480.0,1499620.0,1172490.0,4.91565e-05,4.7996e-07,0.000537471,0.000488146,0.000488406,0.000488415,0.000488557,164.235,0.0002
5.33,2228220.0,1534430.0,1510860.0,1173430.0,4.95112e-05,4.83579e-07,0.000545481,0.000495802,0.000496073,0.000496083,0.00049623,163.585,0.0002
5.335,2219580.0,1531310.0,1507930.0,1173180.0,4.9419e-05,4.82639e-07,0.000543411,0.000493823,0.000494091,0.000494101,0.000494247,166.085,0.0002
5.34,2220220.0,1531540.0,1508140.0,1173200.0,4.94259e-05,4.82709e-07,0.000543566,0.000493972,0.00049424,0.00049425,0.000494396,167.26,0.0002
5.345,2235970.0,1537210.0,1513470.0,1173640.0,4.95926e-05,4.84409e-07,0.000547283,0.000497522,0.000497796,0.000497806,0.000497955,170.23,0.0002
5.35,2269360.0,1549260.0,1524790.0,1174560.0,4.99473e-05,4.88026e-07,0.00055522,0.000505105,0.00050539,0.0005054,0.000505557,173.333,0.0002
5.355,2311390.0,1564380.0,1539010.0,1175690.0,5.03876e-05,4.92513e-07,0.000564933,0.000514377,0.000514678,0.000514689,0.000514853,175.833,0.0002
5.36,2351670.0,1578880.0,1552620.0,1176760.0,5.08088e-05,4.96806e-07,0.000574213,0.000523236,0.000523551,0.000523562,0.000523735,179.8,0.0002
5.365,2406220.0,1598480.0,1571030.0,1178160.0,5.13708e-05,5.0253e-07,0.000586424,0.000534885,0.00053522,0.000535232,0.000535416,182.752,0.0002
5.37,2440740.0,1610870.0,1582670.0,1179030.0,5.17248e-05,5.06135e-07,0.000594084,0.000542191,0.000542539,0.000542552,0.000542743,185.832,0.0002
5.375,2483780.0,1626300.0,1597170.0,1180090.0,5.21603e-05,5.10566e-07,0.000603396,0.000551068,0.000551432,0.000551445,0.000551646,188.332,0.0002
5.38,2525070.0,1641100.0,1611070.0,1181100.0,5.25774e-05,5.14812e-07,0.000612307,0.000559561,0.000559941,0.000559955,0.000560164,193.724,0.0002
5.385,2601510.0,1668460.0,1636760.0,1182900.0,5.33377e-05,5.22544e-07,0.000628337,0.000574832,0.000575242,0.000575256,0.000575483,192.66,0.0002
5.39,2637150.0,1681200.0,1648720.0,1183730.0,5.36898e-05,5.26124e-07,0.000635722,0.000581864,0.000582288,0.000582303,0.000582538,190.582,0.0002
5.395,2607500.0,1670600.0,1638770.0,1183050.0,5.33971e-05,5.23149e-07,0.000629589,0.000576024,0.000576436,0.000576451,0.000576679,193.082,0.0002
5.4,2592290.0,1665160.0,1633660.0,1182690.0,5.32474e-05,5.21626e-07,0.000626455,0.00057304,0.000573446,0.000573461,0.000573685,199.892,0.0002
5.405,2689950.0,1700070.0,1666430.0,1184920.0,5.4205e-05,5.31361e-07,0.000646429,0.000592056,0.000592502,0.000592518,0.000592764,205.045,0.0002
5.41,2726040.0,1712960.0,1678540.0,1185730.0,5.45559e-05,5.34927e-07,0.0006537,0.000598977,0.000599437,0.000599453,0.000599708,210.954,0.0002
5.415,2812580.0,1743810.0,1707500.0,1187590.0,5.53815e-05,5.4331e-07,0.000670577,0.000615029,0.000615525,0.000615543,0.000615819,213.454,0.0002
5.42,2888150.0,1770750.0,1732780.0,1189210.0,5.61012e-05,5.50618e-07,0.000685277,0.00062901,0.000629538,0.000629557,0.00062985,208.862,0.0002
5.425,2820510.0,1746650.0,1710160.0,1187780.0,5.54608e-05,5.44116e-07,0.000672252,0.000616625,0.000617124,0.000617142,0.000617419,212.094,0.0002
5.43,2857230.0,1759740.0,1722450.0,1188560.0,5.58098e-05,5.4766e-07,0.000679368,0.000623392,0.000623906,0.000623925,0.00062421,215.534,0.0002
5.435,2908250.0,1777910.0,1739500.0,1189620.0,5.62883e-05,5.52517e-07,0.000689041,0.000632587,0.000633123,0.000633143,0.000633441,218.034,0.0002
5.44,2956230.0,1794990.0,1755530.0,1190610.0,5.67377e-05,5.57077e-07,0.000698116,0.000641213,0.00064177,0.00064179,0.0006421,218.972,0.0002
5.445,2970300.0,1799990.0,1760220.0,1190890.0,5.68675e-05,5.58394e-07,0.000700713,0.000643681,0.000644244,0.000644264,0.000644577,222.134,0.0002
5.45,3007680.0,1813290.0,1772700.0,1191640.0,5.7214e-05,5.61909e-07,0.000707665,0.000650286,0.000650865,0.000650886,0.000651209,225.484,0.0002
5.455,3058220.0,1831250.0,1789550.0,1192640.0,5.76766e-05,5.666e-07,0.000716874,0.000659033,0.000659635,0.000659657,0.000659992,227.984,0.0002
5.46,3105950.0,1848210.0,1805470.0,1193570.0,5.8113e-05,5.71025e-07,0.000725554,0.000667278,0.0006679,0.000667923,0.00066827,229.695,0.0002
5.465,3132000.0,1857460.0,1814150.0,1194070.0,5.83481e-05,5.73409e-07,0.000730197,0.000671686,0.00067232,0.000672343,0.000672697,232.019,0.0002
5.47,3170040.0,1870960.0,1826820.0,1194800.0,5.86918e-05,5.76892e-07,0.000736987,0.000678132,0.000678784,0.000678808,0.000679171,234.294,0.0002
5.475,3204870.0,1883320.0,1838410.0,1195450.0,5.90034e-05,5.8005e-07,0.000743108,0.000683942,0.00068461,0.000684634,0.000685006,236.794,0.0002
5.48,3240490.0,1895960.0,1850270.0,1196120.0,5.93218e-05,5.83275e-07,0.000749356,0.000689873,0.000690557,0.000690582,0.000690963,244.409,0.0002
5.485,3358270.0,1937710.0,1889430.0,1198260.0,6.03594e-05,5.93785e-07,0.000769569,0.00070905,0.000709789,0.000709816,0.000710229,243.862,0.0002
5.49,3397140.0,1951480.0,1902350.0,1198960.0,6.0699e-05,5.97224e-07,0.000776153,0.000715295,0.000716053,0.000716081,0.000716504,242.448,0.0002
5.495,3375120.0,1943680.0,1895040.0,1198560.0,6.0507e-05,5.95281e-07,0.000772436,0.00071177,0.000712517,0.000712544,0.000712961,244.948,0.0002
5.5,3366600.0,1940660.0,1892200.0,1198410.0,6.04329e-05,5.9453e-07,0.000771001,0.000710409,0.000711152,0.000711179,0.000711594,250.91,0.0002
5.505,3459750.0,1973640.0,1923140.0,1200050.0,6.12401e-05,6.02701e-07,0.000786588,0.00072519,0.000725978,0.000726007,0.000726447,251.288,0.0002
5.51,3498960.0,1987520.0,1936160.0,1200730.0,6.15777e-05,6.06119e-07,0.000793088,0.000731353,0.00073216,0.000732189,0.00073264,251.062,0.0002
5.515,3495410.0,1986260.0,1934980.0,1200670.0,6.15472e-05,6.0581e-07,0.000792502,0.000730798,0.000731603,0.000731632,0.000732082,253.562,0.0002
5.52,3501350.0,1988370.0,1936950.0,1200780.0,6.15982e-05,6.06326e-07,0.00079348,0.000731725,0.000732533,0.000732562,0.000733014,259.751,0.0002
5.525,3599170.0,2022960.0,1969400.0,1202430.0,6.24298e-05,6.1474e-07,0.000809388,0.000746804,0.00074766,0.000747691,0.000748169,262.511,0.0002
5.53,3638830.0,2036990.0,1982550.0,1203100.0,6.27648e-05,6.18129e-07,0.000815777,0.000752858,0.000753734,0.000753766,0.000754255,265.345,0.0002
5.535,3684040.0,2052960.0,1997530.0,1203840.0,6.31429e-05,6.21954e-07,0.000822954,0.000759658,0.000760557,0.000760589,0.000761092,267.845,0.0002
5.54,3728100.0,2068530.0,2012130.0,1204570.0,6.3511e-05,6.25676e-07,0.000829937,0.000766274,0.000767195,0.000767228,0.000767743,269.349,0.0002
5.545,3752260.0,2077060.0,2020130.0,1204950.0,6.37107e-05,6.27695e-07,0.000833708,0.000769846,0.000770779,0.000770813,0.000771334,275.006,0.0002
5.55,3792380.0,2091230.0,2033420.0,1205600.0,6.40428e-05,6.31053e-07,0.000839983,0.000775789,0.000776743,0.000776778,0.000777311,281.562,0.0002
5.555,3898540.0,2128690.0,2068540.0,1207260.0,6.49074e-05,6.39791e-07,0.000856201,0.000791145,0.000792154,0.000792191,0.000792755,284.062,0.0002
5.56,3990220.0,2161040.0,2098870.0,1208690.0,6.56531e-05,6.47327e-07,0.000870181,0.000804382,0.000805439,0.000805477,0.000806068,281.294,0.0002
5.565,3945190.0,2145160.0,2083980.0,1208000.0,6.52894e-05,6.43653e-07,0.000863383,0.000797947,0.00079898,0.000799018,0.000799595,284.073,0.0002
5.57,3985850.0,2159500.0,2097430.0,1208620.0,6.56179e-05,6.46972e-07,0.000869525,0.000803761,0.000804816,0.000804854,0.000805443,286.932,0.0002
5.575,4032580.0,2175970.0,2112870.0,1209330.0,6.59919e-05,6.5075e-07,0.000876489,0.000810352,0.000811432,0.000811471,0.000812075,289.432,0.0002
5.58,4078030.0,2192000.0,2127900.0,1210020.0,6.63553e-05,6.54421e-07,0.000883253,0.000816754,0.000817858,0.000817898,0.000818515,290.208,0.0002
5.585,4090810.0,2196500.0,2132120.0,1210210.0,6.64563e-05,6.55441e-07,0.000885123,0.000818524,0.000819635,0.000819675,0.000820296,291.703,0.0002
5.59,4131850.0,2210960.0,2145680.0,1210820.0,6.67821e-05,6.58732e-07,0.00089117,0.000824246,0.000825379,0.00082542,0.000826053,292.913,0.0002
5.595,4151770.0,2217980.0,2152260.0,1211110.0,6.69392e-05,6.60318e-07,0.000894078,0.000826997,0.000828142,0.000828183,0.000828822,295.413,0.0002
5.6,4176400.0,2226660.0,2160390.0,1211480.0,6.71334e-05,6.62279e-07,0.000897671,0.000830397,0.000831555,0.000831597,0.000832243,301.091,0.0002
5.605,4270390.0,2259760.0,2191420.0,1212840.0,6.78678e-05,6.69694e-07,0.000911218,0.000843212,0.000844422,0.000844465,0.000845141,303.747,0.0002
5.61,4311870.0,2274360.0,2205110.0,1213440.0,6.81903e-05,6.7295e-07,0.000917155,0.000848828,0.000850061,0.000850105,0.000850794,306.447,0.0002
5.615,4356860.0,2290200.0,2219960.0,1214070.0,6.85371e-05,6.7645e-07,0.000923519,0.000854846,0.000856104,0.00085615,0.000856852,308.947,0.0002
5.62,4401140.0,2305780.0,2234560.0,1214700.0,6.8878e-05,6.79891e-07,0.000929772,0.00086076,0.000862043,0.000862089,0.000862806,310.389,0.0002
5.625,4425290.0,2314280.0,2242530.0,1215040.0,6.90623e-05,6.81751e-07,0.000933142,0.000863946,0.000865243,0.000865289,0.000866013,315.364,0.0002
5.63,4467140.0,2329000.0,2256330.0,1215620.0,6.93821e-05,6.84977e-07,0.00093899,0.000869476,0.000870796,0.000870844,0.000871581,321.043,0.0002
5.635,4562800.0,2362640.0,2287850.0,1216920.0,7.01034e-05,6.92254e-07,0.000952122,0.00088189,0.000883266,0.000883315,0.000884083,323.543,0.0002
5.64,4646640.0,2392120.0,2315490.0,1218060.0,7.0735e-05,6.98625e-07,0.000963615,0.000892754,0.000894179,0.00089423,0.000895024,323.194,0.0002
5.645,4640780.0,2390060.0,2313550.0,1217980.0,7.06906e-05,6.98178e-07,0.000962807,0.00089199,0.000893412,0.000893462,0.000894255,325.177,0.0002
5.65,4683090.0,2404930.0,2327490.0,1218550.0,7.10066e-05,7.01365e-07,0.000968539,0.000897407,0.000898853,0.000898905,0.000899711,327.014,0.0002
5.655,4714270.0,2415890.0,2337760.0,1218960.0,7.12378e-05,7.03696e-07,0.000972724,0.000901362,0.000902827,0.000902879,0.000903696,329.514,0.0002
5.66,4747960.0,2427730.0,2348860.0,1219400.0,7.14874e-05,7.06214e-07,0.000977241,0.000905631,0.000907115,0.000907168,0.000907996,327.648,0.0002
5.665,4716280.0,2416590.0,2338420.0,1218980.0,7.12524e-05,7.03844e-07,0.000972987,0.000901611,0.000903077,0.000903129,0.000903947,331.208,0.0002
5.67,4758750.0,2431520.0,2352410.0,1219550.0,7.1567e-05,7.07017e-07,0.00097868,0.00090699,0.000908481,0.000908535,0.000909366,335.071,0.0002
5.675,4824660.0,2454670.0,2374110.0,1220400.0,7.20506e-05,7.11892e-07,0.0009874,0.000915229,0.000916759,0.000916814,0.000917667,337.571,0.0002
5.68,4885460.0,2476020.0,2394120.0,1221190.0,7.24961e-05,7.16383e-07,0.000995431,0.000922817,0.000924384,0.00092444,0.000925313,336.556,0.0002
5.685,4868120.0,2469930.0,2388410.0,1220960.0,7.23691e-05,7.15103e-07,0.000993144,0.000920656,0.000922212,0.000922268,0.000923135,340.049,0.0002
5.69,4910900.0,2484960.0,2402490.0,1221510.0,7.26811e-05,7.18249e-07,0.00099876,0.000925962,0.000927544,0.000927601,0.000928482,343.826,0.0002
5.695,4975790.0,2507740.0,2423840.0,1222330.0,7.315e-05,7.22975e-07,0.00100717,0.00093391,0.000935532,0.00093559,0.000936493,346.326,0.0002
5.7,5035850.0,2528820.0,2443590.0,1223090.0,7.35836e-05,7.27345e-07,0.00101495,0.000941257,0.000942916,0.000942975,0.000943899,352.53,0.0002
5.705,5143060.0,2566440.0,2478850.0,1224420.0,7.43488e-05,7.35055e-07,0.00102863,0.000954175,0.000955901,0.000955962,0.000956922,352.753,0.0002
5.71,5186360.0,2581630.0,2493080.0,1224950.0,7.46562e-05,7.38153e-07,0.00103412,0.000959357,0.00096111,0.000961172,0.000962147,352.327,0.0002
5.715,5178970.0,2579040.0,2490660.0,1224860.0,7.46039e-05,7.37626e-07,0.00103319,0.000958477,0.000960225,0.000960287,0.00096126,354.827,0.0002
5.72,5182830.0,2580390.0,2491920.0,1224910.0,7.46312e-05,7.37902e-07,0.00103367,0.000958937,0.000960687,0.00096075,0.000961723,355.074,0.0002
5.725,5187150.0,2581910.0,2493340.0,1224960.0,7.46613e-05,7.38204e-07,0.00103421,0.00095944,0.000961193,0.000961256,0.000962231,360.193,0.0002
5.73,5230520.0,2597120.0,2507600.0,1225490.0,7.4968e-05,7.41295e-07,0.00103968,0.000964604,0.000966384,0.000966447,0.000967437,366.057,0.0002
5.735,5332780.0,2632980.0,2541200.0,1226710.0,7.56827e-05,7.48493e-07,0.00105237,0.000976587,0.000978433,0.000978499,0.000979524,368.557,0.0002
5.74,5422090.0,2664300.0,2570540.0,1227780.0,7.63061e-05,7.54773e-07,0.00106344,0.000987039,0.000988942,0.00098901,0.000990066,367.096,0.0002
5.745,5396560.0,2655350.0,2562150.0,1227470.0,7.61287e-05,7.52986e-07,0.0010603,0.000984069,0.000985955,0.000986022,0.00098707,371.443,0.0002
5.75,5440300.0,2670680.0,2576520.0,1227990.0,7.64321e-05,7.56041e-07,0.00106567,0.000989145,0.000991059,0.000991128,0.000992191,376.316,0.0002
5.755,5525920.0,2700690.0,2604630.0,1228980.0,7.702e-05,7.61961e-07,0.00107606,0.000998951,0.00100092,0.00100099,0.00100208,378.816,0.0002
5.76,5602340.0,2727470.0,2629720.0,1229870.0,7.75442e-05,7.67239e-07,0.00108532,0.00100769,0.00100971,0.00100978,0.0010109,376.181,0.0002
5.765,5555960.0,2711210.0,2614500.0,1229340.0,7.7227e-05,7.64046e-07,0.00107973,0.00100241,0.0010044,0.00100447,0.00100557,380.448,0.0002
5.77,5599960.0,2726630.0,2628940.0,1229840.0,7.75279e-05,7.67076e-07,0.00108504,0.00100742,0.00100944,0.00100951,0.00101063,385.218,0.0002
5.775,5684250.0,2756160.0,2656610.0,1230800.0,7.80988e-05,7.72822e-07,0.00109509,0.0010169,0.00101898,0.00101905,0.0010202,387.718,0.0002
5.78,5759690.0,2782590.0,2681360.0,1231650.0,7.86091e-05,7.7796e-07,0.00110407,0.00102538,0.00102751,0.00102758,0.00102876,389.849,0.0002
5.785,5797510.0,2795830.0,2693770.0,1232080.0,7.88626e-05,7.80511e-07,0.00110852,0.00102958,0.00103173,0.0010318,0.001033,391.651,0.0002
5.79,5841890.0,2811370.0,2708330.0,1232570.0,7.91598e-05,7.83503e-07,0.00111374,0.0010345,0.00103668,0.00103676,0.00103797,393.254,0.0002
5.795,5870420.0,2821360.0,2717690.0,1232880.0,7.93498e-05,7.85416e-07,0.00111707,0.00103764,0.00103984,0.00103992,0.00104114,395.754,0.0002
5.8,5902480.0,2832590.0,2728210.0,1233240.0,7.95633e-05,7.87564e-07,0.00112081,0.00104117,0.00104339,0.00104347,0.0010447,400.253,0.0002
5.805,5982760.0,2860690.0,2754530.0,1234110.0,8.00944e-05,7.92908e-07,0.0011301,0.00104993,0.00105221,0.00105229,0.00105355,401.33,0.0002
5.81,6027410.0,2876320.0,2769180.0,1234600.0,8.03889e-05,7.95872e-07,0.00113525,0.00105479,0.0010571,0.00105718,0.00105846,402.003,0.0002
5.815,6039440.0,2880530.0,2773120.0,1234730.0,8.0468e-05,7.96667e-07,0.00113663,0.00105609,0.00105841,0.00105849,0.00105977,404.503,0.0002
5.82,6058720.0,2887280.0,2779440.0,1234940.0,8.05945e-05,7.97941e-07,0.00113884,0.00105818,0.00106051,0.00106059,0.00106188,411.252,0.0002
5.825,6179810.0,2929650.0,2819130.0,1236230.0,8.13844e-05,8.05887e-07,0.00115261,0.00107116,0.00107357,0.00107366,0.00107499,413.203,0.0002
5.83,6224750.0,2945370.0,2833860.0,1236710.0,8.16762e-05,8.08822e-07,0.00115769,0.00107595,0.0010784,0.00107848,0.00107983,414.999,0.0002
5.835,6257090.0,2956690.0,2844460.0,1237050.0,8.1885e-05,8.10923e-07,0.00116132,0.00107938,0.00108184,0.00108193,0.00108329,417.499,0.0002
5.84,6292250.0,2968990.0,2855980.0,1237410.0,8.21119e-05,8.13206e-07,0.00116526,0.0010831,0.00108559,0.00108568,0.00108705,421.076,0.0002
5.845,6356860.0,2991590.0,2877150.0,1238080.0,8.25264e-05,8.17375e-07,0.00117246,0.00108988,0.00109242,0.00109251,0.00109391,422.386,0.0002
5.85,6402040.0,3007390.0,2891950.0,1238550.0,8.28157e-05,8.20284e-07,0.00117748,0.00109461,0.00109718,0.00109727,0.00109869,423.358,0.0002
5.855,6419620.0,3013540.0,2897710.0,1238730.0,8.29278e-05,8.21412e-07,0.00117942,0.00109645,0.00109903,0.00109912,0.00110054,425.858,0.0002
5.86,6443340.0,3021830.0,2905480.0,1238980.0,8.3079e-05,8.22932e-07,0.00118204,0.00109891,0.00110151,0.00110161,0.00110304,429.747,0.0002
5.865,6513880.0,3046500.0,2928590.0,1239700.0,8.35263e-05,8.27431e-07,0.00118979,0.00110621,0.00110886,0.00110896,0.00111042,432.204,0.0002
5.87,6559270.0,3062370.0,2943450.0,1240160.0,8.38135e-05,8.30318e-07,0.00119475,0.0011109,0.00111358,0.00111368,0.00111516,434.649,0.0002
5.875,6603750.0,3077920.0,2958020.0,1240610.0,8.40933e-05,8.33132e-07,0.00119959,0.00111546,0.00111817,0.00111827,0.00111976,437.149,0.0002
5.88,6648470.0,3093550.0,2972660.0,1241060.0,8.43744e-05,8.35958e-07,0.00120444,0.00112003,0.00112278,0.00112288,0.00112439,438.818,0.0002
5.885,6678910.0,3104190.0,2982630.0,1241360.0,8.45648e-05,8.37872e-07,0.00120773,0.00112313,0.0011259,0.001126,0.00112752,441.318,0.0002
5.89,6700860.0,3111860.0,2989810.0,1241580.0,8.47021e-05,9.26443e-06,0.00121846,0.00112536,0.00112815,0.00112825,0.00112978,446.055,0.0002
5.895,6701870.0,3112220.0,2990150.0,1241590.0,8.47084e-05,3.969e-05,0.00124879,0.00112546,0.00112825,0.00112835,0.00112988,448.71,0.0002
5.9,6702290.0,3112370.0,2990280.0,1241590.0,8.4711e-05,5.57907e-05,0.00126482,0.00112551,0.00112829,0.00112839,0.00112993,451.515,0.0002
5.905,6702760.0,3112530.0,2990440.0,1241600.0,8.4714e-05,7.38562e-05,0.00128282,0.00112555,0.00112834,0.00112844,0.00112998,454.015,0.0002
5.91,6703210.0,3112690.0,2990580.0,1241600.0,8.47168e-05,9.09585e-05,0.00129985,0.0011256,0.00112839,0.00112849,0.00113002,455.301,0.0002
5.915,6703430.0,3112760.0,2990650.0,1241600.0,8.47181e-05,9.92399e-05,0.00130809,0.00112562,0.00112841,0.00112851,0.00113004,457.604,0.0002
5.92,6703850.0,3112910.0,2990790.0,1241610.0,8.47207e-05,0.000115341,0.00132413,0.00112566,0.00112845,0.00112855,0.00113009,459.717,0.0002
5.925,6704200.0,3113030.0,2990910.0,1241610.0,8.47229e-05,0.000128953,0.00133769,0.0011257,0.00112849,0.00112859,0.00113012,462.217,0.0002
5.93,6704590.0,3113170.0,2991030.0,1241620.0,8.47253e-05,0.000143785,0.00135246,0.00112574,0.00112853,0.00112863,0.00113016,460.164,0.0002
5.935,6704240.0,3113050.0,2990920.0,1241610.0,8.47232e-05,0.000130557,0.00133928,0.0011257,0.00112849,0.00112859,0.00113013,463.579,0.0002
5.94,6704660.0,3113190.0,2991060.0,1241620.0,8.47258e-05,0.000146658,0.00135532,0.00112575,0.00112854,0.00112863,0.00113017,467.874,0.0002
5.945,6705380.0,3113450.0,2991290.0,1241620.0,8.47303e-05,0.000174323,0.00138287,0.00112582,0.00112861,0.00112871,0.00113024,470.374,0.0002
5.95,6705950.0,3113650.0,2991480.0,1241630.0,8.47339e-05,0.000196317,0.00140477,0.00112588,0.00112867,0.00112877,0.0011303,472.873,0.0002
5.955,6706370.0,3113790.0,2991620.0,1241630.0,8.47365e-05,0.000212413,0.0014208,0.00112592,0.00112871,0.00112881,0.00113035,476.686,0.0002
5.96,6706790.0,3113940.0,2991760.0,1241640.0,8.47391e-05,0.000228515,0.00143684,0.00112596,0.00112875,0.00112885,0.00113039,481.762,0.0002
5.965,6707640.0,3114240.0,2992030.0,1241650.0,8.47444e-05,0.000261207,0.00146939,0.00112605,0.00112884,0.00112894,0.00113048,484.262,0.0002
5.97,6708280.0,3114460.0,2992240.0,1241650.0,8.47484e-05,0.000285764,0.00149385,0.00112611,0.00112891,0.001129,0.00113054,487.317,0.0002
5.975,6708790.0,3114640.0,2992410.0,1241660.0,8.47516e-05,0.000305435,0.00151344,0.00112617,0.00112896,0.00112906,0.00113059,488.839,0.0002
5.98,6709210.0,3114780.0,2992550.0,1241660.0,8.47542e-05,0.000321537,0.00152948,0.00112621,0.001129,0.0011291,0.00113064,489.42,0.0002
5.985,6709310.0,3114820.0,2992580.0,1241660.0,8.47548e-05,0.000325283,0.00153321,0.00112622,0.00112901,0.00112911,0.00113065,491.92,0.0002
5.99,6709570.0,3114910.0,2992660.0,1241670.0,8.47564e-05,0.000335087,0.00154297,0.00112624,0.00112904,0.00112914,0.00113067,492.354,0.0002
5.995,6709640.0,3114930.0,2992690.0,1241670.0,8.47569e-05,0.000337877,0.00154575,0.00112625,0.00112904,0.00112914,0.00113068,496.348,0.0002
6.0,6710060.0,3115080.0,2992830.0,1241670.0,8.47595e-05,0.000353979,0.00156178,0.00112629,0.00112909,0.00112919,0.00113072,501.78,0.0002
6.005,6710970.0,3115400.0,2993120.0,1241680.0,8.47652e-05,0.000388962,0.00159662,0.00112639,0.00112918,0.00112928,0.00113082,504.28,0.0002
6.01,6711640.0,3115630.0,2993340.0,1241690.0,8.47693e-05,0.000414687,0.00162224,0.00112645,0.00112925,0.00112935,0.00113089,504.703,0.0002
6.015,6711710.0,3115660.0,2993370.0,1241690.0,8.47698e-05,0.000417412,0.00162495,0.00112646,0.00112926,0.00112935,0.00113089,508.077,0.0002
6.02,6712130.0,3115800.0,2993500.0,1241690.0,8.47724e-05,0.000433513,0.00164099,0.0011265,0.0011293,0.0011294,0.00113094,512.291,0.0002
6.025,6712830.0,3116050.0,2993730.0,1241700.0,8.47768e-05,0.000460658,0.00166802,0.00112658,0.00112937,0.00112947,0.00113101,514.791,0.0002
6.03,6713400.0,3116250.0,2993920.0,1241700.0,8.47803e-05,0.000482388,0.00168966,0.00112663,0.00112943,0.00112953,0.00113107,515.659,0.0002
6.035,6713540.0,3116300.0,2993970.0,1241700.0,8.47812e-05,0.000487973,0.00169522,0.00112665,0.00112944,0.00112954,0.00113108,516.477,0.0002
6.04,6713960.0,3116440.0,2994100.0,1241710.0,8.47838e-05,0.000504074,0.00171126,0.00112669,0.00112949,0.00112958,0.00113112,515.678,0.0002
6.045,6713830.0,3116400.0,2994060.0,1241710.0,8.4783e-05,0.000498928,0.00170613,0.00112668,0.00112947,0.00112957,0.00113111,518.178,0.0002
6.05,6713960.0,3116450.0,2994100.0,1241710.0,8.47839e-05,0.000504201,0.00171139,0.00112669,0.00112949,0.00112958,0.00113112,523.469,0.0002
6.055,6714850.0,3116760.0,2994390.0,1241720.0,8.47894e-05,0.000538276,0.00174532,0.00112678,0.00112958,0.00112967,0.00113121,526.637,0.0002
6.06,6715270.0,3116900.0,2994530.0,1241720.0,8.4792e-05,0.000554378,0.00176135,0.00112682,0.00112962,0.00112972,0.00113126,530.449,0.0002
6.065,6715910.0,3117130.0,2994740.0,1241730.0,8.4796e-05,0.000578927,0.0017858,0.00112689,0.00112968,0.00112978,0.00113132,532.949,0.0002
6.07,6716440.0,3117310.0,2994910.0,1241730.0,8.47993e-05,0.000599334,0.00180612,0.00112694,0.00112974,0.00112984,0.00113138,535.293,0.0002
6.075,6716830.0,3117450.0,2995040.0,1241740.0,8.48017e-05,0.000614429,0.00182116,0.00112698,0.00112978,0.00112988,0.00113142,537.185,0.0002
6.08,6717250.0,3117590.0,2995180.0,1241740.0,8.48043e-05,0.00063053,0.00183719,0.00112702,0.00112982,0.00112992,0.00113146,538.491,0.0002
6.085,6717470.0,3117670.0,2995250.0,1241740.0,8.48057e-05,0.000638947,0.00184557,0.00112704,0.00112984,0.00112994,0.00113148,540.991,0.0002
6.09,6717780.0,3117780.0,2995360.0,1241750.0,8.48077e-05,0.000651131,0.00185771,0.00112708,0.00112988,0.00112997,0.00113152,546.982,0.0002
6.095,6718790.0,3118130.0,2995680.0,1241760.0,8.48139e-05,0.000689712,0.00189613,0.00112718,0.00112998,0.00113008,0.00113162,549.547,0.0002
6.1,6719200.0,3118280.0,2995820.0,1241760.0,8.48165e-05,0.000705814,0.00191216,0.00112722,0.00113002,0.00113012,0.00113166,552.177,0.0002
6.105,6719640.0,3118430.0,2995960.0,1241770.0,8.48193e-05,0.000722748,0.00192903,0.00112727,0.00113007,0.00113016,0.00113171,554.677,0.0002
6.11,6720070.0,3118580.0,2996110.0,1241770.0,8.4822e-05,0.000739274,0.00194548,0.00112731,0.00113011,0.00113021,0.00113175,553.762,0.0002
6.115,6719920.0,3118530.0,2996060.0,1241770.0,8.4821e-05,0.000733383,0.00193962,0.00112729,0.00113009,0.00113019,0.00113173,555.39,0.0002
6.12,6720340.0,3118670.0,2996190.0,1241770.0,8.48236e-05,0.000749485,0.00195565,0.00112734,0.00113014,0.00113024,0.00113178,556.178,0.0002
6.125,6720470.0,3118720.0,2996240.0,1241770.0,8.48244e-05,0.000754564,0.00196071,0.00112735,0.00113015,0.00113025,0.00113179,558.678,0.0002
6.13,6720740.0,3118820.0,2996320.0,1241780.0,8.48261e-05,0.000765048,0.00197115,0.00112738,0.00113018,0.00113028,0.00113182,564.256,0.0002
6.135,6721680.0,3119140.0,2996630.0,1241790.0,8.48319e-05,0.000800971,0.00200693,0.00112747,0.00113027,0.00113037,0.00113191,566.49,0.0002
6.14,6722100.0,3119290.0,2996770.0,1241790.0,8.48345e-05,0.000817072,0.00202296,0.00112751,0.00113032,0.00113041,0.00113196,568.469,0.0002
6.145,6722430.0,3119400.0,2996880.0,1241790.0,8.48366e-05,0.000829816,0.00203565,0.00112755,0.00113035,0.00113045,0.00113199,570.969,0.0002
6.15,6722800.0,3119530.0,2997000.0,1241800.0,8.48389e-05,0.000844206,0.00204998,0.00112758,0.00113039,0.00113049,0.00113203,573.074,0.0002
6.155,6723150.0,3119660.0,2997110.0,1241800.0,8.48411e-05,0.000857765,0.00206348,0.00112762,0.00113042,0.00113052,0.00113207,576.215,0.0002
6.16,6723570.0,3119800.0,2997250.0,1241810.0,8.48437e-05,0.000873866,0.00207952,0.00112766,0.00113047,0.00113056,0.00113211,579.973,0.0002
6.165,6724200.0,3120020.0,2997460.0,1241810.0,8.48477e-05,0.00089807,0.00210362,0.00112773,0.00113053,0.00113063,0.00113217,582.473,0.0002
6.17,6724720.0,3120210.0,2997630.0,1241820.0,8.48509e-05,0.000918301,0.00212377,0.00112778,0.00113058,0.00113068,0.00113223,584.71,0.0002
6.175,6725100.0,3120340.0,2997750.0,1241820.0,8.48533e-05,0.000932709,0.00213812,0.00112782,0.00113062,0.00113072,0.00113226,588.174,0.0002
6.18,6725520.0,3120480.0,2997890.0,1241820.0,8.48559e-05,0.000948811,0.00215415,0.00112786,0.00113066,0.00113076,0.00113231,592.566,0.0002
6.185,6726250.0,3120740.0,2998130.0,1241830.0,8.48604e-05,0.000977099,0.00218232,0.00112793,0.00113074,0.00113084,0.00113238,595.066,0.0002
6.19,6726830.0,3120940.0,2998320.0,1241840.0,8.48641e-05,0.000999412,0.00220454,0.00112799,0.0011308,0.0011309,0.00113244,599.83,0.0002
6.195,6727630.0,3121220.0,2998580.0,1241850.0,8.4869e-05,0.0010301,0.0022351,0.00112807,0.00113088,0.00113098,0.00113252,599.515,0.0002
6.2,6728040.0,3121370.0,2998710.0,1241850.0,8.48716e-05,0.0010462,0.00225113,0.00112812,0.00113092,0.00113102,0.00113257,596.49,0.0002
6.205,6727540.0,3121190.0,2998550.0,1241850.0,8.48685e-05,0.00102672,0.00223174,0.00112806,0.00113087,0.00113097,0.00113251,598.99,0.0002
6.21,6727480.0,3121170.0,2998530.0,1241840.0,8.48681e-05,0.00102469,0.00222971,0.00112806,0.00113086,0.00113096,0.00113251,600.478,0.0002
6.215,6727730.0,3121260.0,2998610.0,1241850.0,8.48697e-05,0.00103427,0.00223925,0.00112808,0.00113089,0.00113099,0.00113253,604.022,0.0002
6.22,6728150.0,3121410.0,2998750.0,1241850.0,8.48723e-05,0.00105037,0.00225529,0.00112813,0.00113093,0.00113103,0.00113258,608.571,0.0002
6.225,6728910.0,3121670.0,2999000.0,1241860.0,8.4877e-05,0.00107967,0.00228446,0.0011282,0.00113101,0.00113111,0.00113265,611.071,0.0002
6.23,6729500.0,3121880.0,2999190.0,1241860.0,8.48807e-05,0.00110249,0.00230719,0.00112826,0.00113107,0.00113117,0.00113272,612.042,0.0002
6.235,6729670.0,3121940.0,2999250.0,1241870.0,8.48817e-05,0.00110875,0.00231343,0.00112828,0.00113109,0.00113119,0.00113273,615.024,0.0002
6.24,6730080.0,3122080.0,2999380.0,1241870.0,8.48843e-05,0.00112485,0.00232946,0.00112832,0.00113113,0.00113123,0.00113277,618.468,0.0002
6.245,6730660.0,3122280.0,2999570.0,1241880.0,8.48879e-05,0.00114704,0.00235155,0.00112838,0.00113119,0.00113129,0.00113283,620.968,0.0002
6.25,6731160.0,3122460.0,2999730.0,1241880.0,8.4891e-05,0.00116624,0.00237068,0.00112843,0.00113124,0.00113134,0.00113288,624.132,0.0002
6.255,6731690.0,3122640.0,2999910.0,1241890.0,8.48943e-05,0.00118662,0.00239097,0.00112848,0.00113129,0.00113139,0.00113294,626.632,0.0002
6.26,6731820.0,3122690.0,2999950.0,1241890.0,8.48952e-05,0.0011919,0.00239623,0.0011285,0.00113131,0.00113141,0.00113295,628.74,0.0002
6.265,6732040.0,3122760.0,3000020.0,1241890.0,8.48965e-05,0.0012002,0.00240449,0.00112852,0.00113133,0.00113143,0.00113297,628.03,0.0002
6.27,6732040.0,3122760.0,3000020.0,1241890.0,8.48965e-05,0.0012002,0.00240449,0.00112852,0.00113133,0.00113143,0.00113297,625.864,0.0002
6.275,6731680.0,3122640.0,2999900.0,1241890.0,8.48943e-05,0.00118625,0.0023906,0.00112848,0.00113129,0.00113139,0.00113294,625.864,0.0002
6.28,6731560.0,3122600.0,2999870.0,1241890.0,8.48935e-05,0.00118167,0.00238605,0.00112847,0.00113128,0.00113138,0.00113293,629.54,0.0002
6.285,6732170.0,3122810.0,3000070.0,1241890.0,8.48973e-05,0.00120535,0.00240962,0.00112853,0.00113134,0.00113144,0.00113299,629.266,0.0002
6.29,6732170.0,3122810.0,3000070.0,1241890.0,8.48973e-05,0.00120535,0.00240962,0.00112853,0.00113134,0.00113144,0.00113299,628.43,0.0002
6.295,6732030.0,3122760.0,3000020.0,1241890.0,8.48965e-05,0.00119996,0.00240426,0.00112852,0.00113133,0.00113143,0.00113297,628.43,0.0002
6.3,6731990.0,3122750.0,3000010.0,1241890.0,8.48962e-05,0.0011982,0.0024025,0.00112851,0.00113132,0.00113142,0.00113297,627.972,0.0002
6.305,6731910.0,3122720.0,2999980.0,1241890.0,8.48957e-05,0.00119525,0.00239956,0.00112851,0.00113132,0.00113142,0.00113296,626.696,0.0002
6.31,6731910.0,3122720.0,2999980.0,1241890.0,8.48957e-05,0.00119525,0.00239956,0.00112851,0.00113132,0.00113142,0.00113296,622.806,0.0002
6.315,6731260.0,3122490.0,2999770.0,1241880.0,8.48917e-05,0.0011702,0.00237461,0.00112844,0.00113125,0.00113135,0.0011329,622.806,0.0002
6.32,6731050.0,3122420.0,2999700.0,1241880.0,8.48903e-05,0.00116198,0.00236643,0.00112842,0.00113123,0.00113133,0.00113287,631.974,0.0002
6.325,6732580.0,3122950.0,3000200.0,1241900.0,8.48999e-05,0.00122102,0.00242523,0.00112857,0.00113138,0.00113148,0.00113303,631.326,0.0002
6.33,6732580.0,3122950.0,3000200.0,1241900.0,8.48999e-05,0.00122102,0.00242523,0.00112857,0.00113138,0.00113148,0.00113303,629.352,0.0002
6.335,6732250.0,3122840.0,3000090.0,1241890.0,8.48978e-05,0.00120831,0.00241257,0.00112854,0.00113135,0.00113145,0.001133,629.352,0.0002
6.34,6732140.0,3122800.0,3000060.0,1241890.0,8.48971e-05,0.00120414,0.00240842,0.00112853,0.00113134,0.00113144,0.00113299,628.379,0.0002
6.345,6731980.0,3122740.0,3000000.0,1241890.0,8.48961e-05,0.00119787,0.00240218,0.00112851,0.00113132,0.00113142,0.00113297,628.242,0.0002
6.35,6731980.0,3122740.0,3000000.0,1241890.0,8.48961e-05,0.00119787,0.00240218,0.00112851,0.00113132,0.00113142,0.00113297,627.822,0.0002
6.355,6731910.0,3122720.0,2999980.0,1241890.0,8.48957e-05,0.00119517,0.00239949,0.00112851,0.00113132,0.00113141,0.00113296,627.822,0.0002
6.36,6731880.0,3122710.0,2999970.0,1241890.0,8.48955e-05,0.00119428,0.0023986,0.0011285,0.00113131,0.00113141,0.00113296,630.476,0.0002
6.365,6732330.0,3122870.0,3000120.0,1241890.0,8.48983e-05,0.00121138,0.00241563,0.00112855,0.00113136,0.00113146,0.001133,628.876,0.0002
6.37,6732330.0,3122870.0,3000120.0,1241890.0,8.48983e-05,0.00121138,0.00241563,0.00112855,0.00113136,0.00113146,0.001133,623.995,0.0002
6.375,6731510.0,3122580.0,2999850.0,1241890.0,8.48932e-05,0.00117995,0.00238432,0.00112847,0.00113128,0.00113137,0.00113292,623.995,0.0002
6.38,6731250.0,3122490.0,2999760.0,1241880.0,8.48916e-05,0.00116964,0.00237406,0.00112844,0.00113125,0.00113135,0.00113289,628.047,0.0002
6.385,6731920.0,3122720.0,2999990.0,1241890.0,8.48958e-05,0.00119573,0.00240004,0.00112851,0.00113132,0.00113142,0.00113296,629.119,0.0002
6.39,6731920.0,3122720.0,2999990.0,1241890.0,8.48958e-05,0.00119573,0.00240004,0.00112851,0.00113132,0.00113142,0.00113296,632.388,0.0002
6.395,6732470.0,3122920.0,3000160.0,1241900.0,8.48992e-05,0.00121679,0.00242101,0.00112856,0.00113137,0.00113147,0.00113302,632.388,0.0002
6.4,6732650.0,3122980.0,3000220.0,1241900.0,8.49003e-05,0.00122369,0.00242789,0.00112858,0.00113139,0.00113149,0.00113304,626.326,0.0002
6.405,6731630.0,3122620.0,2999890.0,1241890.0,8.4894e-05,0.00118465,0.00238901,0.00112848,0.00113129,0.00113139,0.00113293,627.628,0.0002
6.41,6731630.0,3122620.0,2999890.0,1241890.0,8.4894e-05,0.00118465,0.00238901,0.00112848,0.00113129,0.00113139,0.00113293,631.598,0.0002
6.415,6732300.0,3122860.0,3000110.0,1241890.0,8.48981e-05,0.00121022,0.00241447,0.00112855,0.00113136,0.00113145,0.001133,631.598,0.0002
6.42,6732520.0,3122930.0,3000180.0,1241900.0,8.48995e-05,0.0012186,0.00242282,0.00112857,0.00113138,0.00113148,0.00113302,630.581,0.0002
6.425,6732350.0,3122870.0,3000120.0,1241890.0,8.48984e-05,0.00121205,0.00241629,0.00112855,0.00113136,0.00113146,0.00113301,630.166,0.0002
6.43,6732350.0,3122870.0,3000120.0,1241890.0,8.48984e-05,0.00121205,0.00241629,0.00112855,0.00113136,0.00113146,0.00113301,628.903,0.0002
6.435,6732130.0,3122800.0,3000060.0,1241890.0,8.48971e-05,0.00120392,0.00240819,0.00112853,0.00113134,0.00113144,0.00113298,628.903,0.0002
6.44,6732070.0,3122780.0,3000030.0,1241890.0,8.48967e-05,0.00120125,0.00240554,0.00112852,0.00113133,0.00113143,0.00113298,627.957,0.0002
6.445,6731910.0,3122720.0,2999980.0,1241890.0,8.48957e-05,0.00119515,0.00239947,0.00112851,0.00113132,0.00113141,0.00113296,629.284,0.0002
6.45,6731910.0,3122720.0,2999980.0,1241890.0,8.48957e-05,0.00119515,0.00239947,0.00112851,0.00113132,0.00113141,0.00113296,633.329,0.0002
6.455,6732580.0,3122960.0,3000200.0,1241900.0,8.48999e-05,0.00122121,0.00242541,0.00112858,0.00113138,0.00113148,0.00113303,633.329,0.0002
6.46,6732800.0,3123030.0,3000270.0,1241900.0,8.49013e-05,0.00122975,0.00243392,0.0011286,0.00113141,0.00113151,0.00113305,628.929,0.0002
6.465,6732070.0,3122780.0,3000030.0,1241890.0,8.48967e-05,0.00120141,0.0024057,0.00112852,0.00113133,0.00113143,0.00113298,628.984,0.0002
6.47,6732070.0,3122780.0,3000030.0,1241890.0,8.48967e-05,0.00120141,0.0024057,0.00112852,0.00113133,0.00113143,0.00113298,629.151,0.0002
6.475,6732100.0,3122790.0,3000040.0,1241890.0,8.48969e-05,0.00120249,0.00240678,0.00112853,0.00113133,0.00113143,0.00113298,629.151,0.0002
6.48,6732110.0,3122790.0,3000050.0,1241890.0,8.48969e-05,0.00120285,0.00240713,0.00112853,0.00113134,0.00113144,0.00113298,632.012,0.0002
6.485,6732580.0,3122960.0,3000200.0,1241900.0,8.48999e-05,0.00122127,0.00242548,0.00112858,0.00113138,0.00113148,0.00113303,631.624,0.0002
6.49,6732580.0,3122960.0,3000200.0,1241900.0,8.48999e-05,0.00122127,0.00242548,0.00112858,0.00113138,0.00113148,0.00113303,630.438,0.0002
6.495,6732390.0,3122890.0,3000140.0,1241900.0,8.48987e-05,0.00121364,0.00241788,0.00112856,0.00113136,0.00113146,0.00113301,630.438,0.0002
6.5,6732320.0,3122870.0,3000120.0,1241900.0,8.48983e-05,0.00121113,0.00241538,0.00112855,0.00113136,0.00113146,0.001133,627.834,0.0002
6.505,6731890.0,3122710.0,2999970.0,1241890.0,8.48956e-05,0.00119436,0.00239868,0.0011285,0.00113131,0.00113141,0.00113296,628.238,0.0002
6.51,6731890.0,3122710.0,2999970.0,1241890.0,8.48956e-05,0.00119436,0.00239868,0.0011285,0.00113131,0.00113141,0.00113296,629.471,0.0002
6.515,6732090.0,3122790.0,3000040.0,1241890.0,8.48968e-05,0.0012023,0.00240659,0.00112853,0.00113133,0.00113143,0.00113298,629.471,0.0002
6.52,6732160.0,3122810.0,3000060.0,1241890.0,8.48973e-05,0.00120491,0.00240918,0.00112853,0.00113134,0.00113144,0.00113299,629.396,0.0002
6.525,6732150.0,3122800.0,3000060.0,1241890.0,8.48972e-05,0.00120442,0.0024087,0.00112853,0.00113134,0.00113144,0.00113299,629.749,0.0002
6.53,6732150.0,3122800.0,3000060.0,1241890.0,8.48972e-05,0.00120442,0.0024087,0.00112853,0.00113134,0.00113144,0.00113299,630.822,0.0002
6.535,6732330.0,3122870.0,3000120.0,1241900.0,8.48983e-05,0.00121134,0.00241558,0.00112855,0.00113136,0.00113146,0.001133,630.822,0.0002
6.54,6732390.0,3122890.0,3000140.0,1241900.0,8.48987e-05,0.0012136,0.00241784,0.00112856,0.00113136,0.00113146,0.00113301,629.372,0.0002
6.545,6732140.0,3122800.0,3000060.0,1241890.0,8.48972e-05,0.00120426,0.00240854,0.00112853,0.00113134,0.00113144,0.00113299,629.232,0.0002
6.55,6732140.0,3122800.0,3000060.0,1241890.0,8.48972e-05,0.00120426,0.00240854,0.00112853,0.00113134,0.00113144,0.00113299,628.807,0.0002
6.555,6732070.0,3122780.0,3000040.0,1241890.0,8.48967e-05,0.00120153,0.00240582,0.00112852,0.00113133,0.00113143,0.00113298,628.807,0.0002
6.56,6732050.0,3122770.0,3000030.0,1241890.0,8.48966e-05,0.00120063,0.00240492,0.00112852,0.00113133,0.00113143,0.00113298,629.466,0.0002
6.565,6732160.0,3122810.0,3000060.0,1241890.0,8.48973e-05,0.00120487,0.00240914,0.00112853,0.00113134,0.00113144,0.00113299,630.441,0.0002
6.57,6732160.0,3122810.0,3000060.0,1241890.0,8.48973e-05,0.00120487,0.00240914,0.00112853,0.00113134,0.00113144,0.00113299,633.414,0.0002
6.575,6732660.0,3122980.0,3000230.0,1241900.0,8.49004e-05,0.00122402,0.00242821,0.00112858,0.00113139,0.00113149,0.00113304,633.414,0.0002
6.58,6732820.0,3123040.0,3000280.0,1241900.0,8.49014e-05,0.0012303,0.00243447,0.0011286,0.00113141,0.00113151,0.00113305,627.935,0.0002
6.585,6731900.0,3122720.0,2999980.0,1241890.0,8.48957e-05,0.00119501,0.00239933,0.00112851,0.00113132,0.00113141,0.00113296,627.959,0.0002
6.59,6731900.0,3122720.0,2999980.0,1241890.0,8.48957e-05,0.00119501,0.00239933,0.00112851,0.00113132,0.00113141,0.00113296,628.031,0.0002
6.595,6731920.0,3122720.0,2999980.0,1241890.0,8.48957e-05,0.00119548,0.00239979,0.00112851,0.00113132,0.00113142,0.00113296,628.031,0.0002
6.6,6731920.0,3122730.0,2999990.0,1241890.0,8.48958e-05,0.00119563,0.00239994,0.00112851,0.00113132,0.00113142,0.00113296,627.324,0.0002
6.605,6731800.0,3122680.0,2999950.0,1241890.0,8.4895e-05,0.00119107,0.00239541,0.0011285,0.0011313,0.0011314,0.00113295,627.19,0.0002
6.61,6731800.0,3122680.0,2999950.0,1241890.0,8.4895e-05,0.00119107,0.00239541,0.0011285,0.0011313,0.0011314,0.00113295,626.783,0.0002
6.615,6731730.0,3122660.0,2999930.0,1241890.0,8.48946e-05,0.00118845,0.00239279,0.00112849,0.0011313,0.0011314,0.00113294,626.783,0.0002
6.62,6731710.0,3122650.0,2999920.0,1241890.0,8.48945e-05,0.00118759,0.00239193,0.00112849,0.0011313,0.00113139,0.00113294,627.029,0.0002
6.625,6731750.0,3122670.0,2999930.0,1241890.0,8.48947e-05,0.00118918,0.00239352,0.00112849,0.0011313,0.0011314,0.00113295,627.821,0.0002
6.63,6731750.0,3122670.0,2999930.0,1241890.0,8.48947e-05,0.00118918,0.00239352,0.00112849,0.0011313,0.0011314,0.00113295,630.235,0.0002
6.635,6732160.0,3122810.0,3000060.0,1241890.0,8.48972e-05,0.00120472,0.002409,0.00112853,0.00113134,0.00113144,0.00113299,630.235,0.0002
6.64,6732290.0,3122850.0,3000110.0,1241900.0,8.48981e-05,0.00120982,0.00241408,0.00112855,0.00113135,0.00113145,0.001133,629.721,0.0002
6.645,6732200.0,3122820.0,3000080.0,1241900.0,8.48975e-05,0.00120651,0.00241078,0.00112854,0.00113135,0.00113144,0.00113299,630.226,0.0002
6.65,6732200.0,3122820.0,3000080.0,1241900.0,8.48975e-05,0.00120651,0.00241078,0.00112854,0.00113135,0.00113144,0.00113299,631.766,0.0002
6.655,6732460.0,3122910.0,3000160.0,1241900.0,8.48991e-05,0.00121643,0.00242066,0.00112856,0.00113137,0.00113147,0.00113302,631.766,0.0002
6.66,6732540.0,3122940.0,3000190.0,1241900.0,8.48997e-05,0.00121968,0.0024239,0.00112857,0.00113138,0.00113148,0.00113303,626.103,0.0002
6.665,6731600.0,3122610.0,2999880.0,1241890.0,8.48938e-05,0.00118321,0.00238757,0.00112848,0.00113128,0.00113138,0.00113293,627.85,0.0002
6.67,6731600.0,3122610.0,2999880.0,1241890.0,8.48938e-05,0.00118321,0.00238757,0.00112848,0.00113128,0.00113138,0.00113293,633.175,0.0002
6.675,6732490.0,3122920.0,3000170.0,1241900.0,8.48993e-05,0.00121751,0.00242173,0.00112857,0.00113137,0.00113147,0.00113302,633.175,0.0002
6.68,6732780.0,3123030.0,3000270.0,1241900.0,8.49011e-05,0.00122876,0.00243294,0.00112859,0.0011314,0.0011315,0.00113305,625.597,0.0002
6.685,6731510.0,3122580.0,2999850.0,1241890.0,8.48932e-05,0.00117995,0.00238433,0.00112847,0.00113128,0.00113137,0.00113292,625.534,0.0002
6.69,6731510.0,3122580.0,2999850.0,1241890.0,8.48932e-05,0.00117995,0.00238433,0.00112847,0.00113128,0.00113137,0.00113292,625.343,0.0002
6.695,6731480.0,3122570.0,2999840.0,1241890.0,8.4893e-05,0.00117872,0.0023831,0.00112846,0.00113127,0.00113137,0.00113292,625.343,0.0002
6.7,6731470.0,3122570.0,2999840.0,1241890.0,8.4893e-05,0.00117832,0.0023827,0.00112846,0.00113127,0.00113137,0.00113292,629.393,0.0002
6.705,6732150.0,3122810.0,3000060.0,1241900.0,8.48972e-05,0.0012044,0.00240868,0.00112853,0.00113134,0.00113144,0.00113299,629.302,0.0002
6.71,6732150.0,3122810.0,3000060.0,1241900.0,8.48972e-05,0.0012044,0.00240868,0.00112853,0.00113134,0.00113144,0.00113299,629.022,0.0002
6.715,6732100.0,3122790.0,3000050.0,1241890.0,8.48969e-05,0.0012026,0.00240689,0.00112853,0.00113134,0.00113143,0.00113298,629.022,0.0002
6.72,6732090.0,3122780.0,3000040.0,1241890.0,8.48968e-05,0.00120201,0.0024063,0.00112852,0.00113133,0.00113143,0.00113298,632.078,0.0002
6.725,6732600.0,3122960.0,3000210.0,1241900.0,8.49e-05,0.00122169,0.0024259,0.00112858,0.00113139,0.00113148,0.00113303,631.118,0.0002
6.73,6732600.0,3122960.0,3000210.0,1241900.0,8.49e-05,0.00122169,0.0024259,0.00112858,0.00113139,0.00113148,0.00113303,628.191,0.0002
6.735,6732110.0,3122790.0,3000050.0,1241900.0,8.48969e-05,0.00120285,0.00240713,0.00112853,0.00113134,0.00113143,0.00113298,628.191,0.0002
6.74,6731950.0,3122740.0,3000000.0,1241890.0,8.48959e-05,0.00119666,0.00240097,0.00112851,0.00113132,0.00113142,0.00113297,627.281,0.0002
6.745,6731790.0,3122680.0,2999950.0,1241890.0,8.4895e-05,0.0011908,0.00239513,0.0011285,0.0011313,0.0011314,0.00113295,626.73,0.0002
6.75,6731790.0,3122680.0,2999950.0,1241890.0,8.4895e-05,0.0011908,0.00239513,0.0011285,0.0011313,0.0011314,0.00113295,625.051,0.0002
6.755,6731510.0,3122580.0,2999850.0,1241890.0,8.48932e-05,0.00117999,0.00238436,0.00112847,0.00113128,0.00113137,0.00113292,625.051,0.0002
6.76,6731420.0,3122550.0,2999820.0,1241890.0,8.48927e-05,0.00117644,0.00238083,0.00112846,0.00113127,0.00113137,0.00113291,632.0,0.0002
6.765,6732580.0,3122960.0,3000200.0,1241900.0,8.48999e-05,0.00122119,0.0024254,0.00112857,0.00113138,0.00113148,0.00113303,631.242,0.0002
6.77,6732580.0,3122960.0,3000200.0,1241900.0,8.48999e-05,0.00122119,0.0024254,0.00112857,0.00113138,0.00113148,0.00113303,628.929,0.0002
6.775,6732200.0,3122820.0,3000080.0,1241900.0,8.48975e-05,0.0012063,0.00241056,0.00112854,0.00113134,0.00113144,0.00113299,628.929,0.0002
6.78,6732070.0,3122780.0,3000040.0,1241900.0,8.48967e-05,0.00120141,0.0024057,0.00112852,0.00113133,0.00113143,0.00113298,629.193,0.0002
6.785,6732110.0,3122790.0,3000050.0,1241900.0,8.4897e-05,0.00120312,0.0024074,0.00112853,0.00113134,0.00113144,0.00113298,628.835,0.0002
6.79,6732110.0,3122790.0,3000050.0,1241900.0,8.4897e-05,0.00120312,0.0024074,0.00112853,0.00113134,0.00113144,0.00113298,627.744,0.0002
6.795,6731930.0,3122730.0,2999990.0,1241890.0,8.48958e-05,0.00119609,0.0024004,0.00112851,0.00113132,0.00113142,0.00113296,627.744,0.0002
6.8,6731870.0,3122710.0,2999970.0,1241890.0,8.48955e-05,0.00119378,0.0023981,0.0011285,0.00113131,0.00113141,0.00113296,631.443,0.0002
6.805,6732490.0,3122930.0,3000170.0,1241900.0,8.48993e-05,0.0012176,0.00242182,0.00112857,0.00113137,0.00113147,0.00113302,629.987,0.0002
6.81,6732490.0,3122930.0,3000170.0,1241900.0,8.48993e-05,0.0012176,0.00242182,0.00112857,0.00113137,0.00113147,0.00113302,625.547,0.0002
6.815,6731750.0,3122670.0,2999930.0,1241890.0,8.48947e-05,0.00118901,0.00239335,0.00112849,0.0011313,0.0011314,0.00113294,625.547,0.0002
6.82,6731500.0,3122580.0,2999850.0,1241890.0,8.48932e-05,0.00117963,0.00238401,0.00112847,0.00113127,0.00113137,0.00113292,629.81,0.0002
6.825,6732220.0,3122830.0,3000080.0,1241900.0,8.48976e-05,0.00120709,0.00241136,0.00112854,0.00113135,0.00113145,0.00113299,629.941,0.0002
6.83,6732220.0,3122830.0,3000080.0,1241900.0,8.48976e-05,0.00120709,0.00241136,0.00112854,0.00113135,0.00113145,0.00113299,630.34,0.0002
6.835,6732280.0,3122850.0,3000110.0,1241900.0,8.4898e-05,0.00120966,0.00241391,0.00112854,0.00113135,0.00113145,0.001133,630.34,0.0002
6.84,6732310.0,3122860.0,3000110.0,1241900.0,8.48982e-05,0.0012105,0.00241475,0.00112855,0.00113136,0.00113146,0.001133,627.308,0.0002
6.845,6731800.0,3122680.0,2999950.0,1241890.0,8.4895e-05,0.00119097,0.00239531,0.0011285,0.0011313,0.0011314,0.00113295,628.153,0.0002
6.85,6731800.0,3122680.0,2999950.0,1241890.0,8.4895e-05,0.00119097,0.00239531,0.0011285,0.0011313,0.0011314,0.00113295,630.729,0.0002
6.855,6732230.0,3122830.0,3000090.0,1241900.0,8.48977e-05,0.00120756,0.00241183,0.00112854,0.00113135,0.00113145,0.00113299,630.729,0.0002
6.86,6732370.0,3122880.0,3000130.0,1241900.0,8.48986e-05,0.001213,0.00241724,0.00112855,0.00113136,0.00113146,0.00113301,629.095,0.0002
6.865,6732100.0,3122790.0,3000050.0,1241900.0,8.48969e-05,0.00120248,0.00240676,0.00112853,0.00113133,0.00113143,0.00113298,630.67,0.0002
6.87,6732100.0,3122790.0,3000050.0,1241900.0,8.48969e-05,0.00120248,0.00240676,0.00112853,0.00113133,0.00113143,0.00113298,635.474,0.0002
6.875,6732900.0,3123070.0,3000310.0,1241900.0,8.49019e-05,0.00123342,0.00243758,0.00112861,0.00113142,0.00113152,0.00113306,635.474,0.0002
6.88,6733160.0,3123160.0,3000390.0,1241910.0,8.49035e-05,0.00124357,0.00244768,0.00112863,0.00113144,0.00113154,0.00113309,631.738,0.0002
6.885,6732540.0,3122940.0,3000190.0,1241900.0,8.48996e-05,0.00121951,0.00242372,0.00112857,0.00113138,0.00113148,0.00113303,630.86,0.0002
6.89,6732540.0,3122940.0,3000190.0,1241900.0,8.48996e-05,0.00121951,0.00242372,0.00112857,0.00113138,0.00113148,0.00113303,628.185,0.0002
6.895,6732090.0,3122790.0,3000040.0,1241900.0,8.48968e-05,0.00120227,0.00240656,0.00112852,0.00113133,0.00113143,0.00113298,628.185,0.0002
6.9,6731950.0,3122740.0,3000000.0,1241890.0,8.48959e-05,0.00119662,0.00240093,0.00112851,0.00113132,0.00113142,0.00113296,627.979,0.0002
6.905,6731910.0,3122720.0,2999980.0,1241890.0,8.48957e-05,0.0011953,0.00239961,0.00112851,0.00113132,0.00113141,0.00113296,627.806,0.0002
6.91,6731910.0,3122720.0,2999980.0,1241890.0,8.48957e-05,0.0011953,0.00239961,0.00112851,0.00113132,0.00113141,0.00113296,627.277,0.0002
6.915,6731820.0,3122690.0,2999960.0,1241890.0,8.48952e-05,0.00119189,0.00239622,0.0011285,0.00113131,0.00113141,0.00113295,627.277,0.0002
6.92,6731790.0,3122680.0,2999950.0,1241890.0,8.4895e-05,0.00119077,0.00239511,0.00112849,0.0011313,0.0011314,0.00113295,626.934,0.0002
6.925,6731740.0,3122660.0,2999930.0,1241890.0,8.48946e-05,0.00118856,0.0023929,0.00112849,0.0011313,0.0011314,0.00113294,626.793,0.0002
6.93,6731740.0,3122660.0,2999930.0,1241890.0,8.48946e-05,0.00118856,0.0023929,0.00112849,0.0011313,0.0011314,0.00113294,626.365,0.0002
6.935,6731660.0,3122640.0,2999900.0,1241890.0,8.48942e-05,0.0011858,0.00239016,0.00112848,0.00113129,0.00113139,0.00113294,626.365,0.0002
6.94,6731640.0,3122630.0,2999900.0,1241890.0,8.4894e-05,0.0011849,0.00238926,0.00112848,0.00113129,0.00113139,0.00113293,627.125,0.0002
6.945,6731770.0,3122670.0,2999940.0,1241890.0,8.48948e-05,0.00118979,0.00239413,0.00112849,0.0011313,0.0011314,0.00113295,627.63,0.0002
6.95,6731770.0,3122670.0,2999940.0,1241890.0,8.48948e-05,0.00118979,0.00239413,0.00112849,0.0011313,0.0011314,0.00113295,629.171,0.0002
6.955,6732030.0,3122760.0,3000020.0,1241900.0,8.48964e-05,0.00119972,0.00240401,0.00112852,0.00113133,0.00113143,0.00113297,629.171,0.0002
6.96,6732110.0,3122790.0,3000050.0,1241900.0,8.4897e-05,0.00120297,0.00240725,0.00112853,0.00113134,0.00113143,0.00113298,627.168,0.0002
6.965,6731780.0,3122680.0,2999940.0,1241890.0,8.48949e-05,0.00119007,0.00239441,0.00112849,0.0011313,0.0011314,0.00113295,627.335,0.0002
6.97,6731780.0,3122680.0,2999940.0,1241890.0,8.48949e-05,0.00119007,0.00239441,0.00112849,0.0011313,0.0011314,0.00113295,627.841,0.0002
6.975,6731860.0,3122710.0,2999970.0,1241890.0,8.48954e-05,0.00119334,0.00239766,0.0011285,0.00113131,0.00113141,0.00113296,627.841,0.0002
6.98,6731890.0,3122720.0,2999980.0,1241900.0,8.48956e-05,0.00119441,0.00239873,0.0011285,0.00113131,0.00113141,0.00113296,629.79,0.0002
6.985,6732210.0,3122830.0,3000080.0,1241900.0,8.48976e-05,0.00120696,0.00241123,0.00112854,0.00113135,0.00113145,0.00113299,629.713,0.0002
6.99,6732210.0,3122830.0,3000080.0,1241900.0,8.48976e-05,0.00120696,0.00241123,0.00112854,0.00113135,0.00113145,0.00113299,629.479,0.0002
6.995,6732170.0,3122820.0,3000070.0,1241900.0,8.48974e-05,0.00120545,0.00240972,0.00112853,0.00113134,0.00113144,0.00113299,629.479,0.0002
7.0,6732160.0,3122810.0,3000070.0,1241900.0,8.48973e-05,0.00120496,0.00240923,0.00112853,0.00113134,0.00113144,0.00113299,624.494,0.0002
7.005,6731330.0,3122520.0,2999790.0,1241890.0,8.48921e-05,0.00117285,0.00237725,0.00112845,0.00113126,0.00113136,0.0011329,624.88,0.0002
7.01,6731330.0,3122520.0,2999790.0,1241890.0,8.48921e-05,0.00117285,0.00237725,0.00112845,0.00113126,0.00113136,0.0011329,626.057,0.0002
7.015,6731530.0,3122590.0,2999860.0,1241890.0,8.48933e-05,0.00118043,0.0023848,0.00112847,0.00113128,0.00113138,0.00113292,626.057,0.0002
7.02,6731590.0,3122610.0,2999880.0,1241890.0,8.48937e-05,0.00118291,0.00238728,0.00112847,0.00113128,0.00113138,0.00113293,632.461,0.0002
7.025,6732660.0,3122990.0,3000230.0,1241900.0,8.49004e-05,0.00122416,0.00242835,0.00112858,0.00113139,0.00113149,0.00113304,631.23,0.0002
7.03,6732660.0,3122990.0,3000230.0,1241900.0,8.49004e-05,0.00122416,0.00242835,0.00112858,0.00113139,0.00113149,0.00113304,627.479,0.0002
7.035,6732030.0,3122770.0,3000030.0,1241900.0,8.48965e-05,0.0012,0.00240429,0.00112852,0.00113133,0.00113143,0.00113297,627.479,0.0002
7.04,6731830.0,3122700.0,2999960.0,1241890.0,8.48952e-05,0.00119207,0.0023964,0.0011285,0.00113131,0.00113141,0.00113295,629.573,0.0002
7.045,6732180.0,3122820.0,3000070.0,1241900.0,8.48974e-05,0.00120556,0.00240983,0.00112853,0.00113134,0.00113144,0.00113299,629.075,0.0002
7.05,6732180.0,3122820.0,3000070.0,1241900.0,8.48974e-05,0.00120556,0.00240983,0.00112853,0.00113134,0.00113144,0.00113299,627.556,0.0002
7.055,6731920.0,3122730.0,2999990.0,1241900.0,8.48958e-05,0.00119578,0.00240009,0.00112851,0.00113132,0.00113142,0.00113296,627.556,0.0002
7.06,6731840.0,3122700.0,2999960.0,1241900.0,8.48953e-05,0.00119257,0.00239689,0.0011285,0.00113131,0.00113141,0.00113295,628.488,0.0002
7.065,6732000.0,3122750.0,3000010.0,1241900.0,8.48962e-05,0.00119857,0.00240287,0.00112852,0.00113132,0.00113142,0.00113297,627.748,0.0002
7.07,6732000.0,3122750.0,3000010.0,1241900.0,8.48962e-05,0.00119857,0.00240287,0.00112852,0.00113132,0.00113142,0.00113297,625.49,0.0002
7.075,6731620.0,3122620.0,2999890.0,1241890.0,8.48939e-05,0.00118403,0.00238839,0.00112848,0.00113129,0.00113138,0.00113293,625.49,0.0002
7.08,6731500.0,3122580.0,2999850.0,1241890.0,8.48931e-05,0.00117927,0.00238365,0.00112846,0.00113127,0.00113137,0.00113292,626.49,0.0002
7.085,6731660.0,3122640.0,2999900.0,1241890.0,8.48942e-05,0.0011857,0.00239006,0.00112848,0.00113129,0.00113139,0.00113294,626.458,0.0002
7.09,6731660.0,3122640.0,2999900.0,1241890.0,8.48942e-05,0.0011857,0.00239006,0.00112848,0.00113129,0.00113139,0.00113294,626.361,0.0002
7.095,6731650.0,3122630.0,2999900.0,1241890.0,8.48941e-05,0.00118508,0.00238943,0.00112848,0.00113129,0.00113139,0.00113293,626.361,0.0002
7.1,6731640.0,3122630.0,2999900.0,1241890.0,8.4894e-05,0.00118487,0.00238923,0.00112848,0.00113129,0.00113139,0.00113293,626.616,0.0002
7.105,6731680.0,3122650.0,2999910.0,1241890.0,8.48943e-05,0.00118652,0.00239087,0.00112848,0.00113129,0.00113139,0.00113294,628.003,0.0002
7.11,6731680.0,3122650.0,2999910.0,1241890.0,8.48943e-05,0.00118652,0.00239087,0.00112848,0.00113129,0.00113139,0.00113294,632.23,0.0002
7.115,6732390.0,3122890.0,3000140.0,1241900.0,8.48987e-05,0.00121375,0.00241798,0.00112855,0.00113136,0.00113146,0.00113301,632.23,0.0002
7.12,6732620.0,3122970.0,3000220.0,1241900.0,8.49001e-05,0.00122268,0.00242688,0.00112858,0.00113139,0.00113149,0.00113303,632.444,0.0002
7.125,6732660.0,3122990.0,3000230.0,1241900.0,8.49004e-05,0.00122405,0.00242825,0.00112858,0.00113139,0.00113149,0.00113304,630.945,0.0002
7.13,6732660.0,3122990.0,3000230.0,1241900.0,8.49004e-05,0.00122405,0.00242825,0.00112858,0.00113139,0.00113149,0.00113304,626.376,0.0002
7.135,6731890.0,3122720.0,2999980.0,1241900.0,8.48956e-05,0.00119462,0.00239894,0.0011285,0.00113131,0.00113141,0.00113296,626.376,0.0002
7.14,6731640.0,3122630.0,2999900.0,1241890.0,8.4894e-05,0.00118497,0.00238933,0.00112848,0.00113129,0.00113139,0.00113293,628.467,0.0002
7.145,6731990.0,3122750.0,3000010.0,1241900.0,8.48962e-05,0.00119844,0.00240274,0.00112851,0.00113132,0.00113142,0.00113297,629.192,0.0002
7.15,6731990.0,3122750.0,3000010.0,1241900.0,8.48962e-05,0.00119844,0.00240274,0.00112851,0.00113132,0.00113142,0.00113297,631.403,0.0002
7.155,6732360.0,3122880.0,3000130.0,1241900.0,8.48985e-05,0.00121268,0.00241692,0.00112855,0.00113136,0.00113146,0.00113301,631.403,0.0002
7.16,6732480.0,3122930.0,3000170.0,1241900.0,8.48993e-05,0.00121735,0.00242157,0.00112856,0.00113137,0.00113147,0.00113302,628.812,0.0002
7.165,6732050.0,3122770.0,3000030.0,1241900.0,8.48966e-05,0.00120066,0.00240495,0.00112852,0.00113133,0.00113143,0.00113298,628.134,0.0002
7.17,6732050.0,3122770.0,3000030.0,1241900.0,8.48966e-05,0.00120066,0.00240495,0.00112852,0.00113133,0.00113143,0.00113298,626.068,0.0002
7.175,6731710.0,3122650.0,2999920.0,1241890.0,8.48944e-05,0.00118735,0.0023917,0.00112849,0.00113129,0.00113139,0.00113294,626.068,0.0002
7.18,6731590.0,3122610.0,2999880.0,1241890.0,8.48937e-05,0.00118299,0.00238735,0.00112847,0.00113128,0.00113138,0.00113293,627.762,0.0002
7.185,6731870.0,3122710.0,2999970.0,1241900.0,8.48955e-05,0.0011939,0.00239821,0.0011285,0.00113131,0.00113141,0.00113296,628.318,0.0002
7.19,6731870.0,3122710.0,2999970.0,1241900.0,8.48955e-05,0.0011939,0.00239821,0.0011285,0.00113131,0.00113141,0.00113296,630.012,0.0002
7.195,6732160.0,3122810.0,3000070.0,1241900.0,8.48972e-05,0.00120481,0.00240908,0.00112853,0.00113134,0.00113144,0.00113299,630.012,0.0002
7.2,6732250.0,3122840.0,3000100.0,1241900.0,8.48978e-05,0.00120839,0.00241265,0.00112854,0.00113135,0.00113145,0.001133,628.388,0.0002
7.205,6731980.0,3122750.0,3000010.0,1241900.0,8.48961e-05,0.00119793,0.00240223,0.00112851,0.00113132,0.00113142,0.00113297,627.549,0.0002
7.21,6731980.0,3122750.0,3000010.0,1241900.0,8.48961e-05,0.00119793,0.00240223,0.00112851,0.00113132,0.00113142,0.00113297,624.989,0.0002
7.215,6731550.0,3122600.0,2999870.0,1241890.0,8.48935e-05,0.00118144,0.00238582,0.00112847,0.00113128,0.00113138,0.00113292,624.989,0.0002
7.22,6731410.0,3122550.0,2999820.0,1241890.0,8.48926e-05,0.00117604,0.00238043,0.00112846,0.00113126,0.00113136,0.00113291,625.778,0.0002
7.225,6731540.0,3122600.0,2999870.0,1241890.0,8.48934e-05,0.00118112,0.00238549,0.00112847,0.00113128,0.00113138,0.00113292,626.667,0.0002
7.23,6731540.0,3122600.0,2999870.0,1241890.0,8.48934e-05,0.00118112,0.00238549,0.00112847,0.00113128,0.00113138,0.00113292,629.377,0.0002
7.235,6732000.0,3122760.0,3000010.0,1241900.0,8.48962e-05,0.00119858,0.00240287,0.00112851,0.00113132,0.00113142,0.00113297,629.377,0.0002
7.24,6732140.0,3122810.0,3000060.0,1241900.0,8.48972e-05,0.0012043,0.00240858,0.00112853,0.00113134,0.00113144,0.00113298,626.926,0.0002
7.245,6731740.0,3122660.0,2999930.0,1241900.0,8.48946e-05,0.00118851,0.00239285,0.00112849,0.0011313,0.0011314,0.00113294,626.921,0.0002
7.25,6731740.0,3122660.0,2999930.0,1241900.0,8.48946e-05,0.00118851,0.00239285,0.00112849,0.0011313,0.0011314,0.00113294,626.905,0.0002
7.255,6731730.0,3122660.0,2999930.0,1241900.0,8.48946e-05,0.00118841,0.00239275,0.00112849,0.0011313,0.0011314,0.00113294,626.905,0.0002
7.26,6731730.0,3122660.0,2999930.0,1241900.0,8.48946e-05,0.00118838,0.00239272,0.00112849,0.0011313,0.0011314,0.00113294,625.022,0.0002
7.265,6731420.0,3122550.0,2999830.0,1241890.0,8.48926e-05,0.00117625,0.00238064,0.00112846,0.00113126,0.00113136,0.00113291,625.409,0.0002
7.27,6731420.0,3122550.0,2999830.0,1241890.0,8.48926e-05,0.00117625,0.00238064,0.00112846,0.00113126,0.00113136,0.00113291,626.591,0.0002
7.275,6731610.0,3122620.0,2999890.0,1241890.0,8.48939e-05,0.00118386,0.00238822,0.00112848,0.00113128,0.00113138,0.00113293,626.591,0.0002
7.28,6731680.0,3122640.0,2999910.0,1241900.0,8.48943e-05,0.00118636,0.00239071,0.00112848,0.00113129,0.00113139,0.00113294,626.66,0.0002
7.285,6731690.0,3122650.0,2999920.0,1241900.0,8.48943e-05,0.0011868,0.00239115,0.00112848,0.00113129,0.00113139,0.00113294,626.484,0.0002
7.29,6731690.0,3122650.0,2999920.0,1241900.0,8.48943e-05,0.0011868,0.00239115,0.00112848,0.00113129,0.00113139,0.00113294,625.946,0.0002
7.295,6731600.0,3122620.0,2999890.0,1241890.0,8.48938e-05,0.00118334,0.0023877,0.00112847,0.00113128,0.00113138,0.00113293,625.946,0.0002
7.3,6731570.0,3122610.0,2999880.0,1241890.0,8.48936e-05,0.0011822,0.00238657,0.00112847,0.00113128,0.00113138,0.00113293,628.106,0.0002
7.305,6731930.0,3122730.0,2999990.0,1241900.0,8.48958e-05,0.00119612,0.00240043,0.00112851,0.00113132,0.00113142,0.00113296,628.317,0.0002
7.31,6731930.0,3122730.0,2999990.0,1241900.0,8.48958e-05,0.00119612,0.00240043,0.00112851,0.00113132,0.00113142,0.00113296,628.96,0.0002
7.315,6732040.0,3122770.0,3000030.0,1241900.0,8.48965e-05,0.00120025,0.00240455,0.00112852,0.00113133,0.00113143,0.00113297,628.96,0.0002
7.32,6732070.0,3122780.0,3000040.0,1241900.0,8.48967e-05,0.00120161,0.0024059,0.00112852,0.00113133,0.00113143,0.00113298,629.565,0.0002
7.325,6732180.0,3122820.0,3000070.0,1241900.0,8.48974e-05,0.00120551,0.00240978,0.00112853,0.00113134,0.00113144,0.00113299,629.657,0.0002
7.33,6732180.0,3122820.0,3000070.0,1241900.0,8.48974e-05,0.00120551,0.00240978,0.00112853,0.00113134,0.00113144,0.00113299,629.938,0.0002
7.335,6732220.0,3122840.0,3000090.0,1241900.0,8.48977e-05,0.00120732,0.00241158,0.00112854,0.00113135,0.00113145,0.00113299,629.938,0.0002
7.34,6732240.0,3122840.0,3000090.0,1241900.0,8.48978e-05,0.00120791,0.00241217,0.00112854,0.00113135,0.00113145,0.00113299,631.768,0.0002
7.345,6732540.0,3122950.0,3000190.0,1241900.0,8.48997e-05,0.0012197,0.00242391,0.00112857,0.00113138,0.00113148,0.00113303,630.528,0.0002
7.35,6732540.0,3122950.0,3000190.0,1241900.0,8.48997e-05,0.0012197,0.00242391,0.00112857,0.00113138,0.00113148,0.00113303,626.75,0.0002
7.355,6731910.0,3122730.0,2999990.0,1241900.0,8.48957e-05,0.00119536,0.00239967,0.00112851,0.00113132,0.00113141,0.00113296,626.75,0.0002
7.36,6731710.0,3122650.0,2999920.0,1241900.0,8.48944e-05,0.00118738,0.00239173,0.00112849,0.00113129,0.00113139,0.00113294,626.821,0.0002
7.365,6731720.0,3122660.0,2999920.0,1241900.0,8.48945e-05,0.00118784,0.00239218,0.00112849,0.0011313,0.00113139,0.00113294,628.285,0.0002
7.37,6731720.0,3122660.0,2999920.0,1241900.0,8.48945e-05,0.00118784,0.00239218,0.00112849,0.0011313,0.00113139,0.00113294,632.747,0.0002
7.375,6732460.0,3122920.0,3000170.0,1241900.0,8.48991e-05,0.00121658,0.0024208,0.00112856,0.00113137,0.00113147,0.00113302,632.747,0.0002
7.38,6732710.0,3123000.0,3000250.0,1241910.0,8.49007e-05,0.001226,0.00243019,0.00112859,0.0011314,0.0011315,0.00113304,625.699,0.0002
7.385,6731530.0,3122590.0,2999860.0,1241890.0,8.48933e-05,0.00118061,0.00238498,0.00112847,0.00113128,0.00113138,0.00113292,625.628,0.0002
7.39,6731530.0,3122590.0,2999860.0,1241900.0,8.48933e-05,0.00118061,0.00238498,0.00112847,0.00113128,0.00113138,0.00113292,625.411,0.0002
7.395,6731490.0,3122580.0,2999850.0,1241890.0,8.48931e-05,0.00117922,0.0023836,0.00112846,0.00113127,0.00113137,0.00113292,625.411,0.0002
7.4,6731480.0,3122580.0,2999850.0,1241890.0,8.4893e-05,0.00117876,0.00238314,0.00112846,0.00113127,0.00113137,0.00113292,629.866,0.0002
7.405,6732230.0,3122840.0,3000090.0,1241900.0,8.48977e-05,0.00120745,0.00241171,0.00112854,0.00113135,0.00113145,0.00113299,629.035,0.0002
7.41,6732230.0,3122840.0,3000090.0,1241900.0,8.48977e-05,0.00120745,0.00241171,0.00112854,0.00113135,0.00113145,0.00113299,626.502,0.0002
7.415,6731800.0,3122690.0,2999950.0,1241900.0,8.4895e-05,0.00119114,0.00239547,0.0011285,0.0011313,0.0011314,0.00113295,626.502,0.0002
7.42,6731660.0,3122640.0,2999910.0,1241900.0,8.48942e-05,0.00118578,0.00239014,0.00112848,0.00113129,0.00113139,0.00113294,630.099,0.0002
7.425,6732270.0,3122850.0,3000100.0,1241900.0,8.48979e-05,0.00120895,0.00241321,0.00112854,0.00113135,0.00113145,0.001133,629.892,0.0002
7.43,6732270.0,3122850.0,3000100.0,1241900.0,8.48979e-05,0.00120895,0.00241321,0.00112854,0.00113135,0.00113145,0.001133,629.259,0.0002
7.435,6732160.0,3122810.0,3000070.0,1241900.0,8.48973e-05,0.00120488,0.00240915,0.00112853,0.00113134,0.00113144,0.00113299,629.259,0.0002
7.44,6732120.0,3122800.0,3000060.0,1241900.0,8.4897e-05,0.00120354,0.00240782,0.00112853,0.00113134,0.00113144,0.00113298,629.151,0.0002
7.445,6732110.0,3122800.0,3000050.0,1241900.0,8.48969e-05,0.00120285,0.00240713,0.00112853,0.00113133,0.00113143,0.00113298,629.048,0.0002
7.45,6732110.0,3122800.0,3000050.0,1241900.0,8.48969e-05,0.00120285,0.00240713,0.00112853,0.00113133,0.00113143,0.00113298,628.733,0.0002
7.455,6732050.0,3122780.0,3000040.0,1241900.0,8.48966e-05,0.00120082,0.00240511,0.00112852,0.00113133,0.00113143,0.00113298,628.733,0.0002
7.46,6732040.0,3122770.0,3000030.0,1241900.0,8.48965e-05,0.00120015,0.00240445,0.00112852,0.00113133,0.00113143,0.00113297,627.986,0.0002
7.465,6731910.0,3122730.0,2999990.0,1241900.0,8.48957e-05,0.00119534,0.00239966,0.00112851,0.00113132,0.00113141,0.00113296,628.537,0.0002
7.47,6731910.0,3122730.0,2999990.0,1241900.0,8.48957e-05,0.00119534,0.00239966,0.00112851,0.00113132,0.00113141,0.00113296,630.215,0.0002
7.475,6732190.0,3122830.0,3000080.0,1241900.0,8.48975e-05,0.00120615,0.00241042,0.00112853,0.00113134,0.00113144,0.00113299,630.215,0.0002
7.48,6732280.0,3122860.0,3000110.0,1241900.0,8.4898e-05,0.0012097,0.00241395,0.00112854,0.00113135,0.00113145,0.001133,631.109,0.0002
7.485,6732430.0,3122910.0,3000160.0,1241900.0,8.4899e-05,0.00121545,0.00241968,0.00112856,0.00113137,0.00113147,0.00113301,630.724,0.0002
7.49,6732430.0,3122910.0,3000160.0,1241900.0,8.4899e-05,0.00121545,0.00241968,0.00112856,0.00113137,0.00113147,0.00113301,629.552,0.0002
7.495,6732240.0,3122840.0,3000100.0,1241900.0,8.48977e-05,0.0012079,0.00241216,0.00112854,0.00113135,0.00113145,0.00113299,629.552,0.0002
7.5,6732170.0,3122820.0,3000070.0,1241900.0,8.48973e-05,0.00120543,0.0024097,0.00112853,0.00113134,0.00113144,0.00113299,628.675,0.0002
7.505,6732030.0,3122770.0,3000030.0,1241900.0,8.48964e-05,0.00119978,0.00240407,0.00112852,0.00113133,0.00113143,0.00113297,628.853,0.0002
7.51,6732030.0,3122770.0,3000030.0,1241900.0,8.48964e-05,0.00119978,0.00240407,0.00112852,0.00113133,0.00113143,0.00113297,629.395,0.0002
7.515,6732120.0,3122800.0,3000060.0,1241900.0,8.4897e-05,0.00120327,0.00240755,0.00112853,0.00113134,0.00113144,0.00113298,629.395,0.0002
7.52,6732150.0,3122810.0,3000070.0,1241900.0,8.48972e-05,0.00120441,0.00240869,0.00112853,0.00113134,0.00113144,0.00113298,626.733,0.0002
7.525,6731700.0,3122650.0,2999920.0,1241900.0,8.48944e-05,0.00118727,0.00239162,0.00112849,0.00113129,0.00113139,0.00113294,626.952,0.0002
7.53,6731700.0,3122650.0,2999920.0,1241900.0,8.48944e-05,0.00118727,0.00239162,0.00112849,0.00113129,0.00113139,0.00113294,627.62,0.0002
7.535,6731810.0,3122690.0,2999960.0,1241900.0,8.48951e-05,0.00119157,0.0023959,0.0011285,0.00113131,0.0011314,0.00113295,627.62,0.0002
7.54,6731850.0,3122710.0,2999970.0,1241900.0,8.48953e-05,0.00119298,0.00239731,0.0011285,0.00113131,0.00113141,0.00113295,628.106,0.0002
7.545,6731930.0,3122730.0,3000000.0,1241900.0,8.48958e-05,0.00119612,0.00240043,0.00112851,0.00113132,0.00113142,0.00113296,627.592,0.0002
7.55,6731930.0,3122730.0,3000000.0,1241900.0,8.48958e-05,0.00119612,0.00240043,0.00112851,0.00113132,0.00113142,0.00113296,626.023,0.0002
7.555,6731670.0,3122640.0,2999910.0,1241900.0,8.48942e-05,0.00118601,0.00239036,0.00112848,0.00113129,0.00113139,0.00113294,626.023,0.0002
7.56,6731580.0,3122610.0,2999880.0,1241900.0,8.48937e-05,0.0011827,0.00238706,0.00112847,0.00113128,0.00113138,0.00113293,628.355,0.0002
7.565,6731970.0,3122750.0,3000010.0,1241900.0,8.48961e-05,0.00119772,0.00240202,0.00112851,0.00113132,0.00113142,0.00113297,627.733,0.0002
7.57,6731970.0,3122750.0,3000010.0,1241900.0,8.48961e-05,0.00119772,0.00240202,0.00112851,0.00113132,0.00113142,0.00113297,625.837,0.0002
7.575,6731660.0,3122640.0,2999910.0,1241900.0,8.48941e-05,0.00118551,0.00238986,0.00112848,0.00113129,0.00113139,0.00113293,625.837,0.0002
7.58,6731550.0,3122600.0,2999870.0,1241900.0,8.48935e-05,0.0011815,0.00238587,0.00112847,0.00113128,0.00113138,0.00113292,629.302,0.0002
7.585,6732130.0,3122800.0,3000060.0,1241900.0,8.48971e-05,0.00120382,0.00240809,0.00112853,0.00113134,0.00113144,0.00113298,629.359,0.0002
7.59,6732130.0,3122800.0,3000060.0,1241900.0,8.48971e-05,0.00120382,0.00240809,0.00112853,0.00113134,0.00113144,0.00113298,629.531,0.0002
7.595,6732160.0,3122810.0,3000070.0,1241900.0,8.48973e-05,0.00120493,0.0024092,0.00112853,0.00113134,0.00113144,0.00113299,629.531,0.0002
7.6,6732170.0,3122820.0,3000070.0,1241900.0,8.48973e-05,0.00120529,0.00240956,0.00112853,0.00113134,0.00113144,0.00113299,629.503,0.0002
7.605,6732170.0,3122820.0,3000070.0,1241900.0,8.48973e-05,0.00120511,0.00240938,0.00112853,0.00113134,0.00113144,0.00113299,629.069,0.0002
7.61,6732170.0,3122820.0,3000070.0,1241900.0,8.48973e-05,0.00120511,0.00240938,0.00112853,0.00113134,0.00113144,0.00113299,627.746,0.0002
7.615,6731940.0,3122740.0,3000000.0,1241900.0,8.48959e-05,0.00119659,0.0024009,0.00112851,0.00113132,0.00113142,0.00113296,627.746,0.0002
7.62,6731870.0,3122710.0,2999980.0,1241900.0,8.48955e-05,0.0011938,0.00239811,0.0011285,0.00113131,0.00113141,0.00113296,629.014,0.0002
7.625,6732080.0,3122790.0,3000050.0,1241900.0,8.48968e-05,0.00120196,0.00240625,0.00112852,0.00113133,0.00113143,0.00113298,628.365,0.0002
7.63,6732080.0,3122790.0,3000050.0,1241900.0,8.48968e-05,0.00120196,0.00240625,0.00112852,0.00113133,0.00113143,0.00113298,626.388,0.0002
7.635,6731750.0,3122670.0,2999940.0,1241900.0,8.48947e-05,0.00118922,0.00239356,0.00112849,0.0011313,0.0011314,0.00113294,626.388,0.0002
7.64,6731650.0,3122640.0,2999900.0,1241900.0,8.48941e-05,0.00118505,0.0023894,0.00112848,0.00113129,0.00113139,0.00113293,627.769,0.0002
7.645,6731880.0,3122720.0,2999980.0,1241900.0,8.48955e-05,0.00119394,0.00239826,0.0011285,0.00113131,0.00113141,0.00113296,627.694,0.0002
7.65,6731880.0,3122720.0,2999980.0,1241900.0,8.48955e-05,0.00119394,0.00239826,0.0011285,0.00113131,0.00113141,0.00113296,627.465,0.0002
7.655,6731840.0,3122700.0,2999970.0,1241900.0,8.48953e-05,0.00119247,0.00239679,0.0011285,0.00113131,0.00113141,0.00113295,627.465,0.0002
7.66,6731830.0,3122700.0,2999960.0,1241900.0,8.48952e-05,0.00119198,0.00239631,0.0011285,0.00113131,0.00113141,0.00113295,632.91,0.0002
7.665,6732730.0,3123020.0,3000260.0,1241910.0,8.49008e-05,0.00122705,0.00243123,0.00112859,0.0011314,0.0011315,0.00113304,632.371,0.0002
7.67,6732730.0,3123020.0,3000260.0,1241910.0,8.49008e-05,0.00122705,0.00243123,0.00112859,0.0011314,0.0011315,0.00113304,630.729,0.0002
7.675,6732460.0,3122920.0,3000170.0,1241910.0,8.48991e-05,0.00121648,0.0024207,0.00112856,0.00113137,0.00113147,0.00113302,630.729,0.0002
7.68,6732370.0,3122890.0,3000140.0,1241910.0,8.48986e-05,0.00121301,0.00241725,0.00112855,0.00113136,0.00113146,0.00113301,630.681,0.0002
7.685,6732360.0,3122890.0,3000140.0,1241910.0,8.48985e-05,0.0012127,0.00241694,0.00112855,0.00113136,0.00113146,0.00113301,629.536,0.0002
7.69,6732360.0,3122890.0,3000140.0,1241910.0,8.48985e-05,0.0012127,0.00241694,0.00112855,0.00113136,0.00113146,0.00113301,626.046,0.0002
7.695,6731780.0,3122680.0,2999950.0,1241900.0,8.48949e-05,0.00119022,0.00239455,0.00112849,0.0011313,0.0011314,0.00113295,626.046,0.0002
7.7,6731590.0,3122620.0,2999880.0,1241900.0,8.48937e-05,0.00118284,0.00238721,0.00112847,0.00113128,0.00113138,0.00113293,631.804,0.0002
7.705,6732550.0,3122950.0,3000200.0,1241910.0,8.48997e-05,0.00121993,0.00242414,0.00112857,0.00113138,0.00113148,0.00113303,630.518,0.0002
7.71,6732550.0,3122950.0,3000200.0,1241910.0,8.48997e-05,0.00121993,0.00242414,0.00112857,0.00113138,0.00113148,0.00113303,626.596,0.0002
7.715,6731890.0,3122720.0,2999980.0,1241900.0,8.48956e-05,0.00119467,0.00239899,0.0011285,0.00113131,0.00113141,0.00113296,626.596,0.0002
7.72,6731680.0,3122650.0,2999910.0,1241900.0,8.48943e-05,0.00118639,0.00239074,0.00112848,0.00113129,0.00113139,0.00113294,626.896,0.0002
7.725,6731730.0,3122670.0,2999930.0,1241900.0,8.48946e-05,0.00118832,0.00239266,0.00112849,0.0011313,0.0011314,0.00113294,627.937,0.0002
7.73,6731730.0,3122670.0,2999930.0,1241900.0,8.48946e-05,0.00118832,0.00239266,0.00112849,0.0011313,0.0011314,0.00113294,631.11,0.0002
7.735,6732260.0,3122850.0,3000100.0,1241910.0,8.48979e-05,0.00120876,0.00241301,0.00112854,0.00113135,0.00113145,0.001133,631.11,0.0002
7.74,6732430.0,3122910.0,3000160.0,1241910.0,8.4899e-05,0.00121546,0.00241969,0.00112856,0.00113137,0.00113147,0.00113301,627.362,0.0002
7.745,6731810.0,3122690.0,2999960.0,1241900.0,8.48951e-05,0.00119132,0.00239565,0.0011285,0.0011313,0.0011314,0.00113295,626.817,0.0002
7.75,6731810.0,3122690.0,2999960.0,1241900.0,8.48951e-05,0.00119132,0.00239565,0.0011285,0.0011313,0.0011314,0.00113295,625.155,0.0002
7.755,6731530.0,3122600.0,2999870.0,1241900.0,8.48933e-05,0.00118062,0.00238499,0.00112847,0.00113128,0.00113138,0.00113292,625.155,0.0002
7.76,6731440.0,3122560.0,2999840.0,1241900.0,8.48928e-05,0.00117711,0.0023815,0.00112846,0.00113127,0.00113137,0.00113291,627.335,0.0002
7.765,6731800.0,3122690.0,2999950.0,1241900.0,8.4895e-05,0.00119115,0.00239548,0.0011285,0.0011313,0.0011314,0.00113295,627.686,0.0002
7.77,6731800.0,3122690.0,2999950.0,1241900.0,8.4895e-05,0.00119115,0.00239548,0.0011285,0.0011313,0.0011314,0.00113295,628.757,0.0002
7.775,6731980.0,3122750.0,3000010.0,1241900.0,8.48962e-05,0.00119805,0.00240235,0.00112851,0.00113132,0.00113142,0.00113297,628.757,0.0002
7.78,6732040.0,3122770.0,3000030.0,1241900.0,8.48965e-05,0.00120031,0.0024046,0.00112852,0.00113133,0.00113143,0.00113297,628.727,0.0002
7.785,6732040.0,3122770.0,3000030.0,1241900.0,8.48965e-05,0.00120011,0.0024044,0.00112852,0.00113133,0.00113143,0.00113297,629.011,0.0002
7.79,6732040.0,3122770.0,3000030.0,1241900.0,8.48965e-05,0.00120011,0.0024044,0.00112852,0.00113133,0.00113143,0.00113297,629.876,0.0002
7.795,6732180.0,3122820.0,3000080.0,1241900.0,8.48974e-05,0.00120569,0.00240996,0.00112853,0.00113134,0.00113144,0.00113299,629.876,0.0002
7.8,6732230.0,3122840.0,3000090.0,1241910.0,8.48977e-05,0.00120752,0.00241178,0.00112854,0.00113135,0.00113145,0.00113299,629.1,0.0002
7.805,6732100.0,3122790.0,3000050.0,1241900.0,8.48969e-05,0.00120252,0.0024068,0.00112852,0.00113133,0.00113143,0.00113298,628.165,0.0002
7.81,6732100.0,3122790.0,3000050.0,1241900.0,8.48969e-05,0.00120252,0.0024068,0.00112852,0.00113133,0.00113143,0.00113298,625.314,0.0002
7.815,6731620.0,3122630.0,2999900.0,1241900.0,8.48939e-05,0.00118415,0.00238851,0.00112848,0.00113129,0.00113138,0.00113293,625.314,0.0002
7.82,6731470.0,3122570.0,2999840.0,1241900.0,8.48929e-05,0.00117813,0.00238252,0.00112846,0.00113127,0.00113137,0.00113291,625.62,0.0002
7.825,6731520.0,3122590.0,2999860.0,1241900.0,8.48933e-05,0.0011801,0.00238448,0.00112847,0.00113127,0.00113137,0.00113292,626.283,0.0002
7.83,6731520.0,3122590.0,2999860.0,1241900.0,8.48933e-05,0.0011801,0.00238448,0.00112847,0.00113127,0.00113137,0.00113292,628.304,0.0002
7.835,6731850.0,3122710.0,2999970.0,1241900.0,8.48954e-05,0.00119312,0.00239744,0.0011285,0.00113131,0.00113141,0.00113295,628.304,0.0002
7.84,6731970.0,3122750.0,3000010.0,1241900.0,8.48961e-05,0.00119739,0.00240169,0.00112851,0.00113132,0.00113142,0.00113297,629.839,0.0002
7.845,6732220.0,3122840.0,3000090.0,1241910.0,8.48976e-05,0.00120728,0.00241154,0.00112854,0.00113135,0.00113145,0.00113299,629.721,0.0002
7.85,6732220.0,3122840.0,3000090.0,1241910.0,8.48976e-05,0.00120728,0.00241154,0.00112854,0.00113135,0.00113145,0.00113299,629.362,0.0002
7.855,6732160.0,3122820.0,3000070.0,1241910.0,8.48973e-05,0.00120496,0.00240923,0.00112853,0.00113134,0.00113144,0.00113299,629.362,0.0002
7.86,6732140.0,3122810.0,3000070.0,1241910.0,8.48972e-05,0.0012042,0.00240848,0.00112853,0.00113134,0.00113144,0.00113298,627.4,0.0002
7.865,6731810.0,3122700.0,2999960.0,1241900.0,8.48951e-05,0.00119156,0.00239589,0.0011285,0.0011313,0.0011314,0.00113295,628.049,0.0002
7.87,6731810.0,3122700.0,2999960.0,1241900.0,8.48951e-05,0.00119156,0.00239589,0.0011285,0.0011313,0.0011314,0.00113295,630.029,0.0002
7.875,6732140.0,3122810.0,3000070.0,1241910.0,8.48972e-05,0.00120432,0.00240859,0.00112853,0.00113134,0.00113144,0.00113298,630.029,0.0002
7.88,6732250.0,3122850.0,3000100.0,1241910.0,8.48978e-05,0.0012085,0.00241276,0.00112854,0.00113135,0.00113145,0.001133,631.549,0.0002
7.885,6732510.0,3122940.0,3000190.0,1241910.0,8.48994e-05,0.00121829,0.0024225,0.00112857,0.00113138,0.00113147,0.00113302,630.787,0.0002
7.89,6732510.0,3122940.0,3000190.0,1241910.0,8.48994e-05,0.00121829,0.0024225,0.00112857,0.00113138,0.00113147,0.00113302,628.464,0.0002
7.895,6732120.0,3122800.0,3000060.0,1241910.0,8.4897e-05,0.00120332,0.0024076,0.00112853,0.00113134,0.00113144,0.00113298,628.464,0.0002
7.9,6731990.0,3122760.0,3000020.0,1241900.0,8.48962e-05,0.00119842,0.00240272,0.00112851,0.00113132,0.00113142,0.00113297,623.265,0.0002
7.905,6731120.0,3122450.0,2999730.0,1241900.0,8.48908e-05,0.00116494,0.00236938,0.00112843,0.00113123,0.00113133,0.00113288,624.844,0.0002
7.91,6731120.0,3122450.0,2999730.0,1241900.0,8.48908e-05,0.00116494,0.00236938,0.00112843,0.00113123,0.00113133,0.00113288,629.657,0.0002
7.915,6731930.0,3122740.0,3000000.0,1241900.0,8.48958e-05,0.00119593,0.00240024,0.00112851,0.00113132,0.00113142,0.00113296,629.657,0.0002
7.92,6732190.0,3122830.0,3000080.0,1241910.0,8.48975e-05,0.0012061,0.00241037,0.00112853,0.00113134,0.00113144,0.00113299,624.844,0.0002
7.925,6731390.0,3122550.0,2999820.0,1241900.0,8.48925e-05,0.0011751,0.0023795,0.00112845,0.00113126,0.00113136,0.00113291,625.688,0.0002
7.93,6731390.0,3122550.0,2999820.0,1241900.0,8.48925e-05,0.0011751,0.0023795,0.00112845,0.00113126,0.00113136,0.00113291,628.261,0.0002
7.935,6731820.0,3122700.0,2999960.0,1241900.0,8.48951e-05,0.00119168,0.002396,0.0011285,0.00113131,0.0011314,0.00113295,628.261,0.0002
7.94,6731960.0,3122750.0,3000010.0,1241900.0,8.4896e-05,0.00119711,0.00240142,0.00112851,0.00113132,0.00113142,0.00113297,626.44,0.0002
7.945,6731650.0,3122640.0,2999910.0,1241900.0,8.48941e-05,0.00118538,0.00238974,0.00112848,0.00113129,0.00113139,0.00113293,626.886,0.0002
7.95,6731650.0,3122640.0,2999910.0,1241900.0,8.48941e-05,0.00118538,0.00238974,0.00112848,0.00113129,0.00113139,0.00113293,628.243,0.0002
7.955,6731880.0,3122720.0,2999980.0,1241900.0,8.48955e-05,0.00119413,0.00239845,0.0011285,0.00113131,0.00113141,0.00113296,628.243,0.0002
7.96,6731960.0,3122750.0,3000010.0,1241900.0,8.4896e-05,0.001197,0.0024013,0.00112851,0.00113132,0.00113142,0.00113296,627.669,0.0002
7.965,6731860.0,3122710.0,2999970.0,1241900.0,8.48954e-05,0.0011933,0.00239762,0.0011285,0.00113131,0.00113141,0.00113296,627.808,0.0002
7.97,6731860.0,3122710.0,2999970.0,1241900.0,8.48954e-05,0.0011933,0.00239762,0.0011285,0.00113131,0.00113141,0.00113296,628.233,0.0002
7.975,6731930.0,3122740.0,3000000.0,1241900.0,8.48958e-05,0.00119603,0.00240034,0.00112851,0.00113132,0.00113142,0.00113296,628.233,0.0002
7.98,6731950.0,3122740.0,3000010.0,1241900.0,8.4896e-05,0.00119693,0.00240124,0.00112851,0.00113132,0.00113142,0.00113296,629.146,0.0002
7.985,6732110.0,3122800.0,3000060.0,1241910.0,8.48969e-05,0.00120281,0.0024071,0.00112853,0.00113133,0.00113143,0.00113298,629.011,0.0002
7.99,6732110.0,3122800.0,3000060.0,1241910.0,8.48969e-05,0.00120281,0.0024071,0.00112853,0.00113133,0.00113143,0.00113298,628.6,0.0002
7.995,6732040.0,3122770.0,3000030.0,1241910.0,8.48965e-05,0.00120016,0.00240446,0.00112852,0.00113133,0.00113143,0.00113297,628.6,0.0002
8.0,6732010.0,3122770.0,3000030.0,1241910.0,8.48964e-05,0.0011993,0.00240359,0.00112852,0.00113133,0.00113142,0.00113297,626.855,0.0002
8.005,6731720.0,3122660.0,2999930.0,1241900.0,8.48945e-05,0.00118806,0.0023924,0.00112849,0.0011313,0.00113139,0.00113294,627.917,0.0002
8.01,6731720.0,3122660.0,2999930.0,1241900.0,8.48945e-05,0.00118806,0.0023924,0.00112849,0.0011313,0.00113139,0.00113294,631.156,0.0002
8.015,6732260.0,3122850.0,3000110.0,1241910.0,8.48979e-05,0.00120892,0.00241317,0.00112854,0.00113135,0.00113145,0.001133,631.156,0.0002
8.02,6732440.0,3122920.0,3000170.0,1241910.0,8.4899e-05,0.00121576,0.00241999,0.00112856,0.00113137,0.00113147,0.00113301,628.97,0.0002
8.025,6732080.0,3122790.0,3000050.0,1241910.0,8.48967e-05,0.00120168,0.00240596,0.00112852,0.00113133,0.00113143,0.00113298,629.105,0.0002
8.03,6732080.0,3122790.0,3000050.0,1241910.0,8.48967e-05,0.00120168,0.00240596,0.00112852,0.00113133,0.00113143,0.00113298,629.519,0.0002
8.035,6732150.0,3122810.0,3000070.0,1241910.0,8.48972e-05,0.00120434,0.00240862,0.00112853,0.00113134,0.00113144,0.00113298,629.519,0.0002
8.04,6732170.0,3122820.0,3000080.0,1241910.0,8.48973e-05,0.00120522,0.00240949,0.00112853,0.00113134,0.00113144,0.00113299,631.545,0.0002
8.045,6732510.0,3122940.0,3000190.0,1241910.0,8.48994e-05,0.00121826,0.00242248,0.00112857,0.00113138,0.00113147,0.00113302,630.85,0.0002
8.05,6732510.0,3122940.0,3000190.0,1241910.0,8.48994e-05,0.00121826,0.00242248,0.00112857,0.00113138,0.00113147,0.00113302,628.731,0.0002
8.055,6732150.0,3122810.0,3000070.0,1241910.0,8.48972e-05,0.00120461,0.00240889,0.00112853,0.00113134,0.00113144,0.00113299,628.731,0.0002
8.06,6732040.0,3122770.0,3000030.0,1241910.0,8.48965e-05,0.00120014,0.00240443,0.00112852,0.00113133,0.00113143,0.00113297,628.092,0.0002
8.065,6731930.0,3122740.0,3000000.0,1241900.0,8.48958e-05,0.00119603,0.00240034,0.00112851,0.00113132,0.00113142,0.00113296,627.828,0.0002
8.07,6731930.0,3122740.0,3000000.0,1241900.0,8.48958e-05,0.00119603,0.00240034,0.00112851,0.00113132,0.00113142,0.00113296,627.024,0.0002
8.075,6731800.0,3122690.0,2999950.0,1241900.0,8.4895e-05,0.00119084,0.00239517,0.00112849,0.0011313,0.0011314,0.00113295,627.024,0.0002
8.08,6731750.0,3122670.0,2999940.0,1241900.0,8.48947e-05,0.00118914,0.00239348,0.00112849,0.0011313,0.0011314,0.00113294,629.542,0.0002
8.085,6732170.0,3122820.0,3000080.0,1241910.0,8.48973e-05,0.00120536,0.00240963,0.00112853,0.00113134,0.00113144,0.00113299,628.806,0.0002
8.09,6732170.0,3122820.0,3000080.0,1241910.0,8.48973e-05,0.00120536,0.00240963,0.00112853,0.00113134,0.00113144,0.00113299,626.561,0.0002
8.095,6731800.0,3122690.0,2999950.0,1241900.0,8.4895e-05,0.00119091,0.00239524,0.00112849,0.0011313,0.0011314,0.00113295,626.561,0.0002
8.1,6731670.0,3122650.0,2999910.0,1241900.0,8.48942e-05,0.00118617,0.00239052,0.00112848,0.00113129,0.00113139,0.00113294,625.255,0.0002
8.105,6731460.0,3122570.0,2999840.0,1241900.0,8.48929e-05,0.00117775,0.00238214,0.00112846,0.00113127,0.00113137,0.00113291,625.139,0.0002
8.11,6731460.0,3122570.0,2999840.0,1241900.0,8.48929e-05,0.00117775,0.00238214,0.00112846,0.00113127,0.00113137,0.00113291,624.785,0.0002
8.115,6731400.0,3122550.0,2999820.0,1241900.0,8.48925e-05,0.00117547,0.00237987,0.00112845,0.00113126,0.00113136,0.00113291,624.785,0.0002
8.12,6731380.0,3122540.0,2999820.0,1241900.0,8.48924e-05,0.00117472,0.00237912,0.00112845,0.00113126,0.00113136,0.00113291,623.919,0.0002
8.125,6731230.0,3122490.0,2999770.0,1241900.0,8.48915e-05,0.00116914,0.00237357,0.00112844,0.00113125,0.00113134,0.00113289,624.662,0.0002
8.13,6731230.0,3122490.0,2999770.0,1241900.0,8.48915e-05,0.00116914,0.00237357,0.00112844,0.00113125,0.00113134,0.00113289,626.927,0.0002
8.135,6731610.0,3122630.0,2999890.0,1241900.0,8.48938e-05,0.00118373,0.00238809,0.00112848,0.00113128,0.00113138,0.00113293,626.927,0.0002
8.14,6731740.0,3122670.0,2999930.0,1241900.0,8.48946e-05,0.00118852,0.00239286,0.00112849,0.0011313,0.0011314,0.00113294,628.329,0.0002
8.145,6731970.0,3122750.0,3000010.0,1241910.0,8.48961e-05,0.00119755,0.00240186,0.00112851,0.00113132,0.00113142,0.00113297,628.344,0.0002
8.15,6731970.0,3122750.0,3000010.0,1241910.0,8.48961e-05,0.00119755,0.00240186,0.00112851,0.00113132,0.00113142,0.00113297,628.389,0.0002
8.155,6731980.0,3122750.0,3000010.0,1241910.0,8.48961e-05,0.00119784,0.00240214,0.00112851,0.00113132,0.00113142,0.00113297,628.389,0.0002
8.16,6731980.0,3122750.0,3000010.0,1241910.0,8.48961e-05,0.00119793,0.00240224,0.00112851,0.00113132,0.00113142,0.00113297,626.121,0.0002
8.165,6731600.0,3122620.0,2999890.0,1241900.0,8.48938e-05,0.00118333,0.00238769,0.00112847,0.00113128,0.00113138,0.00113293,626.394,0.0002
8.17,6731600.0,3122620.0,2999890.0,1241900.0,8.48938e-05,0.00118333,0.00238769,0.00112847,0.00113128,0.00113138,0.00113293,627.227,0.0002
8.175,6731740.0,3122670.0,2999940.0,1241900.0,8.48946e-05,0.00118869,0.00239303,0.00112849,0.0011313,0.0011314,0.00113294,627.227,0.0002
8.18,6731790.0,3122690.0,2999950.0,1241900.0,8.48949e-05,0.00119045,0.00239479,0.00112849,0.0011313,0.0011314,0.00113295,624.667,0.0002
8.185,6731360.0,3122540.0,2999810.0,1241900.0,8.48923e-05,0.00117396,0.00237837,0.00112845,0.00113126,0.00113136,0.0011329,624.504,0.0002
8.19,6731360.0,3122540.0,2999810.0,1241900.0,8.48923e-05,0.00117396,0.00237837,0.00112845,0.00113126,0.00113136,0.0011329,624.005,0.0002
8.195,6731270.0,3122510.0,2999780.0,1241900.0,8.48917e-05,0.00117076,0.00237517,0.00112844,0.00113125,0.00113135,0.0011329,624.005,0.0002
8.2,6731250.0,3122500.0,2999780.0,1241900.0,8.48916e-05,0.0011697,0.00237412,0.00112844,0.00113125,0.00113135,0.00113289,627.739,0.0002
8.205,6731870.0,3122720.0,2999980.0,1241910.0,8.48955e-05,0.00119375,0.00239807,0.0011285,0.00113131,0.00113141,0.00113296,628.23,0.0002
8.21,6731870.0,3122720.0,2999980.0,1241910.0,8.48955e-05,0.00119375,0.00239807,0.0011285,0.00113131,0.00113141,0.00113296,629.729,0.0002
8.215,6732120.0,3122800.0,3000060.0,1241910.0,8.4897e-05,0.0012034,0.00240768,0.00112853,0.00113134,0.00113144,0.00113298,629.729,0.0002
8.22,6732200.0,3122830.0,3000090.0,1241910.0,8.48975e-05,0.00120657,0.00241084,0.00112854,0.00113134,0.00113144,0.00113299,627.983,0.0002
8.225,6731910.0,3122730.0,2999990.0,1241910.0,8.48957e-05,0.00119532,0.00239964,0.00112851,0.00113131,0.00113141,0.00113296,628.638,0.0002
8.23,6731910.0,3122730.0,2999990.0,1241910.0,8.48957e-05,0.00119532,0.00239964,0.00112851,0.00113131,0.00113141,0.00113296,630.635,0.0002
8.235,6732250.0,3122850.0,3000100.0,1241910.0,8.48978e-05,0.00120819,0.00241244,0.00112854,0.00113135,0.00113145,0.00113299,630.635,0.0002
8.24,6732350.0,3122890.0,3000140.0,1241910.0,8.48985e-05,0.0012124,0.00241665,0.00112855,0.00113136,0.00113146,0.00113301,632.324,0.0002
8.245,6732640.0,3122990.0,3000230.0,1241910.0,8.49002e-05,0.00122328,0.00242748,0.00112858,0.00113139,0.00113149,0.00113303,631.526,0.0002
8.25,6732640.0,3122990.0,3000230.0,1241910.0,8.49002e-05,0.00122328,0.00242748,0.00112858,0.00113139,0.00113149,0.00113303,629.094,0.0002
8.255,6732230.0,3122840.0,3000100.0,1241910.0,8.48977e-05,0.00120761,0.00241187,0.00112854,0.00113135,0.00113145,0.00113299,629.094,0.0002
8.26,6732100.0,3122800.0,3000050.0,1241910.0,8.48969e-05,0.00120247,0.00240676,0.00112852,0.00113133,0.00113143,0.00113298,628.22,0.0002
8.265,6731950.0,3122750.0,3000010.0,1241910.0,8.4896e-05,0.00119685,0.00240116,0.00112851,0.00113132,0.00113142,0.00113296,628.185,0.0002
8.27,6731950.0,3122750.0,3000010.0,1241910.0,8.4896e-05,0.00119685,0.00240116,0.00112851,0.00113132,0.00113142,0.00113296,628.076,0.0002
8.275,6731930.0,3122740.0,3000000.0,1241910.0,8.48959e-05,0.00119615,0.00240046,0.00112851,0.00113132,0.00113142,0.00113296,628.076,0.0002
8.28,6731930.0,3122740.0,3000000.0,1241910.0,8.48958e-05,0.00119592,0.00240023,0.00112851,0.00113132,0.00113142,0.00113296,630.707,0.0002
8.285,6732370.0,3122890.0,3000140.0,1241910.0,8.48986e-05,0.00121287,0.00241711,0.00112855,0.00113136,0.00113146,0.00113301,630.541,0.0002
8.29,6732370.0,3122890.0,3000140.0,1241910.0,8.48986e-05,0.00121287,0.00241711,0.00112855,0.00113136,0.00113146,0.00113301,630.034,0.0002
8.295,6732280.0,3122860.0,3000110.0,1241910.0,8.4898e-05,0.0012096,0.00241386,0.00112854,0.00113135,0.00113145,0.001133,630.034,0.0002
8.3,6732250.0,3122850.0,3000110.0,1241910.0,8.48979e-05,0.00120853,0.00241279,0.00112854,0.00113135,0.00113145,0.001133,629.272,0.0002
8.305,6732130.0,3122810.0,3000060.0,1241910.0,8.48971e-05,0.00120363,0.0024079,0.00112853,0.00113134,0.00113144,0.00113298,627.808,0.0002
8.31,6732130.0,3122810.0,3000060.0,1241910.0,8.48971e-05,0.00120363,0.0024079,0.00112853,0.00113134,0.00113144,0.00113298,623.345,0.0002
8.315,6731380.0,3122550.0,2999820.0,1241900.0,8.48924e-05,0.00117488,0.00237927,0.00112845,0.00113126,0.00113136,0.00113291,623.345,0.0002
8.32,6731140.0,3122460.0,2999740.0,1241900.0,8.48909e-05,0.00116545,0.00236988,0.00112843,0.00113124,0.00113133,0.00113288,626.234,0.0002
8.325,6731620.0,3122630.0,2999900.0,1241900.0,8.48939e-05,0.00118406,0.00238842,0.00112848,0.00113128,0.00113138,0.00113293,625.817,0.0002
8.33,6731620.0,3122630.0,2999900.0,1241900.0,8.48939e-05,0.00118406,0.00238842,0.00112848,0.00113128,0.00113138,0.00113293,624.545,0.0002
8.335,6731410.0,3122560.0,2999830.0,1241900.0,8.48926e-05,0.00117587,0.00238026,0.00112845,0.00113126,0.00113136,0.00113291,624.545,0.0002
8.34,6731340.0,3122530.0,2999810.0,1241900.0,8.48921e-05,0.00117318,0.00237758,0.00112845,0.00113126,0.00113135,0.0011329,629.697,0.0002
8.345,6732200.0,3122830.0,3000090.0,1241910.0,8.48975e-05,0.00120636,0.00241063,0.00112853,0.00113134,0.00113144,0.00113299,630.302,0.0002
8.35,6732200.0,3122830.0,3000090.0,1241910.0,8.48975e-05,0.00120636,0.00241063,0.00112853,0.00113134,0.00113144,0.00113299,632.148,0.0002
8.355,6732510.0,3122940.0,3000190.0,1241910.0,8.48994e-05,0.00121825,0.00242246,0.00112857,0.00113137,0.00113147,0.00113302,632.148,0.0002
8.36,6732610.0,3122980.0,3000220.0,1241910.0,8.49e-05,0.00122215,0.00242635,0.00112858,0.00113139,0.00113148,0.00113303,629.83,0.0002
8.365,6732220.0,3122840.0,3000090.0,1241910.0,8.48976e-05,0.00120722,0.00241148,0.00112854,0.00113135,0.00113144,0.00113299,629.555,0.0002
8.37,6732220.0,3122840.0,3000090.0,1241910.0,8.48976e-05,0.00120722,0.00241148,0.00112854,0.00113135,0.00113144,0.00113299,628.716,0.0002
8.375,6732080.0,3122790.0,3000050.0,1241910.0,8.48968e-05,0.00120181,0.0024061,0.00112852,0.00113133,0.00113143,0.00113298,628.716,0.0002
8.38,6732030.0,3122780.0,3000030.0,1241910.0,8.48965e-05,0.00120004,0.00240433,0.00112852,0.00113133,0.00113143,0.00113297,628.576,0.0002
8.385,6732010.0,3122770.0,3000030.0,1241910.0,8.48963e-05,0.00119914,0.00240344,0.00112852,0.00113132,0.00113142,0.00113297,628.892,0.0002
8.39,6732010.0,3122770.0,3000030.0,1241910.0,8.48963e-05,0.00119914,0.00240344,0.00112852,0.00113132,0.00113142,0.00113297,629.855,0.0002
8.395,6732170.0,3122820.0,3000080.0,1241910.0,8.48973e-05,0.00120534,0.00240961,0.00112853,0.00113134,0.00113144,0.00113299,629.855,0.0002
8.4,6732220.0,3122840.0,3000100.0,1241910.0,8.48977e-05,0.00120738,0.00241164,0.00112854,0.00113135,0.00113145,0.00113299,626.019,0.0002
8.405,6731580.0,3122620.0,2999890.0,1241900.0,8.48937e-05,0.00118267,0.00238704,0.00112847,0.00113128,0.00113138,0.00113293,626.551,0.0002
8.41,6731580.0,3122620.0,2999890.0,1241900.0,8.48937e-05,0.00118267,0.00238704,0.00112847,0.00113128,0.00113138,0.00113293,628.175,0.0002
8.415,6731850.0,3122710.0,2999980.0,1241910.0,8.48954e-05,0.00119313,0.00239745,0.0011285,0.00113131,0.00113141,0.00113295,628.175,0.0002
8.42,6731940.0,3122740.0,3000000.0,1241910.0,8.48959e-05,0.00119656,0.00240086,0.00112851,0.00113132,0.00113142,0.00113296,625.597,0.0002
8.425,6731510.0,3122590.0,2999860.0,1241900.0,8.48932e-05,0.00117996,0.00238433,0.00112847,0.00113127,0.00113137,0.00113292,626.425,0.0002
8.43,6731510.0,3122590.0,2999860.0,1241900.0,8.48932e-05,0.00117996,0.00238433,0.00112847,0.00113127,0.00113137,0.00113292,628.948,0.0002
8.435,6731930.0,3122740.0,3000000.0,1241910.0,8.48959e-05,0.00119621,0.00240051,0.00112851,0.00113132,0.00113142,0.00113296,628.948,0.0002
8.44,6732070.0,3122790.0,3000050.0,1241910.0,8.48967e-05,0.00120154,0.00240582,0.00112852,0.00113133,0.00113143,0.00113298,631.092,0.0002
8.445,6732430.0,3122910.0,3000160.0,1241910.0,8.4899e-05,0.00121535,0.00241958,0.00112856,0.00113137,0.00113147,0.00113301,630.148,0.0002
8.45,6732430.0,3122910.0,3000160.0,1241910.0,8.4899e-05,0.00121535,0.00241958,0.00112856,0.00113137,0.00113147,0.00113301,627.269,0.0002
8.455,6731950.0,3122750.0,3000010.0,1241910.0,8.4896e-05,0.0011968,0.00240111,0.00112851,0.00113132,0.00113142,0.00113296,627.269,0.0002
8.46,6731790.0,3122690.0,2999960.0,1241910.0,8.4895e-05,0.00119072,0.00239505,0.00112849,0.0011313,0.0011314,0.00113295,628.01,0.0002
8.465,6731920.0,3122730.0,3000000.0,1241910.0,8.48957e-05,0.0011955,0.00239981,0.00112851,0.00113131,0.00113141,0.00113296,627.598,0.0002
8.47,6731920.0,3122730.0,3000000.0,1241910.0,8.48957e-05,0.0011955,0.00239981,0.00112851,0.00113131,0.00113141,0.00113296,626.342,0.0002
8.475,6731710.0,3122660.0,2999930.0,1241910.0,8.48944e-05,0.00118741,0.00239175,0.00112848,0.00113129,0.00113139,0.00113294,626.342,0.0002
8.48,6731640.0,3122640.0,2999900.0,1241910.0,8.4894e-05,0.00118475,0.00238911,0.00112848,0.00113129,0.00113139,0.00113293,626.304,0.0002
8.485,6731630.0,3122630.0,2999900.0,1241910.0,8.4894e-05,0.0011845,0.00238886,0.00112848,0.00113129,0.00113138,0.00113293,627.384,0.0002
8.49,6731630.0,3122630.0,2999900.0,1241910.0,8.4894e-05,0.0011845,0.00238886,0.00112848,0.00113129,0.00113138,0.00113293,630.679,0.0002
8.495,6732180.0,3122830.0,3000080.0,1241910.0,8.48974e-05,0.00120573,0.00241,0.00112853,0.00113134,0.00113144,0.00113299,630.679,0.0002
8.5,6732360.0,3122890.0,3000140.0,1241910.0,8.48985e-05,0.00121269,0.00241693,0.00112855,0.00113136,0.00113146,0.00113301,630.54,0.0002
8.505,6732340.0,3122880.0,3000130.0,1241910.0,8.48984e-05,0.00121179,0.00241604,0.00112855,0.00113136,0.00113146,0.001133,629.631,0.0002
8.51,6732340.0,3122880.0,3000130.0,1241910.0,8.48984e-05,0.00121179,0.00241604,0.00112855,0.00113136,0.00113146,0.001133,626.857,0.0002
8.515,6731880.0,3122720.0,2999980.0,1241910.0,8.48955e-05,0.00119393,0.00239825,0.0011285,0.00113131,0.00113141,0.00113296,626.857,0.0002
8.52,6731720.0,3122670.0,2999930.0,1241910.0,8.48945e-05,0.00118807,0.00239241,0.00112849,0.00113129,0.00113139,0.00113294,625.397,0.0002
8.525,6731480.0,3122580.0,2999850.0,1241900.0,8.4893e-05,0.00117867,0.00238305,0.00112846,0.00113127,0.00113137,0.00113292,626.539,0.0002
8.53,6731480.0,3122580.0,2999850.0,1241900.0,8.4893e-05,0.00117867,0.00238305,0.00112846,0.00113127,0.00113137,0.00113292,630.02,0.0002
8.535,6732060.0,3122790.0,3000040.0,1241910.0,8.48966e-05,0.00120109,0.00240537,0.00112852,0.00113133,0.00113143,0.00113298,630.02,0.0002
8.54,6732250.0,3122850.0,3000110.0,1241910.0,8.48978e-05,0.00120844,0.0024127,0.00112854,0.00113135,0.00113145,0.00113299,629.333,0.0002
8.545,6732140.0,3122810.0,3000070.0,1241910.0,8.48971e-05,0.00120402,0.00240829,0.00112853,0.00113134,0.00113144,0.00113298,630.038,0.0002
8.55,6732140.0,3122810.0,3000070.0,1241910.0,8.48971e-05,0.00120402,0.00240829,0.00112853,0.00113134,0.00113144,0.00113298,632.187,0.0002
8.555,6732500.0,3122940.0,3000190.0,1241910.0,8.48994e-05,0.00121786,0.00242208,0.00112856,0.00113137,0.00113147,0.00113302,632.187,0.0002
8.56,6732610.0,3122980.0,3000220.0,1241920.0,8.49001e-05,0.0012224,0.0024266,0.00112858,0.00113139,0.00113148,0.00113303,625.567,0.0002
8.565,6731510.0,3122590.0,2999860.0,1241900.0,8.48932e-05,0.00117976,0.00238414,0.00112846,0.00113127,0.00113137,0.00113292,626.606,0.0002
8.57,6731510.0,3122590.0,2999860.0,1241910.0,8.48932e-05,0.00117976,0.00238414,0.00112846,0.00113127,0.00113137,0.00113292,629.773,0.0002
8.575,6732040.0,3122780.0,3000040.0,1241910.0,8.48965e-05,0.00120016,0.00240445,0.00112852,0.00113133,0.00113143,0.00113297,629.773,0.0002
8.58,6732210.0,3122840.0,3000090.0,1241910.0,8.48976e-05,0.00120685,0.00241111,0.00112854,0.00113134,0.00113144,0.00113299,628.689,0.0002
8.585,6732030.0,3122770.0,3000030.0,1241910.0,8.48965e-05,0.00119987,0.00240416,0.00112852,0.00113133,0.00113143,0.00113297,628.768,0.0002
8.59,6732030.0,3122770.0,3000030.0,1241910.0,8.48965e-05,0.00119987,0.00240416,0.00112852,0.00113133,0.00113143,0.00113297,629.008,0.0002
8.595,6732070.0,3122790.0,3000050.0,1241910.0,8.48967e-05,0.00120141,0.0024057,0.00112852,0.00113133,0.00113143,0.00113298,629.008,0.0002
8.6,6732080.0,3122790.0,3000050.0,1241910.0,8.48968e-05,0.00120192,0.00240621,0.00112852,0.00113133,0.00113143,0.00113298,627.097,0.0002
8.605,6731760.0,3122680.0,2999950.0,1241910.0,8.48948e-05,0.00118961,0.00239395,0.00112849,0.0011313,0.0011314,0.00113294,627.71,0.0002
8.61,6731760.0,3122680.0,2999950.0,1241910.0,8.48948e-05,0.00118961,0.00239395,0.00112849,0.0011313,0.0011314,0.00113294,629.581,0.0002
8.615,6732080.0,3122790.0,3000050.0,1241910.0,8.48967e-05,0.00120166,0.00240595,0.00112852,0.00113133,0.00113143,0.00113298,629.581,0.0002
8.62,6732180.0,3122830.0,3000080.0,1241910.0,8.48974e-05,0.00120561,0.00240988,0.00112853,0.00113134,0.00113144,0.00113299,628.079,0.0002
8.625,6731930.0,3122740.0,3000000.0,1241910.0,8.48958e-05,0.00119594,0.00240025,0.00112851,0.00113132,0.00113141,0.00113296,628.421,0.0002
8.63,6731930.0,3122740.0,3000000.0,1241910.0,8.48958e-05,0.00119594,0.00240025,0.00112851,0.00113132,0.00113141,0.00113296,629.466,0.0002
8.635,6732100.0,3122800.0,3000060.0,1241910.0,8.48969e-05,0.00120267,0.00240695,0.00112852,0.00113133,0.00113143,0.00113298,629.466,0.0002
8.64,6732160.0,3122820.0,3000080.0,1241910.0,8.48973e-05,0.00120487,0.00240914,0.00112853,0.00113134,0.00113144,0.00113299,629.948,0.0002
8.645,6732240.0,3122850.0,3000100.0,1241910.0,8.48978e-05,0.00120798,0.00241224,0.00112854,0.00113135,0.00113145,0.00113299,629.36,0.0002
8.65,6732240.0,3122850.0,3000100.0,1241910.0,8.48978e-05,0.00120798,0.00241224,0.00112854,0.00113135,0.00113145,0.00113299,627.567,0.0002
8.655,6731940.0,3122740.0,3000000.0,1241910.0,8.48959e-05,0.00119643,0.00240074,0.00112851,0.00113132,0.00113142,0.00113296,627.567,0.0002
8.66,6731840.0,3122710.0,2999970.0,1241910.0,8.48953e-05,0.00119264,0.00239696,0.0011285,0.00113131,0.00113141,0.00113295,629.548,0.0002
8.665,6732170.0,3122830.0,3000080.0,1241910.0,8.48973e-05,0.0012054,0.00240967,0.00112853,0.00113134,0.00113144,0.00113299,629.013,0.0002
8.67,6732170.0,3122830.0,3000080.0,1241910.0,8.48973e-05,0.0012054,0.00240967,0.00112853,0.00113134,0.00113144,0.00113299,627.384,0.0002
8.675,6731900.0,3122730.0,2999990.0,1241910.0,8.48956e-05,0.0011949,0.00239922,0.0011285,0.00113131,0.00113141,0.00113296,627.384,0.0002
8.68,6731810.0,3122700.0,2999960.0,1241910.0,8.48951e-05,0.00119146,0.00239579,0.0011285,0.0011313,0.0011314,0.00113295,632.803,0.0002
8.685,6732720.0,3123020.0,3000260.0,1241920.0,8.49007e-05,0.00122637,0.00243055,0.00112859,0.0011314,0.0011315,0.00113304,631.656,0.0002
8.69,6732720.0,3123020.0,3000260.0,1241920.0,8.49007e-05,0.00122637,0.00243055,0.00112859,0.0011314,0.0011315,0.00113304,628.159,0.0002
8.695,6732130.0,3122810.0,3000070.0,1241910.0,8.48971e-05,0.00120384,0.00240812,0.00112853,0.00113134,0.00113144,0.00113298,628.159,0.0002
8.7,6731940.0,3122740.0,3000010.0,1241910.0,8.48959e-05,0.00119645,0.00240076,0.00112851,0.00113132,0.00113142,0.00113296,629.789,0.0002
8.705,6732210.0,3122840.0,3000090.0,1241910.0,8.48976e-05,0.00120695,0.00241122,0.00112854,0.00113134,0.00113144,0.00113299,630.287,0.0002
8.71,6732210.0,3122840.0,3000090.0,1241910.0,8.48976e-05,0.00120695,0.00241122,0.00112854,0.00113134,0.00113144,0.00113299,631.806,0.0002
8.715,6732470.0,3122930.0,3000180.0,1241920.0,8.48992e-05,0.00121674,0.00242096,0.00112856,0.00113137,0.00113147,0.00113302,631.806,0.0002
8.72,6732550.0,3122960.0,3000200.0,1241920.0,8.48997e-05,0.00121995,0.00242416,0.00112857,0.00113138,0.00113148,0.00113303,624.46,0.0002
8.725,6731320.0,3122530.0,2999800.0,1241900.0,8.48921e-05,0.00117263,0.00237704,0.00112845,0.00113125,0.00113135,0.0011329,625.886,0.0002
8.73,6731320.0,3122530.0,2999800.0,1241900.0,8.48921e-05,0.00117263,0.00237704,0.00112845,0.00113125,0.00113135,0.0011329,630.231,0.0002
8.735,6732050.0,3122780.0,3000040.0,1241910.0,8.48966e-05,0.00120062,0.00240491,0.00112852,0.00113133,0.00113143,0.00113297,630.231,0.0002
8.74,6732290.0,3122870.0,3000120.0,1241910.0,8.48981e-05,0.0012098,0.00241405,0.00112854,0.00113135,0.00113145,0.001133,630.889,0.0002
8.745,6732400.0,3122900.0,3000150.0,1241920.0,8.48987e-05,0.00121404,0.00241827,0.00112855,0.00113136,0.00113146,0.00113301,630.276,0.0002
8.75,6732400.0,3122900.0,3000150.0,1241920.0,8.48987e-05,0.00121404,0.00241827,0.00112855,0.00113136,0.00113146,0.00113301,628.408,0.0002
8.755,6732090.0,3122800.0,3000050.0,1241910.0,8.48968e-05,0.001202,0.00240629,0.00112852,0.00113133,0.00113143,0.00113298,628.408,0.0002
8.76,6731980.0,3122760.0,3000020.0,1241910.0,8.48962e-05,0.00119806,0.00240236,0.00112851,0.00113132,0.00113142,0.00113297,628.138,0.0002
8.765,6731940.0,3122740.0,3000000.0,1241910.0,8.48959e-05,0.00119632,0.00240063,0.00112851,0.00113132,0.00113142,0.00113296,628.999,0.0002
8.77,6731940.0,3122740.0,3000000.0,1241910.0,8.48959e-05,0.00119632,0.00240063,0.00112851,0.00113132,0.00113142,0.00113296,631.621,0.0002
8.775,6732380.0,3122900.0,3000150.0,1241920.0,8.48986e-05,0.00121322,0.00241745,0.00112855,0.00113136,0.00113146,0.00113301,631.621,0.0002
8.78,6732520.0,3122950.0,3000200.0,1241920.0,8.48995e-05,0.00121876,0.00242297,0.00112857,0.00113138,0.00113148,0.00113302,630.838,0.0002
8.785,6732390.0,3122900.0,3000150.0,1241920.0,8.48987e-05,0.00121371,0.00241795,0.00112855,0.00113136,0.00113146,0.00113301,631.333,0.0002
8.79,6732390.0,3122900.0,3000150.0,1241920.0,8.48987e-05,0.00121371,0.00241795,0.00112855,0.00113136,0.00113146,0.00113301,632.841,0.0002
8.795,6732640.0,3122990.0,3000230.0,1241920.0,8.49003e-05,0.00122342,0.00242762,0.00112858,0.00113139,0.00113149,0.00113303,632.841,0.0002
8.8,6732720.0,3123020.0,3000260.0,1241920.0,8.49008e-05,0.00122661,0.00243079,0.00112859,0.0011314,0.0011315,0.00113304,628.126,0.0002
8.805,6731940.0,3122740.0,3000000.0,1241910.0,8.48959e-05,0.00119625,0.00240055,0.00112851,0.00113132,0.00113142,0.00113296,628.147,0.0002
8.81,6731940.0,3122740.0,3000000.0,1241910.0,8.48959e-05,0.00119625,0.00240055,0.00112851,0.00113132,0.00113142,0.00113296,628.208,0.0002
8.815,6731950.0,3122750.0,3000010.0,1241910.0,8.48959e-05,0.00119664,0.00240095,0.00112851,0.00113132,0.00113142,0.00113296,628.208,0.0002
8.82,6731950.0,3122750.0,3000010.0,1241910.0,8.4896e-05,0.00119677,0.00240108,0.00112851,0.00113132,0.00113142,0.00113296,627.379,0.0002
8.825,6731810.0,3122700.0,2999960.0,1241910.0,8.48951e-05,0.00119143,0.00239576,0.00112849,0.0011313,0.0011314,0.00113295,626.594,0.0002
8.83,6731810.0,3122700.0,2999960.0,1241910.0,8.48951e-05,0.00119143,0.00239576,0.00112849,0.0011313,0.0011314,0.00113295,624.201,0.0002
8.835,6731410.0,3122560.0,2999830.0,1241910.0,8.48926e-05,0.00117602,0.00238041,0.00112845,0.00113126,0.00113136,0.00113291,624.201,0.0002
8.84,6731280.0,3122510.0,2999790.0,1241910.0,8.48918e-05,0.00117096,0.00237538,0.00112844,0.00113125,0.00113135,0.00113289,625.046,0.0002
8.845,6731420.0,3122560.0,2999840.0,1241910.0,8.48927e-05,0.0011764,0.00238079,0.00112846,0.00113126,0.00113136,0.00113291,626.281,0.0002
8.85,6731420.0,3122560.0,2999840.0,1241910.0,8.48927e-05,0.0011764,0.00238079,0.00112846,0.00113126,0.00113136,0.00113291,630.048,0.0002
8.855,6732050.0,3122780.0,3000040.0,1241910.0,8.48966e-05,0.00120066,0.00240495,0.00112852,0.00113133,0.00113143,0.00113297,630.048,0.0002
8.86,6732260.0,3122860.0,3000110.0,1241910.0,8.48979e-05,0.00120862,0.00241288,0.00112854,0.00113135,0.00113145,0.00113299,629.713,0.0002
8.865,6732200.0,3122840.0,3000090.0,1241910.0,8.48975e-05,0.00120646,0.00241073,0.00112853,0.00113134,0.00113144,0.00113299,628.866,0.0002
8.87,6732200.0,3122840.0,3000090.0,1241910.0,8.48975e-05,0.00120646,0.00241073,0.00112853,0.00113134,0.00113144,0.00113299,626.283,0.0002
8.875,6731770.0,3122690.0,2999950.0,1241910.0,8.48948e-05,0.00118983,0.00239417,0.00112849,0.0011313,0.0011314,0.00113295,626.283,0.0002
8.88,6731630.0,3122640.0,2999900.0,1241910.0,8.48939e-05,0.00118438,0.00238873,0.00112848,0.00113128,0.00113138,0.00113293,629.141,0.0002
8.885,6732110.0,3122800.0,3000060.0,1241910.0,8.48969e-05,0.00120278,0.00240706,0.00112852,0.00113133,0.00113143,0.00113298,629.665,0.0002
8.89,6732110.0,3122800.0,3000060.0,1241910.0,8.48969e-05,0.00120278,0.00240706,0.00112852,0.00113133,0.00113143,0.00113298,631.264,0.0002
8.895,6732370.0,3122900.0,3000150.0,1241920.0,8.48986e-05,0.00121308,0.00241732,0.00112855,0.00113136,0.00113146,0.00113301,631.264,0.0002
8.9,6732460.0,3122930.0,3000180.0,1241920.0,8.48991e-05,0.00121646,0.00242068,0.00112856,0.00113137,0.00113147,0.00113302,626.872,0.0002
8.905,6731730.0,3122670.0,2999940.0,1241910.0,8.48946e-05,0.00118817,0.00239251,0.00112849,0.00113129,0.00113139,0.00113294,627.087,0.0002
8.91,6731730.0,3122670.0,2999940.0,1241910.0,8.48946e-05,0.00118817,0.00239251,0.00112849,0.00113129,0.00113139,0.00113294,627.741,0.0002
8.915,6731840.0,3122710.0,2999970.0,1241910.0,8.48952e-05,0.00119238,0.00239671,0.0011285,0.00113131,0.00113141,0.00113295,627.741,0.0002
8.92,6731870.0,3122720.0,2999980.0,1241910.0,8.48955e-05,0.00119376,0.00239808,0.0011285,0.00113131,0.00113141,0.00113296,626.82,0.0002
8.925,6731720.0,3122670.0,2999930.0,1241910.0,8.48945e-05,0.00118783,0.00239217,0.00112849,0.00113129,0.00113139,0.00113294,626.47,0.0002
8.93,6731720.0,3122670.0,2999930.0,1241910.0,8.48945e-05,0.00118783,0.00239217,0.00112849,0.00113129,0.00113139,0.00113294,625.404,0.0002
8.935,6731540.0,3122610.0,2999880.0,1241910.0,8.48934e-05,0.00118096,0.00238534,0.00112847,0.00113128,0.00113138,0.00113292,625.404,0.0002
8.94,6731480.0,3122580.0,2999860.0,1241910.0,8.4893e-05,0.00117871,0.00238309,0.00112846,0.00113127,0.00113137,0.00113292,626.625,0.0002
8.945,6731680.0,3122660.0,2999920.0,1241910.0,8.48943e-05,0.00118658,0.00239093,0.00112848,0.00113129,0.00113139,0.00113294,627.641,0.0002
8.95,6731680.0,3122660.0,2999920.0,1241910.0,8.48943e-05,0.00118658,0.00239093,0.00112848,0.00113129,0.00113139,0.00113294,630.737,0.0002
8.955,6732200.0,3122840.0,3000090.0,1241920.0,8.48975e-05,0.00120652,0.00241078,0.00112853,0.00113134,0.00113144,0.00113299,630.737,0.0002
8.96,6732370.0,3122900.0,3000150.0,1241920.0,8.48986e-05,0.00121306,0.0024173,0.00112855,0.00113136,0.00113146,0.00113301,626.184,0.0002
8.965,6731610.0,3122630.0,2999900.0,1241910.0,8.48938e-05,0.00118373,0.00238809,0.00112847,0.00113128,0.00113138,0.00113293,626.644,0.0002
8.97,6731610.0,3122630.0,2999900.0,1241910.0,8.48938e-05,0.00118373,0.00238809,0.00112847,0.00113128,0.00113138,0.00113293,628.046,0.0002
8.975,6731850.0,3122710.0,2999980.0,1241910.0,8.48953e-05,0.00119277,0.00239709,0.0011285,0.00113131,0.00113141,0.00113295,628.046,0.0002
8.98,6731920.0,3122740.0,3000000.0,1241910.0,8.48958e-05,0.00119573,0.00240004,0.00112851,0.00113131,0.00113141,0.00113296,630.289,0.0002
8.985,6732300.0,3122870.0,3000120.0,1241920.0,8.48981e-05,0.00121018,0.00241443,0.00112854,0.00113135,0.00113145,0.001133,630.169,0.0002
8.99,6732300.0,3122870.0,3000120.0,1241920.0,8.48981e-05,0.00121018,0.00241443,0.00112854,0.00113135,0.00113145,0.001133,629.802,0.0002
8.995,6732240.0,3122850.0,3000100.0,1241920.0,8.48977e-05,0.00120781,0.00241207,0.00112854,0.00113135,0.00113145,0.00113299,629.802,0.0002
9.0,6732220.0,3122840.0,3000100.0,1241920.0,8.48976e-05,0.00120704,0.0024113,0.00112854,0.00113134,0.00113144,0.00113299,623.21,0.0002
9.005,6731110.0,3122460.0,2999740.0,1241900.0,8.48907e-05,0.00116458,0.00236902,0.00112842,0.00113123,0.00113133,0.00113288,625.442,0.0002
9.01,6731110.0,3122460.0,2999740.0,1241900.0,8.48907e-05,0.00116458,0.00236902,0.00112842,0.00113123,0.00113133,0.00113288,632.246,0.0002
9.015,6732250.0,3122850.0,3000110.0,1241920.0,8.48978e-05,0.0012084,0.00241266,0.00112854,0.00113135,0.00113145,0.00113299,632.246,0.0002
9.02,6732620.0,3122980.0,3000230.0,1241920.0,8.49002e-05,0.00122278,0.00242698,0.00112858,0.00113139,0.00113149,0.00113303,622.942,0.0002
9.025,6731070.0,3122440.0,2999720.0,1241900.0,8.48905e-05,0.00116285,0.0023673,0.00112842,0.00113123,0.00113133,0.00113287,625.095,0.0002
9.03,6731070.0,3122440.0,2999720.0,1241900.0,8.48905e-05,0.00116285,0.0023673,0.00112842,0.00113123,0.00113133,0.00113287,631.659,0.0002
9.035,6732170.0,3122820.0,3000080.0,1241920.0,8.48973e-05,0.00120513,0.0024094,0.00112853,0.00113134,0.00113144,0.00113299,631.659,0.0002
9.04,6732530.0,3122950.0,3000200.0,1241920.0,8.48995e-05,0.001219,0.00242321,0.00112857,0.00113138,0.00113148,0.00113302,627.826,0.0002
9.045,6731890.0,3122730.0,2999990.0,1241910.0,8.48956e-05,0.00119431,0.00239862,0.0011285,0.00113131,0.00113141,0.00113296,628.186,0.0002
9.05,6731890.0,3122730.0,2999990.0,1241910.0,8.48956e-05,0.00119431,0.00239862,0.0011285,0.00113131,0.00113141,0.00113296,629.285,0.0002
9.055,6732070.0,3122790.0,3000050.0,1241910.0,8.48967e-05,0.00120139,0.00240567,0.00112852,0.00113133,0.00113143,0.00113298,629.285,0.0002
9.06,6732130.0,3122810.0,3000070.0,1241920.0,8.48971e-05,0.00120371,0.00240799,0.00112853,0.00113134,0.00113144,0.00113298,628.121,0.0002
9.065,6731930.0,3122740.0,3000010.0,1241910.0,8.48959e-05,0.00119621,0.00240052,0.00112851,0.00113132,0.00113142,0.00113296,627.987,0.0002
9.07,6731930.0,3122740.0,3000010.0,1241910.0,8.48959e-05,0.00119621,0.00240052,0.00112851,0.00113132,0.00113142,0.00113296,627.58,0.0002
9.075,6731870.0,3122720.0,2999980.0,1241910.0,8.48954e-05,0.00119359,0.00239791,0.0011285,0.00113131,0.00113141,0.00113295,627.58,0.0002
9.08,6731840.0,3122710.0,2999980.0,1241910.0,8.48953e-05,0.00119273,0.00239705,0.0011285,0.00113131,0.00113141,0.00113295,629.293,0.0002
9.085,6732130.0,3122810.0,3000070.0,1241920.0,8.48971e-05,0.00120376,0.00240804,0.00112853,0.00113134,0.00113144,0.00113298,629.439,0.0002
9.09,6732130.0,3122810.0,3000070.0,1241920.0,8.48971e-05,0.00120376,0.00240804,0.00112853,0.00113134,0.00113144,0.00113298,629.884,0.0002
9.095,6732200.0,3122840.0,3000090.0,1241920.0,8.48975e-05,0.00120663,0.00241089,0.00112853,0.00113134,0.00113144,0.00113299,629.884,0.0002
9.1,6732230.0,3122850.0,3000100.0,1241920.0,8.48977e-05,0.00120757,0.00241183,0.00112854,0.00113135,0.00113145,0.00113299,628.197,0.0002
9.105,6731950.0,3122750.0,3000010.0,1241910.0,8.48959e-05,0.0011967,0.00240101,0.00112851,0.00113132,0.00113142,0.00113296,627.888,0.0002
9.11,6731950.0,3122750.0,3000010.0,1241910.0,8.48959e-05,0.0011967,0.00240101,0.00112851,0.00113132,0.00113142,0.00113296,626.946,0.0002
9.115,6731790.0,3122690.0,2999960.0,1241910.0,8.4895e-05,0.00119063,0.00239496,0.00112849,0.0011313,0.0011314,0.00113295,626.946,0.0002
9.12,6731740.0,3122680.0,2999940.0,1241910.0,8.48946e-05,0.00118864,0.00239298,0.00112849,0.0011313,0.0011314,0.00113294,627.744,0.0002
9.125,6731870.0,3122720.0,2999990.0,1241910.0,8.48955e-05,0.00119378,0.0023981,0.0011285,0.00113131,0.00113141,0.00113296,626.881,0.0002
9.13,6731870.0,3122720.0,2999990.0,1241910.0,8.48955e-05,0.00119378,0.0023981,0.0011285,0.00113131,0.00113141,0.00113296,624.251,0.0002
9.135,6731430.0,3122570.0,2999840.0,1241910.0,8.48927e-05,0.00117684,0.00238123,0.00112846,0.00113126,0.00113136,0.00113291,624.251,0.0002
9.14,6731290.0,3122520.0,2999790.0,1241910.0,8.48918e-05,0.00117128,0.0023757,0.00112844,0.00113125,0.00113135,0.0011329,626.829,0.0002
9.145,6731720.0,3122670.0,2999940.0,1241910.0,8.48945e-05,0.00118789,0.00239223,0.00112849,0.00113129,0.00113139,0.00113294,626.98,0.0002
9.15,6731720.0,3122670.0,2999940.0,1241910.0,8.48945e-05,0.00118789,0.00239223,0.00112849,0.00113129,0.00113139,0.00113294,627.439,0.0002
9.155,6731800.0,3122700.0,2999960.0,1241910.0,8.4895e-05,0.00119085,0.00239518,0.00112849,0.0011313,0.0011314,0.00113295,627.439,0.0002
9.16,6731820.0,3122710.0,2999970.0,1241910.0,8.48952e-05,0.00119182,0.00239614,0.0011285,0.0011313,0.0011314,0.00113295,628.152,0.0002
9.165,6731940.0,3122750.0,3000010.0,1241910.0,8.48959e-05,0.00119641,0.00240072,0.00112851,0.00113132,0.00113142,0.00113296,627.75,0.0002
9.17,6731940.0,3122750.0,3000010.0,1241910.0,8.48959e-05,0.00119641,0.00240072,0.00112851,0.00113132,0.00113142,0.00113296,626.525,0.0002
9.175,6731740.0,3122680.0,2999940.0,1241910.0,8.48946e-05,0.00118852,0.00239286,0.00112849,0.0011313,0.00113139,0.00113294,626.525,0.0002
9.18,6731670.0,3122650.0,2999920.0,1241910.0,8.48942e-05,0.00118593,0.00239028,0.00112848,0.00113129,0.00113139,0.00113293,624.415,0.0002
9.185,6731320.0,3122530.0,2999800.0,1241910.0,8.4892e-05,0.00117234,0.00237675,0.00112844,0.00113125,0.00113135,0.0011329,625.909,0.0002
9.19,6731320.0,3122530.0,2999800.0,1241910.0,8.4892e-05,0.00117234,0.00237675,0.00112844,0.00113125,0.00113135,0.0011329,630.462,0.0002
9.195,6732080.0,3122790.0,3000050.0,1241920.0,8.48967e-05,0.00120167,0.00240596,0.00112852,0.00113133,0.00113143,0.00113298,630.462,0.0002
9.2,6732330.0,3122880.0,3000130.0,1241920.0,8.48983e-05,0.00121129,0.00241554,0.00112855,0.00113136,0.00113145,0.001133,629.192,0.0002
9.205,6732110.0,3122810.0,3000060.0,1241920.0,8.4897e-05,0.00120311,0.00240739,0.00112853,0.00113133,0.00113143,0.00113298,629.425,0.0002
9.21,6732110.0,3122810.0,3000060.0,1241920.0,8.4897e-05,0.00120311,0.00240739,0.00112853,0.00113133,0.00113143,0.00113298,630.137,0.0002
9.215,6732230.0,3122850.0,3000100.0,1241920.0,8.48977e-05,0.00120769,0.00241195,0.00112854,0.00113135,0.00113145,0.00113299,630.137,0.0002
9.22,6732270.0,3122860.0,3000120.0,1241920.0,8.4898e-05,0.00120919,0.00241345,0.00112854,0.00113135,0.00113145,0.001133,628.695,0.0002
9.225,6732030.0,3122780.0,3000040.0,1241920.0,8.48965e-05,0.00119991,0.0024042,0.00112852,0.00113133,0.00113142,0.00113297,628.972,0.0002
9.23,6732030.0,3122780.0,3000040.0,1241920.0,8.48965e-05,0.00119991,0.0024042,0.00112852,0.00113133,0.00113142,0.00113297,629.817,0.0002
9.235,6732170.0,3122830.0,3000080.0,1241920.0,8.48973e-05,0.00120535,0.00240962,0.00112853,0.00113134,0.00113144,0.00113299,629.817,0.0002
9.24,6732220.0,3122840.0,3000100.0,1241920.0,8.48976e-05,0.00120714,0.0024114,0.00112854,0.00113134,0.00113144,0.00113299,628.923,0.0002
9.245,6732070.0,3122790.0,3000050.0,1241920.0,8.48967e-05,0.00120138,0.00240566,0.00112852,0.00113133,0.00113143,0.00113298,628.012,0.0002
9.25,6732070.0,3122790.0,3000050.0,1241920.0,8.48967e-05,0.00120138,0.00240566,0.00112852,0.00113133,0.00113143,0.00113298,625.234,0.0002
9.255,6731600.0,3122630.0,2999900.0,1241910.0,8.48938e-05,0.00118349,0.00238785,0.00112847,0.00113128,0.00113138,0.00113293,625.234,0.0002
9.26,6731450.0,3122580.0,2999850.0,1241910.0,8.48929e-05,0.00117762,0.002382,0.00112846,0.00113127,0.00113137,0.00113291,631.753,0.0002
9.265,6732540.0,3122960.0,3000210.0,1241920.0,8.48996e-05,0.0012196,0.00242381,0.00112857,0.00113138,0.00113148,0.00113302,631.733,0.0002
9.27,6732540.0,3122960.0,3000210.0,1241920.0,8.48996e-05,0.0012196,0.00242381,0.00112857,0.00113138,0.00113148,0.00113302,631.671,0.0002
9.275,6732530.0,3122950.0,3000200.0,1241920.0,8.48996e-05,0.00121921,0.00242342,0.00112857,0.00113138,0.00113148,0.00113302,631.671,0.0002
9.28,6732530.0,3122950.0,3000200.0,1241920.0,8.48996e-05,0.00121908,0.00242329,0.00112857,0.00113138,0.00113148,0.00113302,629.601,0.0002
9.285,6732180.0,3122830.0,3000090.0,1241920.0,8.48974e-05,0.00120574,0.00241001,0.00112853,0.00113134,0.00113144,0.00113299,628.698,0.0002
9.29,6732180.0,3122830.0,3000090.0,1241920.0,8.48974e-05,0.00120574,0.00241001,0.00112853,0.00113134,0.00113144,0.00113299,625.945,0.0002
9.295,6731720.0,3122670.0,2999940.0,1241910.0,8.48945e-05,0.00118801,0.00239236,0.00112849,0.00113129,0.00113139,0.00113294,625.945,0.0002
9.3,6731570.0,3122620.0,2999890.0,1241910.0,8.48936e-05,0.0011822,0.00238657,0.00112847,0.00113128,0.00113138,0.00113292,628.165,0.0002
9.305,6731940.0,3122750.0,3000010.0,1241920.0,8.48959e-05,0.0011965,0.0024008,0.00112851,0.00113132,0.00113142,0.00113296,628.622,0.0002
9.31,6731940.0,3122750.0,3000010.0,1241920.0,8.48959e-05,0.0011965,0.0024008,0.00112851,0.00113132,0.00113142,0.00113296,630.015,0.0002
9.315,6732170.0,3122830.0,3000090.0,1241920.0,8.48974e-05,0.00120547,0.00240974,0.00112853,0.00113134,0.00113144,0.00113299,630.015,0.0002
9.32,6732250.0,3122860.0,3000110.0,1241920.0,8.48978e-05,0.00120841,0.00241267,0.00112854,0.00113135,0.00113145,0.00113299,629.44,0.0002
9.325,6732160.0,3122820.0,3000080.0,1241920.0,8.48972e-05,0.00120471,0.00240898,0.00112853,0.00113134,0.00113144,0.00113298,628.624,0.0002
9.33,6732160.0,3122820.0,3000080.0,1241920.0,8.48972e-05,0.00120471,0.00240898,0.00112853,0.00113134,0.00113144,0.00113298,626.136,0.0002
9.335,6731740.0,3122680.0,2999940.0,1241910.0,8.48946e-05,0.00118868,0.00239302,0.00112849,0.0011313,0.0011314,0.00113294,626.136,0.0002
9.34,6731600.0,3122630.0,2999900.0,1241910.0,8.48938e-05,0.00118343,0.00238779,0.00112847,0.00113128,0.00113138,0.00113293,627.93,0.0002
9.345,6731900.0,3122730.0,3000000.0,1241920.0,8.48957e-05,0.00119498,0.0023993,0.0011285,0.00113131,0.00113141,0.00113296,628.175,0.0002
9.35,6731900.0,3122730.0,3000000.0,1241920.0,8.48957e-05,0.00119498,0.0023993,0.0011285,0.00113131,0.00113141,0.00113296,628.919,0.0002
9.355,6732030.0,3122780.0,3000040.0,1241920.0,8.48964e-05,0.00119978,0.00240407,0.00112852,0.00113133,0.00113142,0.00113297,628.919,0.0002
9.36,6732070.0,3122790.0,3000050.0,1241920.0,8.48967e-05,0.00120135,0.00240563,0.00112852,0.00113133,0.00113143,0.00113298,629.713,0.0002
9.365,6732200.0,3122840.0,3000090.0,1241920.0,8.48975e-05,0.00120647,0.00241073,0.00112853,0.00113134,0.00113144,0.00113299,629.786,0.0002
9.37,6732200.0,3122840.0,3000090.0,1241920.0,8.48975e-05,0.00120647,0.00241073,0.00112853,0.00113134,0.00113144,0.00113299,630.009,0.0002
9.375,6732240.0,3122850.0,3000110.0,1241920.0,8.48977e-05,0.0012079,0.00241216,0.00112854,0.00113135,0.00113145,0.00113299,630.009,0.0002
9.38,6732250.0,3122860.0,3000110.0,1241920.0,8.48978e-05,0.00120837,0.00241263,0.00112854,0.00113135,0.00113145,0.00113299,627.195,0.0002
9.385,6731780.0,3122690.0,2999960.0,1241910.0,8.48949e-05,0.00119025,0.00239458,0.00112849,0.0011313,0.0011314,0.00113295,627.59,0.0002
9.39,6731780.0,3122690.0,2999960.0,1241910.0,8.48949e-05,0.00119025,0.00239458,0.00112849,0.0011313,0.0011314,0.00113295,628.794,0.0002
9.395,6731980.0,3122760.0,3000020.0,1241920.0,8.48961e-05,0.001198,0.0024023,0.00112851,0.00113132,0.00113142,0.00113297,628.794,0.0002
9.4,6732050.0,3122790.0,3000040.0,1241920.0,8.48966e-05,0.00120054,0.00240483,0.00112852,0.00113133,0.00113143,0.00113297,631.428,0.0002
9.405,6732490.0,3122940.0,3000190.0,1241920.0,8.48993e-05,0.00121751,0.00242173,0.00112856,0.00113137,0.00113147,0.00113302,630.598,0.0002
9.41,6732490.0,3122940.0,3000190.0,1241920.0,8.48993e-05,0.00121751,0.00242173,0.00112856,0.00113137,0.00113147,0.00113302,628.065,0.0002
9.415,6732060.0,3122790.0,3000050.0,1241920.0,8.48967e-05,0.0012012,0.00240549,0.00112852,0.00113133,0.00113143,0.00113297,628.065,0.0002
9.42,6731930.0,3122740.0,3000000.0,1241920.0,8.48958e-05,0.00119585,0.00240016,0.00112851,0.00113131,0.00113141,0.00113296,624.333,0.0002
9.425,6731300.0,3122530.0,2999800.0,1241910.0,8.48919e-05,0.00117181,0.00237622,0.00112844,0.00113125,0.00113135,0.0011329,624.992,0.0002
9.43,6731300.0,3122530.0,2999800.0,1241910.0,8.48919e-05,0.00117181,0.00237622,0.00112844,0.00113125,0.00113135,0.0011329,627.003,0.0002
9.435,6731640.0,3122640.0,2999910.0,1241910.0,8.4894e-05,0.00118476,0.00238912,0.00112848,0.00113129,0.00113138,0.00113293,627.003,0.0002
9.44,6731750.0,3122680.0,2999950.0,1241910.0,8.48947e-05,0.00118901,0.00239335,0.00112849,0.0011313,0.0011314,0.00113294,626.027,0.0002
9.445,6731590.0,3122620.0,2999890.0,1241910.0,8.48937e-05,0.00118273,0.00238709,0.00112847,0.00113128,0.00113138,0.00113293,626.554,0.0002
9.45,6731590.0,3122620.0,2999890.0,1241910.0,8.48937e-05,0.00118273,0.00238709,0.00112847,0.00113128,0.00113138,0.00113293,628.16,0.0002
9.455,6731850.0,3122720.0,2999980.0,1241920.0,8.48954e-05,0.00119307,0.00239739,0.0011285,0.00113131,0.00113141,0.00113295,628.16,0.0002
9.46,6731940.0,3122750.0,3000010.0,1241920.0,8.48959e-05,0.00119646,0.00240077,0.00112851,0.00113132,0.00113142,0.00113296,623.083,0.0002
9.465,6731090.0,3122450.0,2999730.0,1241910.0,8.48906e-05,0.00116376,0.00236821,0.00112842,0.00113123,0.00113133,0.00113288,623.352,0.0002
9.47,6731090.0,3122450.0,2999730.0,1241910.0,8.48906e-05,0.00116376,0.00236821,0.00112842,0.00113123,0.00113133,0.00113288,624.172,0.0002
9.475,6731230.0,3122500.0,2999780.0,1241910.0,8.48915e-05,0.00116905,0.00237347,0.00112844,0.00113124,0.00113134,0.00113289,624.172,0.0002
9.48,6731280.0,3122520.0,2999790.0,1241910.0,8.48918e-05,0.00117078,0.00237519,0.00112844,0.00113125,0.00113135,0.00113289,622.905,0.0002
9.485,6731060.0,3122440.0,2999720.0,1241910.0,8.48904e-05,0.00116262,0.00236707,0.00112842,0.00113123,0.00113133,0.00113287,624.946,0.0002
9.49,6731060.0,3122440.0,2999720.0,1241910.0,8.48904e-05,0.00116262,0.00236707,0.00112842,0.00113123,0.00113133,0.00113287,631.167,0.0002
9.495,6732100.0,3122810.0,3000060.0,1241920.0,8.48969e-05,0.00120269,0.00240697,0.00112852,0.00113133,0.00113143,0.00113298,631.167,0.0002
9.5,6732440.0,3122920.0,3000170.0,1241920.0,8.4899e-05,0.00121583,0.00242005,0.00112856,0.00113137,0.00113147,0.00113301,630.828,0.0002
9.505,6732390.0,3122900.0,3000160.0,1241920.0,8.48987e-05,0.00121365,0.00241788,0.00112855,0.00113136,0.00113146,0.00113301,631.112,0.0002
9.51,6732390.0,3122900.0,3000160.0,1241920.0,8.48987e-05,0.00121365,0.00241788,0.00112855,0.00113136,0.00113146,0.00113301,631.977,0.0002
9.515,6732530.0,3122960.0,3000200.0,1241920.0,8.48996e-05,0.00121922,0.00242343,0.00112857,0.00113138,0.00113148,0.00113302,631.977,0.0002
9.52,6732580.0,3122970.0,3000220.0,1241920.0,8.48999e-05,0.00122105,0.00242525,0.00112857,0.00113138,0.00113148,0.00113303,632.198,0.0002
9.525,6732620.0,3122980.0,3000230.0,1241920.0,8.49001e-05,0.00122247,0.00242667,0.00112858,0.00113139,0.00113148,0.00113303,631.551,0.0002
9.53,6732620.0,3122980.0,3000230.0,1241920.0,8.49001e-05,0.00122247,0.00242667,0.00112858,0.00113139,0.00113148,0.00113303,629.577,0.0002
9.535,6732290.0,3122870.0,3000120.0,1241920.0,8.4898e-05,0.00120976,0.00241401,0.00112854,0.00113135,0.00113145,0.001133,629.577,0.0002
9.54,6732180.0,3122830.0,3000090.0,1241920.0,8.48974e-05,0.00120559,0.00240986,0.00112853,0.00113134,0.00113144,0.00113299,627.448,0.0002
9.545,6731820.0,3122710.0,2999970.0,1241920.0,8.48952e-05,0.00119188,0.0023962,0.0011285,0.0011313,0.0011314,0.00113295,627.319,0.0002
9.55,6731820.0,3122710.0,2999970.0,1241920.0,8.48952e-05,0.00119188,0.0023962,0.0011285,0.0011313,0.0011314,0.00113295,626.927,0.0002
9.555,6731760.0,3122680.0,2999950.0,1241920.0,8.48948e-05,0.00118935,0.00239369,0.00112849,0.0011313,0.0011314,0.00113294,626.927,0.0002
9.56,6731740.0,3122680.0,2999940.0,1241920.0,8.48946e-05,0.00118852,0.00239286,0.00112849,0.0011313,0.00113139,0.00113294,631.98,0.0002
9.565,6732580.0,3122970.0,3000220.0,1241920.0,8.48999e-05,0.00122107,0.00242527,0.00112857,0.00113138,0.00113148,0.00113303,631.767,0.0002
9.57,6732580.0,3122970.0,3000220.0,1241920.0,8.48999e-05,0.00122107,0.00242527,0.00112857,0.00113138,0.00113148,0.00113303,631.118,0.0002
9.575,6732470.0,3122930.0,3000180.0,1241920.0,8.48992e-05,0.00121688,0.00242111,0.00112856,0.00113137,0.00113147,0.00113302,631.118,0.0002
9.58,6732440.0,3122920.0,3000170.0,1241920.0,8.4899e-05,0.00121551,0.00241974,0.00112856,0.00113137,0.00113147,0.00113301,629.579,0.0002
9.585,6732180.0,3122830.0,3000090.0,1241920.0,8.48974e-05,0.0012056,0.00240987,0.00112853,0.00113134,0.00113144,0.00113299,629.412,0.0002
9.59,6732180.0,3122830.0,3000090.0,1241920.0,8.48974e-05,0.0012056,0.00240987,0.00112853,0.00113134,0.00113144,0.00113299,628.903,0.0002
9.595,6732090.0,3122800.0,3000060.0,1241920.0,8.48968e-05,0.00120233,0.00240661,0.00112852,0.00113133,0.00113143,0.00113298,628.903,0.0002
9.6,6732070.0,3122790.0,3000050.0,1241920.0,8.48967e-05,0.00120125,0.00240554,0.00112852,0.00113133,0.00113143,0.00113297,626.619,0.0002
9.605,6731680.0,3122660.0,2999930.0,1241920.0,8.48943e-05,0.00118654,0.00239089,0.00112848,0.00113129,0.00113139,0.00113294,626.884,0.0002
9.61,6731680.0,3122660.0,2999930.0,1241920.0,8.48943e-05,0.00118654,0.00239089,0.00112848,0.00113129,0.00113139,0.00113294,627.692,0.0002
9.615,6731820.0,3122710.0,2999970.0,1241920.0,8.48951e-05,0.00119174,0.00239607,0.00112849,0.0011313,0.0011314,0.00113295,627.692,0.0002
9.62,6731860.0,3122720.0,2999990.0,1241920.0,8.48954e-05,0.00119345,0.00239777,0.0011285,0.00113131,0.00113141,0.00113295,629.993,0.0002
9.625,6732250.0,3122860.0,3000110.0,1241920.0,8.48978e-05,0.00120827,0.00241253,0.00112854,0.00113135,0.00113145,0.00113299,629.772,0.0002
9.63,6732250.0,3122860.0,3000110.0,1241920.0,8.48978e-05,0.00120827,0.00241253,0.00112854,0.00113135,0.00113145,0.00113299,629.097,0.0002
9.635,6732130.0,3122820.0,3000070.0,1241920.0,8.48971e-05,0.00120392,0.0024082,0.00112853,0.00113134,0.00113144,0.00113298,629.097,0.0002
9.64,6732100.0,3122800.0,3000060.0,1241920.0,8.48969e-05,0.0012025,0.00240678,0.00112852,0.00113133,0.00113143,0.00113298,626.383,0.0002
9.645,6731640.0,3122650.0,2999910.0,1241920.0,8.48941e-05,0.00118502,0.00238937,0.00112848,0.00113129,0.00113139,0.00113293,627.305,0.0002
9.65,6731640.0,3122650.0,2999910.0,1241920.0,8.48941e-05,0.00118502,0.00238937,0.00112848,0.00113129,0.00113139,0.00113293,630.114,0.0002
9.655,6732110.0,3122810.0,3000070.0,1241920.0,8.4897e-05,0.00120311,0.00240739,0.00112852,0.00113133,0.00113143,0.00113298,630.114,0.0002
9.66,6732270.0,3122860.0,3000120.0,1241920.0,8.48979e-05,0.00120905,0.00241331,0.00112854,0.00113135,0.00113145,0.001133,627.597,0.0002
9.665,6731850.0,3122720.0,2999980.0,1241920.0,8.48953e-05,0.00119284,0.00239716,0.0011285,0.00113131,0.00113141,0.00113295,628.489,0.0002
9.67,6731850.0,3122720.0,2999980.0,1241920.0,8.48953e-05,0.00119284,0.00239716,0.0011285,0.00113131,0.00113141,0.00113295,631.205,0.0002
9.675,6732300.0,3122880.0,3000130.0,1241920.0,8.48981e-05,0.00121034,0.00241459,0.00112854,0.00113135,0.00113145,0.001133,631.205,0.0002
9.68,6732450.0,3122930.0,3000180.0,1241920.0,8.48991e-05,0.00121608,0.0024203,0.00112856,0.00113137,0.00113147,0.00113301,625.4,0.0002
9.685,6731480.0,3122590.0,2999860.0,1241910.0,8.4893e-05,0.00117869,0.00238307,0.00112846,0.00113127,0.00113137,0.00113291,625.96,0.0002
9.69,6731480.0,3122590.0,2999860.0,1241910.0,8.4893e-05,0.00117869,0.00238307,0.00112846,0.00113127,0.00113137,0.00113291,627.668,0.0002
9.695,6731770.0,3122690.0,2999950.0,1241920.0,8.48948e-05,0.00118968,0.00239402,0.00112849,0.0011313,0.0011314,0.00113294,627.668,0.0002
9.7,6731860.0,3122720.0,2999980.0,1241920.0,8.48954e-05,0.00119329,0.00239761,0.0011285,0.00113131,0.00113141,0.00113295,625.79,0.0002
9.705,6731550.0,3122610.0,2999880.0,1241920.0,8.48934e-05,0.0011812,0.00238557,0.00112847,0.00113128,0.00113137,0.00113292,625.777,0.0002
9.71,6731550.0,3122610.0,2999880.0,1241920.0,8.48934e-05,0.0011812,0.00238557,0.00112847,0.00113128,0.00113137,0.00113292,625.739,0.0002
9.715,6731540.0,3122610.0,2999880.0,1241920.0,8.48934e-05,0.00118095,0.00238532,0.00112847,0.00113128,0.00113137,0.00113292,625.739,0.0002
9.72,6731540.0,3122610.0,2999880.0,1241920.0,8.48934e-05,0.00118087,0.00238524,0.00112847,0.00113127,0.00113137,0.00113292,630.068,0.0002
9.725,6732260.0,3122860.0,3000120.0,1241920.0,8.48979e-05,0.00120875,0.00241301,0.00112854,0.00113135,0.00113145,0.00113299,631.293,0.0002
9.73,6732260.0,3122860.0,3000120.0,1241920.0,8.48979e-05,0.00120875,0.00241301,0.00112854,0.00113135,0.00113145,0.00113299,635.026,0.0002
9.735,6732880.0,3123080.0,3000320.0,1241930.0,8.49018e-05,0.0012328,0.00243695,0.0011286,0.00113141,0.00113151,0.00113306,635.026,0.0002
9.74,6733090.0,3123150.0,3000390.0,1241930.0,8.4903e-05,0.00124069,0.00244481,0.00112862,0.00113143,0.00113153,0.00113308,630.05,0.0002
9.745,6732260.0,3122860.0,3000110.0,1241920.0,8.48979e-05,0.00120863,0.00241289,0.00112854,0.00113135,0.00113145,0.00113299,630.246,0.0002
9.75,6732260.0,3122860.0,3000110.0,1241920.0,8.48979e-05,0.00120863,0.00241289,0.00112854,0.00113135,0.00113145,0.00113299,630.844,0.0002
9.755,6732360.0,3122900.0,3000150.0,1241920.0,8.48985e-05,0.00121249,0.00241673,0.00112855,0.00113136,0.00113146,0.001133,630.844,0.0002
9.76,6732390.0,3122910.0,3000160.0,1241920.0,8.48987e-05,0.00121375,0.00241798,0.00112855,0.00113136,0.00113146,0.00113301,630.188,0.0002
9.765,6732280.0,3122870.0,3000120.0,1241920.0,8.4898e-05,0.00120952,0.00241377,0.00112854,0.00113135,0.00113145,0.001133,629.345,0.0002
9.77,6732280.0,3122870.0,3000120.0,1241920.0,8.4898e-05,0.00120952,0.00241377,0.00112854,0.00113135,0.00113145,0.001133,626.777,0.0002
9.775,6731850.0,3122720.0,2999980.0,1241920.0,8.48953e-05,0.00119298,0.0023973,0.0011285,0.00113131,0.00113141,0.00113295,626.777,0.0002
9.78,6731710.0,3122670.0,2999940.0,1241920.0,8.48945e-05,0.00118756,0.0023919,0.00112848,0.00113129,0.00113139,0.00113294,626.931,0.0002
9.785,6731740.0,3122680.0,2999940.0,1241920.0,8.48946e-05,0.00118855,0.00239289,0.00112849,0.0011313,0.00113139,0.00113294,627.365,0.0002
9.79,6731740.0,3122680.0,2999940.0,1241920.0,8.48946e-05,0.00118855,0.00239289,0.00112849,0.0011313,0.00113139,0.00113294,628.685,0.0002
9.795,6731960.0,3122760.0,3000020.0,1241920.0,8.4896e-05,0.00119706,0.00240136,0.00112851,0.00113132,0.00113142,0.00113296,628.685,0.0002
9.8,6732030.0,3122780.0,3000040.0,1241920.0,8.48964e-05,0.00119985,0.00240414,0.00112852,0.00113132,0.00113142,0.00113297,622.402,0.0002
9.805,6730980.0,3122410.0,2999700.0,1241910.0,8.48899e-05,0.00115938,0.00236384,0.00112841,0.00113122,0.00113132,0.00113286,623.864,0.0002
9.81,6730980.0,3122410.0,2999700.0,1241910.0,8.48899e-05,0.00115938,0.00236384,0.00112841,0.00113122,0.00113132,0.00113286,628.32,0.0002
9.815,6731720.0,3122670.0,2999940.0,1241920.0,8.48945e-05,0.00118808,0.00239242,0.00112849,0.00113129,0.00113139,0.00113294,628.32,0.0002
9.82,6731970.0,3122760.0,3000020.0,1241920.0,8.48961e-05,0.00119749,0.0024018,0.00112851,0.00113132,0.00113142,0.00113296,632.074,0.0002
9.825,6732600.0,3122980.0,3000230.0,1241930.0,8.49e-05,0.00122167,0.00242587,0.00112857,0.00113138,0.00113148,0.00113303,630.21,0.0002
9.83,6732600.0,3122980.0,3000230.0,1241930.0,8.49e-05,0.00122167,0.00242587,0.00112857,0.00113138,0.00113148,0.00113303,624.528,0.0002
9.835,6731650.0,3122650.0,2999920.0,1241920.0,8.48941e-05,0.00118507,0.00238943,0.00112848,0.00113129,0.00113139,0.00113293,624.528,0.0002
9.84,6731330.0,3122540.0,2999810.0,1241910.0,8.48921e-05,0.00117307,0.00237747,0.00112845,0.00113125,0.00113135,0.0011329,625.133,0.0002
9.845,6731440.0,3122570.0,2999850.0,1241920.0,8.48928e-05,0.00117697,0.00238135,0.00112846,0.00113126,0.00113136,0.00113291,624.582,0.0002
9.85,6731440.0,3122570.0,2999850.0,1241920.0,8.48928e-05,0.00117697,0.00238135,0.00112846,0.00113126,0.00113136,0.00113291,622.902,0.0002
9.855,6731150.0,3122480.0,2999750.0,1241910.0,8.4891e-05,0.00116615,0.00237058,0.00112843,0.00113124,0.00113134,0.00113288,622.902,0.0002
9.86,6731060.0,3122440.0,2999720.0,1241910.0,8.48904e-05,0.0011626,0.00236704,0.00112842,0.00113123,0.00113133,0.00113287,627.735,0.0002
9.865,6731870.0,3122730.0,2999990.0,1241920.0,8.48955e-05,0.00119373,0.00239804,0.0011285,0.00113131,0.00113141,0.00113295,627.799,0.0002
9.87,6731870.0,3122730.0,2999990.0,1241920.0,8.48955e-05,0.00119373,0.00239804,0.0011285,0.00113131,0.00113141,0.00113295,627.994,0.0002
9.875,6731900.0,3122740.0,3000000.0,1241920.0,8.48957e-05,0.00119498,0.00239929,0.0011285,0.00113131,0.00113141,0.00113296,627.994,0.0002
9.88,6731910.0,3122740.0,3000000.0,1241920.0,8.48957e-05,0.00119539,0.0023997,0.0011285,0.00113131,0.00113141,0.00113296,630.481,0.0002
9.885,6732330.0,3122890.0,3000140.0,1241920.0,8.48983e-05,0.00121141,0.00241566,0.00112855,0.00113136,0.00113145,0.001133,629.97,0.0002
9.89,6732330.0,3122890.0,3000140.0,1241920.0,8.48983e-05,0.00121141,0.00241566,0.00112855,0.00113136,0.00113145,0.001133,628.411,0.0002
9.895,6732070.0,3122800.0,3000050.0,1241920.0,8.48967e-05,0.00120137,0.00240566,0.00112852,0.00113133,0.00113143,0.00113297,628.411,0.0002
9.9,6731980.0,3122770.0,3000030.0,1241920.0,8.48962e-05,0.00119808,0.00240238,0.00112851,0.00113132,0.00113142,0.00113297,624.834,0.0002
9.905,6731390.0,3122560.0,2999830.0,1241920.0,8.48924e-05,0.00117504,0.00237943,0.00112845,0.00113126,0.00113136,0.0011329,625.151,0.0002
9.91,6731390.0,3122560.0,2999830.0,1241920.0,8.48924e-05,0.00117504,0.00237943,0.00112845,0.00113126,0.00113136,0.0011329,626.12,0.0002
9.915,6731550.0,3122610.0,2999880.0,1241920.0,8.48934e-05,0.00118128,0.00238565,0.00112847,0.00113128,0.00113137,0.00113292,626.12,0.0002
9.92,6731600.0,3122630.0,2999900.0,1241920.0,8.48938e-05,0.00118333,0.00238769,0.00112847,0.00113128,0.00113138,0.00113293,630.156,0.0002
9.925,6732270.0,3122870.0,3000120.0,1241920.0,8.4898e-05,0.00120932,0.00241357,0.00112854,0.00113135,0.00113145,0.001133,629.81,0.0002
9.93,6732270.0,3122870.0,3000120.0,1241920.0,8.4898e-05,0.00120932,0.00241357,0.00112854,0.00113135,0.00113145,0.001133,628.754,0.0002
9.935,6732100.0,3122810.0,3000060.0,1241920.0,8.48969e-05,0.00120252,0.0024068,0.00112852,0.00113133,0.00113143,0.00113298,628.754,0.0002
9.94,6732040.0,3122790.0,3000050.0,1241920.0,8.48965e-05,0.00120029,0.00240458,0.00112852,0.00113133,0.00113143,0.00113297,626.985,0.0002
9.945,6731740.0,3122680.0,2999950.0,1241920.0,8.48947e-05,0.00118889,0.00239323,0.00112849,0.0011313,0.0011314,0.00113294,626.501,0.0002
9.95,6731740.0,3122680.0,2999950.0,1241920.0,8.48947e-05,0.00118889,0.00239323,0.00112849,0.0011313,0.0011314,0.00113294,625.025,0.0002
9.955,6731500.0,3122600.0,2999870.0,1241920.0,8.48931e-05,0.00117939,0.00238377,0.00112846,0.00113127,0.00113137,0.00113292,625.025,0.0002
9.96,6731420.0,3122570.0,2999840.0,1241920.0,8.48926e-05,0.00117627,0.00238066,0.00112845,0.00113126,0.00113136,0.00113291,628.982,0.0002
9.965,6732080.0,3122800.0,3000060.0,1241920.0,8.48968e-05,0.00120176,0.00240604,0.00112852,0.00113133,0.00113143,0.00113298,627.811,0.0002
9.97,6732080.0,3122800.0,3000060.0,1241920.0,8.48968e-05,0.00120176,0.00240604,0.00112852,0.00113133,0.00113143,0.00113298,624.242,0.0002
9.975,6731480.0,3122590.0,2999860.0,1241920.0,8.4893e-05,0.00117877,0.00238315,0.00112846,0.00113127,0.00113137,0.00113291,624.242,0.0002
9.98,6731290.0,3122520.0,2999800.0,1241910.0,8.48918e-05,0.00117123,0.00237564,0.00112844,0.00113125,0.00113135,0.00113289,627.452,0.0002
9.985,6731820.0,3122710.0,2999970.0,1241920.0,8.48952e-05,0.0011919,0.00239623,0.0011285,0.0011313,0.0011314,0.00113295,628.461,0.0002
9.99,6731820.0,3122710.0,2999970.0,1241920.0,8.48952e-05,0.0011919,0.00239623,0.0011285,0.0011313,0.0011314,0.00113295,631.537,0.0002
9.995,6732340.0,3122890.0,3000140.0,1241930.0,8.48984e-05,0.00121172,0.00241596,0.00112855,0.00113136,0.00113146,0.001133,631.537,0.0002
10.0,6732510.0,3122950.0,3000200.0,1241930.0,8.48994e-05,0.00121822,0.00242243,0.00112856,0.00113137,0.00113147,0.00113302,635.667,0.0002
10.005,6733200.0,3123190.0,3000420.0,1241930.0,8.49037e-05,0.00124481,0.00244892,0.00112863,0.00113144,0.00113154,0.00113309,634.269,0.0002
10.01,6733200.0,3123190.0,3000420.0,1241930.0,8.49037e-05,0.00124481,0.00244892,0.00112863,0.00113144,0.00113154,0.00113309,630.005,0.0002
10.015,6732480.0,3122940.0,3000190.0,1241930.0,8.48993e-05,0.00121735,0.00242157,0.00112856,0.00113137,0.00113147,0.00113302,630.005,0.0002
10.02,6732250.0,3122860.0,3000110.0,1241920.0,8.48978e-05,0.00120835,0.0024126,0.00112854,0.00113135,0.00113145,0.00113299,627.771,0.0002
10.025,6731880.0,3122730.0,2999990.0,1241920.0,8.48955e-05,0.00119396,0.00239828,0.0011285,0.00113131,0.00113141,0.00113295,628.581,0.0002
10.03,6731880.0,3122730.0,2999990.0,1241920.0,8.48955e-05,0.00119396,0.00239828,0.0011285,0.00113131,0.00113141,0.00113295,631.05,0.0002
10.035,6732290.0,3122870.0,3000130.0,1241930.0,8.48981e-05,0.00120986,0.00241411,0.00112854,0.00113135,0.00113145,0.001133,631.05,0.0002
10.04,6732420.0,3122920.0,3000170.0,1241930.0,8.48989e-05,0.00121507,0.0024193,0.00112856,0.00113137,0.00113146,0.00113301,629.733,0.0002
10.045,6732200.0,3122840.0,3000100.0,1241920.0,8.48975e-05,0.0012066,0.00241086,0.00112853,0.00113134,0.00113144,0.00113299,629.151,0.0002
10.05,6732200.0,3122840.0,3000100.0,1241920.0,8.48975e-05,0.0012066,0.00241086,0.00112853,0.00113134,0.00113144,0.00113299,627.375,0.0002
10.055,6731910.0,3122740.0,3000000.0,1241920.0,8.48957e-05,0.00119516,0.00239947,0.0011285,0.00113131,0.00113141,0.00113296,627.375,0.0002
10.06,6731810.0,3122710.0,2999970.0,1241920.0,8.48951e-05,0.00119141,0.00239573,0.00112849,0.0011313,0.0011314,0.00113295,626.014,0.0002
10.065,6731580.0,3122630.0,2999900.0,1241920.0,8.48937e-05,0.00118264,0.00238701,0.00112847,0.00113128,0.00113138,0.00113292,626.247,0.0002
10.07,6731580.0,3122630.0,2999900.0,1241920.0,8.48937e-05,0.00118264,0.00238701,0.00112847,0.00113128,0.00113138,0.00113292,626.958,0.0002
10.075,6731700.0,3122670.0,2999930.0,1241920.0,8.48944e-05,0.00118722,0.00239156,0.00112848,0.00113129,0.00113139,0.00113294,626.958,0.0002
10.08,6731740.0,3122680.0,2999950.0,1241920.0,8.48946e-05,0.00118872,0.00239306,0.00112849,0.0011313,0.00113139,0.00113294,627.872,0.0002
10.085,6731890.0,3122740.0,3000000.0,1241920.0,8.48956e-05,0.00119461,0.00239892,0.0011285,0.00113131,0.00113141,0.00113296,626.878,0.0002
10.09,6731890.0,3122740.0,3000000.0,1241920.0,8.48956e-05,0.00119461,0.00239892,0.0011285,0.00113131,0.00113141,0.00113296,623.848,0.0002
10.095,6731390.0,3122560.0,2999830.0,1241920.0,8.48924e-05,0.00117509,0.00237949,0.00112845,0.00113126,0.00113136,0.0011329,623.848,0.0002
10.1,6731220.0,3122500.0,2999780.0,1241920.0,8.48914e-05,0.00116869,0.00237311,0.00112843,0.00113124,0.00113134,0.00113289,624.827,0.0002
10.105,6731380.0,3122560.0,2999830.0,1241920.0,8.48924e-05,0.001175,0.00237939,0.00112845,0.00113126,0.00113136,0.0011329,626.098,0.0002
10.11,6731380.0,3122560.0,2999830.0,1241920.0,8.48924e-05,0.001175,0.00237939,0.00112845,0.00113126,0.00113136,0.0011329,629.971,0.0002
10.115,6732030.0,3122780.0,3000040.0,1241920.0,8.48965e-05,0.00119995,0.00240424,0.00112852,0.00113132,0.00113142,0.00113297,629.971,0.0002
10.12,6732240.0,3122860.0,3000110.0,1241930.0,8.48978e-05,0.00120813,0.00241239,0.00112854,0.00113135,0.00113145,0.00113299,626.276,0.0002
10.125,6731630.0,3122640.0,2999910.0,1241920.0,8.48939e-05,0.00118433,0.00238869,0.00112848,0.00113128,0.00113138,0.00113293,627.494,0.0002
10.13,6731630.0,3122640.0,2999910.0,1241920.0,8.48939e-05,0.00118433,0.00238869,0.00112848,0.00113128,0.00113138,0.00113293,631.206,0.0002
10.135,6732250.0,3122860.0,3000110.0,1241930.0,8.48978e-05,0.00120824,0.00241249,0.00112854,0.00113135,0.00113145,0.00113299,631.206,0.0002
10.14,6732450.0,3122930.0,3000180.0,1241930.0,8.48991e-05,0.00121608,0.0024203,0.00112856,0.00113137,0.00113147,0.00113301,630.176,0.0002
10.145,6732280.0,3122870.0,3000120.0,1241930.0,8.4898e-05,0.00120945,0.0024137,0.00112854,0.00113135,0.00113145,0.001133,629.234,0.0002
10.15,6732280.0,3122870.0,3000120.0,1241930.0,8.4898e-05,0.00120945,0.0024137,0.00112854,0.00113135,0.00113145,0.001133,626.364,0.0002
10.155,6731800.0,3122700.0,2999970.0,1241920.0,8.4895e-05,0.00119096,0.00239529,0.00112849,0.0011313,0.0011314,0.00113295,626.364,0.0002
10.16,6731640.0,3122650.0,2999920.0,1241920.0,8.4894e-05,0.00118489,0.00238925,0.00112848,0.00113129,0.00113138,0.00113293,629.864,0.0002
10.165,6732230.0,3122850.0,3000110.0,1241930.0,8.48977e-05,0.00120744,0.0024117,0.00112854,0.00113134,0.00113144,0.00113299,628.996,0.0002
10.17,6732230.0,3122850.0,3000110.0,1241930.0,8.48977e-05,0.00120744,0.0024117,0.00112854,0.00113134,0.00113144,0.00113299,626.35,0.0002
10.175,6731780.0,3122700.0,2999960.0,1241920.0,8.48949e-05,0.00119039,0.00239472,0.00112849,0.0011313,0.0011314,0.00113295,626.35,0.0002
10.18,6731640.0,3122650.0,2999920.0,1241920.0,8.4894e-05,0.0011848,0.00238916,0.00112848,0.00113128,0.00113138,0.00113293,628.221,0.0002
10.185,6731950.0,3122760.0,3000020.0,1241920.0,8.4896e-05,0.00119686,0.00240116,0.00112851,0.00113132,0.00113142,0.00113296,628.379,0.0002
10.19,6731950.0,3122760.0,3000020.0,1241920.0,8.4896e-05,0.00119686,0.00240116,0.00112851,0.00113132,0.00113142,0.00113296,628.862,0.0002
10.195,6732030.0,3122780.0,3000040.0,1241920.0,8.48965e-05,0.00119996,0.00240426,0.00112852,0.00113132,0.00113142,0.00113297,628.862,0.0002
10.2,6732060.0,3122790.0,3000050.0,1241920.0,8.48966e-05,0.00120098,0.00240527,0.00112852,0.00113133,0.00113143,0.00113297,629.209,0.0002
10.205,6732120.0,3122810.0,3000070.0,1241930.0,8.4897e-05,0.00120322,0.0024075,0.00112852,0.00113133,0.00113143,0.00113298,629.264,0.0002
10.21,6732120.0,3122810.0,3000070.0,1241930.0,8.4897e-05,0.00120322,0.0024075,0.00112852,0.00113133,0.00113143,0.00113298,629.43,0.0002
10.215,6732140.0,3122820.0,3000080.0,1241930.0,8.48972e-05,0.00120429,0.00240856,0.00112853,0.00113134,0.00113144,0.00113298,629.43,0.0002
10.22,6732150.0,3122830.0,3000080.0,1241930.0,8.48972e-05,0.00120464,0.00240891,0.00112853,0.00113134,0.00113144,0.00113298,629.324,0.0002
10.225,6732140.0,3122820.0,3000080.0,1241930.0,8.48971e-05,0.00120396,0.00240824,0.00112853,0.00113134,0.00113143,0.00113298,630.177,0.0002
10.23,6732140.0,3122820.0,3000080.0,1241930.0,8.48971e-05,0.00120396,0.00240824,0.00112853,0.00113134,0.00113143,0.00113298,632.778,0.0002
10.235,6732570.0,3122970.0,3000220.0,1241930.0,8.48998e-05,0.00122071,0.00242492,0.00112857,0.00113138,0.00113148,0.00113303,632.778,0.0002
10.24,6732710.0,3123020.0,3000270.0,1241930.0,8.49007e-05,0.00122621,0.00243039,0.00112858,0.00113139,0.00113149,0.00113304,629.409,0.0002
10.245,6732150.0,3122830.0,3000080.0,1241930.0,8.48972e-05,0.00120451,0.00240878,0.00112853,0.00113134,0.00113144,0.00113298,629.903,0.0002
10.25,6732150.0,3122830.0,3000080.0,1241930.0,8.48972e-05,0.00120451,0.00240878,0.00112853,0.00113134,0.00113144,0.00113298,631.407,0.0002
10.255,6732400.0,3122910.0,3000170.0,1241930.0,8.48988e-05,0.0012142,0.00241843,0.00112855,0.00113136,0.00113146,0.00113301,631.407,0.0002
10.26,6732480.0,3122940.0,3000190.0,1241930.0,8.48993e-05,0.00121737,0.00242159,0.00112856,0.00113137,0.00113147,0.00113302,628.195,0.0002
10.265,6731950.0,3122760.0,3000020.0,1241920.0,8.48959e-05,0.00119669,0.00240099,0.00112851,0.00113132,0.00113142,0.00113296,629.276,0.0002
10.27,6731950.0,3122760.0,3000020.0,1241920.0,8.48959e-05,0.00119669,0.00240099,0.00112851,0.00113132,0.00113142,0.00113296,632.572,0.0002
10.275,6732500.0,3122950.0,3000200.0,1241930.0,8.48994e-05,0.00121792,0.00242213,0.00112856,0.00113137,0.00113147,0.00113302,632.572,0.0002
10.28,6732680.0,3123010.0,3000260.0,1241930.0,8.49005e-05,0.00122488,0.00242907,0.00112858,0.00113139,0.00113149,0.00113304,627.221,0.0002
10.285,6731780.0,3122700.0,2999960.0,1241920.0,8.48949e-05,0.00119042,0.00239475,0.00112849,0.0011313,0.0011314,0.00113295,627.866,0.0002
10.29,6731780.0,3122700.0,2999960.0,1241920.0,8.48949e-05,0.00119042,0.00239475,0.00112849,0.0011313,0.0011314,0.00113295,629.83,0.0002
10.295,6732110.0,3122810.0,3000070.0,1241930.0,8.4897e-05,0.00120307,0.00240735,0.00112852,0.00113133,0.00113143,0.00113298,629.83,0.0002
10.3,6732220.0,3122850.0,3000110.0,1241930.0,8.48976e-05,0.00120722,0.00241148,0.00112853,0.00113134,0.00113144,0.00113299,626.533,0.0002
10.305,6731670.0,3122660.0,2999930.0,1241920.0,8.48942e-05,0.00118598,0.00239033,0.00112848,0.00113129,0.00113139,0.00113293,626.729,0.0002
10.31,6731670.0,3122660.0,2999930.0,1241920.0,8.48942e-05,0.00118598,0.00239033,0.00112848,0.00113129,0.00113139,0.00113293,627.325,0.0002
10.315,6731770.0,3122690.0,2999960.0,1241920.0,8.48948e-05,0.00118983,0.00239416,0.00112849,0.0011313,0.0011314,0.00113294,627.325,0.0002
10.32,6731800.0,3122700.0,2999970.0,1241920.0,8.4895e-05,0.00119109,0.00239541,0.00112849,0.0011313,0.0011314,0.00113295,628.007,0.0002
10.325,6731920.0,3122740.0,3000010.0,1241920.0,8.48957e-05,0.00119548,0.00239979,0.0011285,0.00113131,0.00113141,0.00113296,628.535,0.0002
10.33,6731920.0,3122740.0,3000010.0,1241920.0,8.48957e-05,0.00119548,0.00239979,0.0011285,0.00113131,0.00113141,0.00113296,630.145,0.0002
10.335,6732180.0,3122840.0,3000090.0,1241930.0,8.48974e-05,0.00120584,0.00241011,0.00112853,0.00113134,0.00113144,0.00113299,630.145,0.0002
10.34,6732270.0,3122870.0,3000120.0,1241930.0,8.4898e-05,0.00120925,0.0024135,0.00112854,0.00113135,0.00113145,0.001133,628.437,0.0002
10.345,6731990.0,3122770.0,3000030.0,1241930.0,8.48962e-05,0.00119825,0.00240255,0.00112851,0.00113132,0.00113142,0.00113297,627.75,0.0002
10.35,6731990.0,3122770.0,3000030.0,1241930.0,8.48962e-05,0.00119825,0.00240255,0.00112851,0.00113132,0.00113142,0.00113297,625.655,0.0002
10.355,6731640.0,3122650.0,2999920.0,1241920.0,8.4894e-05,0.00118475,0.00238911,0.00112848,0.00113128,0.00113138,0.00113293,625.655,0.0002
10.36,6731520.0,3122610.0,2999880.0,1241920.0,8.48933e-05,0.00118033,0.0023847,0.00112846,0.00113127,0.00113137,0.00113292,626.348,0.0002
10.365,6731640.0,3122650.0,2999920.0,1241920.0,8.4894e-05,0.00118479,0.00238914,0.00112848,0.00113128,0.00113138,0.00113293,627.379,0.0002
10.37,6731640.0,3122650.0,2999920.0,1241920.0,8.4894e-05,0.00118479,0.00238914,0.00112848,0.00113128,0.00113138,0.00113293,630.523,0.0002
10.375,6732160.0,3122830.0,3000090.0,1241930.0,8.48973e-05,0.00120504,0.00240931,0.00112853,0.00113134,0.00113144,0.00113298,630.523,0.0002
10.38,6732340.0,3122890.0,3000140.0,1241930.0,8.48984e-05,0.00121168,0.00241592,0.00112855,0.00113136,0.00113145,0.001133,627.248,0.0002
10.385,6731790.0,3122700.0,2999970.0,1241920.0,8.4895e-05,0.00119059,0.00239492,0.00112849,0.0011313,0.0011314,0.00113295,627.837,0.0002
10.39,6731790.0,3122700.0,2999970.0,1241920.0,8.4895e-05,0.00119059,0.00239492,0.00112849,0.0011313,0.0011314,0.00113295,629.632,0.0002
10.395,6732090.0,3122810.0,3000060.0,1241930.0,8.48968e-05,0.00120215,0.00240643,0.00112852,0.00113133,0.00113143,0.00113298,629.632,0.0002
10.4,6732190.0,3122840.0,3000100.0,1241930.0,8.48974e-05,0.00120594,0.00241021,0.00112853,0.00113134,0.00113144,0.00113299,629.394,0.0002
10.405,6732150.0,3122830.0,3000080.0,1241930.0,8.48972e-05,0.00120441,0.00240869,0.00112853,0.00113134,0.00113144,0.00113298,628.268,0.0002
10.41,6732150.0,3122830.0,3000080.0,1241930.0,8.48972e-05,0.00120441,0.00240869,0.00112853,0.00113134,0.00113144,0.00113298,624.834,0.0002
10.415,6731570.0,3122630.0,2999900.0,1241920.0,8.48936e-05,0.0011823,0.00238666,0.00112847,0.00113128,0.00113138,0.00113292,624.834,0.0002
10.42,6731390.0,3122560.0,2999830.0,1241920.0,8.48924e-05,0.00117504,0.00237944,0.00112845,0.00113126,0.00113136,0.0011329,630.592,0.0002
10.425,6732350.0,3122900.0,3000150.0,1241930.0,8.48984e-05,0.00121213,0.00241637,0.00112855,0.00113136,0.00113146,0.001133,630.067,0.0002
10.43,6732350.0,3122900.0,3000150.0,1241930.0,8.48984e-05,0.00121213,0.00241637,0.00112855,0.00113136,0.00113146,0.001133,628.468,0.0002
10.435,6732080.0,3122800.0,3000060.0,1241930.0,8.48968e-05,0.00120182,0.00240611,0.00112852,0.00113133,0.00113143,0.00113298,628.468,0.0002
10.44,6731990.0,3122770.0,3000030.0,1241930.0,8.48962e-05,0.00119844,0.00240274,0.00112851,0.00113132,0.00113142,0.00113297,631.479,0.0002
10.445,6732500.0,3122950.0,3000200.0,1241930.0,8.48994e-05,0.00121784,0.00242206,0.00112856,0.00113137,0.00113147,0.00113302,630.159,0.0002
10.45,6732500.0,3122950.0,3000200.0,1241930.0,8.48994e-05,0.00121784,0.00242206,0.00112856,0.00113137,0.00113147,0.00113302,626.135,0.0002
10.455,6731820.0,3122710.0,2999980.0,1241920.0,8.48952e-05,0.00119192,0.00239625,0.00112849,0.0011313,0.0011314,0.00113295,626.135,0.0002
10.46,6731600.0,3122640.0,2999900.0,1241920.0,8.48938e-05,0.00118342,0.00238778,0.00112847,0.00113128,0.00113138,0.00113293,628.341,0.0002
10.465,6731970.0,3122770.0,3000030.0,1241930.0,8.48961e-05,0.00119763,0.00240193,0.00112851,0.00113132,0.00113142,0.00113296,628.909,0.0002
10.47,6731970.0,3122770.0,3000030.0,1241930.0,8.48961e-05,0.00119763,0.00240193,0.00112851,0.00113132,0.00113142,0.00113296,630.643,0.0002
10.475,6732260.0,3122870.0,3000120.0,1241930.0,8.48979e-05,0.00120879,0.00241305,0.00112854,0.00113135,0.00113145,0.00113299,630.643,0.0002
10.48,6732360.0,3122900.0,3000150.0,1241930.0,8.48985e-05,0.00121245,0.00241669,0.00112855,0.00113136,0.00113146,0.001133,629.538,0.0002
10.485,6732170.0,3122840.0,3000090.0,1241930.0,8.48973e-05,0.00120534,0.00240961,0.00112853,0.00113134,0.00113144,0.00113298,629.066,0.0002
10.49,6732170.0,3122840.0,3000090.0,1241930.0,8.48973e-05,0.00120534,0.00240961,0.00112853,0.00113134,0.00113144,0.00113298,627.629,0.0002
10.495,6731930.0,3122750.0,3000010.0,1241930.0,8.48958e-05,0.00119608,0.00240039,0.00112851,0.00113131,0.00113141,0.00113296,627.629,0.0002
10.5,6731850.0,3122720.0,2999990.0,1241930.0,8.48953e-05,0.00119304,0.00239736,0.0011285,0.00113131,0.00113141,0.00113295,634.315,0.0002
10.505,6732970.0,3123110.0,3000350.0,1241940.0,8.49023e-05,0.00123611,0.00244025,0.00112861,0.00113142,0.00113152,0.00113307,632.813,0.0002
10.51,6732970.0,3123110.0,3000350.0,1241940.0,8.49023e-05,0.00123611,0.00244025,0.00112861,0.00113142,0.00113152,0.00113307,628.236,0.0002
10.515,6732200.0,3122850.0,3000100.0,1241930.0,8.48975e-05,0.00120662,0.00241089,0.00112853,0.00113134,0.00113144,0.00113299,628.236,0.0002
10.52,6731950.0,3122760.0,3000020.0,1241930.0,8.4896e-05,0.00119695,0.00240126,0.00112851,0.00113132,0.00113142,0.00113296,626.163,0.0002
10.525,6731610.0,3122640.0,2999910.0,1241920.0,8.48938e-05,0.0011836,0.00238796,0.00112847,0.00113128,0.00113138,0.00113293,627.228,0.0002
10.53,6731610.0,3122640.0,2999910.0,1241920.0,8.48938e-05,0.0011836,0.00238796,0.00112847,0.00113128,0.00113138,0.00113293,630.474,0.0002
10.535,6732150.0,3122830.0,3000080.0,1241930.0,8.48972e-05,0.00120451,0.00240878,0.00112853,0.00113134,0.00113144,0.00113298,630.474,0.0002
10.54,6732330.0,3122890.0,3000140.0,1241930.0,8.48983e-05,0.00121137,0.00241561,0.00112855,0.00113135,0.00113145,0.001133,632.077,0.0002
10.545,6732600.0,3122980.0,3000230.0,1241930.0,8.49e-05,0.00122169,0.00242589,0.00112857,0.00113138,0.00113148,0.00113303,630.547,0.0002
10.55,6732600.0,3122980.0,3000230.0,1241930.0,8.49e-05,0.00122169,0.00242589,0.00112857,0.00113138,0.00113148,0.00113303,625.882,0.0002
10.555,6731820.0,3122710.0,2999980.0,1241930.0,8.48951e-05,0.00119165,0.00239597,0.00112849,0.0011313,0.0011314,0.00113295,625.882,0.0002
10.56,6731560.0,3122620.0,2999890.0,1241920.0,8.48935e-05,0.00118179,0.00238616,0.00112847,0.00113128,0.00113138,0.00113292,630.956,0.0002
10.565,6732410.0,3122920.0,3000170.0,1241930.0,8.48988e-05,0.00121447,0.0024187,0.00112855,0.00113136,0.00113146,0.00113301,630.62,0.0002
10.57,6732410.0,3122920.0,3000170.0,1241930.0,8.48988e-05,0.00121447,0.0024187,0.00112855,0.00113136,0.00113146,0.00113301,629.595,0.0002
10.575,6732240.0,3122860.0,3000110.0,1241930.0,8.48977e-05,0.00120787,0.00241213,0.00112854,0.00113135,0.00113144,0.00113299,629.595,0.0002
10.58,6732180.0,3122840.0,3000090.0,1241930.0,8.48974e-05,0.0012057,0.00240997,0.00112853,0.00113134,0.00113144,0.00113299,626.396,0.0002
10.585,6731650.0,3122650.0,2999920.0,1241920.0,8.48941e-05,0.0011851,0.00238946,0.00112848,0.00113129,0.00113138,0.00113293,627.123,0.0002
10.59,6731650.0,3122650.0,2999920.0,1241920.0,8.48941e-05,0.0011851,0.00238946,0.00112848,0.00113129,0.00113138,0.00113293,629.34,0.0002
10.595,6732020.0,3122780.0,3000040.0,1241930.0,8.48964e-05,0.00119938,0.00240367,0.00112851,0.00113132,0.00113142,0.00113297,629.34,0.0002
10.6,6732140.0,3122820.0,3000080.0,1241930.0,8.48971e-05,0.00120406,0.00240834,0.00112853,0.00113134,0.00113143,0.00113298,631.116,0.0002
10.605,6732440.0,3122930.0,3000180.0,1241930.0,8.4899e-05,0.0012155,0.00241973,0.00112856,0.00113137,0.00113146,0.00113301,630.868,0.0002
10.61,6732440.0,3122930.0,3000180.0,1241930.0,8.4899e-05,0.0012155,0.00241973,0.00112856,0.00113137,0.00113146,0.00113301,630.113,0.0002
10.615,6732310.0,3122880.0,3000140.0,1241930.0,8.48982e-05,0.00121064,0.00241488,0.00112854,0.00113135,0.00113145,0.001133,630.113,0.0002
10.62,6732270.0,3122870.0,3000120.0,1241930.0,8.48979e-05,0.00120904,0.00241329,0.00112854,0.00113135,0.00113145,0.00113299,630.607,0.0002
10.625,6732350.0,3122900.0,3000150.0,1241930.0,8.48984e-05,0.00121223,0.00241647,0.00112855,0.00113136,0.00113146,0.001133,630.479,0.0002
10.63,6732350.0,3122900.0,3000150.0,1241930.0,8.48984e-05,0.00121223,0.00241647,0.00112855,0.00113136,0.00113146,0.001133,630.089,0.0002
10.635,6732280.0,3122880.0,3000130.0,1241930.0,8.4898e-05,0.00120971,0.00241396,0.00112854,0.00113135,0.00113145,0.001133,630.089,0.0002
10.64,6732260.0,3122870.0,3000120.0,1241930.0,8.48979e-05,0.00120889,0.00241314,0.00112854,0.00113135,0.00113145,0.00113299,631.694,0.0002
10.645,6732530.0,3122960.0,3000210.0,1241930.0,8.48996e-05,0.00121923,0.00242344,0.00112857,0.00113138,0.00113147,0.00113302,631.054,0.0002
10.65,6732530.0,3122960.0,3000210.0,1241930.0,8.48996e-05,0.00121923,0.00242344,0.00112857,0.00113138,0.00113147,0.00113302,629.101,0.0002
10.655,6732210.0,3122850.0,3000100.0,1241930.0,8.48975e-05,0.00120665,0.00241092,0.00112853,0.00113134,0.00113144,0.00113299,629.101,0.0002
10.66,6732100.0,3122810.0,3000070.0,1241930.0,8.48969e-05,0.00120253,0.00240681,0.00112852,0.00113133,0.00113143,0.00113298,623.273,0.0002
10.665,6731120.0,3122470.0,2999750.0,1241920.0,8.48908e-05,0.00116499,0.00236942,0.00112842,0.00113123,0.00113133,0.00113288,624.903,0.0002
10.67,6731120.0,3122470.0,2999750.0,1241920.0,8.48908e-05,0.00116499,0.00236942,0.00112842,0.00113123,0.00113133,0.00113288,629.872,0.0002
10.675,6731960.0,3122760.0,3000020.0,1241930.0,8.4896e-05,0.001197,0.0024013,0.00112851,0.00113132,0.00113142,0.00113296,629.872,0.0002
10.68,6732230.0,3122860.0,3000110.0,1241930.0,8.48977e-05,0.00120749,0.00241175,0.00112854,0.00113134,0.00113144,0.00113299,627.692,0.0002
10.685,6731860.0,3122730.0,2999990.0,1241930.0,8.48954e-05,0.00119345,0.00239777,0.0011285,0.00113131,0.00113141,0.00113295,627.715,0.0002
10.69,6731860.0,3122730.0,2999990.0,1241930.0,8.48954e-05,0.00119345,0.00239777,0.0011285,0.00113131,0.00113141,0.00113295,627.783,0.0002
10.695,6731870.0,3122730.0,3000000.0,1241930.0,8.48955e-05,0.00119389,0.0023982,0.0011285,0.00113131,0.00113141,0.00113295,627.783,0.0002
10.7,6731880.0,3122730.0,3000000.0,1241930.0,8.48955e-05,0.00119403,0.00239835,0.0011285,0.00113131,0.00113141,0.00113295,630.418,0.0002
10.705,6732320.0,3122890.0,3000140.0,1241930.0,8.48983e-05,0.00121101,0.00241525,0.00112854,0.00113135,0.00113145,0.001133,629.036,0.0002
10.71,6732320.0,3122890.0,3000140.0,1241930.0,8.48983e-05,0.00121101,0.00241525,0.00112854,0.00113135,0.00113145,0.001133,624.821,0.0002
10.715,6731610.0,3122640.0,2999910.0,1241920.0,8.48939e-05,0.00118386,0.00238822,0.00112847,0.00113128,0.00113138,0.00113293,624.821,0.0002
10.72,6731380.0,3122560.0,2999830.0,1241920.0,8.48924e-05,0.00117496,0.00237935,0.00112845,0.00113126,0.00113136,0.0011329,628.289,0.0002
10.725,6731960.0,3122760.0,3000020.0,1241930.0,8.4896e-05,0.00119729,0.00240159,0.00112851,0.00113132,0.00113142,0.00113296,628.137,0.0002
10.73,6731960.0,3122760.0,3000020.0,1241930.0,8.4896e-05,0.00119729,0.00240159,0.00112851,0.00113132,0.00113142,0.00113296,627.675,0.0002
10.735,6731890.0,3122740.0,3000000.0,1241930.0,8.48956e-05,0.00119432,0.00239863,0.0011285,0.00113131,0.00113141,0.00113296,627.675,0.0002
10.74,6731860.0,3122730.0,2999990.0,1241930.0,8.48954e-05,0.00119334,0.00239766,0.0011285,0.00113131,0.00113141,0.00113295,626.239,0.0002
10.745,6731620.0,3122640.0,2999910.0,1241920.0,8.48939e-05,0.00118409,0.00238845,0.00112847,0.00113128,0.00113138,0.00113293,626.756,0.0002
10.75,6731620.0,3122640.0,2999910.0,1241920.0,8.48939e-05,0.00118409,0.00238845,0.00112847,0.00113128,0.00113138,0.00113293,628.331,0.0002
10.755,6731880.0,3122740.0,3000000.0,1241930.0,8.48955e-05,0.00119424,0.00239855,0.0011285,0.00113131,0.00113141,0.00113296,628.331,0.0002
10.76,6731970.0,3122770.0,3000030.0,1241930.0,8.48961e-05,0.00119756,0.00240186,0.00112851,0.00113132,0.00113142,0.00113296,624.08,0.0002
10.765,6731260.0,3122520.0,2999790.0,1241920.0,8.48917e-05,0.00117019,0.0023746,0.00112844,0.00113125,0.00113134,0.00113289,624.338,0.0002
10.77,6731260.0,3122520.0,2999790.0,1241920.0,8.48917e-05,0.00117019,0.0023746,0.00112844,0.00113125,0.00113134,0.00113289,625.123,0.0002
10.775,6731390.0,3122560.0,2999840.0,1241920.0,8.48925e-05,0.00117525,0.00237964,0.00112845,0.00113126,0.00113136,0.0011329,625.123,0.0002
10.78,6731430.0,3122580.0,2999850.0,1241920.0,8.48927e-05,0.00117691,0.00238129,0.00112845,0.00113126,0.00113136,0.00113291,629.043,0.0002
10.785,6732090.0,3122810.0,3000070.0,1241930.0,8.48968e-05,0.00120215,0.00240643,0.00112852,0.00113133,0.00113143,0.00113298,629.341,0.0002
10.79,6732090.0,3122810.0,3000070.0,1241930.0,8.48968e-05,0.00120215,0.00240643,0.00112852,0.00113133,0.00113143,0.00113298,630.248,0.0002
10.795,6732240.0,3122860.0,3000120.0,1241930.0,8.48978e-05,0.001208,0.00241225,0.00112854,0.00113135,0.00113144,0.00113299,630.248,0.0002
10.8,6732290.0,3122880.0,3000130.0,1241930.0,8.48981e-05,0.00120991,0.00241416,0.00112854,0.00113135,0.00113145,0.001133,627.872,0.0002
10.805,6731890.0,3122740.0,3000000.0,1241930.0,8.48956e-05,0.00119461,0.00239892,0.0011285,0.00113131,0.00113141,0.00113296,628.571,0.0002
10.81,6731890.0,3122740.0,3000000.0,1241930.0,8.48956e-05,0.00119461,0.00239892,0.0011285,0.00113131,0.00113141,0.00113296,630.701,0.0002
10.815,6732250.0,3122860.0,3000120.0,1241930.0,8.48978e-05,0.00120833,0.00241259,0.00112854,0.00113135,0.00113145,0.00113299,630.701,0.0002
10.82,6732370.0,3122900.0,3000160.0,1241930.0,8.48985e-05,0.00121283,0.00241707,0.00112855,0.00113136,0.00113146,0.001133,627.624,0.0002
10.825,6731850.0,3122730.0,2999990.0,1241930.0,8.48953e-05,0.00119301,0.00239733,0.0011285,0.00113131,0.00113141,0.00113295,627.632,0.0002
10.83,6731850.0,3122730.0,2999990.0,1241930.0,8.48953e-05,0.00119301,0.00239733,0.0011285,0.00113131,0.00113141,0.00113295,627.66,0.0002
10.835,6731860.0,3122730.0,2999990.0,1241930.0,8.48954e-05,0.00119318,0.0023975,0.0011285,0.00113131,0.00113141,0.00113295,627.66,0.0002
10.84,6731860.0,3122730.0,2999990.0,1241930.0,8.48954e-05,0.00119324,0.00239756,0.0011285,0.00113131,0.00113141,0.00113295,631.899,0.0002
10.845,6732570.0,3122970.0,3000220.0,1241940.0,8.48998e-05,0.00122055,0.00242475,0.00112857,0.00113138,0.00113148,0.00113302,631.459,0.0002
10.85,6732570.0,3122980.0,3000220.0,1241940.0,8.48998e-05,0.00122055,0.00242475,0.00112857,0.00113138,0.00113148,0.00113302,630.116,0.0002
10.855,6732340.0,3122900.0,3000150.0,1241930.0,8.48984e-05,0.0012119,0.00241614,0.00112855,0.00113136,0.00113146,0.001133,630.116,0.0002
10.86,6732270.0,3122870.0,3000120.0,1241930.0,8.48979e-05,0.00120906,0.00241331,0.00112854,0.00113135,0.00113145,0.00113299,628.279,0.0002
10.865,6731960.0,3122760.0,3000020.0,1241930.0,8.4896e-05,0.00119723,0.00240154,0.00112851,0.00113132,0.00113142,0.00113296,629.078,0.0002
10.87,6731960.0,3122760.0,3000020.0,1241930.0,8.4896e-05,0.00119723,0.00240154,0.00112851,0.00113132,0.00113142,0.00113296,631.513,0.0002
10.875,6732370.0,3122910.0,3000160.0,1241930.0,8.48986e-05,0.00121291,0.00241715,0.00112855,0.00113136,0.00113146,0.001133,631.513,0.0002
10.88,6732500.0,3122950.0,3000200.0,1241930.0,8.48994e-05,0.00121806,0.00242227,0.00112856,0.00113137,0.00113147,0.00113302,631.394,0.0002
10.885,6732480.0,3122950.0,3000190.0,1241930.0,8.48993e-05,0.00121729,0.00242151,0.00112856,0.00113137,0.00113147,0.00113302,630.195,0.0002
10.89,6732480.0,3122950.0,3000200.0,1241930.0,8.48993e-05,0.00121729,0.00242151,0.00112856,0.00113137,0.00113147,0.00113302,626.542,0.0002
10.895,6731870.0,3122730.0,3000000.0,1241930.0,8.48955e-05,0.00119376,0.00239808,0.0011285,0.00113131,0.00113141,0.00113295,626.542,0.0002
10.9,6731670.0,3122660.0,2999930.0,1241930.0,8.48942e-05,0.00118604,0.00239039,0.00112848,0.00113129,0.00113139,0.00113293,628.483,0.0002
10.905,6732000.0,3122780.0,3000040.0,1241930.0,8.48962e-05,0.00119855,0.00240284,0.00112851,0.00113132,0.00113142,0.00113297,628.621,0.0002
10.91,6732000.0,3122780.0,3000040.0,1241930.0,8.48962e-05,0.00119855,0.00240284,0.00112851,0.00113132,0.00113142,0.00113297,629.04,0.0002
10.915,6732070.0,3122800.0,3000060.0,1241930.0,8.48967e-05,0.00120125,0.00240553,0.00112852,0.00113133,0.00113143,0.00113297,629.04,0.0002
10.92,6732090.0,3122810.0,3000070.0,1241930.0,8.48968e-05,0.00120213,0.00240641,0.00112852,0.00113133,0.00113143,0.00113298,626.789,0.0002
10.925,6731710.0,3122680.0,2999940.0,1241930.0,8.48945e-05,0.00118764,0.00239198,0.00112848,0.00113129,0.00113139,0.00113294,626.455,0.0002
10.93,6731710.0,3122680.0,2999940.0,1241930.0,8.48945e-05,0.00118764,0.00239198,0.00112848,0.00113129,0.00113139,0.00113294,625.435,0.0002
10.935,6731540.0,3122620.0,2999890.0,1241930.0,8.48934e-05,0.00118106,0.00238543,0.00112847,0.00113127,0.00113137,0.00113292,625.435,0.0002
10.94,6731490.0,3122600.0,2999870.0,1241930.0,8.48931e-05,0.00117891,0.00238329,0.00112846,0.00113127,0.00113137,0.00113291,628.921,0.0002
10.945,6732070.0,3122800.0,3000060.0,1241930.0,8.48967e-05,0.00120137,0.00240565,0.00112852,0.00113133,0.00113143,0.00113297,628.118,0.0002
10.95,6732070.0,3122800.0,3000060.0,1241930.0,8.48967e-05,0.00120137,0.00240565,0.00112852,0.00113133,0.00113143,0.00113297,625.669,0.0002
10.955,6731660.0,3122660.0,2999930.0,1241930.0,8.48941e-05,0.00118559,0.00238994,0.00112848,0.00113129,0.00113139,0.00113293,625.669,0.0002
10.96,6731530.0,3122610.0,2999880.0,1241930.0,8.48933e-05,0.00118042,0.00238479,0.00112846,0.00113127,0.00113137,0.00113292,627.88,0.0002
10.965,6731890.0,3122740.0,3000000.0,1241930.0,8.48956e-05,0.00119466,0.00239897,0.0011285,0.00113131,0.00113141,0.00113296,627.591,0.0002
10.97,6731890.0,3122740.0,3000000.0,1241930.0,8.48956e-05,0.00119466,0.00239897,0.0011285,0.00113131,0.00113141,0.00113296,626.711,0.0002
10.975,6731750.0,3122690.0,2999960.0,1241930.0,8.48947e-05,0.00118899,0.00239333,0.00112849,0.0011313,0.00113139,0.00113294,626.711,0.0002
10.98,6731700.0,3122670.0,2999940.0,1241930.0,8.48944e-05,0.00118713,0.00239148,0.00112848,0.00113129,0.00113139,0.00113294,630.102,0.0002
10.985,6732270.0,3122870.0,3000120.0,1241930.0,8.48979e-05,0.00120897,0.00241322,0.00112854,0.00113135,0.00113145,0.00113299,630.474,0.0002
10.99,6732270.0,3122870.0,3000120.0,1241930.0,8.48979e-05,0.00120897,0.00241322,0.00112854,0.00113135,0.00113145,0.00113299,631.608,0.0002
10.995,6732460.0,3122940.0,3000190.0,1241940.0,8.48991e-05,0.00121627,0.0024205,0.00112856,0.00113137,0.00113147,0.00113301,631.608,0.0002
11.0,6732520.0,3122960.0,3000210.0,1241940.0,8.48995e-05,0.00121867,0.00242288,0.00112856,0.00113137,0.00113147,0.00113302,625.91,0.0002
11.005,6731570.0,3122630.0,2999900.0,1241930.0,8.48936e-05,0.00118197,0.00238634,0.00112847,0.00113128,0.00113138,0.00113292,626.259,0.0002
11.01,6731570.0,3122630.0,2999900.0,1241930.0,8.48936e-05,0.00118197,0.00238634,0.00112847,0.00113128,0.00113138,0.00113292,627.325,0.0002
11.015,6731740.0,3122690.0,2999950.0,1241930.0,8.48947e-05,0.00118883,0.00239317,0.00112849,0.00113129,0.00113139,0.00113294,627.325,0.0002
11.02,6731800.0,3122710.0,2999970.0,1241930.0,8.4895e-05,0.00119108,0.00239541,0.00112849,0.0011313,0.0011314,0.00113295,628.176,0.0002
11.025,6731940.0,3122760.0,3000020.0,1241930.0,8.48959e-05,0.00119657,0.00240087,0.00112851,0.00113132,0.00113141,0.00113296,629.135,0.0002
11.03,6731940.0,3122760.0,3000020.0,1241930.0,8.48959e-05,0.00119657,0.00240087,0.00112851,0.00113132,0.00113141,0.00113296,632.061,0.0002
11.035,6732430.0,3122930.0,3000180.0,1241940.0,8.4899e-05,0.00121541,0.00241964,0.00112856,0.00113137,0.00113146,0.00113301,632.061,0.0002
11.04,6732590.0,3122990.0,3000230.0,1241940.0,8.49e-05,0.00122159,0.00242579,0.00112857,0.00113138,0.00113148,0.00113303,631.07,0.0002
11.045,6732430.0,3122930.0,3000180.0,1241940.0,8.48989e-05,0.0012152,0.00241943,0.00112856,0.00113136,0.00113146,0.00113301,629.295,0.0002
11.05,6732430.0,3122930.0,3000180.0,1241940.0,8.48989e-05,0.0012152,0.00241943,0.00112856,0.00113136,0.00113146,0.00113301,623.885,0.0002
11.055,6731520.0,3122610.0,2999880.0,1241930.0,8.48933e-05,0.00118036,0.00238473,0.00112846,0.00113127,0.00113137,0.00113292,623.885,0.0002
11.06,6731230.0,3122510.0,2999790.0,1241920.0,8.48915e-05,0.00116893,0.00237335,0.00112843,0.00113124,0.00113134,0.00113289,631.139,0.0002
11.065,6732440.0,3122930.0,3000180.0,1241940.0,8.4899e-05,0.00121565,0.00241988,0.00112856,0.00113137,0.00113146,0.00113301,630.169,0.0002
11.07,6732440.0,3122930.0,3000180.0,1241940.0,8.4899e-05,0.00121565,0.00241988,0.00112856,0.00113137,0.00113146,0.00113301,627.212,0.0002
11.075,6731940.0,3122760.0,3000020.0,1241930.0,8.48959e-05,0.0011966,0.00240091,0.00112851,0.00113132,0.00113141,0.00113296,627.212,0.0002
11.08,6731780.0,3122700.0,2999970.0,1241930.0,8.48949e-05,0.00119036,0.00239469,0.00112849,0.0011313,0.0011314,0.00113294,627.329,0.0002
11.085,6731800.0,3122710.0,2999970.0,1241930.0,8.4895e-05,0.00119111,0.00239544,0.00112849,0.0011313,0.0011314,0.00113295,627.262,0.0002
11.09,6731800.0,3122710.0,2999970.0,1241930.0,8.4895e-05,0.00119111,0.00239544,0.00112849,0.0011313,0.0011314,0.00113295,627.058,0.0002
11.095,6731770.0,3122700.0,2999960.0,1241930.0,8.48948e-05,0.0011898,0.00239413,0.00112849,0.0011313,0.0011314,0.00113294,627.058,0.0002
11.1,6731760.0,3122690.0,2999960.0,1241930.0,8.48948e-05,0.00118937,0.0023937,0.00112849,0.0011313,0.0011314,0.00113294,628.395,0.0002
11.105,6731980.0,3122770.0,3000030.0,1241930.0,8.48961e-05,0.00119798,0.00240227,0.00112851,0.00113132,0.00113142,0.00113296,628.466,0.0002
11.11,6731980.0,3122770.0,3000030.0,1241930.0,8.48961e-05,0.00119798,0.00240227,0.00112851,0.00113132,0.00113142,0.00113296,628.682,0.0002
11.115,6732020.0,3122780.0,3000040.0,1241930.0,8.48964e-05,0.00119937,0.00240366,0.00112851,0.00113132,0.00113142,0.00113297,628.682,0.0002
11.12,6732030.0,3122790.0,3000050.0,1241930.0,8.48964e-05,0.00119983,0.00240412,0.00112851,0.00113132,0.00113142,0.00113297,625.667,0.0002
11.125,6731520.0,3122610.0,2999880.0,1241930.0,8.48933e-05,0.00118041,0.00238478,0.00112846,0.00113127,0.00113137,0.00113292,626.409,0.0002
11.13,6731520.0,3122610.0,2999880.0,1241930.0,8.48933e-05,0.00118041,0.00238478,0.00112846,0.00113127,0.00113137,0.00113292,628.669,0.0002
11.135,6731900.0,3122740.0,3000010.0,1241930.0,8.48957e-05,0.00119497,0.00239928,0.0011285,0.00113131,0.00113141,0.00113296,628.669,0.0002
11.14,6732030.0,3122790.0,3000050.0,1241930.0,8.48964e-05,0.00119974,0.00240404,0.00112851,0.00113132,0.00113142,0.00113297,625.995,0.0002
11.145,6731580.0,3122630.0,2999900.0,1241930.0,8.48936e-05,0.00118252,0.00238688,0.00112847,0.00113128,0.00113138,0.00113292,626.489,0.0002
11.15,6731580.0,3122630.0,2999900.0,1241930.0,8.48936e-05,0.00118252,0.00238688,0.00112847,0.00113128,0.00113138,0.00113292,627.997,0.0002
11.155,6731830.0,3122720.0,2999980.0,1241930.0,8.48952e-05,0.00119223,0.00239655,0.00112849,0.0011313,0.0011314,0.00113295,627.997,0.0002
11.16,6731910.0,3122750.0,3000010.0,1241930.0,8.48957e-05,0.00119541,0.00239972,0.0011285,0.00113131,0.00113141,0.00113296,630.944,0.0002
11.165,6732410.0,3122920.0,3000170.0,1241940.0,8.48988e-05,0.00121439,0.00241862,0.00112855,0.00113136,0.00113146,0.00113301,630.118,0.0002
11.17,6732410.0,3122920.0,3000170.0,1241940.0,8.48988e-05,0.00121439,0.00241862,0.00112855,0.00113136,0.00113146,0.00113301,627.601,0.0002
11.175,6731990.0,3122770.0,3000030.0,1241930.0,8.48962e-05,0.00119818,0.00240248,0.00112851,0.00113132,0.00113142,0.00113297,627.601,0.0002
11.18,6731850.0,3122730.0,2999990.0,1241930.0,8.48953e-05,0.00119287,0.00239719,0.0011285,0.00113131,0.0011314,0.00113295,626.553,0.0002
11.185,6731670.0,3122660.0,2999930.0,1241930.0,8.48942e-05,0.00118611,0.00239046,0.00112848,0.00113129,0.00113139,0.00113293,627.076,0.0002
11.19,6731670.0,3122660.0,2999930.0,1241930.0,8.48942e-05,0.00118611,0.00239046,0.00112848,0.00113129,0.00113139,0.00113293,628.671,0.0002
11.195,6731940.0,3122760.0,3000020.0,1241930.0,8.48959e-05,0.00119638,0.00240069,0.00112851,0.00113131,0.00113141,0.00113296,628.671,0.0002
11.2,6732030.0,3122790.0,3000050.0,1241930.0,8.48964e-05,0.00119975,0.00240404,0.00112851,0.00113132,0.00113142,0.00113297,629.792,0.0002
11.205,6732210.0,3122850.0,3000110.0,1241930.0,8.48976e-05,0.00120697,0.00241124,0.00112853,0.00113134,0.00113144,0.00113299,629.706,0.0002
11.21,6732210.0,3122850.0,3000110.0,1241930.0,8.48976e-05,0.00120697,0.00241124,0.00112853,0.00113134,0.00113144,0.00113299,629.446,0.0002
11.215,6732170.0,3122840.0,3000100.0,1241930.0,8.48973e-05,0.0012053,0.00240957,0.00112853,0.00113134,0.00113144,0.00113298,629.446,0.0002
11.22,6732160.0,3122830.0,3000090.0,1241930.0,8.48972e-05,0.00120475,0.00240902,0.00112853,0.00113134,0.00113144,0.00113298,630.381,0.0002
11.225,6732310.0,3122890.0,3000140.0,1241940.0,8.48982e-05,0.00121077,0.00241501,0.00112854,0.00113135,0.00113145,0.001133,630.416,0.0002
11.23,6732310.0,3122890.0,3000140.0,1241940.0,8.48982e-05,0.00121077,0.00241501,0.00112854,0.00113135,0.00113145,0.001133,630.522,0.0002
11.235,6732330.0,3122890.0,3000150.0,1241940.0,8.48983e-05,0.00121145,0.0024157,0.00112855,0.00113135,0.00113145,0.001133,630.522,0.0002
11.24,6732340.0,3122900.0,3000150.0,1241940.0,8.48984e-05,0.00121168,0.00241592,0.00112855,0.00113135,0.00113145,0.001133,625.466,0.0002
11.245,6731490.0,3122600.0,2999870.0,1241930.0,8.48931e-05,0.00117911,0.00238349,0.00112846,0.00113127,0.00113137,0.00113291,626.56,0.0002
11.25,6731490.0,3122600.0,2999870.0,1241930.0,8.48931e-05,0.00117911,0.00238349,0.00112846,0.00113127,0.00113137,0.00113291,629.896,0.0002
11.255,6732050.0,3122800.0,3000060.0,1241930.0,8.48966e-05,0.0012006,0.00240488,0.00112852,0.00113133,0.00113142,0.00113297,629.896,0.0002
11.26,6732230.0,3122860.0,3000120.0,1241940.0,8.48977e-05,0.00120764,0.0024119,0.00112854,0.00113134,0.00113144,0.00113299,626.29,0.0002
11.265,6731630.0,3122650.0,2999920.0,1241930.0,8.4894e-05,0.00118442,0.00238878,0.00112847,0.00113128,0.00113138,0.00113293,626.12,0.0002
11.27,6731630.0,3122650.0,2999920.0,1241930.0,8.4894e-05,0.00118442,0.00238878,0.00112847,0.00113128,0.00113138,0.00113293,625.601,0.0002
11.275,6731540.0,3122620.0,2999890.0,1241930.0,8.48934e-05,0.00118108,0.00238545,0.00112847,0.00113127,0.00113137,0.00113292,625.601,0.0002
11.28,6731510.0,3122610.0,2999880.0,1241930.0,8.48932e-05,0.00117998,0.00238436,0.00112846,0.00113127,0.00113137,0.00113292,631.247,0.0002
11.285,6732460.0,3122940.0,3000190.0,1241940.0,8.48991e-05,0.00121634,0.00242057,0.00112856,0.00113137,0.00113147,0.00113301,631.23,0.0002
11.29,6732460.0,3122940.0,3000190.0,1241940.0,8.48991e-05,0.00121634,0.00242057,0.00112856,0.00113137,0.00113147,0.00113301,631.181,0.0002
11.295,6732450.0,3122940.0,3000190.0,1241940.0,8.48991e-05,0.00121603,0.00242025,0.00112856,0.00113137,0.00113147,0.00113301,631.181,0.0002
11.3,6732450.0,3122940.0,3000190.0,1241940.0,8.4899e-05,0.00121592,0.00242014,0.00112856,0.00113137,0.00113147,0.00113301,631.348,0.0002
11.305,6732470.0,3122950.0,3000190.0,1241940.0,8.48992e-05,0.00121699,0.00242121,0.00112856,0.00113137,0.00113147,0.00113301,629.666,0.0002
11.31,6732470.0,3122950.0,3000190.0,1241940.0,8.48992e-05,0.00121699,0.00242121,0.00112856,0.00113137,0.00113147,0.00113301,624.54,0.0002
11.315,6731620.0,3122650.0,2999910.0,1241930.0,8.48939e-05,0.00118398,0.00238834,0.00112847,0.00113128,0.00113138,0.00113293,624.54,0.0002
11.32,6731340.0,3122550.0,2999820.0,1241930.0,8.48921e-05,0.00117315,0.00237755,0.00112844,0.00113125,0.00113135,0.0011329,625.417,0.0002
11.325,6731480.0,3122600.0,2999870.0,1241930.0,8.4893e-05,0.0011788,0.00238317,0.00112846,0.00113127,0.00113137,0.00113291,626.677,0.0002
11.33,6731480.0,3122600.0,2999870.0,1241930.0,8.4893e-05,0.0011788,0.00238317,0.00112846,0.00113127,0.00113137,0.00113291,630.52,0.0002
11.335,6732120.0,3122820.0,3000080.0,1241930.0,8.4897e-05,0.00120354,0.00240782,0.00112852,0.00113133,0.00113143,0.00113298,630.52,0.0002
11.34,6732340.0,3122900.0,3000150.0,1241940.0,8.48984e-05,0.00121166,0.0024159,0.00112855,0.00113135,0.00113145,0.001133,631.808,0.0002
11.345,6732550.0,3122970.0,3000220.0,1241940.0,8.48997e-05,0.00121996,0.00242417,0.00112857,0.00113138,0.00113148,0.00113302,630.857,0.0002
11.35,6732550.0,3122970.0,3000220.0,1241940.0,8.48997e-05,0.00121996,0.00242417,0.00112857,0.00113138,0.00113148,0.00113302,627.959,0.0002
11.355,6732070.0,3122800.0,3000060.0,1241930.0,8.48967e-05,0.00120129,0.00240558,0.00112852,0.00113133,0.00113143,0.00113297,627.959,0.0002
11.36,6731910.0,3122750.0,3000010.0,1241930.0,8.48957e-05,0.00119517,0.00239948,0.0011285,0.00113131,0.00113141,0.00113296,629.334,0.0002
11.365,6732140.0,3122830.0,3000090.0,1241940.0,8.48971e-05,0.00120402,0.0024083,0.00112853,0.00113133,0.00113143,0.00113298,629.63,0.0002
11.37,6732140.0,3122830.0,3000090.0,1241940.0,8.48971e-05,0.00120402,0.0024083,0.00112853,0.00113133,0.00113143,0.00113298,630.531,0.0002
11.375,6732290.0,3122880.0,3000130.0,1241940.0,8.48981e-05,0.00120983,0.00241408,0.00112854,0.00113135,0.00113145,0.001133,630.531,0.0002
11.38,6732340.0,3122900.0,3000150.0,1241940.0,8.48984e-05,0.00121174,0.00241598,0.00112855,0.00113135,0.00113145,0.001133,628.426,0.0002
11.385,6731990.0,3122780.0,3000040.0,1241930.0,8.48962e-05,0.00119818,0.00240247,0.00112851,0.00113132,0.00113142,0.00113296,628.906,0.0002
11.39,6731990.0,3122780.0,3000040.0,1241930.0,8.48962e-05,0.00119818,0.00240247,0.00112851,0.00113132,0.00113142,0.00113296,630.369,0.0002
11.395,6732230.0,3122860.0,3000120.0,1241940.0,8.48977e-05,0.0012076,0.00241186,0.00112853,0.00113134,0.00113144,0.00113299,630.369,0.0002
11.4,6732310.0,3122890.0,3000140.0,1241940.0,8.48982e-05,0.00121069,0.00241494,0.00112854,0.00113135,0.00113145,0.001133,627.075,0.0002
11.405,6731760.0,3122700.0,2999960.0,1241930.0,8.48948e-05,0.00118948,0.00239381,0.00112849,0.0011313,0.0011314,0.00113294,626.933,0.0002
11.41,6731760.0,3122700.0,2999960.0,1241930.0,8.48948e-05,0.00118948,0.00239381,0.00112849,0.0011313,0.0011314,0.00113294,626.498,0.0002
11.415,6731690.0,3122670.0,2999940.0,1241930.0,8.48943e-05,0.00118668,0.00239102,0.00112848,0.00113129,0.00113139,0.00113293,626.498,0.0002
11.42,6731660.0,3122660.0,2999930.0,1241930.0,8.48942e-05,0.00118576,0.00239011,0.00112848,0.00113129,0.00113139,0.00113293,631.5,0.0002
11.425,6732500.0,3122950.0,3000200.0,1241940.0,8.48994e-05,0.00121798,0.00242219,0.00112856,0.00113137,0.00113147,0.00113302,630.953,0.0002
11.43,6732500.0,3122960.0,3000200.0,1241940.0,8.48994e-05,0.00121798,0.00242219,0.00112856,0.00113137,0.00113147,0.00113302,629.286,0.0002
11.435,6732220.0,3122860.0,3000110.0,1241940.0,8.48976e-05,0.00120724,0.0024115,0.00112853,0.00113134,0.00113144,0.00113299,629.286,0.0002
11.44,6732130.0,3122830.0,3000080.0,1241940.0,8.48971e-05,0.00120371,0.00240799,0.00112852,0.00113133,0.00113143,0.00113298,631.258,0.0002
11.445,6732460.0,3122940.0,3000190.0,1241940.0,8.48991e-05,0.00121642,0.00242064,0.00112856,0.00113137,0.00113147,0.00113301,630.633,0.0002
11.45,6732460.0,3122940.0,3000190.0,1241940.0,8.48991e-05,0.00121642,0.00242064,0.00112856,0.00113137,0.00113147,0.00113301,628.728,0.0002
11.455,6732140.0,3122830.0,3000090.0,1241940.0,8.48971e-05,0.00120415,0.00240842,0.00112853,0.00113133,0.00113143,0.00113298,628.728,0.0002
11.46,6732040.0,3122790.0,3000050.0,1241940.0,8.48965e-05,0.00120012,0.00240441,0.00112852,0.00113132,0.00113142,0.00113297,628.33,0.0002
11.465,6731970.0,3122770.0,3000030.0,1241930.0,8.48961e-05,0.00119756,0.00240186,0.00112851,0.00113132,0.00113142,0.00113296,628.812,0.0002
11.47,6731970.0,3122770.0,3000030.0,1241930.0,8.48961e-05,0.00119756,0.00240186,0.00112851,0.00113132,0.00113142,0.00113296,630.282,0.0002
11.475,6732220.0,3122860.0,3000110.0,1241940.0,8.48976e-05,0.00120703,0.00241129,0.00112853,0.00113134,0.00113144,0.00113299,630.282,0.0002
11.48,6732300.0,3122880.0,3000140.0,1241940.0,8.48981e-05,0.00121013,0.00241438,0.00112854,0.00113135,0.00113145,0.001133,627.629,0.0002
11.485,6731850.0,3122730.0,2999990.0,1241930.0,8.48953e-05,0.00119304,0.00239736,0.0011285,0.00113131,0.0011314,0.00113295,628.291,0.0002
11.49,6731850.0,3122730.0,2999990.0,1241930.0,8.48953e-05,0.00119304,0.00239736,0.0011285,0.00113131,0.0011314,0.00113295,630.311,0.0002
11.495,6732190.0,3122850.0,3000100.0,1241940.0,8.48974e-05,0.00120605,0.00241031,0.00112853,0.00113134,0.00113144,0.00113299,630.311,0.0002
11.5,6732300.0,3122890.0,3000140.0,1241940.0,8.48981e-05,0.00121032,0.00241456,0.00112854,0.00113135,0.00113145,0.001133,628.727,0.0002
11.505,6732040.0,3122790.0,3000050.0,1241940.0,8.48965e-05,0.00120011,0.0024044,0.00112852,0.00113132,0.00113142,0.00113297,629.374,0.0002
11.51,6732040.0,3122790.0,3000050.0,1241940.0,8.48965e-05,0.00120011,0.0024044,0.00112852,0.00113132,0.00113142,0.00113297,631.349,0.0002
11.515,6732370.0,3122910.0,3000160.0,1241940.0,8.48985e-05,0.00121283,0.00241707,0.00112855,0.00113136,0.00113146,0.001133,631.349,0.0002
11.52,6732470.0,3122950.0,3000200.0,1241940.0,8.48992e-05,0.001217,0.00242122,0.00112856,0.00113137,0.00113147,0.00113301,630.042,0.0002
11.525,6732260.0,3122870.0,3000120.0,1241940.0,8.48979e-05,0.00120859,0.00241284,0.00112854,0.00113135,0.00113145,0.00113299,629.406,0.0002
11.53,6732260.0,3122870.0,3000120.0,1241940.0,8.48979e-05,0.00120859,0.00241284,0.00112854,0.00113135,0.00113145,0.00113299,627.468,0.0002
11.535,6731930.0,3122760.0,3000020.0,1241930.0,8.48958e-05,0.0011961,0.00240041,0.0011285,0.00113131,0.00113141,0.00113296,627.468,0.0002
11.54,6731830.0,3122720.0,2999980.0,1241930.0,8.48952e-05,0.00119201,0.00239633,0.00112849,0.0011313,0.0011314,0.00113295,625.986,0.0002
11.545,6731580.0,3122630.0,2999900.0,1241930.0,8.48936e-05,0.00118246,0.00238683,0.00112847,0.00113128,0.00113138,0.00113292,626.924,0.0002
11.55,6731580.0,3122630.0,2999900.0,1241930.0,8.48936e-05,0.00118246,0.00238683,0.00112847,0.00113128,0.00113138,0.00113292,629.782,0.0002
11.555,6732060.0,3122800.0,3000060.0,1241940.0,8.48966e-05,0.00120088,0.00240516,0.00112852,0.00113133,0.00113143,0.00113297,629.782,0.0002
11.56,6732210.0,3122860.0,3000110.0,1241940.0,8.48976e-05,0.00120691,0.00241118,0.00112853,0.00113134,0.00113144,0.00113299,629.156,0.0002
11.565,6732110.0,3122820.0,3000080.0,1241940.0,8.48969e-05,0.00120288,0.00240716,0.00112852,0.00113133,0.00113143,0.00113298,628.67,0.0002
11.57,6732110.0,3122820.0,3000080.0,1241940.0,8.48969e-05,0.00120288,0.00240716,0.00112852,0.00113133,0.00113143,0.00113298,627.186,0.0002
11.575,6731860.0,3122730.0,3000000.0,1241930.0,8.48954e-05,0.00119332,0.00239764,0.0011285,0.00113131,0.00113141,0.00113295,627.186,0.0002
11.58,6731780.0,3122700.0,2999970.0,1241930.0,8.48949e-05,0.00119019,0.00239452,0.00112849,0.0011313,0.0011314,0.00113294,627.894,0.0002
11.585,6731900.0,3122750.0,3000010.0,1241930.0,8.48956e-05,0.00119475,0.00239906,0.0011285,0.00113131,0.00113141,0.00113296,628.914,0.0002
11.59,6731900.0,3122750.0,3000010.0,1241930.0,8.48956e-05,0.00119475,0.00239906,0.0011285,0.00113131,0.00113141,0.00113296,632.023,0.0002
11.595,6732420.0,3122930.0,3000180.0,1241940.0,8.48989e-05,0.00121478,0.00241901,0.00112855,0.00113136,0.00113146,0.00113301,632.023,0.0002
11.6,6732590.0,3122990.0,3000230.0,1241940.0,8.48999e-05,0.00122135,0.00242555,0.00112857,0.00113138,0.00113148,0.00113303,627.834,0.0002
11.605,6731890.0,3122740.0,3000000.0,1241930.0,8.48956e-05,0.00119436,0.00239868,0.0011285,0.00113131,0.00113141,0.00113295,628.524,0.0002
11.61,6731890.0,3122740.0,3000000.0,1241930.0,8.48956e-05,0.00119436,0.00239868,0.0011285,0.00113131,0.00113141,0.00113295,630.627,0.0002
11.615,6732240.0,3122860.0,3000120.0,1241940.0,8.48978e-05,0.00120791,0.00241217,0.00112854,0.00113134,0.00113144,0.00113299,630.627,0.0002
11.62,6732350.0,3122910.0,3000160.0,1241940.0,8.48985e-05,0.00121236,0.00241659,0.00112855,0.00113136,0.00113146,0.001133,627.519,0.0002
11.625,6731830.0,3122720.0,2999990.0,1241930.0,8.48952e-05,0.00119233,0.00239666,0.00112849,0.0011313,0.0011314,0.00113295,627.815,0.0002
11.63,6731830.0,3122720.0,2999990.0,1241930.0,8.48952e-05,0.00119233,0.00239666,0.00112849,0.0011313,0.0011314,0.00113295,628.718,0.0002
11.635,6731990.0,3122780.0,3000040.0,1241940.0,8.48962e-05,0.00119815,0.00240245,0.00112851,0.00113132,0.00113142,0.00113296,628.718,0.0002
11.64,6732030.0,3122790.0,3000050.0,1241940.0,8.48965e-05,0.00120006,0.00240435,0.00112851,0.00113132,0.00113142,0.00113297,631.757,0.0002
11.645,6732540.0,3122970.0,3000220.0,1241940.0,8.48996e-05,0.00121963,0.00242384,0.00112857,0.00113138,0.00113147,0.00113302,630.366,0.0002
11.65,6732540.0,3122970.0,3000220.0,1241940.0,8.48996e-05,0.00121963,0.00242384,0.00112857,0.00113138,0.00113147,0.00113302,626.124,0.0002
11.655,6731830.0,3122720.0,2999990.0,1241930.0,8.48952e-05,0.00119231,0.00239663,0.00112849,0.0011313,0.0011314,0.00113295,626.124,0.0002
11.66,6731600.0,3122640.0,2999910.0,1241930.0,8.48938e-05,0.00118335,0.00238771,0.00112847,0.00113128,0.00113138,0.00113293,629.303,0.0002
11.665,6732130.0,3122830.0,3000090.0,1241940.0,8.48971e-05,0.00120383,0.0024081,0.00112852,0.00113133,0.00113143,0.00113298,628.319,0.0002
11.67,6732130.0,3122830.0,3000090.0,1241940.0,8.48971e-05,0.00120383,0.0024081,0.00112852,0.00113133,0.00113143,0.00113298,625.318,0.0002
11.675,6731630.0,3122650.0,2999920.0,1241930.0,8.4894e-05,0.0011845,0.00238886,0.00112847,0.00113128,0.00113138,0.00113293,625.318,0.0002
11.68,6731470.0,3122600.0,2999870.0,1241930.0,8.48929e-05,0.00117816,0.00238254,0.00112846,0.00113127,0.00113137,0.00113291,630.51,0.0002
11.685,6732330.0,3122900.0,3000150.0,1241940.0,8.48983e-05,0.0012116,0.00241584,0.00112855,0.00113135,0.00113145,0.001133,630.106,0.0002
11.69,6732330.0,3122900.0,3000150.0,1241940.0,8.48983e-05,0.0012116,0.00241584,0.00112855,0.00113135,0.00113145,0.001133,628.874,0.0002
11.695,6732130.0,3122830.0,3000080.0,1241940.0,8.48971e-05,0.00120367,0.00240794,0.00112852,0.00113133,0.00113143,0.00113298,628.874,0.0002
11.7,6732060.0,3122800.0,3000060.0,1241940.0,8.48966e-05,0.00120106,0.00240535,0.00112852,0.00113133,0.00113143,0.00113297,624.829,0.0002
11.705,6731380.0,3122570.0,2999840.0,1241930.0,8.48924e-05,0.00117501,0.00237941,0.00112845,0.00113126,0.00113136,0.0011329,625.513,0.0002
11.71,6731380.0,3122570.0,2999840.0,1241930.0,8.48924e-05,0.00117501,0.00237941,0.00112845,0.00113126,0.00113136,0.0011329,627.599,0.0002
11.715,6731730.0,3122690.0,2999950.0,1241930.0,8.48946e-05,0.00118844,0.00239278,0.00112848,0.00113129,0.00113139,0.00113294,627.599,0.0002
11.72,6731850.0,3122730.0,2999990.0,1241940.0,8.48953e-05,0.00119285,0.00239717,0.0011285,0.0011313,0.0011314,0.00113295,629.73,0.0002
11.725,6732200.0,3122850.0,3000110.0,1241940.0,8.48975e-05,0.00120657,0.00241084,0.00112853,0.00113134,0.00113144,0.00113299,628.319,0.0002
11.73,6732200.0,3122850.0,3000110.0,1241940.0,8.48975e-05,0.00120657,0.00241084,0.00112853,0.00113134,0.00113144,0.00113299,624.016,0.0002
11.735,6731480.0,3122600.0,2999870.0,1241930.0,8.48931e-05,0.00117886,0.00238324,0.00112846,0.00113127,0.00113137,0.00113291,624.016,0.0002
11.74,6731250.0,3122520.0,2999800.0,1241930.0,8.48916e-05,0.00116978,0.00237419,0.00112844,0.00113124,0.00113134,0.00113289,623.082,0.0002
11.745,6731090.0,3122470.0,2999750.0,1241930.0,8.48906e-05,0.00116376,0.0023682,0.00112842,0.00113123,0.00113133,0.00113287,623.469,0.0002
11.75,6731090.0,3122470.0,2999750.0,1241930.0,8.48906e-05,0.00116376,0.0023682,0.00112842,0.00113123,0.00113133,0.00113287,624.648,0.0002
11.755,6731290.0,3122530.0,2999810.0,1241930.0,8.48918e-05,0.00117135,0.00237576,0.00112844,0.00113125,0.00113135,0.00113289,624.648,0.0002
11.76,6731350.0,3122560.0,2999830.0,1241930.0,8.48922e-05,0.00117385,0.00237824,0.00112845,0.00113125,0.00113135,0.0011329,626.305,0.0002
11.765,6731630.0,3122650.0,2999920.0,1241930.0,8.4894e-05,0.00118452,0.00238887,0.00112847,0.00113128,0.00113138,0.00113293,627.057,0.0002
11.77,6731630.0,3122650.0,2999920.0,1241930.0,8.4894e-05,0.00118452,0.00238887,0.00112847,0.00113128,0.00113138,0.00113293,629.35,0.0002
11.775,6732010.0,3122790.0,3000050.0,1241940.0,8.48964e-05,0.00119929,0.00240358,0.00112851,0.00113132,0.00113142,0.00113297,629.35,0.0002
11.78,6732140.0,3122830.0,3000090.0,1241940.0,8.48971e-05,0.00120413,0.0024084,0.00112853,0.00113133,0.00113143,0.00113298,629.342,0.0002
11.785,6732140.0,3122830.0,3000090.0,1241940.0,8.48971e-05,0.00120408,0.00240835,0.00112853,0.00113133,0.00113143,0.00113298,629.0,0.0002
11.79,6732140.0,3122830.0,3000090.0,1241940.0,8.48971e-05,0.00120408,0.00240835,0.00112853,0.00113133,0.00113143,0.00113298,627.958,0.0002
11.795,6731960.0,3122770.0,3000030.0,1241940.0,8.4896e-05,0.00119736,0.00240166,0.00112851,0.00113132,0.00113142,0.00113296,627.958,0.0002
11.8,6731910.0,3122750.0,3000010.0,1241940.0,8.48957e-05,0.00119516,0.00239947,0.0011285,0.00113131,0.00113141,0.00113296,626.113,0.0002
11.805,6731600.0,3122640.0,2999910.0,1241930.0,8.48938e-05,0.00118328,0.00238764,0.00112847,0.00113128,0.00113138,0.00113293,627.148,0.0002
11.81,6731600.0,3122640.0,2999910.0,1241930.0,8.48938e-05,0.00118328,0.00238764,0.00112847,0.00113128,0.00113138,0.00113293,630.303,0.0002
11.815,6732130.0,3122830.0,3000080.0,1241940.0,8.48971e-05,0.0012036,0.00240787,0.00112852,0.00113133,0.00113143,0.00113298,630.303,0.0002
11.82,6732300.0,3122890.0,3000140.0,1241940.0,8.48981e-05,0.00121026,0.00241451,0.00112854,0.00113135,0.00113145,0.001133,634.084,0.0002
11.825,6732930.0,3123110.0,3000350.0,1241950.0,8.49021e-05,0.00123462,0.00243877,0.00112861,0.00113142,0.00113151,0.00113306,632.576,0.0002
11.83,6732930.0,3123110.0,3000350.0,1241950.0,8.49021e-05,0.00123462,0.00243877,0.00112861,0.00113142,0.00113151,0.00113306,627.98,0.0002
11.835,6732160.0,3122840.0,3000100.0,1241940.0,8.48973e-05,0.00120502,0.00240928,0.00112853,0.00113134,0.00113144,0.00113298,627.98,0.0002
11.84,6731910.0,3122750.0,3000010.0,1241940.0,8.48957e-05,0.00119531,0.00239961,0.0011285,0.00113131,0.00113141,0.00113296,628.908,0.0002
11.845,6732070.0,3122810.0,3000060.0,1241940.0,8.48967e-05,0.00120128,0.00240557,0.00112852,0.00113133,0.00113143,0.00113297,628.052,0.0002
11.85,6732070.0,3122810.0,3000060.0,1241940.0,8.48967e-05,0.00120128,0.00240557,0.00112852,0.00113133,0.00113143,0.00113297,625.44,0.0002
11.855,6731630.0,3122650.0,2999920.0,1241930.0,8.4894e-05,0.00118446,0.00238882,0.00112847,0.00113128,0.00113138,0.00113293,625.44,0.0002
11.86,6731490.0,3122600.0,2999880.0,1241930.0,8.48931e-05,0.00117895,0.00238333,0.00112846,0.00113127,0.00113137,0.00113291,628.167,0.0002
11.865,6731940.0,3122760.0,3000020.0,1241940.0,8.48959e-05,0.00119651,0.00240082,0.00112851,0.00113131,0.00113141,0.00113296,628.56,0.0002
11.87,6731940.0,3122760.0,3000020.0,1241940.0,8.48959e-05,0.00119651,0.00240082,0.00112851,0.00113131,0.00113141,0.00113296,629.756,0.0002
11.875,6732140.0,3122830.0,3000090.0,1241940.0,8.48972e-05,0.00120422,0.00240849,0.00112853,0.00113133,0.00113143,0.00113298,629.756,0.0002
11.88,6732210.0,3122860.0,3000110.0,1241940.0,8.48976e-05,0.00120674,0.00241101,0.00112853,0.00113134,0.00113144,0.00113299,628.44,0.0002
11.885,6731990.0,3122780.0,3000040.0,1241940.0,8.48962e-05,0.00119827,0.00240256,0.00112851,0.00113132,0.00113142,0.00113296,628.336,0.0002
11.89,6731990.0,3122780.0,3000040.0,1241940.0,8.48962e-05,0.00119827,0.00240256,0.00112851,0.00113132,0.00113142,0.00113296,628.022,0.0002
11.895,6731940.0,3122760.0,3000020.0,1241940.0,8.48959e-05,0.00119624,0.00240055,0.0011285,0.00113131,0.00113141,0.00113296,628.022,0.0002
11.9,6731920.0,3122750.0,3000020.0,1241940.0,8.48958e-05,0.00119558,0.00239988,0.0011285,0.00113131,0.00113141,0.00113296,628.237,0.0002
11.905,6731950.0,3122770.0,3000030.0,1241940.0,8.4896e-05,0.00119696,0.00240126,0.00112851,0.00113132,0.00113141,0.00113296,628.342,0.0002
11.91,6731950.0,3122770.0,3000030.0,1241940.0,8.4896e-05,0.00119696,0.00240126,0.00112851,0.00113132,0.00113141,0.00113296,628.664,0.0002
11.915,6732010.0,3122790.0,3000050.0,1241940.0,8.48963e-05,0.00119903,0.00240332,0.00112851,0.00113132,0.00113142,0.00113297,628.664,0.0002
11.92,6732030.0,3122790.0,3000050.0,1241940.0,8.48964e-05,0.00119971,0.002404,0.00112851,0.00113132,0.00113142,0.00113297,627.224,0.0002
11.925,6731790.0,3122710.0,2999970.0,1241940.0,8.48949e-05,0.00119044,0.00239477,0.00112849,0.0011313,0.0011314,0.00113294,626.485,0.0002
11.93,6731790.0,3122710.0,2999970.0,1241940.0,8.48949e-05,0.00119044,0.00239477,0.00112849,0.0011313,0.0011314,0.00113294,624.231,0.0002
11.935,6731410.0,3122580.0,2999850.0,1241930.0,8.48926e-05,0.00117592,0.00238031,0.00112845,0.00113126,0.00113136,0.00113291,624.231,0.0002
11.94,6731290.0,3122530.0,2999810.0,1241930.0,8.48918e-05,0.00117116,0.00237557,0.00112844,0.00113125,0.00113135,0.00113289,625.548,0.0002
11.945,6731500.0,3122610.0,2999880.0,1241930.0,8.48932e-05,0.00117964,0.00238401,0.00112846,0.00113127,0.00113137,0.00113292,625.891,0.0002
11.95,6731500.0,3122610.0,2999880.0,1241930.0,8.48932e-05,0.00117964,0.00238401,0.00112846,0.00113127,0.00113137,0.00113292,626.939,0.0002
11.955,6731680.0,3122670.0,2999940.0,1241940.0,8.48943e-05,0.00118639,0.00239073,0.00112848,0.00113129,0.00113139,0.00113293,626.939,0.0002
11.96,6731740.0,3122690.0,2999960.0,1241940.0,8.48946e-05,0.0011886,0.00239294,0.00112848,0.00113129,0.00113139,0.00113294,624.678,0.0002
11.965,6731360.0,3122560.0,2999830.0,1241930.0,8.48923e-05,0.00117404,0.00237844,0.00112845,0.00113125,0.00113135,0.0011329,624.483,0.0002
11.97,6731360.0,3122560.0,2999830.0,1241930.0,8.48923e-05,0.00117404,0.00237844,0.00112845,0.00113125,0.00113135,0.0011329,623.889,0.0002
11.975,6731260.0,3122530.0,2999800.0,1241930.0,8.48917e-05,0.00117021,0.00237462,0.00112844,0.00113124,0.00113134,0.00113289,623.889,0.0002
11.98,6731230.0,3122510.0,2999790.0,1241930.0,8.48915e-05,0.00116895,0.00237337,0.00112843,0.00113124,0.00113134,0.00113289,629.14,0.0002
11.985,6732110.0,3122820.0,3000080.0,1241940.0,8.48969e-05,0.00120278,0.00240706,0.00112852,0.00113133,0.00113143,0.00113298,628.176,0.0002
11.99,6732110.0,3122820.0,3000080.0,1241940.0,8.48969e-05,0.00120278,0.00240706,0.00112852,0.00113133,0.00113143,0.00113298,625.237,0.0002
11.995,6731610.0,3122650.0,2999920.0,1241940.0,8.48939e-05,0.00118385,0.00238821,0.00112847,0.00113128,0.00113138,0.00113293,625.237,0.0002
12.0,6731450.0,3122590.0,2999860.0,1241930.0,8.48929e-05,0.00117764,0.00238202,0.00112846,0.00113126,0.00113136,0.00113291,630.387,0.0002
12.005,6732190.0,3139610.0,3015800.0,1242410.0,8.48974e-05,0.00120595,0.00241509,0.00113341,0.00113621,0.00113631,0.00113788,629.987,0.000201167
12.01,6732060.0,3156290.0,3031430.0,1242880.0,8.48967e-05,0.0012011,0.00241512,0.00113825,0.00114105,0.00114115,0.00114274,628.767,0.000202333
12.015,6731730.0,3172840.0,3046930.0,1243350.0,8.48946e-05,0.00118845,0.00240732,0.00114302,0.00114582,0.00114593,0.00114753,628.767,0.0002035
12.02,6731540.0,3189400.0,3062440.0,1243810.0,8.48934e-05,0.0011811,0.00240479,0.00114779,0.00115059,0.00115069,0.00115231,630.892,0.000204667
12.025,6731770.0,3206050.0,3078030.0,1244270.0,8.48949e-05,0.00119005,0.00241844,0.00115255,0.00115535,0.00115546,0.0011571,630.066,0.000205833
12.03,6731650.0,3222540.0,3093470.0,1244720.0,8.48941e-05,0.00118534,0.00241847,0.00115726,0.00116006,0.00116016,0.00116182,627.549,0.000207
12.035,6731110.0,3238800.0,3108700.0,1245170.0,8.48907e-05,0.00116447,0.00240236,0.00116188,0.00116467,0.00116478,0.00116646,627.549,0.000208167
12.04,6730850.0,3255130.0,3124000.0,1245610.0,8.48891e-05,0.00115451,0.00239709,0.0011665,0.0011693,0.00116941,0.0011711,630.966,0.000209333
12.045,6731300.0,3271660.0,3139480.0,1246060.0,8.48919e-05,0.00117191,0.00241904,0.00117116,0.00117395,0.00117406,0.00117578,629.965,0.0002105
12.05,6731190.0,3287940.0,3154720.0,1246500.0,8.48912e-05,0.00116733,0.00241907,0.00117574,0.00117853,0.00117864,0.00118037,626.914,0.000211667
12.055,6730560.0,3303950.0,3169720.0,1246930.0,8.48873e-05,0.00114315,0.00239953,0.00118022,0.001183,0.00118311,0.00118487,626.914,0.000212833
12.06,6730270.0,3320050.0,3184800.0,1247360.0,8.48855e-05,0.00113219,0.00239314,0.00118471,0.00118749,0.00118761,0.00118938,629.016,0.000214
12.065,6730510.0,3336280.0,3200000.0,1247790.0,8.4887e-05,0.00114126,0.00240665,0.00118922,0.001192,0.00119211,0.00119391,628.979,0.000215167
12.07,6730390.0,3352340.0,3215040.0,1248220.0,8.48863e-05,0.00113681,0.00240668,0.00119367,0.00119644,0.00119656,0.00119837,628.864,0.000216333
12.075,6730260.0,3368310.0,3230000.0,1248640.0,8.48854e-05,0.00113166,0.00240597,0.00119807,0.00120084,0.00120096,0.00120279,628.864,0.0002175
12.08,6730140.0,3384250.0,3244930.0,1249060.0,8.48847e-05,0.00112703,0.00240576,0.00120246,0.00120523,0.00120534,0.00120719,626.783,0.000218667
12.085,6729680.0,3399980.0,3259660.0,1249470.0,8.48818e-05,0.00110928,0.00239244,0.00120676,0.00120953,0.00120965,0.00121152,627.97,0.000219833
12.09,6729570.0,3415810.0,3274480.0,1249880.0,8.48811e-05,0.00110496,0.00239247,0.00121109,0.00121385,0.00121397,0.00121586,631.587,0.000221
12.095,6730060.0,3431800.0,3289460.0,1250290.0,8.48842e-05,0.00112397,0.0024157,0.00121544,0.00121819,0.00121832,0.00122022,631.587,0.000222167
12.1,6730150.0,3447600.0,3304250.0,1250700.0,8.48847e-05,0.00112735,0.00242334,0.00121972,0.00122247,0.0012226,0.00122452,628.242,0.000223333
12.105,6729480.0,3463000.0,3318670.0,1251090.0,8.48806e-05,0.00110158,0.00240191,0.00122388,0.00122663,0.00122676,0.0012287,628.085,0.0002245
12.11,6729370.0,3478590.0,3333270.0,1251490.0,8.48799e-05,0.00109738,0.00240193,0.00122808,0.00123083,0.00123095,0.00123292,627.604,0.000225667
12.115,6729180.0,3494070.0,3347770.0,1251890.0,8.48787e-05,0.00109012,0.00239888,0.00123224,0.00123498,0.00123511,0.00123709,627.604,0.000226833
12.12,6729050.0,3509530.0,3362240.0,1252280.0,8.48779e-05,0.00108496,0.00239789,0.00123638,0.00123911,0.00123924,0.00124124,631.401,0.000228
12.125,6729580.0,3525180.0,3376900.0,1252670.0,8.48812e-05,0.00110531,0.00242227,0.00124055,0.00124328,0.00124341,0.00124543,631.187,0.000229167
12.13,6729470.0,3540530.0,3391280.0,1253060.0,8.48805e-05,0.00110122,0.0024223,0.00124463,0.00124736,0.00124749,0.00124953,630.533,0.000230333
12.135,6729260.0,3555750.0,3405530.0,1253440.0,8.48792e-05,0.00109296,0.00241813,0.00124867,0.00125139,0.00125152,0.00125358,630.533,0.0002315
12.14,6729120.0,3570960.0,3419770.0,1253820.0,8.48783e-05,0.00108756,0.00241678,0.00125269,0.0012554,0.00125554,0.00125762,629.658,0.000232667
12.145,6728870.0,3586040.0,3433890.0,1254190.0,8.48767e-05,0.00107793,0.00241119,0.00125666,0.00125937,0.0012595,0.0012616,629.995,0.000233833
12.15,6728760.0,3601140.0,3448030.0,1254560.0,8.48761e-05,0.00107396,0.00241122,0.00126063,0.00126333,0.00126347,0.00126558,631.025,0.000235
12.155,6728830.0,3616230.0,3462160.0,1254940.0,8.48765e-05,0.00107666,0.00241785,0.00126457,0.00126728,0.00126741,0.00126955,631.025,0.000236167
12.16,6728790.0,3631230.0,3476210.0,1255300.0,8.48763e-05,0.00107493,0.00242004,0.00126849,0.00127119,0.00127133,0.00127348,625.504,0.000237333
12.165,6727770.0,3645710.0,3489770.0,1255660.0,8.48699e-05,0.0010355,0.00238466,0.00127226,0.00127495,0.00127509,0.00127726,626.408,0.0002385
12.17,6727670.0,3660550.0,3503670.0,1256020.0,8.48693e-05,0.00103165,0.00238468,0.00127611,0.0012788,0.00127894,0.00128113,629.162,0.000239667
12.175,6728030.0,3675520.0,3517680.0,1256380.0,8.48715e-05,0.00104556,0.00240237,0.00127998,0.00128267,0.00128281,0.00128502,629.162,0.000240833
12.18,6728080.0,3690310.0,3531520.0,1256740.0,8.48718e-05,0.00104758,0.00240819,0.0012838,0.00128648,0.00128662,0.00128885,631.39,0.000242
12.185,6728350.0,3705110.0,3545380.0,1257090.0,8.48736e-05,0.00105816,0.0024225,0.00128761,0.00129028,0.00129042,0.00129267,631.444,0.000243167
12.19,6728260.0,3719690.0,3559040.0,1257440.0,8.48729e-05,0.00105441,0.00242252,0.00129135,0.00129402,0.00129416,0.00129643,631.61,0.000244333
12.195,6728190.0,3734210.0,3572640.0,1257790.0,8.48725e-05,0.00105177,0.00242361,0.00129506,0.00129772,0.00129787,0.00130015,631.61,0.0002455
12.2,6728100.0,3748670.0,3586180.0,1258130.0,8.4872e-05,0.00104842,0.00242398,0.00129876,0.00130141,0.00130156,0.00130386,628.015,0.000246667
12.205,6727410.0,3762770.0,3599380.0,1258470.0,8.48676e-05,0.00102163,0.00240095,0.00130234,0.00130499,0.00130514,0.00130746,628.695,0.000247833
12.21,6727310.0,3777100.0,3612790.0,1258800.0,8.48671e-05,0.00101799,0.00240098,0.00130598,0.00130862,0.00130877,0.00131111,630.768,0.000249
12.215,6727560.0,3791500.0,3626280.0,1259140.0,8.48686e-05,0.00102773,0.00241429,0.00130962,0.00131226,0.00131241,0.00131477,630.768,0.000250167
12.22,6727580.0,3805750.0,3639620.0,1259480.0,8.48688e-05,0.00102852,0.00241868,0.00131322,0.00131585,0.001316,0.00131838,626.271,0.000251333
12.225,6726740.0,3819500.0,3652500.0,1259800.0,8.48635e-05,0.000996017,0.00238986,0.00131668,0.00131931,0.00131946,0.00132185,626.419,0.0002525
12.23,6726650.0,3833570.0,3665670.0,1260130.0,8.48629e-05,0.000992483,0.00238988,0.00132021,0.00132283,0.00132299,0.0013254,626.87,0.000253667
12.235,6726630.0,3847580.0,3678790.0,1260450.0,8.48628e-05,0.000991885,0.0023928,0.00132372,0.00132634,0.00132649,0.00132892,626.87,0.000254833
12.24,6726570.0,3861530.0,3691850.0,1260770.0,8.48624e-05,0.000989354,0.00239377,0.00132721,0.00132982,0.00132997,0.00133242,630.401,0.000256
12.245,6727070.0,3875660.0,3705080.0,1261100.0,8.48655e-05,0.00100863,0.00241643,0.00133073,0.00133333,0.00133349,0.00133595,630.586,0.000257167
12.25,6726980.0,3889460.0,3718000.0,1261420.0,8.4865e-05,0.0010052,0.00241646,0.00133416,0.00133675,0.00133692,0.0013394,631.149,0.000258333
12.255,6726990.0,3903220.0,3730890.0,1261730.0,8.4865e-05,0.00100543,0.00242009,0.00133757,0.00134016,0.00134032,0.00134282,631.149,0.0002595
12.26,6726930.0,3916910.0,3743700.0,1262040.0,8.48647e-05,0.00100323,0.0024213,0.00134096,0.00134354,0.0013437,0.00134622,630.4,0.000260667
12.265,6726720.0,3930430.0,3756360.0,1262350.0,8.48633e-05,0.000995057,0.00241652,0.00134429,0.00134687,0.00134703,0.00134957,629.349,0.000261833
12.27,6726630.0,3943970.0,3769040.0,1262660.0,8.48628e-05,0.000991721,0.00241654,0.00134763,0.0013502,0.00135036,0.00135292,626.145,0.000263
12.275,6726010.0,3957150.0,3781380.0,1262960.0,8.48589e-05,0.000967791,0.00239601,0.00135086,0.00135343,0.00135359,0.00135616,626.145,0.000264167
12.28,6725750.0,3970470.0,3793850.0,1263260.0,8.48573e-05,0.000957738,0.00238929,0.00135413,0.00135668,0.00135685,0.00135944,626.21,0.000265333
12.285,6725670.0,3983800.0,3806330.0,1263560.0,8.48569e-05,0.000954905,0.00238973,0.00135738,0.00135993,0.0013601,0.00136271,625.951,0.0002665
12.29,6725590.0,3997070.0,3818760.0,1263850.0,8.48563e-05,0.000951665,0.00238975,0.00136062,0.00136316,0.00136333,0.00136596,625.16,0.000267667
12.295,6725370.0,4010190.0,3831040.0,1264150.0,8.4855e-05,0.000943364,0.00238469,0.00136381,0.00136635,0.00136652,0.00136916,625.16,0.000268833
12.3,6725250.0,4023310.0,3843320.0,1264440.0,8.48542e-05,0.000938501,0.00238305,0.001367,0.00136953,0.0013697,0.00137236,631.763,0.00027
12.305,6726270.0,4036930.0,3856070.0,1264740.0,8.48606e-05,0.000977844,0.00242542,0.0013703,0.00137282,0.00137299,0.00137567,629.815,0.000271167
12.31,6726190.0,4049940.0,3868260.0,1265030.0,8.48601e-05,0.000974697,0.00242544,0.00137344,0.00137596,0.00137613,0.00137883,623.876,0.000272333
12.315,6725110.0,4062350.0,3879880.0,1265300.0,8.48534e-05,0.000933355,0.00238737,0.00137643,0.00137894,0.00137912,0.00138183,623.876,0.0002735
12.32,6724710.0,4075060.0,3891780.0,1265580.0,8.48508e-05,0.000917715,0.0023749,0.00137949,0.001382,0.00138217,0.0013849,628.463,0.000274667
12.325,6725400.0,4088250.0,3904130.0,1265870.0,8.48551e-05,0.000944169,0.00240434,0.00138266,0.00138515,0.00138533,0.00138808,628.274,0.000275833
12.33,6725320.0,4101000.0,3916060.0,1266150.0,8.48546e-05,0.000941112,0.00240436,0.00138571,0.0013882,0.00138838,0.00139115,627.698,0.000277
12.335,6725140.0,4113610.0,3927870.0,1266430.0,8.48535e-05,0.000934376,0.00240068,0.00138873,0.00139121,0.00139139,0.00139417,627.698,0.000278167
12.34,6725030.0,4126220.0,3939670.0,1266700.0,8.48528e-05,0.000930146,0.00239949,0.00139174,0.00139421,0.00139439,0.00139719,624.685,0.000279333
12.345,6724450.0,4138480.0,3951150.0,1266970.0,8.48492e-05,0.000907772,0.00238019,0.00139465,0.00139712,0.0013973,0.00140012,625.872,0.0002805
12.35,6724370.0,4150970.0,3962840.0,1267240.0,8.48487e-05,0.000904803,0.00238021,0.00139762,0.00140008,0.00140027,0.0014031,629.492,0.000281667
12.355,6724900.0,4163690.0,3974760.0,1267510.0,8.4852e-05,0.000925157,0.00240344,0.00140064,0.00140309,0.00140328,0.00140613,629.492,0.000282833
12.36,6725020.0,4176160.0,3986430.0,1267780.0,8.48528e-05,0.000929871,0.00241107,0.00140359,0.00140604,0.00140622,0.00140909,630.348,0.000284
12.365,6725090.0,4188510.0,3997990.0,1268050.0,8.48532e-05,0.000932488,0.00241658,0.0014065,0.00140894,0.00140913,0.00141202,629.22,0.000285167
12.37,6725020.0,4200740.0,4009440.0,1268310.0,8.48528e-05,0.000929604,0.0024166,0.00140939,0.00141182,0.00141201,0.00141491,625.781,0.000286333
12.375,6724370.0,4212570.0,4020520.0,1268560.0,8.48487e-05,0.000904608,0.00239456,0.00141217,0.0014146,0.00141478,0.0014177,625.781,0.0002875
12.38,6724110.0,4224570.0,4031750.0,1268820.0,8.48471e-05,0.000894504,0.00238734,0.00141499,0.00141741,0.0014176,0.00142053,629.014,0.000288667
12.385,6724570.0,4236880.0,4043280.0,1269080.0,8.485e-05,0.000912502,0.0024081,0.00141787,0.00142028,0.00142047,0.00142343,628.64,0.000289833
12.39,6724500.0,4248860.0,4054490.0,1269330.0,8.48495e-05,0.0009097,0.00240812,0.00142067,0.00142308,0.00142327,0.00142624,627.497,0.000291
12.395,6724240.0,4260640.0,4065520.0,1269580.0,8.48479e-05,0.000899573,0.00240081,0.00142342,0.00142582,0.00142601,0.001429,627.497,0.000292167
12.4,6724100.0,4272450.0,4076580.0,1269830.0,8.48471e-05,0.000894401,0.00239842,0.00142617,0.00142856,0.00142876,0.00143176,627.228,0.000293333
12.405,6723990.0,4284190.0,4087570.0,1270080.0,8.48463e-05,0.00088993,0.00239671,0.0014289,0.00143129,0.00143148,0.0014345,627.602,0.0002945
12.41,6723920.0,4295910.0,4098540.0,1270330.0,8.48459e-05,0.000887208,0.00239673,0.00143162,0.001434,0.0014342,0.00143723,628.744,0.000295667
12.415,6724040.0,4307650.0,4109530.0,1270570.0,8.48467e-05,0.000891861,0.00240407,0.00143434,0.00143671,0.00143691,0.00143996,628.744,0.000296833
12.42,6724030.0,4319280.0,4120420.0,1270810.0,8.48466e-05,0.000891589,0.00240649,0.00143703,0.0014394,0.00143959,0.00144266,632.151,0.000298
12.425,6724530.0,4331120.0,4131500.0,1271060.0,8.48497e-05,0.000910854,0.00242836,0.00143976,0.00144212,0.00144232,0.0014454,631.453,0.000299167
12.43,6724460.0,4342590.0,4142240.0,1271300.0,8.48493e-05,0.000908209,0.00242837,0.00144241,0.00144476,0.00144496,0.00144806,629.324,0.000300333
12.435,6724040.0,4353770.0,4152710.0,1271530.0,8.48467e-05,0.000891893,0.00241474,0.00144498,0.00144732,0.00144752,0.00145064,629.324,0.0003015
12.44,6723850.0,4365050.0,4163270.0,1271770.0,8.48455e-05,0.000884793,0.00241028,0.00144757,0.0014499,0.00145011,0.00145324,629.11,0.000302667
12.445,6723750.0,4376300.0,4173800.0,1272000.0,8.48449e-05,0.000880829,0.00240892,0.00145015,0.00145247,0.00145268,0.00145582,628.849,0.000303833
12.45,6723680.0,4387520.0,4184300.0,1272230.0,8.48445e-05,0.00087826,0.00240893,0.00145272,0.00145503,0.00145524,0.0014584,628.053,0.000305
12.455,6723480.0,4398580.0,4194660.0,1272460.0,8.48432e-05,0.000870591,0.00240385,0.00145524,0.00145755,0.00145776,0.00146094,628.053,0.000306167
12.46,6723380.0,4409660.0,4205030.0,1272680.0,8.48425e-05,0.000866378,0.00240219,0.00145777,0.00146007,0.00146028,0.00146347,631.092,0.000307333
12.465,6723820.0,4420970.0,4215620.0,1272920.0,8.48453e-05,0.000883433,0.0024217,0.00146034,0.00146264,0.00146285,0.00146606,630.798,0.0003085
12.47,6723750.0,4431950.0,4225900.0,1273140.0,8.48449e-05,0.000880935,0.00242172,0.00146284,0.00146513,0.00146534,0.00146856,629.902,0.000309667
12.475,6723540.0,4442760.0,4236020.0,1273360.0,8.48436e-05,0.000872694,0.00241598,0.00146529,0.00146758,0.00146779,0.00147103,629.902,0.000310833
12.48,6723430.0,4453590.0,4246160.0,1273580.0,8.48428e-05,0.000868341,0.00241411,0.00146775,0.00147002,0.00147023,0.00147349,630.543,0.000312
12.485,6723470.0,4464440.0,4256310.0,1273800.0,8.48431e-05,0.000870029,0.00241824,0.0014702,0.00147247,0.00147268,0.00147595,630.222,0.000313167
12.49,6723410.0,4475180.0,4266360.0,1274020.0,8.48427e-05,0.000867603,0.00241826,0.00147262,0.00147488,0.0014751,0.00147839,629.242,0.000314333
12.495,6723180.0,4485740.0,4276250.0,1274230.0,8.48413e-05,0.000858892,0.00241199,0.001475,0.00147726,0.00147747,0.00148077,629.242,0.0003155
12.5,6723070.0,4496330.0,4286160.0,1274440.0,8.48406e-05,0.000854431,0.00240994,0.00147739,0.00147963,0.00147985,0.00148317,623.888,0.000316667
12.505,6722110.0,4506330.0,4295530.0,1274650.0,8.48346e-05,0.000817607,0.00237562,0.00147964,0.00148188,0.00148209,0.00148542,625.268,0.000317833
12.51,6722050.0,4516830.0,4305360.0,1274860.0,8.48343e-05,0.000815249,0.00237563,0.00148199,0.00148423,0.00148444,0.00148779,629.476,0.000319
12.515,6722690.0,4527680.0,4315520.0,1275070.0,8.48383e-05,0.000839992,0.00240263,0.00148442,0.00148665,0.00148687,0.00149023,629.476,0.000320167
12.52,6722860.0,4538200.0,4325370.0,1275280.0,8.48393e-05,0.000846549,0.0024115,0.00148678,0.001489,0.00148922,0.00149259,630.029,0.000321333
12.525,6722890.0,4548570.0,4335070.0,1275490.0,8.48395e-05,0.000847804,0.00241506,0.00148909,0.0014913,0.00149152,0.00149492,629.761,0.0003225
12.53,6722830.0,4558840.0,4344680.0,1275700.0,8.48392e-05,0.000845512,0.00241508,0.00149138,0.00149359,0.00149381,0.00149722,628.946,0.000323667
12.535,6722640.0,4568950.0,4354150.0,1275900.0,8.48379e-05,0.000837992,0.00240986,0.00149364,0.00149583,0.00149605,0.00149948,628.946,0.000324833
12.54,6722530.0,4579080.0,4363630.0,1276100.0,8.48373e-05,0.00083401,0.00240816,0.00149589,0.00149808,0.0014983,0.00150174,622.418,0.000326
12.545,6721390.0,4588490.0,4372440.0,1276280.0,8.48301e-05,0.000789766,0.0023663,0.00149798,0.00150016,0.00150038,0.00150383,624.583,0.000327167
12.55,6721330.0,4598520.0,4381840.0,1276480.0,8.48298e-05,0.000787538,0.00236632,0.00150021,0.00150238,0.0015026,0.00150607,631.185,0.000328333
12.555,6722370.0,4609170.0,4391800.0,1276690.0,8.48363e-05,0.000827812,0.00240868,0.00150256,0.00150473,0.00150495,0.00150844,631.185,0.0003295
12.56,6722680.0,4619320.0,4401310.0,1276890.0,8.48382e-05,0.000839549,0.00242258,0.00150481,0.00150697,0.00150719,0.00151069,627.508,0.000330667
12.565,6722010.0,4628800.0,4410170.0,1277080.0,8.4834e-05,0.000813715,0.00239901,0.0015069,0.00150905,0.00150928,0.00151279,627.987,0.000331833
12.57,6721950.0,4638610.0,4419360.0,1277270.0,8.48337e-05,0.000811549,0.00239902,0.00150906,0.00151121,0.00151144,0.00151496,629.446,0.000333
12.575,6722140.0,4648510.0,4428630.0,1277470.0,8.48348e-05,0.000818791,0.00240839,0.00151124,0.00151338,0.00151361,0.00151715,629.446,0.000334167
12.58,6722160.0,4658260.0,4437760.0,1277660.0,8.4835e-05,0.000819734,0.00241148,0.00151339,0.00151552,0.00151575,0.0015193,626.528,0.000335333
12.585,6721620.0,4667590.0,4446490.0,1277840.0,8.48316e-05,0.000798843,0.00239278,0.00151544,0.00151756,0.00151779,0.00152136,627.217,0.0003365
12.59,6721570.0,4677190.0,4455470.0,1278030.0,8.48313e-05,0.000796737,0.00239279,0.00151754,0.00151966,0.00151989,0.00152347,629.317,0.000337667
12.595,6721860.0,4686930.0,4464600.0,1278220.0,8.48331e-05,0.000808167,0.00240628,0.00151967,0.00152178,0.00152202,0.00152561,629.317,0.000338833
12.6,6721920.0,4696490.0,4473550.0,1278400.0,8.48335e-05,0.000810524,0.00241071,0.00152176,0.00152387,0.0015241,0.00152771,624.713,0.00034
12.605,6721100.0,4705420.0,4481900.0,1278570.0,8.48284e-05,0.000778841,0.00238119,0.00152372,0.00152581,0.00152605,0.00152967,626.629,0.000341167
12.61,6721050.0,4714800.0,4490680.0,1278760.0,8.4828e-05,0.000776794,0.0023812,0.00152576,0.00152785,0.00152809,0.00153172,632.471,0.000342333
12.615,6721970.0,4724730.0,4499980.0,1278950.0,8.48338e-05,0.000812354,0.00241868,0.00152792,0.00153001,0.00153024,0.00153389,632.471,0.0003435
12.62,6722240.0,4734210.0,4508850.0,1279130.0,8.48355e-05,0.000822664,0.00243099,0.00152999,0.00153206,0.0015323,0.00153596,631.827,0.000344667
12.625,6722080.0,4743350.0,4517410.0,1279310.0,8.48345e-05,0.000816524,0.00242687,0.00153197,0.00153404,0.00153428,0.00153796,630.568,0.000345833
12.63,6722030.0,4752520.0,4525990.0,1279480.0,8.48341e-05,0.000814533,0.00242689,0.00153396,0.00153602,0.00153626,0.00153995,626.726,0.000347
12.635,6721340.0,4761200.0,4534120.0,1279650.0,8.48298e-05,0.000787845,0.00240226,0.00153584,0.0015379,0.00153814,0.00154184,626.726,0.000348167
12.64,6721070.0,4770130.0,4542480.0,1279820.0,8.48282e-05,0.000777775,0.00239419,0.00153778,0.00153982,0.00154007,0.00154378,627.696,0.000349333
12.645,6721190.0,4779230.0,4551000.0,1279990.0,8.48289e-05,0.000782071,0.00240043,0.00153975,0.00154178,0.00154203,0.00154576,627.092,0.0003505
12.65,6721140.0,4788190.0,4559390.0,1280170.0,8.48286e-05,0.000780134,0.00240044,0.00154168,0.00154371,0.00154396,0.0015477,625.248,0.000351667
12.655,6720780.0,4796890.0,4567520.0,1280330.0,8.48263e-05,0.000766354,0.00238863,0.00154356,0.00154558,0.00154582,0.00154958,625.248,0.000352833
12.66,6720630.0,4805680.0,4575760.0,1280500.0,8.48254e-05,0.000760554,0.00238476,0.00154545,0.00154747,0.00154771,0.00155149,629.117,0.000354
12.665,6721220.0,4814890.0,4584380.0,1280670.0,8.48291e-05,0.000783552,0.00240959,0.00154743,0.00154944,0.00154969,0.00155348,627.995,0.000355167
12.67,6721180.0,4823650.0,4592580.0,1280840.0,8.48288e-05,0.000781668,0.0024096,0.00154932,0.00155132,0.00155157,0.00155536,624.574,0.000356333
12.675,6720560.0,4831970.0,4600370.0,1281000.0,8.4825e-05,0.000757793,0.00238767,0.0015511,0.0015531,0.00155335,0.00155716,624.574,0.0003575
12.68,6720320.0,4840500.0,4608350.0,1281160.0,8.48235e-05,0.000748716,0.00238049,0.00155293,0.00155492,0.00155517,0.00155899,627.248,0.000358667
12.685,6720720.0,4849390.0,4616670.0,1281330.0,8.4826e-05,0.000764081,0.00239765,0.00155483,0.00155682,0.00155707,0.0015609,626.898,0.000359833
12.69,6720670.0,4857950.0,4624690.0,1281490.0,8.48257e-05,0.000762249,0.00239766,0.00155667,0.00155864,0.00155889,0.00156274,625.83,0.000361
12.695,6720450.0,4866330.0,4632530.0,1281650.0,8.48243e-05,0.000753562,0.00239082,0.00155846,0.00156042,0.00156068,0.00156454,625.83,0.000362167
12.7,6720340.0,4874750.0,4640410.0,1281800.0,8.48236e-05,0.0007495,0.00238859,0.00156025,0.00156222,0.00156247,0.00156634,629.38,0.000363333
12.705,6720890.0,4883540.0,4648640.0,1281970.0,8.4827e-05,0.000770551,0.00241137,0.00156213,0.00156408,0.00156434,0.00156822,630.863,0.0003645
12.71,6720840.0,4891910.0,4656470.0,1282130.0,8.48267e-05,0.000768769,0.00241138,0.00156391,0.00156586,0.00156611,0.00157001,635.383,0.000365667
12.715,6721550.0,4900720.0,4664720.0,1282290.0,8.48312e-05,0.000796087,0.00244039,0.00156578,0.00156772,0.00156798,0.00157189,635.383,0.000366833
12.72,6721750.0,4909150.0,4672620.0,1282450.0,8.48324e-05,0.000803868,0.00244991,0.00156757,0.00156951,0.00156977,0.00157369,627.765,0.000368
12.725,6720430.0,4916510.0,4679500.0,1282590.0,8.48242e-05,0.000753114,0.00240106,0.00156914,0.00157106,0.00157132,0.00157526,627.856,0.000369167
12.73,6720390.0,4924680.0,4687150.0,1282740.0,8.48239e-05,0.00075138,0.00240107,0.00157087,0.00157279,0.00157305,0.001577,628.131,0.000370333
12.735,6720390.0,4932820.0,4694770.0,1282890.0,8.48239e-05,0.000751432,0.00240285,0.00157259,0.00157451,0.00157477,0.00157873,628.131,0.0003715
12.74,6720360.0,4940920.0,4702350.0,1283040.0,8.48237e-05,0.000750302,0.00240344,0.00157431,0.00157622,0.00157647,0.00158045,631.056,0.000372667
12.745,6720810.0,4949270.0,4710170.0,1283200.0,8.48265e-05,0.000767428,0.00242221,0.00157607,0.00157797,0.00157823,0.00158222,630.927,0.000373833
12.75,6720760.0,4957260.0,4717650.0,1283340.0,8.48262e-05,0.00076574,0.00242222,0.00157776,0.00157965,0.00157991,0.00158392,630.534,0.000375
12.755,6720650.0,4965140.0,4725030.0,1283490.0,8.48256e-05,0.000761534,0.00241971,0.00157942,0.00158131,0.00158157,0.00158558,630.534,0.000376167
12.76,6720590.0,4973030.0,4732410.0,1283640.0,8.48252e-05,0.000759038,0.00241889,0.00158108,0.00158297,0.00158323,0.00158725,627.502,0.000377333
12.765,6720040.0,4980520.0,4739420.0,1283770.0,8.48217e-05,0.000737882,0.00239945,0.00158266,0.00158454,0.0015848,0.00158883,628.279,0.0003785
12.77,6720000.0,4988330.0,4746730.0,1283920.0,8.48215e-05,0.000736239,0.00239946,0.0015843,0.00158617,0.00158643,0.00159048,630.649,0.000379667
12.775,6720350.0,4996350.0,4754240.0,1284070.0,8.48237e-05,0.000749858,0.00241468,0.00158599,0.00158785,0.00158811,0.00159217,630.649,0.000380833
12.78,6720440.0,5004160.0,4761540.0,1284210.0,8.48242e-05,0.000753239,0.00241967,0.00158763,0.00158948,0.00158975,0.00159382,630.442,0.000382
12.785,6720360.0,5011790.0,4768690.0,1284350.0,8.48237e-05,0.000750304,0.00241836,0.00158923,0.00159108,0.00159134,0.00159543,630.329,0.000383167
12.79,6720320.0,5019420.0,4775840.0,1284490.0,8.48235e-05,0.000748704,0.00241837,0.00159083,0.00159267,0.00159293,0.00159703,629.982,0.000384333
12.795,6720220.0,5026960.0,4782890.0,1284630.0,8.48229e-05,0.000744891,0.00241616,0.0015924,0.00159424,0.0015945,0.00159861,629.982,0.0003855
12.8,6720160.0,5034490.0,4789940.0,1284770.0,8.48225e-05,0.000742582,0.00241544,0.00159398,0.00159581,0.00159607,0.00160019,630.087,0.000386667
12.805,6720140.0,5041990.0,4796960.0,1284900.0,8.48223e-05,0.000741692,0.00241612,0.00159554,0.00159737,0.00159763,0.00160176,630.078,0.000387833
12.81,6720100.0,5049440.0,4803940.0,1285040.0,8.48221e-05,0.000740135,0.00241613,0.0015971,0.00159892,0.00159918,0.00160333,630.052,0.000389
12.815,6720050.0,5056840.0,4810860.0,1285170.0,8.48218e-05,0.000738422,0.00241597,0.00159864,0.00160045,0.00160072,0.00160487,630.052,0.000390167
12.82,6720010.0,5064210.0,4817760.0,1285310.0,8.48216e-05,0.00073683,0.00241592,0.00160018,0.00160198,0.00160225,0.00160642,630.498,0.000391333
12.825,6720050.0,5071580.0,4824660.0,1285440.0,8.48218e-05,0.000738179,0.0024188,0.00160171,0.00160351,0.00160378,0.00160795,629.447,0.0003925
12.83,6720010.0,5078870.0,4831480.0,1285570.0,8.48215e-05,0.000736663,0.00241881,0.00160322,0.00160501,0.00160529,0.00160948,626.242,0.000393667
12.835,6719430.0,5085730.0,4837900.0,1285700.0,8.48179e-05,0.000714539,0.00239826,0.00160465,0.00160643,0.00160671,0.0016109,626.242,0.000394833
12.84,6719220.0,5092810.0,4844530.0,1285830.0,8.48166e-05,0.000706279,0.00239152,0.00160612,0.0016079,0.00160817,0.00161238,626.639,0.000396
12.845,6719240.0,5100000.0,4851260.0,1285960.0,8.48168e-05,0.000707351,0.00239408,0.00160761,0.00160938,0.00160966,0.00161388,626.71,0.000397167
12.85,6719210.0,5107130.0,4857930.0,1286090.0,8.48165e-05,0.000705875,0.00239409,0.00160908,0.00161085,0.00161113,0.00161536,626.926,0.000398333
12.855,6719200.0,5114220.0,4864570.0,1286210.0,8.48165e-05,0.000705803,0.00239548,0.00161055,0.00161231,0.00161259,0.00161683,626.926,0.0003995
12.86,6719180.0,5121270.0,4871170.0,1286340.0,8.48164e-05,0.000704803,0.00239595,0.00161201,0.00161376,0.00161404,0.00161829,628.736,0.000400667
12.865,6719440.0,5128470.0,4877910.0,1286470.0,8.4818e-05,0.000715004,0.00240757,0.0016135,0.00161525,0.00161552,0.00161979,628.05,0.000401833
12.87,6719410.0,5135430.0,4884430.0,1286600.0,8.48178e-05,0.000713566,0.00240758,0.00161493,0.00161668,0.00161695,0.00162123,625.958,0.000403
12.875,6719020.0,5142090.0,4890660.0,1286720.0,8.48154e-05,0.000698685,0.00239417,0.00161631,0.00161804,0.00161832,0.00162261,625.958,0.000404167
12.88,6718870.0,5148890.0,4897020.0,1286840.0,8.48144e-05,0.000692853,0.00238978,0.00161771,0.00161944,0.00161972,0.00162401,627.685,0.000405333
12.885,6719120.0,5155930.0,4903610.0,1286960.0,8.4816e-05,0.000702554,0.00240086,0.00161916,0.00162088,0.00162116,0.00162547,628.255,0.0004065
12.89,6719080.0,5162730.0,4909980.0,1287090.0,8.48158e-05,0.000701153,0.00240087,0.00162056,0.00162227,0.00162256,0.00162687,629.992,0.000407667
12.895,6719340.0,5169690.0,4916500.0,1287210.0,8.48174e-05,0.00071094,0.00241202,0.00162199,0.0016237,0.00162398,0.00162831,629.992,0.000408833
12.9,6719400.0,5176490.0,4922860.0,1287330.0,8.48177e-05,0.000713223,0.00241568,0.00162338,0.00162509,0.00162537,0.00162971,632.043,0.00041
12.905,6719700.0,5183410.0,4929340.0,1287460.0,8.48196e-05,0.00072505,0.00242885,0.0016248,0.0016265,0.00162679,0.00163114,630.878,0.000411167
12.91,6719670.0,5190070.0,4935560.0,1287570.0,8.48194e-05,0.000723686,0.00242886,0.00162617,0.00162786,0.00162814,0.00163251,627.324,0.000412333
12.915,6719040.0,5196240.0,4941340.0,1287680.0,8.48155e-05,0.000699473,0.00240608,0.00162743,0.00162912,0.0016294,0.00163377,627.324,0.0004135
12.92,6718810.0,5202670.0,4947360.0,1287800.0,8.48141e-05,0.000690629,0.00239861,0.00162875,0.00163043,0.00163071,0.0016351,627.158,0.000414667
12.925,6718750.0,5209180.0,4953450.0,1287910.0,8.48137e-05,0.000688223,0.00239755,0.00163008,0.00163175,0.00163204,0.00163643,627.297,0.000415833
12.93,6718710.0,5215680.0,4959530.0,1288030.0,8.48135e-05,0.000686894,0.00239756,0.00163141,0.00163308,0.00163336,0.00163776,627.723,0.000417
12.935,6718750.0,5222180.0,4965620.0,1288140.0,8.48137e-05,0.000688315,0.0024003,0.00163274,0.0016344,0.00163469,0.0016391,627.723,0.000418167
12.94,6718740.0,5228620.0,4971650.0,1288260.0,8.48136e-05,0.000687901,0.0024012,0.00163405,0.00163571,0.001636,0.00164042,625.077,0.000419333
12.945,6718260.0,5234680.0,4977320.0,1288370.0,8.48107e-05,0.000669581,0.00238424,0.00163529,0.00163694,0.00163723,0.00164166,626.096,0.0004205
12.95,6718230.0,5241030.0,4983270.0,1288480.0,8.48105e-05,0.000668286,0.00238425,0.00163658,0.00163823,0.00163851,0.00164296,629.203,0.000421667
12.955,6718720.0,5247720.0,4989530.0,1288600.0,8.48135e-05,0.000686988,0.00240419,0.00163794,0.00163958,0.00163987,0.00164432,629.203,0.000422833
12.96,6718850.0,5254130.0,4995530.0,1288710.0,8.48143e-05,0.000692265,0.00241073,0.00163924,0.00164088,0.00164117,0.00164563,628.006,0.000424
12.965,6718620.0,5260220.0,5001220.0,1288820.0,8.48129e-05,0.000683298,0.00240306,0.00164048,0.00164211,0.0016424,0.00164687,628.413,0.000425167
12.97,6718590.0,5266430.0,5007040.0,1288930.0,8.48127e-05,0.000682036,0.00240307,0.00164174,0.00164337,0.00164366,0.00164814,629.655,0.000426333
12.975,6718760.0,5272750.0,5012950.0,1289040.0,8.48138e-05,0.000688768,0.00241104,0.00164303,0.00164464,0.00164494,0.00164943,629.655,0.0004275
12.98,6718800.0,5278940.0,5018750.0,1289150.0,8.4814e-05,0.00069014,0.00241366,0.00164428,0.00164589,0.00164619,0.00165069,624.516,0.000428667
12.985,6717910.0,5284400.0,5023860.0,1289240.0,8.48084e-05,0.000655847,0.0023807,0.00164539,0.00164699,0.00164729,0.0016518,625.0,0.000429833
12.99,6717870.0,5290470.0,5029540.0,1289350.0,8.48082e-05,0.000654616,0.00238071,0.00164662,0.00164822,0.00164851,0.00165303,626.475,0.000431
12.995,6718090.0,5296680.0,5035360.0,1289460.0,8.48096e-05,0.000662888,0.00239018,0.00164788,0.00164947,0.00164976,0.00165429,626.475,0.000432167
13.0,6718140.0,5302740.0,5041030.0,1289560.0,8.48099e-05,0.000664786,0.00239329,0.0016491,0.00165069,0.00165099,0.00165552,627.553,0.000433333
13.005,6718290.0,5308840.0,5046740.0,1289670.0,8.48108e-05,0.000670516,0.00240022,0.00165033,0.00165192,0.00165221,0.00165676,627.954,0.0004345
13.01,6718260.0,5314780.0,5052290.0,1289770.0,8.48106e-05,0.000669317,0.00240022,0.00165153,0.00165311,0.00165341,0.00165796,629.175,0.000435667
13.015,6718430.0,5320820.0,5057950.0,1289880.0,8.48117e-05,0.000675983,0.00240807,0.00165275,0.00165432,0.00165462,0.00165919,629.175,0.000436833
13.02,6718470.0,5326740.0,5063490.0,1289980.0,8.48119e-05,0.000677375,0.00241064,0.00165395,0.00165551,0.00165581,0.00166039,627.578,0.000438
13.025,6718170.0,5332370.0,5068760.0,1290080.0,8.48101e-05,0.000665927,0.00240041,0.00165508,0.00165664,0.00165694,0.00166153,627.436,0.000439167
13.03,6718140.0,5338170.0,5074190.0,1290180.0,8.48099e-05,0.000664758,0.00240041,0.00165625,0.0016578,0.0016581,0.0016627,627.003,0.000440333
13.035,6718040.0,5343880.0,5079540.0,1290280.0,8.48092e-05,0.000660811,0.00239764,0.0016574,0.00165895,0.00165925,0.00166385,627.003,0.0004415
13.04,6717980.0,5349600.0,5084890.0,1290380.0,8.48089e-05,0.000658743,0.00239674,0.00165855,0.00166009,0.00166039,0.00166501,627.957,0.000442667
13.045,6718110.0,5355420.0,5090340.0,1290480.0,8.48097e-05,0.000663736,0.00240287,0.00165972,0.00166126,0.00166156,0.00166618,628.106,0.000443833
13.05,6718080.0,5361100.0,5095650.0,1290580.0,8.48095e-05,0.000662596,0.00240287,0.00166086,0.00166239,0.00166269,0.00166732,628.56,0.000445
13.055,6718130.0,5366790.0,5100980.0,1290680.0,8.48098e-05,0.000664385,0.00240579,0.001662,0.00166353,0.00166383,0.00166847,628.56,0.000446167
13.06,6718120.0,5372420.0,5106250.0,1290780.0,8.48098e-05,0.000664216,0.00240676,0.00166313,0.00166465,0.00166495,0.0016696,627.828,0.000447333
13.065,6717970.0,5377900.0,5111380.0,1290870.0,8.48088e-05,0.000658393,0.00240207,0.00166423,0.00166574,0.00166605,0.00167071,628.011,0.0004485
13.07,6717940.0,5383450.0,5116570.0,1290970.0,8.48087e-05,0.00065728,0.00240208,0.00166534,0.00166685,0.00166716,0.00167182,628.569,0.000449667
13.075,6718010.0,5389030.0,5121800.0,1291060.0,8.48091e-05,0.000659764,0.00240566,0.00166646,0.00166796,0.00166827,0.00167294,628.569,0.000450833
13.08,6718010.0,5394540.0,5126950.0,1291160.0,8.48091e-05,0.000659843,0.00240684,0.00166756,0.00166906,0.00166937,0.00167405,627.706,0.000452
13.085,6717840.0,5399880.0,5131950.0,1291250.0,8.4808e-05,0.000653203,0.00240131,0.00166863,0.00167012,0.00167043,0.00167512,627.88,0.000453167
13.09,6717810.0,5405310.0,5137030.0,1291350.0,8.48078e-05,0.000652118,0.00240132,0.00166971,0.0016712,0.00167151,0.00167621,628.41,0.000454333
13.095,6717870.0,5410760.0,5142140.0,1291440.0,8.48082e-05,0.000654451,0.00240473,0.0016708,0.00167229,0.00167259,0.0016773,628.41,0.0004555
13.1,6717870.0,5416150.0,5147180.0,1291530.0,8.48082e-05,0.000654497,0.00240585,0.00167188,0.00167336,0.00167366,0.00167838,624.2,0.000456667
13.105,6717140.0,5420940.0,5151670.0,1291610.0,8.48037e-05,0.000626354,0.00237885,0.00167283,0.00167431,0.00167461,0.00167934,625.301,0.000457833
13.11,6717110.0,5426250.0,5156640.0,1291710.0,8.48035e-05,0.000625295,0.00237886,0.00167389,0.00167536,0.00167567,0.0016804,628.658,0.000459
13.115,6717650.0,5431950.0,5161970.0,1291800.0,8.48068e-05,0.000645839,0.0024004,0.00167502,0.00167649,0.0016768,0.00168154,628.658,0.000460167
13.12,6717800.0,5437340.0,5167020.0,1291900.0,8.48078e-05,0.000651876,0.00240747,0.0016761,0.00167756,0.00167787,0.00168262,622.152,0.000461333
13.125,6716690.0,5441720.0,5171110.0,1291970.0,8.48008e-05,0.000608993,0.00236575,0.00167697,0.00167842,0.00167873,0.00168349,623.119,0.0004625
13.13,6716660.0,5446910.0,5175970.0,1292060.0,8.48007e-05,0.000607961,0.00236575,0.001678,0.00167945,0.00167976,0.00168453,626.065,0.000463667
13.135,6717130.0,5452440.0,5181150.0,1292160.0,8.48036e-05,0.00062589,0.00238466,0.0016791,0.00168054,0.00168086,0.00168563,626.065,0.000464833
13.14,6717260.0,5457700.0,5186070.0,1292250.0,8.48044e-05,0.000631086,0.00239087,0.00168014,0.00168158,0.0016819,0.00168668,628.662,0.000466
13.145,6717670.0,5463130.0,5191160.0,1292340.0,8.4807e-05,0.000646778,0.00240753,0.00168122,0.00168266,0.00168297,0.00168776,629.034,0.000467167
13.15,6717640.0,5468210.0,5195910.0,1292420.0,8.48068e-05,0.00064577,0.00240753,0.00168223,0.00168366,0.00168397,0.00168878,630.168,0.000468333
13.155,6717810.0,5473400.0,5200770.0,1292510.0,8.48078e-05,0.000652063,0.00241481,0.00168326,0.00168468,0.001685,0.00168981,630.168,0.0004695
13.16,6717840.0,5478470.0,5205510.0,1292600.0,8.4808e-05,0.00065346,0.00241721,0.00168426,0.00168568,0.001686,0.00169082,628.2,0.000470667
13.165,6717490.0,5483200.0,5209940.0,1292680.0,8.48058e-05,0.000639812,0.00240459,0.0016852,0.00168661,0.00168693,0.00169176,628.453,0.000471833
13.17,6717460.0,5488170.0,5214590.0,1292760.0,8.48057e-05,0.000638829,0.00240459,0.00168618,0.00168759,0.00168791,0.00169274,629.227,0.000473
13.175,6717570.0,5493200.0,5219300.0,1292850.0,8.48063e-05,0.000642831,0.00240956,0.00168718,0.00168858,0.0016889,0.00169374,629.227,0.000474167
13.18,6717590.0,5498150.0,5223930.0,1292930.0,8.48064e-05,0.000643492,0.0024112,0.00168816,0.00168956,0.00168987,0.00169472,629.848,0.000475333
13.185,6717660.0,5503110.0,5228570.0,1293020.0,8.48069e-05,0.000646521,0.00241519,0.00168913,0.00169053,0.00169085,0.00169571,629.643,0.0004765
13.19,6717640.0,5507970.0,5233120.0,1293100.0,8.48068e-05,0.000645561,0.00241519,0.00169009,0.00169148,0.0016918,0.00169667,629.019,0.000477667
13.195,6717510.0,5512710.0,5237560.0,1293180.0,8.4806e-05,0.000640591,0.00241119,0.00169103,0.00169242,0.00169273,0.00169761,629.019,0.000478833
13.2,6717450.0,5517500.0,5242040.0,1293260.0,8.48056e-05,0.000638325,0.00240988,0.00169197,0.00169335,0.00169367,0.00169856,630.73,0.00048
13.205,6717710.0,5522490.0,5246720.0,1293350.0,8.48072e-05,0.00064839,0.00242087,0.00169296,0.00169433,0.00169465,0.00169955,630.718,0.000481167
13.21,6717690.0,5527250.0,5251170.0,1293430.0,8.48071e-05,0.000647453,0.00242087,0.0016939,0.00169527,0.00169559,0.00170049,630.681,0.000482333
13.215,6717660.0,5531960.0,5255580.0,1293510.0,8.48069e-05,0.000646284,0.00242064,0.00169482,0.00169619,0.00169651,0.00170142,630.681,0.0004835
13.22,6717630.0,5536670.0,5259980.0,1293590.0,8.48067e-05,0.00064528,0.00242057,0.00169575,0.00169711,0.00169743,0.00170235,630.013,0.000484667
13.225,6717500.0,5541250.0,5264270.0,1293660.0,8.48059e-05,0.000640064,0.00241629,0.00169665,0.00169801,0.00169833,0.00170325,629.418,0.000485833
13.23,6717470.0,5545900.0,5268630.0,1293740.0,8.48057e-05,0.000639149,0.0024163,0.00169757,0.00169892,0.00169924,0.00170417,627.605,0.000487
13.235,6717150.0,5550280.0,5272730.0,1293820.0,8.48037e-05,0.000626579,0.00240467,0.00169843,0.00169977,0.0017001,0.00170503,627.605,0.000488167
13.24,6717020.0,5554810.0,5276960.0,1293890.0,8.48029e-05,0.000621849,0.00240086,0.00169932,0.00170066,0.00170098,0.00170593,631.853,0.000489333
13.245,6717710.0,5559940.0,5281760.0,1293980.0,8.48072e-05,0.000648278,0.00242812,0.00170032,0.00170166,0.00170198,0.00170694,630.976,0.0004905
13.25,6717690.0,5564490.0,5286020.0,1294060.0,8.48071e-05,0.000647385,0.00242812,0.00170122,0.00170255,0.00170287,0.00170783,628.301,0.000491667
13.255,6717220.0,5568660.0,5289920.0,1294130.0,8.48041e-05,0.000629294,0.00241097,0.00170203,0.00170336,0.00170369,0.00170865,628.301,0.000492833
13.26,6717050.0,5573050.0,5294030.0,1294200.0,8.48031e-05,0.000622768,0.00240535,0.00170289,0.00170422,0.00170454,0.00170952,633.097,0.000494
13.265,6717830.0,5578150.0,5298810.0,1294290.0,8.48079e-05,0.000652735,0.00243612,0.00170389,0.00170521,0.00170554,0.00171052,631.456,0.000495167
13.27,6717800.0,5582610.0,5302980.0,1294360.0,8.48078e-05,0.000651862,0.00243612,0.00170477,0.00170608,0.00170641,0.0017114,626.452,0.000496333
13.275,6716940.0,5586370.0,5306500.0,1294420.0,8.48024e-05,0.000618816,0.00240404,0.0017055,0.00170681,0.00170714,0.00171214,626.452,0.0004975
13.28,6716650.0,5590560.0,5310420.0,1294490.0,8.48006e-05,0.000607398,0.00239352,0.00170632,0.00170763,0.00170795,0.00171296,631.043,0.000498667
13.285,6717390.0,5595550.0,5315090.0,1294580.0,8.48052e-05,0.000636072,0.00242297,0.0017073,0.0017086,0.00170892,0.00171394,631.204,0.000499833
13.29,6717370.0,5599910.0,5319170.0,1294650.0,8.48051e-05,0.000635219,0.00242297,0.00170815,0.00170945,0.00170977,0.00171479,631.693,0.000501
13.295,6717430.0,5604300.0,5323290.0,1294720.0,8.48055e-05,0.000637517,0.00242612,0.00170901,0.0017103,0.00171063,0.00171565,631.693,0.000502167
13.3,6717430.0,5608640.0,5327350.0,1294800.0,8.48055e-05,0.000637706,0.00242715,0.00170985,0.00171114,0.00171147,0.0017165,631.486,0.000503333
13.305,6717380.0,5612890.0,5331330.0,1294870.0,8.48051e-05,0.000635538,0.00242583,0.00171068,0.00171197,0.0017123,0.00171734,630.867,0.0005045
13.31,6717360.0,5617160.0,5335320.0,1294940.0,8.4805e-05,0.000634705,0.00242583,0.00171152,0.0017128,0.00171313,0.00171817,628.982,0.000505667
13.315,6717020.0,5621150.0,5339060.0,1295010.0,8.48029e-05,0.000621753,0.00241374,0.00171229,0.00171357,0.0017139,0.00171895,628.982,0.000506833
13.32,6716900.0,5625290.0,5342930.0,1295070.0,8.48021e-05,0.000616953,0.00240978,0.0017131,0.00171437,0.0017147,0.00171976,626.159,0.000508
13.325,6716400.0,5629100.0,5346500.0,1295140.0,8.47991e-05,0.000597981,0.00239168,0.00171384,0.00171511,0.00171544,0.00172051,626.853,0.000509167
13.33,6716380.0,5633280.0,5350410.0,1295210.0,8.47989e-05,0.000597167,0.00239169,0.00171466,0.00171592,0.00171625,0.00172132,628.968,0.000510333
13.335,6716710.0,5637710.0,5354560.0,1295280.0,8.4801e-05,0.000609963,0.00240526,0.00171552,0.00171678,0.00171711,0.00172219,628.968,0.0005115
13.34,6716810.0,5641940.0,5358520.0,1295350.0,8.48016e-05,0.00061362,0.00240972,0.00171634,0.00171759,0.00171793,0.00172302,626.444,0.000512667
13.345,6716370.0,5645710.0,5362040.0,1295410.0,8.47988e-05,0.000596586,0.00239353,0.00171707,0.00171832,0.00171866,0.00172375,627.276,0.000513833
13.35,6716350.0,5649800.0,5365870.0,1295480.0,8.47987e-05,0.000595791,0.00239353,0.00171787,0.00171911,0.00171945,0.00172455,629.815,0.000515
13.355,6716750.0,5654200.0,5369990.0,1295560.0,8.48012e-05,0.000611331,0.00240982,0.00171872,0.00171996,0.0017203,0.00172541,629.815,0.000516167
13.36,6716870.0,5658360.0,5373880.0,1295630.0,8.4802e-05,0.000615901,0.00241517,0.00171953,0.00172077,0.0017211,0.00172622,625.781,0.000517333
13.365,6716170.0,5661830.0,5377130.0,1295680.0,8.47976e-05,0.000589172,0.0023893,0.00172021,0.00172144,0.00172177,0.00172689,627.799,0.0005185
13.37,6716150.0,5665840.0,5380880.0,1295750.0,8.47975e-05,0.000588395,0.0023893,0.00172098,0.00172221,0.00172255,0.00172767,633.952,0.000519667
13.375,6717160.0,5670650.0,5385380.0,1295830.0,8.48038e-05,0.000627198,0.00242877,0.00172191,0.00172314,0.00172347,0.00172861,633.952,0.000520833
13.38,6717480.0,5674880.0,5389350.0,1295900.0,8.48058e-05,0.00063941,0.00244172,0.00172273,0.00172395,0.00172429,0.00172943,630.176,0.000522
13.385,6716830.0,5678310.0,5392550.0,1295960.0,8.48017e-05,0.000614364,0.00241751,0.0017234,0.00172461,0.00172495,0.0017301,630.293,0.000523167
13.39,6716810.0,5682230.0,5396220.0,1296020.0,8.48016e-05,0.000613605,0.00241752,0.00172416,0.00172537,0.00172571,0.00173086,630.65,0.000524333
13.395,6716850.0,5686170.0,5399910.0,1296090.0,8.48018e-05,0.000615145,0.00241981,0.00172492,0.00172613,0.00172647,0.00173163,630.65,0.0005255
13.4,6716850.0,5690070.0,5403560.0,1296150.0,8.48018e-05,0.000615147,0.00242056,0.00172567,0.00172688,0.00172722,0.00173238,628.839,0.000526667
13.405,6716530.0,5693670.0,5406930.0,1296210.0,8.47998e-05,0.000602754,0.00240895,0.00172637,0.00172757,0.00172791,0.00173308,629.427,0.000527833
13.41,6716510.0,5697510.0,5410530.0,1296270.0,8.47997e-05,0.000602011,0.00240896,0.00172711,0.00172831,0.00172865,0.00173383,631.221,0.000529
13.415,6716790.0,5701570.0,5414330.0,1296340.0,8.48015e-05,0.000612807,0.00242046,0.0017279,0.00172909,0.00172943,0.00173462,631.221,0.000530167
13.42,6716870.0,5705450.0,5417960.0,1296400.0,8.4802e-05,0.000615856,0.00242424,0.00172865,0.00172984,0.00173017,0.00173537,627.985,0.000531333
13.425,6716310.0,5708780.0,5421080.0,1296460.0,8.47985e-05,0.000594315,0.00240349,0.00172929,0.00173047,0.00173081,0.00173601,628.977,0.0005325
13.43,6716290.0,5712540.0,5424600.0,1296520.0,8.47983e-05,0.000593589,0.0024035,0.00173002,0.0017312,0.00173154,0.00173674,632.004,0.000533667
13.435,6716780.0,5716690.0,5428480.0,1296590.0,8.48014e-05,0.000612336,0.00242292,0.00173082,0.00173199,0.00173233,0.00173755,632.004,0.000534833
13.44,6716920.0,5720550.0,5432090.0,1296650.0,8.48023e-05,0.000618004,0.00242929,0.00173156,0.00173273,0.00173307,0.00173829,628.307,0.000536
13.445,6716290.0,5723740.0,5435070.0,1296710.0,8.47983e-05,0.000593514,0.00240558,0.00173218,0.00173334,0.00173368,0.00173891,628.41,0.000537167
13.45,6716270.0,5727420.0,5438520.0,1296770.0,8.47982e-05,0.000592804,0.00240558,0.00173289,0.00173405,0.00173439,0.00173962,628.725,0.000538333
13.455,6716300.0,5731120.0,5441980.0,1296830.0,8.47984e-05,0.000594121,0.0024076,0.0017336,0.00173476,0.0017351,0.00174034,628.725,0.0005395
13.46,6716300.0,5734780.0,5445410.0,1296890.0,8.47984e-05,0.000594082,0.00240827,0.0017343,0.00173546,0.0017358,0.00174104,632.93,0.000540667
13.465,6716990.0,5738970.0,5449340.0,1296960.0,8.48027e-05,0.000620433,0.00243525,0.00173511,0.00173626,0.00173661,0.00174185,632.578,0.000541833
13.47,6716970.0,5742580.0,5452710.0,1297010.0,8.48026e-05,0.000619739,0.00243525,0.0017358,0.00173695,0.0017373,0.00174255,631.502,0.000543
13.475,6716770.0,5746020.0,5455930.0,1297070.0,8.48014e-05,0.000612134,0.00242836,0.00173646,0.00173761,0.00173795,0.00174321,631.502,0.000544167
13.48,6716690.0,5749540.0,5459220.0,1297130.0,8.48009e-05,0.000609179,0.0024261,0.00173714,0.00173828,0.00173863,0.00174389,631.391,0.000545333
13.485,6716660.0,5753070.0,5462530.0,1297190.0,8.48006e-05,0.000607783,0.0024254,0.00173782,0.00173896,0.0017393,0.00174457,631.356,0.0005465
13.49,6716640.0,5756600.0,5465840.0,1297240.0,8.48005e-05,0.000607104,0.0024254,0.0017385,0.00173963,0.00173998,0.00174526,631.247,0.000547667
13.495,6716600.0,5760100.0,5469110.0,1297300.0,8.48003e-05,0.00060573,0.00242471,0.00173917,0.0017403,0.00174064,0.00174593,631.247,0.000548833
13.5,6716580.0,5763590.0,5472380.0,1297360.0,8.48002e-05,0.000604828,0.00242448,0.00173984,0.00174097,0.00174131,0.0017466,635.34,0.00055
13.505,6717250.0,5767630.0,5476160.0,1297420.0,8.48043e-05,0.000630487,0.00245074,0.00174061,0.00174174,0.00174208,0.00174738,633.526,0.000551167
13.51,6717230.0,5771090.0,5479400.0,1297480.0,8.48042e-05,0.000629823,0.00245075,0.00174128,0.0017424,0.00174274,0.00174805,627.996,0.000552333
13.515,6716290.0,5773770.0,5481900.0,1297530.0,8.47983e-05,0.000593596,0.00241528,0.00174179,0.00174291,0.00174325,0.00174856,627.996,0.0005535
13.52,6715970.0,5776940.0,5484870.0,1297580.0,8.47963e-05,0.000581273,0.00240365,0.0017424,0.00174351,0.00174386,0.00174917,629.68,0.000554667
13.525,6716230.0,5780580.0,5488280.0,1297640.0,8.4798e-05,0.000591452,0.00241445,0.0017431,0.0017442,0.00174455,0.00174987,628.887,0.000555833
13.53,6716220.0,5783970.0,5491450.0,1297690.0,8.47979e-05,0.000590802,0.00241446,0.00174375,0.00174485,0.0017452,0.00175052,626.468,0.000557
13.535,6715790.0,5787000.0,5494290.0,1297740.0,8.47953e-05,0.000574604,0.00239895,0.00174433,0.00174543,0.00174578,0.00175111,626.468,0.000558167
13.54,6715650.0,5790250.0,5497330.0,1297790.0,8.47943e-05,0.000568861,0.00239387,0.00174495,0.00174605,0.00174639,0.00175173,628.613,0.000559333
13.545,6715990.0,5793880.0,5500730.0,1297850.0,8.47965e-05,0.000582013,0.00240762,0.00174564,0.00174674,0.00174709,0.00175243,628.306,0.0005605
13.55,6715970.0,5797210.0,5503840.0,1297910.0,8.47964e-05,0.000581377,0.00240763,0.00174628,0.00174737,0.00174772,0.00175307,627.373,0.000561667
13.555,6715800.0,5800380.0,5506810.0,1297960.0,8.47953e-05,0.000574741,0.00240164,0.00174689,0.00174797,0.00174832,0.00175367,627.373,0.000562833
13.56,6715730.0,5803620.0,5509840.0,1298010.0,8.47949e-05,0.000572142,0.00239968,0.00174751,0.00174859,0.00174894,0.0017543,627.517,0.000564
13.565,6715740.0,5806910.0,5512920.0,1298070.0,8.47949e-05,0.000572448,0.00240061,0.00174813,0.00174921,0.00174956,0.00175493,627.748,0.000565167
13.57,6715720.0,5810170.0,5515970.0,1298120.0,8.47948e-05,0.000571826,0.00240062,0.00174876,0.00174983,0.00175018,0.00175555,628.452,0.000566333
13.575,6715820.0,5813500.0,5519090.0,1298170.0,8.47955e-05,0.000575734,0.00240514,0.00174939,0.00175046,0.00175082,0.00175619,628.452,0.0005675
13.58,6715850.0,5816760.0,5522140.0,1298230.0,8.47956e-05,0.000576604,0.00240662,0.00175001,0.00175108,0.00175143,0.00175681,629.897,0.000568667
13.585,6716070.0,5820160.0,5525320.0,1298280.0,8.4797e-05,0.000585287,0.0024159,0.00175066,0.00175173,0.00175208,0.00175747,629.475,0.000569833
13.59,6716060.0,5823350.0,5528310.0,1298330.0,8.47969e-05,0.000584678,0.0024159,0.00175127,0.00175233,0.00175269,0.00175808,628.186,0.000571
13.595,6715830.0,5826340.0,5531110.0,1298380.0,8.47955e-05,0.000575785,0.00240764,0.00175184,0.0017529,0.00175325,0.00175865,628.186,0.000572167
13.6,6715740.0,5829440.0,5534010.0,1298430.0,8.47949e-05,0.000572463,0.00240493,0.00175243,0.00175349,0.00175384,0.00175924,627.747,0.000573333
13.605,6715650.0,5832520.0,5536890.0,1298480.0,8.47944e-05,0.000569042,0.00240212,0.00175302,0.00175407,0.00175442,0.00175983,627.536,0.0005745
13.61,6715630.0,5835650.0,5539820.0,1298530.0,8.47943e-05,0.000568446,0.00240212,0.00175362,0.00175466,0.00175502,0.00176043,626.895,0.000575667
13.615,6715510.0,5838670.0,5542640.0,1298580.0,8.47935e-05,0.000563728,0.00239801,0.00175419,0.00175523,0.00175559,0.00176101,626.895,0.000576833
13.62,6715460.0,5841730.0,5545510.0,1298630.0,8.47932e-05,0.000561785,0.00239666,0.00175477,0.00175582,0.00175617,0.00176159,632.695,0.000578
13.625,6716420.0,5845630.0,5549160.0,1298690.0,8.47991e-05,0.000598504,0.00243387,0.00175551,0.00175655,0.00175691,0.00176233,630.963,0.000579167
13.63,6716400.0,5848690.0,5552030.0,1298740.0,8.4799e-05,0.000597921,0.00243388,0.0017561,0.00175713,0.00175749,0.00176292,625.681,0.000580333
13.635,6715500.0,5851000.0,5554180.0,1298780.0,8.47934e-05,0.000563374,0.0024,0.00175654,0.00175757,0.00175792,0.00176336,625.681,0.0005815
13.64,6715200.0,5853790.0,5556800.0,1298830.0,8.47915e-05,0.000551656,0.00238889,0.00175707,0.00175809,0.00175845,0.00176389,631.054,0.000582667
13.645,6716080.0,5857560.0,5560330.0,1298900.0,8.47971e-05,0.000585634,0.00242336,0.00175778,0.00175881,0.00175916,0.00176461,630.049,0.000583833
13.65,6716070.0,5860570.0,5563150.0,1298960.0,8.4797e-05,0.000585064,0.00242336,0.00175835,0.00175937,0.00175973,0.00176518,626.986,0.000585
13.655,6715540.0,5863130.0,5565540.0,1299010.0,8.47937e-05,0.000564801,0.00240372,0.00175883,0.00175985,0.00176021,0.00176567,626.986,0.000586167
13.66,6715360.0,5865960.0,5568190.0,1299070.0,8.47925e-05,0.000557777,0.00239728,0.00175937,0.00176038,0.00176074,0.0017662,628.241,0.000587333
13.665,6715550.0,5869100.0,5571130.0,1299140.0,8.47938e-05,0.000565288,0.00240533,0.00175996,0.00176097,0.00176133,0.0017668,627.443,0.0005885
13.67,6715540.0,5872050.0,5573900.0,1299220.0,8.47937e-05,0.000564732,0.00240533,0.00176052,0.00176152,0.00176188,0.00176735,625.01,0.000589667
13.675,6715120.0,5874640.0,5576320.0,1299290.0,8.4791e-05,0.000548539,0.00238973,0.001761,0.00176201,0.00176236,0.00176784,625.01,0.000590833
13.68,6714970.0,5877450.0,5578950.0,1299370.0,8.47901e-05,0.00054286,0.00238462,0.00176153,0.00176253,0.00176289,0.00176837,627.097,0.000592
13.685,6715300.0,5880650.0,5581960.0,1299480.0,8.47922e-05,0.000555737,0.00239801,0.00176212,0.00176312,0.00176348,0.00176897,627.429,0.000593167
13.69,6715290.0,5883550.0,5584680.0,1299600.0,8.47921e-05,0.000555201,0.00239801,0.00176266,0.00176365,0.00176401,0.0017695,628.444,0.000594333
13.695,6715450.0,5886590.0,5587520.0,1299780.0,8.47931e-05,0.000561203,0.00240452,0.00176321,0.0017642,0.00176456,0.00177006,628.444,0.0005955
13.7,6715490.0,5889520.0,5590270.0,1299950.0,8.47934e-05,0.000562823,0.00240666,0.00176374,0.00176473,0.00176509,0.00177059,630.352,0.000596667
13.705,6715790.0,5892650.0,5593220.0,1300150.0,8.47953e-05,0.000574575,0.0024189,0.0017643,0.00176529,0.00176565,0.00177116,629.915,0.000597833
13.71,6715780.0,5895510.0,5595900.0,1300320.0,8.47952e-05,0.00057406,0.0024189,0.00176482,0.0017658,0.00176616,0.00177167,628.584,0.000599
13.715,6715540.0,5898150.0,5598380.0,1300490.0,8.47937e-05,0.000564986,0.00241037,0.0017653,0.00176628,0.00176664,0.00177215,628.584,0.000600167
13.72,6715460.0,5900910.0,5600970.0,1300660.0,8.47932e-05,0.000561668,0.00240757,0.0017658,0.00176677,0.00176713,0.00177265,627.184,0.000601333
13.725,6715210.0,5903520.0,5603420.0,1300820.0,8.47916e-05,0.000552156,0.00239859,0.00176627,0.00176724,0.0017676,0.00177312,628.011,0.0006025
13.73,6715200.0,5906320.0,5606050.0,1300990.0,8.47915e-05,0.000551651,0.0023986,0.00176677,0.00176774,0.0017681,0.00177363,630.534,0.000603667
13.735,6715610.0,5909460.0,5609000.0,1301180.0,8.47941e-05,0.000567376,0.00241478,0.00176734,0.0017683,0.00176867,0.0017742,630.534,0.000604833
13.74,6715730.0,5912350.0,5611710.0,1301360.0,8.47949e-05,0.000572199,0.00242009,0.00176786,0.00176882,0.00176918,0.00177472,629.857,0.000606
13.745,6715610.0,5915000.0,5614200.0,1301520.0,8.47941e-05,0.000567349,0.00241575,0.00176834,0.0017693,0.00176966,0.0017752,629.739,0.000607167
13.75,6715590.0,5917750.0,5616780.0,1301690.0,8.4794e-05,0.000566854,0.00241576,0.00176883,0.00176979,0.00177015,0.0017757,629.379,0.000608333
13.755,6715520.0,5920420.0,5619290.0,1301860.0,8.47936e-05,0.000564048,0.00241345,0.00176931,0.00177027,0.00177063,0.00177618,629.379,0.0006095
13.76,6715490.0,5923120.0,5621820.0,1302020.0,8.47934e-05,0.000562799,0.0024127,0.0017698,0.00177075,0.00177111,0.00177667,626.336,0.000610667
13.765,6714970.0,5925380.0,5623940.0,1302160.0,8.47901e-05,0.00054274,0.00239318,0.00177021,0.00177115,0.00177152,0.00177708,627.605,0.000611833
13.77,6714950.0,5928070.0,5626470.0,1302330.0,8.479e-05,0.000542256,0.00239318,0.00177069,0.00177164,0.001772,0.00177756,631.476,0.000613
13.775,6715590.0,5931300.0,5629500.0,1302530.0,8.4794e-05,0.000566667,0.00241801,0.00177127,0.00177221,0.00177258,0.00177815,631.476,0.000614167
13.78,6715790.0,5934150.0,5632180.0,1302700.0,8.47952e-05,0.000574352,0.00242615,0.00177178,0.00177272,0.00177309,0.00177866,628.382,0.000615333
13.785,6715260.0,5936350.0,5634240.0,1302840.0,8.47919e-05,0.00055398,0.00240632,0.00177218,0.00177312,0.00177348,0.00177906,628.374,0.0006165
13.79,6715250.0,5938990.0,5636720.0,1303000.0,8.47918e-05,0.000553505,0.00240632,0.00177265,0.00177359,0.00177395,0.00177953,628.351,0.000617667
13.795,6715230.0,5941610.0,5639180.0,1303160.0,8.47917e-05,0.000552882,0.00240617,0.00177312,0.00177406,0.00177442,0.00178,628.351,0.000618833
13.8,6715220.0,5944220.0,5641630.0,1303320.0,8.47917e-05,0.000552363,0.00240612,0.00177359,0.00177452,0.00177489,0.00178048,626.252,0.00062
13.805,6714850.0,5946510.0,5643780.0,1303460.0,8.47894e-05,0.000538395,0.00239266,0.00177401,0.00177493,0.0017753,0.00178089,627.182,0.000621167
13.81,6714840.0,5949100.0,5646210.0,1303620.0,8.47893e-05,0.00053793,0.00239267,0.00177447,0.00177539,0.00177576,0.00178136,630.017,0.000622333
13.815,6715300.0,5952080.0,5649010.0,1303800.0,8.47922e-05,0.000555703,0.00241085,0.00177501,0.00177592,0.00177629,0.00178189,630.017,0.0006235
13.82,6715450.0,5954780.0,5651550.0,1303970.0,8.47931e-05,0.000561223,0.00241682,0.00177549,0.00177641,0.00177677,0.00178238,629.19,0.000624667
13.825,6715300.0,5957210.0,5653830.0,1304120.0,8.47922e-05,0.000555446,0.00241152,0.00177592,0.00177684,0.00177721,0.00178282,628.328,0.000625833
13.83,6715280.0,5959740.0,5656210.0,1304280.0,8.47921e-05,0.000554991,0.00241152,0.00177638,0.00177729,0.00177766,0.00178327,625.703,0.000627
13.835,6714830.0,5961890.0,5658220.0,1304410.0,8.47893e-05,0.00053765,0.00239468,0.00177676,0.00177767,0.00177804,0.00178366,625.703,0.000628167
13.84,6714680.0,5964280.0,5660460.0,1304550.0,8.47883e-05,0.00053166,0.00238916,0.00177719,0.0017781,0.00177847,0.00178409,627.088,0.000629333
13.845,6714900.0,5966980.0,5663000.0,1304720.0,8.47897e-05,0.000540124,0.00239805,0.00177768,0.00177858,0.00177895,0.00178457,627.937,0.0006305
13.85,6714890.0,5969470.0,5665340.0,1304870.0,8.47896e-05,0.000539677,0.00239806,0.00177812,0.00177902,0.00177939,0.00178502,630.526,0.000631667
13.855,6715310.0,5972320.0,5668010.0,1305050.0,8.47922e-05,0.000555884,0.00241466,0.00177863,0.00177953,0.0017799,0.00178553,630.526,0.000632833
13.86,6715440.0,5974910.0,5670450.0,1305210.0,8.4793e-05,0.000560904,0.00242011,0.0017791,0.00177999,0.00178036,0.001786,630.339,0.000634
13.865,6715400.0,5977330.0,5672720.0,1305360.0,8.47928e-05,0.000559262,0.00241892,0.00177953,0.00178042,0.00178079,0.00178643,630.33,0.000635167
13.87,6715380.0,5979780.0,5675020.0,1305510.0,8.47927e-05,0.000558824,0.00241892,0.00177997,0.00178086,0.00178123,0.00178687,630.304,0.000636333
13.875,6715370.0,5982200.0,5677290.0,1305660.0,8.47926e-05,0.000558216,0.00241875,0.0017804,0.00178129,0.00178166,0.00178731,630.304,0.0006375
13.88,6715360.0,5984620.0,5679560.0,1305810.0,8.47925e-05,0.000557726,0.00241869,0.00178084,0.00178172,0.00178209,0.00178774,628.453,0.000638667
13.885,6715040.0,5986760.0,5681570.0,1305940.0,8.47905e-05,0.000545392,0.00240683,0.00178122,0.0017821,0.00178247,0.00178813,628.404,0.000639833
13.89,6715020.0,5989150.0,5683820.0,1306090.0,8.47905e-05,0.000544963,0.00240683,0.00178165,0.00178253,0.0017829,0.00178856,628.257,0.000641
13.895,6714990.0,5991510.0,5686040.0,1306230.0,8.47902e-05,0.000543591,0.00240589,0.00178207,0.00178295,0.00178332,0.00178898,628.257,0.000642167
13.9,6714970.0,5993880.0,5688260.0,1306380.0,8.47901e-05,0.000542856,0.00240558,0.00178249,0.00178337,0.00178374,0.00178941,629.438,0.000643333
13.905,6715160.0,5996420.0,5690640.0,1306530.0,8.47913e-05,0.000550025,0.00241316,0.00178295,0.00178382,0.00178419,0.00178986,628.65,0.0006445
13.91,6715140.0,5998770.0,5692850.0,1306680.0,8.47912e-05,0.000549605,0.00241316,0.00178337,0.00178423,0.00178461,0.00179028,626.247,0.000645667
13.915,6714730.0,6000760.0,5694710.0,1306800.0,8.47886e-05,0.000533734,0.00239775,0.00178372,0.00178459,0.00178496,0.00179064,626.247,0.000646833
13.92,6714590.0,6002970.0,5696790.0,1306940.0,8.47878e-05,0.000528249,0.0023927,0.00178412,0.00178498,0.00178535,0.00179103,630.138,0.000648
13.925,6715230.0,6005860.0,5699500.0,1307110.0,8.47917e-05,0.000552859,0.00241766,0.00178463,0.00178549,0.00178586,0.00179155,630.161,0.000649167
13.93,6715220.0,6008170.0,5701670.0,1307260.0,8.47917e-05,0.000552447,0.00241766,0.00178504,0.0017859,0.00178627,0.00179197,630.23,0.000650333
13.935,6715220.0,6010470.0,5703840.0,1307400.0,8.47917e-05,0.000552484,0.00241811,0.00178546,0.00178631,0.00178668,0.00179238,630.23,0.0006515
13.94,6715210.0,6012760.0,5705990.0,1307540.0,8.47916e-05,0.000552223,0.00241826,0.00178587,0.00178672,0.00178709,0.00179279,626.627,0.000652667
13.945,6714600.0,6014510.0,5707630.0,1307650.0,8.47878e-05,0.000528644,0.00239515,0.00178618,0.00178703,0.0017874,0.0017931,626.48,0.000653833
13.95,6714590.0,6016770.0,5709750.0,1307780.0,8.47878e-05,0.00052824,0.00239515,0.00178658,0.00178743,0.0017878,0.00179351,626.032,0.000655
13.955,6714500.0,6018960.0,5711810.0,1307920.0,8.47872e-05,0.000524956,0.00239228,0.00178697,0.00178782,0.00178819,0.0017939,626.032,0.000656167
13.96,6714470.0,6021180.0,5713890.0,1308060.0,8.4787e-05,0.00052361,0.00239134,0.00178737,0.00178821,0.00178858,0.0017943,628.917,0.000657333
13.965,6714940.0,6023840.0,5716390.0,1308220.0,8.47899e-05,0.000541767,0.00240985,0.00178784,0.00178868,0.00178905,0.00179477,628.192,0.0006585
13.97,6714930.0,6026060.0,5718480.0,1308360.0,8.47899e-05,0.000541371,0.00240985,0.00178824,0.00178907,0.00178945,0.00179517,625.98,0.000659667
13.975,6714550.0,6027950.0,5720250.0,1308470.0,8.47875e-05,0.00052675,0.00239567,0.00178857,0.00178941,0.00178978,0.00179551,625.98,0.000660833
13.98,6714420.0,6030050.0,5722220.0,1308600.0,8.47867e-05,0.000521691,0.00239101,0.00178895,0.00178978,0.00179015,0.00179588,628.668,0.000662
13.985,6714860.0,6032630.0,5724650.0,1308760.0,8.47894e-05,0.000538589,0.00240826,0.00178941,0.00179024,0.00179061,0.00179634,629.46,0.000663167
13.99,6714850.0,6034820.0,5726700.0,1308900.0,8.47894e-05,0.0005382,0.00240826,0.0017898,0.00179062,0.001791,0.00179673,631.873,0.000664333
13.995,6715240.0,6037340.0,5729070.0,1309050.0,8.47918e-05,0.000553337,0.00242375,0.00179025,0.00179107,0.00179145,0.00179718,631.873,0.0006655
14.0,6715360.0,6039630.0,5731210.0,1309190.0,8.47926e-05,0.000558044,0.00242883,0.00179065,0.00179147,0.00179185,0.00179759,628.139,0.000666667
14.005,6714730.0,6041230.0,5732710.0,1309290.0,8.47886e-05,0.000533643,0.00240488,0.00179094,0.00179176,0.00179213,0.00179788,627.937,0.000667833
14.01,6714720.0,6043370.0,5734730.0,1309420.0,8.47886e-05,0.000533262,0.00240488,0.00179132,0.00179213,0.00179251,0.00179826,627.323,0.000669
14.015,6714610.0,6045410.0,5736640.0,1309550.0,8.47879e-05,0.000528932,0.00240094,0.00179168,0.0017925,0.00179287,0.00179862,627.323,0.000670167
14.02,6714560.0,6047510.0,5738610.0,1309680.0,8.47876e-05,0.000527259,0.00239965,0.00179205,0.00179287,0.00179324,0.001799,626.771,0.000671333
14.025,6714460.0,6049540.0,5740510.0,1309800.0,8.4787e-05,0.000523333,0.00239611,0.00179242,0.00179322,0.0017936,0.00179936,627.263,0.0006725
14.03,6714450.0,6051640.0,5742490.0,1309930.0,8.47869e-05,0.000522958,0.00239612,0.00179279,0.0017936,0.00179397,0.00179973,628.761,0.000673667
14.035,6714690.0,6053950.0,5744660.0,1310070.0,8.47884e-05,0.000532225,0.00240573,0.0017932,0.001794,0.00179438,0.00180015,628.761,0.000674833
14.04,6714770.0,6056110.0,5746690.0,1310210.0,8.47888e-05,0.000535016,0.00240889,0.00179358,0.00179439,0.00179476,0.00180053,630.14,0.000676
14.045,6714990.0,6058390.0,5748830.0,1310350.0,8.47902e-05,0.00054351,0.00241773,0.00179399,0.00179479,0.00179517,0.00180094,630.371,0.000677167
14.05,6714980.0,6060460.0,5750770.0,1310470.0,8.47902e-05,0.000543143,0.00241773,0.00179436,0.00179515,0.00179553,0.00180131,631.075,0.000678333
14.055,6715090.0,6062620.0,5752800.0,1310610.0,8.47908e-05,0.000547306,0.00242225,0.00179474,0.00179553,0.00179591,0.00180169,631.075,0.0006795
14.06,6715110.0,6064700.0,5754750.0,1310730.0,8.4791e-05,0.000548428,0.00242373,0.00179511,0.0017959,0.00179628,0.00180206,629.797,0.000680667
14.065,6714890.0,6066550.0,5756490.0,1310850.0,8.47896e-05,0.000539849,0.00241554,0.00179544,0.00179623,0.00179661,0.00180239,630.384,0.000681833
14.07,6714880.0,6068580.0,5758390.0,1310970.0,8.47896e-05,0.000539489,0.00241554,0.0017958,0.00179658,0.00179696,0.00180275,632.174,0.000683
14.075,6715170.0,6070860.0,5760540.0,1311110.0,8.47914e-05,0.000550641,0.00242702,0.0017962,0.00179699,0.00179737,0.00180316,632.174,0.000684167
14.08,6715260.0,6072960.0,5762510.0,1311240.0,8.47919e-05,0.000554059,0.00243079,0.00179657,0.00179736,0.00179774,0.00180353,626.963,0.000685333
14.085,6714380.0,6074190.0,5763660.0,1311320.0,8.47864e-05,0.000520194,0.00239737,0.00179679,0.00179757,0.00179795,0.00180375,627.311,0.0006865
14.09,6714370.0,6076180.0,5765530.0,1311440.0,8.47864e-05,0.000519841,0.00239738,0.00179715,0.00179792,0.0017983,0.00180411,628.372,0.000687667
14.095,6714540.0,6078320.0,5767540.0,1311570.0,8.47874e-05,0.000526311,0.00240418,0.00179753,0.0017983,0.00179868,0.00180449,628.372,0.000688833
14.1,6714590.0,6080350.0,5769440.0,1311700.0,8.47877e-05,0.000528198,0.00240642,0.00179788,0.00179866,0.00179904,0.00180485,628.695,0.00069
14.105,6714630.0,6082360.0,5771330.0,1311820.0,8.4788e-05,0.000529928,0.00240849,0.00179824,0.00179901,0.00179939,0.0018052,628.939,0.000691167
14.11,6714620.0,6084320.0,5773170.0,1311940.0,8.4788e-05,0.000529581,0.00240849,0.00179859,0.00179936,0.00179974,0.00180555,629.684,0.000692333
14.115,6714740.0,6086380.0,5775100.0,1312070.0,8.47887e-05,0.000534024,0.00241327,0.00179895,0.00179972,0.0018001,0.00180592,629.684,0.0006935
14.12,6714770.0,6088350.0,5776960.0,1312190.0,8.47889e-05,0.00053525,0.00241484,0.0017993,0.00180007,0.00180045,0.00180627,628.84,0.000694667
14.125,6714620.0,6090160.0,5778650.0,1312300.0,8.4788e-05,0.000529481,0.00240943,0.00179962,0.00180039,0.00180077,0.00180659,629.783,0.000695833
14.13,6714610.0,6092080.0,5780460.0,1312420.0,8.47879e-05,0.00052914,0.00240943,0.00179996,0.00180072,0.00180111,0.00180693,632.659,0.000697
14.135,6715080.0,6094420.0,5782660.0,1312560.0,8.47908e-05,0.000547299,0.00242788,0.00180038,0.00180114,0.00180152,0.00180735,632.659,0.000698167
14.14,6715230.0,6096470.0,5784580.0,1312690.0,8.47918e-05,0.000553029,0.00243393,0.00180074,0.0018015,0.00180188,0.00180771,626.351,0.000699333
14.145,6714170.0,6097420.0,5785480.0,1312750.0,8.47851e-05,0.00051212,0.00239347,0.00180091,0.00180166,0.00180205,0.00180788,627.04,0.0007005
14.15,6714160.0,6099310.0,5787250.0,1312860.0,8.47851e-05,0.000511785,0.00239347,0.00180124,0.001802,0.00180238,0.00180822,629.143,0.000701667
14.155,6714500.0,6101510.0,5789310.0,1313000.0,8.47872e-05,0.000524978,0.00240696,0.00180163,0.00180238,0.00180276,0.00180861,629.143,0.000702833
14.16,6714610.0,6103480.0,5791160.0,1313120.0,8.47879e-05,0.000529083,0.00241139,0.00180198,0.00180273,0.00180311,0.00180896,628.741,0.000704
14.165,6714540.0,6105280.0,5792860.0,1313230.0,8.47874e-05,0.000526167,0.00240881,0.0018023,0.00180304,0.00180343,0.00180928,629.081,0.000705167
14.17,6714530.0,6107140.0,5794600.0,1313350.0,8.47874e-05,0.000525838,0.00240881,0.00180263,0.00180337,0.00180375,0.00180961,630.115,0.000706333
14.175,6714690.0,6109140.0,5796480.0,1313470.0,8.47884e-05,0.000532165,0.00241545,0.00180298,0.00180372,0.00180411,0.00180996,630.115,0.0007075
14.18,6714740.0,6111030.0,5798250.0,1313590.0,8.47887e-05,0.000534022,0.00241763,0.00180331,0.00180405,0.00180444,0.0018103,623.916,0.000708667
14.185,6713690.0,6111930.0,5799100.0,1313640.0,8.47822e-05,0.000493833,0.00237787,0.00180348,0.00180421,0.0018046,0.00181046,624.622,0.000709833
14.19,6713690.0,6113760.0,5800810.0,1313750.0,8.47821e-05,0.00049351,0.00237787,0.0018038,0.00180453,0.00180492,0.00181078,626.772,0.000711
14.195,6714040.0,6115890.0,5802820.0,1313880.0,8.47843e-05,0.000507018,0.00239167,0.00180417,0.00180491,0.00180529,0.00181116,626.772,0.000712167
14.2,6714150.0,6117810.0,5804610.0,1314000.0,8.4785e-05,0.000511235,0.00239619,0.00180451,0.00180524,0.00180563,0.0018115,628.176,0.000713333
14.205,6714370.0,6119810.0,5806500.0,1314130.0,8.47864e-05,0.000519945,0.0024052,0.00180487,0.00180559,0.00180598,0.00181185,627.865,0.0007145
14.21,6714370.0,6121610.0,5808180.0,1314240.0,8.47864e-05,0.000519629,0.0024052,0.00180518,0.00180591,0.00180629,0.00181217,626.92,0.000715667
14.215,6714200.0,6123250.0,5809720.0,1314340.0,8.47853e-05,0.000513234,0.00239914,0.00180547,0.0018062,0.00180658,0.00181246,626.92,0.000716833
14.22,6714140.0,6124980.0,5811350.0,1314440.0,8.47849e-05,0.000510926,0.00239715,0.00180578,0.0018065,0.00180689,0.00181277,631.678,0.000718
14.225,6714930.0,6127460.0,5813680.0,1314600.0,8.47899e-05,0.000541216,0.00242767,0.00180622,0.00180694,0.00180732,0.00181321,630.091,0.000719167
14.23,6714920.0,6129220.0,5815330.0,1314700.0,8.47898e-05,0.000540905,0.00242768,0.00180653,0.00180724,0.00180763,0.00181352,625.25,0.000720333
14.235,6714100.0,6130240.0,5816290.0,1314770.0,8.47847e-05,0.000509467,0.00239663,0.00180671,0.00180742,0.00180781,0.0018137,625.25,0.0007215
14.24,6713830.0,6131750.0,5817710.0,1314860.0,8.4783e-05,0.000498949,0.00238645,0.00180697,0.00180769,0.00180807,0.00181397,625.886,0.000722667
14.245,6713930.0,6133580.0,5819430.0,1314970.0,8.47836e-05,0.000502732,0.00239053,0.0018073,0.00180801,0.00180839,0.00181429,626.163,0.000723833
14.25,6713920.0,6135320.0,5821050.0,1315080.0,8.47836e-05,0.000502426,0.00239053,0.0018076,0.00180831,0.0018087,0.0018146,627.006,0.000725
14.255,6714050.0,6137160.0,5822790.0,1315190.0,8.47844e-05,0.000507543,0.00239594,0.00180793,0.00180864,0.00180902,0.00181492,627.006,0.000726167
14.26,6714090.0,6138920.0,5824440.0,1315300.0,8.47846e-05,0.000509018,0.00239772,0.00180824,0.00180894,0.00180933,0.00181523,626.296,0.000727333
14.265,6713960.0,6140520.0,5825940.0,1315400.0,8.47838e-05,0.000504154,0.00239317,0.00180852,0.00180922,0.00180961,0.00181552,626.9,0.0007285
14.27,6713960.0,6142220.0,5827540.0,1315500.0,8.47838e-05,0.000503854,0.00239317,0.00180882,0.00180952,0.00180991,0.00181582,628.742,0.000729667
14.275,6714260.0,6144190.0,5829390.0,1315630.0,8.47857e-05,0.000515404,0.00240499,0.00180917,0.00180987,0.00181025,0.00181616,628.742,0.000730833
14.28,6714350.0,6145970.0,5831060.0,1315740.0,8.47863e-05,0.000518993,0.00240887,0.00180948,0.00181018,0.00181056,0.00181648,628.434,0.000732
14.285,6714290.0,6147600.0,5832590.0,1315840.0,8.47859e-05,0.000516713,0.00240689,0.00180977,0.00181046,0.00181085,0.00181677,629.114,0.000733167
14.29,6714280.0,6149270.0,5834160.0,1315940.0,8.47858e-05,0.000516419,0.00240689,0.00181006,0.00181075,0.00181114,0.00181706,631.189,0.000734333
14.295,6714620.0,6151250.0,5836010.0,1316060.0,8.47879e-05,0.000529467,0.0024202,0.00181041,0.0018111,0.00181149,0.00181741,631.189,0.0007355
14.3,6714730.0,6153010.0,5837670.0,1316170.0,8.47886e-05,0.000533551,0.00242456,0.00181072,0.00181141,0.0018118,0.00181772,632.571,0.000736667
14.305,6714950.0,6154870.0,5839410.0,1316280.0,8.479e-05,0.000542152,0.00243343,0.00181104,0.00181173,0.00181212,0.00181805,630.775,0.000737833
14.31,6714940.0,6156510.0,5840950.0,1316380.0,8.479e-05,0.000541863,0.00243344,0.00181133,0.00181202,0.00181241,0.00181834,625.297,0.000739
14.315,6714020.0,6157320.0,5841710.0,1316430.0,8.47842e-05,0.000506345,0.0023983,0.00181148,0.00181216,0.00181255,0.00181848,625.297,0.000740167
14.32,6713710.0,6158680.0,5842990.0,1316520.0,8.47823e-05,0.000494502,0.00238678,0.00181172,0.0018124,0.00181279,0.00181872,628.134,0.000741333
14.325,6714180.0,6160730.0,5844910.0,1316640.0,8.47852e-05,0.000512467,0.00240498,0.00181208,0.00181276,0.00181315,0.00181908,627.836,0.0007425
14.33,6714170.0,6162340.0,5846430.0,1316740.0,8.47851e-05,0.000512182,0.00240498,0.00181236,0.00181304,0.00181343,0.00181937,626.925,0.000743667
14.335,6714010.0,6163810.0,5847810.0,1316830.0,8.47842e-05,0.000506044,0.00239914,0.00181262,0.0018133,0.00181368,0.00181963,626.925,0.000744833
14.34,6713950.0,6165370.0,5849270.0,1316930.0,8.47838e-05,0.000503842,0.00239723,0.00181289,0.00181357,0.00181396,0.0018199,632.321,0.000746
14.345,6714850.0,6167780.0,5851530.0,1317080.0,8.47894e-05,0.000538264,0.00243184,0.00181332,0.00181399,0.00181438,0.00182033,630.972,0.000747167
14.35,6714840.0,6169370.0,5853030.0,1317180.0,8.47893e-05,0.000537984,0.00243184,0.00181359,0.00181427,0.00181466,0.00182061,626.86,0.000748333
14.355,6714150.0,6170330.0,5853930.0,1317230.0,8.4785e-05,0.000511259,0.00240547,0.00181376,0.00181443,0.00181482,0.00182078,626.86,0.0007495
14.36,6713920.0,6171700.0,5855210.0,1317320.0,8.47835e-05,0.000502307,0.00239682,0.001814,0.00181467,0.00181506,0.00182102,628.127,0.000750667
14.365,6714120.0,6173460.0,5856870.0,1317430.0,8.47848e-05,0.000510184,0.00240495,0.00181431,0.00181498,0.00181537,0.00182133,628.621,0.000751833
14.37,6714110.0,6175020.0,5858330.0,1317520.0,8.47848e-05,0.00050991,0.00240495,0.00181459,0.00181525,0.00181564,0.00182161,630.126,0.000753
14.375,6714360.0,6176800.0,5860010.0,1317630.0,8.47863e-05,0.000519315,0.00241461,0.0018149,0.00181556,0.00181595,0.00182192,630.126,0.000754167
14.38,6714430.0,6178430.0,5861530.0,1317730.0,8.47868e-05,0.000522217,0.00241778,0.00181519,0.00181585,0.00181624,0.00182221,629.163,0.000755333
14.385,6714260.0,6179820.0,5862840.0,1317820.0,8.47857e-05,0.000515754,0.0024116,0.00181543,0.00181609,0.00181648,0.00182245,629.493,0.0007565
14.39,6714260.0,6181360.0,5864280.0,1317910.0,8.47857e-05,0.000515484,0.0024116,0.0018157,0.00181636,0.00181675,0.00182272,630.499,0.000757667
14.395,6714420.0,6183040.0,5865860.0,1318020.0,8.47867e-05,0.000521684,0.00241806,0.001816,0.00181665,0.00181704,0.00182302,630.499,0.000758833
14.4,6714470.0,6184610.0,5867340.0,1318110.0,8.4787e-05,0.000523539,0.00242017,0.00181627,0.00181692,0.00181732,0.00182329,631.808,0.00076
14.405,6714680.0,6186330.0,5868950.0,1318220.0,8.47883e-05,0.00053169,0.00242857,0.00181657,0.00181722,0.00181762,0.0018236,630.772,0.000761167
14.41,6714670.0,6187840.0,5870370.0,1318310.0,8.47883e-05,0.000531424,0.00242857,0.00181684,0.00181749,0.00181788,0.00182386,627.614,0.000762333
14.415,6714140.0,6188860.0,5871330.0,1318380.0,8.47849e-05,0.000510854,0.00240832,0.00181702,0.00181766,0.00181806,0.00182404,627.614,0.0007635
14.42,6713960.0,6190200.0,5872590.0,1318460.0,8.47838e-05,0.000503931,0.00240168,0.00181725,0.0018179,0.00181829,0.00182428,624.432,0.000764667
14.425,6713420.0,6191210.0,5873530.0,1318520.0,8.47804e-05,0.000483206,0.00238127,0.00181743,0.00181807,0.00181847,0.00182446,625.274,0.000765833
14.43,6713410.0,6192700.0,5874930.0,1318610.0,8.47804e-05,0.000482946,0.00238127,0.00181769,0.00181833,0.00181873,0.00182472,627.839,0.000767
14.435,6713830.0,6194560.0,5876680.0,1318730.0,8.4783e-05,0.000499182,0.00239773,0.00181802,0.00181866,0.00181905,0.00182505,627.839,0.000768167
14.44,6713970.0,6196160.0,5878190.0,1318830.0,8.47839e-05,0.000504334,0.00240313,0.0018183,0.00181894,0.00181933,0.00182533,628.34,0.000769333
14.445,6714050.0,6197710.0,5879630.0,1318920.0,8.47844e-05,0.000507304,0.00240635,0.00181857,0.0018192,0.0018196,0.0018256,628.62,0.0007705
14.45,6714040.0,6199170.0,5881010.0,1319010.0,8.47843e-05,0.000507048,0.00240635,0.00181882,0.00181946,0.00181985,0.00182586,629.473,0.000771667
14.455,6714170.0,6200750.0,5882490.0,1319110.0,8.47852e-05,0.000512276,0.00241182,0.0018191,0.00181973,0.00182013,0.00182613,629.473,0.000772833
14.46,6714210.0,6202240.0,5883890.0,1319200.0,8.47854e-05,0.00051382,0.00241361,0.00181936,0.00181999,0.00182039,0.0018264,629.509,0.000774
14.465,6714210.0,6203690.0,5885250.0,1319290.0,8.47854e-05,0.000513801,0.00241385,0.00181962,0.00182025,0.00182064,0.00182665,629.575,0.000775167
14.47,6714210.0,6205130.0,5886600.0,1319380.0,8.47854e-05,0.000513549,0.00241385,0.00181987,0.0018205,0.00182089,0.0018269,629.774,0.000776333
14.475,6714230.0,6206590.0,5887970.0,1319470.0,8.47855e-05,0.000514584,0.00241513,0.00182012,0.00182075,0.00182114,0.00182716,629.774,0.0007775
14.48,6714240.0,6208030.0,5889320.0,1319560.0,8.47856e-05,0.000514756,0.00241555,0.00182038,0.001821,0.00182139,0.00182741,625.705,0.000778667
14.485,6713550.0,6208820.0,5890070.0,1319600.0,8.47813e-05,0.000488335,0.00238945,0.00182052,0.00182114,0.00182153,0.00182755,626.596,0.000779833
14.49,6713550.0,6210240.0,5891400.0,1319690.0,8.47812e-05,0.000488088,0.00238945,0.00182076,0.00182139,0.00182178,0.0018278,629.315,0.000781
14.495,6713990.0,6212060.0,5893110.0,1319800.0,8.4784e-05,0.000505323,0.00240689,0.00182108,0.0018217,0.0018221,0.00182812,629.315,0.000782167
14.5,6714140.0,6213600.0,5894550.0,1319900.0,8.47849e-05,0.000510812,0.00241261,0.00182135,0.00182197,0.00182236,0.00182839,626.136,0.000783333
14.505,6713600.0,6214510.0,5895410.0,1319950.0,8.47816e-05,0.000490125,0.00239223,0.00182151,0.00182213,0.00182252,0.00182855,626.545,0.0007845
14.51,6713590.0,6215900.0,5896720.0,1320040.0,8.47815e-05,0.000489881,0.00239223,0.00182175,0.00182237,0.00182276,0.00182879,627.792,0.000785667
14.515,6713790.0,6217480.0,5898190.0,1320140.0,8.47828e-05,0.000497661,0.00240023,0.00182203,0.00182264,0.00182304,0.00182907,627.792,0.000786833
14.52,6713860.0,6218920.0,5899550.0,1320230.0,8.47832e-05,0.00050005,0.00240285,0.00182228,0.00182289,0.00182329,0.00182932,627.655,0.000788
14.525,6713830.0,6220270.0,5900820.0,1320310.0,8.4783e-05,0.000498924,0.00240197,0.00182252,0.00182313,0.00182352,0.00182956,627.705,0.000789167
14.53,6713820.0,6221640.0,5902100.0,1320390.0,8.4783e-05,0.000498684,0.00240197,0.00182276,0.00182337,0.00182376,0.0018298,627.857,0.000790333
14.535,6713840.0,6223020.0,5903400.0,1320480.0,8.47831e-05,0.000499426,0.00240295,0.001823,0.00182361,0.001824,0.00183004,627.857,0.0007915
14.54,6713840.0,6224390.0,5904690.0,1320560.0,8.47831e-05,0.00049951,0.00240327,0.00182324,0.00182384,0.00182424,0.00183028,629.018,0.000792667
14.545,6714030.0,6225920.0,5906120.0,1320660.0,8.47843e-05,0.000506744,0.00241073,0.00182351,0.00182411,0.00182451,0.00183055,628.082,0.000793833
14.55,6714020.0,6227270.0,5907390.0,1320740.0,8.47842e-05,0.000506508,0.00241073,0.00182374,0.00182434,0.00182474,0.00183079,625.228,0.000795
14.555,6713540.0,6228170.0,5908230.0,1320800.0,8.47812e-05,0.000487916,0.00239242,0.0018239,0.0018245,0.0018249,0.00183095,625.228,0.000796167
14.56,6713380.0,6229360.0,5909350.0,1320870.0,8.47802e-05,0.000481662,0.00238642,0.00182411,0.00182471,0.0018251,0.00183116,625.949,0.000797333
14.565,6713490.0,6230800.0,5910710.0,1320960.0,8.47809e-05,0.000486067,0.00239104,0.00182436,0.00182496,0.00182535,0.00183141,626.372,0.0007985
14.57,6713490.0,6232130.0,5911950.0,1321040.0,8.47809e-05,0.000485835,0.00239104,0.00182459,0.00182519,0.00182558,0.00183164,627.663,0.000799667
14.575,6713700.0,6233640.0,5913370.0,1321130.0,8.47822e-05,0.000493904,0.00239932,0.00182486,0.00182545,0.00182585,0.00183191,627.663,0.000800833
14.58,6713760.0,6235020.0,5914670.0,1321220.0,8.47826e-05,0.000496397,0.00240204,0.0018251,0.00182569,0.00182609,0.00183215,629.913,0.000802
14.585,6714130.0,6236680.0,5916220.0,1321320.0,8.47849e-05,0.000510643,0.00241648,0.00182538,0.00182598,0.00182637,0.00183244,628.751,0.000803167
14.59,6714130.0,6237980.0,5917450.0,1321400.0,8.47849e-05,0.000510415,0.00241648,0.00182561,0.0018262,0.0018266,0.00183267,625.208,0.000804333
14.595,6713530.0,6238740.0,5918160.0,1321450.0,8.47811e-05,0.000487403,0.00239376,0.00182574,0.00182633,0.00182673,0.0018328,625.208,0.0008055
14.6,6713330.0,6239850.0,5919200.0,1321510.0,8.47799e-05,0.000479703,0.0023863,0.00182594,0.00182653,0.00182692,0.00183299,628.211,0.000806667
14.605,6713820.0,6241600.0,5920840.0,1321620.0,8.4783e-05,0.000498793,0.00240557,0.00182624,0.00182683,0.00182723,0.0018333,628.519,0.000807833
14.61,6713820.0,6242880.0,5922050.0,1321700.0,8.47829e-05,0.000498569,0.00240557,0.00182647,0.00182705,0.00182745,0.00183352,629.458,0.000809
14.615,6713970.0,6244310.0,5923380.0,1321790.0,8.47839e-05,0.000504382,0.00241159,0.00182672,0.0018273,0.0018277,0.00183377,629.458,0.000810167
14.62,6714010.0,6245630.0,5924630.0,1321870.0,8.47842e-05,0.000506139,0.00241357,0.00182695,0.00182753,0.00182793,0.001834,629.209,0.000811333
14.625,6713970.0,6246860.0,5925780.0,1321950.0,8.47839e-05,0.000504318,0.00241197,0.00182716,0.00182774,0.00182814,0.00183422,628.986,0.0008125
14.63,6713960.0,6248120.0,5926970.0,1322020.0,8.47838e-05,0.000504098,0.00241197,0.00182738,0.00182796,0.00182836,0.00183444,628.306,0.000813667
14.635,6713840.0,6249270.0,5928050.0,1322090.0,8.47831e-05,0.000499507,0.00240762,0.00182758,0.00182816,0.00182856,0.00183464,628.306,0.000814833
14.64,6713800.0,6250490.0,5929190.0,1322170.0,8.47828e-05,0.000497854,0.00240619,0.00182779,0.00182837,0.00182877,0.00183485,627.247,0.000816
14.645,6713620.0,6251580.0,5930210.0,1322240.0,8.47817e-05,0.000490822,0.00239939,0.00182798,0.00182856,0.00182896,0.00183504,627.397,0.000817167
14.65,6713610.0,6252820.0,5931380.0,1322310.0,8.47816e-05,0.000490605,0.00239939,0.0018282,0.00182877,0.00182917,0.00183526,627.855,0.000818333
14.655,6713680.0,6254130.0,5932610.0,1322390.0,8.47821e-05,0.000493335,0.00240233,0.00182843,0.001829,0.0018294,0.00183549,627.855,0.0008195
14.66,6713700.0,6255380.0,5933790.0,1322470.0,8.47822e-05,0.000494086,0.0024033,0.00182865,0.00182922,0.00182962,0.00183571,629.7,0.000820667
14.665,6714000.0,6256900.0,5935210.0,1322560.0,8.47841e-05,0.000505738,0.00241513,0.00182891,0.00182948,0.00182988,0.00183598,629.833,0.000821833
14.67,6714000.0,6258120.0,5936360.0,1322640.0,8.47841e-05,0.000505525,0.00241513,0.00182912,0.00182969,0.00183009,0.00183619,630.237,0.000823
14.675,6714060.0,6259400.0,5937560.0,1322720.0,8.47845e-05,0.000507912,0.00241773,0.00182935,0.00182991,0.00183031,0.00183641,630.237,0.000824167
14.68,6714080.0,6260640.0,5938720.0,1322790.0,8.47846e-05,0.000508553,0.00241858,0.00182956,0.00183013,0.00183053,0.00183663,630.862,0.000825333
14.685,6714180.0,6261940.0,5939940.0,1322870.0,8.47852e-05,0.000512359,0.00242259,0.00182979,0.00183035,0.00183075,0.00183686,629.86,0.0008265
14.69,6714170.0,6263150.0,5941080.0,1322950.0,8.47851e-05,0.000512149,0.00242259,0.00183,0.00183056,0.00183096,0.00183707,626.805,0.000827667
14.695,6713650.0,6263880.0,5941760.0,1322990.0,8.47819e-05,0.000492293,0.002403,0.00183013,0.00183069,0.00183109,0.00183719,626.805,0.000828833
14.7,6713480.0,6264920.0,5942740.0,1323060.0,8.47808e-05,0.000485641,0.00239657,0.00183031,0.00183087,0.00183127,0.00183738,627.104,0.00083
14.705,6713530.0,6266150.0,5943900.0,1323130.0,8.47811e-05,0.000487362,0.00239849,0.00183052,0.00183108,0.00183148,0.00183759,627.402,0.000831167
14.71,6713520.0,6267340.0,5945010.0,1323210.0,8.47811e-05,0.000487155,0.0023985,0.00183073,0.00183128,0.00183169,0.0018378,628.311,0.000832333
14.715,6713670.0,6268660.0,5946250.0,1323290.0,8.4782e-05,0.000492794,0.00240433,0.00183096,0.00183151,0.00183191,0.00183803,628.311,0.0008335
14.72,6713710.0,6269890.0,5947400.0,1323360.0,8.47823e-05,0.000494506,0.00240624,0.00183117,0.00183172,0.00183213,0.00183824,625.17,0.000834667
14.725,6713180.0,6270570.0,5948050.0,1323410.0,8.4779e-05,0.000474103,0.00238609,0.00183129,0.00183184,0.00183224,0.00183836,624.747,0.000835833
14.73,6713180.0,6271740.0,5949140.0,1323480.0,8.47789e-05,0.0004739,0.0023861,0.0018315,0.00183205,0.00183245,0.00183857,623.458,0.000837
14.735,6712960.0,6272700.0,5950050.0,1323540.0,8.47776e-05,0.000465404,0.00237783,0.00183166,0.00183221,0.00183261,0.00183874,623.458,0.000838167
14.74,6712880.0,6273800.0,5951080.0,1323600.0,8.47771e-05,0.000462483,0.00237511,0.00183186,0.0018324,0.0018328,0.00183893,629.315,0.000839333
14.745,6713850.0,6275860.0,5953010.0,1323730.0,8.47832e-05,0.000499948,0.00241268,0.00183221,0.00183276,0.00183316,0.00183929,628.908,0.0008405
14.75,6713850.0,6277010.0,5954090.0,1323800.0,8.47831e-05,0.000499748,0.00241268,0.00183241,0.00183295,0.00183336,0.00183949,627.668,0.000841667
14.755,6713640.0,6277960.0,5954980.0,1323860.0,8.47818e-05,0.000491574,0.00240473,0.00183258,0.00183312,0.00183352,0.00183965,627.668,0.000842833
14.76,6713560.0,6279040.0,5956000.0,1323930.0,8.47813e-05,0.00048876,0.00240212,0.00183277,0.00183331,0.00183371,0.00183984,628.357,0.000844
14.765,6713670.0,6280280.0,5957160.0,1324000.0,8.4782e-05,0.00049299,0.00240654,0.00183298,0.00183352,0.00183392,0.00184006,627.749,0.000845167
14.77,6713670.0,6281410.0,5958230.0,1324070.0,8.4782e-05,0.000492793,0.00240654,0.00183318,0.00183372,0.00183412,0.00184026,625.896,0.000846333
14.775,6713350.0,6282260.0,5959020.0,1324130.0,8.478e-05,0.000480682,0.00239466,0.00183333,0.00183386,0.00183426,0.0018404,625.896,0.0008475
14.78,6713250.0,6283290.0,5959980.0,1324190.0,8.47794e-05,0.000476579,0.00239077,0.0018335,0.00183404,0.00183444,0.00184058,629.431,0.000848667
14.785,6713830.0,6284950.0,5961550.0,1324290.0,8.4783e-05,0.000499114,0.00241344,0.00183379,0.00183433,0.00183473,0.00184087,630.328,0.000849833
14.79,6713830.0,6286070.0,5962600.0,1324360.0,8.4783e-05,0.00049892,0.00241344,0.00183399,0.00183452,0.00183492,0.00184107,633.062,0.000851
14.795,6714280.0,6287600.0,5964040.0,1324450.0,8.47858e-05,0.000516314,0.00243098,0.00183425,0.00183478,0.00183519,0.00184134,633.062,0.000852167
14.8,6714420.0,6288850.0,5965210.0,1324530.0,8.47867e-05,0.000521889,0.00243673,0.00183447,0.001835,0.0018354,0.00184155,626.464,0.000853333
14.805,6713320.0,6288930.0,5965280.0,1324540.0,8.47798e-05,0.000479264,0.00239441,0.00183448,0.00183501,0.00183542,0.00184157,626.388,0.0008545
14.81,6713310.0,6290030.0,5966310.0,1324600.0,8.47798e-05,0.000479073,0.00239441,0.00183468,0.0018352,0.00183561,0.00184176,626.155,0.000855667
14.815,6713270.0,6291080.0,5967310.0,1324670.0,8.47795e-05,0.000477385,0.00239292,0.00183486,0.00183538,0.00183579,0.00184194,626.155,0.000856833
14.82,6713250.0,6292160.0,5968320.0,1324740.0,8.47794e-05,0.000476705,0.00239243,0.00183505,0.00183557,0.00183597,0.00184213,624.805,0.000858
14.825,6713020.0,6293040.0,5969140.0,1324790.0,8.4778e-05,0.00046784,0.00238378,0.0018352,0.00183572,0.00183613,0.00184228,625.252,0.000859167
14.83,6713010.0,6294120.0,5970160.0,1324860.0,8.47779e-05,0.000467652,0.00238378,0.00183539,0.00183591,0.00183631,0.00184247,626.613,0.000860333
14.835,6713240.0,6295410.0,5971370.0,1324940.0,8.47793e-05,0.00047622,0.00239251,0.00183561,0.00183613,0.00183654,0.0018427,626.613,0.0008615
14.84,6713310.0,6296550.0,5972440.0,1325010.0,8.47797e-05,0.000478905,0.00239538,0.00183581,0.00183633,0.00183673,0.00184289,623.691,0.000862667
14.845,6712810.0,6297170.0,5973020.0,1325040.0,8.47767e-05,0.000459928,0.00237664,0.00183592,0.00183643,0.00183684,0.001843,624.566,0.000863833
14.85,6712810.0,6298230.0,5974020.0,1325110.0,8.47766e-05,0.000459742,0.00237664,0.0018361,0.00183662,0.00183702,0.00184319,627.234,0.000865
14.855,6713250.0,6299710.0,5975400.0,1325200.0,8.47794e-05,0.000476716,0.00239375,0.00183636,0.00183687,0.00183728,0.00184344,627.234,0.000866167
14.86,6713390.0,6300900.0,5976530.0,1325270.0,8.47803e-05,0.00048216,0.00239937,0.00183656,0.00183708,0.00183748,0.00184365,629.06,0.000867333
14.865,6713690.0,6302240.0,5977780.0,1325360.0,8.47822e-05,0.000493719,0.00241108,0.0018368,0.00183731,0.00183771,0.00184389,628.527,0.0008685
14.87,6713690.0,6303290.0,5978770.0,1325420.0,8.47821e-05,0.000493537,0.00241108,0.00183698,0.00183749,0.00183789,0.00184407,626.901,0.000869667
14.875,6713410.0,6304080.0,5979510.0,1325470.0,8.47804e-05,0.000482901,0.00240066,0.00183712,0.00183763,0.00183803,0.00184421,626.901,0.000870833
14.88,6713320.0,6305040.0,5980410.0,1325530.0,8.47798e-05,0.000479291,0.00239724,0.00183728,0.00183779,0.0018382,0.00184437,628.286,0.000872
14.885,6713540.0,6306300.0,5981590.0,1325610.0,8.47812e-05,0.000488014,0.00240612,0.0018375,0.00183801,0.00183841,0.00184459,627.682,0.000873167
14.89,6713540.0,6307330.0,5982560.0,1325670.0,8.47812e-05,0.000487835,0.00240612,0.00183768,0.00183818,0.00183859,0.00184477,625.84,0.000874333
14.895,6713230.0,6308070.0,5983260.0,1325720.0,8.47792e-05,0.000475811,0.00239431,0.00183781,0.00183831,0.00183872,0.0018449,625.84,0.0008755
14.9,6713120.0,6309010.0,5984130.0,1325770.0,8.47786e-05,0.000471748,0.00239043,0.00183797,0.00183847,0.00183888,0.00184506,631.378,0.000876667
14.905,6714040.0,6310890.0,5985900.0,1325890.0,8.47843e-05,0.000507185,0.00242595,0.0018383,0.0018388,0.0018392,0.00184539,630.634,0.000877833
14.91,6714040.0,6311910.0,5986860.0,1325950.0,8.47843e-05,0.000507008,0.00242596,0.00183847,0.00183897,0.00183938,0.00184557,628.367,0.000879
14.915,6713650.0,6312570.0,5987480.0,1325990.0,8.47819e-05,0.000492251,0.00241141,0.00183859,0.00183909,0.00183949,0.00184568,628.367,0.000880167
14.92,6713520.0,6313470.0,5988320.0,1326050.0,8.47811e-05,0.000487293,0.00240664,0.00183874,0.00183924,0.00183965,0.00184584,625.514,0.000881333
14.925,6713040.0,6314030.0,5988850.0,1326080.0,8.47781e-05,0.000468773,0.00238835,0.00183884,0.00183934,0.00183974,0.00184594,626.43,0.0008825
14.93,6713040.0,6315030.0,5989790.0,1326140.0,8.47781e-05,0.000468598,0.00238835,0.00183902,0.00183951,0.00183992,0.00184611,629.223,0.000883667
14.935,6713500.0,6316470.0,5991140.0,1326230.0,8.4781e-05,0.000486383,0.00240626,0.00183926,0.00183976,0.00184016,0.00184636,629.223,0.000884833
14.94,6713650.0,6317610.0,5992210.0,1326300.0,8.47819e-05,0.000492101,0.00241214,0.00183946,0.00183995,0.00184036,0.00184656,626.098,0.000886
14.945,6713120.0,6318110.0,5992680.0,1326330.0,8.47786e-05,0.000471836,0.0023921,0.00183955,0.00184004,0.00184045,0.00184665,627.079,0.000887167
14.95,6713120.0,6319100.0,5993610.0,1326390.0,8.47786e-05,0.000471665,0.0023921,0.00183972,0.00184021,0.00184062,0.00184682,630.07,0.000888333
14.955,6713610.0,6320550.0,5994980.0,1326480.0,8.47817e-05,0.000490727,0.00241128,0.00183997,0.00184046,0.00184087,0.00184707,630.07,0.0008895
14.96,6713770.0,6321690.0,5996040.0,1326550.0,8.47827e-05,0.000496864,0.00241758,0.00184017,0.00184066,0.00184106,0.00184727,625.664,0.000890667
14.965,6713030.0,6321980.0,5996320.0,1326570.0,8.4778e-05,0.00046836,0.00238932,0.00184022,0.00184071,0.00184111,0.00184732,626.857,0.000891833
14.97,6713030.0,6322960.0,5997230.0,1326630.0,8.4778e-05,0.000468191,0.00238932,0.00184039,0.00184087,0.00184128,0.00184749,630.495,0.000893
14.975,6713630.0,6324490.0,5998670.0,1326730.0,8.47818e-05,0.000491417,0.00241265,0.00184065,0.00184114,0.00184155,0.00184775,630.495,0.000894167
14.98,6713830.0,6325650.0,5999760.0,1326800.0,8.4783e-05,0.000498922,0.0024203,0.00184085,0.00184134,0.00184174,0.00184796,628.146,0.000895333
14.985,6713430.0,6326240.0,6000320.0,1326830.0,8.47805e-05,0.000483649,0.00240524,0.00184096,0.00184144,0.00184185,0.00184806,627.657,0.0008965
14.99,6713430.0,6327210.0,6001220.0,1326890.0,8.47805e-05,0.000483483,0.00240524,0.00184112,0.0018416,0.00184201,0.00184823,626.167,0.000897667
14.995,6713170.0,6327930.0,6001900.0,1326940.0,8.47789e-05,0.000473736,0.00239569,0.00184125,0.00184173,0.00184214,0.00184835,626.167,0.000898833
15.0,6713090.0,6328810.0,6002730.0,1326990.0,8.47784e-05,0.000470429,0.00239255,0.0018414,0.00184188,0.00184229,0.0018485,631.235,0.0009
15.005,6713930.0,6329600.0,6003470.0,1327040.0,8.47837e-05,0.000503017,0.00242506,0.00184154,0.00184202,0.00184242,0.00184864,630.85,0.0009
15.01,6713930.0,6329600.0,6003470.0,1327040.0,8.47837e-05,0.000503017,0.00242506,0.00184154,0.00184202,0.00184242,0.00184864,629.677,0.0009
15.015,6713740.0,6329420.0,6003300.0,1327030.0,8.47824e-05,0.000495475,0.00241753,0.0018415,0.00184198,0.00184239,0.00184861,629.677,0.0009
15.02,6713670.0,6329360.0,6003240.0,1327030.0,8.4782e-05,0.000493001,0.00241507,0.00184149,0.00184197,0.00184238,0.0018486,625.806,0.0009
15.025,6713030.0,6328750.0,6002670.0,1326990.0,8.4778e-05,0.00046811,0.00239024,0.00184139,0.00184187,0.00184228,0.00184849,626.466,0.0009
15.03,6713030.0,6328750.0,6002670.0,1326990.0,8.4778e-05,0.00046811,0.00239024,0.00184139,0.00184187,0.00184228,0.00184849,628.475,0.0009
15.035,6713360.0,6329060.0,6002970.0,1327010.0,8.47801e-05,0.000481034,0.00240313,0.00184144,0.00184192,0.00184233,0.00184855,628.475,0.0009
15.04,6713470.0,6329170.0,6003060.0,1327010.0,8.47808e-05,0.000485274,0.00240736,0.00184146,0.00184194,0.00184235,0.00184857,631.976,0.0009
15.045,6714060.0,6329710.0,6003580.0,1327050.0,8.47844e-05,0.000507783,0.00242981,0.00184156,0.00184204,0.00184244,0.00184866,631.876,0.0009
15.05,6714060.0,6329710.0,6003580.0,1327050.0,8.47844e-05,0.000507783,0.00242981,0.00184156,0.00184204,0.00184244,0.00184866,631.573,0.0009
15.055,6714010.0,6329670.0,6003530.0,1327050.0,8.47841e-05,0.000505833,0.00242786,0.00184155,0.00184203,0.00184244,0.00184865,631.573,0.0009
15.06,6713990.0,6329650.0,6003520.0,1327040.0,8.4784e-05,0.000505193,0.00242723,0.00184154,0.00184202,0.00184243,0.00184865,627.517,0.0009
15.065,6713310.0,6329020.0,6002920.0,1327010.0,8.47798e-05,0.000479109,0.00240121,0.00184144,0.00184192,0.00184232,0.00184854,627.991,0.0009
15.07,6713310.0,6329020.0,6002920.0,1327010.0,8.47798e-05,0.000479109,0.00240121,0.00184144,0.00184192,0.00184232,0.00184854,629.436,0.0009
15.075,6713550.0,6329240.0,6003130.0,1327020.0,8.47813e-05,0.000488404,0.00241048,0.00184148,0.00184195,0.00184236,0.00184858,629.436,0.0009
15.08,6713630.0,6329320.0,6003200.0,1327020.0,8.47818e-05,0.000491453,0.00241352,0.00184149,0.00184197,0.00184238,0.00184859,631.319,0.0009
15.085,6713950.0,6329610.0,6003480.0,1327040.0,8.47837e-05,0.00050356,0.0024256,0.00184154,0.00184202,0.00184243,0.00184864,630.766,0.0009
15.09,6713950.0,6329610.0,6003480.0,1327040.0,8.47837e-05,0.00050356,0.0024256,0.00184154,0.00184202,0.00184243,0.00184864,629.082,0.0009
15.095,6713670.0,6329350.0,6003230.0,1327030.0,8.4782e-05,0.000492727,0.00241479,0.00184149,0.00184197,0.00184238,0.0018486,629.082,0.0009
15.1,6713570.0,6329260.0,6003150.0,1327020.0,8.47814e-05,0.000489174,0.00241125,0.00184148,0.00184196,0.00184237,0.00184858,626.524,0.0009
15.105,6713150.0,6328860.0,6002780.0,1327000.0,8.47787e-05,0.000472725,0.00239484,0.00184141,0.00184189,0.0018423,0.00184851,626.499,0.0009
15.11,6713150.0,6328860.0,6002780.0,1327000.0,8.47787e-05,0.000472725,0.00239484,0.00184141,0.00184189,0.0018423,0.00184851,626.421,0.0009
15.115,6713130.0,6328850.0,6002770.0,1327000.0,8.47787e-05,0.000472227,0.00239435,0.00184141,0.00184189,0.0018423,0.00184851,626.421,0.0009
15.12,6713130.0,6328850.0,6002760.0,1327000.0,8.47786e-05,0.000472064,0.00239418,0.00184141,0.00184189,0.00184229,0.00184851,630.321,0.0009
15.125,6713780.0,6329460.0,6003330.0,1327030.0,8.47827e-05,0.000497142,0.0024192,0.00184151,0.00184199,0.0018424,0.00184862,629.73,0.0009
15.13,6713780.0,6329460.0,6003330.0,1327030.0,8.47827e-05,0.000497142,0.0024192,0.00184151,0.00184199,0.0018424,0.00184862,627.928,0.0009
15.135,6713480.0,6329170.0,6003070.0,1327020.0,8.47808e-05,0.000485554,0.00240764,0.00184146,0.00184194,0.00184235,0.00184857,627.928,0.0009
15.14,6713380.0,6329080.0,6002980.0,1327010.0,8.47802e-05,0.000481754,0.00240385,0.00184145,0.00184193,0.00184233,0.00184855,628.272,0.0009
15.145,6713440.0,6329140.0,6003030.0,1327010.0,8.47806e-05,0.000483968,0.00240606,0.00184146,0.00184194,0.00184234,0.00184856,628.28,0.0009
15.15,6713440.0,6329140.0,6003030.0,1327010.0,8.47806e-05,0.000483968,0.00240606,0.00184146,0.00184194,0.00184234,0.00184856,628.303,0.0009
15.155,6713440.0,6329140.0,6003040.0,1327010.0,8.47806e-05,0.000484114,0.0024062,0.00184146,0.00184194,0.00184234,0.00184856,628.303,0.0009
15.16,6713440.0,6329140.0,6003040.0,1327010.0,8.47806e-05,0.000484162,0.00240625,0.00184146,0.00184194,0.00184235,0.00184856,628.487,0.0009
15.165,6713470.0,6329170.0,6003070.0,1327020.0,8.47808e-05,0.000485345,0.00240743,0.00184146,0.00184194,0.00184235,0.00184857,628.236,0.0009
15.17,6713470.0,6329170.0,6003070.0,1327020.0,8.47808e-05,0.000485345,0.00240743,0.00184146,0.00184194,0.00184235,0.00184857,627.473,0.0009
15.175,6713350.0,6329050.0,6002950.0,1327010.0,8.478e-05,0.000480437,0.00240253,0.00184144,0.00184192,0.00184233,0.00184855,627.473,0.0009
15.18,6713300.0,6329010.0,6002920.0,1327010.0,8.47797e-05,0.000478827,0.00240093,0.00184143,0.00184191,0.00184232,0.00184854,625.357,0.0009
15.185,6712950.0,6328680.0,6002610.0,1326990.0,8.47775e-05,0.000465223,0.00238736,0.00184138,0.00184186,0.00184227,0.00184848,625.457,0.0009
15.19,6712950.0,6328680.0,6002610.0,1326990.0,8.47775e-05,0.000465223,0.00238736,0.00184138,0.00184186,0.00184227,0.00184848,625.761,0.0009
15.195,6713000.0,6328730.0,6002650.0,1326990.0,8.47778e-05,0.000467178,0.00238931,0.00184139,0.00184187,0.00184227,0.00184849,625.761,0.0009
15.2,6713020.0,6328740.0,6002670.0,1326990.0,8.4778e-05,0.00046782,0.00238995,0.00184139,0.00184187,0.00184228,0.00184849,627.712,0.0009
15.205,6713340.0,6329050.0,6002950.0,1327010.0,8.478e-05,0.000480362,0.00240246,0.00184144,0.00184192,0.00184233,0.00184855,627.447,0.0009
15.21,6713340.0,6329050.0,6002950.0,1327010.0,8.478e-05,0.000480362,0.00240246,0.00184144,0.00184192,0.00184233,0.00184855,626.639,0.0009
15.215,6713210.0,6328920.0,6002830.0,1327000.0,8.47791e-05,0.000475169,0.00239728,0.00184142,0.0018419,0.00184231,0.00184852,626.639,0.0009
15.22,6713170.0,6328880.0,6002790.0,1327000.0,8.47789e-05,0.000473466,0.00239558,0.00184141,0.00184189,0.0018423,0.00184852,629.877,0.0009
15.225,6713710.0,6329390.0,6003270.0,1327030.0,8.47822e-05,0.000494286,0.00241635,0.0018415,0.00184198,0.00184239,0.0018486,630.44,0.0009
15.23,6713710.0,6329390.0,6003270.0,1327030.0,8.47822e-05,0.000494286,0.00241635,0.0018415,0.00184198,0.00184239,0.0018486,632.156,0.0009
15.235,6713990.0,6329650.0,6003520.0,1327050.0,8.4784e-05,0.000505323,0.00242735,0.00184155,0.00184203,0.00184243,0.00184865,632.156,0.0009
15.24,6714090.0,6329740.0,6003600.0,1327050.0,8.47846e-05,0.000508943,0.00243097,0.00184156,0.00184204,0.00184245,0.00184867,626.601,0.0009
15.245,6713160.0,6328880.0,6002790.0,1327000.0,8.47788e-05,0.000473219,0.00239533,0.00184141,0.00184189,0.0018423,0.00184852,626.853,0.0009
15.25,6713160.0,6328880.0,6002790.0,1327000.0,8.47788e-05,0.000473219,0.00239533,0.00184141,0.00184189,0.0018423,0.00184852,627.623,0.0009
15.255,6713290.0,6329000.0,6002900.0,1327010.0,8.47796e-05,0.000478169,0.00240027,0.00184143,0.00184191,0.00184232,0.00184854,627.623,0.0009
15.26,6713330.0,6329030.0,6002940.0,1327010.0,8.47799e-05,0.000479792,0.00240189,0.00184144,0.00184192,0.00184233,0.00184854,629.572,0.0009
15.265,6713660.0,6329340.0,6003220.0,1327030.0,8.47819e-05,0.000492327,0.00241439,0.00184149,0.00184197,0.00184238,0.0018486,629.05,0.0009
15.27,6713660.0,6329340.0,6003220.0,1327030.0,8.47819e-05,0.000492327,0.00241439,0.00184149,0.00184197,0.00184238,0.0018486,627.458,0.0009
15.275,6713390.0,6329090.0,6002990.0,1327010.0,8.47803e-05,0.000482087,0.00240418,0.00184145,0.00184193,0.00184234,0.00184855,627.458,0.0009
15.28,6713300.0,6329010.0,6002910.0,1327010.0,8.47797e-05,0.000478728,0.00240083,0.00184143,0.00184191,0.00184232,0.00184854,630.253,0.0009
15.285,6713770.0,6329450.0,6003320.0,1327030.0,8.47826e-05,0.000496705,0.00241876,0.00184151,0.00184199,0.0018424,0.00184861,629.535,0.0009
15.29,6713770.0,6329450.0,6003320.0,1327040.0,8.47826e-05,0.000496705,0.00241876,0.00184151,0.00184199,0.0018424,0.00184861,627.345,0.0009
15.295,6713400.0,6329100.0,6003000.0,1327010.0,8.47804e-05,0.000482623,0.00240471,0.00184145,0.00184193,0.00184234,0.00184855,627.345,0.0009
15.3,6713280.0,6328990.0,6002900.0,1327010.0,8.47796e-05,0.000478004,0.00240011,0.00184143,0.00184191,0.00184232,0.00184854,629.063,0.0009
15.305,6713570.0,6329260.0,6003150.0,1327020.0,8.47814e-05,0.000489051,0.00241113,0.00184148,0.00184196,0.00184237,0.00184858,629.36,0.0009
15.31,6713570.0,6329260.0,6003150.0,1327020.0,8.47814e-05,0.000489051,0.00241113,0.00184148,0.00184196,0.00184237,0.00184858,630.267,0.0009
15.315,6713720.0,6329400.0,6003280.0,1327030.0,8.47823e-05,0.00049488,0.00241694,0.0018415,0.00184198,0.00184239,0.00184861,630.267,0.0009
15.32,6713770.0,6329450.0,6003330.0,1327040.0,8.47827e-05,0.000496792,0.00241885,0.00184151,0.00184199,0.0018424,0.00184861,631.498,0.0009
15.325,6713980.0,6329640.0,6003510.0,1327050.0,8.47839e-05,0.000504713,0.00242675,0.00184154,0.00184202,0.00184243,0.00184865,630.416,0.0009
15.33,6713980.0,6329640.0,6003510.0,1327050.0,8.47839e-05,0.000504713,0.00242675,0.00184154,0.00184202,0.00184243,0.00184865,627.118,0.0009
15.335,6713430.0,6329120.0,6003020.0,1327020.0,8.47805e-05,0.000483502,0.00240559,0.00184145,0.00184193,0.00184234,0.00184856,627.118,0.0009
15.34,6713250.0,6328960.0,6002870.0,1327010.0,8.47794e-05,0.000476545,0.00239865,0.00184142,0.0018419,0.00184231,0.00184853,628.84,0.0009
15.345,6713530.0,6329220.0,6003120.0,1327020.0,8.47812e-05,0.000487618,0.0024097,0.00184147,0.00184195,0.00184236,0.00184858,628.493,0.0009
15.35,6713530.0,6329220.0,6003120.0,1327020.0,8.47812e-05,0.000487618,0.0024097,0.00184147,0.00184195,0.00184236,0.00184858,627.434,0.0009
15.355,6713360.0,6329060.0,6002960.0,1327010.0,8.47801e-05,0.000480808,0.0024029,0.00184144,0.00184192,0.00184233,0.00184855,627.434,0.0009
15.36,6713300.0,6329010.0,6002910.0,1327010.0,8.47797e-05,0.000478574,0.00240068,0.00184143,0.00184191,0.00184232,0.00184854,633.242,0.0009
15.365,6714270.0,6329910.0,6003760.0,1327060.0,8.47858e-05,0.00051593,0.00243793,0.00184159,0.00184207,0.00184248,0.00184869,632.212,0.0009
15.37,6714270.0,6329910.0,6003760.0,1327060.0,8.47858e-05,0.00051593,0.00243793,0.00184159,0.00184207,0.00184248,0.00184869,629.072,0.0009
15.375,6713740.0,6329420.0,6003300.0,1327030.0,8.47825e-05,0.000495736,0.00241779,0.0018415,0.00184198,0.00184239,0.00184861,629.072,0.0009
15.38,6713570.0,6329260.0,6003150.0,1327020.0,8.47814e-05,0.000489112,0.00241119,0.00184148,0.00184196,0.00184237,0.00184858,633.948,0.0009
15.385,6714390.0,6330020.0,6003870.0,1327070.0,8.47865e-05,0.000520466,0.00244246,0.00184161,0.00184209,0.0018425,0.00184871,633.367,0.0009
15.39,6714390.0,6330020.0,6003870.0,1327070.0,8.47865e-05,0.000520466,0.00244246,0.00184161,0.00184209,0.0018425,0.00184871,631.598,0.0009
15.395,6714090.0,6329750.0,6003610.0,1327050.0,8.47846e-05,0.000509087,0.00243111,0.00184156,0.00184204,0.00184245,0.00184867,631.598,0.0009
15.4,6713990.0,6329660.0,6003520.0,1327050.0,8.4784e-05,0.000505354,0.00242739,0.00184154,0.00184202,0.00184243,0.00184865,629.404,0.0009
15.405,6713630.0,6329310.0,6003200.0,1327030.0,8.47818e-05,0.000491245,0.00241331,0.00184149,0.00184197,0.00184237,0.00184859,629.045,0.0009
15.41,6713630.0,6329310.0,6003200.0,1327030.0,8.47818e-05,0.000491245,0.00241331,0.00184149,0.00184197,0.00184237,0.00184859,627.95,0.0009
15.415,6713440.0,6329140.0,6003040.0,1327020.0,8.47806e-05,0.000484205,0.00240629,0.00184146,0.00184194,0.00184234,0.00184856,627.95,0.0009
15.42,6713380.0,6329090.0,6002990.0,1327010.0,8.47802e-05,0.000481895,0.00240399,0.00184145,0.00184193,0.00184233,0.00184855,624.705,0.0009
15.425,6712840.0,6328580.0,6002510.0,1326980.0,8.47768e-05,0.000461029,0.00238318,0.00184136,0.00184184,0.00184225,0.00184846,626.136,0.0009
15.43,6712840.0,6328580.0,6002510.0,1326980.0,8.47768e-05,0.000461029,0.00238318,0.00184136,0.00184184,0.00184225,0.00184846,630.497,0.0009
15.435,6713570.0,6329260.0,6003150.0,1327030.0,8.47814e-05,0.000489075,0.00241115,0.00184148,0.00184196,0.00184236,0.00184858,630.497,0.0009
15.44,6713810.0,6329480.0,6003360.0,1327040.0,8.47829e-05,0.000498274,0.00242032,0.00184152,0.001842,0.0018424,0.00184862,632.899,0.0009
15.445,6714210.0,6329860.0,6003710.0,1327060.0,8.47854e-05,0.000513723,0.00243573,0.00184158,0.00184206,0.00184247,0.00184869,631.538,0.0009
15.45,6714210.0,6329860.0,6003710.0,1327060.0,8.47854e-05,0.000513723,0.00243573,0.00184158,0.00184206,0.00184247,0.00184869,627.386,0.0009
15.455,6713520.0,6329210.0,6003100.0,1327020.0,8.47811e-05,0.000487024,0.0024091,0.00184147,0.00184195,0.00184236,0.00184857,627.386,0.0009
15.46,6713290.0,6329000.0,6002900.0,1327010.0,8.47796e-05,0.000478266,0.00240037,0.00184143,0.00184191,0.00184232,0.00184854,625.891,0.0009
15.465,6713040.0,6328760.0,6002690.0,1327000.0,8.47781e-05,0.000468655,0.00239078,0.00184139,0.00184187,0.00184228,0.0018485,627.211,0.0009
15.47,6713040.0,6328760.0,6002690.0,1327000.0,8.47781e-05,0.000468655,0.00239078,0.00184139,0.00184187,0.00184228,0.0018485,631.235,0.0009
15.475,6713710.0,6329390.0,6003270.0,1327030.0,8.47823e-05,0.000494532,0.00241659,0.0018415,0.00184198,0.00184239,0.0018486,631.235,0.0009
15.48,6713930.0,6329600.0,6003470.0,1327050.0,8.47837e-05,0.00050302,0.00242506,0.00184153,0.00184201,0.00184242,0.00184864,625.125,0.0009
15.485,6712910.0,6328650.0,6002570.0,1326990.0,8.47773e-05,0.00046373,0.00238587,0.00184137,0.00184185,0.00184226,0.00184847,625.128,0.0009
15.49,6712910.0,6328650.0,6002570.0,1326990.0,8.47773e-05,0.00046373,0.00238587,0.00184137,0.00184185,0.00184226,0.00184847,625.136,0.0009
15.495,6712910.0,6328650.0,6002570.0,1326990.0,8.47773e-05,0.000463782,0.00238592,0.00184137,0.00184185,0.00184226,0.00184848,625.136,0.0009
15.5,6712910.0,6328650.0,6002570.0,1326990.0,8.47773e-05,0.000463799,0.00238594,0.00184137,0.00184185,0.00184226,0.00184848,628.924,0.0009
15.505,6713550.0,6329240.0,6003130.0,1327030.0,8.47813e-05,0.000488159,0.00241024,0.00184147,0.00184195,0.00184236,0.00184858,628.705,0.0009
15.51,6713550.0,6329240.0,6003130.0,1327030.0,8.47813e-05,0.000488159,0.00241024,0.00184147,0.00184195,0.00184236,0.00184858,628.038,0.0009
15.515,6713440.0,6329130.0,6003030.0,1327020.0,8.47806e-05,0.000483867,0.00240595,0.00184146,0.00184193,0.00184234,0.00184856,628.038,0.0009
15.52,6713400.0,6329100.0,6003000.0,1327020.0,8.47803e-05,0.000482459,0.00240455,0.00184145,0.00184193,0.00184234,0.00184855,630.301,0.0009
15.525,6713780.0,6329450.0,6003330.0,1327040.0,8.47827e-05,0.000497012,0.00241906,0.00184151,0.00184199,0.0018424,0.00184861,630.232,0.0009
15.53,6713780.0,6329450.0,6003330.0,1327040.0,8.47827e-05,0.000497012,0.00241906,0.00184151,0.00184199,0.0018424,0.00184861,630.024,0.0009
15.535,6713740.0,6329420.0,6003300.0,1327040.0,8.47825e-05,0.000495673,0.00241773,0.0018415,0.00184198,0.00184239,0.00184861,630.024,0.0009
15.54,6713730.0,6329410.0,6003290.0,1327040.0,8.47824e-05,0.000495234,0.00241729,0.0018415,0.00184198,0.00184239,0.00184861,624.205,0.0009
15.545,6712760.0,6328500.0,6002440.0,1326980.0,8.47763e-05,0.000457815,0.00237997,0.00184135,0.00184183,0.00184223,0.00184845,625.258,0.0009
15.55,6712760.0,6328500.0,6002440.0,1326980.0,8.47763e-05,0.000457815,0.00237997,0.00184135,0.00184183,0.00184223,0.00184845,628.468,0.0009
15.555,6713290.0,6329000.0,6002910.0,1327010.0,8.47797e-05,0.000478456,0.00240056,0.00184143,0.00184191,0.00184232,0.00184854,628.468,0.0009
15.56,6713470.0,6329170.0,6003060.0,1327020.0,8.47808e-05,0.000485227,0.00240731,0.00184146,0.00184194,0.00184235,0.00184857,627.689,0.0009
15.565,6713340.0,6329050.0,6002950.0,1327010.0,8.478e-05,0.000480219,0.00240232,0.00184144,0.00184192,0.00184233,0.00184854,628.636,0.0009
15.57,6713340.0,6329050.0,6002950.0,1327010.0,8.478e-05,0.000480219,0.00240232,0.00184144,0.00184192,0.00184233,0.00184854,631.521,0.0009
15.575,6713820.0,6329500.0,6003370.0,1327040.0,8.4783e-05,0.000498772,0.00242082,0.00184152,0.001842,0.00184241,0.00184862,631.521,0.0009
15.58,6713980.0,6329640.0,6003510.0,1327050.0,8.4784e-05,0.000504857,0.00242689,0.00184154,0.00184202,0.00184243,0.00184865,629.002,0.0009
15.585,6713560.0,6329250.0,6003140.0,1327030.0,8.47813e-05,0.00048866,0.00241073,0.00184147,0.00184195,0.00184236,0.00184858,628.959,0.0009
15.59,6713560.0,6329250.0,6003140.0,1327030.0,8.47813e-05,0.00048866,0.00241073,0.00184147,0.00184195,0.00184236,0.00184858,628.829,0.0009
15.595,6713540.0,6329230.0,6003120.0,1327030.0,8.47812e-05,0.000487825,0.0024099,0.00184147,0.00184195,0.00184236,0.00184858,628.829,0.0009
15.6,6713530.0,6329220.0,6003120.0,1327030.0,8.47812e-05,0.000487551,0.00240963,0.00184147,0.00184195,0.00184236,0.00184857,629.603,0.0009
15.605,6713660.0,6329340.0,6003230.0,1327030.0,8.4782e-05,0.000492527,0.00241459,0.00184149,0.00184197,0.00184238,0.0018486,629.917,0.0009
15.61,6713660.0,6329340.0,6003230.0,1327030.0,8.4782e-05,0.000492527,0.00241459,0.00184149,0.00184197,0.00184238,0.0018486,630.873,0.0009
15.615,6713820.0,6329490.0,6003370.0,1327040.0,8.4783e-05,0.000498677,0.00242073,0.00184152,0.001842,0.0018424,0.00184862,630.873,0.0009
15.62,6713870.0,6329540.0,6003420.0,1327050.0,8.47833e-05,0.000500694,0.00242274,0.00184152,0.001842,0.00184241,0.00184863,631.279,0.0009
15.625,6713940.0,6329610.0,6003470.0,1327050.0,8.47837e-05,0.000503302,0.00242534,0.00184154,0.00184202,0.00184242,0.00184864,630.191,0.0009
15.63,6713940.0,6329610.0,6003470.0,1327050.0,8.47837e-05,0.000503302,0.00242534,0.00184154,0.00184202,0.00184242,0.00184864,626.876,0.0009
15.635,6713390.0,6329090.0,6002990.0,1327020.0,8.47802e-05,0.000481981,0.00240407,0.00184145,0.00184193,0.00184233,0.00184855,626.876,0.0009
15.64,6713200.0,6328920.0,6002830.0,1327010.0,8.47791e-05,0.000474988,0.0023971,0.00184142,0.0018419,0.00184231,0.00184852,632.107,0.0009
15.645,6714080.0,6329730.0,6003600.0,1327060.0,8.47846e-05,0.000508627,0.00243065,0.00184156,0.00184204,0.00184245,0.00184866,632.024,0.0009
15.65,6714080.0,6329730.0,6003600.0,1327060.0,8.47846e-05,0.000508627,0.00243065,0.00184156,0.00184204,0.00184245,0.00184866,631.77,0.0009
15.655,6714040.0,6329700.0,6003560.0,1327060.0,8.47843e-05,0.000506994,0.00242902,0.00184155,0.00184203,0.00184244,0.00184866,631.77,0.0009
15.66,6714020.0,6329680.0,6003550.0,1327050.0,8.47842e-05,0.000506459,0.00242849,0.00184155,0.00184203,0.00184244,0.00184865,629.128,0.0009
15.665,6713580.0,6329270.0,6003160.0,1327030.0,8.47815e-05,0.00048947,0.00241154,0.00184148,0.00184196,0.00184237,0.00184858,629.053,0.0009
15.67,6713580.0,6329270.0,6003160.0,1327030.0,8.47815e-05,0.00048947,0.00241154,0.00184148,0.00184196,0.00184237,0.00184858,628.824,0.0009
15.675,6713540.0,6329230.0,6003130.0,1327030.0,8.47812e-05,0.000488001,0.00241008,0.00184147,0.00184195,0.00184236,0.00184858,628.824,0.0009
15.68,6713530.0,6329220.0,6003120.0,1327030.0,8.47811e-05,0.000487519,0.0024096,0.00184147,0.00184195,0.00184236,0.00184857,629.002,0.0009
15.685,6713560.0,6329250.0,6003140.0,1327030.0,8.47813e-05,0.000488662,0.00241074,0.00184147,0.00184195,0.00184236,0.00184858,628.926,0.0009
15.69,6713560.0,6329250.0,6003140.0,1327030.0,8.47813e-05,0.000488662,0.00241074,0.00184147,0.00184195,0.00184236,0.00184858,628.693,0.0009
15.695,6713520.0,6329210.0,6003110.0,1327030.0,8.47811e-05,0.000487166,0.00240924,0.00184147,0.00184195,0.00184236,0.00184857,628.693,0.0009
15.7,6713510.0,6329200.0,6003100.0,1327030.0,8.4781e-05,0.000486676,0.00240876,0.00184147,0.00184195,0.00184235,0.00184857,629.504,0.0009
15.705,6713640.0,6329330.0,6003220.0,1327030.0,8.47819e-05,0.000491887,0.00241395,0.00184149,0.00184197,0.00184238,0.00184859,627.707,0.0009
15.71,6713640.0,6329330.0,6003220.0,1327030.0,8.47819e-05,0.000491887,0.00241395,0.00184149,0.00184197,0.00184238,0.00184859,622.23,0.0009
15.715,6712730.0,6328470.0,6002410.0,1326980.0,8.47761e-05,0.000456665,0.00237882,0.00184134,0.00184182,0.00184223,0.00184844,622.23,0.0009
15.72,6712430.0,6328190.0,6002150.0,1326960.0,8.47743e-05,0.000445112,0.0023673,0.00184129,0.00184177,0.00184218,0.0018484,632.973,0.0009
15.725,6714220.0,6329870.0,6003720.0,1327070.0,8.47855e-05,0.000514195,0.0024362,0.00184158,0.00184206,0.00184247,0.00184869,633.008,0.0009
15.73,6714220.0,6329870.0,6003720.0,1327070.0,8.47855e-05,0.000514195,0.0024362,0.00184158,0.00184206,0.00184247,0.00184869,633.118,0.0009
15.735,6714240.0,6329890.0,6003740.0,1327070.0,8.47856e-05,0.000514899,0.0024369,0.00184158,0.00184206,0.00184247,0.00184869,633.118,0.0009
15.74,6714250.0,6329890.0,6003740.0,1327070.0,8.47856e-05,0.000515129,0.00243713,0.00184158,0.00184206,0.00184247,0.00184869,629.728,0.0009
15.745,6713680.0,6329360.0,6003250.0,1327040.0,8.47821e-05,0.000493327,0.00241539,0.00184149,0.00184197,0.00184238,0.0018486,629.902,0.0009
15.75,6713680.0,6329360.0,6003250.0,1327040.0,8.47821e-05,0.000493327,0.00241539,0.00184149,0.00184197,0.00184238,0.0018486,630.433,0.0009
15.755,6713770.0,6329450.0,6003330.0,1327040.0,8.47826e-05,0.000496745,0.0024188,0.00184151,0.00184199,0.0018424,0.00184861,630.433,0.0009
15.76,6713800.0,6329470.0,6003350.0,1327040.0,8.47828e-05,0.000497866,0.00241992,0.00184151,0.00184199,0.0018424,0.00184862,627.229,0.0009
15.765,6713260.0,6328970.0,6002880.0,1327010.0,8.47795e-05,0.000477261,0.00239936,0.00184143,0.00184191,0.00184231,0.00184853,628.678,0.0009
15.77,6713260.0,6328970.0,6002880.0,1327010.0,8.47795e-05,0.000477261,0.00239936,0.00184143,0.00184191,0.00184231,0.00184853,633.097,0.0009
15.775,6714000.0,6329660.0,6003530.0,1327050.0,8.47841e-05,0.000505676,0.00242771,0.00184155,0.00184203,0.00184243,0.00184865,633.097,0.0009
15.78,6714250.0,6329890.0,6003740.0,1327070.0,8.47856e-05,0.000514996,0.002437,0.00184158,0.00184206,0.00184247,0.00184869,633.254,0.0009
15.785,6714270.0,6329910.0,6003760.0,1327070.0,8.47858e-05,0.000516006,0.00243801,0.00184159,0.00184207,0.00184248,0.00184869,632.016,0.0009
15.79,6714270.0,6329910.0,6003760.0,1327070.0,8.47858e-05,0.000516006,0.00243801,0.00184159,0.00184207,0.00184248,0.00184869,628.242,0.0009
15.795,6713640.0,6329330.0,6003210.0,1327030.0,8.47818e-05,0.000491733,0.0024138,0.00184149,0.00184197,0.00184238,0.00184859,628.242,0.0009
15.8,6713430.0,6329130.0,6003030.0,1327020.0,8.47805e-05,0.000483772,0.00240586,0.00184145,0.00184193,0.00184234,0.00184856,627.336,0.0009
15.805,6713280.0,6328990.0,6002900.0,1327010.0,8.47796e-05,0.000477951,0.00240005,0.00184143,0.00184191,0.00184232,0.00184853,627.378,0.0009
15.81,6713280.0,6328990.0,6002900.0,1327010.0,8.47796e-05,0.000477951,0.00240005,0.00184143,0.00184191,0.00184232,0.00184853,627.506,0.0009
15.815,6713300.0,6329010.0,6002920.0,1327020.0,8.47797e-05,0.000478771,0.00240087,0.00184143,0.00184191,0.00184232,0.00184854,627.506,0.0009
15.82,6713310.0,6329020.0,6002920.0,1327020.0,8.47798e-05,0.000479041,0.00240114,0.00184143,0.00184191,0.00184232,0.00184854,629.285,0.0009
15.825,6713610.0,6329290.0,6003180.0,1327030.0,8.47816e-05,0.00049048,0.00241255,0.00184148,0.00184196,0.00184237,0.00184859,628.174,0.0009
15.83,6713610.0,6329290.0,6003180.0,1327030.0,8.47816e-05,0.00049048,0.00241255,0.00184148,0.00184196,0.00184237,0.00184859,624.789,0.0009
15.835,6713040.0,6328770.0,6002690.0,1327000.0,8.47781e-05,0.000468709,0.00239084,0.00184139,0.00184187,0.00184228,0.00184849,624.789,0.0009
15.84,6712860.0,6328590.0,6002520.0,1326990.0,8.47769e-05,0.000461568,0.00238371,0.00184136,0.00184184,0.00184225,0.00184846,625.703,0.0009
15.845,6713010.0,6328740.0,6002660.0,1327000.0,8.47779e-05,0.000467445,0.00238957,0.00184139,0.00184187,0.00184227,0.00184849,626.998,0.0009
15.85,6713010.0,6328740.0,6002660.0,1327000.0,8.47779e-05,0.000467445,0.00238957,0.00184139,0.00184187,0.00184227,0.00184849,630.949,0.0009
15.855,6713670.0,6329350.0,6003240.0,1327040.0,8.4782e-05,0.000492849,0.00241491,0.00184149,0.00184197,0.00184238,0.0018486,630.949,0.0009
15.86,6713890.0,6329550.0,6003430.0,1327050.0,8.47834e-05,0.000501181,0.00242322,0.00184153,0.00184201,0.00184241,0.00184863,631.15,0.0009
15.865,6713920.0,6329590.0,6003460.0,1327050.0,8.47836e-05,0.000502472,0.00242451,0.00184153,0.00184201,0.00184242,0.00184864,629.899,0.0009
15.87,6713920.0,6329590.0,6003460.0,1327050.0,8.47836e-05,0.000502472,0.00242451,0.00184153,0.00184201,0.00184242,0.00184864,626.087,0.0009
15.875,6713280.0,6328990.0,6002900.0,1327010.0,8.47796e-05,0.000477955,0.00240006,0.00184143,0.00184191,0.00184232,0.00184853,626.087,0.0009
15.88,6713070.0,6328800.0,6002710.0,1327000.0,8.47783e-05,0.000469913,0.00239204,0.0018414,0.00184188,0.00184228,0.0018485,626.589,0.0009
15.885,6713160.0,6328870.0,6002790.0,1327010.0,8.47788e-05,0.000473146,0.00239526,0.00184141,0.00184189,0.0018423,0.00184851,627.547,0.0009
15.89,6713160.0,6328870.0,6002790.0,1327010.0,8.47788e-05,0.000473146,0.00239526,0.00184141,0.00184189,0.0018423,0.00184851,630.469,0.0009
15.895,6713650.0,6329330.0,6003220.0,1327040.0,8.47819e-05,0.000491933,0.002414,0.00184149,0.00184197,0.00184238,0.00184859,630.469,0.0009
15.9,6713810.0,6329480.0,6003360.0,1327050.0,8.47829e-05,0.000498095,0.00242014,0.00184151,0.00184199,0.0018424,0.00184862,629.849,0.0009
15.905,6713700.0,6329380.0,6003270.0,1327040.0,8.47822e-05,0.000494107,0.00241617,0.0018415,0.00184198,0.00184238,0.0018486,629.876,0.0009
15.91,6713700.0,6329380.0,6003270.0,1327040.0,8.47822e-05,0.000494107,0.00241617,0.0018415,0.00184198,0.00184238,0.0018486,629.958,0.0009
15.915,6713720.0,6329400.0,6003280.0,1327040.0,8.47823e-05,0.000494635,0.00241669,0.0018415,0.00184198,0.00184239,0.0018486,629.958,0.0009
15.92,6713720.0,6329400.0,6003280.0,1327040.0,8.47823e-05,0.000494808,0.00241687,0.0018415,0.00184198,0.00184239,0.0018486,628.648,0.0009
15.925,6713500.0,6329200.0,6003090.0,1327030.0,8.4781e-05,0.000486384,0.00240846,0.00184146,0.00184194,0.00184235,0.00184857,627.98,0.0009
15.93,6713500.0,6329200.0,6003090.0,1327030.0,8.4781e-05,0.000486384,0.00240846,0.00184146,0.00184194,0.00184235,0.00184857,625.946,0.0009
15.935,6713160.0,6328880.0,6002790.0,1327010.0,8.47788e-05,0.000473302,0.00239542,0.00184141,0.00184189,0.0018423,0.00184851,625.946,0.0009
15.94,6713050.0,6328770.0,6002690.0,1327000.0,8.47781e-05,0.000469012,0.00239114,0.00184139,0.00184187,0.00184228,0.0018485,626.687,0.0009
15.945,6713170.0,6328890.0,6002800.0,1327010.0,8.47789e-05,0.000473776,0.00239589,0.00184141,0.00184189,0.0018423,0.00184852,626.86,0.0009
15.95,6713170.0,6328890.0,6002800.0,1327010.0,8.47789e-05,0.000473776,0.00239589,0.00184141,0.00184189,0.0018423,0.00184852,627.387,0.0009
15.955,6713260.0,6328970.0,6002880.0,1327010.0,8.47795e-05,0.000477167,0.00239927,0.00184143,0.00184191,0.00184231,0.00184853,627.387,0.0009
15.96,6713290.0,6329000.0,6002910.0,1327020.0,8.47796e-05,0.000478279,0.00240038,0.00184143,0.00184191,0.00184232,0.00184854,630.271,0.0009
15.965,6713770.0,6329450.0,6003330.0,1327040.0,8.47827e-05,0.000496823,0.00241888,0.00184151,0.00184199,0.0018424,0.00184861,628.859,0.0009
15.97,6713770.0,6329450.0,6003330.0,1327040.0,8.47827e-05,0.000496823,0.00241888,0.00184151,0.00184199,0.0018424,0.00184861,624.555,0.0009
15.975,6713050.0,6328780.0,6002700.0,1327000.0,8.47782e-05,0.000469145,0.00239127,0.00184139,0.00184187,0.00184228,0.0018485,624.555,0.0009
15.98,6712820.0,6328560.0,6002490.0,1326990.0,8.47767e-05,0.000460067,0.00238222,0.00184135,0.00184183,0.00184224,0.00184846,627.938,0.0009
15.985,6713380.0,6329080.0,6002990.0,1327020.0,8.47802e-05,0.000481817,0.00240391,0.00184145,0.00184193,0.00184233,0.00184855,628.553,0.0009
15.99,6713380.0,6329080.0,6002990.0,1327020.0,8.47802e-05,0.000481817,0.00240391,0.00184145,0.00184193,0.00184233,0.00184855,630.428,0.0009
15.995,6713700.0,6329380.0,6003260.0,1327040.0,8.47822e-05,0.000493877,0.00241594,0.0018415,0.00184198,0.00184238,0.0018486,630.428,0.0009
16.0,6713800.0,6329470.0,6003350.0,1327050.0,8.47828e-05,0.000497833,0.00241988,0.00184151,0.00184199,0.0018424,0.00184862,627.44,0.0009
16.005,6713300.0,6329010.0,6002910.0,1327020.0,8.47797e-05,0.000478614,0.00240071,0.00184143,0.00184191,0.00184232,0.00184854,627.325,0.0009
16.01,6713300.0,6329010.0,6002910.0,1327020.0,8.47797e-05,0.000478614,0.00240071,0.00184143,0.00184191,0.00184232,0.00184854,626.974,0.0009
16.015,6713240.0,6328950.0,6002860.0,1327010.0,8.47793e-05,0.000476361,0.00239847,0.00184142,0.0018419,0.00184231,0.00184853,626.974,0.0009
16.02,6713220.0,6328930.0,6002850.0,1327010.0,8.47792e-05,0.000475622,0.00239773,0.00184142,0.0018419,0.00184231,0.00184852,627.997,0.0009
16.025,6713390.0,6329090.0,6002990.0,1327020.0,8.47803e-05,0.000482197,0.00240429,0.00184145,0.00184193,0.00184233,0.00184855,629.278,0.0009
16.03,6713390.0,6329090.0,6003000.0,1327020.0,8.47803e-05,0.000482197,0.00240429,0.00184145,0.00184193,0.00184233,0.00184855,633.183,0.0009
16.035,6714050.0,6329700.0,6003570.0,1327060.0,8.47844e-05,0.000507314,0.00242934,0.00184155,0.00184203,0.00184244,0.00184866,633.183,0.0009
16.04,6714260.0,6329900.0,6003750.0,1327070.0,8.47857e-05,0.000515552,0.00243756,0.00184159,0.00184207,0.00184247,0.00184869,628.051,0.0009
16.045,6713400.0,6329100.0,6003000.0,1327020.0,8.47803e-05,0.000482545,0.00240463,0.00184145,0.00184193,0.00184234,0.00184855,627.506,0.0009
16.05,6713400.0,6329100.0,6003000.0,1327020.0,8.47803e-05,0.000482545,0.00240463,0.00184145,0.00184193,0.00184234,0.00184855,625.843,0.0009
16.055,6713120.0,6328840.0,6002760.0,1327010.0,8.47786e-05,0.000471857,0.00239397,0.0018414,0.00184188,0.00184229,0.00184851,625.843,0.0009
16.06,6713030.0,6328760.0,6002680.0,1327000.0,8.4778e-05,0.000468351,0.00239048,0.00184139,0.00184187,0.00184228,0.00184849,630.639,0.0009
16.065,6713830.0,6329510.0,6003380.0,1327050.0,8.4783e-05,0.000499187,0.00242123,0.00184152,0.001842,0.00184241,0.00184862,629.857,0.0009
16.07,6713830.0,6329510.0,6003380.0,1327050.0,8.4783e-05,0.000499187,0.00242123,0.00184152,0.001842,0.00184241,0.00184862,627.473,0.0009
16.075,6713440.0,6329130.0,6003030.0,1327030.0,8.47806e-05,0.000483857,0.00240594,0.00184145,0.00184193,0.00184234,0.00184856,627.473,0.0009
16.08,6713300.0,6329010.0,6002920.0,1327020.0,8.47797e-05,0.000478828,0.00240093,0.00184143,0.00184191,0.00184232,0.00184854,631.455,0.0009
16.085,6713970.0,6329630.0,6003500.0,1327060.0,8.47839e-05,0.000504436,0.00242647,0.00184154,0.00184202,0.00184243,0.00184864,631.141,0.0009
16.09,6713970.0,6329630.0,6003500.0,1327060.0,8.47839e-05,0.000504436,0.00242647,0.00184154,0.00184202,0.00184243,0.00184864,630.183,0.0009
16.095,6713810.0,6329480.0,6003360.0,1327050.0,8.47829e-05,0.000498279,0.00242033,0.00184151,0.00184199,0.0018424,0.00184862,630.183,0.0009
16.1,6713760.0,6329440.0,6003320.0,1327050.0,8.47826e-05,0.000496259,0.00241831,0.00184151,0.00184199,0.00184239,0.00184861,629.088,0.0009
16.105,6713570.0,6329260.0,6003160.0,1327030.0,8.47814e-05,0.000489217,0.00241129,0.00184148,0.00184196,0.00184236,0.00184858,629.066,0.0009
16.11,6713570.0,6329260.0,6003160.0,1327030.0,8.47814e-05,0.000489217,0.00241129,0.00184148,0.00184196,0.00184236,0.00184858,628.999,0.0009
16.115,6713560.0,6329250.0,6003150.0,1327030.0,8.47814e-05,0.000488786,0.00241086,0.00184147,0.00184195,0.00184236,0.00184858,628.999,0.0009
16.12,6713560.0,6329250.0,6003140.0,1327030.0,8.47813e-05,0.000488644,0.00241072,0.00184147,0.00184195,0.00184236,0.00184858,629.82,0.0009
16.125,6713700.0,6329380.0,6003260.0,1327040.0,8.47822e-05,0.000493922,0.00241598,0.0018415,0.00184198,0.00184238,0.0018486,630.188,0.0009
16.13,6713700.0,6329380.0,6003260.0,1327040.0,8.47822e-05,0.000493922,0.00241598,0.0018415,0.00184198,0.00184238,0.0018486,631.309,0.0009
16.135,6713880.0,6329550.0,6003430.0,1327050.0,8.47834e-05,0.000501133,0.00242317,0.00184153,0.00184201,0.00184241,0.00184863,631.309,0.0009
16.14,6713950.0,6329610.0,6003480.0,1327060.0,8.47837e-05,0.000503498,0.00242553,0.00184154,0.00184202,0.00184242,0.00184864,626.57,0.0009
16.145,6713150.0,6328870.0,6002790.0,1327010.0,8.47788e-05,0.000473025,0.00239514,0.00184141,0.00184189,0.0018423,0.00184851,626.2,0.0009
16.15,6713150.0,6328870.0,6002790.0,1327010.0,8.47788e-05,0.000473025,0.00239514,0.00184141,0.00184189,0.0018423,0.00184851,625.072,0.0009
16.155,6712960.0,6328700.0,6002620.0,1327000.0,8.47776e-05,0.000465771,0.0023879,0.00184138,0.00184186,0.00184227,0.00184848,625.072,0.0009
16.16,6712900.0,6328640.0,6002570.0,1327000.0,8.47772e-05,0.000463391,0.00238553,0.00184137,0.00184185,0.00184226,0.00184847,628.204,0.0009
16.165,6713430.0,6329130.0,6003030.0,1327030.0,8.47805e-05,0.000483529,0.00240562,0.00184145,0.00184193,0.00184234,0.00184856,627.741,0.0009
16.17,6713430.0,6329130.0,6003030.0,1327030.0,8.47805e-05,0.000483529,0.00240562,0.00184145,0.00184193,0.00184234,0.00184856,626.329,0.0009
16.175,6713190.0,6328910.0,6002820.0,1327010.0,8.4779e-05,0.00047445,0.00239656,0.00184141,0.00184189,0.0018423,0.00184852,626.329,0.0009
16.18,6713110.0,6328830.0,6002750.0,1327010.0,8.47785e-05,0.000471471,0.00239359,0.0018414,0.00184188,0.00184229,0.00184851,628.847,0.0009
16.185,6713530.0,6329230.0,6003120.0,1327030.0,8.47812e-05,0.000487663,0.00240974,0.00184147,0.00184195,0.00184236,0.00184857,628.871,0.0009
16.19,6713530.0,6329230.0,6003120.0,1327030.0,8.47812e-05,0.000487663,0.00240974,0.00184147,0.00184195,0.00184236,0.00184857,628.946,0.0009
16.195,6713550.0,6329240.0,6003130.0,1327030.0,8.47812e-05,0.000488146,0.00241022,0.00184147,0.00184195,0.00184236,0.00184858,628.946,0.0009
16.2,6713550.0,6329240.0,6003130.0,1327030.0,8.47813e-05,0.000488305,0.00241038,0.00184147,0.00184195,0.00184236,0.00184858,624.949,0.0009
16.205,6712880.0,6328620.0,6002550.0,1327000.0,8.47771e-05,0.000462597,0.00238474,0.00184136,0.00184184,0.00184225,0.00184847,625.844,0.0009
16.21,6712880.0,6328620.0,6002550.0,1327000.0,8.47771e-05,0.000462597,0.00238474,0.00184136,0.00184184,0.00184225,0.00184847,628.573,0.0009
16.215,6713340.0,6329040.0,6002950.0,1327020.0,8.478e-05,0.000480146,0.00240224,0.00184144,0.00184192,0.00184233,0.00184854,628.573,0.0009
16.22,6713490.0,6329180.0,6003080.0,1327030.0,8.47809e-05,0.000485902,0.00240798,0.00184146,0.00184194,0.00184235,0.00184857,627.102,0.0009
16.225,6713240.0,6328950.0,6002860.0,1327020.0,8.47794e-05,0.000476445,0.00239855,0.00184142,0.0018419,0.00184231,0.00184853,626.959,0.0009
16.23,6713240.0,6328950.0,6002860.0,1327020.0,8.47794e-05,0.000476445,0.00239855,0.00184142,0.0018419,0.00184231,0.00184853,626.522,0.0009
16.235,6713170.0,6328890.0,6002800.0,1327010.0,8.47789e-05,0.000473634,0.00239575,0.00184141,0.00184189,0.0018423,0.00184851,626.522,0.0009
16.24,6713150.0,6328860.0,6002780.0,1327010.0,8.47787e-05,0.000472712,0.00239483,0.00184141,0.00184189,0.00184229,0.00184851,626.039,0.0009
16.245,6713060.0,6328790.0,6002710.0,1327010.0,8.47782e-05,0.000469606,0.00239173,0.00184139,0.00184187,0.00184228,0.0018485,626.743,0.0009
16.25,6713060.0,6328790.0,6002710.0,1327010.0,8.47782e-05,0.000469606,0.00239173,0.00184139,0.00184187,0.00184228,0.0018485,628.89,0.0009
16.255,6713420.0,6329120.0,6003020.0,1327030.0,8.47805e-05,0.000483416,0.0024055,0.00184145,0.00184193,0.00184234,0.00184856,628.89,0.0009
16.26,6713540.0,6329230.0,6003130.0,1327030.0,8.47812e-05,0.000487945,0.00241002,0.00184147,0.00184195,0.00184236,0.00184858,627.907,0.0009
16.265,6713380.0,6329080.0,6002980.0,1327030.0,8.47802e-05,0.000481623,0.00240371,0.00184144,0.00184192,0.00184233,0.00184855,628.393,0.0009
16.27,6713380.0,6329080.0,6002980.0,1327030.0,8.47802e-05,0.000481623,0.00240371,0.00184144,0.00184192,0.00184233,0.00184855,629.874,0.0009
16.275,6713620.0,6329310.0,6003200.0,1327040.0,8.47817e-05,0.000491146,0.00241321,0.00184148,0.00184196,0.00184237,0.00184859,629.874,0.0009
16.28,6713710.0,6329390.0,6003270.0,1327040.0,8.47822e-05,0.00049427,0.00241633,0.0018415,0.00184198,0.00184238,0.0018486,630.815,0.0009
16.285,6713860.0,6329530.0,6003410.0,1327050.0,8.47832e-05,0.000500325,0.00242237,0.00184152,0.001842,0.00184241,0.00184863,630.506,0.0009
16.29,6713860.0,6329530.0,6003410.0,1327050.0,8.47832e-05,0.000500325,0.00242237,0.00184152,0.001842,0.00184241,0.00184863,629.561,0.0009
16.295,6713710.0,6329390.0,6003270.0,1327040.0,8.47822e-05,0.000494251,0.00241631,0.0018415,0.00184198,0.00184238,0.0018486,629.561,0.0009
16.3,6713650.0,6329340.0,6003220.0,1327040.0,8.47819e-05,0.000492258,0.00241432,0.00184149,0.00184197,0.00184238,0.00184859,627.208,0.0009
16.305,6713260.0,6328970.0,6002880.0,1327020.0,8.47795e-05,0.000477124,0.00239923,0.00184143,0.0018419,0.00184231,0.00184853,627.619,0.0009
16.31,6713260.0,6328970.0,6002880.0,1327020.0,8.47795e-05,0.000477124,0.00239923,0.00184143,0.0018419,0.00184231,0.00184853,628.872,0.0009
16.315,6713470.0,6329170.0,6003060.0,1327030.0,8.47808e-05,0.000485185,0.00240727,0.00184146,0.00184194,0.00184235,0.00184856,628.872,0.0009
16.32,6713540.0,6329230.0,6003120.0,1327040.0,8.47812e-05,0.000487829,0.0024099,0.00184147,0.00184195,0.00184236,0.00184857,630.512,0.0009
16.325,6713810.0,6329490.0,6003360.0,1327050.0,8.47829e-05,0.000498371,0.00242042,0.00184151,0.00184199,0.0018424,0.00184862,629.162,0.0009
16.33,6713810.0,6329490.0,6003360.0,1327050.0,8.47829e-05,0.000498371,0.00242042,0.00184151,0.00184199,0.0018424,0.00184862,625.046,0.0009
16.335,6713120.0,6328840.0,6002760.0,1327010.0,8.47786e-05,0.000471904,0.00239402,0.0018414,0.00184188,0.00184229,0.00184851,625.046,0.0009
16.34,6712900.0,6328630.0,6002560.0,1327000.0,8.47772e-05,0.000463223,0.00238536,0.00184137,0.00184185,0.00184225,0.00184847,626.444,0.0009
16.345,6713130.0,6328850.0,6002770.0,1327010.0,8.47787e-05,0.000472216,0.00239433,0.0018414,0.00184188,0.00184229,0.00184851,626.684,0.0009
16.35,6713130.0,6328850.0,6002770.0,1327010.0,8.47787e-05,0.000472216,0.00239433,0.0018414,0.00184188,0.00184229,0.00184851,627.416,0.0009
16.355,6713250.0,6328970.0,6002880.0,1327020.0,8.47794e-05,0.000476921,0.00239902,0.00184142,0.0018419,0.00184231,0.00184853,627.416,0.0009
16.36,6713300.0,6329000.0,6002910.0,1327020.0,8.47797e-05,0.000478464,0.00240056,0.00184143,0.00184191,0.00184232,0.00184853,626.507,0.0009
16.365,6713140.0,6328860.0,6002780.0,1327010.0,8.47787e-05,0.000472617,0.00239473,0.00184141,0.00184189,0.00184229,0.00184851,626.408,0.0009
16.37,6713140.0,6328860.0,6002780.0,1327010.0,8.47787e-05,0.000472617,0.00239473,0.00184141,0.00184189,0.00184229,0.00184851,626.107,0.0009
16.375,6713090.0,6328810.0,6002730.0,1327010.0,8.47784e-05,0.000470683,0.0023928,0.0018414,0.00184188,0.00184229,0.0018485,626.107,0.0009
16.38,6713080.0,6328800.0,6002720.0,1327010.0,8.47783e-05,0.000470048,0.00239217,0.0018414,0.00184188,0.00184228,0.0018485,625.594,0.0009
16.385,6712990.0,6328720.0,6002640.0,1327000.0,8.47778e-05,0.000466744,0.00238887,0.00184138,0.00184186,0.00184227,0.00184849,626.822,0.0009
16.39,6712990.0,6328720.0,6002640.0,1327010.0,8.47778e-05,0.000466744,0.00238887,0.00184138,0.00184186,0.00184227,0.00184849,630.566,0.0009
16.395,6713620.0,6329300.0,6003190.0,1327040.0,8.47817e-05,0.000490824,0.00241289,0.00184148,0.00184196,0.00184237,0.00184859,630.566,0.0009
16.4,6713820.0,6329500.0,6003370.0,1327050.0,8.4783e-05,0.000498723,0.00242077,0.00184151,0.00184199,0.0018424,0.00184862,629.98,0.0009
16.405,6713720.0,6329400.0,6003290.0,1327050.0,8.47824e-05,0.000494951,0.00241701,0.0018415,0.00184198,0.00184239,0.0018486,630.348,0.0009
16.41,6713720.0,6329400.0,6003290.0,1327050.0,8.47824e-05,0.000494951,0.00241701,0.0018415,0.00184198,0.00184239,0.0018486,631.472,0.0009
16.415,6713910.0,6329580.0,6003450.0,1327060.0,8.47835e-05,0.000502179,0.00242422,0.00184153,0.00184201,0.00184242,0.00184863,631.472,0.0009
16.42,6713970.0,6329640.0,6003500.0,1327060.0,8.47839e-05,0.000504549,0.00242658,0.00184154,0.00184202,0.00184243,0.00184864,627.184,0.0009
16.425,6713260.0,6328970.0,6002880.0,1327020.0,8.47794e-05,0.000476974,0.00239908,0.00184142,0.0018419,0.00184231,0.00184853,627.895,0.0009
16.43,6713260.0,6328970.0,6002880.0,1327020.0,8.47794e-05,0.000476974,0.00239908,0.00184142,0.0018419,0.00184231,0.00184853,630.062,0.0009
16.435,6713620.0,6329310.0,6003190.0,1327040.0,8.47817e-05,0.000490908,0.00241297,0.00184148,0.00184196,0.00184237,0.00184859,630.062,0.0009
16.44,6713740.0,6329420.0,6003300.0,1327050.0,8.47824e-05,0.000495478,0.00241753,0.0018415,0.00184198,0.00184239,0.00184861,630.853,0.0009
16.445,6713870.0,6329540.0,6003410.0,1327060.0,8.47833e-05,0.000500569,0.00242261,0.00184152,0.001842,0.00184241,0.00184863,630.667,0.0009
16.45,6713870.0,6329540.0,6003410.0,1327060.0,8.47833e-05,0.000500569,0.00242261,0.00184152,0.001842,0.00184241,0.00184863,630.099,0.0009
16.455,6713770.0,6329450.0,6003330.0,1327050.0,8.47827e-05,0.000496917,0.00241897,0.00184151,0.00184199,0.0018424,0.00184861,630.099,0.0009
16.46,6713740.0,6329420.0,6003300.0,1327050.0,8.47825e-05,0.000495718,0.00241777,0.0018415,0.00184198,0.00184239,0.00184861,629.29,0.0009
16.465,6713610.0,6329300.0,6003190.0,1327040.0,8.47816e-05,0.000490515,0.00241258,0.00184148,0.00184196,0.00184237,0.00184859,629.024,0.0009
16.47,6713610.0,6329300.0,6003190.0,1327040.0,8.47816e-05,0.000490515,0.00241258,0.00184148,0.00184196,0.00184237,0.00184859,628.213,0.0009
16.475,6713470.0,6329170.0,6003070.0,1327030.0,8.47808e-05,0.000485298,0.00240738,0.00184146,0.00184194,0.00184235,0.00184856,628.213,0.0009
16.48,6713430.0,6329130.0,6003030.0,1327030.0,8.47805e-05,0.000483587,0.00240567,0.00184145,0.00184193,0.00184234,0.00184856,626.909,0.0009
16.485,6713210.0,6328920.0,6002840.0,1327020.0,8.47791e-05,0.000475202,0.00239731,0.00184142,0.0018419,0.0018423,0.00184852,627.527,0.0009
16.49,6713210.0,6328920.0,6002840.0,1327020.0,8.47791e-05,0.000475202,0.00239731,0.00184142,0.0018419,0.0018423,0.00184852,629.413,0.0009
16.495,6713530.0,6329220.0,6003110.0,1327040.0,8.47811e-05,0.000487327,0.0024094,0.00184147,0.00184195,0.00184236,0.00184857,629.413,0.0009
16.5,6713630.0,6329320.0,6003200.0,1327040.0,8.47818e-05,0.000491304,0.00241337,0.00184148,0.00184196,0.00184237,0.00184859,627.863,0.0009
16.505,6713370.0,6329070.0,6002980.0,1327030.0,8.47801e-05,0.000481335,0.00240343,0.00184144,0.00184192,0.00184233,0.00184855,628.088,0.0009
16.51,6713370.0,6329070.0,6002980.0,1327030.0,8.47801e-05,0.000481336,0.00240343,0.00184144,0.00184192,0.00184233,0.00184855,628.774,0.0009
16.515,6713480.0,6329180.0,6003080.0,1327040.0,8.47809e-05,0.000485751,0.00240783,0.00184146,0.00184194,0.00184235,0.00184857,628.774,0.0009
16.52,6713520.0,6329220.0,6003110.0,1327040.0,8.47811e-05,0.0004872,0.00240928,0.00184147,0.00184195,0.00184235,0.00184857,630.318,0.0009
16.525,6713780.0,6329460.0,6003340.0,1327050.0,8.47827e-05,0.000497123,0.00241917,0.00184151,0.00184199,0.0018424,0.00184861,629.552,0.0009
16.53,6713780.0,6329460.0,6003340.0,1327050.0,8.47827e-05,0.000497123,0.00241917,0.00184151,0.00184199,0.0018424,0.00184861,627.216,0.0009
16.535,6713390.0,6329090.0,6002990.0,1327030.0,8.47803e-05,0.000482105,0.00240419,0.00184145,0.00184193,0.00184233,0.00184855,627.216,0.0009
16.54,6713260.0,6328970.0,6002880.0,1327020.0,8.47795e-05,0.000477179,0.00239928,0.00184142,0.0018419,0.00184231,0.00184853,627.469,0.0009
16.545,6713300.0,6329010.0,6002920.0,1327030.0,8.47797e-05,0.000478806,0.0024009,0.00184143,0.00184191,0.00184232,0.00184854,628.115,0.0009
16.55,6713300.0,6329010.0,6002920.0,1327030.0,8.47797e-05,0.000478806,0.0024009,0.00184143,0.00184191,0.00184232,0.00184854,630.083,0.0009
16.555,6713630.0,6329320.0,6003210.0,1327040.0,8.47818e-05,0.000491464,0.00241353,0.00184148,0.00184196,0.00184237,0.00184859,630.083,0.0009
16.56,6713740.0,6329420.0,6003300.0,1327050.0,8.47825e-05,0.000495615,0.00241767,0.0018415,0.00184198,0.00184239,0.00184861,626.721,0.0009
16.565,6713180.0,6328900.0,6002810.0,1327020.0,8.4779e-05,0.000473994,0.0023961,0.00184141,0.00184189,0.0018423,0.00184852,626.23,0.0009
16.57,6713180.0,6328900.0,6002810.0,1327020.0,8.4779e-05,0.000473994,0.0023961,0.00184141,0.00184189,0.0018423,0.00184852,624.734,0.0009
16.575,6712930.0,6328660.0,6002590.0,1327000.0,8.47774e-05,0.000464375,0.00238651,0.00184137,0.00184185,0.00184226,0.00184848,624.734,0.0009
16.58,6712850.0,6328590.0,6002520.0,1327000.0,8.47769e-05,0.00046122,0.00238336,0.00184136,0.00184184,0.00184225,0.00184846,630.219,0.0009
16.585,6713760.0,6329440.0,6003320.0,1327050.0,8.47826e-05,0.000496488,0.00241854,0.00184151,0.00184199,0.00184239,0.00184861,629.975,0.0009
16.59,6713760.0,6329440.0,6003320.0,1327050.0,8.47826e-05,0.000496488,0.00241854,0.00184151,0.00184199,0.00184239,0.00184861,629.232,0.0009
16.595,6713640.0,6329330.0,6003210.0,1327050.0,8.47818e-05,0.000491709,0.00241377,0.00184149,0.00184197,0.00184237,0.00184859,629.232,0.0009
16.6,6713600.0,6329290.0,6003180.0,1327040.0,8.47816e-05,0.000490141,0.00241221,0.00184148,0.00184196,0.00184237,0.00184858,629.619,0.0009
16.605,6713660.0,6329350.0,6003230.0,1327050.0,8.4782e-05,0.000492631,0.00241469,0.00184149,0.00184197,0.00184238,0.00184859,630.078,0.0009
16.61,6713660.0,6329350.0,6003230.0,1327050.0,8.4782e-05,0.000492632,0.00241469,0.00184149,0.00184197,0.00184238,0.00184859,631.476,0.0009
16.615,6713900.0,6329570.0,6003440.0,1327060.0,8.47834e-05,0.000501626,0.00242366,0.00184153,0.00184201,0.00184241,0.00184863,631.476,0.0009
16.62,6713970.0,6329640.0,6003510.0,1327060.0,8.47839e-05,0.000504576,0.00242661,0.00184154,0.00184202,0.00184243,0.00184864,627.633,0.0009
16.625,6713330.0,6329040.0,6002940.0,1327030.0,8.47799e-05,0.00047986,0.00240196,0.00184144,0.00184192,0.00184232,0.00184854,627.229,0.0009
16.63,6713330.0,6329040.0,6002940.0,1327030.0,8.47799e-05,0.000479861,0.00240196,0.00184144,0.00184192,0.00184232,0.00184854,625.996,0.0009
16.635,6713130.0,6328850.0,6002760.0,1327020.0,8.47786e-05,0.000471931,0.00239405,0.0018414,0.00184188,0.00184229,0.00184851,625.996,0.0009
16.64,6713060.0,6328780.0,6002700.0,1327010.0,8.47782e-05,0.00046933,0.00239145,0.00184139,0.00184187,0.00184228,0.0018485,624.96,0.0009
16.645,6712880.0,6328620.0,6002550.0,1327000.0,8.47771e-05,0.00046267,0.00238481,0.00184136,0.00184184,0.00184225,0.00184847,626.248,0.0009
16.65,6712880.0,6328620.0,6002550.0,1327000.0,8.47771e-05,0.00046267,0.00238481,0.00184136,0.00184184,0.00184225,0.00184847,630.174,0.0009
16.655,6713540.0,6329230.0,6003130.0,1327040.0,8.47812e-05,0.000487919,0.00240999,0.00184147,0.00184195,0.00184236,0.00184857,630.174,0.0009
16.66,6713760.0,6329430.0,6003320.0,1327050.0,8.47826e-05,0.0004962,0.00241825,0.0018415,0.00184198,0.00184239,0.00184861,623.928,0.0009
16.665,6712710.0,6328460.0,6002400.0,1326990.0,8.4776e-05,0.000456035,0.00237819,0.00184134,0.00184182,0.00184222,0.00184844,624.355,0.0009
16.67,6712710.0,6328460.0,6002400.0,1326990.0,8.4776e-05,0.000456035,0.00237819,0.00184134,0.00184182,0.00184222,0.00184844,625.656,0.0009
16.675,6712930.0,6328660.0,6002590.0,1327010.0,8.47774e-05,0.000464402,0.00238654,0.00184137,0.00184185,0.00184226,0.00184847,625.656,0.0009
16.68,6713000.0,6328730.0,6002650.0,1327010.0,8.47778e-05,0.000467147,0.00238927,0.00184138,0.00184186,0.00184227,0.00184849,627.856,0.0009
16.685,6713370.0,6329070.0,6002980.0,1327030.0,8.47801e-05,0.000481297,0.00240339,0.00184144,0.00184192,0.00184233,0.00184855,627.776,0.0009
16.69,6713370.0,6329070.0,6002980.0,1327030.0,8.47801e-05,0.000481297,0.00240339,0.00184144,0.00184192,0.00184233,0.00184855,627.53,0.0009
16.695,6713330.0,6329030.0,6002940.0,1327030.0,8.47799e-05,0.000479717,0.00240181,0.00184144,0.00184191,0.00184232,0.00184854,627.53,0.0009
16.7,6713310.0,6329020.0,6002930.0,1327030.0,8.47798e-05,0.000479198,0.0024013,0.00184143,0.00184191,0.00184232,0.00184854,624.159,0.0009
16.705,6712750.0,6328500.0,6002430.0,1327000.0,8.47763e-05,0.000457522,0.00237968,0.00184134,0.00184182,0.00184223,0.00184845,624.837,0.0009
16.71,6712750.0,6328500.0,6002430.0,1327000.0,8.47763e-05,0.000457522,0.00237968,0.00184134,0.00184182,0.00184223,0.00184845,626.902,0.0009
16.715,6713100.0,6328820.0,6002740.0,1327020.0,8.47784e-05,0.000470802,0.00239292,0.0018414,0.00184188,0.00184229,0.0018485,626.902,0.0009
16.72,6713210.0,6328920.0,6002840.0,1327020.0,8.47791e-05,0.000475157,0.00239726,0.00184142,0.0018419,0.0018423,0.00184852,623.951,0.0009
16.725,6712720.0,6328460.0,6002400.0,1326990.0,8.47761e-05,0.000456184,0.00237834,0.00184134,0.00184182,0.00184222,0.00184844,624.544,0.0009
16.73,6712720.0,6328460.0,6002400.0,1326990.0,8.47761e-05,0.000456184,0.00237834,0.00184134,0.00184182,0.00184222,0.00184844,626.352,0.0009
16.735,6713020.0,6328750.0,6002670.0,1327010.0,8.47779e-05,0.000467809,0.00238994,0.00184139,0.00184187,0.00184227,0.00184849,626.352,0.0009
16.74,6713120.0,6328840.0,6002760.0,1327020.0,8.47786e-05,0.000471622,0.00239374,0.0018414,0.00184188,0.00184229,0.00184851,624.761,0.0009
16.745,6712850.0,6328590.0,6002520.0,1327000.0,8.47769e-05,0.000461389,0.00238353,0.00184136,0.00184184,0.00184225,0.00184846,625.358,0.0009
16.75,6712850.0,6328590.0,6002520.0,1327000.0,8.47769e-05,0.000461389,0.00238353,0.00184136,0.00184184,0.00184225,0.00184846,627.18,0.0009
16.755,6713160.0,6328870.0,6002790.0,1327020.0,8.47788e-05,0.000473105,0.00239522,0.00184141,0.00184189,0.0018423,0.00184851,627.18,0.0009
16.76,6713260.0,6328970.0,6002880.0,1327030.0,8.47794e-05,0.000476948,0.00239905,0.00184142,0.0018419,0.00184231,0.00184853,625.693,0.0009
16.765,6713010.0,6328740.0,6002660.0,1327010.0,8.47779e-05,0.000467387,0.00238951,0.00184138,0.00184186,0.00184227,0.00184849,625.381,0.0009
16.77,6713010.0,6328740.0,6002660.0,1327010.0,8.47779e-05,0.000467387,0.00238951,0.00184138,0.00184186,0.00184227,0.00184849,624.43,0.0009
16.775,6712850.0,6328590.0,6002520.0,1327000.0,8.47769e-05,0.000461269,0.00238341,0.00184136,0.00184184,0.00184225,0.00184846,624.43,0.0009
16.78,6712800.0,6328540.0,6002470.0,1327000.0,8.47766e-05,0.000459262,0.00238141,0.00184135,0.00184183,0.00184224,0.00184845,624.668,0.0009
16.785,6712840.0,6328580.0,6002510.0,1327000.0,8.47768e-05,0.000460794,0.00238294,0.00184136,0.00184184,0.00184224,0.00184846,625.32,0.0009
16.79,6712840.0,6328580.0,6002510.0,1327000.0,8.47768e-05,0.000460794,0.00238294,0.00184136,0.00184184,0.00184224,0.00184846,627.307,0.0009
16.795,6713170.0,6328890.0,6002800.0,1327020.0,8.47789e-05,0.00047357,0.00239568,0.00184141,0.00184189,0.0018423,0.00184851,627.307,0.0009
16.8,6713280.0,6328990.0,6002900.0,1327030.0,8.47796e-05,0.000477761,0.00239986,0.00184143,0.00184191,0.00184231,0.00184853,624.093,0.0009
16.805,6712740.0,6328490.0,6002420.0,1327000.0,8.47762e-05,0.000457095,0.00237925,0.00184134,0.00184182,0.00184223,0.00184844,624.627,0.0009
16.81,6712740.0,6328490.0,6002420.0,1327000.0,8.47762e-05,0.000457095,0.00237925,0.00184134,0.00184182,0.00184223,0.00184844,626.254,0.0009
16.815,6713010.0,6328740.0,6002660.0,1327010.0,8.47779e-05,0.00046756,0.00238969,0.00184138,0.00184186,0.00184227,0.00184849,626.254,0.0009
16.82,6713100.0,6328820.0,6002740.0,1327020.0,8.47785e-05,0.000470992,0.00239311,0.0018414,0.00184188,0.00184229,0.0018485,629.573,0.0009
16.825,6713660.0,6329340.0,6003230.0,1327050.0,8.47819e-05,0.000492336,0.0024144,0.00184149,0.00184197,0.00184238,0.00184859,630.116,0.0009
16.83,6713660.0,6329340.0,6003230.0,1327050.0,8.47819e-05,0.000492336,0.0024144,0.00184149,0.00184197,0.00184238,0.00184859,631.771,0.0009
16.835,6713930.0,6329600.0,6003470.0,1327070.0,8.47837e-05,0.000502979,0.00242501,0.00184153,0.00184201,0.00184242,0.00184864,631.771,0.0009
16.84,6714020.0,6329680.0,6003550.0,1327070.0,8.47842e-05,0.00050647,0.0024285,0.00184155,0.00184203,0.00184243,0.00184865,626.769,0.0009
16.845,6713190.0,6328900.0,6002820.0,1327020.0,8.4779e-05,0.000474306,0.00239642,0.00184141,0.00184189,0.0018423,0.00184852,627.254,0.0009
16.85,6713190.0,6328900.0,6002820.0,1327020.0,8.4779e-05,0.000474306,0.00239642,0.00184141,0.00184189,0.0018423,0.00184852,628.733,0.0009
16.855,6713430.0,6329130.0,6003030.0,1327040.0,8.47805e-05,0.000483814,0.0024059,0.00184145,0.00184193,0.00184234,0.00184856,628.733,0.0009
16.86,6713520.0,6329210.0,6003100.0,1327040.0,8.47811e-05,0.000486933,0.00240901,0.00184146,0.00184194,0.00184235,0.00184857,630.779,0.0009
16.865,6713860.0,6329530.0,6003400.0,1327060.0,8.47832e-05,0.000500088,0.00242213,0.00184152,0.001842,0.00184241,0.00184862,630.033,0.0009
16.87,6713860.0,6329530.0,6003400.0,1327060.0,8.47832e-05,0.000500088,0.00242213,0.00184152,0.001842,0.00184241,0.00184862,627.759,0.0009
16.875,6713480.0,6329170.0,6003070.0,1327040.0,8.47808e-05,0.000485465,0.00240754,0.00184146,0.00184194,0.00184235,0.00184856,627.759,0.0009
16.88,6713350.0,6329060.0,6002960.0,1327030.0,8.478e-05,0.000480668,0.00240276,0.00184144,0.00184192,0.00184233,0.00184854,630.295,0.0009
16.885,6713780.0,6329450.0,6003330.0,1327060.0,8.47827e-05,0.000496978,0.00241903,0.00184151,0.00184199,0.00184239,0.00184861,629.773,0.0009
16.89,6713780.0,6329450.0,6003330.0,1327060.0,8.47827e-05,0.000496978,0.00241903,0.00184151,0.00184199,0.00184239,0.00184861,628.182,0.0009
16.895,6713510.0,6329210.0,6003100.0,1327040.0,8.4781e-05,0.000486747,0.00240882,0.00184146,0.00184194,0.00184235,0.00184857,628.182,0.0009
16.9,6713420.0,6329120.0,6003020.0,1327040.0,8.47805e-05,0.000483392,0.00240548,0.00184145,0.00184193,0.00184234,0.00184855,629.627,0.0009
16.905,6713660.0,6329350.0,6003240.0,1327050.0,8.4782e-05,0.000492682,0.00241474,0.00184149,0.00184197,0.00184238,0.00184859,629.456,0.0009
16.91,6713660.0,6329350.0,6003240.0,1327050.0,8.4782e-05,0.000492682,0.00241474,0.00184149,0.00184197,0.00184238,0.00184859,628.934,0.0009
16.915,6713580.0,6329270.0,6003160.0,1327050.0,8.47814e-05,0.000489327,0.0024114,0.00184147,0.00184195,0.00184236,0.00184858,628.934,0.0009
16.92,6713550.0,6329240.0,6003130.0,1327040.0,8.47813e-05,0.000488226,0.0024103,0.00184147,0.00184195,0.00184236,0.00184857,622.178,0.0009
16.925,6712420.0,6328190.0,6002140.0,1326980.0,8.47742e-05,0.000444781,0.00236697,0.00184129,0.00184177,0.00184218,0.00184839,623.964,0.0009
16.93,6712420.0,6328190.0,6002140.0,1326980.0,8.47742e-05,0.000444781,0.00236697,0.00184129,0.00184177,0.00184218,0.00184839,629.411,0.0009
16.935,6713330.0,6329040.0,6002940.0,1327030.0,8.47799e-05,0.000479805,0.0024019,0.00184143,0.00184191,0.00184232,0.00184854,629.411,0.0009
16.94,6713630.0,6329320.0,6003200.0,1327050.0,8.47818e-05,0.000491293,0.00241336,0.00184148,0.00184196,0.00184237,0.00184859,627.115,0.0009
16.945,6713240.0,6328960.0,6002870.0,1327030.0,8.47794e-05,0.000476528,0.00239863,0.00184142,0.0018419,0.00184231,0.00184853,627.352,0.0009
16.95,6713240.0,6328960.0,6002870.0,1327030.0,8.47794e-05,0.000476528,0.00239863,0.00184142,0.0018419,0.00184231,0.00184853,628.075,0.0009
16.955,6713370.0,6329070.0,6002970.0,1327030.0,8.47801e-05,0.000481178,0.00240327,0.00184144,0.00184192,0.00184233,0.00184854,628.075,0.0009
16.96,6713410.0,6329110.0,6003010.0,1327040.0,8.47804e-05,0.000482704,0.00240479,0.00184145,0.00184193,0.00184233,0.00184855,629.477,0.0009
16.965,6713640.0,6329330.0,6003210.0,1327050.0,8.47818e-05,0.00049172,0.00241378,0.00184148,0.00184196,0.00184237,0.00184859,627.649,0.0009
16.97,6713640.0,6329330.0,6003210.0,1327050.0,8.47818e-05,0.00049172,0.00241378,0.00184148,0.00184196,0.00184237,0.00184859,622.074,0.0009
16.975,6712710.0,6328460.0,6002400.0,1327000.0,8.4776e-05,0.000455873,0.00237803,0.00184134,0.00184181,0.00184222,0.00184844,622.074,0.0009
16.98,6712400.0,6328170.0,6002130.0,1326980.0,8.47741e-05,0.000444115,0.0023663,0.00184129,0.00184177,0.00184217,0.00184839,627.672,0.0009
16.985,6713340.0,6329040.0,6002950.0,1327030.0,8.47799e-05,0.000480112,0.00240221,0.00184144,0.00184192,0.00184232,0.00184854,627.102,0.0009
16.99,6713340.0,6329040.0,6002950.0,1327030.0,8.47799e-05,0.000480112,0.00240221,0.00184144,0.00184192,0.00184232,0.00184854,625.363,0.0009
16.995,6713050.0,6328770.0,6002690.0,1327020.0,8.47781e-05,0.000468931,0.00239105,0.00184139,0.00184187,0.00184228,0.00184849,625.363,0.0009
17.0,6712950.0,6328680.0,6002610.0,1327010.0,8.47775e-05,0.000465264,0.0023874,0.00184137,0.00184185,0.00184226,0.00184848,627.954,0.0009
17.005,6713390.0,6328270.0,6002220.0,1326990.0,8.47803e-05,0.000482063,0.00240401,0.0018413,0.00184178,0.00184219,0.00184841,626.991,0.000899
17.01,6713390.0,6327450.0,6001450.0,1326940.0,8.47803e-05,0.000482205,0.00240401,0.00184116,0.00184164,0.00184205,0.00184826,624.058,0.000898
17.015,6712910.0,6326170.0,6000250.0,1326860.0,8.47772e-05,0.000463486,0.0023852,0.00184094,0.00184142,0.00184183,0.00184804,624.058,0.000897
17.02,6712750.0,6325200.0,5999340.0,1326800.0,8.47763e-05,0.000457442,0.00237902,0.00184077,0.00184125,0.00184166,0.00184787,628.481,0.000896
17.025,6713490.0,6325060.0,5999210.0,1326790.0,8.47809e-05,0.000486024,0.00240739,0.00184075,0.00184123,0.00184164,0.00184785,628.667,0.000895
17.03,6713500.0,6324230.0,5998430.0,1326740.0,8.47809e-05,0.000486168,0.00240739,0.0018406,0.00184109,0.0018415,0.0018477,629.235,0.000894
17.035,6713590.0,6323480.0,5997730.0,1326690.0,8.47815e-05,0.000489964,0.00241103,0.00184047,0.00184096,0.00184137,0.00184757,629.235,0.000893
17.04,6713630.0,6322680.0,5996970.0,1326640.0,8.47818e-05,0.000491307,0.00241222,0.00184033,0.00184082,0.00184123,0.00184743,628.749,0.000892
17.045,6713550.0,6321770.0,5996110.0,1326590.0,8.47813e-05,0.000488324,0.0024091,0.00184018,0.00184066,0.00184107,0.00184728,628.325,0.000891
17.05,6713560.0,6320930.0,5995330.0,1326530.0,8.47813e-05,0.00048847,0.0024091,0.00184003,0.00184052,0.00184093,0.00184713,627.035,0.00089
17.055,6713340.0,6319880.0,5994350.0,1326470.0,8.478e-05,0.000480319,0.00240082,0.00183985,0.00184034,0.00184075,0.00184695,627.035,0.000889
17.06,6713280.0,6318970.0,5993490.0,1326410.0,8.47796e-05,0.000477744,0.00239811,0.00183969,0.00184018,0.00184059,0.00184679,626.764,0.000888
17.065,6713230.0,6318080.0,5992650.0,1326360.0,8.47793e-05,0.00047615,0.00239637,0.00183954,0.00184003,0.00184044,0.00184663,627.7,0.000887
17.07,6713240.0,6317230.0,5991850.0,1326310.0,8.47793e-05,0.000476298,0.00239637,0.00183939,0.00183988,0.00184029,0.00184649,630.551,0.000886
17.075,6713720.0,6316820.0,5991470.0,1326280.0,8.47823e-05,0.000494782,0.00241466,0.00183932,0.00183981,0.00184022,0.00184642,630.551,0.000885
17.08,6713880.0,6316110.0,5990800.0,1326240.0,8.47833e-05,0.000500944,0.00242066,0.00183919,0.00183969,0.0018401,0.00184629,630.645,0.000884
17.085,6713900.0,6315260.0,5990010.0,1326190.0,8.47834e-05,0.000501696,0.00242126,0.00183905,0.00183955,0.00183995,0.00184615,629.99,0.000883
17.09,6713900.0,6314400.0,5989200.0,1326130.0,8.47835e-05,0.000501845,0.00242125,0.0018389,0.0018394,0.0018398,0.001846,627.994,0.000882
17.095,6713570.0,6313220.0,5988100.0,1326060.0,8.47814e-05,0.000489162,0.00240845,0.0018387,0.00183919,0.0018396,0.00184579,627.994,0.000881
17.1,6713470.0,6312260.0,5987190.0,1326000.0,8.47808e-05,0.000485104,0.00240425,0.00183853,0.00183903,0.00183943,0.00184562,626.966,0.00088
17.105,6713300.0,6311220.0,5986220.0,1325940.0,8.47797e-05,0.000478641,0.00239766,0.00183835,0.00183885,0.00183926,0.00184544,627.104,0.000879
17.11,6713300.0,6310350.0,5985400.0,1325880.0,8.47797e-05,0.000478792,0.00239766,0.0018382,0.0018387,0.00183911,0.00184529,627.525,0.000878
17.115,6713380.0,6309540.0,5984640.0,1325830.0,8.47802e-05,0.000481652,0.00240036,0.00183806,0.00183856,0.00183897,0.00184515,627.525,0.000877
17.12,6713410.0,6308680.0,5983830.0,1325780.0,8.47804e-05,0.000482693,0.00240124,0.00183791,0.00183841,0.00183882,0.001845,628.116,0.000876
17.125,6713510.0,6307890.0,5983090.0,1325730.0,8.4781e-05,0.000486645,0.00240503,0.00183777,0.00183828,0.00183868,0.00184486,628.187,0.000875
17.13,6713510.0,6307010.0,5982260.0,1325680.0,8.4781e-05,0.000486798,0.00240503,0.00183762,0.00183812,0.00183853,0.00184471,628.404,0.000874
17.135,6713550.0,6306160.0,5981460.0,1325630.0,8.47813e-05,0.000488349,0.00240642,0.00183747,0.00183798,0.00183838,0.00184456,628.404,0.000873
17.14,6713570.0,6305280.0,5980640.0,1325570.0,8.47814e-05,0.000488962,0.00240688,0.00183732,0.00183783,0.00183823,0.00184441,627.738,0.000872
17.145,6713460.0,6304280.0,5979700.0,1325510.0,8.47807e-05,0.000484831,0.0024026,0.00183714,0.00183765,0.00183806,0.00184423,628.089,0.000871
17.15,6713460.0,6303390.0,5978860.0,1325460.0,8.47807e-05,0.000484987,0.0024026,0.00183699,0.0018375,0.00183791,0.00184408,629.157,0.00087
17.155,6713650.0,6302650.0,5978170.0,1325410.0,8.47819e-05,0.000492014,0.00240945,0.00183686,0.00183737,0.00183778,0.00184395,629.157,0.000869
17.16,6713710.0,6301810.0,5977380.0,1325360.0,8.47823e-05,0.000494424,0.0024117,0.00183671,0.00183723,0.00183763,0.0018438,631.139,0.000868
17.165,6714050.0,6301210.0,5976820.0,1325320.0,8.47844e-05,0.000507326,0.00242441,0.00183661,0.00183712,0.00183753,0.0018437,630.356,0.000867
17.17,6714050.0,6300300.0,5975960.0,1325270.0,8.47844e-05,0.000507483,0.00242441,0.00183645,0.00183697,0.00183737,0.00184354,627.968,0.000866
17.175,6713650.0,6299020.0,5974760.0,1325190.0,8.47819e-05,0.000492289,0.0024091,0.00183623,0.00183675,0.00183715,0.00184332,627.968,0.000865
17.18,6713530.0,6297990.0,5973790.0,1325130.0,8.47811e-05,0.000487412,0.00240407,0.00183605,0.00183657,0.00183697,0.00184314,628.612,0.000864
17.185,6713640.0,6297170.0,5973020.0,1325070.0,8.47818e-05,0.000491708,0.0024082,0.00183591,0.00183643,0.00183683,0.001843,628.259,0.000863
17.19,6713640.0,6296250.0,5972160.0,1325020.0,8.47819e-05,0.000491868,0.0024082,0.00183575,0.00183627,0.00183667,0.00184284,627.182,0.000862
17.195,6713470.0,6295160.0,5971140.0,1324950.0,8.47808e-05,0.000485102,0.00240129,0.00183556,0.00183608,0.00183649,0.00184265,627.182,0.000861
17.2,6713410.0,6294180.0,5970220.0,1324890.0,8.47804e-05,0.000482991,0.00239902,0.00183539,0.00183591,0.00183632,0.00184248,631.769,0.00086
17.205,6714180.0,6293970.0,5970010.0,1324880.0,8.47852e-05,0.000512651,0.00242844,0.00183535,0.00183588,0.00183628,0.00184244,631.296,0.000859
17.21,6714190.0,6293040.0,5969140.0,1324820.0,8.47852e-05,0.000512812,0.00242844,0.00183519,0.00183572,0.00183612,0.00184228,629.855,0.000858
17.215,6713950.0,6291880.0,5968050.0,1324750.0,8.47838e-05,0.000503706,0.00241919,0.00183499,0.00183552,0.00183592,0.00184207,629.855,0.000857
17.22,6713880.0,6290870.0,5967110.0,1324690.0,8.47833e-05,0.000500829,0.00241616,0.00183482,0.00183534,0.00183575,0.0018419,626.675,0.000856
17.225,6713350.0,6289430.0,5965760.0,1324600.0,8.478e-05,0.000480548,0.00239577,0.00183457,0.00183509,0.0018355,0.00184165,627.726,0.000855
17.23,6713350.0,6288490.0,5964870.0,1324540.0,8.478e-05,0.000480711,0.00239577,0.0018344,0.00183493,0.00183534,0.00184148,630.931,0.000854
17.235,6713890.0,6288040.0,5964450.0,1324510.0,8.47834e-05,0.000501482,0.00241632,0.00183432,0.00183485,0.00183526,0.00184141,630.931,0.000853
17.24,6714070.0,6287260.0,5963710.0,1324470.0,8.47845e-05,0.000508405,0.00242306,0.00183419,0.00183472,0.00183512,0.00184127,629.087,0.000852
17.245,6713770.0,6286020.0,5962550.0,1324390.0,8.47826e-05,0.000496716,0.00241123,0.00183397,0.0018345,0.00183491,0.00184105,628.68,0.000851
17.25,6713770.0,6285060.0,5961650.0,1324330.0,8.47827e-05,0.000496883,0.00241123,0.00183381,0.00183434,0.00183474,0.00184089,627.438,0.00085
17.255,6713570.0,6283910.0,5960570.0,1324260.0,8.47814e-05,0.000489064,0.00240327,0.00183361,0.00183414,0.00183454,0.00184069,627.438,0.000849
17.26,6713510.0,6282890.0,5959610.0,1324200.0,8.4781e-05,0.000486611,0.00240065,0.00183343,0.00183396,0.00183437,0.00184051,627.137,0.000848
17.265,6713460.0,6281870.0,5958660.0,1324140.0,8.47807e-05,0.000484844,0.00239872,0.00183325,0.00183379,0.00183419,0.00184033,628.61,0.000847
17.27,6713470.0,6280910.0,5957750.0,1324080.0,8.47807e-05,0.000485012,0.00239872,0.00183308,0.00183362,0.00183402,0.00184016,633.1,0.000846
17.275,6714220.0,6280630.0,5957490.0,1324060.0,8.47855e-05,0.000514055,0.00242752,0.00183304,0.00183357,0.00183398,0.00184011,633.1,0.000845
17.28,6714470.0,6279880.0,5956790.0,1324010.0,8.4787e-05,0.000523695,0.00243696,0.00183291,0.00183345,0.00183385,0.00183998,623.967,0.000844
17.285,6712950.0,6277490.0,5954550.0,1323870.0,8.47775e-05,0.000465134,0.00237838,0.00183249,0.00183303,0.00183343,0.00183957,626.34,0.000843
17.29,6712950.0,6276510.0,5953630.0,1323810.0,8.47775e-05,0.000465305,0.00237838,0.00183232,0.00183286,0.00183327,0.00183939,633.576,0.000842
17.295,6714170.0,6276640.0,5953750.0,1323810.0,8.47851e-05,0.000512008,0.00242479,0.00183234,0.00183289,0.00183329,0.00183942,633.576,0.000841
17.3,6714570.0,6276020.0,5953170.0,1323780.0,8.47876e-05,0.000527442,0.00244001,0.00183223,0.00183278,0.00183318,0.00183931,631.247,0.00084
17.305,6714180.0,6274670.0,5951900.0,1323690.0,8.47852e-05,0.00051264,0.00242508,0.001832,0.00183255,0.00183295,0.00183907,632.04,0.000839
17.31,6714190.0,6273680.0,5950970.0,1323630.0,8.47852e-05,0.000512813,0.00242508,0.00183183,0.00183237,0.00183278,0.0018389,634.458,0.000838
17.315,6714600.0,6273050.0,5950380.0,1323590.0,8.47878e-05,0.000528533,0.00244058,0.00183172,0.00183227,0.00183267,0.00183879,634.458,0.000837
17.32,6714730.0,6272180.0,5949560.0,1323540.0,8.47887e-05,0.000533806,0.00244566,0.00183156,0.00183211,0.00183252,0.00183864,626.938,0.000836
17.325,6713480.0,6270010.0,5947520.0,1323410.0,8.47808e-05,0.000485624,0.00239743,0.00183119,0.00183174,0.00183214,0.00183826,627.22,0.000835
17.33,6713490.0,6269000.0,5946580.0,1323340.0,8.47809e-05,0.000485799,0.00239743,0.00183101,0.00183157,0.00183197,0.00183808,628.08,0.000834
17.335,6713630.0,6268130.0,5945750.0,1323290.0,8.47818e-05,0.000491505,0.00240295,0.00183086,0.00183141,0.00183182,0.00183793,628.08,0.000833
17.34,6713690.0,6267160.0,5944840.0,1323230.0,8.47821e-05,0.000493495,0.00240475,0.00183069,0.00183125,0.00183165,0.00183776,627.112,0.000832
17.345,6713530.0,6265990.0,5943750.0,1323160.0,8.47811e-05,0.000487447,0.00239854,0.00183049,0.00183104,0.00183145,0.00183756,628.116,0.000831
17.35,6713530.0,6264970.0,5942790.0,1323100.0,8.47812e-05,0.000487625,0.00239854,0.00183031,0.00183087,0.00183127,0.00183738,631.179,0.00083
17.355,6714050.0,6264420.0,5942270.0,1323060.0,8.47844e-05,0.000507495,0.00241818,0.00183021,0.00183077,0.00183117,0.00183728,631.179,0.000829
17.36,6714220.0,6263540.0,5941450.0,1323010.0,8.47855e-05,0.000514133,0.00242462,0.00183006,0.00183062,0.00183102,0.00183713,627.915,0.000828
17.365,6713680.0,6262010.0,5940010.0,1322910.0,8.47821e-05,0.000493325,0.00240369,0.0018298,0.00183036,0.00183076,0.00183686,628.144,0.000827
17.37,6713690.0,6260970.0,5939040.0,1322850.0,8.47821e-05,0.000493505,0.00240369,0.00182962,0.00183018,0.00183058,0.00183668,628.844,0.000826
17.375,6713810.0,6260040.0,5938160.0,1322790.0,8.47829e-05,0.000498184,0.00240817,0.00182945,0.00183002,0.00183042,0.00183652,628.844,0.000825
17.38,6713850.0,6259040.0,5937220.0,1322730.0,8.47831e-05,0.00049984,0.00240964,0.00182928,0.00182984,0.00183024,0.00183634,627.498,0.000824
17.385,6713630.0,6257780.0,5936040.0,1322650.0,8.47818e-05,0.000491369,0.00240101,0.00182906,0.00182962,0.00183003,0.00183612,627.977,0.000823
17.39,6713640.0,6256740.0,5935060.0,1322590.0,8.47818e-05,0.000491552,0.00240101,0.00182888,0.00182944,0.00182984,0.00183594,629.438,0.000822
17.395,6713880.0,6255910.0,5934280.0,1322540.0,8.47834e-05,0.000501131,0.00241038,0.00182873,0.0018293,0.0018297,0.0018358,629.438,0.000821
17.4,6713970.0,6254930.0,5933360.0,1322480.0,8.47839e-05,0.000504397,0.00241345,0.00182856,0.00182913,0.00182953,0.00183562,626.383,0.00082
17.405,6713460.0,6253400.0,5931920.0,1322390.0,8.47807e-05,0.000484936,0.00239386,0.0018283,0.00182887,0.00182927,0.00183536,627.081,0.000819
17.41,6713470.0,6252340.0,5930930.0,1322320.0,8.47808e-05,0.000485121,0.00239385,0.00182811,0.00182868,0.00182908,0.00183517,629.207,0.000818
17.415,6713830.0,6251600.0,5930230.0,1322270.0,8.4783e-05,0.000498981,0.00240749,0.00182798,0.00182855,0.00182895,0.00183504,629.207,0.000817
17.42,6713950.0,6250630.0,5929330.0,1322220.0,8.47838e-05,0.000503653,0.00241196,0.00182781,0.00182839,0.00182879,0.00183487,631.803,0.000816
17.425,6714390.0,6249960.0,5928690.0,1322170.0,8.47865e-05,0.000520535,0.00242861,0.00182769,0.00182827,0.00182867,0.00183475,631.475,0.000815
17.43,6714390.0,6248880.0,5927680.0,1322110.0,8.47865e-05,0.000520723,0.00242861,0.00182751,0.00182808,0.00182848,0.00183457,630.476,0.000814
17.435,6714230.0,6247650.0,5926520.0,1322030.0,8.47855e-05,0.000514484,0.0024222,0.00182729,0.00182787,0.00182827,0.00183435,630.476,0.000813
17.44,6714180.0,6246510.0,5925460.0,1321960.0,8.47852e-05,0.000512565,0.0024201,0.00182709,0.00182767,0.00182807,0.00183415,628.809,0.000812
17.445,6713910.0,6245170.0,5924200.0,1321880.0,8.47835e-05,0.000502033,0.0024094,0.00182686,0.00182744,0.00182784,0.00183392,628.334,0.000811
17.45,6713910.0,6244070.0,5923170.0,1321810.0,8.47835e-05,0.000502224,0.0024094,0.00182667,0.00182725,0.00182765,0.00183373,626.887,0.00081
17.455,6713680.0,6242760.0,5921930.0,1321730.0,8.47821e-05,0.00049311,0.00240012,0.00182644,0.00182702,0.00182742,0.00183349,626.887,0.000809
17.46,6713600.0,6241580.0,5920830.0,1321660.0,8.47816e-05,0.000490249,0.00239707,0.00182623,0.00182682,0.00182722,0.00183329,628.059,0.000808
17.465,6713800.0,6240660.0,5919970.0,1321600.0,8.47828e-05,0.000497979,0.00240459,0.00182607,0.00182666,0.00182706,0.00183313,628.5,0.000807
17.47,6713810.0,6239550.0,5918930.0,1321530.0,8.47829e-05,0.000498172,0.00240459,0.00182588,0.00182647,0.00182687,0.00183293,629.845,0.000806
17.475,6714040.0,6238650.0,5918080.0,1321480.0,8.47843e-05,0.000507016,0.00241321,0.00182572,0.00182631,0.00182671,0.00183277,629.845,0.000805
17.48,6714120.0,6237600.0,5917090.0,1321410.0,8.47848e-05,0.000510048,0.00241604,0.00182554,0.00182613,0.00182653,0.00183259,633.422,0.000804
17.485,6714720.0,6237030.0,5916560.0,1321380.0,8.47886e-05,0.000533248,0.00243898,0.00182544,0.00182603,0.00182643,0.00183249,634.233,0.000803
17.49,6714720.0,6235910.0,5915500.0,1321310.0,8.47886e-05,0.000533444,0.00243898,0.00182524,0.00182584,0.00182623,0.0018323,636.703,0.000802
17.495,6715140.0,6235160.0,5914800.0,1321260.0,8.47912e-05,0.00054953,0.00245483,0.00182511,0.00182571,0.0018261,0.00183216,636.703,0.000801
17.5,6715280.0,6234160.0,5913860.0,1321200.0,8.47921e-05,0.000554939,0.00246003,0.00182494,0.00182553,0.00182593,0.00183199,628.373,0.0008
17.505,6713900.0,6231750.0,5911590.0,1321050.0,8.47834e-05,0.000501564,0.00240659,0.00182452,0.00182511,0.00182551,0.00183157,627.616,0.000799
17.51,6713900.0,6230610.0,5910530.0,1320980.0,8.47835e-05,0.000501763,0.00240659,0.00182432,0.00182492,0.00182531,0.00183137,625.307,0.000798
17.515,6713520.0,6229110.0,5909120.0,1320890.0,8.47811e-05,0.000487114,0.00239178,0.00182406,0.00182466,0.00182505,0.0018311,625.307,0.000797
17.52,6713400.0,6227850.0,5907940.0,1320820.0,8.47803e-05,0.000482444,0.00238692,0.00182384,0.00182444,0.00182483,0.00183088,627.386,0.000796
17.525,6713750.0,6227020.0,5907160.0,1320760.0,8.47825e-05,0.000496015,0.00240026,0.00182369,0.00182429,0.00182469,0.00183074,627.47,0.000795
17.53,6713760.0,6225870.0,5906080.0,1320690.0,8.47826e-05,0.000496216,0.00240025,0.00182349,0.00182409,0.00182449,0.00183053,627.728,0.000794
17.535,6713810.0,6224750.0,5905020.0,1320620.0,8.47829e-05,0.000498077,0.00240191,0.00182329,0.0018239,0.00182429,0.00183034,627.728,0.000793
17.54,6713820.0,6223600.0,5903950.0,1320550.0,8.4783e-05,0.000498824,0.00240245,0.00182309,0.0018237,0.0018241,0.00183014,623.413,0.000792
17.545,6713110.0,6221770.0,5902230.0,1320440.0,8.47785e-05,0.000471274,0.00237477,0.00182277,0.00182338,0.00182378,0.00182982,622.958,0.000791
17.55,6713110.0,6220600.0,5901130.0,1320370.0,8.47785e-05,0.000471479,0.00237476,0.00182257,0.00182318,0.00182357,0.00182961,621.573,0.00079
17.555,6712890.0,6219220.0,5899830.0,1320280.0,8.47771e-05,0.000462777,0.00236588,0.00182233,0.00182294,0.00182333,0.00182937,621.573,0.000789
17.56,6712820.0,6217970.0,5898660.0,1320210.0,8.47767e-05,0.000460061,0.00236296,0.00182211,0.00182272,0.00182312,0.00182915,628.021,0.000788
17.565,6713900.0,6217770.0,5898480.0,1320200.0,8.47835e-05,0.000501734,0.00240432,0.00182207,0.00182269,0.00182308,0.00182912,627.711,0.000787
17.57,6713910.0,6216590.0,5897360.0,1320120.0,8.47835e-05,0.000501941,0.00240432,0.00182187,0.00182248,0.00182288,0.00182891,626.766,0.000786
17.575,6713750.0,6215250.0,5896110.0,1320040.0,8.47825e-05,0.000496074,0.00239826,0.00182163,0.00182225,0.00182264,0.00182867,626.766,0.000785
17.58,6713710.0,6214010.0,5894950.0,1319960.0,8.47822e-05,0.00049429,0.00239627,0.00182142,0.00182203,0.00182243,0.00182846,627.663,0.000784
17.585,6713860.0,6212950.0,5893950.0,1319900.0,8.47832e-05,0.000500268,0.00240202,0.00182123,0.00182185,0.00182224,0.00182827,627.391,0.000783
17.59,6713870.0,6211750.0,5892820.0,1319830.0,8.47832e-05,0.000500479,0.00240202,0.00182102,0.00182164,0.00182203,0.00182806,626.561,0.000782
17.595,6713730.0,6210410.0,5891570.0,1319740.0,8.47824e-05,0.00049535,0.00239669,0.00182079,0.00182141,0.0018218,0.00182782,626.561,0.000781
17.6,6713690.0,6209160.0,5890390.0,1319670.0,8.47822e-05,0.000493811,0.00239494,0.00182057,0.00182119,0.00182158,0.0018276,631.822,0.00078
17.605,6714580.0,6208750.0,5890000.0,1319640.0,8.47877e-05,0.000527863,0.00242869,0.00182049,0.00182112,0.00182151,0.00182753,631.143,0.000779
17.61,6714590.0,6207530.0,5888860.0,1319570.0,8.47877e-05,0.000528077,0.00242869,0.00182028,0.00182091,0.0018213,0.00182732,629.073,0.000778
17.615,6714240.0,6205990.0,5887410.0,1319470.0,8.47856e-05,0.000514975,0.00241541,0.00182001,0.00182064,0.00182103,0.00182705,629.073,0.000777
17.62,6714140.0,6204660.0,5886160.0,1319390.0,8.47849e-05,0.000510822,0.00241105,0.00181978,0.00182041,0.0018208,0.00182681,631.534,0.000776
17.625,6714550.0,6203800.0,5885360.0,1319340.0,8.47875e-05,0.000526868,0.00242684,0.00181963,0.00182026,0.00182065,0.00182666,630.701,0.000775
17.63,6714560.0,6202560.0,5884200.0,1319260.0,8.47876e-05,0.000527085,0.00242683,0.00181941,0.00182004,0.00182044,0.00182644,628.161,0.000774
17.635,6714140.0,6200930.0,5882670.0,1319160.0,8.4785e-05,0.00051097,0.00241054,0.00181913,0.00181976,0.00182015,0.00182616,628.161,0.000773
17.64,6714010.0,6199560.0,5881380.0,1319080.0,8.47841e-05,0.000505831,0.0024052,0.00181889,0.00181952,0.00181991,0.00182592,630.677,0.000772
17.645,6714430.0,6198690.0,5880560.0,1319020.0,8.47868e-05,0.000522225,0.00242133,0.00181873,0.00181937,0.00181976,0.00182576,631.417,0.000771
17.65,6714440.0,6197440.0,5879390.0,1318950.0,8.47868e-05,0.000522445,0.00242133,0.00181851,0.00181915,0.00181954,0.00182554,633.675,0.00077
17.655,6714820.0,6196520.0,5878520.0,1318890.0,8.47892e-05,0.000537187,0.00243581,0.00181835,0.00181899,0.00181938,0.00182538,633.675,0.000769
17.66,6714950.0,6195370.0,5877440.0,1318820.0,8.479e-05,0.000542171,0.00244056,0.00181815,0.00181879,0.00181918,0.00182518,630.363,0.000768
17.665,6714400.0,6193600.0,5875780.0,1318710.0,8.47866e-05,0.000521095,0.00241931,0.00181784,0.00181848,0.00181887,0.00182487,629.802,0.000767
17.67,6714410.0,6192330.0,5874590.0,1318630.0,8.47866e-05,0.000521318,0.00241931,0.00181762,0.00181826,0.00181865,0.00182464,628.092,0.000766
17.675,6714130.0,6190790.0,5873140.0,1318540.0,8.47849e-05,0.000510542,0.00240834,0.00181735,0.00181799,0.00181839,0.00182437,628.092,0.000765
17.68,6714040.0,6189420.0,5871860.0,1318450.0,8.47843e-05,0.000507158,0.00240474,0.00181711,0.00181775,0.00181815,0.00182413,628.63,0.000764
17.685,6714140.0,6188220.0,5870730.0,1318380.0,8.47849e-05,0.000510847,0.00240819,0.0018169,0.00181754,0.00181794,0.00182392,628.874,0.000763
17.69,6714140.0,6186930.0,5869520.0,1318300.0,8.4785e-05,0.000511073,0.00240819,0.00181667,0.00181732,0.00181771,0.00182369,629.617,0.000762
17.695,6714270.0,6185750.0,5868410.0,1318230.0,8.47858e-05,0.000516081,0.00241296,0.00181646,0.00181711,0.00181751,0.00182349,629.617,0.000761
17.7,6714320.0,6184480.0,5867220.0,1318150.0,8.47861e-05,0.000517878,0.00241452,0.00181624,0.00181689,0.00181729,0.00182326,627.812,0.00076
17.705,6714020.0,6182900.0,5865740.0,1318050.0,8.47842e-05,0.000506497,0.00240294,0.00181596,0.00181662,0.00181701,0.00182299,628.698,0.000759
17.71,6714030.0,6181600.0,5864510.0,1317970.0,8.47843e-05,0.000506726,0.00240294,0.00181573,0.00181639,0.00181678,0.00182275,631.401,0.000758
17.715,6714490.0,6180690.0,5863660.0,1317920.0,8.47871e-05,0.000524338,0.00242027,0.00181557,0.00181623,0.00181662,0.0018226,631.401,0.000757
17.72,6714640.0,6179510.0,5862550.0,1317840.0,8.47881e-05,0.000530271,0.00242596,0.00181537,0.00181603,0.00181642,0.00182239,629.924,0.000756
17.725,6714400.0,6177960.0,5861090.0,1317750.0,8.47866e-05,0.000521001,0.00241648,0.0018151,0.00181576,0.00181615,0.00182211,630.403,0.000755
17.73,6714410.0,6176630.0,5859850.0,1317670.0,8.47866e-05,0.000521234,0.00241648,0.00181486,0.00181552,0.00181592,0.00182188,631.864,0.000754
17.735,6714660.0,6175520.0,5858800.0,1317600.0,8.47882e-05,0.000530865,0.00242584,0.00181467,0.00181533,0.00181572,0.00182168,631.864,0.000753
17.74,6714740.0,6174250.0,5857610.0,1317520.0,8.47887e-05,0.000534182,0.00242892,0.00181444,0.00181511,0.0018155,0.00182146,630.237,0.000752
17.745,6714480.0,6172660.0,5856120.0,1317420.0,8.47871e-05,0.000523954,0.00241848,0.00181417,0.00181483,0.00181522,0.00182118,629.149,0.000751
17.75,6714480.0,6171320.0,5854860.0,1317340.0,8.47871e-05,0.00052419,0.00241848,0.00181393,0.0018146,0.00181499,0.00182094,625.833,0.00075
17.755,6713940.0,6169460.0,5853120.0,1317230.0,8.47837e-05,0.000503101,0.00239721,0.0018136,0.00181427,0.00181466,0.00182062,625.833,0.000749
17.76,6713760.0,6167940.0,5851690.0,1317130.0,8.47826e-05,0.000496345,0.00239023,0.00181334,0.00181401,0.0018144,0.00182035,626.882,0.000748
17.765,6713940.0,6166730.0,5850560.0,1317060.0,8.47837e-05,0.00050333,0.00239695,0.00181312,0.0018138,0.00181419,0.00182014,626.805,0.000747
17.77,6713950.0,6165370.0,5849270.0,1316980.0,8.47838e-05,0.000503571,0.00239695,0.00181288,0.00181356,0.00181395,0.00181989,626.571,0.000746
17.775,6713920.0,6163960.0,5847950.0,1316890.0,8.47835e-05,0.000502308,0.00239545,0.00181264,0.00181331,0.0018137,0.00181965,626.571,0.000745
17.78,6713910.0,6162570.0,5846650.0,1316800.0,8.47835e-05,0.000502057,0.00239496,0.00181239,0.00181307,0.00181346,0.0018194,628.62,0.000744
17.785,6714260.0,6161500.0,5845640.0,1316740.0,8.47857e-05,0.000515479,0.0024081,0.0018122,0.00181288,0.00181327,0.00181921,628.16,0.000743
17.79,6714260.0,6160110.0,5844340.0,1316650.0,8.47857e-05,0.000515723,0.0024081,0.00181196,0.00181264,0.00181303,0.00181897,626.758,0.000742
17.795,6714040.0,6158510.0,5842830.0,1316550.0,8.47843e-05,0.000506951,0.0023991,0.00181168,0.00181236,0.00181275,0.00181868,626.758,0.000741
17.8,6713970.0,6157040.0,5841450.0,1316460.0,8.47839e-05,0.000504238,0.00239615,0.00181142,0.0018121,0.00181249,0.00181843,626.454,0.00074
17.805,6713920.0,6155590.0,5840090.0,1316370.0,8.47836e-05,0.000502527,0.0023942,0.00181116,0.00181185,0.00181224,0.00181817,627.015,0.000739
17.81,6713930.0,6154180.0,5838770.0,1316290.0,8.47836e-05,0.000502775,0.0023942,0.00181092,0.0018116,0.00181199,0.00181792,628.725,0.000738
17.815,6714220.0,6153030.0,5837690.0,1316220.0,8.47854e-05,0.000514021,0.00240516,0.00181071,0.0018114,0.00181179,0.00181772,628.725,0.000737
17.82,6714320.0,6151700.0,5836440.0,1316130.0,8.47861e-05,0.000517878,0.00240876,0.00181048,0.00181117,0.00181156,0.00181748,628.776,0.000736
17.825,6714340.0,6150280.0,5835110.0,1316050.0,8.47862e-05,0.000518458,0.00240908,0.00181023,0.00181092,0.00181131,0.00181723,627.613,0.000735
17.83,6714340.0,6148850.0,5833770.0,1315960.0,8.47862e-05,0.00051871,0.00240908,0.00180998,0.00181067,0.00181106,0.00181698,624.069,0.000734
17.835,6713760.0,6146880.0,5831920.0,1315840.0,8.47825e-05,0.000496169,0.00238635,0.00180963,0.00181033,0.00181072,0.00181663,624.069,0.000733
17.84,6713570.0,6145270.0,5830400.0,1315740.0,8.47814e-05,0.000488946,0.00237889,0.00180935,0.00181005,0.00181043,0.00181635,621.98,0.000732
17.845,6713220.0,6143510.0,5828750.0,1315630.0,8.47792e-05,0.000475762,0.00236549,0.00180904,0.00180974,0.00181012,0.00181604,623.778,0.000731
17.85,6713230.0,6142060.0,5827390.0,1315540.0,8.47793e-05,0.000476018,0.00236549,0.00180878,0.00180948,0.00180987,0.00181578,629.261,0.00073
17.855,6714160.0,6141430.0,5826800.0,1315500.0,8.4785e-05,0.000511536,0.00240065,0.00180867,0.00180937,0.00180976,0.00181567,629.261,0.000729
17.86,6714460.0,6140240.0,5825680.0,1315430.0,8.4787e-05,0.000523359,0.00241218,0.00180846,0.00180917,0.00180955,0.00181546,631.541,0.000728
17.865,6714850.0,6139120.0,5824630.0,1315360.0,8.47894e-05,0.000538279,0.0024268,0.00180826,0.00180897,0.00180936,0.00181526,629.73,0.000727
17.87,6714860.0,6137650.0,5823250.0,1315270.0,8.47894e-05,0.000538538,0.0024268,0.001808,0.00180871,0.0018091,0.001815,624.211,0.000726
17.875,6713940.0,6135340.0,5821080.0,1315130.0,8.47837e-05,0.000503305,0.0023914,0.0018076,0.00180831,0.00180869,0.00181459,624.211,0.000725
17.88,6713650.0,6133590.0,5819430.0,1315020.0,8.47819e-05,0.000491924,0.00237979,0.00180729,0.001808,0.00180839,0.00181428,631.295,0.000724
17.885,6714840.0,6133160.0,5819030.0,1315000.0,8.47893e-05,0.000537745,0.00242522,0.00180721,0.00180793,0.00180831,0.00181421,629.794,0.000723
17.89,6714840.0,6131670.0,5817630.0,1314900.0,8.47893e-05,0.000538008,0.00242522,0.00180695,0.00180766,0.00180805,0.00181394,625.216,0.000722
17.895,6714080.0,6129480.0,5815580.0,1314770.0,8.47846e-05,0.000508833,0.00239586,0.00180656,0.00180728,0.00180767,0.00181355,625.216,0.000721
17.9,6713840.0,6127750.0,5813960.0,1314660.0,8.47831e-05,0.000499442,0.00238623,0.00180626,0.00180698,0.00180736,0.00181325,629.982,0.00072
17.905,6714640.0,6126960.0,5813210.0,1314610.0,8.47881e-05,0.000530361,0.0024168,0.00180612,0.00180684,0.00180722,0.00181311,629.959,0.000719
17.91,6714650.0,6125440.0,5811790.0,1314520.0,8.47881e-05,0.000530629,0.00241679,0.00180585,0.00180657,0.00180696,0.00181284,629.889,0.000718
17.915,6714650.0,6123910.0,5810350.0,1314430.0,8.47881e-05,0.000530444,0.00241634,0.00180558,0.0018063,0.00180669,0.00181257,629.889,0.000717
17.92,6714650.0,6122380.0,5808910.0,1314330.0,8.47881e-05,0.000530565,0.00241619,0.00180531,0.00180604,0.00180642,0.0018123,627.524,0.000716
17.925,6714260.0,6120490.0,5807140.0,1314220.0,8.47857e-05,0.00051563,0.00240102,0.00180498,0.0018057,0.00180609,0.00181196,628.408,0.000715
17.93,6714270.0,6118950.0,5805690.0,1314120.0,8.47858e-05,0.000515902,0.00240102,0.00180471,0.00180543,0.00180582,0.00181169,631.1,0.000714
17.935,6714730.0,6117810.0,5804620.0,1314050.0,8.47886e-05,0.000533491,0.00241829,0.0018045,0.00180523,0.00180562,0.00181149,631.1,0.000713
17.94,6714880.0,6116400.0,5803290.0,1313970.0,8.47896e-05,0.000539444,0.00242395,0.00180425,0.00180499,0.00180537,0.00181124,630.487,0.000712
17.945,6714790.0,6114750.0,5801740.0,1313860.0,8.4789e-05,0.000535776,0.00242002,0.00180396,0.0018047,0.00180508,0.00181094,630.676,0.000711
17.95,6714790.0,6113190.0,5800280.0,1313770.0,8.4789e-05,0.000536051,0.00242002,0.00180369,0.00180442,0.00180481,0.00181067,631.254,0.00071
17.955,6714900.0,6111700.0,5798890.0,1313680.0,8.47897e-05,0.000540046,0.00242372,0.00180342,0.00180416,0.00180455,0.0018104,631.254,0.000709
17.96,6714940.0,6110160.0,5797440.0,1313580.0,8.47899e-05,0.000541544,0.00242494,0.00180315,0.00180389,0.00180427,0.00181013,628.732,0.000708
17.965,6714520.0,6108200.0,5795600.0,1313460.0,8.47873e-05,0.000525603,0.00240876,0.00180281,0.00180355,0.00180393,0.00180978,629.487,0.000707
17.97,6714530.0,6106620.0,5794110.0,1313360.0,8.47874e-05,0.000525883,0.00240876,0.00180253,0.00180327,0.00180365,0.0018095,631.788,0.000706
17.975,6714920.0,6105370.0,5792940.0,1313290.0,8.47898e-05,0.000540964,0.00242351,0.0018023,0.00180305,0.00180343,0.00180928,631.788,0.000705
17.98,6715050.0,6103880.0,5791540.0,1313200.0,8.47906e-05,0.000546101,0.00242835,0.00180204,0.00180279,0.00180317,0.00180902,628.518,0.000704
17.985,6714510.0,6101790.0,5789580.0,1313070.0,8.47873e-05,0.000525355,0.00240738,0.00180167,0.00180242,0.0018028,0.00180865,628.055,0.000703
17.99,6714520.0,6100180.0,5788070.0,1312970.0,8.47873e-05,0.00052564,0.00240738,0.00180139,0.00180214,0.00180252,0.00180836,626.643,0.000702
17.995,6714290.0,6098350.0,5786350.0,1312860.0,8.47859e-05,0.000516846,0.00239832,0.00180106,0.00180182,0.0018022,0.00180804,626.643,0.000701
18.0,6714220.0,6096660.0,5784770.0,1312750.0,8.47855e-05,0.000514155,0.00239535,0.00180077,0.00180152,0.0018019,0.00180774,635.582,0.0007
18.005,6715730.0,6096370.0,5784490.0,1312730.0,8.47948e-05,0.000571928,0.00245267,0.00180071,0.00180147,0.00180185,0.00180768,633.513,0.000699
18.01,6715730.0,6094730.0,5782950.0,1312630.0,8.47949e-05,0.000572217,0.00245267,0.00180042,0.00180118,0.00180156,0.00180739,627.206,0.000698
18.015,6714690.0,6092150.0,5780530.0,1312470.0,8.47884e-05,0.000531946,0.00241222,0.00179997,0.00180073,0.00180111,0.00180694,627.206,0.000697
18.02,6714350.0,6090200.0,5778690.0,1312350.0,8.47862e-05,0.000518933,0.00239895,0.00179962,0.00180038,0.00180076,0.00180659,631.591,0.000696
18.025,6715090.0,6089200.0,5777750.0,1312290.0,8.47909e-05,0.000547425,0.00242707,0.00179944,0.00180021,0.00180059,0.00180641,630.602,0.000695
18.03,6715100.0,6087540.0,5776200.0,1312190.0,8.47909e-05,0.000547719,0.00242707,0.00179915,0.00179991,0.0018003,0.00180612,627.589,0.000694
18.035,6714600.0,6085420.0,5774210.0,1312060.0,8.47878e-05,0.000528636,0.00240774,0.00179877,0.00179954,0.00179992,0.00180574,627.589,0.000693
18.04,6714440.0,6083600.0,5772500.0,1311950.0,8.47868e-05,0.000522577,0.0024014,0.00179845,0.00179922,0.0017996,0.00180542,626.445,0.000692
18.045,6714260.0,6081750.0,5770770.0,1311840.0,8.47857e-05,0.000515514,0.00239406,0.00179812,0.0017989,0.00179928,0.00180509,627.798,0.000691
18.05,6714270.0,6080070.0,5769180.0,1311730.0,8.47857e-05,0.000515812,0.00239405,0.00179783,0.0017986,0.00179898,0.00180479,631.924,0.00069
18.055,6714960.0,6078990.0,5768170.0,1311670.0,8.47901e-05,0.000542647,0.00242051,0.00179763,0.00179841,0.00179879,0.0018046,631.924,0.000689
18.06,6715200.0,6077490.0,5766770.0,1311570.0,8.47915e-05,0.000551651,0.00242919,0.00179737,0.00179815,0.00179853,0.00180433,630.322,0.000688
18.065,6714940.0,6075550.0,5764940.0,1311450.0,8.47899e-05,0.000541655,0.00241892,0.00179702,0.0017978,0.00179818,0.00180398,630.443,0.000687
18.07,6714950.0,6073840.0,5763330.0,1311350.0,8.479e-05,0.000541959,0.00241892,0.00179672,0.0017975,0.00179788,0.00180368,630.811,0.000686
18.075,6715020.0,6072170.0,5761770.0,1311250.0,8.47904e-05,0.000544628,0.00242127,0.00179642,0.00179721,0.00179759,0.00180338,630.811,0.000685
18.08,6715040.0,6070470.0,5760170.0,1311140.0,8.47906e-05,0.00054571,0.00242205,0.00179612,0.00179691,0.00179729,0.00180308,629.863,0.000684
18.085,6714890.0,6068590.0,5758410.0,1311030.0,8.47896e-05,0.000539924,0.00241597,0.00179579,0.00179658,0.00179696,0.00180275,629.735,0.000683
18.09,6714900.0,6066860.0,5756780.0,1310920.0,8.47897e-05,0.000540233,0.00241596,0.00179548,0.00179627,0.00179665,0.00180244,629.343,0.000682
18.095,6714840.0,6065050.0,5755090.0,1310810.0,8.47893e-05,0.000538021,0.00241345,0.00179516,0.00179595,0.00179633,0.00180211,629.343,0.000681
18.1,6714830.0,6063280.0,5753420.0,1310700.0,8.47893e-05,0.000537505,0.00241262,0.00179485,0.00179564,0.00179602,0.0018018,627.993,0.00068
18.105,6714610.0,6061320.0,5751580.0,1310580.0,8.47879e-05,0.000529135,0.00240396,0.0017945,0.00179529,0.00179567,0.00180145,628.024,0.000679
18.11,6714620.0,6059560.0,5749930.0,1310470.0,8.47879e-05,0.000529448,0.00240396,0.00179419,0.00179498,0.00179536,0.00180114,628.121,0.000678
18.115,6714650.0,6057800.0,5748280.0,1310360.0,8.47881e-05,0.000530384,0.00240457,0.00179387,0.00179467,0.00179505,0.00180082,628.121,0.000677
18.12,6714660.0,6056030.0,5746610.0,1310250.0,8.47882e-05,0.000530904,0.00240478,0.00179356,0.00179436,0.00179474,0.00180051,625.106,0.000676
18.125,6714160.0,6053790.0,5744510.0,1310120.0,8.47851e-05,0.000511833,0.00238544,0.00179316,0.00179397,0.00179434,0.00180011,626.207,0.000675
18.13,6714170.0,6052000.0,5742830.0,1310010.0,8.47851e-05,0.000512152,0.00238544,0.00179284,0.00179365,0.00179403,0.00179979,629.564,0.000674
18.135,6714740.0,6050700.0,5741610.0,1309930.0,8.47887e-05,0.000534063,0.00240697,0.00179261,0.00179342,0.0017938,0.00179956,629.564,0.000673
18.14,6714930.0,6049050.0,5740060.0,1309830.0,8.47899e-05,0.000541466,0.00241403,0.00179232,0.00179313,0.00179351,0.00179926,631.179,0.000672
18.145,6715210.0,6047480.0,5738580.0,1309730.0,8.47916e-05,0.000552172,0.00242438,0.00179204,0.00179285,0.00179323,0.00179898,631.803,0.000671
18.15,6715220.0,6045650.0,5736870.0,1309620.0,8.47917e-05,0.000552496,0.00242438,0.00179171,0.00179253,0.0017929,0.00179866,633.706,0.00067
18.155,6715550.0,6044110.0,5735420.0,1309520.0,8.47937e-05,0.000565059,0.00243658,0.00179144,0.00179225,0.00179263,0.00179838,633.706,0.000669
18.16,6715660.0,6042360.0,5733780.0,1309410.0,8.47944e-05,0.000569399,0.00244058,0.00179113,0.00179195,0.00179232,0.00179807,626.603,0.000668
18.165,6714480.0,6039470.0,5731070.0,1309240.0,8.47871e-05,0.000524045,0.00239502,0.00179061,0.00179144,0.00179181,0.00179755,626.759,0.000667
18.17,6714490.0,6037620.0,5729330.0,1309120.0,8.47871e-05,0.000524374,0.00239502,0.00179029,0.00179111,0.00179148,0.00179722,627.238,0.000666
18.175,6714580.0,6035830.0,5727650.0,1309010.0,8.47877e-05,0.000527781,0.00239808,0.00178997,0.00179079,0.00179117,0.0017969,627.238,0.000665
18.18,6714610.0,6033990.0,5725920.0,1308900.0,8.47879e-05,0.000529122,0.00239909,0.00178964,0.00179047,0.00179084,0.00179657,630.388,0.000664
18.185,6715150.0,6032580.0,5724600.0,1308810.0,8.47912e-05,0.00054972,0.00241929,0.00178939,0.00179022,0.00179059,0.00179632,631.013,0.000663
18.19,6715160.0,6030700.0,5722840.0,1308700.0,8.47913e-05,0.000550055,0.00241929,0.00178905,0.00178988,0.00179026,0.00179599,632.917,0.000662
18.195,6715480.0,6029100.0,5721330.0,1308600.0,8.47933e-05,0.000562637,0.0024315,0.00178877,0.0017896,0.00178997,0.0017957,632.917,0.000661
18.2,6715600.0,6027290.0,5719630.0,1308490.0,8.4794e-05,0.000566991,0.00243551,0.00178845,0.00178928,0.00178966,0.00179538,634.418,0.00066
18.205,6715860.0,6025610.0,5718050.0,1308380.0,8.47957e-05,0.000576982,0.00244513,0.00178814,0.00178898,0.00178936,0.00179508,633.165,0.000659
18.21,6715870.0,6023700.0,5716260.0,1308270.0,8.47957e-05,0.000577322,0.00244513,0.0017878,0.00178864,0.00178902,0.00179473,629.346,0.000658
18.215,6715240.0,6021220.0,5713930.0,1308110.0,8.47918e-05,0.000553102,0.00242063,0.00178736,0.00178821,0.00178858,0.00179429,629.346,0.000657
18.22,6715040.0,6019110.0,5711950.0,1307990.0,8.47905e-05,0.000545389,0.00241259,0.00178699,0.00178783,0.00178821,0.00179391,630.48,0.000656
18.225,6715230.0,6017350.0,5710290.0,1307880.0,8.47918e-05,0.00055303,0.00241987,0.00178667,0.00178752,0.00178789,0.0017936,630.373,0.000655
18.23,6715240.0,6015410.0,5708470.0,1307760.0,8.47918e-05,0.000553376,0.00241986,0.00178633,0.00178717,0.00178755,0.00179325,630.045,0.000654
18.235,6715200.0,6013410.0,5706600.0,1307630.0,8.47915e-05,0.000551614,0.00241776,0.00178597,0.00178682,0.00178719,0.00179289,630.045,0.000653
18.24,6715190.0,6011440.0,5704750.0,1307510.0,8.47915e-05,0.000551271,0.00241707,0.00178562,0.00178647,0.00178684,0.00179254,628.418,0.000652
18.245,6714930.0,6009230.0,5702680.0,1307380.0,8.47898e-05,0.000541159,0.00240663,0.00178523,0.00178608,0.00178645,0.00179215,628.158,0.000651
18.25,6714930.0,6007260.0,5700830.0,1307260.0,8.47899e-05,0.000541511,0.00240663,0.00178487,0.00178573,0.0017861,0.00179179,627.367,0.00065
18.255,6714810.0,6005170.0,5698860.0,1307130.0,8.47891e-05,0.000536776,0.00240155,0.0017845,0.00178536,0.00178573,0.00179142,627.367,0.000649
18.26,6714780.0,6003140.0,5696960.0,1307000.0,8.47889e-05,0.000535461,0.00239988,0.00178414,0.001785,0.00178537,0.00179105,630.189,0.000648
18.265,6715260.0,6001560.0,5695470.0,1306910.0,8.47919e-05,0.000553966,0.00241798,0.00178385,0.00178472,0.00178509,0.00179077,629.271,0.000647
18.27,6715270.0,5999560.0,5693590.0,1306780.0,8.4792e-05,0.000554324,0.00241798,0.0017835,0.00178436,0.00178473,0.00179041,626.474,0.000646
18.275,6714810.0,5997130.0,5691320.0,1306630.0,8.47891e-05,0.000536691,0.00240003,0.00178306,0.00178393,0.0017843,0.00178998,626.474,0.000645
18.28,6714670.0,5994980.0,5689300.0,1306500.0,8.47882e-05,0.00053115,0.00239414,0.00178268,0.00178355,0.00178392,0.00178959,629.839,0.000644
18.285,6715240.0,5993440.0,5687850.0,1306410.0,8.47918e-05,0.00055316,0.00241573,0.0017824,0.00178328,0.00178365,0.00178932,630.423,0.000643
18.29,6715250.0,5991410.0,5685940.0,1306280.0,8.47919e-05,0.000553524,0.00241572,0.00178204,0.00178292,0.00178329,0.00178895,632.203,0.000642
18.295,6715550.0,5989620.0,5684260.0,1306170.0,8.47938e-05,0.000565336,0.00242714,0.00178172,0.0017826,0.00178297,0.00178863,632.203,0.000641
18.3,6715660.0,5987660.0,5682420.0,1306050.0,8.47944e-05,0.000569458,0.00243088,0.00178137,0.00178225,0.00178262,0.00178828,628.778,0.00064
18.305,6715100.0,5985090.0,5680010.0,1305890.0,8.47909e-05,0.000547803,0.00240891,0.00178091,0.00178179,0.00178216,0.00178782,628.49,0.000639
18.31,6715110.0,5983020.0,5678070.0,1305770.0,8.4791e-05,0.000548174,0.00240891,0.00178054,0.00178143,0.00178179,0.00178745,627.612,0.000638
18.315,6714970.0,5980820.0,5676000.0,1305630.0,8.47901e-05,0.000542897,0.00240328,0.00178015,0.00178103,0.0017814,0.00178705,627.612,0.000637
18.32,6714930.0,5978690.0,5674000.0,1305500.0,8.47899e-05,0.000541418,0.00240143,0.00177976,0.00178065,0.00178102,0.00178667,630.327,0.000636
18.325,6715400.0,5976990.0,5672400.0,1305400.0,8.47928e-05,0.000559256,0.00241884,0.00177946,0.00178035,0.00178072,0.00178636,630.277,0.000635
18.33,6715410.0,5974890.0,5670430.0,1305270.0,8.47928e-05,0.000559633,0.00241884,0.00177908,0.00177998,0.00178035,0.00178598,630.125,0.000634
18.335,6715390.0,5972750.0,5668420.0,1305140.0,8.47927e-05,0.000559031,0.00241785,0.0017787,0.0017796,0.00177997,0.0017856,630.125,0.000633
18.34,6715390.0,5970620.0,5666430.0,1305000.0,8.47928e-05,0.000559089,0.00241753,0.00177832,0.00177922,0.00177959,0.00178522,630.926,0.000632
18.345,6715540.0,5968610.0,5664540.0,1304880.0,8.47937e-05,0.000564623,0.00242267,0.00177796,0.00177886,0.00177923,0.00178486,630.721,0.000631
18.35,6715550.0,5966470.0,5662530.0,1304750.0,8.47937e-05,0.000565006,0.00242266,0.00177758,0.00177848,0.00177885,0.00178447,630.097,0.00063
18.355,6715450.0,5964230.0,5660430.0,1304610.0,8.47931e-05,0.000561377,0.00241866,0.00177717,0.00177808,0.00177845,0.00178407,630.097,0.000629
18.36,6715430.0,5962050.0,5658380.0,1304480.0,8.4793e-05,0.000560447,0.00241734,0.00177678,0.00177769,0.00177806,0.00178368,624.257,0.000628
18.365,6714460.0,5959040.0,5655550.0,1304290.0,8.47869e-05,0.000523277,0.00237989,0.00177624,0.00177715,0.00177752,0.00178313,624.66,0.000627
18.37,6714470.0,5956860.0,5653510.0,1304160.0,8.4787e-05,0.000523667,0.00237988,0.00177585,0.00177677,0.00177713,0.00178274,625.889,0.000626
18.375,6714690.0,5954860.0,5651630.0,1304040.0,8.47884e-05,0.00053196,0.00238776,0.00177549,0.00177641,0.00177678,0.00178238,625.889,0.000625
18.38,6714760.0,5952730.0,5649620.0,1303900.0,8.47888e-05,0.000534945,0.00239034,0.00177511,0.00177603,0.0017764,0.001782,632.23,0.000624
18.385,6715830.0,5951440.0,5648420.0,1303830.0,8.47955e-05,0.000576125,0.00243101,0.00177488,0.0017758,0.00177617,0.00178177,629.99,0.000623
18.39,6715840.0,5949240.0,5646350.0,1303690.0,8.47956e-05,0.000576521,0.00243101,0.00177448,0.00177541,0.00177577,0.00178137,623.163,0.000622
18.395,6714710.0,5946030.0,5643330.0,1303490.0,8.47885e-05,0.000533008,0.00238721,0.00177391,0.00177483,0.0017752,0.00178079,623.163,0.000621
18.4,6714350.0,5943480.0,5640940.0,1303340.0,8.47863e-05,0.000519005,0.00237285,0.00177345,0.00177438,0.00177474,0.00178033,624.433,0.00062
18.405,6714570.0,5941420.0,5639010.0,1303210.0,8.47876e-05,0.000527576,0.00238099,0.00177308,0.00177401,0.00177438,0.00177996,624.976,0.000619
18.41,6714580.0,5939180.0,5636900.0,1303070.0,8.47877e-05,0.00052798,0.00238099,0.00177268,0.00177361,0.00177397,0.00177955,626.63,0.000618
18.415,6714870.0,5937160.0,5635010.0,1302950.0,8.47895e-05,0.000539027,0.0023916,0.00177231,0.00177325,0.00177361,0.00177919,626.63,0.000617
18.42,6714970.0,5934970.0,5632960.0,1302810.0,8.47901e-05,0.000542925,0.00239508,0.00177192,0.00177286,0.00177322,0.0017788,631.003,0.000616
18.425,6715710.0,5933330.0,5631410.0,1302710.0,8.47948e-05,0.000571457,0.00242312,0.00177162,0.00177256,0.00177293,0.0017785,629.643,0.000615
18.43,6715720.0,5931050.0,5629270.0,1302570.0,8.47948e-05,0.000571868,0.00242312,0.00177121,0.00177216,0.00177252,0.00177809,625.496,0.000614
18.435,6715040.0,5928150.0,5626550.0,1302390.0,8.47906e-05,0.000545612,0.00239652,0.00177069,0.00177164,0.001772,0.00177757,625.496,0.000613
18.44,6714820.0,5925660.0,5624210.0,1302240.0,8.47892e-05,0.000537279,0.00238779,0.00177024,0.00177119,0.00177156,0.00177711,629.003,0.000612
18.445,6715420.0,5923850.0,5622510.0,1302130.0,8.47929e-05,0.000560252,0.00241028,0.00176992,0.00177087,0.00177123,0.00177679,628.436,0.000611
18.45,6715430.0,5921530.0,5620330.0,1301990.0,8.4793e-05,0.00056067,0.00241028,0.0017695,0.00177045,0.00177082,0.00177637,626.708,0.00061
18.455,6715150.0,5918940.0,5617900.0,1301830.0,8.47913e-05,0.000549976,0.00239919,0.00176903,0.00176999,0.00177035,0.0017759,626.708,0.000609
18.46,6715070.0,5916520.0,5615630.0,1301680.0,8.47908e-05,0.000546752,0.00239556,0.0017686,0.00176956,0.00176992,0.00177546,627.437,0.000608
18.465,6715200.0,5914270.0,5613520.0,1301540.0,8.47916e-05,0.000551865,0.00240023,0.00176819,0.00176915,0.00176952,0.00177506,627.602,0.000607
18.47,6715210.0,5911910.0,5611300.0,1301400.0,8.47917e-05,0.000552291,0.00240023,0.00176777,0.00176873,0.00176909,0.00177463,628.105,0.000606
18.475,6715310.0,5909610.0,5609140.0,1301250.0,8.47922e-05,0.000555954,0.00240345,0.00176735,0.00176832,0.00176868,0.00177421,628.105,0.000605
18.48,6715350.0,5907260.0,5606930.0,1301110.0,8.47925e-05,0.000557445,0.00240451,0.00176693,0.0017679,0.00176826,0.00177379,626.184,0.000604
18.485,6715040.0,5904590.0,5604420.0,1300950.0,8.47906e-05,0.000545521,0.00239218,0.00176645,0.00176742,0.00176778,0.00177331,626.166,0.000603
18.49,6715050.0,5902190.0,5602170.0,1300800.0,8.47906e-05,0.000545954,0.00239218,0.00176601,0.00176699,0.00176735,0.00177287,626.109,0.000602
18.495,6715050.0,5899760.0,5599900.0,1300650.0,8.47906e-05,0.000546027,0.00239182,0.00176558,0.00176655,0.00176692,0.00177243,626.109,0.000601
18.5,6715060.0,5897340.0,5597620.0,1300500.0,8.47907e-05,0.000546344,0.00239169,0.00176514,0.00176612,0.00176648,0.00177199,629.609,0.0006
18.505,6715660.0,5895410.0,5595810.0,1300380.0,8.47944e-05,0.000569291,0.00241413,0.00176479,0.00176577,0.00176613,0.00177164,630.726,0.000599
18.51,6715670.0,5892970.0,5593520.0,1300230.0,8.47945e-05,0.000569732,0.00241413,0.00176435,0.00176533,0.0017657,0.0017712,634.132,0.000598
18.515,6716250.0,5891000.0,5591670.0,1300110.0,8.47981e-05,0.000592084,0.00243598,0.00176399,0.00176498,0.00176534,0.00177084,634.132,0.000597
18.52,6716450.0,5888700.0,5589510.0,1299970.0,8.47993e-05,0.000599714,0.00244314,0.00176358,0.00176457,0.00176493,0.00177043,627.767,0.000596
18.525,6715390.0,5885310.0,5586330.0,1299770.0,8.47928e-05,0.000559221,0.00240231,0.00176297,0.00176396,0.00176432,0.00176981,627.598,0.000595
18.53,6715410.0,5882830.0,5584000.0,1299640.0,8.47928e-05,0.000559674,0.00240231,0.00176251,0.00176351,0.00176387,0.00176936,627.086,0.000594
18.535,6715330.0,5880270.0,5581600.0,1299530.0,8.47924e-05,0.000556837,0.00239901,0.00176204,0.00176304,0.0017634,0.00176888,627.086,0.000593
18.54,6715320.0,5877760.0,5579240.0,1299450.0,8.47923e-05,0.000556219,0.00239793,0.00176157,0.00176257,0.00176293,0.00176841,625.038,0.000592
18.545,6714990.0,5874960.0,5576620.0,1299360.0,8.47902e-05,0.000543519,0.0023848,0.00176105,0.00176205,0.00176241,0.00176789,624.709,0.000591
18.55,6715000.0,5872450.0,5574270.0,1299290.0,8.47903e-05,0.00054399,0.00238479,0.00176058,0.00176159,0.00176194,0.00176742,623.707,0.00059
18.555,6714840.0,5869780.0,5571770.0,1299230.0,8.47893e-05,0.000538017,0.00237836,0.00176008,0.00176109,0.00176144,0.00176691,623.707,0.000589
18.56,6714800.0,5867200.0,5569360.0,1299170.0,8.47891e-05,0.000536379,0.00237625,0.00175959,0.0017606,0.00176096,0.00176643,630.993,0.000588
18.565,6716030.0,5865690.0,5567940.0,1299130.0,8.47967e-05,0.000583718,0.00242298,0.0017593,0.00176032,0.00176068,0.00176614,630.44,0.000587
18.57,6716040.0,5863140.0,5565550.0,1299080.0,8.47968e-05,0.0005842,0.00242298,0.00175882,0.00175984,0.0017602,0.00176566,628.754,0.000586
18.575,6715770.0,5860330.0,5562930.0,1299020.0,8.47951e-05,0.000573841,0.00241216,0.00175829,0.00175931,0.00175967,0.00176512,628.754,0.000585
18.58,6715700.0,5857680.0,5560450.0,1298970.0,8.47946e-05,0.000570772,0.00240861,0.00175779,0.00175881,0.00175917,0.00176462,627.077,0.000584
18.585,6715430.0,5854860.0,5557800.0,1298920.0,8.4793e-05,0.000560479,0.00239785,0.00175726,0.00175828,0.00175864,0.00176408,628.022,0.000583
18.59,6715440.0,5852260.0,5555370.0,1298870.0,8.47931e-05,0.000560972,0.00239784,0.00175676,0.00175779,0.00175815,0.00176359,630.902,0.000582
18.595,6715930.0,5850060.0,5553310.0,1298830.0,8.47961e-05,0.000579991,0.00241632,0.00175634,0.00175738,0.00175773,0.00176317,630.902,0.000581
18.6,6716110.0,5847580.0,5550990.0,1298790.0,8.47972e-05,0.000586564,0.00242237,0.00175587,0.00175691,0.00175726,0.00176269,628.693,0.00058
18.605,6715750.0,5844640.0,5548230.0,1298750.0,8.4795e-05,0.000572858,0.0024082,0.00175531,0.00175635,0.00175671,0.00176213,629.024,0.000579
18.61,6715760.0,5842000.0,5545770.0,1298700.0,8.47951e-05,0.00057336,0.0024082,0.00175481,0.00175585,0.00175621,0.00176163,630.032,0.000578
18.615,6715940.0,5839490.0,5543410.0,1298660.0,8.47962e-05,0.000580349,0.00241466,0.00175433,0.00175538,0.00175573,0.00176115,630.032,0.000577
18.62,6716010.0,5836870.0,5540970.0,1298620.0,8.47966e-05,0.000582983,0.00241678,0.00175383,0.00175488,0.00175524,0.00176065,627.576,0.000576
18.625,6715620.0,5833850.0,5538140.0,1298570.0,8.47941e-05,0.0005677,0.00240102,0.00175326,0.00175431,0.00175466,0.00176007,628.493,0.000575
18.63,6715630.0,5831170.0,5535630.0,1298530.0,8.47942e-05,0.000568212,0.00240102,0.00175275,0.0017538,0.00175415,0.00175956,631.286,0.000574
18.635,6716110.0,5828860.0,5533470.0,1298490.0,8.47972e-05,0.000586694,0.00241894,0.00175231,0.00175336,0.00175372,0.00175912,631.286,0.000573
18.64,6716280.0,5826280.0,5531060.0,1298450.0,8.47983e-05,0.000593104,0.00242481,0.00175182,0.00175288,0.00175323,0.00175862,628.575,0.000572
18.645,6715840.0,5823180.0,5528150.0,1298400.0,8.47955e-05,0.000576185,0.00240742,0.00175123,0.00175229,0.00175264,0.00175803,627.723,0.000571
18.65,6715850.0,5820450.0,5525600.0,1298360.0,8.47956e-05,0.000576706,0.00240741,0.0017507,0.00175177,0.00175212,0.00175751,625.127,0.00057
18.655,6715430.0,5817340.0,5522690.0,1298300.0,8.4793e-05,0.000560534,0.00239076,0.00175011,0.00175118,0.00175153,0.00175691,625.127,0.000569
18.66,6715300.0,5814470.0,5520000.0,1298260.0,8.47922e-05,0.000555583,0.00238529,0.00174956,0.00175063,0.00175099,0.00175636,628.697,0.000568
18.665,6715910.0,5812190.0,5517870.0,1298220.0,8.4796e-05,0.000579068,0.00240819,0.00174913,0.0017502,0.00175055,0.00175593,628.443,0.000567
18.67,6715920.0,5809420.0,5515270.0,1298180.0,8.47961e-05,0.000579599,0.00240818,0.0017486,0.00174968,0.00175003,0.00175539,627.67,0.000566
18.675,6715810.0,5806510.0,5512560.0,1298130.0,8.47954e-05,0.000575161,0.00240322,0.00174805,0.00174912,0.00174948,0.00175484,627.67,0.000565
18.68,6715780.0,5803680.0,5509900.0,1298080.0,8.47952e-05,0.000574066,0.00240159,0.0017475,0.00174859,0.00174894,0.00175429,629.768,0.000564
18.685,6716150.0,5801150.0,5507540.0,1298040.0,8.47975e-05,0.000588099,0.00241505,0.00174702,0.00174811,0.00174846,0.00175381,628.121,0.000563
18.69,6716160.0,5798320.0,5504890.0,1298000.0,8.47975e-05,0.00058864,0.00241504,0.00174648,0.00174757,0.00174792,0.00175327,623.1,0.000562
18.695,6715330.0,5794780.0,5501570.0,1297940.0,8.47924e-05,0.000556891,0.00238283,0.0017458,0.00174689,0.00174724,0.00175259,623.1,0.000561
18.7,6715070.0,5791700.0,5498690.0,1297890.0,8.47908e-05,0.000546845,0.00237226,0.00174521,0.00174631,0.00174666,0.00175199,626.961,0.00056
18.705,6715730.0,5789370.0,5496510.0,1297850.0,8.47949e-05,0.000572222,0.00239702,0.00174477,0.00174587,0.00174621,0.00175155,626.537,0.000559
18.71,6715750.0,5786500.0,5493820.0,1297800.0,8.4795e-05,0.000572772,0.00239702,0.00174422,0.00174532,0.00174567,0.00175099,625.244,0.000558
18.715,6715550.0,5783420.0,5490940.0,1297750.0,8.47937e-05,0.000565011,0.00238872,0.00174363,0.00174473,0.00174508,0.0017504,625.244,0.000557
18.72,6715490.0,5780460.0,5488170.0,1297710.0,8.47934e-05,0.00056284,0.002386,0.00174306,0.00174417,0.00174452,0.00174984,625.149,0.000556
18.725,6715490.0,5777530.0,5485430.0,1297660.0,8.47934e-05,0.000562793,0.00238539,0.0017425,0.00174361,0.00174396,0.00174927,626.01,0.000555
18.73,6715500.0,5774610.0,5482690.0,1297610.0,8.47934e-05,0.000563354,0.00238539,0.00174194,0.00174305,0.0017434,0.00174871,628.634,0.000554
18.735,6715960.0,5772030.0,5480270.0,1297570.0,8.47963e-05,0.000580793,0.00240221,0.00174144,0.00174256,0.00174291,0.00174821,628.634,0.000553
18.74,6716110.0,5769190.0,5477620.0,1297520.0,8.47973e-05,0.000586895,0.00240773,0.0017409,0.00174202,0.00174237,0.00174767,631.436,0.000552
18.745,6716600.0,5766610.0,5475210.0,1297480.0,8.48003e-05,0.000605488,0.0024257,0.00174041,0.00174153,0.00174187,0.00174717,630.26,0.000551
18.75,6716610.0,5763630.0,5472420.0,1297430.0,8.48004e-05,0.00060606,0.0024257,0.00173983,0.00174096,0.00174131,0.0017466,626.673,0.00055
18.755,6716030.0,5760140.0,5469150.0,1297370.0,8.47967e-05,0.000583567,0.00240269,0.00173916,0.00174029,0.00174064,0.00174592,626.673,0.000549
18.76,6715850.0,5756970.0,5466180.0,1297320.0,8.47956e-05,0.000576577,0.00239514,0.00173856,0.00173969,0.00174003,0.00174531,627.098,0.000548
18.765,6715930.0,5754010.0,5463410.0,1297270.0,8.47961e-05,0.00057989,0.00239786,0.00173799,0.00173912,0.00173947,0.00174474,627.786,0.000547
18.77,6715950.0,5750980.0,5460570.0,1297230.0,8.47962e-05,0.000580473,0.00239786,0.0017374,0.00173854,0.00173889,0.00174416,629.883,0.000546
18.775,6716310.0,5748220.0,5457990.0,1297180.0,8.47985e-05,0.000594547,0.0024113,0.00173687,0.00173802,0.00173836,0.00174362,629.883,0.000545
18.78,6716440.0,5745250.0,5455220.0,1297130.0,8.47993e-05,0.00059956,0.00241571,0.0017363,0.00173745,0.00173779,0.00174305,627.583,0.000544
18.785,6716070.0,5741860.0,5452040.0,1297080.0,8.4797e-05,0.00058536,0.00240096,0.00173565,0.0017368,0.00173714,0.0017424,627.725,0.000543
18.79,6716090.0,5738770.0,5449150.0,1297030.0,8.47971e-05,0.000585954,0.00240095,0.00173506,0.00173621,0.00173655,0.0017418,628.16,0.000542
18.795,6716180.0,5735730.0,5446300.0,1296980.0,8.47977e-05,0.000589346,0.00240373,0.00173447,0.00173563,0.00173597,0.00174121,628.16,0.000541
18.8,6716220.0,5732630.0,5443410.0,1296930.0,8.47979e-05,0.000590862,0.00240465,0.00173388,0.00173503,0.00173538,0.00174062,628.844,0.00054
18.805,6716350.0,5729600.0,5440560.0,1296880.0,8.47987e-05,0.000595864,0.00240903,0.00173329,0.00173445,0.00173479,0.00174003,629.016,0.000539
18.81,6716360.0,5726460.0,5437620.0,1296820.0,8.47988e-05,0.000596469,0.00240902,0.00173269,0.00173385,0.00173419,0.00173942,629.54,0.000538
18.815,6716470.0,5723370.0,5434730.0,1296770.0,8.47995e-05,0.000600447,0.00241238,0.00173209,0.00173326,0.0017336,0.00173882,629.54,0.000537
18.82,6716510.0,5720220.0,5431790.0,1296720.0,8.47997e-05,0.000602163,0.00241348,0.00173148,0.00173266,0.001733,0.00173821,623.6,0.000536
18.825,6715530.0,5716220.0,5428050.0,1296660.0,8.47936e-05,0.000564582,0.00237538,0.00173071,0.00173189,0.00173223,0.00173744,624.964,0.000535
18.83,6715550.0,5713020.0,5425050.0,1296600.0,8.47937e-05,0.000565199,0.00237538,0.0017301,0.00173128,0.00173162,0.00173682,629.12,0.000534
18.835,6716260.0,5710380.0,5422570.0,1296560.0,8.47982e-05,0.000592552,0.00240203,0.00172958,0.00173077,0.00173111,0.00173631,629.12,0.000533
18.84,6716510.0,5707340.0,5419730.0,1296510.0,8.47997e-05,0.000601944,0.00241077,0.001729,0.00173018,0.00173052,0.00173572,626.742,0.000532
18.845,6716120.0,5703770.0,5416390.0,1296450.0,8.47973e-05,0.000587275,0.00239552,0.00172831,0.0017295,0.00172984,0.00173503,626.726,0.000531
18.85,6716140.0,5700510.0,5413340.0,1296400.0,8.47974e-05,0.000587904,0.00239551,0.00172768,0.00172887,0.00172921,0.0017344,626.675,0.00053
18.855,6716150.0,5697230.0,5410270.0,1296340.0,8.47975e-05,0.000588214,0.00239519,0.00172705,0.00172824,0.00172858,0.00173376,626.675,0.000529
18.86,6716160.0,5693940.0,5407190.0,1296290.0,8.47976e-05,0.000588743,0.00239508,0.00172641,0.00172761,0.00172795,0.00173312,630.857,0.000528
18.865,6716880.0,5691210.0,5404630.0,1296240.0,8.4802e-05,0.000616275,0.00242189,0.00172588,0.00172708,0.00172742,0.00173259,630.953,0.000527
18.87,6716890.0,5687890.0,5401530.0,1296190.0,8.48021e-05,0.000616917,0.00242189,0.00172524,0.00172645,0.00172678,0.00173195,631.245,0.000526
18.875,6716960.0,5684600.0,5398450.0,1296140.0,8.48025e-05,0.000619441,0.00242376,0.0017246,0.00172581,0.00172615,0.00173131,631.245,0.000525
18.88,6716990.0,5681270.0,5395330.0,1296080.0,8.48027e-05,0.000620705,0.00242437,0.00172396,0.00172517,0.00172551,0.00173066,629.362,0.000524
18.885,6716700.0,5677650.0,5391940.0,1296020.0,8.48009e-05,0.000609248,0.00241229,0.00172326,0.00172447,0.00172481,0.00172996,628.949,0.000523
18.89,6716710.0,5674280.0,5388790.0,1295960.0,8.4801e-05,0.000609902,0.00241228,0.0017226,0.00172382,0.00172416,0.0017293,627.688,0.000522
18.895,6716520.0,5670710.0,5385450.0,1295910.0,8.47998e-05,0.00060245,0.00240419,0.00172191,0.00172314,0.00172347,0.00172861,627.688,0.000521
18.9,6716470.0,5667250.0,5382210.0,1295850.0,8.47995e-05,0.000600451,0.00240153,0.00172124,0.00172247,0.0017228,0.00172793,624.635,0.00052
18.905,6715970.0,5663410.0,5378620.0,1295790.0,8.47964e-05,0.000581485,0.00238195,0.0017205,0.00172173,0.00172206,0.00172719,625.904,0.000519
18.91,6715990.0,5659980.0,5375400.0,1295730.0,8.47965e-05,0.000582152,0.00238195,0.00171983,0.00172106,0.0017214,0.00172652,629.773,0.000518
18.915,6716660.0,5657040.0,5372650.0,1295680.0,8.48006e-05,0.000607704,0.00240676,0.00171926,0.0017205,0.00172083,0.00172595,629.773,0.000517
18.92,6716880.0,5653750.0,5369570.0,1295630.0,8.48021e-05,0.000616538,0.00241489,0.00171862,0.00171986,0.0017202,0.0017253,627.098,0.000516
18.925,6716460.0,5649900.0,5365970.0,1295560.0,8.47994e-05,0.000600012,0.00239773,0.00171787,0.00171912,0.00171945,0.00172455,627.597,0.000515
18.93,6716470.0,5646400.0,5362690.0,1295500.0,8.47995e-05,0.000600692,0.00239773,0.00171719,0.00171844,0.00171877,0.00172387,629.12,0.000514
18.935,6716750.0,5643080.0,5359590.0,1295450.0,8.48012e-05,0.000611168,0.00240749,0.00171655,0.0017178,0.00171813,0.00172322,629.12,0.000513
18.94,6716850.0,5639620.0,5356350.0,1295390.0,8.48018e-05,0.000615067,0.00241069,0.00171587,0.00171713,0.00171746,0.00172255,623.128,0.000512
18.945,6715860.0,5635260.0,5352270.0,1295320.0,8.47957e-05,0.000577224,0.00237225,0.00171503,0.00171629,0.00171662,0.0017217,624.716,0.000511
18.95,6715880.0,5631700.0,5348940.0,1295260.0,8.47958e-05,0.000577918,0.00237225,0.00171433,0.0017156,0.00171593,0.001721,629.555,0.00051
18.955,6716710.0,5628760.0,5346190.0,1295210.0,8.4801e-05,0.000609741,0.00240328,0.00171376,0.00171503,0.00171536,0.00172043,629.555,0.000509
18.96,6716990.0,5625380.0,5343020.0,1295150.0,8.48027e-05,0.000620651,0.00241346,0.0017131,0.00171437,0.0017147,0.00171977,624.495,0.000508
18.965,6716160.0,5621090.0,5339000.0,1295080.0,8.47976e-05,0.000588815,0.002381,0.00171227,0.00171354,0.00171387,0.00171892,625.565,0.000507
18.97,6716180.0,5617460.0,5335610.0,1295020.0,8.47977e-05,0.000589522,0.002381,0.00171156,0.00171284,0.00171317,0.00171821,628.826,0.000506
18.975,6716750.0,5614240.0,5332600.0,1294970.0,8.48012e-05,0.000611207,0.00240191,0.00171093,0.00171221,0.00171254,0.00171759,628.826,0.000505
18.98,6716940.0,5610720.0,5329300.0,1294910.0,8.48024e-05,0.0006188,0.00240876,0.00171025,0.00171153,0.00171186,0.0017169,622.63,0.000504
18.985,6715930.0,5606210.0,5325080.0,1294830.0,8.47961e-05,0.000579672,0.00236902,0.00170937,0.00171065,0.00171098,0.00171601,624.007,0.000503
18.99,6715950.0,5602520.0,5321620.0,1294770.0,8.47962e-05,0.000580393,0.00236902,0.00170864,0.00170994,0.00171026,0.00171529,628.205,0.000502
18.995,6716670.0,5599360.0,5318670.0,1294720.0,8.48007e-05,0.000608119,0.00239594,0.00170803,0.00170932,0.00170965,0.00171467,628.205,0.000501
19.0,6716920.0,5595810.0,5315350.0,1294660.0,8.48023e-05,0.000617704,0.00240476,0.00170733,0.00170863,0.00170896,0.00171397,629.792,0.0005
19.005,6717200.0,5592270.0,5312030.0,1294600.0,8.4804e-05,0.000628646,0.00241494,0.00170664,0.00170794,0.00170827,0.00171328,629.967,0.000499
19.01,6717220.0,5588510.0,5308510.0,1294540.0,8.48041e-05,0.000629383,0.00241493,0.0017059,0.00170721,0.00170754,0.00171254,630.502,0.000498
19.015,6717330.0,5584790.0,5305030.0,1294480.0,8.48048e-05,0.000633564,0.00241836,0.00170518,0.00170649,0.00170681,0.00171181,630.502,0.000497
19.02,6717380.0,5581010.0,5301490.0,1294410.0,8.48051e-05,0.000635437,0.00241948,0.00170444,0.00170575,0.00170608,0.00171107,632.552,0.000496
19.025,6717740.0,5577460.0,5298170.0,1294350.0,8.48074e-05,0.000649367,0.00243262,0.00170374,0.00170506,0.00170539,0.00171037,630.995,0.000495
19.03,6717760.0,5573620.0,5294580.0,1294290.0,8.48075e-05,0.000650118,0.00243261,0.00170299,0.00170431,0.00170464,0.00170962,626.248,0.000494
19.035,6716980.0,5569140.0,5290380.0,1294210.0,8.48027e-05,0.000620347,0.00240217,0.00170211,0.00170344,0.00170376,0.00170873,626.248,0.000493
19.04,6716740.0,5565060.0,5286570.0,1294150.0,8.48012e-05,0.000611093,0.00239218,0.00170131,0.00170264,0.00170297,0.00170793,626.723,0.000492
19.045,6716840.0,5561230.0,5282980.0,1294080.0,8.48018e-05,0.000614907,0.00239521,0.00170056,0.0017019,0.00170222,0.00170718,626.456,0.000491
19.05,6716860.0,5557320.0,5279320.0,1294020.0,8.48019e-05,0.000615674,0.00239521,0.00169979,0.00170113,0.00170146,0.00170641,625.645,0.00049
19.055,6716750.0,5553290.0,5275540.0,1293950.0,8.48012e-05,0.000611227,0.00239,0.001699,0.00170035,0.00170067,0.00170561,625.645,0.000489
19.06,6716720.0,5549310.0,5271820.0,1293880.0,8.48011e-05,0.000610291,0.00238829,0.00169822,0.00169957,0.00169989,0.00170483,627.402,0.000488
19.065,6717040.0,5545570.0,5268320.0,1293820.0,8.4803e-05,0.000622372,0.00239955,0.00169749,0.00169884,0.00169916,0.00170409,627.283,0.000487
19.07,6717060.0,5541590.0,5264600.0,1293750.0,8.48031e-05,0.000623155,0.00239955,0.0016967,0.00169806,0.00169838,0.0017033,626.92,0.000486
19.075,6717020.0,5537540.0,5260810.0,1293680.0,8.48029e-05,0.000621609,0.00239721,0.00169591,0.00169727,0.00169759,0.0017025,626.92,0.000485
19.08,6717020.0,5533510.0,5257030.0,1293610.0,8.48029e-05,0.000621634,0.00239645,0.00169511,0.00169648,0.0016968,0.00170171,627.139,0.000484
19.085,6717070.0,5529500.0,5253280.0,1293550.0,8.48032e-05,0.000623836,0.00239784,0.00169432,0.00169569,0.00169601,0.00170091,627.699,0.000483
19.09,6717100.0,5525440.0,5249480.0,1293480.0,8.48034e-05,0.000624634,0.00239784,0.00169352,0.0016949,0.00169522,0.00170011,629.405,0.000482
19.095,6717400.0,5521580.0,5245870.0,1293410.0,8.48053e-05,0.000636413,0.00240878,0.00169276,0.00169414,0.00169446,0.00169935,629.405,0.000481
19.1,6717520.0,5517560.0,5242110.0,1293340.0,8.4806e-05,0.00064082,0.00241236,0.00169197,0.00169335,0.00169367,0.00169855,628.687,0.00048
19.105,6717420.0,5513350.0,5238170.0,1293270.0,8.48054e-05,0.000637019,0.00240775,0.00169114,0.00169252,0.00169284,0.00169772,629.483,0.000479
19.11,6717440.0,5509220.0,5234300.0,1293200.0,8.48055e-05,0.000637834,0.00240775,0.00169033,0.00169171,0.00169203,0.0016969,631.907,0.000478
19.115,6717860.0,5505380.0,5230700.0,1293140.0,8.48082e-05,0.000654248,0.00242329,0.00168957,0.00169096,0.00169128,0.00169614,631.907,0.000477
19.12,6718020.0,5501310.0,5226900.0,1293070.0,8.48091e-05,0.000660187,0.00242839,0.00168876,0.00169016,0.00169048,0.00169534,635.582,0.000476
19.125,6718660.0,5497590.0,5223420.0,1293010.0,8.48131e-05,0.000684658,0.00245196,0.00168803,0.00168943,0.00168975,0.0016946,633.45,0.000475
19.13,6718680.0,5493380.0,5219470.0,1292940.0,8.48132e-05,0.000685491,0.00245195,0.0016872,0.0016886,0.00168892,0.00169376,626.95,0.000474
19.135,6717610.0,5488300.0,5214720.0,1292850.0,8.48066e-05,0.000644517,0.00241025,0.00168619,0.0016876,0.00168792,0.00169275,626.95,0.000473
19.14,6717280.0,5483780.0,5210480.0,1292770.0,8.48045e-05,0.000631644,0.00239657,0.0016853,0.00168671,0.00168702,0.00169185,632.75,0.000472
19.145,6718270.0,5480250.0,5207180.0,1292710.0,8.48107e-05,0.000669796,0.00243377,0.0016846,0.00168602,0.00168633,0.00169115,632.377,0.000471
19.15,6718290.0,5475960.0,5203170.0,1292640.0,8.48108e-05,0.000670646,0.00243376,0.00168375,0.00168517,0.00168548,0.0016903,631.242,0.00047
19.155,6718120.0,5471500.0,5198990.0,1292560.0,8.48098e-05,0.000664198,0.00242647,0.00168286,0.00168429,0.0016846,0.00168941,631.242,0.000469
19.16,6718080.0,5467120.0,5194890.0,1292490.0,8.48095e-05,0.000662661,0.00242408,0.001682,0.00168343,0.00168374,0.00168854,627.502,0.000468
19.165,6717480.0,5462280.0,5190360.0,1292410.0,8.48058e-05,0.000639472,0.00240009,0.00168104,0.00168247,0.00168278,0.00168758,627.603,0.000467
19.17,6717500.0,5457910.0,5186270.0,1292330.0,8.48059e-05,0.00064034,0.00240008,0.00168017,0.00168161,0.00168192,0.00168671,627.913,0.000466
19.175,6717580.0,5453550.0,5182190.0,1292260.0,8.48064e-05,0.000643204,0.00240206,0.0016793,0.00168075,0.00168106,0.00168584,627.913,0.000465
19.18,6717620.0,5449150.0,5178070.0,1292180.0,8.48066e-05,0.000644734,0.0024027,0.00167843,0.00167988,0.00168019,0.00168496,629.905,0.000464
19.185,6717970.0,5444960.0,5174150.0,1292110.0,8.48089e-05,0.000658432,0.00241548,0.0016776,0.00167905,0.00167936,0.00168413,629.178,0.000463
19.19,6718000.0,5440510.0,5169980.0,1292030.0,8.4809e-05,0.000659318,0.00241547,0.00167671,0.00167817,0.00167848,0.00168324,626.963,0.000462
19.195,6717650.0,5435740.0,5165520.0,1291950.0,8.48068e-05,0.000645962,0.00240126,0.00167576,0.00167722,0.00167753,0.00168228,626.963,0.000461
19.2,6717550.0,5431150.0,5161220.0,1291870.0,8.48062e-05,0.000642184,0.00239659,0.00167485,0.00167631,0.00167662,0.00168137,629.255,0.00046
19.205,6717960.0,5426920.0,5157260.0,1291800.0,8.48088e-05,0.000657829,0.00241129,0.001674,0.00167547,0.00167578,0.00168052,628.229,0.000459
19.21,6717980.0,5422370.0,5153010.0,1291720.0,8.48089e-05,0.000658734,0.00241128,0.0016731,0.00167457,0.00167488,0.00167961,625.098,0.000458
19.215,6717480.0,5417410.0,5148360.0,1291640.0,8.48058e-05,0.00063951,0.0023912,0.00167211,0.00167359,0.00167389,0.00167862,625.098,0.000457
19.22,6717330.0,5412690.0,5143950.0,1291560.0,8.48049e-05,0.00063382,0.0023846,0.00167117,0.00167265,0.00167296,0.00167767,626.311,0.000456
19.225,6717560.0,5408230.0,5139780.0,1291480.0,8.48063e-05,0.000642541,0.00239238,0.00167028,0.00167177,0.00167207,0.00167678,627.338,0.000455
19.23,6717580.0,5403600.0,5135440.0,1291400.0,8.48064e-05,0.000643466,0.00239237,0.00166935,0.00167085,0.00167115,0.00167585,630.469,0.000454
19.235,6718130.0,5399350.0,5131460.0,1291330.0,8.48098e-05,0.000664539,0.00241245,0.0016685,0.00167,0.0016703,0.001675,630.469,0.000453
19.24,6718330.0,5394800.0,5127210.0,1291250.0,8.48111e-05,0.00067208,0.00241903,0.00166759,0.00166909,0.0016694,0.00167409,628.415,0.000452
19.245,6718010.0,5389840.0,5122560.0,1291160.0,8.48091e-05,0.000659807,0.00240585,0.0016666,0.00166811,0.00166841,0.00167309,628.331,0.000451
19.25,6718030.0,5385120.0,5118150.0,1291080.0,8.48092e-05,0.000660752,0.00240584,0.00166566,0.00166717,0.00166747,0.00167214,628.074,0.00045
19.255,6718020.0,5380340.0,5113670.0,1291000.0,8.48091e-05,0.00066005,0.00240419,0.0016647,0.00166621,0.00166652,0.00167118,628.074,0.000449
19.26,6718030.0,5375570.0,5109200.0,1290920.0,8.48092e-05,0.000660462,0.00240364,0.00166374,0.00166526,0.00166557,0.00167022,627.709,0.000448
19.265,6717990.0,5370730.0,5104670.0,1290830.0,8.4809e-05,0.000659077,0.0024013,0.00166277,0.0016643,0.0016646,0.00166925,626.793,0.000447
19.27,6718020.0,5365920.0,5100170.0,1290750.0,8.48091e-05,0.000660041,0.00240129,0.00166181,0.00166334,0.00166364,0.00166828,624.001,0.000446
19.275,6717570.0,5360730.0,5095310.0,1290660.0,8.48064e-05,0.000643052,0.00238337,0.00166077,0.0016623,0.0016626,0.00166723,624.001,0.000445
19.28,6717450.0,5355760.0,5090660.0,1290570.0,8.48056e-05,0.000638137,0.00237749,0.00165977,0.00166131,0.00166161,0.00166623,628.384,0.000444
19.285,6718200.0,5351430.0,5086610.0,1290500.0,8.48103e-05,0.000667316,0.0024056,0.0016589,0.00166044,0.00166074,0.00166536,627.798,0.000443
19.29,6718230.0,5346530.0,5082020.0,1290410.0,8.48105e-05,0.000668302,0.0024056,0.00165791,0.00165946,0.00165976,0.00166437,626.01,0.000442
19.295,6717960.0,5341370.0,5077190.0,1290320.0,8.48088e-05,0.000657794,0.00239412,0.00165687,0.00165843,0.00165873,0.00166333,626.01,0.000441
19.3,6717880.0,5336350.0,5072490.0,1290240.0,8.48083e-05,0.000655018,0.00239036,0.00165586,0.00165742,0.00165772,0.00166231,631.212,0.00044
19.305,6718780.0,5332020.0,5068440.0,1290160.0,8.48139e-05,0.000689486,0.00242372,0.00165499,0.00165655,0.00165685,0.00166144,631.2,0.000439
19.31,6718810.0,5327020.0,5063760.0,1290070.0,8.4814e-05,0.000690493,0.00242371,0.00165398,0.00165555,0.00165585,0.00166043,631.162,0.000438
19.315,6718830.0,5321980.0,5059050.0,1289990.0,8.48142e-05,0.000691264,0.00242346,0.00165297,0.00165454,0.00165484,0.00165941,631.162,0.000437
19.32,6718850.0,5316940.0,5054320.0,1289900.0,8.48143e-05,0.000692203,0.00242337,0.00165195,0.00165353,0.00165382,0.00165838,628.705,0.000436
19.325,6718470.0,5311550.0,5049280.0,1289800.0,8.48119e-05,0.000677421,0.00240761,0.00165086,0.00165244,0.00165274,0.00165729,628.701,0.000435
19.33,6718490.0,5306460.0,5044510.0,1289720.0,8.48121e-05,0.000678451,0.0024076,0.00164983,0.00165142,0.00165172,0.00165626,628.69,0.000434
19.335,6718520.0,5301330.0,5039710.0,1289630.0,8.48123e-05,0.000679418,0.00240752,0.0016488,0.00165039,0.00165068,0.00165522,628.69,0.000433
19.34,6718550.0,5296180.0,5034900.0,1289540.0,8.48124e-05,0.000680435,0.00240749,0.00164776,0.00164935,0.00164965,0.00165418,631.957,0.000432
19.345,6719120.0,5291410.0,5030430.0,1289450.0,8.4816e-05,0.000702496,0.00242844,0.00164679,0.00164839,0.00164868,0.00165321,630.794,0.000431
19.35,6719150.0,5286220.0,5025570.0,1289360.0,8.48162e-05,0.000703548,0.00242843,0.00164574,0.00164734,0.00164764,0.00165215,627.249,0.00043
19.355,6718580.0,5280550.0,5020260.0,1289260.0,8.48126e-05,0.000681804,0.00240569,0.00164459,0.0016462,0.00164649,0.001651,627.249,0.000429
19.36,6718410.0,5275160.0,5015220.0,1289170.0,8.48116e-05,0.000675388,0.00239822,0.0016435,0.00164511,0.00164541,0.0016499,629.397,0.000428
19.365,6718800.0,5270150.0,5010530.0,1289080.0,8.4814e-05,0.000690276,0.00241199,0.00164248,0.0016441,0.00164439,0.00164888,629.896,0.000427
19.37,6718830.0,5264850.0,5005570.0,1288990.0,8.48142e-05,0.000691351,0.00241198,0.00164141,0.00164303,0.00164332,0.0016478,631.42,0.000426
19.375,6719110.0,5259710.0,5000760.0,1288900.0,8.4816e-05,0.000702236,0.00242175,0.00164036,0.00164199,0.00164228,0.00164675,631.42,0.000425
19.38,6719220.0,5254420.0,4995810.0,1288800.0,8.48166e-05,0.000706538,0.00242495,0.00163929,0.00164092,0.00164121,0.00164567,628.535,0.000424
19.385,6718770.0,5248690.0,4990440.0,1288700.0,8.48138e-05,0.000689072,0.00240643,0.00163812,0.00163976,0.00164005,0.0016445,628.826,0.000423
19.39,6718800.0,5243290.0,4985380.0,1288610.0,8.4814e-05,0.000690171,0.00240643,0.00163702,0.00163866,0.00163895,0.0016434,629.714,0.000422
19.395,6718980.0,5237960.0,4980400.0,1288510.0,8.48151e-05,0.000696991,0.00241211,0.00163594,0.00163758,0.00163787,0.00164231,629.714,0.000421
19.4,6719050.0,5232540.0,4975330.0,1288420.0,8.48156e-05,0.000699976,0.00241398,0.00163483,0.00163649,0.00163677,0.0016412,623.824,0.00042
19.405,6718100.0,5226340.0,4969520.0,1288310.0,8.48096e-05,0.000663207,0.00237619,0.00163357,0.00163523,0.00163551,0.00163993,624.691,0.000419
19.41,6718130.0,5220830.0,4964370.0,1288210.0,8.48098e-05,0.000664331,0.00237618,0.00163244,0.00163411,0.00163439,0.0016388,627.335,0.000418
19.415,6718600.0,5215610.0,4959480.0,1288120.0,8.48127e-05,0.000682471,0.00239313,0.00163138,0.00163305,0.00163333,0.00163773,627.335,0.000417
19.42,6718770.0,5210160.0,4954380.0,1288020.0,8.48138e-05,0.000689186,0.00239869,0.00163026,0.00163194,0.00163222,0.00163661,627.048,0.000416
19.425,6718750.0,5204530.0,4949110.0,1287920.0,8.48137e-05,0.000688482,0.00239684,0.00162911,0.00163079,0.00163107,0.00163546,627.604,0.000415
19.43,6718780.0,5198910.0,4943850.0,1287820.0,8.48139e-05,0.000689631,0.00239683,0.00162796,0.00162965,0.00162993,0.00163431,629.301,0.000414
19.435,6719100.0,5193470.0,4938750.0,1287720.0,8.48159e-05,0.000701705,0.00240771,0.00162685,0.00162854,0.00162882,0.00163319,629.301,0.000413
19.44,6719220.0,5187860.0,4933510.0,1287620.0,8.48166e-05,0.000706447,0.00241127,0.0016257,0.00162739,0.00162768,0.00163203,627.753,0.000412
19.445,6718990.0,5181970.0,4927990.0,1287520.0,8.48152e-05,0.00069766,0.00240133,0.00162449,0.00162619,0.00162647,0.00163082,627.837,0.000411
19.45,6719020.0,5176250.0,4922630.0,1287420.0,8.48154e-05,0.000698836,0.00240133,0.00162332,0.00162502,0.0016253,0.00162964,628.094,0.00041
19.455,6719100.0,5170510.0,4917270.0,1287310.0,8.48159e-05,0.000701669,0.00240296,0.00162214,0.00162385,0.00162413,0.00162846,628.094,0.000409
19.46,6719140.0,5164740.0,4911870.0,1287210.0,8.48161e-05,0.000703398,0.0024035,0.00162095,0.00162267,0.00162295,0.00162727,630.244,0.000408
19.465,6719530.0,5159180.0,4906660.0,1287110.0,8.48186e-05,0.000718429,0.00241728,0.00161981,0.00162153,0.00162181,0.00162612,630.252,0.000407
19.47,6719560.0,5153340.0,4901200.0,1287010.0,8.48188e-05,0.00071963,0.00241727,0.00161861,0.00162033,0.00162061,0.00162492,630.277,0.000406
19.475,6719600.0,5147470.0,4895700.0,1286900.0,8.4819e-05,0.000721001,0.00241742,0.0016174,0.00161913,0.00161941,0.0016237,630.277,0.000405
19.48,6719630.0,5141570.0,4890180.0,1286800.0,8.48192e-05,0.000722269,0.00241747,0.00161618,0.00161792,0.0016182,0.00162248,628.43,0.000404
19.485,6719360.0,5135420.0,4884420.0,1286690.0,8.48175e-05,0.000711611,0.00240561,0.00161491,0.00161665,0.00161693,0.00162121,628.642,0.000403
19.49,6719390.0,5129470.0,4878850.0,1286580.0,8.48177e-05,0.000712841,0.00240561,0.00161368,0.00161543,0.00161571,0.00161997,629.289,0.000402
19.495,6719530.0,5123550.0,4873310.0,1286470.0,8.48185e-05,0.00071824,0.00240975,0.00161246,0.00161421,0.00161449,0.00161875,629.289,0.000401
19.5,6719600.0,5117560.0,4867700.0,1286360.0,8.4819e-05,0.000720848,0.0024111,0.00161122,0.00161298,0.00161326,0.00161751,627.636,0.0004
19.505,6719350.0,5111310.0,4861860.0,1286250.0,8.48174e-05,0.00071147,0.00240049,0.00160993,0.00161169,0.00161197,0.00161621,628.203,0.000399
19.51,6719380.0,5105240.0,4856170.0,1286140.0,8.48177e-05,0.000712727,0.00240048,0.00160868,0.00161044,0.00161072,0.00161495,629.929,0.000398
19.515,6719710.0,5099330.0,4850640.0,1286040.0,8.48197e-05,0.000725099,0.00241155,0.00160745,0.00160922,0.0016095,0.00161372,629.929,0.000397
19.52,6719830.0,5093270.0,4844960.0,1285930.0,8.48205e-05,0.000730014,0.00241517,0.00160619,0.00160797,0.00160825,0.00161246,629.133,0.000396
19.525,6719730.0,5087000.0,4839100.0,1285810.0,8.48198e-05,0.000726177,0.00241006,0.00160489,0.00160668,0.00160695,0.00161115,629.14,0.000395
19.53,6719770.0,5080810.0,4833300.0,1285700.0,8.482e-05,0.000727463,0.00241005,0.00160361,0.0016054,0.00160567,0.00160986,629.16,0.000394
19.535,6719800.0,5074580.0,4827470.0,1285590.0,8.48203e-05,0.000728889,0.00241017,0.00160231,0.00160411,0.00160438,0.00160856,629.16,0.000393
19.54,6719840.0,5068330.0,4821620.0,1285470.0,8.48205e-05,0.000730232,0.00241021,0.00160101,0.00160281,0.00160308,0.00160726,628.345,0.000392
19.545,6719740.0,5061940.0,4815640.0,1285360.0,8.48198e-05,0.000726299,0.00240497,0.00159968,0.00160149,0.00160176,0.00160592,629.334,0.000391
19.55,6719770.0,5055620.0,4809720.0,1285240.0,8.48201e-05,0.000727615,0.00240496,0.00159837,0.00160018,0.00160045,0.0016046,632.351,0.00039
19.555,6720310.0,5049620.0,4804100.0,1285130.0,8.48234e-05,0.00074835,0.0024243,0.00159711,0.00159893,0.0015992,0.00160334,632.351,0.000389
19.56,6720510.0,5043350.0,4798240.0,1285020.0,8.48247e-05,0.000756047,0.00243064,0.00159581,0.00159763,0.0015979,0.00160203,628.808,0.000388
19.565,6719950.0,5036520.0,4791850.0,1284890.0,8.48212e-05,0.000734595,0.00240791,0.00159438,0.00159621,0.00159648,0.0016006,628.804,0.000387
19.57,6719990.0,5030080.0,4785820.0,1284780.0,8.48214e-05,0.000735941,0.0024079,0.00159304,0.00159487,0.00159514,0.00159925,628.791,0.000386
19.575,6720020.0,5023590.0,4779750.0,1284660.0,8.48216e-05,0.000737214,0.00240781,0.00159168,0.00159352,0.00159378,0.00159789,628.791,0.000385
19.58,6720060.0,5017090.0,4773660.0,1284540.0,8.48218e-05,0.000738549,0.00240777,0.00159032,0.00159216,0.00159243,0.00159652,627.48,0.000384
19.585,6719870.0,5010390.0,4767390.0,1284420.0,8.48207e-05,0.000731489,0.00239936,0.00158891,0.00159076,0.00159103,0.00159511,628.103,0.000383
19.59,6719910.0,5003820.0,4761240.0,1284300.0,8.48209e-05,0.000732866,0.00239935,0.00158754,0.00158939,0.00158966,0.00159373,630.002,0.000382
19.595,6720260.0,4997430.0,4755250.0,1284180.0,8.48231e-05,0.000746471,0.00241152,0.00158619,0.00158806,0.00158832,0.00159238,630.002,0.000381
19.6,6720400.0,4990860.0,4749110.0,1284060.0,8.4824e-05,0.000751872,0.0024155,0.00158482,0.00158668,0.00158695,0.001591,626.829,0.00038
19.605,6719910.0,4983820.0,4742520.0,1283930.0,8.48209e-05,0.000732863,0.00239514,0.00158334,0.00158521,0.00158547,0.00158951,627.125,0.000379
19.61,6719940.0,4977120.0,4736250.0,1283800.0,8.48211e-05,0.000734273,0.00239514,0.00158193,0.0015838,0.00158407,0.0015881,628.028,0.000378
19.615,6720130.0,4970480.0,4730030.0,1283680.0,8.48223e-05,0.000741502,0.00240092,0.00158053,0.00158241,0.00158267,0.00158669,628.028,0.000377
19.62,6720220.0,4963750.0,4723730.0,1283560.0,8.48229e-05,0.000744833,0.00240281,0.00157911,0.001581,0.00158126,0.00158527,628.336,0.000376
19.625,6720310.0,4956980.0,4717390.0,1283430.0,8.48234e-05,0.000748253,0.00240477,0.00157768,0.00157957,0.00157983,0.00158384,628.622,0.000375
19.63,6720340.0,4950140.0,4710990.0,1283310.0,8.48236e-05,0.000749696,0.00240476,0.00157624,0.00157814,0.0015784,0.00158239,629.494,0.000374
19.635,6720530.0,4943360.0,4704640.0,1283180.0,8.48248e-05,0.000756758,0.00241035,0.0015748,0.00157671,0.00157697,0.00158095,629.494,0.000373
19.64,6720610.0,4936490.0,4698210.0,1283050.0,8.48253e-05,0.000760058,0.00241217,0.00157335,0.00157526,0.00157552,0.00157949,629.635,0.000372
19.645,6720680.0,4929560.0,4691730.0,1282920.0,8.48257e-05,0.000762442,0.00241307,0.00157188,0.0015738,0.00157406,0.00157802,629.874,0.000371
19.65,6720710.0,4922590.0,4685200.0,1282790.0,8.48259e-05,0.000763919,0.00241306,0.00157041,0.00157233,0.00157259,0.00157654,630.601,0.00037
19.655,6720870.0,4915660.0,4678710.0,1282660.0,8.48269e-05,0.000770084,0.00241771,0.00156894,0.00157087,0.00157112,0.00157506,630.601,0.000369
19.66,6720950.0,4908650.0,4672150.0,1282530.0,8.48274e-05,0.000773113,0.00241923,0.00156745,0.00156938,0.00156964,0.00157357,630.78,0.000368
19.665,6721020.0,4901580.0,4665540.0,1282400.0,8.48279e-05,0.000775775,0.00242038,0.00156595,0.00156789,0.00156814,0.00157206,630.98,0.000367
19.67,6721060.0,4894470.0,4658880.0,1282270.0,8.48281e-05,0.000777287,0.00242037,0.00156443,0.00156638,0.00156664,0.00157054,631.587,0.000366
19.675,6721200.0,4887390.0,4652250.0,1282140.0,8.4829e-05,0.00078272,0.00242425,0.00156293,0.00156488,0.00156513,0.00156903,631.587,0.000365
19.68,6721280.0,4880230.0,4645550.0,1282000.0,8.48294e-05,0.000785532,0.00242552,0.0015614,0.00156336,0.00156361,0.0015675,632.055,0.000364
19.685,6721390.0,4873060.0,4638830.0,1281870.0,8.48302e-05,0.000790086,0.00242851,0.00155987,0.00156184,0.00156209,0.00156596,632.069,0.000363
19.69,6721430.0,4865810.0,4632050.0,1281730.0,8.48304e-05,0.000791635,0.0024285,0.00155832,0.00156029,0.00156054,0.00156441,632.112,0.000362
19.695,6721480.0,4858510.0,4625220.0,1281590.0,8.48307e-05,0.000793472,0.00242877,0.00155676,0.00155874,0.00155899,0.00156284,632.112,0.000361
19.7,6721530.0,4851190.0,4618370.0,1281460.0,8.4831e-05,0.000795129,0.00242885,0.0015552,0.00155718,0.00155743,0.00156127,620.856,0.00036
19.705,6719680.0,4842580.0,4610310.0,1281290.0,8.48195e-05,0.000724279,0.00235664,0.00155336,0.00155534,0.00155559,0.00155942,622.425,0.000359
19.71,6719730.0,4835190.0,4603390.0,1281150.0,8.48198e-05,0.000725864,0.00235663,0.00155177,0.00155377,0.00155401,0.00155783,627.209,0.000358
19.715,6720570.0,4828280.0,4596910.0,1281020.0,8.4825e-05,0.000758245,0.00238731,0.00155029,0.00155229,0.00155253,0.00155634,627.209,0.000357
19.72,6720870.0,4820980.0,4590090.0,1280880.0,8.48269e-05,0.000769946,0.00239736,0.00154872,0.00155073,0.00155097,0.00155477,628.583,0.000356
19.725,6721140.0,4813620.0,4583190.0,1280740.0,8.48286e-05,0.000780404,0.00240616,0.00154714,0.00154915,0.0015494,0.00155318,627.896,0.000355
19.73,6721180.0,4806080.0,4576130.0,1280600.0,8.48289e-05,0.000782027,0.00240615,0.00154552,0.00154753,0.00154778,0.00155155,625.801,0.000354
19.735,6720880.0,4798260.0,4568820.0,1280450.0,8.4827e-05,0.00077018,0.0023927,0.00154383,0.00154585,0.0015461,0.00154986,625.801,0.000353
19.74,6720800.0,4790570.0,4561620.0,1280310.0,8.48265e-05,0.0007674,0.00238828,0.00154217,0.0015442,0.00154445,0.0015482,626.842,0.000352
19.745,6721020.0,4783020.0,4554550.0,1280160.0,8.48279e-05,0.000775753,0.00239495,0.00154054,0.00154258,0.00154282,0.00154656,626.773,0.000351
19.75,6721070.0,4775330.0,4547350.0,1280020.0,8.48281e-05,0.000777415,0.00239494,0.00153888,0.00154092,0.00154117,0.00154489,626.562,0.00035
19.755,6721070.0,4767570.0,4540090.0,1279870.0,8.48282e-05,0.000777734,0.00239358,0.0015372,0.00153925,0.00153949,0.00154321,626.562,0.000349
19.76,6721110.0,4759800.0,4532810.0,1279720.0,8.48284e-05,0.000778971,0.00239312,0.00153552,0.00153757,0.00153781,0.00154152,628.774,0.000348
19.765,6721520.0,4752220.0,4525720.0,1279570.0,8.4831e-05,0.000794903,0.0024073,0.00153388,0.00153594,0.00153618,0.00153987,628.418,0.000347
19.77,6721560.0,4744380.0,4518380.0,1279420.0,8.48312e-05,0.000796605,0.00240729,0.00153217,0.00153424,0.00153448,0.00153816,627.33,0.000346
19.775,6721430.0,4736370.0,4510880.0,1279270.0,8.48304e-05,0.000791323,0.00240031,0.00153043,0.00153251,0.00153274,0.00153641,627.33,0.000345
19.78,6721410.0,4728410.0,4503430.0,1279120.0,8.48303e-05,0.000790751,0.00239801,0.0015287,0.00153078,0.00153102,0.00153468,627.156,0.000344
19.785,6721430.0,4720420.0,4495950.0,1278960.0,8.48304e-05,0.000791365,0.00239688,0.00152696,0.00152905,0.00152928,0.00153293,627.469,0.000343
19.79,6721470.0,4712420.0,4488470.0,1278810.0,8.48307e-05,0.000793109,0.00239687,0.00152522,0.00152731,0.00152755,0.00153118,628.425,0.000342
19.795,6721680.0,4704480.0,4481030.0,1278650.0,8.48319e-05,0.000801017,0.00240299,0.00152349,0.00152558,0.00152582,0.00152944,628.425,0.000341
19.8,6721780.0,4696430.0,4473500.0,1278500.0,8.48326e-05,0.000804799,0.00240499,0.00152173,0.00152383,0.00152407,0.00152768,628.44,0.00034
19.805,6721830.0,4688310.0,4465890.0,1278340.0,8.48329e-05,0.000806675,0.00240507,0.00151995,0.00152206,0.00152229,0.00152589,628.406,0.000339
19.81,6721870.0,4680150.0,4458260.0,1278180.0,8.48332e-05,0.00080846,0.00240506,0.00151817,0.00152028,0.00152052,0.0015241,628.301,0.000338
19.815,6721900.0,4671930.0,4450560.0,1278020.0,8.48333e-05,0.000809585,0.00240438,0.00151637,0.00151849,0.00151872,0.00152229,628.301,0.000337
19.82,6721940.0,4663700.0,4442850.0,1277860.0,8.48336e-05,0.000811171,0.00240414,0.00151456,0.00151669,0.00151692,0.00152048,627.959,0.000336
19.825,6721930.0,4655370.0,4435060.0,1277700.0,8.48335e-05,0.000810791,0.00240194,0.00151273,0.00151486,0.00151509,0.00151864,628.121,0.000335
19.83,6721980.0,4647060.0,4427280.0,1277540.0,8.48338e-05,0.00081262,0.00240193,0.0015109,0.00151304,0.00151327,0.00151681,628.617,0.000334
19.835,6722110.0,4638740.0,4419490.0,1277370.0,8.48346e-05,0.000817653,0.00240509,0.00150907,0.00151121,0.00151144,0.00151497,628.617,0.000333
19.84,6722190.0,4630360.0,4411650.0,1277210.0,8.48351e-05,0.000820551,0.00240612,0.00150722,0.00150937,0.0015096,0.00151311,630.464,0.000332
19.845,6722540.0,4622100.0,4403910.0,1277050.0,8.48373e-05,0.000834304,0.00241796,0.0015054,0.00150756,0.00150778,0.00151128,630.917,0.000331
19.85,6722590.0,4613620.0,4395980.0,1276880.0,8.48376e-05,0.000836178,0.00241795,0.00150353,0.00150569,0.00150592,0.0015094,632.298,0.00033
19.855,6722870.0,4605230.0,4388120.0,1276710.0,8.48394e-05,0.000846952,0.00242679,0.00150167,0.00150384,0.00150406,0.00150754,632.298,0.000329
19.86,6723000.0,4596720.0,4380150.0,1276550.0,8.48402e-05,0.000851764,0.00242968,0.00149978,0.00150196,0.00150218,0.00150565,628.185,0.000328
19.865,6722360.0,4587680.0,4371690.0,1276370.0,8.48362e-05,0.00082721,0.00240329,0.00149778,0.00149996,0.00150018,0.00150363,628.626,0.000327
19.87,6722410.0,4579040.0,4363600.0,1276200.0,8.48365e-05,0.00082913,0.00240328,0.00149586,0.00149805,0.00149827,0.00150171,629.97,0.000326
19.875,6722680.0,4570470.0,4355580.0,1276030.0,8.48382e-05,0.000839716,0.00241189,0.00149395,0.00149615,0.00149637,0.00149979,629.97,0.000325
19.88,6722810.0,4561790.0,4347460.0,1275850.0,8.4839e-05,0.000844497,0.00241471,0.00149202,0.00149422,0.00149444,0.00149785,631.863,0.000324
19.885,6723170.0,4553200.0,4339410.0,1275680.0,8.48413e-05,0.000858636,0.00242683,0.0014901,0.00149231,0.00149253,0.00149593,631.843,0.000323
19.89,6723230.0,4544390.0,4331160.0,1275510.0,8.48416e-05,0.000860603,0.00242682,0.00148814,0.00149035,0.00149057,0.00149396,631.781,0.000322
19.895,6723270.0,4535510.0,4322850.0,1275330.0,8.48419e-05,0.000862192,0.00242641,0.00148615,0.00148837,0.00148859,0.00149197,631.781,0.000321
19.9,6723320.0,4526610.0,4314520.0,1275150.0,8.48422e-05,0.000864054,0.00242627,0.00148416,0.00148639,0.00148661,0.00148997,632.484,0.00032
19.905,6723480.0,4517730.0,4306210.0,1274970.0,8.48432e-05,0.000870584,0.00243077,0.00148217,0.0014844,0.00148462,0.00148797,631.876,0.000319
19.91,6723540.0,4508740.0,4297800.0,1274790.0,8.48435e-05,0.0008726,0.00243075,0.00148016,0.00148239,0.00148261,0.00148595,630.023,0.000318
19.915,6723280.0,4499520.0,4289160.0,1274610.0,8.48419e-05,0.000862706,0.00241885,0.00147808,0.00148033,0.00148054,0.00148387,630.023,0.000317
19.92,6723230.0,4490390.0,4280610.0,1274420.0,8.48416e-05,0.000860835,0.00241494,0.00147603,0.00147828,0.00147849,0.0014818,626.5,0.000316
19.925,6722700.0,4480910.0,4271740.0,1274230.0,8.48383e-05,0.000840223,0.00239234,0.0014739,0.00147615,0.00147636,0.00147966,627.56,0.000315
19.93,6722750.0,4471760.0,4263170.0,1274050.0,8.48386e-05,0.000842288,0.00239232,0.00147183,0.00147409,0.00147431,0.00147759,630.789,0.000314
19.935,6723340.0,4462860.0,4254840.0,1273870.0,8.48423e-05,0.000865156,0.00241302,0.00146982,0.00147209,0.0014723,0.00147557,630.789,0.000313
19.94,6723580.0,4453720.0,4246290.0,1273680.0,8.48438e-05,0.000874065,0.00241981,0.00146775,0.00147003,0.00147024,0.0014735,630.122,0.000312
19.945,6723520.0,4444360.0,4237520.0,1273490.0,8.48434e-05,0.00087188,0.00241551,0.00146563,0.00146791,0.00146812,0.00147137,629.54,0.000311
19.95,6723570.0,4435020.0,4228780.0,1273300.0,8.48438e-05,0.000873998,0.0024155,0.00146351,0.0014658,0.00146601,0.00146924,627.764,0.00031
19.955,6723330.0,4425460.0,4219830.0,1273110.0,8.48423e-05,0.000864703,0.0024041,0.00146134,0.00146364,0.00146384,0.00146706,627.764,0.000309
19.96,6723290.0,4415980.0,4210960.0,1272910.0,8.4842e-05,0.000863097,0.00240035,0.00145919,0.00146149,0.00146169,0.0014649,627.271,0.000308
19.965,6723260.0,4406460.0,4202040.0,1272720.0,8.48418e-05,0.000862086,0.00239717,0.00145702,0.00145932,0.00145953,0.00146272,627.463,0.000307
19.97,6723320.0,4396950.0,4193140.0,1272520.0,8.48422e-05,0.000864256,0.00239716,0.00145485,0.00145716,0.00145736,0.00146054,628.047,0.000306
19.975,6723470.0,4387430.0,4184230.0,1272330.0,8.48431e-05,0.000870205,0.00240089,0.00145267,0.00145499,0.0014552,0.00145836,628.047,0.000305
19.98,6723560.0,4377850.0,4175260.0,1272130.0,8.48437e-05,0.000873636,0.00240211,0.00145048,0.00145281,0.00145301,0.00145616,627.27,0.000304
19.985,6723490.0,4368120.0,4166150.0,1271930.0,8.48433e-05,0.000870847,0.00239711,0.00144825,0.00145058,0.00145078,0.00145392,628.448,0.000303
19.99,6723550.0,4358430.0,4157080.0,1271730.0,8.48436e-05,0.000873071,0.00239709,0.00144603,0.00144836,0.00144857,0.00145169,632.038,0.000302
19.995,6724210.0,4349020.0,4148270.0,1271530.0,8.48477e-05,0.000898419,0.00242011,0.00144386,0.00144621,0.00144641,0.00144952,632.038,0.000301
20.0,6724460.0,4339350.0,4139220.0,1271330.0,8.48493e-05,0.000908249,0.00242764,0.00144164,0.00144399,0.00144419,0.00144728,622.749,0.0003
20.005,6722910.0,4338470.0,4138390.0,1271320.0,8.48396e-05,0.000848468,0.00236807,0.00144144,0.00144379,0.00144399,0.00144708,623.389,0.0003
20.01,6722910.0,4338470.0,4138390.0,1271320.0,8.48396e-05,0.000848468,0.00236807,0.00144144,0.00144379,0.00144399,0.00144708,625.341,0.0003
20.015,6723240.0,4338660.0,4138570.0,1271320.0,8.48417e-05,0.00086103,0.00238059,0.00144148,0.00144383,0.00144403,0.00144712,625.341,0.0003
20.02,6723340.0,4338720.0,4138620.0,1271320.0,8.48423e-05,0.00086515,0.00238469,0.00144149,0.00144384,0.00144404,0.00144714,631.829,0.0003
20.025,6724430.0,4339330.0,4139200.0,1271330.0,8.48491e-05,0.000906903,0.0024263,0.00144163,0.00144398,0.00144418,0.00144728,631.318,0.0003
20.03,6724430.0,4339330.0,4139200.0,1271330.0,8.48491e-05,0.000906903,0.0024263,0.00144163,0.00144398,0.00144418,0.00144728,629.762,0.0003
20.035,6724170.0,4339190.0,4139060.0,1271330.0,8.48475e-05,0.000896886,0.00241632,0.0014416,0.00144395,0.00144415,0.00144725,629.762,0.0003
20.04,6724080.0,4339140.0,4139020.0,1271330.0,8.48469e-05,0.000893601,0.00241305,0.00144159,0.00144394,0.00144414,0.00144723,628.114,0.0003
20.045,6723810.0,4338980.0,4138870.0,1271330.0,8.48452e-05,0.000882996,0.00240248,0.00144155,0.0014439,0.0014441,0.0014472,627.514,0.0003
20.05,6723810.0,4338980.0,4138870.0,1271330.0,8.48452e-05,0.000882996,0.00240248,0.00144155,0.0014439,0.0014441,0.0014472,625.684,0.0003
20.055,6723500.0,4338810.0,4138710.0,1271320.0,8.48433e-05,0.000871222,0.00239074,0.00144151,0.00144386,0.00144406,0.00144716,625.684,0.0003
20.06,6723400.0,4338750.0,4138650.0,1271320.0,8.48427e-05,0.00086736,0.00238689,0.0014415,0.00144385,0.00144405,0.00144714,626.997,0.0003
20.065,6723620.0,4338880.0,4138770.0,1271320.0,8.48441e-05,0.000875807,0.00239531,0.00144153,0.00144388,0.00144408,0.00144717,626.777,0.0003
20.07,6723620.0,4338880.0,4138770.0,1271320.0,8.48441e-05,0.000875807,0.00239531,0.00144153,0.00144388,0.00144408,0.00144717,626.106,0.0003
20.075,6723510.0,4338810.0,4138710.0,1271320.0,8.48434e-05,0.00087149,0.00239101,0.00144152,0.00144386,0.00144406,0.00144716,626.106,0.0003
20.08,6723470.0,4338790.0,4138690.0,1271320.0,8.48431e-05,0.000870074,0.0023896,0.00144151,0.00144386,0.00144406,0.00144715,628.515,0.0003
20.085,6723870.0,4339020.0,4138910.0,1271330.0,8.48456e-05,0.000885579,0.00240505,0.00144156,0.00144391,0.00144411,0.00144721,627.607,0.0003
20.09,6723870.0,4339020.0,4138910.0,1271330.0,8.48456e-05,0.000885579,0.00240505,0.00144156,0.00144391,0.00144411,0.00144721,624.838,0.0003
20.095,6723410.0,4338760.0,4138660.0,1271320.0,8.48428e-05,0.000867756,0.00238729,0.0014415,0.00144385,0.00144405,0.00144715,624.838,0.0003
20.1,6723260.0,4338670.0,4138580.0,1271320.0,8.48418e-05,0.000861911,0.00238146,0.00144148,0.00144383,0.00144403,0.00144713,625.902,0.0003
20.105,6723440.0,4338770.0,4138670.0,1271320.0,8.48429e-05,0.000868761,0.00238829,0.00144151,0.00144386,0.00144406,0.00144715,626.922,0.0003
20.11,6723440.0,4338770.0,4138670.0,1271320.0,8.48429e-05,0.000868761,0.00238829,0.00144151,0.00144386,0.00144406,0.00144715,630.03,0.0003
20.115,6723960.0,4339070.0,4138950.0,1271330.0,8.48462e-05,0.000888766,0.00240823,0.00144157,0.00144392,0.00144412,0.00144722,630.03,0.0003
20.12,6724130.0,4339160.0,4139040.0,1271330.0,8.48472e-05,0.000895327,0.00241477,0.0014416,0.00144395,0.00144415,0.00144724,628.79,0.0003
20.125,6723920.0,4339050.0,4138930.0,1271330.0,8.48459e-05,0.000887345,0.00240681,0.00144157,0.00144392,0.00144412,0.00144721,629.228,0.0003
20.13,6723920.0,4339050.0,4138930.0,1271330.0,8.48459e-05,0.000887345,0.00240681,0.00144157,0.00144392,0.00144412,0.00144721,630.565,0.0003
20.135,6724140.0,4339170.0,4139050.0,1271330.0,8.48473e-05,0.000895948,0.00241539,0.0014416,0.00144395,0.00144415,0.00144724,630.565,0.0003
20.14,6724220.0,4339210.0,4139090.0,1271330.0,8.48478e-05,0.00089877,0.0024182,0.00144161,0.00144396,0.00144416,0.00144725,627.875,0.0003
20.145,6723770.0,4338960.0,4138850.0,1271330.0,8.4845e-05,0.000881458,0.00240094,0.00144155,0.0014439,0.0014441,0.00144719,627.997,0.0003
20.15,6723770.0,4338960.0,4138850.0,1271330.0,8.4845e-05,0.000881458,0.00240094,0.00144155,0.0014439,0.0014441,0.00144719,628.367,0.0003
20.155,6723830.0,4338990.0,4138880.0,1271330.0,8.48454e-05,0.000883843,0.00240332,0.00144156,0.00144391,0.00144411,0.0014472,628.367,0.0003
20.16,6723850.0,4339010.0,4138890.0,1271330.0,8.48455e-05,0.000884625,0.0024041,0.00144156,0.00144391,0.00144411,0.0014472,626.247,0.0003
20.165,6723500.0,4338800.0,4138700.0,1271320.0,8.48433e-05,0.000870981,0.0023905,0.00144151,0.00144386,0.00144406,0.00144716,626.419,0.0003
20.17,6723500.0,4338800.0,4138700.0,1271320.0,8.48433e-05,0.000870981,0.0023905,0.00144151,0.00144386,0.00144406,0.00144716,626.944,0.0003
20.175,6723580.0,4338850.0,4138750.0,1271330.0,8.48438e-05,0.000874359,0.00239387,0.00144152,0.00144387,0.00144407,0.00144717,626.944,0.0003
20.18,6723610.0,4338870.0,4138770.0,1271330.0,8.4844e-05,0.000875467,0.00239497,0.00144153,0.00144388,0.00144408,0.00144717,628.773,0.0003
20.185,6723920.0,4339040.0,4138930.0,1271330.0,8.48459e-05,0.000887235,0.0024067,0.00144157,0.00144392,0.00144412,0.00144721,628.426,0.0003
20.19,6723920.0,4339040.0,4138930.0,1271330.0,8.48459e-05,0.000887235,0.0024067,0.00144157,0.00144392,0.00144412,0.00144721,627.371,0.0003
20.195,6723740.0,4338940.0,4138840.0,1271330.0,8.48448e-05,0.000880442,0.00239993,0.00144155,0.00144389,0.00144409,0.00144719,627.371,0.0003
20.2,6723680.0,4338910.0,4138800.0,1271330.0,8.48444e-05,0.000878214,0.00239771,0.00144154,0.00144389,0.00144409,0.00144718,632.786,0.0003
20.205,6724590.0,4339430.0,4139290.0,1271340.0,8.48501e-05,0.000913066,0.00243244,0.00144166,0.00144401,0.00144421,0.0014473,631.061,0.0003
20.21,6724590.0,4339430.0,4139290.0,1271340.0,8.48501e-05,0.000913066,0.00243244,0.00144166,0.00144401,0.00144421,0.0014473,625.802,0.0003
20.215,6723710.0,4338930.0,4138820.0,1271330.0,8.48446e-05,0.00087922,0.00239871,0.00144154,0.00144389,0.00144409,0.00144718,625.802,0.0003
20.22,6723420.0,4338760.0,4138670.0,1271320.0,8.48428e-05,0.000868118,0.00238765,0.0014415,0.00144385,0.00144405,0.00144715,630.931,0.0003
20.225,6724280.0,4339250.0,4139120.0,1271330.0,8.48482e-05,0.000901127,0.00242055,0.00144161,0.00144396,0.00144416,0.00144726,629.515,0.0003
20.23,6724280.0,4339250.0,4139120.0,1271330.0,8.48482e-05,0.000901127,0.00242055,0.00144161,0.00144396,0.00144416,0.00144726,625.196,0.0003
20.235,6723560.0,4338840.0,4138740.0,1271330.0,8.48437e-05,0.000873334,0.00239285,0.00144152,0.00144387,0.00144407,0.00144716,625.196,0.0003
20.24,6723320.0,4338710.0,4138610.0,1271320.0,8.48422e-05,0.000864218,0.00238376,0.00144149,0.00144384,0.00144404,0.00144713,629.316,0.0003
20.245,6724010.0,4339100.0,4138980.0,1271330.0,8.48465e-05,0.000890734,0.00241019,0.00144158,0.00144393,0.00144413,0.00144722,629.869,0.0003
20.25,6724010.0,4339100.0,4138980.0,1271330.0,8.48465e-05,0.000890734,0.00241019,0.00144158,0.00144393,0.00144413,0.00144722,631.553,0.0003
20.255,6724290.0,4339260.0,4139130.0,1271330.0,8.48482e-05,0.000901573,0.00242099,0.00144162,0.00144397,0.00144417,0.00144726,631.553,0.0003
20.26,6724380.0,4339310.0,4139180.0,1271340.0,8.48488e-05,0.000905128,0.00242453,0.00144163,0.00144398,0.00144418,0.00144727,632.255,0.0003
20.265,6724500.0,4339380.0,4139240.0,1271340.0,8.48495e-05,0.000909648,0.00242904,0.00144164,0.00144399,0.00144419,0.00144729,630.657,0.0003
20.27,6724500.0,4339380.0,4139240.0,1271340.0,8.48495e-05,0.000909648,0.00242904,0.00144164,0.00144399,0.00144419,0.00144729,625.787,0.0003
20.275,6723690.0,4338910.0,4138810.0,1271330.0,8.48445e-05,0.000878302,0.0023978,0.00144154,0.00144389,0.00144409,0.00144718,625.787,0.0003
20.28,6723420.0,4338760.0,4138660.0,1271320.0,8.48428e-05,0.00086802,0.00238755,0.0014415,0.00144385,0.00144405,0.00144715,628.973,0.0003
20.285,6723950.0,4339060.0,4138950.0,1271330.0,8.48461e-05,0.000888526,0.00240799,0.00144157,0.00144392,0.00144412,0.00144722,629.081,0.0003
20.29,6723950.0,4339060.0,4138950.0,1271330.0,8.48461e-05,0.000888526,0.00240799,0.00144157,0.00144392,0.00144412,0.00144722,629.411,0.0003
20.295,6724010.0,4339100.0,4138980.0,1271330.0,8.48465e-05,0.000890646,0.0024101,0.00144158,0.00144393,0.00144413,0.00144722,629.411,0.0003
20.3,6724020.0,4339110.0,4138990.0,1271330.0,8.48466e-05,0.000891341,0.00241079,0.00144158,0.00144393,0.00144413,0.00144723,630.663,0.0003
20.305,6724230.0,4339220.0,4139100.0,1271330.0,8.48479e-05,0.0008994,0.00241883,0.00144161,0.00144396,0.00144416,0.00144725,630.395,0.0003
20.31,6724230.0,4339220.0,4139100.0,1271330.0,8.48479e-05,0.0008994,0.00241883,0.00144161,0.00144396,0.00144416,0.00144725,629.58,0.0003
20.315,6724100.0,4339150.0,4139030.0,1271330.0,8.4847e-05,0.000894151,0.00241359,0.00144159,0.00144394,0.00144414,0.00144724,629.58,0.0003
20.32,6724050.0,4339120.0,4139000.0,1271330.0,8.48467e-05,0.000892429,0.00241188,0.00144159,0.00144393,0.00144414,0.00144723,629.079,0.0003
20.325,6723970.0,4339070.0,4138960.0,1271330.0,8.48462e-05,0.000889209,0.00240867,0.00144157,0.00144392,0.00144412,0.00144722,628.947,0.0003
20.33,6723970.0,4339070.0,4138960.0,1271330.0,8.48462e-05,0.000889209,0.00240867,0.00144157,0.00144392,0.00144412,0.00144722,628.542,0.0003
20.335,6723900.0,4339040.0,4138920.0,1271330.0,8.48458e-05,0.000886606,0.00240607,0.00144157,0.00144392,0.00144412,0.00144721,628.542,0.0003
20.34,6723880.0,4339020.0,4138910.0,1271330.0,8.48457e-05,0.000885752,0.00240522,0.00144156,0.00144391,0.00144411,0.00144721,626.619,0.0003
20.345,6723560.0,4338840.0,4138740.0,1271330.0,8.48437e-05,0.000873374,0.00239289,0.00144152,0.00144387,0.00144407,0.00144716,627.339,0.0003
20.35,6723560.0,4338840.0,4138740.0,1271330.0,8.48437e-05,0.000873374,0.00239289,0.00144152,0.00144387,0.00144407,0.00144716,629.533,0.0003
20.355,6723920.0,4339050.0,4138930.0,1271330.0,8.48459e-05,0.000887497,0.00240696,0.00144157,0.00144392,0.00144412,0.00144721,629.533,0.0003
20.36,6724040.0,4339120.0,4139000.0,1271330.0,8.48467e-05,0.000892129,0.00241158,0.00144158,0.00144393,0.00144413,0.00144723,630.06,0.0003
20.365,6724130.0,4339170.0,4139040.0,1271330.0,8.48472e-05,0.00089552,0.00241496,0.0014416,0.00144395,0.00144415,0.00144724,630.149,0.0003
20.37,6724130.0,4339170.0,4139040.0,1271330.0,8.48472e-05,0.00089552,0.00241496,0.0014416,0.00144395,0.00144415,0.00144724,630.422,0.0003
20.375,6724180.0,4339190.0,4139070.0,1271330.0,8.48475e-05,0.000897274,0.00241671,0.0014416,0.00144395,0.00144415,0.00144725,630.422,0.0003
20.38,6724190.0,4339200.0,4139080.0,1271330.0,8.48476e-05,0.000897849,0.00241728,0.0014416,0.00144395,0.00144415,0.00144725,628.481,0.0003
20.385,6723870.0,4339020.0,4138900.0,1271330.0,8.48456e-05,0.000885357,0.00240483,0.00144156,0.00144391,0.00144411,0.00144721,629.691,0.0003
20.39,6723870.0,4339020.0,4138900.0,1271330.0,8.48456e-05,0.000885357,0.00240483,0.00144156,0.00144391,0.00144411,0.00144721,633.381,0.0003
20.395,6724480.0,4339370.0,4139230.0,1271340.0,8.48494e-05,0.000909107,0.0024285,0.00144164,0.00144399,0.00144419,0.00144729,633.381,0.0003
20.4,6724690.0,4339480.0,4139340.0,1271340.0,8.48507e-05,0.000916897,0.00243626,0.00144167,0.00144402,0.00144422,0.00144731,628.465,0.0003
20.405,6723870.0,4339020.0,4138900.0,1271330.0,8.48456e-05,0.000885256,0.00240473,0.00144156,0.00144391,0.00144411,0.0014472,628.409,0.0003
20.41,6723870.0,4339020.0,4138900.0,1271330.0,8.48456e-05,0.000885256,0.00240473,0.00144156,0.00144391,0.00144411,0.0014472,628.237,0.0003
20.415,6723840.0,4339000.0,4138890.0,1271330.0,8.48454e-05,0.000884152,0.00240363,0.00144156,0.00144391,0.00144411,0.0014472,628.237,0.0003
20.42,6723830.0,4338990.0,4138880.0,1271330.0,8.48453e-05,0.000883789,0.00240327,0.00144156,0.00144391,0.00144411,0.0014472,625.946,0.0003
20.425,6723440.0,4338780.0,4138680.0,1271330.0,8.4843e-05,0.000869043,0.00238857,0.00144151,0.00144386,0.00144406,0.00144715,625.868,0.0003
20.43,6723440.0,4338780.0,4138680.0,1271330.0,8.4843e-05,0.000869043,0.00238857,0.00144151,0.00144386,0.00144406,0.00144715,625.631,0.0003
20.435,6723410.0,4338750.0,4138660.0,1271330.0,8.48427e-05,0.000867516,0.00238705,0.0014415,0.00144385,0.00144405,0.00144714,625.631,0.0003
20.44,6723390.0,4338750.0,4138650.0,1271330.0,8.48426e-05,0.000867016,0.00238655,0.0014415,0.00144385,0.00144405,0.00144714,633.365,0.0003
20.445,6724680.0,4339480.0,4139340.0,1271340.0,8.48507e-05,0.00091679,0.00243616,0.00144167,0.00144402,0.00144422,0.00144731,632.005,0.0003
20.45,6724680.0,4339480.0,4139340.0,1271340.0,8.48507e-05,0.00091679,0.00243616,0.00144167,0.00144402,0.00144422,0.00144731,627.86,0.0003
20.455,6723990.0,4339090.0,4138970.0,1271330.0,8.48464e-05,0.00089011,0.00240957,0.00144158,0.00144393,0.00144413,0.00144722,627.86,0.0003
20.46,6723760.0,4338960.0,4138850.0,1271330.0,8.4845e-05,0.00088136,0.00240085,0.00144155,0.0014439,0.0014441,0.00144719,624.527,0.0003
20.465,6723210.0,4338640.0,4138550.0,1271320.0,8.48415e-05,0.000859913,0.00237947,0.00144148,0.00144382,0.00144402,0.00144712,626.051,0.0003
20.47,6723210.0,4338640.0,4138550.0,1271320.0,8.48415e-05,0.000859913,0.00237947,0.00144148,0.00144382,0.00144402,0.00144712,630.695,0.0003
20.475,6723980.0,4339080.0,4138970.0,1271330.0,8.48463e-05,0.000889806,0.00240926,0.00144158,0.00144393,0.00144413,0.00144722,630.695,0.0003
20.48,6724240.0,4339230.0,4139100.0,1271340.0,8.48479e-05,0.000899611,0.00241903,0.00144161,0.00144396,0.00144416,0.00144725,632.764,0.0003
20.485,6724580.0,4339420.0,4139290.0,1271340.0,8.48501e-05,0.000912925,0.0024323,0.00144165,0.001444,0.0014442,0.0014473,632.074,0.0003
20.49,6724580.0,4339420.0,4139290.0,1271340.0,8.48501e-05,0.000912925,0.0024323,0.00144165,0.001444,0.0014442,0.0014473,629.969,0.0003
20.495,6724230.0,4339230.0,4139100.0,1271340.0,8.48479e-05,0.00089938,0.0024188,0.00144161,0.00144396,0.00144416,0.00144725,629.969,0.0003
20.5,6724120.0,4339160.0,4139040.0,1271330.0,8.48472e-05,0.000894937,0.00241438,0.00144159,0.00144394,0.00144414,0.00144724,630.569,0.0003
20.505,6724220.0,4339220.0,4139090.0,1271340.0,8.48478e-05,0.000898799,0.00241823,0.00144161,0.00144396,0.00144416,0.00144725,629.914,0.0003
20.51,6724220.0,4339220.0,4139090.0,1271340.0,8.48478e-05,0.000898799,0.00241823,0.00144161,0.00144396,0.00144416,0.00144725,627.918,0.0003
20.515,6723880.0,4339030.0,4138910.0,1271330.0,8.48457e-05,0.000885951,0.00240542,0.00144156,0.00144391,0.00144411,0.00144721,627.918,0.0003
20.52,6723770.0,4338960.0,4138850.0,1271330.0,8.4845e-05,0.000881737,0.00240122,0.00144155,0.0014439,0.0014441,0.00144719,624.699,0.0003
20.525,6723240.0,4338660.0,4138570.0,1271320.0,8.48417e-05,0.000861016,0.00238057,0.00144148,0.00144383,0.00144403,0.00144712,625.808,0.0003
20.53,6723240.0,4338660.0,4138570.0,1271320.0,8.48417e-05,0.000861016,0.00238057,0.00144148,0.00144383,0.00144403,0.00144712,629.189,0.0003
20.535,6723800.0,4338980.0,4138870.0,1271330.0,8.48452e-05,0.000882777,0.00240226,0.00144155,0.0014439,0.0014441,0.0014472,629.189,0.0003
20.54,6723990.0,4339090.0,4138970.0,1271330.0,8.48463e-05,0.000889915,0.00240937,0.00144158,0.00144393,0.00144413,0.00144722,623.919,0.0003
20.545,6723110.0,4338590.0,4138500.0,1271320.0,8.48408e-05,0.000856,0.00237557,0.00144146,0.00144381,0.00144401,0.0014471,625.677,0.0003
20.55,6723110.0,4338590.0,4138500.0,1271320.0,8.48408e-05,0.000856,0.00237557,0.00144146,0.00144381,0.00144401,0.0014471,631.036,0.0003
20.555,6724000.0,4339090.0,4138980.0,1271330.0,8.48464e-05,0.000890492,0.00240995,0.00144158,0.00144393,0.00144413,0.00144722,631.036,0.0003
20.56,6724300.0,4339260.0,4139130.0,1271340.0,8.48483e-05,0.000901806,0.00242122,0.00144162,0.00144397,0.00144417,0.00144726,627.126,0.0003
20.565,6723640.0,4338890.0,4138780.0,1271330.0,8.48442e-05,0.000876635,0.00239614,0.00144153,0.00144388,0.00144408,0.00144718,626.717,0.0003
20.57,6723640.0,4338890.0,4138780.0,1271330.0,8.48442e-05,0.000876635,0.00239614,0.00144153,0.00144388,0.00144408,0.00144718,625.472,0.0003
20.575,6723430.0,4338770.0,4138670.0,1271330.0,8.48429e-05,0.000868623,0.00238815,0.0014415,0.00144385,0.00144405,0.00144715,625.472,0.0003
20.58,6723370.0,4338730.0,4138640.0,1271330.0,8.48425e-05,0.000865996,0.00238553,0.0014415,0.00144384,0.00144405,0.00144714,627.487,0.0003
20.585,6723700.0,4338920.0,4138820.0,1271330.0,8.48446e-05,0.000878959,0.00239845,0.00144154,0.00144389,0.00144409,0.00144718,626.68,0.0003
20.59,6723700.0,4338920.0,4138820.0,1271330.0,8.48446e-05,0.000878959,0.00239845,0.00144154,0.00144389,0.00144409,0.00144718,624.219,0.0003
20.595,6723290.0,4338690.0,4138600.0,1271330.0,8.4842e-05,0.000863124,0.00238267,0.00144149,0.00144384,0.00144404,0.00144713,624.219,0.0003
20.6,6723160.0,4338610.0,4138530.0,1271320.0,8.48412e-05,0.00085793,0.0023775,0.00144147,0.00144382,0.00144402,0.00144711,626.82,0.0003
20.605,6723590.0,4338860.0,4138760.0,1271330.0,8.48439e-05,0.000874671,0.00239418,0.00144152,0.00144387,0.00144407,0.00144717,626.852,0.0003
20.61,6723590.0,4338860.0,4138760.0,1271330.0,8.48439e-05,0.000874671,0.00239418,0.00144152,0.00144387,0.00144407,0.00144717,626.947,0.0003
20.615,6723610.0,4338870.0,4138770.0,1271330.0,8.4844e-05,0.000875284,0.00239479,0.00144153,0.00144388,0.00144408,0.00144717,626.947,0.0003
20.62,6723610.0,4338870.0,4138770.0,1271330.0,8.4844e-05,0.000875485,0.00239499,0.00144153,0.00144388,0.00144408,0.00144717,629.142,0.0003
20.625,6723980.0,4339080.0,4138960.0,1271330.0,8.48463e-05,0.000889611,0.00240907,0.00144158,0.00144392,0.00144413,0.00144722,629.935,0.0003
20.63,6723980.0,4339080.0,4138960.0,1271330.0,8.48463e-05,0.000889611,0.00240907,0.00144158,0.00144392,0.00144413,0.00144722,632.355,0.0003
20.635,6724380.0,4339310.0,4139180.0,1271340.0,8.48488e-05,0.000905185,0.00242459,0.00144163,0.00144398,0.00144418,0.00144727,632.355,0.0003
20.64,6724520.0,4339390.0,4139250.0,1271340.0,8.48496e-05,0.000910293,0.00242968,0.00144165,0.001444,0.0014442,0.00144729,625.916,0.0003
20.645,6723440.0,4338780.0,4138680.0,1271330.0,8.48429e-05,0.000868851,0.00238838,0.00144151,0.00144385,0.00144405,0.00144715,626.931,0.0003
20.65,6723440.0,4338780.0,4138680.0,1271330.0,8.48429e-05,0.000868851,0.00238838,0.00144151,0.00144385,0.00144405,0.00144715,630.025,0.0003
20.655,6723960.0,4339070.0,4138950.0,1271330.0,8.48462e-05,0.000888762,0.00240822,0.00144157,0.00144392,0.00144412,0.00144722,630.025,0.0003
20.66,6724130.0,4339170.0,4139040.0,1271340.0,8.48472e-05,0.000895293,0.00241473,0.00144159,0.00144394,0.00144414,0.00144724,628.211,0.0003
20.665,6723820.0,4338990.0,4138880.0,1271330.0,8.48453e-05,0.000883621,0.0024031,0.00144156,0.0014439,0.0014441,0.0014472,627.826,0.0003
20.67,6723820.0,4338990.0,4138880.0,1271330.0,8.48453e-05,0.000883621,0.0024031,0.00144156,0.0014439,0.0014441,0.0014472,626.651,0.0003
20.675,6723630.0,4338880.0,4138780.0,1271330.0,8.48441e-05,0.00087606,0.00239556,0.00144153,0.00144388,0.00144408,0.00144717,626.651,0.0003
20.68,6723560.0,4338850.0,4138740.0,1271330.0,8.48437e-05,0.00087358,0.00239309,0.00144152,0.00144387,0.00144407,0.00144716,626.631,0.0003
20.685,6723560.0,4338840.0,4138740.0,1271330.0,8.48437e-05,0.000873451,0.00239296,0.00144152,0.00144387,0.00144407,0.00144716,626.88,0.0003
20.69,6723560.0,4338840.0,4138740.0,1271330.0,8.48437e-05,0.000873451,0.00239296,0.00144152,0.00144387,0.00144407,0.00144716,627.64,0.0003
20.695,6723690.0,4338920.0,4138810.0,1271330.0,8.48445e-05,0.000878341,0.00239784,0.00144154,0.00144389,0.00144409,0.00144718,627.64,0.0003
20.7,6723730.0,4338940.0,4138830.0,1271330.0,8.48447e-05,0.000879945,0.00239944,0.00144154,0.00144389,0.00144409,0.00144719,628.353,0.0003
20.705,6723850.0,4339010.0,4138890.0,1271330.0,8.48455e-05,0.000884534,0.00240401,0.00144156,0.00144391,0.00144411,0.0014472,628.881,0.0003
20.71,6723850.0,4339010.0,4138890.0,1271330.0,8.48455e-05,0.000884534,0.00240401,0.00144156,0.00144391,0.00144411,0.0014472,630.49,0.0003
20.715,6724120.0,4339160.0,4139040.0,1271340.0,8.48471e-05,0.000894891,0.00241433,0.00144159,0.00144394,0.00144414,0.00144724,630.49,0.0003
20.72,6724200.0,4339210.0,4139080.0,1271340.0,8.48477e-05,0.000898288,0.00241772,0.0014416,0.00144395,0.00144415,0.00144725,630.349,0.0003
20.725,6724180.0,4339200.0,4139070.0,1271340.0,8.48475e-05,0.000897379,0.00241681,0.0014416,0.00144395,0.00144415,0.00144725,630.833,0.0003
20.73,6724180.0,4339200.0,4139070.0,1271340.0,8.48475e-05,0.000897379,0.00241681,0.0014416,0.00144395,0.00144415,0.00144725,632.311,0.0003
20.735,6724430.0,4339340.0,4139200.0,1271340.0,8.48491e-05,0.000906889,0.00242629,0.00144163,0.00144398,0.00144418,0.00144728,632.311,0.0003
20.74,6724510.0,4339380.0,4139250.0,1271340.0,8.48496e-05,0.000910008,0.0024294,0.00144164,0.00144399,0.00144419,0.00144729,630.014,0.0003
20.745,6724120.0,4339170.0,4139040.0,1271340.0,8.48472e-05,0.000895225,0.00241466,0.00144159,0.00144394,0.00144414,0.00144724,630.672,0.0003
20.75,6724120.0,4339170.0,4139040.0,1271340.0,8.48472e-05,0.000895225,0.00241466,0.00144159,0.00144394,0.00144414,0.00144724,632.678,0.0003
20.755,6724460.0,4339360.0,4139220.0,1271340.0,8.48493e-05,0.000908137,0.00242753,0.00144164,0.00144399,0.00144419,0.00144728,632.678,0.0003
20.76,6724570.0,4339420.0,4139280.0,1271340.0,8.485e-05,0.000912372,0.00243175,0.00144165,0.001444,0.0014442,0.0014473,629.17,0.0003
20.765,6723980.0,4339090.0,4138970.0,1271340.0,8.48463e-05,0.000889796,0.00240925,0.00144158,0.00144393,0.00144413,0.00144722,629.5,0.0003
20.77,6723980.0,4339090.0,4138970.0,1271340.0,8.48463e-05,0.000889796,0.00240925,0.00144158,0.00144393,0.00144413,0.00144722,630.506,0.0003
20.775,6724150.0,4339180.0,4139060.0,1271340.0,8.48474e-05,0.00089627,0.0024157,0.0014416,0.00144395,0.00144415,0.00144724,630.506,0.0003
20.78,6724210.0,4339210.0,4139090.0,1271340.0,8.48477e-05,0.000898393,0.00241782,0.0014416,0.00144395,0.00144415,0.00144725,627.654,0.0003
20.785,6723730.0,4338940.0,4138830.0,1271330.0,8.48447e-05,0.000880037,0.00239953,0.00144154,0.00144389,0.00144409,0.00144719,628.948,0.0003
20.79,6723730.0,4338940.0,4138830.0,1271330.0,8.48447e-05,0.000880037,0.00239953,0.00144154,0.00144389,0.00144409,0.00144719,632.895,0.0003
20.795,6724390.0,4339320.0,4139180.0,1271340.0,8.48488e-05,0.000905435,0.00242484,0.00144163,0.00144398,0.00144418,0.00144727,632.895,0.0003
20.8,6724610.0,4339440.0,4139300.0,1271340.0,8.48502e-05,0.000913765,0.00243314,0.00144166,0.00144401,0.00144421,0.0014473,626.035,0.0003
20.805,6723460.0,4338790.0,4138690.0,1271330.0,8.48431e-05,0.000869615,0.00238914,0.00144151,0.00144386,0.00144406,0.00144715,626.563,0.0003
20.81,6723460.0,4338790.0,4138690.0,1271330.0,8.48431e-05,0.000869615,0.00238914,0.00144151,0.00144386,0.00144406,0.00144715,628.172,0.0003
20.815,6723730.0,4338940.0,4138830.0,1271330.0,8.48447e-05,0.000879974,0.00239946,0.00144154,0.00144389,0.00144409,0.00144719,628.172,0.0003
20.82,6723820.0,4338990.0,4138880.0,1271330.0,8.48453e-05,0.000883372,0.00240285,0.00144155,0.0014439,0.0014441,0.0014472,628.962,0.0003
20.825,6723950.0,4339070.0,4138950.0,1271340.0,8.48461e-05,0.000888457,0.00240792,0.00144157,0.00144392,0.00144412,0.00144722,628.461,0.0003
20.83,6723950.0,4339070.0,4138950.0,1271340.0,8.48461e-05,0.000888457,0.00240792,0.00144157,0.00144392,0.00144412,0.00144722,626.934,0.0003
20.835,6723690.0,4338920.0,4138810.0,1271330.0,8.48445e-05,0.000878629,0.00239812,0.00144154,0.00144389,0.00144409,0.00144718,626.934,0.0003
20.84,6723610.0,4338870.0,4138770.0,1271330.0,8.4844e-05,0.000875405,0.00239491,0.00144153,0.00144388,0.00144408,0.00144717,629.269,0.0003
20.845,6724000.0,4339090.0,4138980.0,1271340.0,8.48464e-05,0.000890428,0.00240988,0.00144158,0.00144393,0.00144413,0.00144722,628.559,0.0003
20.85,6724000.0,4339090.0,4138980.0,1271340.0,8.48464e-05,0.000890428,0.00240988,0.00144158,0.00144393,0.00144413,0.00144722,626.395,0.0003
20.855,6723640.0,4338890.0,4138780.0,1271330.0,8.48442e-05,0.000876503,0.00239601,0.00144153,0.00144388,0.00144408,0.00144717,626.395,0.0003
20.86,6723520.0,4338820.0,4138720.0,1271330.0,8.48434e-05,0.000871936,0.00239145,0.00144152,0.00144386,0.00144406,0.00144716,629.508,0.0003
20.865,6724040.0,4339120.0,4139000.0,1271340.0,8.48467e-05,0.000891968,0.00241142,0.00144158,0.00144393,0.00144413,0.00144723,630.041,0.0003
20.87,6724040.0,4339120.0,4139000.0,1271340.0,8.48467e-05,0.000891968,0.00241142,0.00144158,0.00144393,0.00144413,0.00144723,631.668,0.0003
20.875,6724310.0,4339270.0,4139140.0,1271340.0,8.48484e-05,0.000902437,0.00242185,0.00144162,0.00144397,0.00144417,0.00144726,631.668,0.0003
20.88,6724400.0,4339320.0,4139190.0,1271340.0,8.48489e-05,0.000905871,0.00242527,0.00144163,0.00144398,0.00144418,0.00144727,625.208,0.0003
20.885,6723320.0,4338710.0,4138620.0,1271330.0,8.48422e-05,0.000864292,0.00238384,0.00144149,0.00144384,0.00144404,0.00144713,626.148,0.0003
20.89,6723320.0,4338710.0,4138620.0,1271330.0,8.48422e-05,0.000864292,0.00238384,0.00144149,0.00144384,0.00144404,0.00144713,629.017,0.0003
20.895,6723800.0,4338980.0,4138870.0,1271340.0,8.48452e-05,0.000882752,0.00240223,0.00144155,0.0014439,0.0014441,0.0014472,629.017,0.0003
20.9,6723960.0,4339070.0,4138950.0,1271340.0,8.48462e-05,0.000888807,0.00240827,0.00144157,0.00144392,0.00144412,0.00144722,627.801,0.0003
20.905,6723750.0,4338960.0,4138850.0,1271340.0,8.48449e-05,0.000880983,0.00240047,0.00144155,0.0014439,0.0014441,0.00144719,628.543,0.0003
20.91,6723750.0,4338960.0,4138850.0,1271340.0,8.48449e-05,0.000880983,0.00240047,0.00144155,0.0014439,0.0014441,0.00144719,630.805,0.0003
20.915,6724130.0,4339170.0,4139050.0,1271340.0,8.48472e-05,0.000895542,0.00241498,0.00144159,0.00144394,0.00144414,0.00144724,630.805,0.0003
20.92,6724260.0,4339240.0,4139110.0,1271340.0,8.4848e-05,0.000900318,0.00241974,0.00144161,0.00144396,0.00144416,0.00144726,632.163,0.0003
20.925,6724480.0,4339370.0,4139230.0,1271340.0,8.48494e-05,0.000909057,0.00242845,0.00144164,0.00144399,0.00144419,0.00144729,631.5,0.0003
20.93,6724480.0,4339370.0,4139230.0,1271340.0,8.48494e-05,0.000909057,0.00242845,0.00144164,0.00144399,0.00144419,0.00144729,629.48,0.0003
20.935,6724150.0,4339180.0,4139050.0,1271340.0,8.48473e-05,0.000896054,0.00241549,0.0014416,0.00144395,0.00144415,0.00144724,629.48,0.0003
20.94,6724040.0,4339120.0,4139000.0,1271340.0,8.48466e-05,0.000891789,0.00241124,0.00144158,0.00144393,0.00144413,0.00144723,631.784,0.0003
20.945,6724420.0,4339330.0,4139200.0,1271340.0,8.4849e-05,0.000906616,0.00242602,0.00144163,0.00144398,0.00144418,0.00144728,631.308,0.0003
20.95,6724420.0,4339330.0,4139200.0,1271340.0,8.4849e-05,0.000906616,0.00242602,0.00144163,0.00144398,0.00144418,0.00144728,629.856,0.0003
20.955,6724180.0,4339200.0,4139070.0,1271340.0,8.48475e-05,0.000897272,0.0024167,0.0014416,0.00144395,0.00144415,0.00144725,629.856,0.0003
20.96,6724100.0,4339150.0,4139030.0,1271340.0,8.4847e-05,0.000894207,0.00241365,0.00144159,0.00144394,0.00144414,0.00144723,631.085,0.0003
20.965,6724300.0,4339270.0,4139140.0,1271340.0,8.48483e-05,0.000902121,0.00242154,0.00144162,0.00144397,0.00144417,0.00144726,630.683,0.0003
20.97,6724300.0,4339270.0,4139140.0,1271340.0,8.48483e-05,0.000902121,0.00242154,0.00144162,0.00144397,0.00144417,0.00144726,629.457,0.0003
20.975,6724100.0,4339150.0,4139030.0,1271340.0,8.4847e-05,0.000894229,0.00241367,0.00144159,0.00144394,0.00144414,0.00144723,629.457,0.0003
20.98,6724030.0,4339110.0,4138990.0,1271340.0,8.48466e-05,0.000891641,0.00241109,0.00144158,0.00144393,0.00144413,0.00144723,634.84,0.0003
20.985,6724930.0,4339620.0,4139470.0,1271350.0,8.48522e-05,0.000926283,0.00244562,0.0014417,0.00144405,0.00144425,0.00144734,633.492,0.0003
20.99,6724930.0,4339620.0,4139470.0,1271350.0,8.48522e-05,0.000926283,0.00244562,0.0014417,0.00144405,0.00144425,0.00144734,629.382,0.0003
20.995,6724240.0,4339230.0,4139110.0,1271340.0,8.48479e-05,0.000899833,0.00241926,0.00144161,0.00144396,0.00144416,0.00144725,629.382,0.0003
21.0,6724020.0,4339110.0,4138990.0,1271340.0,8.48465e-05,0.000891158,0.00241061,0.00144158,0.00144393,0.00144413,0.00144722,625.082,0.0003
21.005,6723300.0,4338700.0,4138610.0,1271330.0,8.48421e-05,0.000863485,0.00238303,0.00144149,0.00144384,0.00144404,0.00144713,626.523,0.0003
21.01,6723300.0,4338700.0,4138610.0,1271330.0,8.48421e-05,0.000863485,0.00238303,0.00144149,0.00144384,0.00144404,0.00144713,630.917,0.0003
21.015,6724030.0,4339120.0,4139000.0,1271340.0,8.48466e-05,0.000891763,0.00241121,0.00144158,0.00144393,0.00144413,0.00144723,630.917,0.0003
21.02,6724280.0,4339250.0,4139120.0,1271340.0,8.48481e-05,0.000901038,0.00242046,0.00144161,0.00144396,0.00144416,0.00144726,629.998,0.0003
21.025,6724120.0,4339160.0,4139040.0,1271340.0,8.48472e-05,0.000895125,0.00241456,0.00144159,0.00144394,0.00144414,0.00144724,629.828,0.0003
21.03,6724120.0,4339160.0,4139040.0,1271340.0,8.48472e-05,0.000895125,0.00241456,0.00144159,0.00144394,0.00144414,0.00144724,629.308,0.0003
21.035,6724040.0,4339120.0,4139000.0,1271340.0,8.48466e-05,0.000891779,0.00241123,0.00144158,0.00144393,0.00144413,0.00144723,629.308,0.0003
21.04,6724010.0,4339100.0,4138980.0,1271340.0,8.48465e-05,0.000890682,0.00241014,0.00144158,0.00144393,0.00144413,0.00144722,627.598,0.0003
21.045,6723720.0,4338940.0,4138830.0,1271340.0,8.48447e-05,0.000879676,0.00239917,0.00144154,0.00144389,0.00144409,0.00144718,626.667,0.0003
21.05,6723720.0,4338940.0,4138830.0,1271340.0,8.48447e-05,0.000879676,0.00239917,0.00144154,0.00144389,0.00144409,0.00144718,623.83,0.0003
21.055,6723250.0,4338670.0,4138580.0,1271330.0,8.48417e-05,0.000861414,0.00238097,0.00144148,0.00144383,0.00144403,0.00144712,623.83,0.0003
21.06,6723090.0,4338580.0,4138490.0,1271330.0,8.48408e-05,0.000855425,0.002375,0.00144146,0.00144381,0.00144401,0.0014471,626.99,0.0003
21.065,6723620.0,4338880.0,4138780.0,1271340.0,8.4844e-05,0.000875763,0.00239527,0.00144153,0.00144388,0.00144408,0.00144717,627.087,0.0003
21.07,6723620.0,4338880.0,4138780.0,1271340.0,8.4844e-05,0.000875763,0.00239527,0.00144153,0.00144388,0.00144408,0.00144717,627.382,0.0003
21.075,6723670.0,4338910.0,4138800.0,1271340.0,8.48444e-05,0.000877665,0.00239716,0.00144153,0.00144388,0.00144408,0.00144718,627.382,0.0003
21.08,6723680.0,4338920.0,4138810.0,1271340.0,8.48445e-05,0.000878289,0.00239778,0.00144154,0.00144389,0.00144409,0.00144718,627.15,0.0003
21.085,6723650.0,4338890.0,4138790.0,1271340.0,8.48442e-05,0.000876794,0.0023963,0.00144153,0.00144388,0.00144408,0.00144717,627.751,0.0003
21.09,6723650.0,4338890.0,4138790.0,1271340.0,8.48442e-05,0.000876794,0.0023963,0.00144153,0.00144388,0.00144408,0.00144717,629.582,0.0003
21.095,6723950.0,4339070.0,4138950.0,1271340.0,8.48461e-05,0.000888578,0.00240804,0.00144157,0.00144392,0.00144412,0.00144722,629.582,0.0003
21.1,6724050.0,4339130.0,4139010.0,1271340.0,8.48467e-05,0.000892443,0.00241189,0.00144158,0.00144393,0.00144413,0.00144723,625.952,0.0003
21.105,6723450.0,4338780.0,4138680.0,1271330.0,8.4843e-05,0.000869081,0.00238861,0.00144151,0.00144385,0.00144405,0.00144715,626.408,0.0003
21.11,6723450.0,4338780.0,4138680.0,1271330.0,8.4843e-05,0.000869081,0.00238861,0.00144151,0.00144385,0.00144405,0.00144715,627.801,0.0003
21.115,6723680.0,4338910.0,4138810.0,1271340.0,8.48444e-05,0.000878044,0.00239754,0.00144154,0.00144389,0.00144409,0.00144718,627.801,0.0003
21.12,6723750.0,4338960.0,4138850.0,1271340.0,8.48449e-05,0.000880985,0.00240047,0.00144155,0.0014439,0.0014441,0.00144719,629.363,0.0003
21.125,6724020.0,4339110.0,4138990.0,1271340.0,8.48465e-05,0.000891034,0.00241049,0.00144158,0.00144393,0.00144413,0.00144722,629.967,0.0003
21.13,6724020.0,4339110.0,4138990.0,1271340.0,8.48465e-05,0.000891034,0.00241049,0.00144158,0.00144393,0.00144413,0.00144722,631.808,0.0003
21.135,6724320.0,4339280.0,4139150.0,1271340.0,8.48484e-05,0.000902883,0.0024223,0.00144162,0.00144397,0.00144417,0.00144726,631.808,0.0003
21.14,6724420.0,4339340.0,4139200.0,1271350.0,8.48491e-05,0.00090677,0.00242617,0.00144163,0.00144398,0.00144418,0.00144728,627.036,0.0003
21.145,6723630.0,4338880.0,4138780.0,1271340.0,8.48441e-05,0.000876059,0.00239556,0.00144153,0.00144388,0.00144408,0.00144717,628.459,0.0003
21.15,6723630.0,4338880.0,4138780.0,1271340.0,8.48441e-05,0.000876059,0.00239556,0.00144153,0.00144388,0.00144408,0.00144717,632.798,0.0003
21.155,6724350.0,4339300.0,4139170.0,1271340.0,8.48486e-05,0.000903984,0.00242339,0.00144162,0.00144397,0.00144417,0.00144727,632.798,0.0003
21.16,6724590.0,4339430.0,4139290.0,1271350.0,8.48501e-05,0.000913144,0.00243252,0.00144165,0.001444,0.0014442,0.0014473,626.33,0.0003
21.165,6723510.0,4338820.0,4138720.0,1271340.0,8.48434e-05,0.000871517,0.00239104,0.00144151,0.00144386,0.00144406,0.00144716,628.71,0.0003
21.17,6723510.0,4338820.0,4138720.0,1271340.0,8.48434e-05,0.000871517,0.00239104,0.00144151,0.00144386,0.00144406,0.00144716,635.964,0.0003
21.175,6724720.0,4339510.0,4139360.0,1271350.0,8.48509e-05,0.000918205,0.00243756,0.00144167,0.00144402,0.00144422,0.00144732,635.964,0.0003
21.18,6725120.0,4339730.0,4139570.0,1271350.0,8.48534e-05,0.000933518,0.00245283,0.00144172,0.00144407,0.00144427,0.00144737,629.438,0.0003
21.185,6724030.0,4339110.0,4138990.0,1271340.0,8.48466e-05,0.000891516,0.00241097,0.00144158,0.00144393,0.00144413,0.00144723,628.815,0.0003
21.19,6724030.0,4339110.0,4138990.0,1271340.0,8.48466e-05,0.000891516,0.00241097,0.00144158,0.00144393,0.00144413,0.00144723,626.915,0.0003
21.195,6723710.0,4338930.0,4138820.0,1271340.0,8.48446e-05,0.000879293,0.00239879,0.00144154,0.00144389,0.00144409,0.00144718,626.915,0.0003
21.2,6723610.0,4338870.0,4138770.0,1271340.0,8.4844e-05,0.000875284,0.00239479,0.00144153,0.00144388,0.00144408,0.00144717,631.321,0.0003
21.205,6724340.0,4339290.0,4139160.0,1271350.0,8.48486e-05,0.000903641,0.00242305,0.00144162,0.00144397,0.00144417,0.00144727,631.235,0.0003
21.21,6724340.0,4339290.0,4139160.0,1271350.0,8.48486e-05,0.000903641,0.00242305,0.00144162,0.00144397,0.00144417,0.00144727,630.97,0.0003
21.215,6724300.0,4339270.0,4139140.0,1271340.0,8.48483e-05,0.000901936,0.00242135,0.00144162,0.00144397,0.00144417,0.00144726,630.97,0.0003
21.22,6724280.0,4339260.0,4139130.0,1271340.0,8.48482e-05,0.000901377,0.00242079,0.00144161,0.00144396,0.00144416,0.00144726,627.334,0.0003
21.225,6723680.0,4338910.0,4138810.0,1271340.0,8.48444e-05,0.000877975,0.00239747,0.00144154,0.00144388,0.00144408,0.00144718,628.057,0.0003
21.23,6723680.0,4338910.0,4138810.0,1271340.0,8.48444e-05,0.000877975,0.00239747,0.00144154,0.00144388,0.00144408,0.00144718,630.263,0.0003
21.235,6724050.0,4339120.0,4139000.0,1271340.0,8.48467e-05,0.000892173,0.00241162,0.00144158,0.00144393,0.00144413,0.00144723,630.263,0.0003
21.24,6724170.0,4339190.0,4139070.0,1271340.0,8.48475e-05,0.000896829,0.00241626,0.0014416,0.00144395,0.00144415,0.00144724,625.903,0.0003
21.245,6723440.0,4338780.0,4138680.0,1271340.0,8.48429e-05,0.000868768,0.0023883,0.0014415,0.00144385,0.00144405,0.00144715,627.111,0.0003
21.25,6723440.0,4338780.0,4138680.0,1271340.0,8.48429e-05,0.000868768,0.0023883,0.0014415,0.00144385,0.00144405,0.00144715,630.794,0.0003
21.255,6724050.0,4339130.0,4139010.0,1271340.0,8.48468e-05,0.000892469,0.00241192,0.00144158,0.00144393,0.00144413,0.00144723,630.794,0.0003
21.26,6724250.0,4339240.0,4139110.0,1271340.0,8.4848e-05,0.000900243,0.00241966,0.00144161,0.00144396,0.00144416,0.00144725,628.148,0.0003
21.265,6723810.0,4338990.0,4138880.0,1271340.0,8.48453e-05,0.000883219,0.0024027,0.00144155,0.0014439,0.0014441,0.0014472,629.07,0.0003
21.27,6723810.0,4338990.0,4138880.0,1271340.0,8.48453e-05,0.000883219,0.0024027,0.00144155,0.0014439,0.0014441,0.0014472,631.878,0.0003
21.275,6724280.0,4339260.0,4139130.0,1271350.0,8.48482e-05,0.000901295,0.00242071,0.00144161,0.00144396,0.00144416,0.00144726,631.878,0.0003
21.28,6724440.0,4339340.0,4139210.0,1271350.0,8.48491e-05,0.000907224,0.00242662,0.00144163,0.00144398,0.00144418,0.00144728,628.212,0.0003
21.285,6723820.0,4339000.0,4138880.0,1271340.0,8.48453e-05,0.000883628,0.00240311,0.00144155,0.0014439,0.0014441,0.0014472,628.084,0.0003
21.29,6723820.0,4339000.0,4138890.0,1271340.0,8.48453e-05,0.000883628,0.00240311,0.00144155,0.0014439,0.0014441,0.0014472,627.695,0.0003
21.295,6723760.0,4338960.0,4138850.0,1271340.0,8.48449e-05,0.000881122,0.00240061,0.00144155,0.0014439,0.0014441,0.00144719,627.695,0.0003
21.3,6723740.0,4338950.0,4138840.0,1271340.0,8.48448e-05,0.0008803,0.00239979,0.00144154,0.00144389,0.00144409,0.00144719,631.634,0.0003
21.305,6724400.0,4339320.0,4139190.0,1271350.0,8.48489e-05,0.000905656,0.00242506,0.00144163,0.00144398,0.00144418,0.00144727,631.294,0.0003
21.31,6724400.0,4339320.0,4139190.0,1271350.0,8.48489e-05,0.000905656,0.00242506,0.00144163,0.00144398,0.00144418,0.00144727,630.255,0.0003
21.315,6724220.0,4339220.0,4139100.0,1271350.0,8.48478e-05,0.000898972,0.0024184,0.00144161,0.00144396,0.00144416,0.00144725,630.255,0.0003
21.32,6724160.0,4339190.0,4139070.0,1271340.0,8.48474e-05,0.00089678,0.00241621,0.0014416,0.00144395,0.00144415,0.00144724,629.187,0.0003
21.325,6723990.0,4339090.0,4138970.0,1271340.0,8.48463e-05,0.000889906,0.00240936,0.00144158,0.00144392,0.00144413,0.00144722,629.589,0.0003
21.33,6723990.0,4339090.0,4138970.0,1271340.0,8.48463e-05,0.000889906,0.00240936,0.00144158,0.00144392,0.00144413,0.00144722,630.813,0.0003
21.335,6724190.0,4339210.0,4139080.0,1271340.0,8.48476e-05,0.000897785,0.00241721,0.0014416,0.00144395,0.00144415,0.00144725,630.813,0.0003
21.34,6724260.0,4339240.0,4139120.0,1271350.0,8.4848e-05,0.00090037,0.00241979,0.00144161,0.00144396,0.00144416,0.00144726,628.977,0.0003
21.345,6723950.0,4339070.0,4138950.0,1271340.0,8.48461e-05,0.000888554,0.00240801,0.00144157,0.00144392,0.00144412,0.00144721,628.638,0.0003
21.35,6723950.0,4339070.0,4138950.0,1271340.0,8.48461e-05,0.000888554,0.00240801,0.00144157,0.00144392,0.00144412,0.00144721,627.602,0.0003
21.355,6723780.0,4338970.0,4138860.0,1271340.0,8.4845e-05,0.000881888,0.00240137,0.00144155,0.0014439,0.0014441,0.00144719,627.602,0.0003
21.36,6723720.0,4338940.0,4138830.0,1271340.0,8.48447e-05,0.000879702,0.00239919,0.00144154,0.00144389,0.00144409,0.00144718,628.697,0.0003
21.365,6723900.0,4339040.0,4138930.0,1271340.0,8.48458e-05,0.00088675,0.00240622,0.00144156,0.00144391,0.00144411,0.00144721,629.229,0.0003
21.37,6723900.0,4339040.0,4138930.0,1271340.0,8.48458e-05,0.00088675,0.00240622,0.00144156,0.00144391,0.00144411,0.00144721,630.851,0.0003
21.375,6724180.0,4339200.0,4139070.0,1271350.0,8.48475e-05,0.000897192,0.00241662,0.0014416,0.00144395,0.00144415,0.00144724,630.851,0.0003
21.38,6724260.0,4339250.0,4139120.0,1271350.0,8.48481e-05,0.000900616,0.00242004,0.00144161,0.00144396,0.00144416,0.00144726,632.576,0.0003
21.385,6724550.0,4339410.0,4139270.0,1271350.0,8.48499e-05,0.000911714,0.0024311,0.00144165,0.001444,0.0014442,0.00144729,631.918,0.0003
21.39,6724550.0,4339410.0,4139270.0,1271350.0,8.48499e-05,0.000911714,0.0024311,0.00144165,0.001444,0.0014442,0.00144729,629.912,0.0003
21.395,6724220.0,4339220.0,4139100.0,1271350.0,8.48478e-05,0.000898802,0.00241823,0.00144161,0.00144395,0.00144416,0.00144725,629.912,0.0003
21.4,6724110.0,4339160.0,4139040.0,1271340.0,8.48471e-05,0.000894567,0.00241401,0.00144159,0.00144394,0.00144414,0.00144724,626.722,0.0003
21.405,6723570.0,4338860.0,4138750.0,1271340.0,8.48438e-05,0.000874038,0.00239355,0.00144152,0.00144387,0.00144407,0.00144717,627.123,0.0003
21.41,6723570.0,4338860.0,4138750.0,1271340.0,8.48438e-05,0.000874038,0.00239355,0.00144152,0.00144387,0.00144407,0.00144717,628.344,0.0003
21.415,6723780.0,4338970.0,4138860.0,1271340.0,8.4845e-05,0.000881901,0.00240138,0.00144155,0.0014439,0.0014441,0.00144719,628.344,0.0003
21.42,6723850.0,4339010.0,4138900.0,1271340.0,8.48455e-05,0.00088448,0.00240395,0.00144156,0.00144391,0.00144411,0.0014472,628.109,0.0003
21.425,6723810.0,4338990.0,4138880.0,1271340.0,8.48452e-05,0.000882968,0.00240245,0.00144155,0.0014439,0.0014441,0.0014472,628.592,0.0003
21.43,6723810.0,4338990.0,4138880.0,1271340.0,8.48452e-05,0.000882968,0.00240245,0.00144155,0.0014439,0.0014441,0.0014472,630.065,0.0003
21.435,6724050.0,4339130.0,4139010.0,1271340.0,8.48467e-05,0.000892446,0.00241189,0.00144158,0.00144393,0.00144413,0.00144723,630.065,0.0003
21.44,6724130.0,4339170.0,4139050.0,1271350.0,8.48473e-05,0.000895555,0.00241499,0.00144159,0.00144394,0.00144414,0.00144724,632.759,0.0003
21.445,6724580.0,4339430.0,4139290.0,1271350.0,8.48501e-05,0.000912896,0.00243227,0.00144165,0.001444,0.0014442,0.0014473,632.244,0.0003
21.45,6724580.0,4339430.0,4139290.0,1271350.0,8.48501e-05,0.000912896,0.00243227,0.00144165,0.001444,0.0014442,0.0014473,630.672,0.0003
21.455,6724320.0,4339280.0,4139150.0,1271350.0,8.48484e-05,0.000902779,0.00242219,0.00144162,0.00144397,0.00144417,0.00144726,630.672,0.0003
21.46,6724230.0,4339230.0,4139100.0,1271350.0,8.48479e-05,0.000899461,0.00241888,0.00144161,0.00144396,0.00144416,0.00144725,625.426,0.0003
21.465,6723360.0,4338730.0,4138640.0,1271340.0,8.48424e-05,0.000865698,0.00238524,0.00144149,0.00144384,0.00144404,0.00144714,625.964,0.0003
21.47,6723360.0,4338730.0,4138640.0,1271340.0,8.48424e-05,0.000865698,0.00238524,0.00144149,0.00144384,0.00144404,0.00144714,627.604,0.0003
21.475,6723630.0,4338890.0,4138780.0,1271340.0,8.48441e-05,0.000876256,0.00239576,0.00144153,0.00144388,0.00144408,0.00144717,627.604,0.0003
21.48,6723720.0,4338940.0,4138830.0,1271340.0,8.48447e-05,0.000879719,0.00239921,0.00144154,0.00144389,0.00144409,0.00144718,629.879,0.0003
21.485,6724100.0,4339160.0,4139030.0,1271350.0,8.48471e-05,0.000894358,0.0024138,0.00144159,0.00144394,0.00144414,0.00144723,629.314,0.0003
21.49,6724100.0,4339160.0,4139030.0,1271350.0,8.48471e-05,0.000894358,0.0024138,0.00144159,0.00144394,0.00144414,0.00144723,627.589,0.0003
21.495,6723810.0,4338990.0,4138880.0,1271340.0,8.48453e-05,0.000883262,0.00240274,0.00144155,0.0014439,0.0014441,0.0014472,627.589,0.0003
21.5,6723720.0,4338940.0,4138830.0,1271340.0,8.48447e-05,0.000879623,0.00239911,0.00144154,0.00144389,0.00144409,0.00144718,630.765,0.0003
21.505,6724250.0,4339240.0,4139110.0,1271350.0,8.4848e-05,0.000900063,0.00241948,0.00144161,0.00144396,0.00144416,0.00144725,630.308,0.0003
21.51,6724250.0,4339240.0,4139110.0,1271350.0,8.4848e-05,0.000900063,0.00241948,0.00144161,0.00144396,0.00144416,0.00144725,628.915,0.0003
21.515,6724020.0,4339110.0,4138990.0,1271340.0,8.48465e-05,0.000891094,0.00241055,0.00144158,0.00144393,0.00144413,0.00144722,628.915,0.0003
21.52,6723940.0,4339060.0,4138950.0,1271340.0,8.48461e-05,0.000888153,0.00240761,0.00144157,0.00144392,0.00144412,0.00144721,630.746,0.0003
21.525,6724250.0,4339240.0,4139110.0,1271350.0,8.4848e-05,0.00089994,0.00241936,0.00144161,0.00144396,0.00144416,0.00144725,631.097,0.0003
21.53,6724250.0,4339240.0,4139110.0,1271350.0,8.4848e-05,0.00089994,0.00241936,0.00144161,0.00144396,0.00144416,0.00144725,632.168,0.0003
21.535,6724430.0,4339340.0,4139210.0,1271350.0,8.48491e-05,0.000906829,0.00242623,0.00144163,0.00144398,0.00144418,0.00144728,632.168,0.0003
21.54,6724480.0,4339370.0,4139240.0,1271350.0,8.48494e-05,0.000909089,0.00242848,0.00144164,0.00144399,0.00144419,0.00144728,626.27,0.0003
21.545,6723500.0,4338810.0,4138710.0,1271340.0,8.48433e-05,0.000871134,0.00239065,0.00144151,0.00144386,0.00144406,0.00144716,627.412,0.0003
21.55,6723500.0,4338810.0,4138710.0,1271340.0,8.48433e-05,0.000871134,0.00239065,0.00144151,0.00144386,0.00144406,0.00144716,630.893,0.0003
21.555,6724080.0,4339140.0,4139020.0,1271350.0,8.48469e-05,0.000893535,0.00241298,0.00144159,0.00144394,0.00144414,0.00144723,630.893,0.0003
21.56,6724270.0,4339250.0,4139120.0,1271350.0,8.48481e-05,0.000900883,0.0024203,0.00144161,0.00144396,0.00144416,0.00144726,630.512,0.0003
21.565,6724210.0,4339220.0,4139090.0,1271350.0,8.48477e-05,0.000898434,0.00241786,0.0014416,0.00144395,0.00144415,0.00144725,630.228,0.0003
21.57,6724210.0,4339220.0,4139090.0,1271350.0,8.48477e-05,0.000898434,0.00241786,0.0014416,0.00144395,0.00144415,0.00144725,629.362,0.0003
21.575,6724060.0,4339130.0,4139010.0,1271350.0,8.48468e-05,0.00089286,0.00241231,0.00144158,0.00144393,0.00144413,0.00144723,629.362,0.0003
21.58,6724020.0,4339110.0,4138990.0,1271350.0,8.48465e-05,0.000891031,0.00241048,0.00144158,0.00144393,0.00144413,0.00144722,630.476,0.0003
21.585,6724200.0,4339210.0,4139090.0,1271350.0,8.48477e-05,0.000898201,0.00241763,0.0014416,0.00144395,0.00144415,0.00144725,629.352,0.0003
21.59,6724200.0,4339210.0,4139090.0,1271350.0,8.48477e-05,0.000898201,0.00241763,0.0014416,0.00144395,0.00144415,0.00144725,625.926,0.0003
21.595,6723630.0,4338890.0,4138780.0,1271340.0,8.48441e-05,0.000876149,0.00239565,0.00144153,0.00144388,0.00144408,0.00144717,625.926,0.0003
21.6,6723440.0,4338780.0,4138680.0,1271340.0,8.48429e-05,0.000868917,0.00238844,0.0014415,0.00144385,0.00144405,0.00144715,629.446,0.0003
21.605,6724030.0,4339120.0,4139000.0,1271350.0,8.48466e-05,0.000891572,0.00241102,0.00144158,0.00144393,0.00144413,0.00144722,629.054,0.0003
21.61,6724030.0,4339120.0,4139000.0,1271350.0,8.48466e-05,0.000891572,0.00241102,0.00144158,0.00144393,0.00144413,0.00144722,627.857,0.0003
21.615,6723830.0,4339000.0,4138890.0,1271340.0,8.48454e-05,0.000883871,0.00240335,0.00144155,0.0014439,0.0014441,0.0014472,627.857,0.0003
21.62,6723760.0,4338960.0,4138860.0,1271340.0,8.4845e-05,0.000881345,0.00240083,0.00144155,0.0014439,0.0014441,0.00144719,628.227,0.0003
21.625,6723830.0,4339000.0,4138890.0,1271340.0,8.48453e-05,0.000883727,0.0024032,0.00144155,0.0014439,0.0014441,0.0014472,627.037,0.0003
21.63,6723830.0,4339000.0,4138890.0,1271340.0,8.48453e-05,0.000883727,0.0024032,0.00144155,0.0014439,0.0014441,0.0014472,623.407,0.0003
21.635,6723220.0,4338650.0,4138570.0,1271340.0,8.48416e-05,0.000860368,0.00237992,0.00144148,0.00144382,0.00144402,0.00144712,623.407,0.0003
21.64,6723020.0,4338540.0,4138460.0,1271330.0,8.48403e-05,0.000852707,0.00237229,0.00144145,0.0014438,0.001444,0.00144709,634.004,0.0003
21.645,6724790.0,4339550.0,4139400.0,1271360.0,8.48514e-05,0.000920905,0.00244025,0.00144168,0.00144403,0.00144423,0.00144732,631.902,0.0003
21.65,6724790.0,4339550.0,4139400.0,1271360.0,8.48514e-05,0.000920905,0.00244025,0.00144168,0.00144403,0.00144423,0.00144732,625.494,0.0003
21.655,6723720.0,4338940.0,4138830.0,1271340.0,8.48447e-05,0.000879665,0.00239915,0.00144154,0.00144389,0.00144409,0.00144718,625.494,0.0003
21.66,6723370.0,4338740.0,4138650.0,1271340.0,8.48425e-05,0.000866138,0.00238567,0.00144149,0.00144384,0.00144404,0.00144714,626.562,0.0003
21.665,6723550.0,4338840.0,4138740.0,1271340.0,8.48436e-05,0.000873011,0.00239252,0.00144152,0.00144387,0.00144407,0.00144716,626.246,0.0003
21.67,6723550.0,4338840.0,4138740.0,1271340.0,8.48436e-05,0.000873011,0.00239252,0.00144152,0.00144387,0.00144407,0.00144716,625.283,0.0003
21.675,6723390.0,4338750.0,4138650.0,1271340.0,8.48426e-05,0.00086681,0.00238634,0.0014415,0.00144385,0.00144405,0.00144714,625.283,0.0003
21.68,6723330.0,4338720.0,4138630.0,1271340.0,8.48423e-05,0.000864776,0.00238432,0.00144149,0.00144384,0.00144404,0.00144713,630.331,0.0003
21.685,6724180.0,4339200.0,4139080.0,1271350.0,8.48475e-05,0.000897267,0.0024167,0.0014416,0.00144395,0.00144415,0.00144724,630.277,0.0003
21.69,6724180.0,4339200.0,4139080.0,1271350.0,8.48475e-05,0.000897267,0.0024167,0.0014416,0.00144395,0.00144415,0.00144724,630.11,0.0003
21.695,6724150.0,4339180.0,4139060.0,1271350.0,8.48474e-05,0.000896198,0.00241563,0.0014416,0.00144395,0.00144415,0.00144724,630.11,0.0003
21.7,6724140.0,4339180.0,4139060.0,1271350.0,8.48473e-05,0.000895848,0.00241528,0.00144159,0.00144394,0.00144414,0.00144724,630.125,0.0003
21.705,6724140.0,4339180.0,4139060.0,1271350.0,8.48473e-05,0.000895943,0.00241538,0.0014416,0.00144394,0.00144414,0.00144724,629.669,0.0003
21.71,6724140.0,4339180.0,4139060.0,1271350.0,8.48473e-05,0.000895943,0.00241538,0.0014416,0.00144394,0.00144414,0.00144724,628.277,0.0003
21.715,6723910.0,4339050.0,4138930.0,1271350.0,8.48459e-05,0.000886987,0.00240645,0.00144156,0.00144391,0.00144411,0.00144721,628.277,0.0003
21.72,6723830.0,4339000.0,4138890.0,1271350.0,8.48454e-05,0.00088405,0.00240353,0.00144156,0.0014439,0.0014441,0.0014472,630.034,0.0003
21.725,6724130.0,4339170.0,4139050.0,1271350.0,8.48472e-05,0.000895359,0.0024148,0.00144159,0.00144394,0.00144414,0.00144724,630.199,0.0003
21.73,6724130.0,4339170.0,4139050.0,1271350.0,8.48472e-05,0.000895359,0.0024148,0.00144159,0.00144394,0.00144414,0.00144724,630.701,0.0003
21.735,6724210.0,4339220.0,4139090.0,1271350.0,8.48477e-05,0.000898589,0.00241801,0.0014416,0.00144395,0.00144415,0.00144725,630.701,0.0003
21.74,6724240.0,4339240.0,4139110.0,1271350.0,8.48479e-05,0.000899649,0.00241907,0.00144161,0.00144396,0.00144416,0.00144725,627.633,0.0003
21.745,6723730.0,4338940.0,4138840.0,1271340.0,8.48447e-05,0.000879906,0.0023994,0.00144154,0.00144389,0.00144409,0.00144718,628.881,0.0003
21.75,6723730.0,4338940.0,4138840.0,1271340.0,8.48447e-05,0.000879906,0.0023994,0.00144154,0.00144389,0.00144409,0.00144718,632.685,0.0003
21.755,6724360.0,4339310.0,4139170.0,1271350.0,8.48487e-05,0.000904388,0.00242379,0.00144162,0.00144397,0.00144417,0.00144727,632.685,0.0003
21.76,6724570.0,4339420.0,4139290.0,1271350.0,8.485e-05,0.000912419,0.0024318,0.00144165,0.001444,0.0014442,0.0014473,629.182,0.0003
21.765,6723990.0,4339090.0,4138970.0,1271350.0,8.48463e-05,0.000889871,0.00240933,0.00144157,0.00144392,0.00144412,0.00144722,628.962,0.0003
21.77,6723990.0,4339090.0,4138970.0,1271350.0,8.48463e-05,0.000889871,0.00240933,0.00144157,0.00144392,0.00144412,0.00144722,628.292,0.0003
21.775,6723870.0,4339030.0,4138910.0,1271350.0,8.48456e-05,0.000885561,0.00240503,0.00144156,0.00144391,0.00144411,0.0014472,628.292,0.0003
21.78,6723840.0,4339010.0,4138890.0,1271350.0,8.48454e-05,0.000884147,0.00240362,0.00144156,0.0014439,0.0014441,0.0014472,625.946,0.0003
21.785,6723440.0,4338780.0,4138690.0,1271340.0,8.4843e-05,0.000869043,0.00238857,0.0014415,0.00144385,0.00144405,0.00144715,626.854,0.0003
21.79,6723440.0,4338780.0,4138690.0,1271340.0,8.4843e-05,0.000869043,0.00238857,0.0014415,0.00144385,0.00144405,0.00144715,629.623,0.0003
21.795,6723910.0,4339050.0,4138930.0,1271350.0,8.48458e-05,0.000886866,0.00240633,0.00144156,0.00144391,0.00144411,0.00144721,629.623,0.0003
21.8,6724060.0,4339130.0,4139010.0,1271350.0,8.48468e-05,0.000892712,0.00241216,0.00144158,0.00144393,0.00144413,0.00144723,628.654,0.0003
21.805,6723900.0,4339040.0,4138930.0,1271350.0,8.48458e-05,0.000886472,0.00240594,0.00144156,0.00144391,0.00144411,0.00144721,629.435,0.0003
21.81,6723900.0,4339040.0,4138930.0,1271350.0,8.48458e-05,0.000886472,0.00240594,0.00144156,0.00144391,0.00144411,0.00144721,631.815,0.0003
21.815,6724300.0,4339270.0,4139140.0,1271350.0,8.48483e-05,0.000901794,0.00242121,0.00144161,0.00144396,0.00144416,0.00144726,631.815,0.0003
21.82,6724430.0,4339340.0,4139210.0,1271350.0,8.48491e-05,0.000906819,0.00242622,0.00144163,0.00144398,0.00144418,0.00144728,627.341,0.0003
21.825,6723680.0,4338920.0,4138810.0,1271340.0,8.48444e-05,0.000878023,0.00239752,0.00144153,0.00144388,0.00144408,0.00144718,627.83,0.0003
21.83,6723680.0,4338920.0,4138810.0,1271340.0,8.48444e-05,0.000878023,0.00239752,0.00144153,0.00144388,0.00144408,0.00144718,629.322,0.0003
21.835,6723930.0,4339060.0,4138940.0,1271350.0,8.4846e-05,0.000887626,0.00240709,0.00144157,0.00144392,0.00144412,0.00144721,629.322,0.0003
21.84,6724010.0,4339100.0,4138990.0,1271350.0,8.48465e-05,0.000890776,0.00241023,0.00144158,0.00144393,0.00144413,0.00144722,628.898,0.0003
21.845,6723940.0,4339060.0,4138950.0,1271350.0,8.4846e-05,0.000888048,0.00240751,0.00144157,0.00144392,0.00144412,0.00144721,628.621,0.0003
21.85,6723940.0,4339060.0,4138950.0,1271350.0,8.4846e-05,0.000888048,0.00240751,0.00144157,0.00144392,0.00144412,0.00144721,627.774,0.0003
21.855,6723800.0,4338980.0,4138870.0,1271350.0,8.48452e-05,0.000882597,0.00240208,0.00144155,0.0014439,0.0014441,0.00144719,627.774,0.0003
21.86,6723750.0,4338960.0,4138850.0,1271350.0,8.48449e-05,0.000880809,0.0024003,0.00144154,0.00144389,0.00144409,0.00144719,628.176,0.0003
21.865,6723820.0,4339000.0,4138880.0,1271350.0,8.48453e-05,0.000883397,0.00240287,0.00144155,0.0014439,0.0014441,0.0014472,628.347,0.0003
21.87,6723820.0,4339000.0,4138880.0,1271350.0,8.48453e-05,0.000883397,0.00240287,0.00144155,0.0014439,0.0014441,0.0014472,628.868,0.0003
21.875,6723900.0,4339050.0,4138930.0,1271350.0,8.48458e-05,0.00088675,0.00240622,0.00144156,0.00144391,0.00144411,0.00144721,628.868,0.0003
21.88,6723930.0,4339060.0,4138950.0,1271350.0,8.4846e-05,0.00088785,0.00240731,0.00144157,0.00144392,0.00144412,0.00144721,626.545,0.0003
21.885,6723540.0,4338840.0,4138740.0,1271340.0,8.48436e-05,0.000872898,0.00239241,0.00144152,0.00144387,0.00144407,0.00144716,626.231,0.0003
21.89,6723540.0,4338840.0,4138740.0,1271340.0,8.48436e-05,0.000872898,0.00239241,0.00144152,0.00144387,0.00144407,0.00144716,625.275,0.0003
21.895,6723390.0,4338750.0,4138650.0,1271340.0,8.48426e-05,0.000866746,0.00238628,0.0014415,0.00144385,0.00144405,0.00144714,625.275,0.0003
21.9,6723330.0,4338720.0,4138630.0,1271340.0,8.48423e-05,0.000864728,0.00238427,0.00144149,0.00144384,0.00144404,0.00144713,625.216,0.0003
21.905,6723320.0,4338710.0,4138620.0,1271340.0,8.48422e-05,0.000864346,0.00238389,0.00144149,0.00144384,0.00144404,0.00144713,625.924,0.0003
21.91,6723320.0,4338720.0,4138620.0,1271340.0,8.48422e-05,0.000864346,0.00238389,0.00144149,0.00144384,0.00144404,0.00144713,628.085,0.0003
21.915,6723680.0,4338920.0,4138810.0,1271350.0,8.48445e-05,0.000878253,0.00239775,0.00144154,0.00144388,0.00144408,0.00144718,628.085,0.0003
21.92,6723800.0,4338990.0,4138880.0,1271350.0,8.48452e-05,0.000882815,0.00240229,0.00144155,0.0014439,0.0014441,0.00144719,632.168,0.0003
21.925,6724480.0,4339380.0,4139240.0,1271350.0,8.48494e-05,0.000909093,0.00242848,0.00144164,0.00144399,0.00144419,0.00144728,630.654,0.0003
21.93,6724480.0,4339380.0,4139240.0,1271350.0,8.48494e-05,0.000909093,0.00242848,0.00144164,0.00144399,0.00144419,0.00144728,626.037,0.0003
21.935,6723710.0,4338940.0,4138830.0,1271350.0,8.48446e-05,0.000879378,0.00239887,0.00144154,0.00144389,0.00144409,0.00144718,626.037,0.0003
21.94,6723460.0,4338790.0,4138700.0,1271340.0,8.48431e-05,0.000869632,0.00238916,0.00144151,0.00144386,0.00144406,0.00144715,627.826,0.0003
21.945,6723760.0,4338960.0,4138850.0,1271350.0,8.48449e-05,0.000881146,0.00240063,0.00144154,0.00144389,0.00144409,0.00144719,627.373,0.0003
21.95,6723760.0,4338960.0,4138850.0,1271350.0,8.48449e-05,0.000881146,0.00240063,0.00144154,0.00144389,0.00144409,0.00144719,625.994,0.0003
21.955,6723530.0,4338830.0,4138730.0,1271340.0,8.48435e-05,0.000872265,0.00239178,0.00144151,0.00144386,0.00144406,0.00144716,625.994,0.0003
21.96,6723450.0,4338790.0,4138690.0,1271340.0,8.4843e-05,0.000869352,0.00238888,0.00144151,0.00144385,0.00144405,0.00144715,631.921,0.0003
21.965,6724440.0,4339350.0,4139220.0,1271350.0,8.48492e-05,0.0009075,0.00242689,0.00144163,0.00144398,0.00144418,0.00144728,630.611,0.0003
21.97,6724440.0,4339350.0,4139220.0,1271350.0,8.48492e-05,0.0009075,0.00242689,0.00144163,0.00144398,0.00144418,0.00144728,626.616,0.0003
21.975,6723780.0,4338970.0,4138860.0,1271350.0,8.4845e-05,0.000881791,0.00240127,0.00144155,0.0014439,0.0014441,0.00144719,626.616,0.0003
21.98,6723560.0,4338850.0,4138750.0,1271340.0,8.48437e-05,0.000873359,0.00239287,0.00144152,0.00144387,0.00144407,0.00144716,629.075,0.0003
21.985,6723970.0,4339080.0,4138970.0,1271350.0,8.48462e-05,0.000889186,0.00240864,0.00144157,0.00144392,0.00144412,0.00144722,628.656,0.0003
21.99,6723970.0,4339080.0,4138970.0,1271350.0,8.48462e-05,0.000889186,0.00240864,0.00144157,0.00144392,0.00144412,0.00144722,627.378,0.0003
21.995,6723750.0,4338960.0,4138850.0,1271350.0,8.48449e-05,0.000880958,0.00240044,0.00144154,0.00144389,0.00144409,0.00144719,627.378,0.0003
22.0,6723680.0,4338920.0,4138810.0,1271350.0,8.48445e-05,0.000878259,0.00239775,0.00144154,0.00144388,0.00144408,0.00144718,627.557,0.0003
22.005,6723710.0,4338940.0,4138830.0,1271350.0,8.48446e-05,0.000879415,0.00239891,0.00144154,0.00144389,0.00144409,0.00144718,628.746,0.0003
22.01,6723710.0,4338940.0,4138830.0,1271350.0,8.48446e-05,0.000879415,0.00239891,0.00144154,0.00144389,0.00144409,0.00144718,632.37,0.0003
22.015,6724320.0,4339280.0,4139150.0,1271350.0,8.48484e-05,0.000902742,0.00242215,0.00144162,0.00144397,0.00144417,0.00144726,632.37,0.0003
22.02,6724520.0,4339390.0,4139260.0,1271360.0,8.48497e-05,0.000910393,0.00242978,0.00144164,0.00144399,0.00144419,0.00144729,628.288,0.0003
22.025,6723840.0,4339010.0,4138900.0,1271350.0,8.48454e-05,0.000884121,0.0024036,0.00144155,0.0014439,0.0014441,0.0014472,629.534,0.0003
22.03,6723840.0,4339010.0,4138900.0,1271350.0,8.48454e-05,0.000884121,0.0024036,0.00144155,0.0014439,0.0014441,0.0014472,633.331,0.0003
22.035,6724470.0,4339370.0,4139230.0,1271360.0,8.48494e-05,0.00090856,0.00242795,0.00144164,0.00144399,0.00144419,0.00144728,633.331,0.0003
22.04,6724680.0,4339490.0,4139340.0,1271360.0,8.48507e-05,0.000916577,0.00243594,0.00144166,0.00144401,0.00144421,0.00144731,629.244,0.0003
22.045,6724000.0,4339100.0,4138980.0,1271350.0,8.48464e-05,0.000890275,0.00240973,0.00144158,0.00144393,0.00144413,0.00144722,629.578,0.0003
22.05,6724000.0,4339100.0,4138980.0,1271350.0,8.48464e-05,0.000890275,0.00240973,0.00144158,0.00144393,0.00144413,0.00144722,630.596,0.0003
22.055,6724170.0,4339190.0,4139070.0,1271350.0,8.48475e-05,0.000896824,0.00241625,0.0014416,0.00144395,0.00144415,0.00144724,630.596,0.0003
22.06,6724220.0,4339230.0,4139100.0,1271350.0,8.48478e-05,0.000898972,0.0024184,0.0014416,0.00144395,0.00144415,0.00144725,626.957,0.0003
22.065,6723610.0,4338880.0,4138780.0,1271350.0,8.4844e-05,0.000875553,0.00239506,0.00144153,0.00144388,0.00144408,0.00144717,627.086,0.0003
22.07,6723610.0,4338880.0,4138780.0,1271350.0,8.4844e-05,0.000875553,0.00239506,0.00144153,0.00144388,0.00144408,0.00144717,627.481,0.0003
22.075,6723680.0,4338920.0,4138810.0,1271350.0,8.48444e-05,0.000878093,0.00239759,0.00144153,0.00144388,0.00144408,0.00144718,627.481,0.0003
22.08,6723700.0,4338930.0,4138820.0,1271350.0,8.48446e-05,0.000878926,0.00239842,0.00144154,0.00144389,0.00144409,0.00144718,627.939,0.0003
22.085,6723780.0,4338970.0,4138860.0,1271350.0,8.4845e-05,0.000881874,0.00240136,0.00144155,0.0014439,0.0014441,0.00144719,628.416,0.0003
22.09,6723780.0,4338970.0,4138860.0,1271350.0,8.4845e-05,0.000881874,0.00240136,0.00144155,0.0014439,0.0014441,0.00144719,629.869,0.0003
22.095,6724020.0,4339110.0,4138990.0,1271350.0,8.48466e-05,0.000891226,0.00241068,0.00144158,0.00144393,0.00144413,0.00144722,629.869,0.0003
22.1,6724100.0,4339160.0,4139040.0,1271350.0,8.4847e-05,0.000894294,0.00241373,0.00144159,0.00144394,0.00144414,0.00144723,628.813,0.0003
22.105,6723920.0,4339060.0,4138940.0,1271350.0,8.48459e-05,0.000887497,0.00240696,0.00144157,0.00144392,0.00144412,0.00144721,629.03,0.0003
22.11,6723920.0,4339060.0,4138940.0,1271350.0,8.48459e-05,0.000887497,0.00240696,0.00144157,0.00144392,0.00144412,0.00144721,629.693,0.0003
22.115,6724030.0,4339120.0,4139000.0,1271350.0,8.48466e-05,0.000891763,0.00241121,0.00144158,0.00144393,0.00144413,0.00144722,629.693,0.0003
22.12,6724070.0,4339140.0,4139020.0,1271350.0,8.48469e-05,0.000893163,0.00241261,0.00144159,0.00144393,0.00144413,0.00144723,626.378,0.0003
22.125,6723520.0,4338830.0,4138730.0,1271350.0,8.48434e-05,0.000871828,0.00239134,0.00144151,0.00144386,0.00144406,0.00144716,625.838,0.0003
22.13,6723520.0,4338830.0,4138730.0,1271350.0,8.48434e-05,0.000871828,0.00239134,0.00144151,0.00144386,0.00144406,0.00144716,624.19,0.0003
22.135,6723240.0,4338670.0,4138580.0,1271340.0,8.48417e-05,0.000861225,0.00238078,0.00144148,0.00144383,0.00144403,0.00144712,624.19,0.0003
22.14,6723150.0,4338620.0,4138530.0,1271340.0,8.48411e-05,0.000857748,0.00237731,0.00144147,0.00144381,0.00144401,0.00144711,624.992,0.0003
22.145,6723290.0,4338690.0,4138600.0,1271340.0,8.4842e-05,0.000862909,0.00238246,0.00144148,0.00144383,0.00144403,0.00144713,625.465,0.0003
22.15,6723290.0,4338690.0,4138600.0,1271340.0,8.4842e-05,0.000862909,0.00238246,0.00144148,0.00144383,0.00144403,0.00144713,626.908,0.0003
22.155,6723530.0,4338830.0,4138730.0,1271350.0,8.48435e-05,0.00087219,0.00239171,0.00144151,0.00144386,0.00144406,0.00144716,626.908,0.0003
22.16,6723610.0,4338880.0,4138770.0,1271350.0,8.4844e-05,0.000875235,0.00239474,0.00144152,0.00144387,0.00144407,0.00144717,632.507,0.0003
22.165,6724540.0,4339410.0,4139270.0,1271360.0,8.48498e-05,0.000911274,0.00243066,0.00144165,0.001444,0.0014442,0.00144729,631.836,0.0003
22.17,6724540.0,4339410.0,4139270.0,1271360.0,8.48498e-05,0.000911274,0.00243066,0.00144165,0.001444,0.0014442,0.00144729,629.788,0.0003
22.175,6724200.0,4339210.0,4139090.0,1271350.0,8.48477e-05,0.000898096,0.00241752,0.0014416,0.00144395,0.00144415,0.00144725,629.788,0.0003
22.18,6724090.0,4339150.0,4139030.0,1271350.0,8.4847e-05,0.000893773,0.00241321,0.00144159,0.00144394,0.00144414,0.00144723,629.078,0.0003
22.185,6723970.0,4339080.0,4138970.0,1271350.0,8.48462e-05,0.000889202,0.00240866,0.00144157,0.00144392,0.00144412,0.00144722,628.546,0.0003
22.19,6723970.0,4339080.0,4138970.0,1271350.0,8.48462e-05,0.000889202,0.00240866,0.00144157,0.00144392,0.00144412,0.00144722,626.924,0.0003
22.195,6723700.0,4338930.0,4138820.0,1271350.0,8.48445e-05,0.000878763,0.00239826,0.00144154,0.00144389,0.00144409,0.00144718,626.924,0.0003
22.2,6723610.0,4338880.0,4138780.0,1271350.0,8.4844e-05,0.000875339,0.00239484,0.00144152,0.00144387,0.00144407,0.00144717,627.293,0.0003
22.205,6723670.0,4338910.0,4138810.0,1271350.0,8.48444e-05,0.000877718,0.00239721,0.00144153,0.00144388,0.00144408,0.00144718,627.755,0.0003
22.21,6723670.0,4338910.0,4138810.0,1271350.0,8.48444e-05,0.000877718,0.00239721,0.00144153,0.00144388,0.00144408,0.00144718,629.161,0.0003
22.215,6723910.0,4339050.0,4138930.0,1271350.0,8.48458e-05,0.000886771,0.00240624,0.00144156,0.00144391,0.00144411,0.00144721,629.161,0.0003
22.22,6723980.0,4339090.0,4138970.0,1271350.0,8.48463e-05,0.00088974,0.0024092,0.00144157,0.00144392,0.00144412,0.00144722,628.631,0.0003
22.225,6723890.0,4339040.0,4138930.0,1271350.0,8.48458e-05,0.000886326,0.00240579,0.00144156,0.00144391,0.00144411,0.00144721,627.933,0.0003
22.23,6723890.0,4339040.0,4138930.0,1271350.0,8.48458e-05,0.000886326,0.00240579,0.00144156,0.00144391,0.00144411,0.00144721,625.804,0.0003
22.235,6723540.0,4338840.0,4138740.0,1271350.0,8.48435e-05,0.000872624,0.00239214,0.00144152,0.00144387,0.00144407,0.00144716,625.804,0.0003
22.24,6723420.0,4338770.0,4138680.0,1271350.0,8.48428e-05,0.00086813,0.00238766,0.0014415,0.00144385,0.00144405,0.00144714,628.742,0.0003
22.245,6723910.0,4339050.0,4138940.0,1271350.0,8.48459e-05,0.000887041,0.00240651,0.00144156,0.00144391,0.00144411,0.00144721,628.962,0.0003
22.25,6723910.0,4339050.0,4138940.0,1271350.0,8.48459e-05,0.000887041,0.00240651,0.00144156,0.00144391,0.00144411,0.00144721,629.634,0.0003
22.255,6724020.0,4339120.0,4139000.0,1271350.0,8.48466e-05,0.000891363,0.00241081,0.00144158,0.00144393,0.00144413,0.00144722,629.634,0.0003
22.26,6724060.0,4339140.0,4139020.0,1271350.0,8.48468e-05,0.00089278,0.00241223,0.00144158,0.00144393,0.00144413,0.00144723,629.399,0.0003
22.265,6724020.0,4339110.0,4139000.0,1271350.0,8.48466e-05,0.000891269,0.00241072,0.00144158,0.00144393,0.00144413,0.00144722,628.742,0.0003
22.27,6724020.0,4339110.0,4139000.0,1271350.0,8.48466e-05,0.000891269,0.00241072,0.00144158,0.00144393,0.00144413,0.00144722,626.74,0.0003
22.275,6723690.0,4338920.0,4138820.0,1271350.0,8.48445e-05,0.000878384,0.00239788,0.00144154,0.00144388,0.00144408,0.00144718,626.74,0.0003
22.28,6723580.0,4338860.0,4138760.0,1271350.0,8.48438e-05,0.000874158,0.00239367,0.00144152,0.00144387,0.00144407,0.00144716,629.109,0.0003
22.285,6723970.0,4339090.0,4138970.0,1271350.0,8.48463e-05,0.000889404,0.00240886,0.00144157,0.00144392,0.00144412,0.00144722,628.435,0.0003
22.29,6723970.0,4339090.0,4138970.0,1271350.0,8.48463e-05,0.000889404,0.00240886,0.00144157,0.00144392,0.00144412,0.00144722,626.379,0.0003
22.295,6723630.0,4338890.0,4138790.0,1271350.0,8.48441e-05,0.000876173,0.00239567,0.00144153,0.00144388,0.00144408,0.00144717,626.379,0.0003
22.3,6723520.0,4338830.0,4138730.0,1271350.0,8.48434e-05,0.000871833,0.00239135,0.00144151,0.00144386,0.00144406,0.00144716,629.995,0.0003
22.305,6724120.0,4339170.0,4139050.0,1271350.0,8.48472e-05,0.000895104,0.00241454,0.00144159,0.00144394,0.00144414,0.00144724,629.712,0.0003
22.31,6724120.0,4339170.0,4139050.0,1271350.0,8.48472e-05,0.000895104,0.00241454,0.00144159,0.00144394,0.00144414,0.00144724,628.848,0.0003
22.315,6723980.0,4339090.0,4138970.0,1271350.0,8.48463e-05,0.000889546,0.002409,0.00144157,0.00144392,0.00144412,0.00144722,628.848,0.0003
22.32,6723930.0,4339060.0,4138950.0,1271350.0,8.4846e-05,0.000887723,0.00240718,0.00144157,0.00144392,0.00144412,0.00144721,625.763,0.0003
22.325,6723410.0,4338770.0,4138670.0,1271350.0,8.48428e-05,0.000867866,0.0023874,0.0014415,0.00144385,0.00144405,0.00144714,626.452,0.0003
22.33,6723410.0,4338770.0,4138670.0,1271350.0,8.48428e-05,0.000867866,0.0023874,0.0014415,0.00144385,0.00144405,0.00144714,628.554,0.0003
22.335,6723770.0,4338970.0,4138860.0,1271350.0,8.4845e-05,0.000881394,0.00240088,0.00144155,0.00144389,0.00144409,0.00144719,628.554,0.0003
22.34,6723880.0,4339030.0,4138920.0,1271350.0,8.48457e-05,0.000885831,0.0024053,0.00144156,0.00144391,0.00144411,0.0014472,628.458,0.0003
22.345,6723860.0,4339030.0,4138910.0,1271350.0,8.48456e-05,0.000885215,0.00240469,0.00144156,0.00144391,0.00144411,0.0014472,628.098,0.0003
22.35,6723860.0,4339030.0,4138910.0,1271350.0,8.48456e-05,0.000885215,0.00240469,0.00144156,0.00144391,0.00144411,0.0014472,627.001,0.0003
22.355,6723680.0,4338920.0,4138810.0,1271350.0,8.48444e-05,0.000878155,0.00239765,0.00144153,0.00144388,0.00144408,0.00144718,627.001,0.0003
22.36,6723620.0,4338890.0,4138780.0,1271350.0,8.48441e-05,0.000875839,0.00239534,0.00144153,0.00144388,0.00144408,0.00144717,624.861,0.0003
22.365,6723260.0,4338680.0,4138590.0,1271350.0,8.48418e-05,0.000862065,0.00238161,0.00144148,0.00144383,0.00144403,0.00144712,627.16,0.0003
22.37,6723260.0,4338680.0,4138590.0,1271350.0,8.48418e-05,0.000862065,0.00238161,0.00144148,0.00144383,0.00144403,0.00144712,634.167,0.0003
22.375,6724430.0,4339350.0,4139220.0,1271360.0,8.48491e-05,0.000907164,0.00242656,0.00144163,0.00144398,0.00144418,0.00144728,634.167,0.0003
22.38,6724820.0,4339570.0,4139420.0,1271360.0,8.48515e-05,0.000921956,0.0024413,0.00144168,0.00144403,0.00144423,0.00144733,627.113,0.0003
22.385,6723640.0,4338900.0,4138790.0,1271350.0,8.48442e-05,0.000876558,0.00239606,0.00144153,0.00144388,0.00144408,0.00144717,626.967,0.0003
22.39,6723640.0,4338900.0,4138790.0,1271350.0,8.48442e-05,0.000876558,0.00239606,0.00144153,0.00144388,0.00144408,0.00144717,626.522,0.0003
22.395,6723570.0,4338860.0,4138750.0,1271350.0,8.48437e-05,0.000873692,0.0023932,0.00144152,0.00144387,0.00144407,0.00144716,626.522,0.0003
22.4,6723540.0,4338840.0,4138740.0,1271350.0,8.48436e-05,0.000872752,0.00239226,0.00144152,0.00144387,0.00144407,0.00144716,632.442,0.0003
22.405,6724530.0,4339400.0,4139270.0,1271360.0,8.48497e-05,0.000910854,0.00243024,0.00144164,0.00144399,0.00144419,0.00144729,632.016,0.0003
22.41,6724530.0,4339400.0,4139270.0,1271360.0,8.48497e-05,0.000910854,0.00243024,0.00144164,0.00144399,0.00144419,0.00144729,630.719,0.0003
22.415,6724310.0,4339280.0,4139150.0,1271360.0,8.48484e-05,0.000902505,0.00242192,0.00144162,0.00144397,0.00144417,0.00144726,630.719,0.0003
22.42,6724240.0,4339240.0,4139110.0,1271360.0,8.48479e-05,0.000899767,0.00241919,0.00144161,0.00144396,0.00144416,0.00144725,628.742,0.0003
22.425,6723910.0,4339050.0,4138940.0,1271350.0,8.48459e-05,0.000887042,0.00240651,0.00144156,0.00144391,0.00144411,0.00144721,629.031,0.0003
22.43,6723910.0,4339050.0,4138940.0,1271350.0,8.48459e-05,0.000887042,0.00240651,0.00144156,0.00144391,0.00144411,0.00144721,629.91,0.0003
22.435,6724060.0,4339140.0,4139020.0,1271360.0,8.48468e-05,0.000892702,0.00241215,0.00144158,0.00144393,0.00144413,0.00144723,629.91,0.0003
22.44,6724110.0,4339160.0,4139040.0,1271360.0,8.48471e-05,0.000894559,0.002414,0.00144159,0.00144394,0.00144414,0.00144723,629.393,0.0003
22.445,6724020.0,4339110.0,4139000.0,1271360.0,8.48466e-05,0.00089123,0.00241068,0.00144158,0.00144393,0.00144413,0.00144722,629.489,0.0003
22.45,6724020.0,4339110.0,4139000.0,1271360.0,8.48466e-05,0.00089123,0.00241068,0.00144158,0.00144393,0.00144413,0.00144722,629.782,0.0003
22.455,6724070.0,4339140.0,4139020.0,1271360.0,8.48469e-05,0.000893115,0.00241256,0.00144158,0.00144393,0.00144413,0.00144723,629.782,0.0003
22.46,6724090.0,4339150.0,4139030.0,1271360.0,8.4847e-05,0.000893733,0.00241317,0.00144159,0.00144394,0.00144414,0.00144723,633.108,0.0003
22.465,6724640.0,4339470.0,4139330.0,1271360.0,8.48504e-05,0.000915138,0.00243451,0.00144166,0.00144401,0.00144421,0.0014473,632.111,0.0003
22.47,6724640.0,4339470.0,4139330.0,1271360.0,8.48504e-05,0.000915138,0.00243451,0.00144166,0.00144401,0.00144421,0.0014473,629.074,0.0003
22.475,6724130.0,4339180.0,4139060.0,1271360.0,8.48473e-05,0.000895588,0.00241502,0.00144159,0.00144394,0.00144414,0.00144724,629.074,0.0003
22.48,6723970.0,4339080.0,4138970.0,1271350.0,8.48462e-05,0.000889176,0.00240863,0.00144157,0.00144392,0.00144412,0.00144722,629.63,0.0003
22.485,6724060.0,4339140.0,4139020.0,1271360.0,8.48468e-05,0.000892757,0.0024122,0.00144158,0.00144393,0.00144413,0.00144723,630.398,0.0003
22.49,6724060.0,4339140.0,4139020.0,1271360.0,8.48468e-05,0.000892757,0.0024122,0.00144158,0.00144393,0.00144413,0.00144723,632.739,0.0003
22.495,6724450.0,4339360.0,4139230.0,1271360.0,8.48492e-05,0.000907826,0.00242722,0.00144163,0.00144398,0.00144418,0.00144728,632.739,0.0003
22.5,6724580.0,4339430.0,4139290.0,1271360.0,8.485e-05,0.000912769,0.00243214,0.00144165,0.001444,0.0014442,0.0014473,629.85,0.0003
22.505,6724100.0,4339160.0,4139040.0,1271360.0,8.4847e-05,0.00089417,0.00241361,0.00144159,0.00144394,0.00144414,0.00144723,628.939,0.0003
22.51,6724100.0,4339160.0,4139040.0,1271360.0,8.4847e-05,0.00089417,0.00241361,0.00144159,0.00144394,0.00144414,0.00144723,626.165,0.0003
22.515,6723630.0,4338890.0,4138790.0,1271350.0,8.48441e-05,0.000876311,0.00239581,0.00144153,0.00144388,0.00144408,0.00144717,626.165,0.0003
22.52,6723480.0,4338810.0,4138710.0,1271350.0,8.48432e-05,0.000870453,0.00238997,0.00144151,0.00144386,0.00144406,0.00144715,627.727,0.0003
22.525,6723740.0,4338960.0,4138850.0,1271350.0,8.48448e-05,0.000880506,0.00239999,0.00144154,0.00144389,0.00144409,0.00144719,627.766,0.0003
22.53,6723740.0,4338960.0,4138850.0,1271350.0,8.48448e-05,0.000880506,0.00239999,0.00144154,0.00144389,0.00144409,0.00144719,627.887,0.0003
22.535,6723760.0,4338970.0,4138860.0,1271350.0,8.48449e-05,0.000881283,0.00240077,0.00144154,0.00144389,0.00144409,0.00144719,627.887,0.0003
22.54,6723770.0,4338970.0,4138860.0,1271350.0,8.4845e-05,0.000881538,0.00240102,0.00144155,0.00144389,0.00144409,0.00144719,626.3,0.0003
22.545,6723500.0,4338820.0,4138720.0,1271350.0,8.48433e-05,0.000871326,0.00239084,0.00144151,0.00144386,0.00144406,0.00144715,626.912,0.0003
22.55,6723500.0,4338820.0,4138720.0,1271350.0,8.48433e-05,0.000871326,0.00239084,0.00144151,0.00144386,0.00144406,0.00144715,628.778,0.0003
22.555,6723820.0,4339000.0,4138890.0,1271350.0,8.48453e-05,0.000883335,0.00240281,0.00144155,0.0014439,0.0014441,0.0014472,628.778,0.0003
22.56,6723920.0,4339060.0,4138940.0,1271360.0,8.48459e-05,0.000887275,0.00240674,0.00144156,0.00144391,0.00144411,0.00144721,627.032,0.0003
22.565,6723630.0,4338890.0,4138790.0,1271350.0,8.48441e-05,0.000876035,0.00239554,0.00144153,0.00144388,0.00144408,0.00144717,627.029,0.0003
22.57,6723630.0,4338890.0,4138790.0,1271350.0,8.48441e-05,0.000876035,0.00239554,0.00144153,0.00144388,0.00144408,0.00144717,627.021,0.0003
22.575,6723620.0,4338890.0,4138790.0,1271350.0,8.48441e-05,0.000875982,0.00239548,0.00144153,0.00144388,0.00144408,0.00144717,627.021,0.0003
22.58,6723620.0,4338890.0,4138790.0,1271350.0,8.48441e-05,0.000875965,0.00239547,0.00144153,0.00144388,0.00144408,0.00144717,628.46,0.0003
22.585,6723860.0,4339030.0,4138910.0,1271350.0,8.48456e-05,0.000885228,0.0024047,0.00144156,0.00144391,0.00144411,0.0014472,627.304,0.0003
22.59,6723860.0,4339030.0,4138910.0,1271350.0,8.48456e-05,0.000885228,0.0024047,0.00144156,0.00144391,0.00144411,0.0014472,623.78,0.0003
22.595,6723280.0,4338690.0,4138600.0,1271350.0,8.48419e-05,0.000862544,0.00238209,0.00144148,0.00144383,0.00144403,0.00144712,623.78,0.0003
22.6,6723080.0,4338580.0,4138500.0,1271350.0,8.48407e-05,0.000855104,0.00237468,0.00144146,0.00144381,0.00144401,0.0014471,630.771,0.0003
22.605,6724250.0,4339250.0,4139120.0,1271360.0,8.4848e-05,0.0009001,0.00241952,0.00144161,0.00144396,0.00144416,0.00144725,629.655,0.0003
22.61,6724250.0,4339250.0,4139120.0,1271360.0,8.4848e-05,0.0009001,0.00241952,0.00144161,0.00144396,0.00144416,0.00144725,626.254,0.0003
22.615,6723680.0,4338920.0,4138820.0,1271350.0,8.48444e-05,0.000878209,0.0023977,0.00144153,0.00144388,0.00144408,0.00144718,626.254,0.0003
22.62,6723500.0,4338820.0,4138720.0,1271350.0,8.48433e-05,0.000871028,0.00239055,0.00144151,0.00144386,0.00144406,0.00144715,629.585,0.0003
22.625,6724050.0,4339130.0,4139010.0,1271360.0,8.48468e-05,0.00089247,0.00241191,0.00144158,0.00144393,0.00144413,0.00144723,629.266,0.0003
22.63,6724050.0,4339130.0,4139010.0,1271360.0,8.48468e-05,0.00089247,0.00241191,0.00144158,0.00144393,0.00144413,0.00144723,628.293,0.0003
22.635,6723890.0,4339040.0,4138930.0,1271360.0,8.48457e-05,0.000886206,0.00240567,0.00144156,0.00144391,0.00144411,0.0014472,628.293,0.0003
22.64,6723840.0,4339010.0,4138900.0,1271360.0,8.48454e-05,0.000884151,0.00240362,0.00144155,0.0014439,0.0014441,0.0014472,626.787,0.0003
22.645,6723590.0,4338870.0,4138770.0,1271350.0,8.48438e-05,0.000874458,0.00239396,0.00144152,0.00144387,0.00144407,0.00144716,627.109,0.0003
22.65,6723590.0,4338870.0,4138770.0,1271350.0,8.48438e-05,0.000874458,0.00239396,0.00144152,0.00144387,0.00144407,0.00144716,628.09,0.0003
22.655,6723750.0,4338960.0,4138850.0,1271350.0,8.48449e-05,0.000880772,0.00240026,0.00144154,0.00144389,0.00144409,0.00144719,628.09,0.0003
22.66,6723800.0,4338990.0,4138880.0,1271350.0,8.48452e-05,0.000882843,0.00240232,0.00144155,0.0014439,0.0014441,0.00144719,629.239,0.0003
22.665,6724000.0,4339100.0,4138980.0,1271360.0,8.48464e-05,0.000890243,0.0024097,0.00144157,0.00144392,0.00144412,0.00144722,629.389,0.0003
22.67,6724000.0,4339100.0,4138980.0,1271360.0,8.48464e-05,0.000890243,0.0024097,0.00144157,0.00144392,0.00144412,0.00144722,629.847,0.0003
22.675,6724070.0,4339140.0,4139020.0,1271360.0,8.48469e-05,0.000893185,0.00241263,0.00144158,0.00144393,0.00144413,0.00144723,629.847,0.0003
22.68,6724100.0,4339160.0,4139040.0,1271360.0,8.4847e-05,0.00089415,0.00241359,0.00144159,0.00144394,0.00144414,0.00144723,628.108,0.0003
22.685,6723810.0,4338990.0,4138880.0,1271360.0,8.48452e-05,0.000882964,0.00240244,0.00144155,0.0014439,0.0014441,0.00144719,627.782,0.0003
22.69,6723810.0,4338990.0,4138880.0,1271360.0,8.48452e-05,0.000882964,0.00240244,0.00144155,0.0014439,0.0014441,0.00144719,626.788,0.0003
22.695,6723640.0,4338900.0,4138790.0,1271350.0,8.48442e-05,0.000876565,0.00239606,0.00144153,0.00144388,0.00144408,0.00144717,626.788,0.0003
22.7,6723590.0,4338870.0,4138770.0,1271350.0,8.48438e-05,0.000874467,0.00239397,0.00144152,0.00144387,0.00144407,0.00144716,629.248,0.0003
22.705,6724000.0,4339100.0,4138980.0,1271360.0,8.48464e-05,0.000890295,0.00240975,0.00144157,0.00144392,0.00144412,0.00144722,629.212,0.0003
22.71,6724000.0,4339100.0,4138980.0,1271360.0,8.48464e-05,0.000890295,0.00240975,0.00144157,0.00144392,0.00144412,0.00144722,629.103,0.0003
22.715,6723980.0,4339090.0,4138970.0,1271360.0,8.48463e-05,0.000889594,0.00240905,0.00144157,0.00144392,0.00144412,0.00144722,629.103,0.0003
22.72,6723970.0,4339090.0,4138970.0,1271360.0,8.48462e-05,0.000889364,0.00240882,0.00144157,0.00144392,0.00144412,0.00144722,624.215,0.0003
22.725,6723160.0,4338620.0,4138540.0,1271350.0,8.48412e-05,0.000857907,0.00237747,0.00144147,0.00144381,0.00144401,0.00144711,625.286,0.0003
22.73,6723160.0,4338620.0,4138540.0,1271350.0,8.48412e-05,0.000857907,0.00237747,0.00144147,0.00144381,0.00144401,0.00144711,628.55,0.0003
22.735,6723700.0,4338930.0,4138830.0,1271350.0,8.48446e-05,0.000878915,0.00239841,0.00144154,0.00144389,0.00144409,0.00144718,628.55,0.0003
22.74,6723880.0,4339040.0,4138920.0,1271360.0,8.48457e-05,0.000885805,0.00240527,0.00144156,0.00144391,0.00144411,0.0014472,625.253,0.0003
22.745,6723330.0,4338720.0,4138630.0,1271350.0,8.48422e-05,0.000864588,0.00238413,0.00144149,0.00144384,0.00144404,0.00144713,625.8,0.0003
22.75,6723330.0,4338720.0,4138630.0,1271350.0,8.48422e-05,0.000864588,0.00238413,0.00144149,0.00144384,0.00144404,0.00144713,627.465,0.0003
22.755,6723610.0,4338880.0,4138780.0,1271350.0,8.4844e-05,0.000875308,0.00239481,0.00144152,0.00144387,0.00144407,0.00144717,627.465,0.0003
22.76,6723700.0,4338930.0,4138830.0,1271350.0,8.48445e-05,0.000878825,0.00239832,0.00144154,0.00144389,0.00144409,0.00144718,628.533,0.0003
22.765,6723880.0,4339030.0,4138920.0,1271360.0,8.48457e-05,0.000885696,0.00240516,0.00144156,0.00144391,0.00144411,0.0014472,628.258,0.0003
22.77,6723880.0,4339030.0,4138920.0,1271360.0,8.48457e-05,0.000885696,0.00240516,0.00144156,0.00144391,0.00144411,0.0014472,627.42,0.0003
22.775,6723740.0,4338950.0,4138850.0,1271360.0,8.48448e-05,0.000880304,0.00239979,0.00144154,0.00144389,0.00144409,0.00144718,627.42,0.0003
22.78,6723690.0,4338930.0,4138820.0,1271350.0,8.48445e-05,0.000878536,0.00239803,0.00144153,0.00144388,0.00144408,0.00144718,627.132,0.0003
22.785,6723640.0,4338900.0,4138800.0,1271350.0,8.48442e-05,0.000876681,0.00239618,0.00144153,0.00144388,0.00144408,0.00144717,627.558,0.0003
22.79,6723640.0,4338900.0,4138800.0,1271350.0,8.48442e-05,0.000876681,0.00239618,0.00144153,0.00144388,0.00144408,0.00144717,628.855,0.0003
22.795,6723860.0,4339020.0,4138910.0,1271360.0,8.48455e-05,0.000885031,0.0024045,0.00144156,0.00144391,0.00144411,0.0014472,628.855,0.0003
22.8,6723930.0,4339060.0,4138950.0,1271360.0,8.4846e-05,0.00088777,0.00240723,0.00144157,0.00144392,0.00144412,0.00144721,628.255,0.0003
22.805,6723830.0,4339010.0,4138900.0,1271360.0,8.48454e-05,0.000883907,0.00240338,0.00144155,0.0014439,0.0014441,0.0014472,628.436,0.0003
22.81,6723830.0,4339010.0,4138900.0,1271360.0,8.48454e-05,0.000883907,0.00240338,0.00144155,0.0014439,0.0014441,0.0014472,628.989,0.0003
22.815,6723920.0,4339060.0,4138950.0,1271360.0,8.48459e-05,0.000887464,0.00240693,0.00144156,0.00144391,0.00144411,0.00144721,628.989,0.0003
22.82,6723950.0,4339080.0,4138960.0,1271360.0,8.48461e-05,0.00088863,0.00240809,0.00144157,0.00144392,0.00144412,0.00144721,630.942,0.0003
22.825,6724280.0,4339260.0,4139140.0,1271360.0,8.48482e-05,0.000901204,0.00242062,0.00144161,0.00144396,0.00144416,0.00144726,630.888,0.0003
22.83,6724280.0,4339260.0,4139140.0,1271360.0,8.48482e-05,0.000901204,0.00242062,0.00144161,0.00144396,0.00144416,0.00144726,630.722,0.0003
22.835,6724250.0,4339250.0,4139120.0,1271360.0,8.4848e-05,0.000900135,0.00241955,0.00144161,0.00144396,0.00144416,0.00144725,630.722,0.0003
22.84,6724240.0,4339240.0,4139120.0,1271360.0,8.48479e-05,0.000899785,0.0024192,0.00144161,0.00144396,0.00144416,0.00144725,628.504,0.0003
22.845,6723870.0,4339030.0,4138920.0,1271360.0,8.48456e-05,0.000885512,0.00240498,0.00144156,0.00144391,0.00144411,0.0014472,628.67,0.0003
22.85,6723870.0,4339030.0,4138920.0,1271360.0,8.48456e-05,0.000885512,0.00240498,0.00144156,0.00144391,0.00144411,0.0014472,629.174,0.0003
22.855,6723960.0,4339080.0,4138960.0,1271360.0,8.48462e-05,0.000888757,0.00240821,0.00144157,0.00144392,0.00144412,0.00144721,629.174,0.0003
22.86,6723980.0,4339100.0,4138980.0,1271360.0,8.48463e-05,0.000889822,0.00240928,0.00144157,0.00144392,0.00144412,0.00144722,631.404,0.0003
22.865,6724360.0,4339310.0,4139180.0,1271360.0,8.48486e-05,0.000904171,0.00242358,0.00144162,0.00144397,0.00144417,0.00144727,630.578,0.0003
22.87,6724360.0,4339310.0,4139180.0,1271360.0,8.48486e-05,0.000904171,0.00242358,0.00144162,0.00144397,0.00144417,0.00144727,628.061,0.0003
22.875,6723940.0,4339070.0,4138950.0,1271360.0,8.4846e-05,0.000887974,0.00240743,0.00144157,0.00144392,0.00144412,0.00144721,628.061,0.0003
22.88,6723800.0,4338990.0,4138880.0,1271360.0,8.48452e-05,0.000882661,0.00240214,0.00144155,0.0014439,0.0014441,0.00144719,629.783,0.0003
22.885,6724090.0,4339150.0,4139030.0,1271360.0,8.4847e-05,0.000893741,0.00241318,0.00144159,0.00144394,0.00144414,0.00144723,629.559,0.0003
22.89,6724090.0,4339150.0,4139030.0,1271360.0,8.4847e-05,0.000893741,0.00241318,0.00144159,0.00144394,0.00144414,0.00144723,628.876,0.0003
22.895,6723970.0,4339090.0,4138970.0,1271360.0,8.48462e-05,0.000889347,0.0024088,0.00144157,0.00144392,0.00144412,0.00144722,628.876,0.0003
22.9,6723930.0,4339070.0,4138950.0,1271360.0,8.4846e-05,0.000887907,0.00240737,0.00144157,0.00144392,0.00144412,0.00144721,632.518,0.0003
22.905,6724540.0,4339410.0,4139280.0,1271370.0,8.48498e-05,0.000911346,0.00243073,0.00144165,0.001444,0.0014442,0.00144729,631.09,0.0003
22.91,6724540.0,4339410.0,4139280.0,1271370.0,8.48498e-05,0.000911346,0.00243073,0.00144165,0.001444,0.0014442,0.00144729,626.737,0.0003
22.915,6723820.0,4339000.0,4138890.0,1271360.0,8.48453e-05,0.00088333,0.00240281,0.00144155,0.0014439,0.0014441,0.00144719,626.737,0.0003
22.92,6723580.0,4338860.0,4138760.0,1271360.0,8.48438e-05,0.00087414,0.00239365,0.00144152,0.00144387,0.00144407,0.00144716,629.562,0.0003
22.925,6724050.0,4339130.0,4139010.0,1271360.0,8.48467e-05,0.000892319,0.00241176,0.00144158,0.00144393,0.00144413,0.00144723,629.642,0.0003
22.93,6724050.0,4339130.0,4139010.0,1271360.0,8.48467e-05,0.000892319,0.00241176,0.00144158,0.00144393,0.00144413,0.00144723,629.885,0.0003
22.935,6724090.0,4339160.0,4139040.0,1271360.0,8.4847e-05,0.000893884,0.00241332,0.00144159,0.00144394,0.00144414,0.00144723,629.885,0.0003
22.94,6724100.0,4339160.0,4139040.0,1271360.0,8.48471e-05,0.000894398,0.00241384,0.00144159,0.00144394,0.00144414,0.00144723,629.029,0.0003
22.945,6723960.0,4339080.0,4138970.0,1271360.0,8.48462e-05,0.000888892,0.00240835,0.00144157,0.00144392,0.00144412,0.00144721,628.838,0.0003
22.95,6723960.0,4339080.0,4138970.0,1271360.0,8.48462e-05,0.000888892,0.00240835,0.00144157,0.00144392,0.00144412,0.00144721,628.256,0.0003
22.955,6723860.0,4339030.0,4138910.0,1271360.0,8.48456e-05,0.000885143,0.00240461,0.00144156,0.00144391,0.00144411,0.0014472,628.256,0.0003
22.96,6723830.0,4339010.0,4138900.0,1271360.0,8.48454e-05,0.000883913,0.00240339,0.00144155,0.0014439,0.0014441,0.0014472,620.502,0.0003
22.965,6722530.0,4338270.0,4138210.0,1271340.0,8.48373e-05,0.000834011,0.00235366,0.00144138,0.00144373,0.00144393,0.00144703,623.19,0.0003
22.97,6722530.0,4338270.0,4138210.0,1271340.0,8.48373e-05,0.000834011,0.00235366,0.00144138,0.00144373,0.00144393,0.00144703,631.384,0.0003
22.975,6723900.0,4339050.0,4138940.0,1271360.0,8.48458e-05,0.000886748,0.00240621,0.00144156,0.00144391,0.00144411,0.00144721,631.384,0.0003
22.98,6724350.0,4339310.0,4139180.0,1271370.0,8.48486e-05,0.000904046,0.00242345,0.00144162,0.00144397,0.00144417,0.00144727,630.859,0.0003
22.985,6724270.0,4339260.0,4139130.0,1271360.0,8.48481e-05,0.000900668,0.00242008,0.00144161,0.00144396,0.00144416,0.00144725,630.012,0.0003
22.99,6724270.0,4339260.0,4139130.0,1271360.0,8.48481e-05,0.000900668,0.00242008,0.00144161,0.00144396,0.00144416,0.00144725,627.43,0.0003
22.995,6723830.0,4339010.0,4138900.0,1271360.0,8.48454e-05,0.000884051,0.00240352,0.00144155,0.0014439,0.0014441,0.0014472,627.43,0.0003
23.0,6723690.0,4338930.0,4138820.0,1271360.0,8.48445e-05,0.0008786,0.00239809,0.00144153,0.00144388,0.00144408,0.00144718,626.184,0.0003
23.005,6723480.0,4338810.0,4138710.0,1271360.0,8.48432e-05,0.000870577,0.0023901,0.00144151,0.00144386,0.00144406,0.00144715,626.05,0.0003
23.01,6723480.0,4338810.0,4138710.0,1271360.0,8.48432e-05,0.000870577,0.0023901,0.00144151,0.00144386,0.00144406,0.00144715,625.643,0.0003
23.015,6723420.0,4338770.0,4138680.0,1271350.0,8.48428e-05,0.000867955,0.00238748,0.0014415,0.00144385,0.00144405,0.00144714,625.643,0.0003
23.02,6723390.0,4338760.0,4138670.0,1271350.0,8.48426e-05,0.000867095,0.00238663,0.0014415,0.00144385,0.00144405,0.00144714,628.393,0.0003
23.025,6723850.0,4339020.0,4138910.0,1271360.0,8.48455e-05,0.000884793,0.00240426,0.00144156,0.00144391,0.00144411,0.0014472,628.041,0.0003
23.03,6723850.0,4339020.0,4138910.0,1271360.0,8.48455e-05,0.000884793,0.00240426,0.00144156,0.00144391,0.00144411,0.0014472,626.971,0.0003
23.035,6723670.0,4338920.0,4138820.0,1271360.0,8.48444e-05,0.000877904,0.0023974,0.00144153,0.00144388,0.00144408,0.00144718,626.971,0.0003
23.04,6723620.0,4338890.0,4138780.0,1271360.0,8.4844e-05,0.000875644,0.00239515,0.00144152,0.00144387,0.00144407,0.00144717,630.37,0.0003
23.045,6724180.0,4339210.0,4139090.0,1271360.0,8.48476e-05,0.000897519,0.00241695,0.0014416,0.00144395,0.00144415,0.00144724,629.535,0.0003
23.05,6724180.0,4339210.0,4139090.0,1271360.0,8.48476e-05,0.000897519,0.00241695,0.0014416,0.00144395,0.00144415,0.00144724,626.989,0.0003
23.055,6723760.0,4338970.0,4138860.0,1271360.0,8.48449e-05,0.000881132,0.00240062,0.00144154,0.00144389,0.00144409,0.00144719,626.989,0.0003
23.06,6723620.0,4338890.0,4138790.0,1271360.0,8.4844e-05,0.000875757,0.00239526,0.00144153,0.00144387,0.00144407,0.00144717,629.104,0.0003
23.065,6723970.0,4339090.0,4138970.0,1271360.0,8.48463e-05,0.000889371,0.00240883,0.00144157,0.00144392,0.00144412,0.00144721,629.346,0.0003
23.07,6723970.0,4339090.0,4138970.0,1271360.0,8.48463e-05,0.000889371,0.00240883,0.00144157,0.00144392,0.00144412,0.00144721,630.086,0.0003
23.075,6724100.0,4339160.0,4139040.0,1271360.0,8.4847e-05,0.000894131,0.00241357,0.00144159,0.00144394,0.00144414,0.00144723,630.086,0.0003
23.08,6724140.0,4339180.0,4139060.0,1271360.0,8.48473e-05,0.000895692,0.00241513,0.00144159,0.00144394,0.00144414,0.00144724,629.783,0.0003
23.085,6724090.0,4339150.0,4139030.0,1271360.0,8.4847e-05,0.000893739,0.00241318,0.00144159,0.00144394,0.00144414,0.00144723,629.297,0.0003
23.09,6724090.0,4339150.0,4139030.0,1271360.0,8.4847e-05,0.000893739,0.00241318,0.00144159,0.00144394,0.00144414,0.00144723,627.817,0.0003
23.095,6723840.0,4339010.0,4138900.0,1271360.0,8.48454e-05,0.000884212,0.00240368,0.00144155,0.0014439,0.0014441,0.0014472,627.817,0.0003
23.1,6723760.0,4338970.0,4138860.0,1271360.0,8.48449e-05,0.000881086,0.00240057,0.00144154,0.00144389,0.00144409,0.00144719,628.819,0.0003
23.105,6723920.0,4339060.0,4138950.0,1271360.0,8.4846e-05,0.000887539,0.002407,0.00144156,0.00144391,0.00144411,0.00144721,629.759,0.0003
23.11,6723920.0,4339060.0,4138950.0,1271360.0,8.4846e-05,0.000887539,0.002407,0.00144156,0.00144391,0.00144411,0.00144721,632.625,0.0003
23.115,6724400.0,4339340.0,4139200.0,1271370.0,8.48489e-05,0.000905982,0.00242538,0.00144163,0.00144398,0.00144418,0.00144727,632.625,0.0003
23.12,6724560.0,4339420.0,4139290.0,1271370.0,8.48499e-05,0.000912032,0.00243141,0.00144165,0.001444,0.0014442,0.00144729,628.41,0.0003
23.125,6723860.0,4339020.0,4138910.0,1271360.0,8.48455e-05,0.000884906,0.00240438,0.00144156,0.00144391,0.00144411,0.0014472,627.879,0.0003
23.13,6723860.0,4339020.0,4138910.0,1271360.0,8.48455e-05,0.000884906,0.00240438,0.00144156,0.00144391,0.00144411,0.0014472,626.261,0.0003
23.135,6723590.0,4338870.0,4138770.0,1271360.0,8.48438e-05,0.00087449,0.002394,0.00144152,0.00144387,0.00144407,0.00144716,626.261,0.0003
23.14,6723500.0,4338820.0,4138720.0,1271360.0,8.48433e-05,0.000871073,0.00239059,0.00144151,0.00144386,0.00144406,0.00144715,631.7,0.0003
23.145,6724410.0,4339340.0,4139200.0,1271370.0,8.4849e-05,0.000906077,0.00242547,0.00144163,0.00144398,0.00144418,0.00144727,630.35,0.0003
23.15,6724410.0,4339340.0,4139200.0,1271370.0,8.4849e-05,0.000906077,0.00242547,0.00144163,0.00144398,0.00144418,0.00144727,626.234,0.0003
23.155,6723720.0,4338950.0,4138840.0,1271360.0,8.48447e-05,0.000879588,0.00239908,0.00144154,0.00144389,0.00144409,0.00144718,626.234,0.0003
23.16,6723490.0,4338820.0,4138720.0,1271360.0,8.48433e-05,0.0008709,0.00239042,0.00144151,0.00144386,0.00144406,0.00144715,628.853,0.0003
23.165,6723930.0,4339070.0,4138950.0,1271360.0,8.4846e-05,0.000887754,0.00240721,0.00144157,0.00144391,0.00144412,0.00144721,629.43,0.0003
23.17,6723930.0,4339070.0,4138950.0,1271360.0,8.4846e-05,0.000887754,0.00240721,0.00144157,0.00144391,0.00144412,0.00144721,631.192,0.0003
23.175,6724220.0,4339230.0,4139110.0,1271370.0,8.48478e-05,0.000899093,0.00241851,0.0014416,0.00144395,0.00144415,0.00144725,631.192,0.0003
23.18,6724320.0,4339290.0,4139160.0,1271370.0,8.48484e-05,0.000902812,0.00242222,0.00144162,0.00144397,0.00144417,0.00144726,624.781,0.0003
23.185,6723250.0,4338680.0,4138590.0,1271350.0,8.48417e-05,0.000861548,0.0023811,0.00144148,0.00144383,0.00144403,0.00144712,625.119,0.0003
23.19,6723250.0,4338680.0,4138590.0,1271350.0,8.48417e-05,0.000861548,0.0023811,0.00144148,0.00144383,0.00144403,0.00144712,626.149,0.0003
23.195,6723420.0,4338780.0,4138680.0,1271360.0,8.48428e-05,0.000868179,0.00238771,0.0014415,0.00144385,0.00144405,0.00144714,626.149,0.0003
23.2,6723480.0,4338810.0,4138710.0,1271360.0,8.48432e-05,0.000870354,0.00238987,0.00144151,0.00144386,0.00144406,0.00144715,630.485,0.0003
23.205,6724200.0,4339220.0,4139100.0,1271370.0,8.48477e-05,0.00089826,0.00241768,0.0014416,0.00144395,0.00144415,0.00144725,629.644,0.0003
23.21,6724200.0,4339220.0,4139100.0,1271370.0,8.48477e-05,0.00089826,0.00241768,0.0014416,0.00144395,0.00144415,0.00144725,627.081,0.0003
23.215,6723770.0,4338980.0,4138870.0,1271360.0,8.4845e-05,0.000881762,0.00240124,0.00144155,0.00144389,0.00144409,0.00144719,627.081,0.0003
23.22,6723630.0,4338900.0,4138790.0,1271360.0,8.48441e-05,0.00087635,0.00239585,0.00144153,0.00144388,0.00144408,0.00144717,625.743,0.0003
23.225,6723410.0,4338770.0,4138680.0,1271360.0,8.48427e-05,0.00086774,0.00238727,0.0014415,0.00144385,0.00144405,0.00144714,625.414,0.0003
23.23,6723410.0,4338770.0,4138680.0,1271360.0,8.48427e-05,0.00086774,0.00238727,0.0014415,0.00144385,0.00144405,0.00144714,624.413,0.0003
23.235,6723240.0,4338680.0,4138590.0,1271350.0,8.48417e-05,0.000861294,0.00238085,0.00144148,0.00144383,0.00144403,0.00144712,624.413,0.0003
23.24,6723190.0,4338650.0,4138560.0,1271350.0,8.48414e-05,0.00085918,0.00237874,0.00144147,0.00144382,0.00144402,0.00144711,626.704,0.0003
23.245,6723570.0,4338860.0,4138760.0,1271360.0,8.48438e-05,0.000873929,0.00239344,0.00144152,0.00144387,0.00144407,0.00144716,627.404,0.0003
23.25,6723570.0,4338860.0,4138760.0,1271360.0,8.48438e-05,0.000873929,0.00239344,0.00144152,0.00144387,0.00144407,0.00144716,629.538,0.0003
23.255,6723930.0,4339070.0,4138950.0,1271360.0,8.4846e-05,0.000887663,0.00240712,0.00144156,0.00144391,0.00144411,0.00144721,629.538,0.0003
23.26,6724050.0,4339130.0,4139010.0,1271360.0,8.48467e-05,0.000892168,0.00241161,0.00144158,0.00144393,0.00144413,0.00144722,628.919,0.0003
23.265,6723940.0,4339070.0,4138960.0,1271360.0,8.48461e-05,0.000888182,0.00240764,0.00144157,0.00144392,0.00144412,0.00144721,629.583,0.0003
23.27,6723940.0,4339070.0,4138960.0,1271360.0,8.48461e-05,0.000888182,0.00240764,0.00144157,0.00144392,0.00144412,0.00144721,631.607,0.0003
23.275,6724280.0,4339270.0,4139140.0,1271370.0,8.48482e-05,0.000901208,0.00242062,0.00144161,0.00144396,0.00144416,0.00144726,631.607,0.0003
23.28,6724390.0,4339330.0,4139200.0,1271370.0,8.48489e-05,0.00090548,0.00242488,0.00144163,0.00144397,0.00144418,0.00144727,625.789,0.0003
23.285,6723420.0,4338780.0,4138680.0,1271360.0,8.48428e-05,0.000868036,0.00238756,0.0014415,0.00144385,0.00144405,0.00144714,626.532,0.0003
23.29,6723420.0,4338780.0,4138680.0,1271360.0,8.48428e-05,0.000868036,0.00238756,0.0014415,0.00144385,0.00144405,0.00144714,628.798,0.0003
23.295,6723800.0,4338990.0,4138880.0,1271360.0,8.48452e-05,0.000882621,0.0024021,0.00144155,0.0014439,0.0014441,0.00144719,628.798,0.0003
23.3,6723920.0,4339060.0,4138950.0,1271360.0,8.48459e-05,0.000887404,0.00240687,0.00144156,0.00144391,0.00144411,0.00144721,630.71,0.0003
23.305,6724240.0,4339240.0,4139120.0,1271370.0,8.48479e-05,0.000899706,0.00241913,0.00144161,0.00144396,0.00144416,0.00144725,630.51,0.0003
23.31,6724240.0,4339240.0,4139120.0,1271370.0,8.48479e-05,0.000899706,0.00241913,0.00144161,0.00144396,0.00144416,0.00144725,629.903,0.0003
23.315,6724140.0,4339190.0,4139060.0,1271370.0,8.48473e-05,0.000895796,0.00241523,0.00144159,0.00144394,0.00144414,0.00144724,629.903,0.0003
23.32,6724110.0,4339170.0,4139050.0,1271370.0,8.48471e-05,0.000894514,0.00241395,0.00144159,0.00144394,0.00144414,0.00144723,630.96,0.0003
23.325,6724280.0,4339270.0,4139140.0,1271370.0,8.48482e-05,0.000901319,0.00242073,0.00144161,0.00144396,0.00144416,0.00144726,630.03,0.0003
23.33,6724280.0,4339270.0,4139140.0,1271370.0,8.48482e-05,0.000901319,0.00242073,0.00144161,0.00144396,0.00144416,0.00144726,627.193,0.0003
23.335,6723810.0,4339000.0,4138890.0,1271360.0,8.48452e-05,0.000883061,0.00240254,0.00144155,0.0014439,0.0014441,0.00144719,627.193,0.0003
23.34,6723650.0,4338910.0,4138810.0,1271360.0,8.48443e-05,0.000877073,0.00239657,0.00144153,0.00144388,0.00144408,0.00144717,626.91,0.0003
23.345,6723610.0,4338880.0,4138780.0,1271360.0,8.4844e-05,0.000875252,0.00239476,0.00144152,0.00144387,0.00144407,0.00144717,627.693,0.0003
23.35,6723610.0,4338880.0,4138780.0,1271360.0,8.4844e-05,0.000875252,0.00239476,0.00144152,0.00144387,0.00144407,0.00144717,630.081,0.0003
23.355,6724000.0,4339110.0,4138990.0,1271370.0,8.48465e-05,0.000890618,0.00241007,0.00144157,0.00144392,0.00144412,0.00144722,630.081,0.0003
23.36,6724140.0,4339180.0,4139060.0,1271370.0,8.48473e-05,0.000895658,0.00241509,0.00144159,0.00144394,0.00144414,0.00144724,633.516,0.0003
23.365,6724710.0,4339510.0,4139370.0,1271370.0,8.48508e-05,0.000917769,0.00243713,0.00144167,0.00144402,0.00144422,0.00144731,631.687,0.0003
23.37,6724710.0,4339510.0,4139370.0,1271370.0,8.48508e-05,0.000917769,0.00243713,0.00144167,0.00144402,0.00144422,0.00144731,626.109,0.0003
23.375,6723780.0,4338980.0,4138870.0,1271360.0,8.4845e-05,0.000881872,0.00240135,0.00144155,0.00144389,0.00144409,0.00144719,626.109,0.0003
23.38,6723470.0,4338810.0,4138710.0,1271360.0,8.48431e-05,0.000870097,0.00238962,0.00144151,0.00144385,0.00144405,0.00144715,627.624,0.0003
23.385,6723730.0,4338950.0,4138840.0,1271360.0,8.48447e-05,0.00087985,0.00239934,0.00144154,0.00144389,0.00144409,0.00144718,628.804,0.0003
23.39,6723730.0,4338950.0,4138840.0,1271360.0,8.48447e-05,0.00087985,0.00239934,0.00144154,0.00144389,0.00144409,0.00144718,632.401,0.0003
23.395,6724330.0,4339290.0,4139160.0,1271370.0,8.48485e-05,0.000903,0.00242241,0.00144162,0.00144397,0.00144417,0.00144726,632.401,0.0003
23.4,6724520.0,4339400.0,4139270.0,1271370.0,8.48497e-05,0.000910593,0.00242998,0.00144164,0.00144399,0.00144419,0.00144729,624.182,0.0003
23.405,6723150.0,4338620.0,4138540.0,1271360.0,8.48411e-05,0.000857698,0.00237726,0.00144146,0.00144381,0.00144401,0.00144711,624.105,0.0003
23.41,6723150.0,4338620.0,4138540.0,1271360.0,8.48411e-05,0.000857698,0.00237726,0.00144146,0.00144381,0.00144401,0.00144711,623.87,0.0003
23.415,6723110.0,4338600.0,4138520.0,1271360.0,8.48409e-05,0.000856186,0.00237575,0.00144146,0.00144381,0.00144401,0.0014471,623.87,0.0003
23.42,6723100.0,4338590.0,4138510.0,1271360.0,8.48408e-05,0.00085569,0.00237526,0.00144146,0.00144381,0.00144401,0.0014471,624.47,0.0003
23.425,6723200.0,4338650.0,4138560.0,1271360.0,8.48414e-05,0.000859552,0.00237911,0.00144147,0.00144382,0.00144402,0.00144711,625.44,0.0003
23.43,6723200.0,4338650.0,4138560.0,1271360.0,8.48414e-05,0.000859552,0.00237911,0.00144147,0.00144382,0.00144402,0.00144711,628.395,0.0003
23.435,6723690.0,4338930.0,4138830.0,1271360.0,8.48445e-05,0.00087857,0.00239806,0.00144153,0.00144388,0.00144408,0.00144718,628.395,0.0003
23.44,6723850.0,4339020.0,4138910.0,1271360.0,8.48455e-05,0.000884808,0.00240428,0.00144156,0.0014439,0.0014441,0.0014472,627.889,0.0003
23.445,6723770.0,4338980.0,4138870.0,1271360.0,8.4845e-05,0.000881555,0.00240104,0.00144154,0.00144389,0.00144409,0.00144719,628.469,0.0003
23.45,6723770.0,4338980.0,4138870.0,1271360.0,8.4845e-05,0.000881555,0.00240104,0.00144154,0.00144389,0.00144409,0.00144719,630.237,0.0003
23.455,6724070.0,4339140.0,4139020.0,1271370.0,8.48468e-05,0.000892934,0.00241238,0.00144158,0.00144393,0.00144413,0.00144723,630.237,0.0003
23.46,6724160.0,4339200.0,4139080.0,1271370.0,8.48474e-05,0.000896666,0.0024161,0.0014416,0.00144394,0.00144414,0.00144724,630.569,0.0003
23.465,6724220.0,4339230.0,4139110.0,1271370.0,8.48478e-05,0.000898803,0.00241823,0.0014416,0.00144395,0.00144415,0.00144725,630.246,0.0003
23.47,6724220.0,4339230.0,4139110.0,1271370.0,8.48478e-05,0.000898803,0.00241823,0.0014416,0.00144395,0.00144415,0.00144725,629.259,0.0003
23.475,6724050.0,4339140.0,4139020.0,1271370.0,8.48467e-05,0.000892452,0.0024119,0.00144158,0.00144393,0.00144413,0.00144722,629.259,0.0003
23.48,6724000.0,4339110.0,4138990.0,1271370.0,8.48464e-05,0.000890368,0.00240982,0.00144157,0.00144392,0.00144412,0.00144722,625.633,0.0003
23.485,6723390.0,4338760.0,4138670.0,1271360.0,8.48426e-05,0.000867036,0.00238657,0.0014415,0.00144384,0.00144404,0.00144714,625.626,0.0003
23.49,6723390.0,4338760.0,4138670.0,1271360.0,8.48426e-05,0.000867036,0.00238657,0.0014415,0.00144384,0.00144404,0.00144714,625.602,0.0003
23.495,6723390.0,4338760.0,4138670.0,1271360.0,8.48426e-05,0.000866886,0.00238642,0.00144149,0.00144384,0.00144404,0.00144714,625.602,0.0003
23.5,6723390.0,4338760.0,4138660.0,1271360.0,8.48426e-05,0.000866837,0.00238637,0.00144149,0.00144384,0.00144404,0.00144714,629.952,0.0003
23.505,6724110.0,4339170.0,4139050.0,1271370.0,8.48471e-05,0.000894831,0.00241427,0.00144159,0.00144394,0.00144414,0.00144723,630.434,0.0003
23.51,6724110.0,4339170.0,4139050.0,1271370.0,8.48471e-05,0.000894831,0.00241427,0.00144159,0.00144394,0.00144414,0.00144723,631.903,0.0003
23.515,6724360.0,4339310.0,4139180.0,1271370.0,8.48487e-05,0.000904286,0.00242369,0.00144162,0.00144397,0.00144417,0.00144727,631.903,0.0003
23.52,6724440.0,4339360.0,4139220.0,1271370.0,8.48492e-05,0.000907388,0.00242678,0.00144163,0.00144398,0.00144418,0.00144728,626.616,0.0003
23.525,6723560.0,4338860.0,4138750.0,1271360.0,8.48437e-05,0.000873358,0.00239287,0.00144152,0.00144387,0.00144407,0.00144716,627.304,0.0003
23.53,6723560.0,4338860.0,4138750.0,1271360.0,8.48437e-05,0.000873358,0.00239287,0.00144152,0.00144387,0.00144407,0.00144716,629.404,0.0003
23.535,6723910.0,4339060.0,4138940.0,1271370.0,8.48458e-05,0.000886871,0.00240633,0.00144156,0.00144391,0.00144411,0.00144721,629.404,0.0003
23.54,6724020.0,4339120.0,4139000.0,1271370.0,8.48466e-05,0.000891304,0.00241075,0.00144158,0.00144393,0.00144413,0.00144722,625.989,0.0003
23.545,6723450.0,4338800.0,4138700.0,1271360.0,8.4843e-05,0.000869327,0.00238885,0.0014415,0.00144385,0.00144405,0.00144715,626.291,0.0003
23.55,6723450.0,4338800.0,4138700.0,1271360.0,8.4843e-05,0.000869327,0.00238885,0.0014415,0.00144385,0.00144405,0.00144715,627.21,0.0003
23.555,6723610.0,4338880.0,4138780.0,1271360.0,8.4844e-05,0.000875245,0.00239475,0.00144152,0.00144387,0.00144407,0.00144717,627.21,0.0003
23.56,6723660.0,4338910.0,4138810.0,1271360.0,8.48443e-05,0.000877186,0.00239668,0.00144153,0.00144388,0.00144408,0.00144717,628.62,0.0003
23.565,6723890.0,4339050.0,4138930.0,1271370.0,8.48457e-05,0.00088626,0.00240573,0.00144156,0.00144391,0.00144411,0.0014472,627.577,0.0003
23.57,6723890.0,4339050.0,4138930.0,1271370.0,8.48457e-05,0.00088626,0.00240573,0.00144156,0.00144391,0.00144411,0.0014472,624.398,0.0003
23.575,6723360.0,4338740.0,4138650.0,1271360.0,8.48424e-05,0.000865796,0.00238533,0.00144149,0.00144384,0.00144404,0.00144713,624.398,0.0003
23.58,6723190.0,4338650.0,4138560.0,1271360.0,8.48413e-05,0.000859083,0.00237864,0.00144147,0.00144382,0.00144402,0.00144711,625.601,0.0003
23.585,6723390.0,4338760.0,4138660.0,1271360.0,8.48426e-05,0.00086683,0.00238636,0.00144149,0.00144384,0.00144404,0.00144714,625.785,0.0003
23.59,6723390.0,4338760.0,4138660.0,1271360.0,8.48426e-05,0.00086683,0.00238636,0.00144149,0.00144384,0.00144404,0.00144714,626.346,0.0003
23.595,6723480.0,4338810.0,4138710.0,1271360.0,8.48432e-05,0.00087044,0.00238996,0.00144151,0.00144386,0.00144406,0.00144715,626.346,0.0003
23.6,6723510.0,4338830.0,4138730.0,1271360.0,8.48434e-05,0.000871624,0.00239114,0.00144151,0.00144386,0.00144406,0.00144715,628.687,0.0003
23.605,6723900.0,4339050.0,4138940.0,1271370.0,8.48458e-05,0.000886688,0.00240615,0.00144156,0.00144391,0.00144411,0.00144721,628.551,0.0003
23.61,6723900.0,4339050.0,4138940.0,1271370.0,8.48458e-05,0.000886688,0.00240615,0.00144156,0.00144391,0.00144411,0.00144721,628.135,0.0003
23.615,6723830.0,4339010.0,4138900.0,1271370.0,8.48454e-05,0.000884016,0.00240349,0.00144155,0.0014439,0.0014441,0.0014472,628.135,0.0003
23.62,6723810.0,4339000.0,4138890.0,1271370.0,8.48452e-05,0.00088314,0.00240262,0.00144155,0.0014439,0.0014441,0.00144719,625.921,0.0003
23.625,6723440.0,4338790.0,4138690.0,1271360.0,8.48429e-05,0.000868891,0.00238841,0.0014415,0.00144385,0.00144405,0.00144714,626.462,0.0003
23.63,6723440.0,4338790.0,4138690.0,1271360.0,8.48429e-05,0.000868891,0.00238841,0.0014415,0.00144385,0.00144405,0.00144714,628.11,0.0003
23.635,6723720.0,4338950.0,4138840.0,1271360.0,8.48447e-05,0.000879496,0.00239898,0.00144154,0.00144389,0.00144409,0.00144718,628.11,0.0003
23.64,6723810.0,4339000.0,4138890.0,1271370.0,8.48452e-05,0.000882975,0.00240245,0.00144155,0.0014439,0.0014441,0.00144719,628.102,0.0003
23.645,6723810.0,4339000.0,4138890.0,1271370.0,8.48452e-05,0.000882921,0.0024024,0.00144155,0.0014439,0.0014441,0.00144719,628.922,0.0003
23.65,6723810.0,4339000.0,4138890.0,1271370.0,8.48452e-05,0.000882921,0.0024024,0.00144155,0.0014439,0.0014441,0.00144719,631.425,0.0003
23.655,6724220.0,4339240.0,4139110.0,1271370.0,8.48478e-05,0.000899026,0.00241845,0.0014416,0.00144395,0.00144415,0.00144725,631.425,0.0003
23.66,6724360.0,4339310.0,4139180.0,1271370.0,8.48487e-05,0.000904309,0.00242371,0.00144162,0.00144397,0.00144417,0.00144727,632.698,0.0003
23.665,6724570.0,4339430.0,4139300.0,1271380.0,8.485e-05,0.000912506,0.00243188,0.00144165,0.001444,0.0014442,0.00144729,631.699,0.0003
23.67,6724570.0,4339430.0,4139300.0,1271380.0,8.485e-05,0.000912506,0.00243188,0.00144165,0.001444,0.0014442,0.00144729,628.653,0.0003
23.675,6724060.0,4339140.0,4139030.0,1271370.0,8.48468e-05,0.000892902,0.00241234,0.00144158,0.00144393,0.00144413,0.00144723,628.653,0.0003
23.68,6723900.0,4339050.0,4138940.0,1271370.0,8.48458e-05,0.000886471,0.00240594,0.00144156,0.00144391,0.00144411,0.0014472,627.201,0.0003
23.685,6723650.0,4338910.0,4138810.0,1271360.0,8.48443e-05,0.000877127,0.00239662,0.00144153,0.00144388,0.00144408,0.00144717,626.742,0.0003
23.69,6723650.0,4338910.0,4138810.0,1271360.0,8.48443e-05,0.000877127,0.00239662,0.00144153,0.00144388,0.00144408,0.00144717,625.34,0.0003
23.695,6723420.0,4338780.0,4138680.0,1271360.0,8.48428e-05,0.000868109,0.00238764,0.0014415,0.00144385,0.00144405,0.00144714,625.34,0.0003
23.7,6723340.0,4338740.0,4138640.0,1271360.0,8.48423e-05,0.000865151,0.00238469,0.00144149,0.00144384,0.00144404,0.00144713,629.396,0.0003
23.705,6724020.0,4339120.0,4139000.0,1271370.0,8.48466e-05,0.000891255,0.0024107,0.00144158,0.00144393,0.00144413,0.00144722,629.475,0.0003
23.71,6724020.0,4339120.0,4139000.0,1271370.0,8.48466e-05,0.000891255,0.0024107,0.00144158,0.00144393,0.00144413,0.00144722,629.714,0.0003
23.715,6724060.0,4339140.0,4139020.0,1271370.0,8.48468e-05,0.000892795,0.00241224,0.00144158,0.00144393,0.00144413,0.00144723,629.714,0.0003
23.72,6724070.0,4339150.0,4139030.0,1271370.0,8.48469e-05,0.0008933,0.00241274,0.00144158,0.00144393,0.00144413,0.00144723,630.234,0.0003
23.725,6724160.0,4339200.0,4139080.0,1271370.0,8.48474e-05,0.000896647,0.00241608,0.00144159,0.00144394,0.00144414,0.00144724,630.23,0.0003
23.73,6724160.0,4339200.0,4139080.0,1271370.0,8.48474e-05,0.000896647,0.00241608,0.00144159,0.00144394,0.00144414,0.00144724,630.217,0.0003
23.735,6724160.0,4339200.0,4139080.0,1271370.0,8.48474e-05,0.000896563,0.00241599,0.00144159,0.00144394,0.00144414,0.00144724,630.217,0.0003
23.74,6724160.0,4339200.0,4139080.0,1271370.0,8.48474e-05,0.000896535,0.00241596,0.00144159,0.00144394,0.00144414,0.00144724,627.719,0.0003
23.745,6723740.0,4338960.0,4138850.0,1271370.0,8.48448e-05,0.000880461,0.00239995,0.00144154,0.00144389,0.00144409,0.00144718,628.814,0.0003
23.75,6723740.0,4338960.0,4138850.0,1271370.0,8.48448e-05,0.000880461,0.00239995,0.00144154,0.00144389,0.00144409,0.00144718,632.15,0.0003
23.755,6724300.0,4339280.0,4139150.0,1271370.0,8.48483e-05,0.000901935,0.00242135,0.00144161,0.00144396,0.00144416,0.00144726,632.15,0.0003
23.76,6724480.0,4339380.0,4139250.0,1271380.0,8.48494e-05,0.000908978,0.00242836,0.00144164,0.00144399,0.00144419,0.00144728,629.039,0.0003
23.765,6723960.0,4339090.0,4138970.0,1271370.0,8.48462e-05,0.000888955,0.00240841,0.00144157,0.00144392,0.00144412,0.00144721,629.838,0.0003
23.77,6723960.0,4339090.0,4138970.0,1271370.0,8.48462e-05,0.000888955,0.00240841,0.00144157,0.00144392,0.00144412,0.00144721,632.273,0.0003
23.775,6724370.0,4339320.0,4139190.0,1271370.0,8.48487e-05,0.000904628,0.00242403,0.00144162,0.00144397,0.00144417,0.00144727,632.273,0.0003
23.78,6724500.0,4339390.0,4139260.0,1271380.0,8.48496e-05,0.000909769,0.00242915,0.00144164,0.00144399,0.00144419,0.00144728,624.565,0.0003
23.785,6723210.0,4338660.0,4138570.0,1271360.0,8.48415e-05,0.00086016,0.00237971,0.00144147,0.00144382,0.00144402,0.00144711,625.793,0.0003
23.79,6723210.0,4338660.0,4138570.0,1271360.0,8.48415e-05,0.00086016,0.00237971,0.00144147,0.00144382,0.00144402,0.00144711,629.536,0.0003
23.795,6723840.0,4339020.0,4138910.0,1271370.0,8.48454e-05,0.000884251,0.00240372,0.00144155,0.0014439,0.0014441,0.0014472,629.536,0.0003
23.8,6724040.0,4339130.0,4139020.0,1271370.0,8.48467e-05,0.000892153,0.0024116,0.00144158,0.00144393,0.00144413,0.00144722,628.731,0.0003
23.805,6723910.0,4339060.0,4138940.0,1271370.0,8.48459e-05,0.000886973,0.00240644,0.00144156,0.00144391,0.00144411,0.00144721,629.155,0.0003
23.81,6723910.0,4339060.0,4138940.0,1271370.0,8.48459e-05,0.000886973,0.00240644,0.00144156,0.00144391,0.00144411,0.00144721,630.447,0.0003
23.815,6724130.0,4339180.0,4139060.0,1271370.0,8.48472e-05,0.000895289,0.00241472,0.00144159,0.00144394,0.00144414,0.00144723,630.447,0.0003
23.82,6724200.0,4339220.0,4139100.0,1271370.0,8.48476e-05,0.000898017,0.00241744,0.0014416,0.00144395,0.00144415,0.00144724,628.318,0.0003
23.825,6723840.0,4339020.0,4138910.0,1271370.0,8.48454e-05,0.000884314,0.00240379,0.00144155,0.0014439,0.0014441,0.0014472,628.819,0.0003
23.83,6723840.0,4339020.0,4138910.0,1271370.0,8.48454e-05,0.000884314,0.00240379,0.00144155,0.0014439,0.0014441,0.0014472,630.348,0.0003
23.835,6724100.0,4339160.0,4139040.0,1271370.0,8.4847e-05,0.000894152,0.00241359,0.00144159,0.00144394,0.00144414,0.00144723,630.348,0.0003
23.84,6724180.0,4339210.0,4139090.0,1271370.0,8.48475e-05,0.000897379,0.00241681,0.0014416,0.00144395,0.00144415,0.00144724,629.983,0.0003
23.845,6724120.0,4339180.0,4139060.0,1271370.0,8.48472e-05,0.000895028,0.00241446,0.00144159,0.00144394,0.00144414,0.00144723,629.347,0.0003
23.85,6724120.0,4339180.0,4139060.0,1271370.0,8.48472e-05,0.000895028,0.00241446,0.00144159,0.00144394,0.00144414,0.00144723,627.409,0.0003
23.855,6723800.0,4338990.0,4138880.0,1271370.0,8.48451e-05,0.000882557,0.00240203,0.00144155,0.0014439,0.0014441,0.00144719,627.409,0.0003
23.86,6723690.0,4338930.0,4138830.0,1271370.0,8.48445e-05,0.000878467,0.00239796,0.00144153,0.00144388,0.00144408,0.00144718,629.41,0.0003
23.865,6724020.0,4339120.0,4139000.0,1271370.0,8.48466e-05,0.000891341,0.00241079,0.00144158,0.00144393,0.00144413,0.00144722,629.583,0.0003
23.87,6724020.0,4339120.0,4139010.0,1271370.0,8.48466e-05,0.000891341,0.00241079,0.00144158,0.00144393,0.00144413,0.00144722,630.112,0.0003
23.875,6724110.0,4339170.0,4139050.0,1271370.0,8.48471e-05,0.000894746,0.00241418,0.00144159,0.00144394,0.00144414,0.00144723,630.112,0.0003
23.88,6724140.0,4339190.0,4139070.0,1271370.0,8.48473e-05,0.000895862,0.00241529,0.00144159,0.00144394,0.00144414,0.00144724,630.102,0.0003
23.885,6724140.0,4339190.0,4139070.0,1271370.0,8.48473e-05,0.000895795,0.00241523,0.00144159,0.00144394,0.00144414,0.00144724,629.911,0.0003
23.89,6724140.0,4339190.0,4139070.0,1271370.0,8.48473e-05,0.000895795,0.00241523,0.00144159,0.00144394,0.00144414,0.00144724,629.33,0.0003
23.895,6724040.0,4339130.0,4139010.0,1271370.0,8.48467e-05,0.000892054,0.0024115,0.00144158,0.00144393,0.00144413,0.00144722,629.33,0.0003
23.9,6724010.0,4339120.0,4139000.0,1271370.0,8.48465e-05,0.000890827,0.00241028,0.00144157,0.00144392,0.00144412,0.00144722,628.12,0.0003
23.905,6723810.0,4339000.0,4138890.0,1271370.0,8.48452e-05,0.000883042,0.00240252,0.00144155,0.0014439,0.0014441,0.00144719,628.893,0.0003
23.91,6723810.0,4339000.0,4138890.0,1271370.0,8.48452e-05,0.000883042,0.00240252,0.00144155,0.0014439,0.0014441,0.00144719,631.25,0.0003
23.915,6724200.0,4339220.0,4139100.0,1271370.0,8.48477e-05,0.000898208,0.00241763,0.0014416,0.00144395,0.00144415,0.00144724,631.25,0.0003
23.92,6724330.0,4339300.0,4139170.0,1271380.0,8.48485e-05,0.000903182,0.00242259,0.00144162,0.00144397,0.00144417,0.00144726,632.005,0.0003
23.925,6724460.0,4339370.0,4139240.0,1271380.0,8.48493e-05,0.000908047,0.00242744,0.00144163,0.00144398,0.00144418,0.00144728,630.988,0.0003
23.93,6724460.0,4339370.0,4139240.0,1271380.0,8.48493e-05,0.000908047,0.00242744,0.00144163,0.00144398,0.00144418,0.00144728,627.885,0.0003
23.935,6723940.0,4339070.0,4138960.0,1271370.0,8.4846e-05,0.000888078,0.00240754,0.00144157,0.00144391,0.00144412,0.00144721,627.885,0.0003
23.94,6723770.0,4338980.0,4138870.0,1271370.0,8.4845e-05,0.000881528,0.00240101,0.00144154,0.00144389,0.00144409,0.00144719,630.605,0.0003
23.945,6724220.0,4339240.0,4139110.0,1271370.0,8.48478e-05,0.000899037,0.00241846,0.0014416,0.00144395,0.00144415,0.00144725,629.974,0.0003
23.95,6724220.0,4339240.0,4139110.0,1271370.0,8.48478e-05,0.000899037,0.00241846,0.0014416,0.00144395,0.00144415,0.00144725,628.05,0.0003
23.955,6723900.0,4339050.0,4138940.0,1271370.0,8.48458e-05,0.000886651,0.00240611,0.00144156,0.00144391,0.00144411,0.0014472,628.05,0.0003
23.96,6723800.0,4338990.0,4138880.0,1271370.0,8.48452e-05,0.000882588,0.00240207,0.00144155,0.0014439,0.0014441,0.00144719,632.895,0.0003
23.965,6724610.0,4339450.0,4139320.0,1271380.0,8.48502e-05,0.000913769,0.00243314,0.00144165,0.001444,0.0014442,0.0014473,632.111,0.0003
23.97,6724610.0,4339450.0,4139320.0,1271380.0,8.48502e-05,0.000913769,0.00243314,0.00144165,0.001444,0.0014442,0.0014473,629.723,0.0003
23.975,6724210.0,4339230.0,4139100.0,1271370.0,8.48477e-05,0.000898399,0.00241782,0.0014416,0.00144395,0.00144415,0.00144724,629.723,0.0003
23.98,6724080.0,4339150.0,4139030.0,1271370.0,8.48469e-05,0.000893358,0.0024128,0.00144158,0.00144393,0.00144413,0.00144723,628.805,0.0003
23.985,6723920.0,4339070.0,4138950.0,1271370.0,8.48459e-05,0.000887447,0.00240691,0.00144156,0.00144391,0.00144411,0.00144721,629.012,0.0003
23.99,6723920.0,4339070.0,4138950.0,1271370.0,8.48459e-05,0.000887447,0.00240691,0.00144156,0.00144391,0.00144411,0.00144721,629.645,0.0003
23.995,6724030.0,4339130.0,4139010.0,1271370.0,8.48466e-05,0.000891521,0.00241097,0.00144158,0.00144393,0.00144413,0.00144722,629.645,0.0003
24.0,6724060.0,4339150.0,4139030.0,1271370.0,8.48468e-05,0.000892858,0.0024123,0.00144158,0.00144393,0.00144413,0.00144723,627.507,0.0003
24.005,6723710.0,4338940.0,4138840.0,1271370.0,8.48446e-05,0.000879098,0.00239859,0.00144153,0.00144388,0.00144408,0.00144718,628.556,0.0003
24.01,6723710.0,4338940.0,4138840.0,1271370.0,8.48446e-05,0.000879098,0.00239859,0.00144153,0.00144388,0.00144408,0.00144718,631.754,0.0003
24.015,6724240.0,4339250.0,4139120.0,1271380.0,8.48479e-05,0.000899679,0.0024191,0.0014416,0.00144395,0.00144415,0.00144725,631.754,0.0003
24.02,6724420.0,4339350.0,4139210.0,1271380.0,8.4849e-05,0.000906429,0.00242582,0.00144163,0.00144398,0.00144418,0.00144727,628.63,0.0003
24.025,6723890.0,4339050.0,4138940.0,1271370.0,8.48458e-05,0.000886324,0.00240579,0.00144156,0.00144391,0.00144411,0.0014472,629.076,0.0003
24.03,6723890.0,4339050.0,4138940.0,1271370.0,8.48458e-05,0.000886324,0.00240579,0.00144156,0.00144391,0.00144411,0.0014472,630.435,0.0003
24.035,6724120.0,4339180.0,4139060.0,1271370.0,8.48472e-05,0.000895069,0.0024145,0.00144159,0.00144394,0.00144414,0.00144723,630.435,0.0003
24.04,6724190.0,4339220.0,4139100.0,1271370.0,8.48476e-05,0.000897938,0.00241736,0.0014416,0.00144395,0.00144415,0.00144724,630.515,0.0003
24.045,6724210.0,4339230.0,4139100.0,1271380.0,8.48477e-05,0.000898455,0.00241788,0.0014416,0.00144395,0.00144415,0.00144724,630.146,0.0003
24.05,6724210.0,4339230.0,4139100.0,1271380.0,8.48477e-05,0.000898455,0.00241788,0.0014416,0.00144395,0.00144415,0.00144724,629.02,0.0003
24.055,6724020.0,4339120.0,4139000.0,1271370.0,8.48465e-05,0.000891212,0.00241066,0.00144158,0.00144393,0.00144413,0.00144722,629.02,0.0003
24.06,6723960.0,4339090.0,4138970.0,1271370.0,8.48462e-05,0.000888836,0.00240829,0.00144157,0.00144392,0.00144412,0.00144721,630.11,0.0003
24.065,6724140.0,4339190.0,4139070.0,1271370.0,8.48473e-05,0.000895845,0.00241528,0.00144159,0.00144394,0.00144414,0.00144724,629.726,0.0003
24.07,6724140.0,4339190.0,4139070.0,1271370.0,8.48473e-05,0.000895845,0.00241528,0.00144159,0.00144394,0.00144414,0.00144724,628.556,0.0003
24.075,6723950.0,4339080.0,4138960.0,1271370.0,8.48461e-05,0.000888318,0.00240777,0.00144157,0.00144392,0.00144412,0.00144721,628.556,0.0003
24.08,6723880.0,4339040.0,4138930.0,1271370.0,8.48457e-05,0.000885849,0.00240531,0.00144156,0.00144391,0.00144411,0.0014472,628.128,0.0003
24.085,6723810.0,4339000.0,4138890.0,1271370.0,8.48452e-05,0.00088309,0.00240256,0.00144155,0.0014439,0.0014441,0.00144719,628.44,0.0003
24.09,6723810.0,4339000.0,4138890.0,1271370.0,8.48452e-05,0.00088309,0.00240256,0.00144155,0.0014439,0.0014441,0.00144719,629.391,0.0003
24.095,6723970.0,4339090.0,4138980.0,1271370.0,8.48462e-05,0.000889214,0.00240867,0.00144157,0.00144392,0.00144412,0.00144721,629.391,0.0003
24.1,6724020.0,4339120.0,4139000.0,1271370.0,8.48466e-05,0.000891223,0.00241067,0.00144158,0.00144393,0.00144413,0.00144722,629.46,0.0003
24.105,6724030.0,4339130.0,4139010.0,1271370.0,8.48466e-05,0.000891666,0.00241111,0.00144158,0.00144393,0.00144413,0.00144722,627.973,0.0003
24.11,6724030.0,4339130.0,4139010.0,1271370.0,8.48466e-05,0.000891666,0.00241111,0.00144158,0.00144393,0.00144413,0.00144722,623.439,0.0003
24.115,6723270.0,4338700.0,4138610.0,1271360.0,8.48419e-05,0.000862485,0.00238203,0.00144148,0.00144383,0.00144403,0.00144712,623.439,0.0003
24.12,6723030.0,4338560.0,4138480.0,1271360.0,8.48404e-05,0.000852913,0.00237249,0.00144145,0.0014438,0.001444,0.00144709,629.03,0.0003
24.125,6723960.0,4339090.0,4138970.0,1271370.0,8.48462e-05,0.000888899,0.00240835,0.00144157,0.00144392,0.00144412,0.00144721,628.881,0.0003
24.13,6723960.0,4339090.0,4138970.0,1271370.0,8.48462e-05,0.000888899,0.00240835,0.00144157,0.00144392,0.00144412,0.00144721,628.426,0.0003
24.135,6723880.0,4339040.0,4138930.0,1271370.0,8.48457e-05,0.000885972,0.00240544,0.00144156,0.00144391,0.00144411,0.0014472,628.426,0.0003
24.14,6723860.0,4339030.0,4138920.0,1271370.0,8.48455e-05,0.000885012,0.00240448,0.00144155,0.0014439,0.0014441,0.0014472,625.629,0.0003
24.145,6723390.0,4338770.0,4138670.0,1271370.0,8.48426e-05,0.000867008,0.00238654,0.00144149,0.00144384,0.00144404,0.00144714,626.096,0.0003
24.15,6723390.0,4338770.0,4138670.0,1271370.0,8.48426e-05,0.000867008,0.00238654,0.00144149,0.00144384,0.00144404,0.00144714,627.52,0.0003
24.155,6723630.0,4338900.0,4138800.0,1271370.0,8.48441e-05,0.000876174,0.00239567,0.00144152,0.00144387,0.00144407,0.00144717,627.52,0.0003
24.16,6723710.0,4338940.0,4138840.0,1271370.0,8.48446e-05,0.00087918,0.00239867,0.00144154,0.00144388,0.00144408,0.00144718,627.137,0.0003
24.165,6723640.0,4338910.0,4138800.0,1271370.0,8.48442e-05,0.000876715,0.00239621,0.00144153,0.00144388,0.00144408,0.00144717,627.132,0.0003
24.17,6723640.0,4338910.0,4138800.0,1271370.0,8.48442e-05,0.000876715,0.00239621,0.00144153,0.00144388,0.00144408,0.00144717,627.118,0.0003
24.175,6723640.0,4338910.0,4138800.0,1271370.0,8.48442e-05,0.000876622,0.00239612,0.00144153,0.00144388,0.00144408,0.00144717,627.118,0.0003
24.18,6723640.0,4338910.0,4138800.0,1271370.0,8.48442e-05,0.000876591,0.00239609,0.00144153,0.00144388,0.00144408,0.00144717,628.04,0.0003
24.185,6723790.0,4338990.0,4138880.0,1271370.0,8.48451e-05,0.000882525,0.002402,0.00144155,0.0014439,0.0014441,0.00144719,627.489,0.0003
24.19,6723790.0,4338990.0,4138880.0,1271370.0,8.48451e-05,0.000882525,0.002402,0.00144155,0.0014439,0.0014441,0.00144719,625.811,0.0003
24.195,6723510.0,4338830.0,4138740.0,1271370.0,8.48434e-05,0.000871725,0.00239124,0.00144151,0.00144386,0.00144406,0.00144715,625.811,0.0003
24.2,6723420.0,4338780.0,4138690.0,1271370.0,8.48428e-05,0.000868182,0.00238771,0.0014415,0.00144385,0.00144405,0.00144714,629.158,0.0003
24.205,6723980.0,4339100.0,4138980.0,1271370.0,8.48463e-05,0.000889718,0.00240917,0.00144157,0.00144392,0.00144412,0.00144721,629.438,0.0003
24.21,6723980.0,4339100.0,4138980.0,1271370.0,8.48463e-05,0.000889718,0.00240917,0.00144157,0.00144392,0.00144412,0.00144721,630.292,0.0003
24.215,6724120.0,4339180.0,4139060.0,1271380.0,8.48472e-05,0.000895216,0.00241465,0.00144159,0.00144394,0.00144414,0.00144723,630.292,0.0003
24.22,6724170.0,4339210.0,4139090.0,1271380.0,8.48475e-05,0.000897019,0.00241645,0.0014416,0.00144394,0.00144414,0.00144724,629.744,0.0003
24.225,6724080.0,4339160.0,4139040.0,1271380.0,8.48469e-05,0.000893494,0.00241293,0.00144158,0.00144393,0.00144413,0.00144723,629.119,0.0003
24.23,6724080.0,4339160.0,4139040.0,1271380.0,8.48469e-05,0.000893494,0.00241293,0.00144158,0.00144393,0.00144413,0.00144723,627.213,0.0003
24.235,6723760.0,4338980.0,4138870.0,1271370.0,8.48449e-05,0.000881228,0.00240071,0.00144154,0.00144389,0.00144409,0.00144719,627.213,0.0003
24.24,6723660.0,4338920.0,4138810.0,1271370.0,8.48443e-05,0.000877205,0.0023967,0.00144153,0.00144388,0.00144408,0.00144717,627.488,0.0003
24.245,6723700.0,4338940.0,4138840.0,1271370.0,8.48446e-05,0.000878971,0.00239846,0.00144153,0.00144388,0.00144408,0.00144718,628.36,0.0003
24.25,6723700.0,4338940.0,4138840.0,1271370.0,8.48446e-05,0.000878971,0.00239846,0.00144153,0.00144388,0.00144408,0.00144718,631.021,0.0003
24.255,6724150.0,4339190.0,4139070.0,1271380.0,8.48473e-05,0.000896093,0.00241552,0.00144159,0.00144394,0.00144414,0.00144724,631.021,0.0003
24.26,6724290.0,4339280.0,4139150.0,1271380.0,8.48482e-05,0.000901709,0.00242112,0.00144161,0.00144396,0.00144416,0.00144726,629.987,0.0003
24.265,6724120.0,4339180.0,4139060.0,1271380.0,8.48472e-05,0.000895056,0.00241449,0.00144159,0.00144394,0.00144414,0.00144723,629.721,0.0003
24.27,6724120.0,4339180.0,4139060.0,1271380.0,8.48472e-05,0.000895056,0.00241449,0.00144159,0.00144394,0.00144414,0.00144723,628.912,0.0003
24.275,6723980.0,4339100.0,4138990.0,1271370.0,8.48463e-05,0.000889846,0.0024093,0.00144157,0.00144392,0.00144412,0.00144721,628.912,0.0003
24.28,6723940.0,4339080.0,4138960.0,1271370.0,8.48461e-05,0.000888137,0.00240759,0.00144157,0.00144391,0.00144411,0.00144721,628.293,0.0003
24.285,6723840.0,4339020.0,4138910.0,1271370.0,8.48454e-05,0.000884157,0.00240363,0.00144155,0.0014439,0.0014441,0.0014472,628.672,0.0003
24.29,6723840.0,4339020.0,4138910.0,1271370.0,8.48454e-05,0.000884157,0.00240363,0.00144155,0.0014439,0.0014441,0.0014472,629.827,0.0003
24.295,6724030.0,4339130.0,4139010.0,1271380.0,8.48466e-05,0.00089159,0.00241104,0.00144158,0.00144393,0.00144413,0.00144722,629.827,0.0003
24.3,6724090.0,4339160.0,4139040.0,1271380.0,8.4847e-05,0.000894028,0.00241347,0.00144158,0.00144393,0.00144413,0.00144723,626.81,0.0003
24.305,6723590.0,4338880.0,4138780.0,1271370.0,8.48439e-05,0.00087461,0.00239411,0.00144152,0.00144387,0.00144407,0.00144716,626.502,0.0003
24.31,6723590.0,4338880.0,4138780.0,1271370.0,8.48439e-05,0.00087461,0.00239411,0.00144152,0.00144387,0.00144407,0.00144716,625.563,0.0003
24.315,6723430.0,4338790.0,4138690.0,1271370.0,8.48429e-05,0.000868566,0.00238809,0.0014415,0.00144385,0.00144405,0.00144714,625.563,0.0003
24.32,6723380.0,4338760.0,4138670.0,1271370.0,8.48426e-05,0.000866583,0.00238611,0.00144149,0.00144384,0.00144404,0.00144714,624.729,0.0003
24.325,6723240.0,4338680.0,4138590.0,1271370.0,8.48417e-05,0.00086122,0.00238077,0.00144147,0.00144382,0.00144402,0.00144712,626.121,0.0003
24.33,6723240.0,4338680.0,4138590.0,1271370.0,8.48417e-05,0.00086122,0.00238077,0.00144147,0.00144382,0.00144402,0.00144712,630.362,0.0003
24.335,6723950.0,4339080.0,4138970.0,1271380.0,8.48461e-05,0.000888515,0.00240797,0.00144157,0.00144392,0.00144412,0.00144721,630.362,0.0003
24.34,6724180.0,4339220.0,4139090.0,1271380.0,8.48476e-05,0.000897468,0.00241689,0.0014416,0.00144395,0.00144415,0.00144724,630.668,0.0003
24.345,6724230.0,4339240.0,4139120.0,1271380.0,8.48479e-05,0.000899438,0.00241886,0.0014416,0.00144395,0.00144415,0.00144725,629.909,0.0003
24.35,6724230.0,4339240.0,4139120.0,1271380.0,8.48479e-05,0.000899438,0.00241886,0.0014416,0.00144395,0.00144415,0.00144725,627.595,0.0003
24.355,6723850.0,4339020.0,4138910.0,1271370.0,8.48455e-05,0.000884548,0.00240402,0.00144155,0.0014439,0.0014441,0.0014472,627.595,0.0003
24.36,6723720.0,4338950.0,4138850.0,1271370.0,8.48447e-05,0.000879663,0.00239915,0.00144154,0.00144389,0.00144409,0.00144718,629.014,0.0003
24.365,6723960.0,4339090.0,4138970.0,1271380.0,8.48462e-05,0.000888795,0.00240825,0.00144157,0.00144392,0.00144412,0.00144721,628.182,0.0003
24.37,6723960.0,4339090.0,4138970.0,1271380.0,8.48462e-05,0.000888795,0.00240825,0.00144157,0.00144392,0.00144412,0.00144721,625.646,0.0003
24.375,6723530.0,4338850.0,4138750.0,1271370.0,8.48435e-05,0.00087247,0.00239198,0.00144151,0.00144386,0.00144406,0.00144716,625.646,0.0003
24.38,6723390.0,4338770.0,4138670.0,1271370.0,8.48426e-05,0.000867116,0.00238664,0.00144149,0.00144384,0.00144404,0.00144714,627.149,0.0003
24.385,6723650.0,4338910.0,4138810.0,1271370.0,8.48442e-05,0.000876793,0.00239629,0.00144153,0.00144388,0.00144408,0.00144717,627.417,0.0003
24.39,6723650.0,4338910.0,4138810.0,1271370.0,8.48442e-05,0.000876793,0.00239629,0.00144153,0.00144388,0.00144408,0.00144717,628.232,0.0003
24.395,6723780.0,4338990.0,4138880.0,1271370.0,8.48451e-05,0.00088204,0.00240152,0.00144154,0.00144389,0.00144409,0.00144719,628.232,0.0003
24.4,6723830.0,4339010.0,4138900.0,1271370.0,8.48453e-05,0.000883762,0.00240323,0.00144155,0.0014439,0.0014441,0.00144719,623.832,0.0003
24.405,6723090.0,4338600.0,4138510.0,1271370.0,8.48408e-05,0.000855446,0.00237501,0.00144145,0.0014438,0.001444,0.0014471,624.785,0.0003
24.41,6723090.0,4338600.0,4138510.0,1271370.0,8.48408e-05,0.000855446,0.00237501,0.00144145,0.0014438,0.001444,0.0014471,627.688,0.0003
24.415,6723580.0,4338870.0,4138770.0,1271370.0,8.48438e-05,0.000874133,0.00239364,0.00144152,0.00144387,0.00144407,0.00144716,627.688,0.0003
24.42,6723740.0,4338960.0,4138850.0,1271370.0,8.48448e-05,0.000880262,0.00239975,0.00144154,0.00144389,0.00144409,0.00144718,627.6,0.0003
24.425,6723720.0,4338950.0,4138850.0,1271370.0,8.48447e-05,0.000879697,0.00239918,0.00144154,0.00144389,0.00144409,0.00144718,627.949,0.0003
24.43,6723720.0,4338950.0,4138850.0,1271370.0,8.48447e-05,0.000879697,0.00239918,0.00144154,0.00144389,0.00144409,0.00144718,629.01,0.0003
24.435,6723900.0,4339050.0,4138940.0,1271380.0,8.48458e-05,0.00088653,0.00240599,0.00144156,0.00144391,0.00144411,0.0014472,629.01,0.0003
24.44,6723960.0,4339090.0,4138970.0,1271380.0,8.48462e-05,0.000888771,0.00240823,0.00144157,0.00144392,0.00144412,0.00144721,628.468,0.0003
24.445,6723870.0,4339040.0,4138920.0,1271380.0,8.48456e-05,0.000885281,0.00240475,0.00144156,0.0014439,0.0014441,0.0014472,628.331,0.0003
24.45,6723870.0,4339040.0,4138920.0,1271380.0,8.48456e-05,0.000885281,0.00240475,0.00144156,0.0014439,0.0014441,0.0014472,627.915,0.0003
24.455,6723800.0,4339000.0,4138890.0,1271370.0,8.48452e-05,0.000882602,0.00240208,0.00144155,0.0014439,0.0014441,0.00144719,627.915,0.0003
24.46,6723770.0,4338980.0,4138880.0,1271370.0,8.4845e-05,0.000881724,0.0024012,0.00144154,0.00144389,0.00144409,0.00144719,628.327,0.0003
24.465,6723840.0,4339020.0,4138910.0,1271380.0,8.48454e-05,0.000884374,0.00240384,0.00144155,0.0014439,0.0014441,0.0014472,627.456,0.0003
24.47,6723840.0,4339020.0,4138910.0,1271380.0,8.48454e-05,0.000884374,0.00240384,0.00144155,0.0014439,0.0014441,0.0014472,624.799,0.0003
24.475,6723400.0,4338770.0,4138680.0,1271370.0,8.48427e-05,0.000867275,0.0023868,0.00144149,0.00144384,0.00144404,0.00144714,624.799,0.0003
24.48,6723250.0,4338690.0,4138600.0,1271370.0,8.48418e-05,0.000861667,0.00238121,0.00144148,0.00144382,0.00144402,0.00144712,626.988,0.0003
24.485,6723620.0,4338900.0,4138790.0,1271370.0,8.4844e-05,0.000875758,0.00239526,0.00144152,0.00144387,0.00144407,0.00144717,626.475,0.0003
24.49,6723620.0,4338900.0,4138790.0,1271370.0,8.4844e-05,0.000875758,0.00239526,0.00144152,0.00144387,0.00144407,0.00144717,624.912,0.0003
24.495,6723360.0,4338750.0,4138650.0,1271370.0,8.48424e-05,0.000865696,0.00238523,0.00144149,0.00144384,0.00144404,0.00144713,624.912,0.0003
24.5,6723270.0,4338700.0,4138610.0,1271370.0,8.48419e-05,0.000862395,0.00238194,0.00144148,0.00144383,0.00144403,0.00144712,626.584,0.0003
24.505,6723550.0,4338860.0,4138760.0,1271370.0,8.48436e-05,0.000873155,0.00239266,0.00144151,0.00144386,0.00144406,0.00144716,627.474,0.0003
24.51,6723550.0,4338860.0,4138760.0,1271370.0,8.48436e-05,0.000873155,0.00239266,0.00144151,0.00144386,0.00144406,0.00144716,630.189,0.0003
24.515,6724010.0,4339120.0,4139000.0,1271380.0,8.48465e-05,0.000890625,0.00241007,0.00144157,0.00144392,0.00144412,0.00144722,630.189,0.0003
24.52,6724150.0,4339200.0,4139080.0,1271380.0,8.48474e-05,0.000896355,0.00241578,0.00144159,0.00144394,0.00144414,0.00144724,629.378,0.0003
24.525,6724020.0,4339120.0,4139010.0,1271380.0,8.48465e-05,0.000891137,0.00241058,0.00144157,0.00144392,0.00144412,0.00144722,629.114,0.0003
24.53,6724020.0,4339120.0,4139010.0,1271380.0,8.48465e-05,0.000891137,0.00241058,0.00144157,0.00144392,0.00144412,0.00144722,628.31,0.0003
24.535,6723880.0,4339050.0,4138930.0,1271380.0,8.48457e-05,0.000885962,0.00240543,0.00144156,0.00144391,0.00144411,0.0014472,628.31,0.0003
24.54,6723840.0,4339020.0,4138910.0,1271380.0,8.48454e-05,0.000884265,0.00240374,0.00144155,0.0014439,0.0014441,0.0014472,624.517,0.0003
24.545,6723210.0,4338660.0,4138570.0,1271370.0,8.48415e-05,0.000859852,0.00237941,0.00144147,0.00144382,0.00144402,0.00144711,626.179,0.0003
24.55,6723210.0,4338660.0,4138570.0,1271370.0,8.48415e-05,0.000859852,0.00237941,0.00144147,0.00144382,0.00144402,0.00144711,631.247,0.0003
24.555,6724050.0,4339140.0,4139020.0,1271380.0,8.48468e-05,0.000892469,0.00241191,0.00144158,0.00144393,0.00144413,0.00144722,631.247,0.0003
24.56,6724330.0,4339300.0,4139170.0,1271380.0,8.48485e-05,0.000903168,0.00242257,0.00144162,0.00144397,0.00144417,0.00144726,630.248,0.0003
24.565,6724160.0,4339210.0,4139080.0,1271380.0,8.48474e-05,0.000896738,0.00241617,0.00144159,0.00144394,0.00144414,0.00144724,630.381,0.0003
24.57,6724160.0,4339210.0,4139080.0,1271380.0,8.48474e-05,0.000896738,0.00241617,0.00144159,0.00144394,0.00144414,0.00144724,630.787,0.0003
24.575,6724230.0,4339240.0,4139120.0,1271380.0,8.48479e-05,0.000899349,0.00241877,0.0014416,0.00144395,0.00144415,0.00144725,630.787,0.0003
24.58,6724250.0,4339260.0,4139130.0,1271380.0,8.4848e-05,0.000900205,0.00241962,0.00144161,0.00144396,0.00144416,0.00144725,628.769,0.0003
24.585,6723920.0,4339070.0,4138950.0,1271380.0,8.48459e-05,0.000887218,0.00240668,0.00144156,0.00144391,0.00144411,0.00144721,629.296,0.0003
24.59,6723920.0,4339070.0,4138950.0,1271380.0,8.48459e-05,0.000887218,0.00240668,0.00144156,0.00144391,0.00144411,0.00144721,630.902,0.0003
24.595,6724190.0,4339220.0,4139090.0,1271380.0,8.48476e-05,0.000897555,0.00241698,0.0014416,0.00144395,0.00144415,0.00144724,630.902,0.0003
24.6,6724270.0,4339270.0,4139140.0,1271380.0,8.48481e-05,0.000900945,0.00242036,0.00144161,0.00144396,0.00144416,0.00144725,626.509,0.0003
24.605,6723540.0,4338850.0,4138750.0,1271370.0,8.48435e-05,0.00087267,0.00239218,0.00144151,0.00144386,0.00144406,0.00144716,626.682,0.0003
24.61,6723540.0,4338850.0,4138750.0,1271370.0,8.48435e-05,0.00087267,0.00239218,0.00144151,0.00144386,0.00144406,0.00144716,627.21,0.0003
24.615,6723630.0,4338900.0,4138800.0,1271370.0,8.48441e-05,0.000876069,0.00239557,0.00144152,0.00144387,0.00144407,0.00144717,627.21,0.0003
24.62,6723660.0,4338920.0,4138810.0,1271370.0,8.48443e-05,0.000877183,0.00239668,0.00144153,0.00144388,0.00144408,0.00144717,626.872,0.0003
24.625,6723600.0,4338890.0,4138780.0,1271370.0,8.48439e-05,0.00087501,0.00239451,0.00144152,0.00144387,0.00144407,0.00144716,628.08,0.0003
24.63,6723600.0,4338890.0,4138780.0,1271370.0,8.48439e-05,0.00087501,0.00239451,0.00144152,0.00144387,0.00144407,0.00144716,631.763,0.0003
24.635,6724220.0,4339240.0,4139110.0,1271380.0,8.48478e-05,0.000898711,0.00241813,0.0014416,0.00144395,0.00144415,0.00144724,631.763,0.0003
24.64,6724420.0,4339350.0,4139220.0,1271380.0,8.4849e-05,0.000906486,0.00242588,0.00144163,0.00144398,0.00144418,0.00144727,632.799,0.0003
24.645,6724590.0,4339450.0,4139310.0,1271390.0,8.48501e-05,0.000913155,0.00243253,0.00144165,0.001444,0.0014442,0.00144729,631.805,0.0003
24.65,6724590.0,4339450.0,4139310.0,1271390.0,8.48501e-05,0.000913155,0.00243253,0.00144165,0.001444,0.0014442,0.00144729,628.773,0.0003
24.655,6724080.0,4339160.0,4139040.0,1271380.0,8.48469e-05,0.000893643,0.00241308,0.00144158,0.00144393,0.00144413,0.00144723,628.773,0.0003
24.66,6723920.0,4339070.0,4138950.0,1271380.0,8.48459e-05,0.000887243,0.0024067,0.00144156,0.00144391,0.00144411,0.00144721,627.382,0.0003
24.665,6723680.0,4338930.0,4138830.0,1271380.0,8.48445e-05,0.000878294,0.00239778,0.00144153,0.00144388,0.00144408,0.00144717,627.345,0.0003
24.67,6723680.0,4338930.0,4138830.0,1271380.0,8.48445e-05,0.000878294,0.00239778,0.00144153,0.00144388,0.00144408,0.00144717,627.232,0.0003
24.675,6723670.0,4338920.0,4138820.0,1271380.0,8.48443e-05,0.000877564,0.00239706,0.00144153,0.00144388,0.00144408,0.00144717,627.232,0.0003
24.68,6723660.0,4338920.0,4138820.0,1271380.0,8.48443e-05,0.000877324,0.00239682,0.00144153,0.00144388,0.00144408,0.00144717,629.827,0.0003
24.685,6724090.0,4339170.0,4139050.0,1271380.0,8.4847e-05,0.000894027,0.00241346,0.00144158,0.00144393,0.00144413,0.00144723,628.023,0.0003
24.69,6724090.0,4339170.0,4139050.0,1271380.0,8.4847e-05,0.000894027,0.00241346,0.00144158,0.00144393,0.00144413,0.00144723,622.524,0.0003
24.695,6723170.0,4338640.0,4138560.0,1271370.0,8.48413e-05,0.000858637,0.00237819,0.00144146,0.00144381,0.00144401,0.00144711,622.524,0.0003
24.7,6722870.0,4338470.0,4138400.0,1271370.0,8.48394e-05,0.000847029,0.00236663,0.00144143,0.00144377,0.00144397,0.00144707,628.93,0.0003
24.705,6723940.0,4339080.0,4138970.0,1271380.0,8.48461e-05,0.000888254,0.00240771,0.00144156,0.00144391,0.00144411,0.00144721,629.363,0.0003
24.71,6723940.0,4339080.0,4138970.0,1271380.0,8.48461e-05,0.000888254,0.00240771,0.00144156,0.00144391,0.00144411,0.00144721,630.684,0.0003
24.715,6724160.0,4339210.0,4139080.0,1271380.0,8.48474e-05,0.000896754,0.00241618,0.00144159,0.00144394,0.00144414,0.00144724,630.684,0.0003
24.72,6724240.0,4339250.0,4139120.0,1271380.0,8.48479e-05,0.000899541,0.00241896,0.0014416,0.00144395,0.00144415,0.00144725,625.101,0.0003
24.725,6723300.0,4338720.0,4138630.0,1271370.0,8.48421e-05,0.000863614,0.00238315,0.00144148,0.00144383,0.00144403,0.00144712,625.003,0.0003
24.73,6723300.0,4338720.0,4138630.0,1271370.0,8.48421e-05,0.000863614,0.00238315,0.00144148,0.00144383,0.00144403,0.00144712,624.703,0.0003
24.735,6723250.0,4338690.0,4138600.0,1271370.0,8.48418e-05,0.000861682,0.00238123,0.00144148,0.00144382,0.00144402,0.00144712,624.703,0.0003
24.74,6723240.0,4338680.0,4138590.0,1271370.0,8.48417e-05,0.000861048,0.0023806,0.00144147,0.00144382,0.00144402,0.00144712,628.95,0.0003
24.745,6723950.0,4339080.0,4138970.0,1271380.0,8.48461e-05,0.000888386,0.00240784,0.00144157,0.00144391,0.00144411,0.00144721,628.879,0.0003
24.75,6723950.0,4339080.0,4138970.0,1271380.0,8.48461e-05,0.000888386,0.00240784,0.00144157,0.00144391,0.00144411,0.00144721,628.66,0.0003
24.755,6723910.0,4339060.0,4138950.0,1271380.0,8.48459e-05,0.000886977,0.00240644,0.00144156,0.00144391,0.00144411,0.0014472,628.66,0.0003
24.76,6723900.0,4339060.0,4138940.0,1271380.0,8.48458e-05,0.000886515,0.00240598,0.00144156,0.00144391,0.00144411,0.0014472,629.846,0.0003
24.765,6724100.0,4339170.0,4139050.0,1271380.0,8.4847e-05,0.000894147,0.00241358,0.00144158,0.00144393,0.00144413,0.00144723,629.443,0.0003
24.77,6724100.0,4339170.0,4139050.0,1271380.0,8.4847e-05,0.000894147,0.00241358,0.00144158,0.00144393,0.00144413,0.00144723,628.216,0.0003
24.775,6723890.0,4339050.0,4138940.0,1271380.0,8.48457e-05,0.000886248,0.00240571,0.00144156,0.00144391,0.00144411,0.0014472,628.216,0.0003
24.78,6723820.0,4339010.0,4138900.0,1271380.0,8.48453e-05,0.000883658,0.00240313,0.00144155,0.0014439,0.0014441,0.00144719,627.004,0.0003
24.785,6723620.0,4338900.0,4138800.0,1271380.0,8.48441e-05,0.000875857,0.00239536,0.00144152,0.00144387,0.00144407,0.00144717,626.481,0.0003
24.79,6723620.0,4338900.0,4138800.0,1271380.0,8.48441e-05,0.000875857,0.00239536,0.00144152,0.00144387,0.00144407,0.00144717,624.889,0.0003
24.795,6723360.0,4338750.0,4138650.0,1271370.0,8.48424e-05,0.000865609,0.00238514,0.00144149,0.00144384,0.00144404,0.00144713,624.889,0.0003
24.8,6723270.0,4338700.0,4138610.0,1271370.0,8.48419e-05,0.000862248,0.00238179,0.00144148,0.00144383,0.00144403,0.00144712,631.522,0.0003
24.805,6724380.0,4339330.0,4139200.0,1271390.0,8.48488e-05,0.00090494,0.00242434,0.00144162,0.00144397,0.00144417,0.00144727,630.808,0.0003
24.81,6724380.0,4339330.0,4139200.0,1271390.0,8.48488e-05,0.00090494,0.00242434,0.00144162,0.00144397,0.00144417,0.00144727,628.631,0.0003
24.815,6724010.0,4339120.0,4139000.0,1271380.0,8.48465e-05,0.000890928,0.00241037,0.00144157,0.00144392,0.00144412,0.00144722,628.631,0.0003
24.82,6723890.0,4339050.0,4138940.0,1271380.0,8.48458e-05,0.000886332,0.00240579,0.00144156,0.00144391,0.00144411,0.0014472,632.504,0.0003
24.825,6724540.0,4339420.0,4139290.0,1271390.0,8.48498e-05,0.000911256,0.00243063,0.00144164,0.00144399,0.00144419,0.00144729,630.678,0.0003
24.83,6724540.0,4339420.0,4139290.0,1271390.0,8.48498e-05,0.000911256,0.00243063,0.00144164,0.00144399,0.00144419,0.00144729,625.111,0.0003
24.835,6723610.0,4338890.0,4138790.0,1271380.0,8.4844e-05,0.000875427,0.00239493,0.00144152,0.00144387,0.00144407,0.00144716,625.111,0.0003
24.84,6723310.0,4338720.0,4138630.0,1271370.0,8.48421e-05,0.000863675,0.00238321,0.00144148,0.00144383,0.00144403,0.00144712,631.94,0.0003
24.845,6724450.0,4339370.0,4139240.0,1271390.0,8.48492e-05,0.000907628,0.00242702,0.00144163,0.00144398,0.00144418,0.00144727,630.954,0.0003
24.85,6724450.0,4339370.0,4139240.0,1271390.0,8.48492e-05,0.000907628,0.00242702,0.00144163,0.00144398,0.00144418,0.00144727,627.949,0.0003
24.855,6723940.0,4339080.0,4138970.0,1271380.0,8.48461e-05,0.000888284,0.00240774,0.00144156,0.00144391,0.00144411,0.00144721,627.949,0.0003
24.86,6723780.0,4338990.0,4138880.0,1271380.0,8.4845e-05,0.000881939,0.00240142,0.00144154,0.00144389,0.00144409,0.00144719,627.577,0.0003
24.865,6723720.0,4338950.0,4138850.0,1271380.0,8.48447e-05,0.000879548,0.00239903,0.00144154,0.00144388,0.00144408,0.00144718,628.016,0.0003
24.87,6723720.0,4338950.0,4138850.0,1271380.0,8.48447e-05,0.000879548,0.00239903,0.00144154,0.00144388,0.00144408,0.00144718,629.353,0.0003
24.875,6723940.0,4339080.0,4138970.0,1271380.0,8.48461e-05,0.000888156,0.00240761,0.00144156,0.00144391,0.00144411,0.00144721,629.353,0.0003
24.88,6724010.0,4339120.0,4139010.0,1271380.0,8.48465e-05,0.000890979,0.00241043,0.00144157,0.00144392,0.00144412,0.00144722,626.654,0.0003
24.885,6723560.0,4338870.0,4138770.0,1271380.0,8.48437e-05,0.000873609,0.00239312,0.00144152,0.00144386,0.00144406,0.00144716,626.555,0.0003
24.89,6723560.0,4338870.0,4138770.0,1271380.0,8.48437e-05,0.000873609,0.00239312,0.00144152,0.00144386,0.00144406,0.00144716,626.252,0.0003
24.895,6723510.0,4338840.0,4138740.0,1271380.0,8.48434e-05,0.000871657,0.00239117,0.00144151,0.00144386,0.00144406,0.00144715,626.252,0.0003
24.9,6723500.0,4338830.0,4138730.0,1271380.0,8.48433e-05,0.000871017,0.00239053,0.00144151,0.00144386,0.00144406,0.00144715,625.48,0.0003
24.905,6723370.0,4338750.0,4138660.0,1271370.0,8.48425e-05,0.000866049,0.00238558,0.00144149,0.00144384,0.00144404,0.00144713,626.373,0.0003
24.91,6723370.0,4338750.0,4138660.0,1271370.0,8.48425e-05,0.000866049,0.00238558,0.00144149,0.00144384,0.00144404,0.00144713,629.097,0.0003
24.915,6723820.0,4339010.0,4138900.0,1271380.0,8.48453e-05,0.000883578,0.00240305,0.00144155,0.0014439,0.0014441,0.00144719,629.097,0.0003
24.92,6723970.0,4339100.0,4138980.0,1271380.0,8.48462e-05,0.000889327,0.00240878,0.00144157,0.00144392,0.00144412,0.00144721,629.023,0.0003
24.925,6723960.0,4339090.0,4138980.0,1271380.0,8.48462e-05,0.000888852,0.00240831,0.00144157,0.00144392,0.00144412,0.00144721,628.513,0.0003
24.93,6723960.0,4339090.0,4138980.0,1271380.0,8.48462e-05,0.000888852,0.00240831,0.00144157,0.00144392,0.00144412,0.00144721,626.959,0.0003
24.935,6723700.0,4338940.0,4138840.0,1271380.0,8.48445e-05,0.00087885,0.00239834,0.00144153,0.00144388,0.00144408,0.00144718,626.959,0.0003
24.94,6723610.0,4338900.0,4138790.0,1271380.0,8.4844e-05,0.000875569,0.00239507,0.00144152,0.00144387,0.00144407,0.00144717,627.417,0.0003
24.945,6723690.0,4338940.0,4138830.0,1271380.0,8.48445e-05,0.00087852,0.00239801,0.00144153,0.00144388,0.00144408,0.00144718,627.993,0.0003
24.95,6723690.0,4338940.0,4138830.0,1271380.0,8.48445e-05,0.00087852,0.00239801,0.00144153,0.00144388,0.00144408,0.00144718,629.746,0.0003
24.955,6723980.0,4339110.0,4138990.0,1271380.0,8.48463e-05,0.000889806,0.00240926,0.00144157,0.00144392,0.00144412,0.00144721,629.746,0.0003
24.96,6724080.0,4339160.0,4139040.0,1271380.0,8.48469e-05,0.000893508,0.00241295,0.00144158,0.00144393,0.00144413,0.00144723,630.454,0.0003
24.965,6724200.0,4339230.0,4139100.0,1271390.0,8.48477e-05,0.000898061,0.00241748,0.0014416,0.00144395,0.00144415,0.00144724,629.342,0.0003
24.97,6724200.0,4339230.0,4139100.0,1271390.0,8.48477e-05,0.000898061,0.00241748,0.0014416,0.00144395,0.00144415,0.00144724,625.953,0.0003
24.975,6723630.0,4338910.0,4138800.0,1271380.0,8.48441e-05,0.000876248,0.00239574,0.00144152,0.00144387,0.00144407,0.00144717,625.953,0.0003
24.98,6723450.0,4338800.0,4138700.0,1271380.0,8.4843e-05,0.000869093,0.00238861,0.0014415,0.00144385,0.00144405,0.00144714,629.644,0.0003
24.985,6724060.0,4339150.0,4139030.0,1271380.0,8.48468e-05,0.000892849,0.00241229,0.00144158,0.00144393,0.00144413,0.00144722,629.136,0.0003
24.99,6724060.0,4339150.0,4139030.0,1271380.0,8.48468e-05,0.000892849,0.00241229,0.00144158,0.00144393,0.00144413,0.00144722,627.589,0.0003
24.995,6723800.0,4339000.0,4138890.0,1271380.0,8.48452e-05,0.00088289,0.00240236,0.00144155,0.0014439,0.0014441,0.00144719,627.589,0.0003
25.0,6723720.0,4338960.0,4138850.0,1271380.0,8.48447e-05,0.000879624,0.00239911,0.00144154,0.00144388,0.00144408,0.00144718,628.787,0.0003
25.005,6723920.0,4339070.0,4138960.0,1271380.0,8.48459e-05,0.000887335,0.00240679,0.00144156,0.00144391,0.00144411,0.00144721,628.071,0.0003
25.01,6723920.0,4339070.0,4138960.0,1271380.0,8.48459e-05,0.000887335,0.00240679,0.00144156,0.00144391,0.00144411,0.00144721,625.89,0.0003
25.015,6723560.0,4338860.0,4138760.0,1271380.0,8.48436e-05,0.000873293,0.0023928,0.00144151,0.00144386,0.00144406,0.00144716,625.89,0.0003
25.02,6723440.0,4338790.0,4138700.0,1271380.0,8.48429e-05,0.000868687,0.00238821,0.0014415,0.00144385,0.00144405,0.00144714,628.52,0.0003
25.025,6723880.0,4339040.0,4138930.0,1271380.0,8.48456e-05,0.000885616,0.00240508,0.00144156,0.00144391,0.00144411,0.0014472,628.476,0.0003
25.03,6723880.0,4339040.0,4138930.0,1271380.0,8.48456e-05,0.000885616,0.00240508,0.00144156,0.00144391,0.00144411,0.0014472,628.343,0.0003
25.035,6723850.0,4339030.0,4138920.0,1271380.0,8.48455e-05,0.000884757,0.00240423,0.00144155,0.0014439,0.0014441,0.0014472,628.343,0.0003
25.04,6723850.0,4339030.0,4138920.0,1271380.0,8.48455e-05,0.000884476,0.00240394,0.00144155,0.0014439,0.0014441,0.0014472,627.811,0.0003
25.045,6723760.0,4338980.0,4138870.0,1271380.0,8.48449e-05,0.000881055,0.00240054,0.00144154,0.00144389,0.00144409,0.00144718,626.911,0.0003
25.05,6723760.0,4338980.0,4138870.0,1271380.0,8.48449e-05,0.000881055,0.00240054,0.00144154,0.00144389,0.00144409,0.00144718,624.165,0.0003
25.055,6723300.0,4338720.0,4138630.0,1271380.0,8.4842e-05,0.000863386,0.00238293,0.00144148,0.00144383,0.00144403,0.00144712,624.165,0.0003
25.06,6723150.0,4338630.0,4138550.0,1271370.0,8.48411e-05,0.00085759,0.00237715,0.00144146,0.00144381,0.00144401,0.0014471,625.347,0.0003
25.065,6723340.0,4338740.0,4138650.0,1271380.0,8.48423e-05,0.000865193,0.00238473,0.00144149,0.00144384,0.00144404,0.00144713,626.782,0.0003
25.07,6723340.0,4338740.0,4138650.0,1271380.0,8.48423e-05,0.000865193,0.00238473,0.00144149,0.00144384,0.00144404,0.00144713,631.157,0.0003
25.075,6724080.0,4339160.0,4139040.0,1271380.0,8.48469e-05,0.000893353,0.00241279,0.00144158,0.00144393,0.00144413,0.00144723,631.157,0.0003
25.08,6724320.0,4339290.0,4139170.0,1271390.0,8.48484e-05,0.000902589,0.002422,0.00144161,0.00144396,0.00144416,0.00144726,628.486,0.0003
25.085,6723870.0,4339040.0,4138930.0,1271380.0,8.48456e-05,0.000885397,0.00240486,0.00144155,0.0014439,0.0014441,0.0014472,628.527,0.0003
25.09,6723870.0,4339040.0,4138930.0,1271380.0,8.48456e-05,0.000885397,0.00240486,0.00144155,0.0014439,0.0014441,0.0014472,628.654,0.0003
25.095,6723890.0,4339050.0,4138940.0,1271380.0,8.48457e-05,0.000886212,0.00240567,0.00144156,0.00144391,0.00144411,0.0014472,628.654,0.0003
25.1,6723900.0,4339060.0,4138940.0,1271380.0,8.48458e-05,0.000886479,0.00240594,0.00144156,0.00144391,0.00144411,0.0014472,629.574,0.0003
25.105,6724050.0,4339140.0,4139030.0,1271380.0,8.48467e-05,0.000892397,0.00241184,0.00144158,0.00144393,0.00144413,0.00144722,629.25,0.0003
25.11,6724050.0,4339140.0,4139030.0,1271380.0,8.48467e-05,0.000892397,0.00241184,0.00144158,0.00144393,0.00144413,0.00144722,628.264,0.0003
25.115,6723890.0,4339050.0,4138940.0,1271380.0,8.48457e-05,0.000886048,0.00240551,0.00144156,0.00144391,0.00144411,0.0014472,628.264,0.0003
25.12,6723830.0,4339020.0,4138910.0,1271380.0,8.48454e-05,0.000883966,0.00240344,0.00144155,0.0014439,0.0014441,0.00144719,627.257,0.0003
25.125,6723660.0,4338920.0,4138820.0,1271380.0,8.48443e-05,0.00087749,0.00239698,0.00144153,0.00144388,0.00144408,0.00144717,627.555,0.0003
25.13,6723660.0,4338920.0,4138820.0,1271380.0,8.48443e-05,0.00087749,0.00239698,0.00144153,0.00144388,0.00144408,0.00144717,628.462,0.0003
25.135,6723820.0,4339010.0,4138900.0,1271380.0,8.48453e-05,0.000883328,0.0024028,0.00144155,0.0014439,0.0014441,0.00144719,628.462,0.0003
25.14,6723870.0,4339040.0,4138930.0,1271380.0,8.48456e-05,0.000885242,0.00240471,0.00144155,0.0014439,0.0014441,0.0014472,626.1,0.0003
25.145,6723470.0,4338810.0,4138720.0,1271380.0,8.48431e-05,0.000870039,0.00238956,0.0014415,0.00144385,0.00144405,0.00144715,626.486,0.0003
25.15,6723470.0,4338810.0,4138720.0,1271380.0,8.48431e-05,0.000870039,0.00238956,0.0014415,0.00144385,0.00144405,0.00144715,627.664,0.0003
25.155,6723670.0,4338930.0,4138820.0,1271380.0,8.48443e-05,0.000877622,0.00239711,0.00144153,0.00144388,0.00144408,0.00144717,627.664,0.0003
25.16,6723730.0,4338960.0,4138860.0,1271380.0,8.48448e-05,0.000880109,0.00239959,0.00144154,0.00144389,0.00144409,0.00144718,625.739,0.0003
25.165,6723410.0,4338780.0,4138690.0,1271380.0,8.48427e-05,0.000867719,0.00238725,0.00144149,0.00144384,0.00144404,0.00144714,626.748,0.0003
25.17,6723410.0,4338780.0,4138690.0,1271380.0,8.48427e-05,0.000867719,0.00238725,0.00144149,0.00144384,0.00144404,0.00144714,629.823,0.0003
25.175,6723920.0,4339070.0,4138960.0,1271380.0,8.48459e-05,0.000887511,0.00240697,0.00144156,0.00144391,0.00144411,0.00144721,629.823,0.0003
25.18,6724090.0,4339170.0,4139050.0,1271390.0,8.4847e-05,0.000894003,0.00241344,0.00144158,0.00144393,0.00144413,0.00144723,632.289,0.0003
25.185,6724500.0,4339400.0,4139270.0,1271390.0,8.48496e-05,0.000909874,0.00242926,0.00144164,0.00144399,0.00144419,0.00144728,631.97,0.0003
25.19,6724500.0,4339400.0,4139270.0,1271390.0,8.48496e-05,0.000909874,0.00242926,0.00144164,0.00144399,0.00144419,0.00144728,630.998,0.0003
25.195,6724340.0,4339310.0,4139180.0,1271390.0,8.48486e-05,0.000903616,0.00242302,0.00144162,0.00144397,0.00144417,0.00144726,630.998,0.0003
25.2,6724290.0,4339280.0,4139150.0,1271390.0,8.48482e-05,0.000901563,0.00242097,0.00144161,0.00144396,0.00144416,0.00144725,629.153,0.0003
25.205,6723980.0,4339100.0,4138990.0,1271390.0,8.48463e-05,0.000889688,0.00240914,0.00144157,0.00144392,0.00144412,0.00144721,628.342,0.0003
25.21,6723980.0,4339100.0,4138990.0,1271390.0,8.48463e-05,0.000889688,0.00240914,0.00144157,0.00144392,0.00144412,0.00144721,625.869,0.0003
25.215,6723570.0,4338870.0,4138770.0,1271380.0,8.48437e-05,0.000873772,0.00239328,0.00144152,0.00144386,0.00144406,0.00144716,625.869,0.0003
25.22,6723430.0,4338790.0,4138700.0,1271380.0,8.48429e-05,0.000868552,0.00238807,0.0014415,0.00144385,0.00144405,0.00144714,631.77,0.0003
25.225,6724420.0,4339350.0,4139220.0,1271390.0,8.4849e-05,0.000906536,0.00242593,0.00144163,0.00144398,0.00144418,0.00144727,630.869,0.0003
25.23,6724420.0,4339350.0,4139220.0,1271390.0,8.4849e-05,0.000906536,0.00242593,0.00144163,0.00144398,0.00144418,0.00144727,628.119,0.0003
25.235,6723960.0,4339090.0,4138980.0,1271390.0,8.48462e-05,0.000888842,0.0024083,0.00144157,0.00144392,0.00144412,0.00144721,628.119,0.0003
25.24,6723810.0,4339010.0,4138900.0,1271380.0,8.48452e-05,0.000883039,0.00240251,0.00144155,0.0014439,0.0014441,0.00144719,627.551,0.0003
25.245,6723710.0,4338950.0,4138850.0,1271380.0,8.48446e-05,0.000879381,0.00239887,0.00144153,0.00144388,0.00144408,0.00144718,627.17,0.0003
25.25,6723710.0,4338950.0,4138850.0,1271380.0,8.48446e-05,0.000879381,0.00239887,0.00144153,0.00144388,0.00144408,0.00144718,626.008,0.0003
25.255,6723520.0,4338840.0,4138740.0,1271380.0,8.48434e-05,0.000871904,0.00239141,0.00144151,0.00144386,0.00144406,0.00144715,626.008,0.0003
25.26,6723460.0,4338810.0,4138710.0,1271380.0,8.4843e-05,0.000869451,0.00238897,0.0014415,0.00144385,0.00144405,0.00144714,629.984,0.0003
25.265,6724120.0,4339180.0,4139060.0,1271390.0,8.48472e-05,0.000895038,0.00241447,0.00144159,0.00144394,0.00144414,0.00144723,628.476,0.0003
25.27,6724120.0,4339180.0,4139060.0,1271390.0,8.48472e-05,0.000895038,0.00241447,0.00144159,0.00144394,0.00144414,0.00144723,623.877,0.0003
25.275,6723350.0,4338750.0,4138650.0,1271380.0,8.48424e-05,0.000865444,0.00238498,0.00144149,0.00144384,0.00144404,0.00144713,623.877,0.0003
25.28,6723100.0,4338600.0,4138520.0,1271380.0,8.48408e-05,0.000855738,0.0023753,0.00144145,0.0014438,0.001444,0.0014471,629.794,0.0003
25.285,6724090.0,4339170.0,4139050.0,1271390.0,8.4847e-05,0.000893817,0.00241325,0.00144158,0.00144393,0.00144413,0.00144723,628.78,0.0003
25.29,6724090.0,4339170.0,4139050.0,1271390.0,8.4847e-05,0.000893817,0.00241325,0.00144158,0.00144393,0.00144413,0.00144723,625.686,0.0003
25.295,6723570.0,4338870.0,4138770.0,1271380.0,8.48437e-05,0.000873909,0.00239341,0.00144152,0.00144386,0.00144407,0.00144716,625.686,0.0003
25.3,6723400.0,4338780.0,4138680.0,1271380.0,8.48427e-05,0.000867379,0.00238691,0.00144149,0.00144384,0.00144404,0.00144714,630.207,0.0003
25.305,6724160.0,4339210.0,4139080.0,1271390.0,8.48474e-05,0.000896476,0.0024159,0.00144159,0.00144394,0.00144414,0.00144724,629.925,0.0003
25.31,6724160.0,4339210.0,4139080.0,1271390.0,8.48474e-05,0.000896476,0.0024159,0.00144159,0.00144394,0.00144414,0.00144724,629.063,0.0003
25.315,6724010.0,4339120.0,4139010.0,1271390.0,8.48465e-05,0.000890931,0.00241038,0.00144157,0.00144392,0.00144412,0.00144722,629.063,0.0003
25.32,6723970.0,4339100.0,4138980.0,1271390.0,8.48462e-05,0.000889112,0.00240856,0.00144157,0.00144392,0.00144412,0.00144721,628.474,0.0003
25.325,6723870.0,4339040.0,4138930.0,1271390.0,8.48456e-05,0.000885318,0.00240478,0.00144155,0.0014439,0.0014441,0.0014472,628.08,0.0003
25.33,6723870.0,4339040.0,4138930.0,1271390.0,8.48456e-05,0.000885318,0.00240478,0.00144155,0.0014439,0.0014441,0.0014472,626.878,0.0003
25.335,6723670.0,4338930.0,4138820.0,1271380.0,8.48443e-05,0.000877586,0.00239708,0.00144153,0.00144388,0.00144408,0.00144717,626.878,0.0003
25.34,6723600.0,4338890.0,4138790.0,1271380.0,8.48439e-05,0.00087505,0.00239455,0.00144152,0.00144387,0.00144407,0.00144716,629.457,0.0003
25.345,6724030.0,4339130.0,4139020.0,1271390.0,8.48466e-05,0.000891646,0.00241109,0.00144158,0.00144392,0.00144413,0.00144722,629.667,0.0003
25.35,6724030.0,4339130.0,4139020.0,1271390.0,8.48466e-05,0.000891646,0.00241109,0.00144158,0.00144392,0.00144413,0.00144722,630.309,0.0003
25.355,6724140.0,4339200.0,4139070.0,1271390.0,8.48473e-05,0.000895778,0.00241521,0.00144159,0.00144394,0.00144414,0.00144723,630.309,0.0003
25.36,6724170.0,4339220.0,4139090.0,1271390.0,8.48475e-05,0.000897133,0.00241656,0.00144159,0.00144394,0.00144414,0.00144724,631.149,0.0003
25.365,6724310.0,4339300.0,4139170.0,1271390.0,8.48484e-05,0.000902539,0.00242195,0.00144161,0.00144396,0.00144416,0.00144726,630.95,0.0003
25.37,6724310.0,4339300.0,4139170.0,1271390.0,8.48484e-05,0.000902539,0.00242195,0.00144161,0.00144396,0.00144416,0.00144726,630.343,0.0003
25.375,6724210.0,4339240.0,4139110.0,1271390.0,8.48477e-05,0.000898632,0.00241805,0.0014416,0.00144395,0.00144415,0.00144724,630.343,0.0003
25.38,6724180.0,4339220.0,4139100.0,1271390.0,8.48475e-05,0.000897351,0.00241678,0.00144159,0.00144394,0.00144414,0.00144724,628.167,0.0003
25.385,6723820.0,4339010.0,4138900.0,1271390.0,8.48453e-05,0.000883348,0.00240282,0.00144155,0.0014439,0.0014441,0.00144719,628.714,0.0003
25.39,6723820.0,4339010.0,4138900.0,1271390.0,8.48453e-05,0.000883348,0.00240282,0.00144155,0.0014439,0.0014441,0.00144719,630.38,0.0003
25.395,6724090.0,4339170.0,4139050.0,1271390.0,8.4847e-05,0.000894072,0.00241351,0.00144158,0.00144393,0.00144413,0.00144723,630.38,0.0003
25.4,6724190.0,4339220.0,4139100.0,1271390.0,8.48476e-05,0.000897589,0.00241701,0.0014416,0.00144395,0.00144415,0.00144724,631.22,0.0003
25.405,6724330.0,4339300.0,4139170.0,1271390.0,8.48485e-05,0.000902993,0.0024224,0.00144161,0.00144396,0.00144416,0.00144726,630.881,0.0003
25.41,6724330.0,4339300.0,4139170.0,1271390.0,8.48485e-05,0.000902993,0.0024224,0.00144161,0.00144396,0.00144416,0.00144726,629.846,0.0003
25.415,6724150.0,4339200.0,4139080.0,1271390.0,8.48474e-05,0.000896337,0.00241576,0.00144159,0.00144394,0.00144414,0.00144724,629.846,0.0003
25.42,6724100.0,4339170.0,4139050.0,1271390.0,8.4847e-05,0.000894153,0.00241359,0.00144158,0.00144393,0.00144413,0.00144723,627.3,0.0003
25.425,6723670.0,4338930.0,4138830.0,1271380.0,8.48444e-05,0.000877763,0.00239725,0.00144153,0.00144388,0.00144408,0.00144717,626.7,0.0003
25.43,6723670.0,4338930.0,4138830.0,1271380.0,8.48444e-05,0.000877763,0.00239725,0.00144153,0.00144388,0.00144408,0.00144717,624.872,0.0003
25.435,6723370.0,4338760.0,4138660.0,1271380.0,8.48425e-05,0.000865998,0.00238553,0.00144149,0.00144384,0.00144404,0.00144713,624.872,0.0003
25.44,6723270.0,4338700.0,4138610.0,1271380.0,8.48418e-05,0.000862139,0.00238168,0.00144148,0.00144382,0.00144402,0.00144712,629.354,0.0003
25.445,6724010.0,4339130.0,4139010.0,1271390.0,8.48465e-05,0.000890984,0.00241043,0.00144157,0.00144392,0.00144412,0.00144722,629.268,0.0003
25.45,6724010.0,4339130.0,4139010.0,1271390.0,8.48465e-05,0.000890984,0.00241043,0.00144157,0.00144392,0.00144412,0.00144722,629.007,0.0003
25.455,6723970.0,4339100.0,4138990.0,1271390.0,8.48462e-05,0.000889302,0.00240875,0.00144157,0.00144392,0.00144412,0.00144721,629.007,0.0003
25.46,6723960.0,4339090.0,4138980.0,1271390.0,8.48461e-05,0.00088875,0.0024082,0.00144157,0.00144391,0.00144412,0.00144721,628.956,0.0003
25.465,6723950.0,4339090.0,4138970.0,1271390.0,8.48461e-05,0.000888422,0.00240788,0.00144156,0.00144391,0.00144411,0.00144721,629.081,0.0003
25.47,6723950.0,4339090.0,4138970.0,1271390.0,8.48461e-05,0.000888422,0.00240788,0.00144156,0.00144391,0.00144411,0.00144721,629.462,0.0003
25.475,6724010.0,4339120.0,4139010.0,1271390.0,8.48465e-05,0.000890875,0.00241032,0.00144157,0.00144392,0.00144412,0.00144722,629.462,0.0003
25.48,6724030.0,4339140.0,4139020.0,1271390.0,8.48466e-05,0.00089168,0.00241112,0.00144158,0.00144392,0.00144413,0.00144722,631.467,0.0003
25.485,6724370.0,4339330.0,4139200.0,1271390.0,8.48487e-05,0.000904582,0.00242398,0.00144162,0.00144397,0.00144417,0.00144726,630.813,0.0003
25.49,6724370.0,4339330.0,4139200.0,1271390.0,8.48487e-05,0.000904582,0.00242398,0.00144162,0.00144397,0.00144417,0.00144726,628.821,0.0003
25.495,6724030.0,4339140.0,4139020.0,1271390.0,8.48466e-05,0.000891762,0.00241121,0.00144158,0.00144393,0.00144413,0.00144722,628.821,0.0003
25.5,6723930.0,4339070.0,4138960.0,1271390.0,8.4846e-05,0.000887557,0.00240701,0.00144156,0.00144391,0.00144411,0.00144721,624.513,0.0003
25.505,6723210.0,4338670.0,4138580.0,1271380.0,8.48415e-05,0.000859826,0.00237938,0.00144147,0.00144382,0.00144402,0.00144711,625.7,0.0003
25.51,6723210.0,4338670.0,4138580.0,1271380.0,8.48415e-05,0.000859826,0.00237938,0.00144147,0.00144382,0.00144402,0.00144711,629.319,0.0003
25.515,6723810.0,4339010.0,4138900.0,1271390.0,8.48452e-05,0.000883119,0.00240259,0.00144155,0.0014439,0.0014441,0.00144719,629.319,0.0003
25.52,6724010.0,4339120.0,4139010.0,1271390.0,8.48465e-05,0.000890759,0.00241021,0.00144157,0.00144392,0.00144412,0.00144722,627.438,0.0003
25.525,6723690.0,4338940.0,4138840.0,1271390.0,8.48445e-05,0.000878652,0.00239814,0.00144153,0.00144388,0.00144408,0.00144717,627.758,0.0003
25.53,6723690.0,4338940.0,4138840.0,1271390.0,8.48445e-05,0.000878652,0.00239814,0.00144153,0.00144388,0.00144408,0.00144717,628.736,0.0003
25.535,6723860.0,4339040.0,4138930.0,1271390.0,8.48455e-05,0.000884942,0.00240441,0.00144155,0.0014439,0.0014441,0.0014472,628.736,0.0003
25.54,6723910.0,4339070.0,4138950.0,1271390.0,8.48459e-05,0.000887006,0.00240647,0.00144156,0.00144391,0.00144411,0.0014472,626.307,0.0003
25.545,6723510.0,4338840.0,4138740.0,1271380.0,8.48433e-05,0.000871372,0.00239088,0.00144151,0.00144386,0.00144406,0.00144715,626.602,0.0003
25.55,6723510.0,4338840.0,4138740.0,1271380.0,8.48433e-05,0.000871372,0.00239088,0.00144151,0.00144386,0.00144406,0.00144715,627.503,0.0003
25.555,6723660.0,4338920.0,4138820.0,1271390.0,8.48443e-05,0.000877172,0.00239666,0.00144153,0.00144388,0.00144408,0.00144717,627.503,0.0003
25.56,6723710.0,4338950.0,4138840.0,1271390.0,8.48446e-05,0.000879074,0.00239856,0.00144153,0.00144388,0.00144408,0.00144718,628.943,0.0003
25.565,6723950.0,4339090.0,4138970.0,1271390.0,8.48461e-05,0.00088834,0.00240779,0.00144156,0.00144391,0.00144411,0.00144721,629.031,0.0003
25.57,6723950.0,4339090.0,4138970.0,1271390.0,8.48461e-05,0.00088834,0.00240779,0.00144156,0.00144391,0.00144411,0.00144721,629.3,0.0003
25.575,6723990.0,4339110.0,4139000.0,1271390.0,8.48464e-05,0.000890069,0.00240952,0.00144157,0.00144392,0.00144412,0.00144721,629.3,0.0003
25.58,6724010.0,4339120.0,4139000.0,1271390.0,8.48465e-05,0.000890636,0.00241008,0.00144157,0.00144392,0.00144412,0.00144722,628.525,0.0003
25.585,6723880.0,4339050.0,4138940.0,1271390.0,8.48456e-05,0.000885646,0.00240511,0.00144155,0.0014439,0.0014441,0.0014472,628.301,0.0003
25.59,6723880.0,4339050.0,4138940.0,1271390.0,8.48456e-05,0.000885646,0.00240511,0.00144155,0.0014439,0.0014441,0.0014472,627.621,0.0003
25.595,6723760.0,4338980.0,4138870.0,1271390.0,8.48449e-05,0.000881268,0.00240075,0.00144154,0.00144389,0.00144409,0.00144718,627.621,0.0003
25.6,6723720.0,4338960.0,4138860.0,1271390.0,8.48447e-05,0.000879832,0.00239932,0.00144154,0.00144388,0.00144408,0.00144718,628.066,0.0003
25.605,6723800.0,4339000.0,4138890.0,1271390.0,8.48452e-05,0.000882698,0.00240217,0.00144154,0.00144389,0.00144409,0.00144719,629.29,0.0003
25.61,6723800.0,4339000.0,4138890.0,1271390.0,8.48452e-05,0.000882698,0.00240217,0.00144154,0.00144389,0.00144409,0.00144719,633.022,0.0003
25.615,6724420.0,4339360.0,4139230.0,1271390.0,8.48491e-05,0.000906714,0.00242611,0.00144163,0.00144398,0.00144418,0.00144727,633.022,0.0003
25.62,6724630.0,4339470.0,4139340.0,1271400.0,8.48503e-05,0.000914592,0.00243396,0.00144165,0.001444,0.0014442,0.0014473,624.635,0.0003
25.625,6723230.0,4338680.0,4138590.0,1271380.0,8.48416e-05,0.000860614,0.00238016,0.00144147,0.00144382,0.00144402,0.00144711,626.034,0.0003
25.63,6723230.0,4338680.0,4138590.0,1271380.0,8.48416e-05,0.000860614,0.00238016,0.00144147,0.00144382,0.00144402,0.00144711,630.299,0.0003
25.635,6723940.0,4339080.0,4138970.0,1271390.0,8.4846e-05,0.000888062,0.00240752,0.00144156,0.00144391,0.00144411,0.00144721,630.299,0.0003
25.64,6724170.0,4339220.0,4139090.0,1271390.0,8.48475e-05,0.000897065,0.00241649,0.00144159,0.00144394,0.00144414,0.00144724,628.187,0.0003
25.645,6723820.0,4339020.0,4138910.0,1271390.0,8.48453e-05,0.000883474,0.00240294,0.00144155,0.0014439,0.0014441,0.00144719,628.37,0.0003
25.65,6723820.0,4339020.0,4138910.0,1271390.0,8.48453e-05,0.000883474,0.00240294,0.00144155,0.0014439,0.0014441,0.00144719,628.928,0.0003
25.655,6723910.0,4339070.0,4138960.0,1271390.0,8.48459e-05,0.000887067,0.00240653,0.00144156,0.00144391,0.00144411,0.0014472,628.928,0.0003
25.66,6723940.0,4339090.0,4138970.0,1271390.0,8.48461e-05,0.000888245,0.0024077,0.00144156,0.00144391,0.00144411,0.00144721,628.292,0.0003
25.665,6723840.0,4339030.0,4138920.0,1271390.0,8.48454e-05,0.000884151,0.00240362,0.00144155,0.0014439,0.0014441,0.00144719,629.089,0.0003
25.67,6723840.0,4339030.0,4138920.0,1271390.0,8.48454e-05,0.000884151,0.00240362,0.00144155,0.0014439,0.0014441,0.00144719,631.518,0.0003
25.675,6724240.0,4339260.0,4139130.0,1271390.0,8.48479e-05,0.000899786,0.0024192,0.0014416,0.00144395,0.00144415,0.00144725,631.518,0.0003
25.68,6724380.0,4339330.0,4139200.0,1271390.0,8.48488e-05,0.000904914,0.00242431,0.00144162,0.00144397,0.00144417,0.00144726,628.982,0.0003
25.685,6723950.0,4339090.0,4138980.0,1271390.0,8.48461e-05,0.000888592,0.00240805,0.00144156,0.00144391,0.00144411,0.00144721,629.526,0.0003
25.69,6723950.0,4339090.0,4138980.0,1271390.0,8.48461e-05,0.000888592,0.00240805,0.00144156,0.00144391,0.00144411,0.00144721,631.186,0.0003
25.695,6724230.0,4339250.0,4139120.0,1271390.0,8.48479e-05,0.000899271,0.00241869,0.0014416,0.00144395,0.00144415,0.00144724,631.186,0.0003
25.7,6724320.0,4339300.0,4139170.0,1271390.0,8.48484e-05,0.000902774,0.00242218,0.00144161,0.00144396,0.00144416,0.00144726,626.672,0.0003
25.705,6723570.0,4338870.0,4138770.0,1271390.0,8.48437e-05,0.000873725,0.00239323,0.00144151,0.00144386,0.00144406,0.00144716,627.894,0.0003
25.71,6723570.0,4338870.0,4138770.0,1271390.0,8.48437e-05,0.000873725,0.00239323,0.00144151,0.00144386,0.00144406,0.00144716,631.62,0.0003
25.715,6724190.0,4339230.0,4139100.0,1271390.0,8.48476e-05,0.000897702,0.00241712,0.0014416,0.00144394,0.00144415,0.00144724,631.62,0.0003
25.72,6724390.0,4339340.0,4139210.0,1271400.0,8.48489e-05,0.000905566,0.00242496,0.00144162,0.00144397,0.00144417,0.00144727,628.85,0.0003
25.725,6723930.0,4339080.0,4138960.0,1271390.0,8.4846e-05,0.000887744,0.0024072,0.00144156,0.00144391,0.00144411,0.00144721,628.546,0.0003
25.73,6723930.0,4339080.0,4138970.0,1271390.0,8.4846e-05,0.000887744,0.0024072,0.00144156,0.00144391,0.00144411,0.00144721,627.616,0.0003
25.735,6723770.0,4338990.0,4138880.0,1271390.0,8.4845e-05,0.000881761,0.00240124,0.00144154,0.00144389,0.00144409,0.00144719,627.616,0.0003
25.74,6723720.0,4338960.0,4138860.0,1271390.0,8.48447e-05,0.000879799,0.00239928,0.00144153,0.00144388,0.00144408,0.00144718,629.336,0.0003
25.745,6724010.0,4339120.0,4139010.0,1271390.0,8.48465e-05,0.000890871,0.00241032,0.00144157,0.00144392,0.00144412,0.00144722,629.312,0.0003
25.75,6724010.0,4339120.0,4139010.0,1271390.0,8.48465e-05,0.000890871,0.00241032,0.00144157,0.00144392,0.00144412,0.00144722,629.237,0.0003
25.755,6724000.0,4339120.0,4139000.0,1271390.0,8.48464e-05,0.000890392,0.00240984,0.00144157,0.00144392,0.00144412,0.00144721,629.237,0.0003
25.76,6723990.0,4339120.0,4139000.0,1271390.0,8.48464e-05,0.000890234,0.00240968,0.00144157,0.00144392,0.00144412,0.00144721,627.778,0.0003
25.765,6723750.0,4338980.0,4138870.0,1271390.0,8.48449e-05,0.00088084,0.00240032,0.00144154,0.00144389,0.00144409,0.00144718,627.693,0.0003
25.77,6723750.0,4338980.0,4138870.0,1271390.0,8.48449e-05,0.00088084,0.00240032,0.00144154,0.00144389,0.00144409,0.00144718,627.436,0.0003
25.775,6723710.0,4338950.0,4138850.0,1271390.0,8.48446e-05,0.000879182,0.00239867,0.00144153,0.00144388,0.00144408,0.00144718,627.436,0.0003
25.78,6723690.0,4338940.0,4138840.0,1271390.0,8.48445e-05,0.000878638,0.00239813,0.00144153,0.00144388,0.00144408,0.00144717,627.508,0.0003
25.785,6723710.0,4338950.0,4138850.0,1271390.0,8.48446e-05,0.000879105,0.00239859,0.00144153,0.00144388,0.00144408,0.00144718,627.507,0.0003
25.79,6723710.0,4338950.0,4138850.0,1271390.0,8.48446e-05,0.000879105,0.00239859,0.00144153,0.00144388,0.00144408,0.00144718,627.502,0.0003
25.795,6723710.0,4338950.0,4138850.0,1271390.0,8.48446e-05,0.000879075,0.00239856,0.00144153,0.00144388,0.00144408,0.00144718,627.502,0.0003
25.8,6723700.0,4338950.0,4138850.0,1271390.0,8.48446e-05,0.000879065,0.00239855,0.00144153,0.00144388,0.00144408,0.00144718,626.725,0.0003
25.805,6723580.0,4338880.0,4138780.0,1271390.0,8.48438e-05,0.000874066,0.00239357,0.00144152,0.00144386,0.00144406,0.00144716,628.015,0.0003
25.81,6723580.0,4338880.0,4138780.0,1271390.0,8.48438e-05,0.000874066,0.00239357,0.00144152,0.00144386,0.00144406,0.00144716,631.949,0.0003
25.815,6724230.0,4339250.0,4139130.0,1271390.0,8.48479e-05,0.000899382,0.0024188,0.0014416,0.00144395,0.00144415,0.00144725,631.949,0.0003
25.82,6724450.0,4339370.0,4139240.0,1271400.0,8.48492e-05,0.000907685,0.00242707,0.00144163,0.00144398,0.00144418,0.00144727,631.05,0.0003
25.825,6724300.0,4339290.0,4139160.0,1271400.0,8.48483e-05,0.000901902,0.00242131,0.00144161,0.00144396,0.00144416,0.00144725,630.467,0.0003
25.83,6724300.0,4339290.0,4139160.0,1271400.0,8.48483e-05,0.000901902,0.00242131,0.00144161,0.00144396,0.00144416,0.00144725,628.687,0.0003
25.835,6724000.0,4339120.0,4139000.0,1271390.0,8.48464e-05,0.000890451,0.0024099,0.00144157,0.00144392,0.00144412,0.00144721,628.687,0.0003
25.84,6723900.0,4339060.0,4138950.0,1271390.0,8.48458e-05,0.000886696,0.00240616,0.00144156,0.00144391,0.00144411,0.0014472,627.602,0.0003
25.845,6723720.0,4338960.0,4138850.0,1271390.0,8.48447e-05,0.000879711,0.0023992,0.00144153,0.00144388,0.00144408,0.00144718,627.527,0.0003
25.85,6723720.0,4338960.0,4138850.0,1271390.0,8.48447e-05,0.000879711,0.0023992,0.00144153,0.00144388,0.00144408,0.00144718,627.296,0.0003
25.855,6723680.0,4338940.0,4138830.0,1271390.0,8.48444e-05,0.000878225,0.00239771,0.00144153,0.00144388,0.00144408,0.00144717,627.296,0.0003
25.86,6723670.0,4338930.0,4138830.0,1271390.0,8.48444e-05,0.000877737,0.00239723,0.00144153,0.00144388,0.00144408,0.00144717,625.908,0.0003
25.865,6723440.0,4338800.0,4138700.0,1271390.0,8.48429e-05,0.000868808,0.00238833,0.0014415,0.00144385,0.00144405,0.00144714,626.829,0.0003
25.87,6723440.0,4338800.0,4138700.0,1271390.0,8.48429e-05,0.000868808,0.00238833,0.0014415,0.00144385,0.00144405,0.00144714,629.637,0.0003
25.875,6723910.0,4339070.0,4138950.0,1271390.0,8.48458e-05,0.00088688,0.00240634,0.00144156,0.00144391,0.00144411,0.0014472,629.637,0.0003
25.88,6724060.0,4339150.0,4139040.0,1271390.0,8.48468e-05,0.000892808,0.00241225,0.00144158,0.00144393,0.00144413,0.00144722,630.098,0.0003
25.885,6724140.0,4339200.0,4139080.0,1271390.0,8.48473e-05,0.000895773,0.0024152,0.00144159,0.00144394,0.00144414,0.00144723,630.344,0.0003
25.89,6724140.0,4339200.0,4139080.0,1271390.0,8.48473e-05,0.000895773,0.0024152,0.00144159,0.00144394,0.00144414,0.00144723,631.094,0.0003
25.895,6724260.0,4339270.0,4139140.0,1271400.0,8.48481e-05,0.000900598,0.00242001,0.0014416,0.00144395,0.00144415,0.00144725,631.094,0.0003
25.9,6724310.0,4339290.0,4139170.0,1271400.0,8.48483e-05,0.000902181,0.00242159,0.00144161,0.00144396,0.00144416,0.00144725,629.986,0.0003
25.905,6724120.0,4339190.0,4139070.0,1271390.0,8.48472e-05,0.000895056,0.00241449,0.00144159,0.00144394,0.00144414,0.00144723,629.313,0.0003
25.91,6724120.0,4339190.0,4139070.0,1271390.0,8.48472e-05,0.000895056,0.00241449,0.00144159,0.00144394,0.00144414,0.00144723,627.259,0.0003
25.915,6723780.0,4338990.0,4138880.0,1271390.0,8.4845e-05,0.000881838,0.00240132,0.00144154,0.00144389,0.00144409,0.00144719,627.259,0.0003
25.92,6723660.0,4338930.0,4138820.0,1271390.0,8.48443e-05,0.000877503,0.00239699,0.00144153,0.00144388,0.00144408,0.00144717,629.353,0.0003
25.925,6724010.0,4339130.0,4139010.0,1271390.0,8.48465e-05,0.000890978,0.00241042,0.00144157,0.00144392,0.00144412,0.00144722,628.968,0.0003
25.93,6724010.0,4339130.0,4139010.0,1271390.0,8.48465e-05,0.000890978,0.00241042,0.00144157,0.00144392,0.00144412,0.00144722,627.793,0.0003
25.935,6723820.0,4339020.0,4138910.0,1271390.0,8.48453e-05,0.000883417,0.00240289,0.00144155,0.0014439,0.0014441,0.00144719,627.793,0.0003
25.94,6723750.0,4338980.0,4138870.0,1271390.0,8.48449e-05,0.000880937,0.00240042,0.00144154,0.00144389,0.00144409,0.00144718,626.953,0.0003
25.945,6723610.0,4338900.0,4138800.0,1271390.0,8.4844e-05,0.00087553,0.00239503,0.00144152,0.00144387,0.00144407,0.00144716,626.96,0.0003
25.95,6723610.0,4338900.0,4138800.0,1271390.0,8.4844e-05,0.00087553,0.00239503,0.00144152,0.00144387,0.00144407,0.00144716,626.984,0.0003
25.955,6723620.0,4338900.0,4138800.0,1271390.0,8.4844e-05,0.000875683,0.00239518,0.00144152,0.00144387,0.00144407,0.00144716,626.984,0.0003
25.96,6723620.0,4338900.0,4138800.0,1271390.0,8.4844e-05,0.000875734,0.00239523,0.00144152,0.00144387,0.00144407,0.00144716,627.31,0.0003
25.965,6723670.0,4338930.0,4138830.0,1271390.0,8.48444e-05,0.000877832,0.00239732,0.00144153,0.00144388,0.00144408,0.00144717,627.009,0.0003
25.97,6723670.0,4338930.0,4138830.0,1271390.0,8.48444e-05,0.000877832,0.00239732,0.00144153,0.00144388,0.00144408,0.00144717,626.091,0.0003
25.975,6723520.0,4338850.0,4138750.0,1271390.0,8.48434e-05,0.000871922,0.00239143,0.00144151,0.00144386,0.00144406,0.00144715,626.091,0.0003
25.98,6723470.0,4338820.0,4138720.0,1271390.0,8.48431e-05,0.000869983,0.0023895,0.0014415,0.00144385,0.00144405,0.00144714,624.314,0.0003
25.985,6723170.0,4338650.0,4138560.0,1271380.0,8.48413e-05,0.000858545,0.0023781,0.00144146,0.00144381,0.00144401,0.00144711,625.271,0.0003
25.99,6723170.0,4338650.0,4138560.0,1271380.0,8.48413e-05,0.000858545,0.0023781,0.00144146,0.00144381,0.00144401,0.00144711,628.188,0.0003
25.995,6723660.0,4338930.0,4138820.0,1271390.0,8.48443e-05,0.000877324,0.00239682,0.00144153,0.00144388,0.00144408,0.00144717,628.188,0.0003
26.0,6723820.0,4339020.0,4138910.0,1271390.0,8.48453e-05,0.000883483,0.00240295,0.00144155,0.0014439,0.0014441,0.00144719,628.969,0.0003
26.005,6723950.0,4339090.0,4138980.0,1271390.0,8.48461e-05,0.000888508,0.00240796,0.00144156,0.00144391,0.00144411,0.00144721,629.038,0.0003
26.01,6723950.0,4339090.0,4138980.0,1271390.0,8.48461e-05,0.000888508,0.00240796,0.00144156,0.00144391,0.00144411,0.00144721,629.25,0.0003
26.015,6723990.0,4339110.0,4139000.0,1271390.0,8.48463e-05,0.000889868,0.00240932,0.00144157,0.00144392,0.00144412,0.00144721,629.25,0.0003
26.02,6724000.0,4339120.0,4139000.0,1271390.0,8.48464e-05,0.000890315,0.00240976,0.00144157,0.00144392,0.00144412,0.00144721,630.092,0.0003
26.025,6724140.0,4339200.0,4139080.0,1271400.0,8.48473e-05,0.000895735,0.00241516,0.00144159,0.00144394,0.00144414,0.00144723,629.916,0.0003
26.03,6724140.0,4339200.0,4139080.0,1271400.0,8.48473e-05,0.000895735,0.00241516,0.00144159,0.00144394,0.00144414,0.00144723,629.379,0.0003
26.035,6724050.0,4339150.0,4139030.0,1271400.0,8.48467e-05,0.00089228,0.00241172,0.00144158,0.00144393,0.00144413,0.00144722,629.379,0.0003
26.04,6724020.0,4339130.0,4139010.0,1271390.0,8.48465e-05,0.000891146,0.00241059,0.00144157,0.00144392,0.00144412,0.00144722,626.994,0.0003
26.045,6723620.0,4338900.0,4138800.0,1271390.0,8.48441e-05,0.000875794,0.00239529,0.00144152,0.00144387,0.00144407,0.00144716,627.678,0.0003
26.05,6723620.0,4338900.0,4138800.0,1271390.0,8.48441e-05,0.000875794,0.00239529,0.00144152,0.00144387,0.00144407,0.00144716,629.767,0.0003
26.055,6723970.0,4339100.0,4138990.0,1271390.0,8.48462e-05,0.000889234,0.00240868,0.00144157,0.00144392,0.00144412,0.00144721,629.767,0.0003
26.06,6724080.0,4339170.0,4139050.0,1271400.0,8.48469e-05,0.000893642,0.00241308,0.00144158,0.00144393,0.00144413,0.00144723,629.623,0.0003
26.065,6724060.0,4339150.0,4139040.0,1271400.0,8.48468e-05,0.000892719,0.00241216,0.00144158,0.00144393,0.00144413,0.00144722,628.221,0.0003
26.07,6724060.0,4339150.0,4139040.0,1271400.0,8.48468e-05,0.000892719,0.00241216,0.00144158,0.00144393,0.00144413,0.00144722,623.946,0.0003
26.075,6723340.0,4338750.0,4138660.0,1271390.0,8.48423e-05,0.000865203,0.00238474,0.00144149,0.00144383,0.00144403,0.00144713,623.946,0.0003
26.08,6723110.0,4338610.0,4138530.0,1271380.0,8.48409e-05,0.000856178,0.00237574,0.00144145,0.0014438,0.001444,0.0014471,629.722,0.0003
26.085,6724080.0,4339160.0,4139040.0,1271400.0,8.48469e-05,0.000893357,0.00241279,0.00144158,0.00144393,0.00144413,0.00144722,629.7,0.0003
26.09,6724080.0,4339160.0,4139040.0,1271400.0,8.48469e-05,0.000893357,0.00241279,0.00144158,0.00144393,0.00144413,0.00144722,629.631,0.0003
26.095,6724060.0,4339160.0,4139040.0,1271400.0,8.48468e-05,0.000892915,0.00241235,0.00144158,0.00144393,0.00144413,0.00144722,629.631,0.0003
26.1,6724060.0,4339150.0,4139040.0,1271400.0,8.48468e-05,0.00089277,0.00241221,0.00144158,0.00144393,0.00144413,0.00144722,625.264,0.0003
26.105,6723330.0,4338740.0,4138650.0,1271390.0,8.48423e-05,0.00086466,0.00238419,0.00144148,0.00144383,0.00144403,0.00144713,625.824,0.0003
26.11,6723330.0,4338740.0,4138650.0,1271390.0,8.48423e-05,0.00086466,0.00238419,0.00144148,0.00144383,0.00144403,0.00144713,627.532,0.0003
26.115,6723620.0,4338900.0,4138800.0,1271390.0,8.4844e-05,0.000875655,0.00239515,0.00144152,0.00144387,0.00144407,0.00144716,627.532,0.0003
26.12,6723710.0,4338960.0,4138850.0,1271390.0,8.48446e-05,0.000879262,0.00239875,0.00144153,0.00144388,0.00144408,0.00144718,628.381,0.0003
26.125,6723850.0,4339040.0,4138930.0,1271390.0,8.48455e-05,0.000884725,0.00240419,0.00144155,0.0014439,0.0014441,0.00144719,628.067,0.0003
26.13,6723850.0,4339040.0,4138930.0,1271390.0,8.48455e-05,0.000884725,0.00240419,0.00144155,0.0014439,0.0014441,0.00144719,627.109,0.0003
26.135,6723690.0,4338950.0,4138840.0,1271390.0,8.48445e-05,0.000878559,0.00239805,0.00144153,0.00144388,0.00144408,0.00144717,627.109,0.0003
26.14,6723640.0,4338920.0,4138810.0,1271390.0,8.48442e-05,0.000876537,0.00239603,0.00144152,0.00144387,0.00144407,0.00144717,626.821,0.0003
26.145,6723590.0,4338890.0,4138790.0,1271390.0,8.48439e-05,0.000874686,0.00239419,0.00144152,0.00144387,0.00144407,0.00144716,626.833,0.0003
26.15,6723590.0,4338890.0,4138790.0,1271390.0,8.48439e-05,0.000874686,0.00239419,0.00144152,0.00144387,0.00144407,0.00144716,626.868,0.0003
26.155,6723600.0,4338890.0,4138790.0,1271390.0,8.48439e-05,0.00087491,0.00239441,0.00144152,0.00144387,0.00144407,0.00144716,626.868,0.0003
26.16,6723600.0,4338890.0,4138790.0,1271390.0,8.48439e-05,0.000874983,0.00239448,0.00144152,0.00144387,0.00144407,0.00144716,624.47,0.0003
26.165,6723200.0,4338660.0,4138580.0,1271390.0,8.48414e-05,0.00085955,0.0023791,0.00144147,0.00144381,0.00144402,0.00144711,625.179,0.0003
26.17,6723200.0,4338660.0,4138580.0,1271390.0,8.48414e-05,0.00085955,0.0023791,0.00144147,0.00144381,0.00144402,0.00144711,627.342,0.0003
26.175,6723560.0,4338870.0,4138770.0,1271390.0,8.48437e-05,0.000873472,0.00239298,0.00144151,0.00144386,0.00144406,0.00144716,627.342,0.0003
26.18,6723680.0,4338940.0,4138830.0,1271390.0,8.48444e-05,0.000878039,0.00239753,0.00144153,0.00144388,0.00144408,0.00144717,629.89,0.0003
26.185,6724100.0,4339180.0,4139060.0,1271400.0,8.48471e-05,0.000894435,0.00241387,0.00144158,0.00144393,0.00144413,0.00144723,629.034,0.0003
26.19,6724100.0,4339180.0,4139060.0,1271400.0,8.48471e-05,0.000894435,0.00241387,0.00144158,0.00144393,0.00144413,0.00144723,626.427,0.0003
26.195,6723670.0,4338930.0,4138830.0,1271390.0,8.48444e-05,0.00087765,0.00239714,0.00144153,0.00144388,0.00144408,0.00144717,626.427,0.0003
26.2,6723530.0,4338850.0,4138750.0,1271390.0,8.48435e-05,0.000872145,0.00239165,0.00144151,0.00144386,0.00144406,0.00144715,629.914,0.0003
26.205,6724110.0,4339180.0,4139060.0,1271400.0,8.48471e-05,0.000894592,0.00241402,0.00144158,0.00144393,0.00144413,0.00144723,629.162,0.0003
26.21,6724110.0,4339180.0,4139060.0,1271400.0,8.48471e-05,0.000894592,0.00241402,0.00144158,0.00144393,0.00144413,0.00144723,626.868,0.0003
26.215,6723720.0,4338960.0,4138860.0,1271390.0,8.48447e-05,0.000879831,0.00239931,0.00144153,0.00144388,0.00144408,0.00144718,626.868,0.0003
26.22,6723600.0,4338890.0,4138790.0,1271390.0,8.48439e-05,0.000874989,0.00239449,0.00144152,0.00144387,0.00144407,0.00144716,630.741,0.0003
26.225,6724250.0,4339260.0,4139140.0,1271400.0,8.4848e-05,0.000899915,0.00241933,0.0014416,0.00144395,0.00144415,0.00144725,629.63,0.0003
26.23,6724250.0,4339260.0,4139140.0,1271400.0,8.4848e-05,0.000899915,0.00241933,0.0014416,0.00144395,0.00144415,0.00144725,626.242,0.0003
26.235,6723680.0,4338940.0,4138830.0,1271390.0,8.48444e-05,0.00087811,0.0023976,0.00144153,0.00144388,0.00144408,0.00144717,626.242,0.0003
26.24,6723490.0,4338830.0,4138740.0,1271390.0,8.48433e-05,0.000870958,0.00239047,0.0014415,0.00144385,0.00144405,0.00144715,629.78,0.0003
26.245,6724090.0,4339170.0,4139050.0,1271400.0,8.4847e-05,0.000893726,0.00241316,0.00144158,0.00144393,0.00144413,0.00144723,629.769,0.0003
26.25,6724090.0,4339170.0,4139050.0,1271400.0,8.4847e-05,0.000893726,0.00241316,0.00144158,0.00144393,0.00144413,0.00144723,629.736,0.0003
26.255,6724080.0,4339170.0,4139050.0,1271400.0,8.48469e-05,0.000893514,0.00241295,0.00144158,0.00144393,0.00144413,0.00144722,629.736,0.0003
26.26,6724080.0,4339170.0,4139050.0,1271400.0,8.48469e-05,0.000893444,0.00241288,0.00144158,0.00144393,0.00144413,0.00144722,625.491,0.0003
26.265,6723370.0,4338760.0,4138670.0,1271390.0,8.48425e-05,0.000866123,0.00238565,0.00144149,0.00144384,0.00144404,0.00144713,626.462,0.0003
26.27,6723370.0,4338760.0,4138670.0,1271390.0,8.48425e-05,0.000866123,0.00238565,0.00144149,0.00144384,0.00144404,0.00144713,629.424,0.0003
26.275,6723860.0,4339040.0,4138930.0,1271400.0,8.48456e-05,0.000885185,0.00240465,0.00144155,0.0014439,0.0014441,0.0014472,629.424,0.0003
26.28,6724030.0,4339140.0,4139020.0,1271400.0,8.48466e-05,0.000891437,0.00241088,0.00144157,0.00144392,0.00144412,0.00144722,626.66,0.0003
26.285,6723560.0,4338870.0,4138770.0,1271390.0,8.48437e-05,0.000873646,0.00239315,0.00144151,0.00144386,0.00144406,0.00144716,627.686,0.0003
26.29,6723560.0,4338870.0,4138770.0,1271390.0,8.48437e-05,0.000873646,0.00239315,0.00144151,0.00144386,0.00144406,0.00144716,630.816,0.0003
26.295,6724090.0,4339170.0,4139050.0,1271400.0,8.4847e-05,0.000893788,0.00241322,0.00144158,0.00144393,0.00144413,0.00144723,630.816,0.0003
26.3,6724260.0,4339270.0,4139140.0,1271400.0,8.4848e-05,0.000900394,0.00241981,0.0014416,0.00144395,0.00144415,0.00144725,628.102,0.0003
26.305,6723810.0,4339010.0,4138900.0,1271400.0,8.48452e-05,0.000882926,0.0024024,0.00144154,0.00144389,0.00144409,0.00144719,627.72,0.0003
26.31,6723810.0,4339010.0,4138900.0,1271400.0,8.48452e-05,0.000882926,0.0024024,0.00144154,0.00144389,0.00144409,0.00144719,626.558,0.0003
26.315,6723610.0,4338900.0,4138800.0,1271390.0,8.4844e-05,0.000875445,0.00239494,0.00144152,0.00144387,0.00144407,0.00144716,626.558,0.0003
26.32,6723550.0,4338860.0,4138760.0,1271390.0,8.48436e-05,0.000872991,0.0023925,0.00144151,0.00144386,0.00144406,0.00144715,630.115,0.0003
26.325,6724140.0,4339200.0,4139080.0,1271400.0,8.48473e-05,0.00089588,0.00241531,0.00144159,0.00144394,0.00144414,0.00144723,630.146,0.0003
26.33,6724140.0,4339200.0,4139080.0,1271400.0,8.48473e-05,0.00089588,0.00241531,0.00144159,0.00144394,0.00144414,0.00144723,630.244,0.0003
26.335,6724160.0,4339210.0,4139090.0,1271400.0,8.48474e-05,0.000896508,0.00241593,0.00144159,0.00144394,0.00144414,0.00144723,630.244,0.0003
26.34,6724160.0,4339210.0,4139090.0,1271400.0,8.48474e-05,0.000896713,0.00241614,0.00144159,0.00144394,0.00144414,0.00144724,623.462,0.0003
26.345,6723030.0,4338570.0,4138490.0,1271390.0,8.48404e-05,0.000853065,0.00237264,0.00144144,0.00144379,0.00144399,0.00144709,624.24,0.0003
26.35,6723030.0,4338570.0,4138490.0,1271390.0,8.48404e-05,0.000853065,0.00237264,0.00144144,0.00144379,0.00144399,0.00144709,626.613,0.0003
26.355,6723430.0,4338800.0,4138700.0,1271390.0,8.48428e-05,0.000868336,0.00238786,0.0014415,0.00144384,0.00144404,0.00144714,626.613,0.0003
26.36,6723560.0,4338870.0,4138770.0,1271390.0,8.48437e-05,0.000873345,0.00239285,0.00144151,0.00144386,0.00144406,0.00144716,626.743,0.0003
26.365,6723580.0,4338880.0,4138780.0,1271390.0,8.48438e-05,0.000874179,0.00239368,0.00144151,0.00144386,0.00144406,0.00144716,628.202,0.0003
26.37,6723580.0,4338880.0,4138780.0,1271390.0,8.48438e-05,0.000874179,0.00239368,0.00144151,0.00144386,0.00144406,0.00144716,632.652,0.0003
26.375,6724320.0,4339300.0,4139180.0,1271400.0,8.48484e-05,0.000902818,0.00242222,0.00144161,0.00144396,0.00144416,0.00144726,632.652,0.0003
26.38,6724570.0,4339440.0,4139310.0,1271400.0,8.48499e-05,0.000912212,0.00243158,0.00144164,0.00144399,0.00144419,0.00144729,628.292,0.0003
26.385,6723840.0,4339030.0,4138920.0,1271400.0,8.48454e-05,0.000884149,0.00240362,0.00144155,0.0014439,0.0014441,0.00144719,627.513,0.0003
26.39,6723840.0,4339030.0,4138920.0,1271400.0,8.48454e-05,0.000884149,0.00240362,0.00144155,0.0014439,0.0014441,0.00144719,625.138,0.0003
26.395,6723440.0,4338800.0,4138710.0,1271390.0,8.48429e-05,0.000868865,0.00238838,0.0014415,0.00144385,0.00144405,0.00144714,625.138,0.0003
26.4,6723310.0,4338730.0,4138640.0,1271390.0,8.48421e-05,0.000863851,0.00238339,0.00144148,0.00144383,0.00144403,0.00144712,630.149,0.0003
26.405,6724150.0,4339210.0,4139080.0,1271400.0,8.48473e-05,0.0008961,0.00241553,0.00144159,0.00144394,0.00144414,0.00144723,629.837,0.0003
26.41,6724150.0,4339210.0,4139080.0,1271400.0,8.48473e-05,0.0008961,0.00241553,0.00144159,0.00144394,0.00144414,0.00144723,628.885,0.0003
26.415,6723990.0,4339110.0,4139000.0,1271400.0,8.48463e-05,0.000889978,0.00240943,0.00144157,0.00144392,0.00144412,0.00144721,628.885,0.0003
26.42,6723940.0,4339090.0,4138970.0,1271400.0,8.4846e-05,0.00088797,0.00240742,0.00144156,0.00144391,0.00144411,0.00144721,631.948,0.0003
26.425,6724450.0,4339380.0,4139240.0,1271400.0,8.48492e-05,0.000907679,0.00242707,0.00144163,0.00144398,0.00144418,0.00144727,631.797,0.0003
26.43,6724450.0,4339380.0,4139240.0,1271400.0,8.48492e-05,0.000907679,0.00242707,0.00144163,0.00144398,0.00144418,0.00144727,631.339,0.0003
26.435,6724370.0,4339330.0,4139200.0,1271400.0,8.48487e-05,0.00090473,0.00242413,0.00144162,0.00144397,0.00144417,0.00144726,631.339,0.0003
26.44,6724350.0,4339320.0,4139190.0,1271400.0,8.48486e-05,0.000903763,0.00242316,0.00144161,0.00144396,0.00144416,0.00144726,628.766,0.0003
26.445,6723920.0,4339070.0,4138960.0,1271400.0,8.48459e-05,0.000887203,0.00240666,0.00144156,0.00144391,0.00144411,0.0014472,629.074,0.0003
26.45,6723920.0,4339070.0,4138960.0,1271400.0,8.48459e-05,0.000887203,0.00240666,0.00144156,0.00144391,0.00144411,0.0014472,630.011,0.0003
26.455,6724070.0,4339160.0,4139040.0,1271400.0,8.48469e-05,0.000893234,0.00241267,0.00144158,0.00144393,0.00144413,0.00144722,630.011,0.0003
26.46,6724120.0,4339190.0,4139070.0,1271400.0,8.48472e-05,0.000895212,0.00241464,0.00144159,0.00144394,0.00144414,0.00144723,627.706,0.0003
26.465,6723740.0,4338970.0,4138870.0,1271400.0,8.48448e-05,0.000880382,0.00239986,0.00144154,0.00144389,0.00144409,0.00144718,628.605,0.0003
26.47,6723740.0,4338970.0,4138870.0,1271400.0,8.48448e-05,0.000880382,0.00239986,0.00144154,0.00144389,0.00144409,0.00144718,631.346,0.0003
26.475,6724200.0,4339230.0,4139110.0,1271400.0,8.48477e-05,0.000898023,0.00241744,0.0014416,0.00144394,0.00144415,0.00144724,631.346,0.0003
26.48,6724350.0,4339320.0,4139190.0,1271400.0,8.48486e-05,0.000903809,0.00242321,0.00144161,0.00144396,0.00144416,0.00144726,631.998,0.0003
26.485,6724460.0,4339380.0,4139250.0,1271400.0,8.48493e-05,0.000908002,0.00242739,0.00144163,0.00144398,0.00144418,0.00144727,632.203,0.0003
26.49,6724460.0,4339380.0,4139250.0,1271400.0,8.48493e-05,0.000908002,0.00242739,0.00144163,0.00144398,0.00144418,0.00144727,632.827,0.0003
26.495,6724560.0,4339440.0,4139300.0,1271410.0,8.48499e-05,0.000912022,0.0024314,0.00144164,0.00144399,0.00144419,0.00144729,632.827,0.0003
26.5,6724590.0,4339460.0,4139320.0,1271410.0,8.48501e-05,0.000913341,0.00243271,0.00144165,0.001444,0.0014442,0.00144729,627.138,0.0003
26.505,6723640.0,4338920.0,4138820.0,1271400.0,8.48442e-05,0.000876727,0.00239622,0.00144152,0.00144387,0.00144407,0.00144717,627.447,0.0003
26.51,6723640.0,4338920.0,4138820.0,1271400.0,8.48442e-05,0.000876727,0.00239622,0.00144152,0.00144387,0.00144407,0.00144717,628.388,0.0003
26.515,6723800.0,4339010.0,4138900.0,1271400.0,8.48452e-05,0.000882781,0.00240225,0.00144154,0.00144389,0.00144409,0.00144719,628.388,0.0003
26.52,6723850.0,4339040.0,4138930.0,1271400.0,8.48455e-05,0.000884767,0.00240423,0.00144155,0.0014439,0.0014441,0.00144719,629.877,0.0003
26.525,6724100.0,4339180.0,4139060.0,1271400.0,8.48471e-05,0.000894352,0.00241379,0.00144158,0.00144393,0.00144413,0.00144723,630.374,0.0003
26.53,6724100.0,4339180.0,4139060.0,1271400.0,8.48471e-05,0.000894352,0.00241379,0.00144158,0.00144393,0.00144413,0.00144723,631.89,0.0003
26.535,6724360.0,4339320.0,4139200.0,1271400.0,8.48486e-05,0.000904108,0.00242351,0.00144162,0.00144397,0.00144417,0.00144726,631.89,0.0003
26.54,6724440.0,4339370.0,4139240.0,1271410.0,8.48492e-05,0.000907308,0.0024267,0.00144163,0.00144398,0.00144418,0.00144727,630.468,0.0003
26.545,6724200.0,4339240.0,4139110.0,1271400.0,8.48477e-05,0.000898153,0.00241757,0.0014416,0.00144395,0.00144415,0.00144724,630.279,0.0003
26.55,6724200.0,4339240.0,4139110.0,1271400.0,8.48477e-05,0.000898153,0.00241757,0.0014416,0.00144395,0.00144415,0.00144724,629.703,0.0003
26.555,6724100.0,4339180.0,4139060.0,1271400.0,8.48471e-05,0.000894448,0.00241388,0.00144158,0.00144393,0.00144413,0.00144723,629.703,0.0003
26.56,6724070.0,4339160.0,4139050.0,1271400.0,8.48469e-05,0.000893233,0.00241267,0.00144158,0.00144393,0.00144413,0.00144722,630.733,0.0003
26.565,6724240.0,4339260.0,4139140.0,1271400.0,8.48479e-05,0.000899859,0.00241927,0.0014416,0.00144395,0.00144415,0.00144725,629.398,0.0003
26.57,6724240.0,4339260.0,4139140.0,1271400.0,8.48479e-05,0.000899859,0.00241927,0.0014416,0.00144395,0.00144415,0.00144725,625.327,0.0003
26.575,6723560.0,4338870.0,4138770.0,1271400.0,8.48437e-05,0.000873661,0.00239316,0.00144151,0.00144386,0.00144406,0.00144716,625.327,0.0003
26.58,6723340.0,4338750.0,4138660.0,1271390.0,8.48423e-05,0.000865069,0.0023846,0.00144148,0.00144383,0.00144403,0.00144713,626.547,0.0003
26.585,6723550.0,4338860.0,4138760.0,1271400.0,8.48436e-05,0.000872919,0.00239243,0.00144151,0.00144386,0.00144406,0.00144715,627.195,0.0003
26.59,6723550.0,4338860.0,4138760.0,1271400.0,8.48436e-05,0.000872919,0.00239243,0.00144151,0.00144386,0.00144406,0.00144715,629.173,0.0003
26.595,6723880.0,4339050.0,4138940.0,1271400.0,8.48456e-05,0.000885646,0.00240511,0.00144155,0.0014439,0.0014441,0.0014472,629.173,0.0003
26.6,6723980.0,4339110.0,4139000.0,1271400.0,8.48463e-05,0.00088982,0.00240927,0.00144157,0.00144392,0.00144412,0.00144721,627.916,0.0003
26.605,6723770.0,4338990.0,4138890.0,1271400.0,8.4845e-05,0.000881729,0.0024012,0.00144154,0.00144389,0.00144409,0.00144718,628.307,0.0003
26.61,6723770.0,4338990.0,4138890.0,1271400.0,8.4845e-05,0.000881729,0.0024012,0.00144154,0.00144389,0.00144409,0.00144718,629.499,0.0003
26.615,6723970.0,4339110.0,4138990.0,1271400.0,8.48463e-05,0.000889404,0.00240885,0.00144157,0.00144392,0.00144412,0.00144721,629.499,0.0003
26.62,6724040.0,4339140.0,4139030.0,1271400.0,8.48467e-05,0.000891922,0.00241136,0.00144157,0.00144392,0.00144412,0.00144722,627.934,0.0003
26.625,6723780.0,4339000.0,4138890.0,1271400.0,8.4845e-05,0.000881848,0.00240132,0.00144154,0.00144389,0.00144409,0.00144718,628.773,0.0003
26.63,6723780.0,4339000.0,4138890.0,1271400.0,8.4845e-05,0.000881848,0.00240132,0.00144154,0.00144389,0.00144409,0.00144718,631.331,0.0003
26.635,6724200.0,4339240.0,4139120.0,1271400.0,8.48477e-05,0.000898308,0.00241773,0.0014416,0.00144395,0.00144415,0.00144724,631.331,0.0003
26.64,6724340.0,4339320.0,4139190.0,1271410.0,8.48486e-05,0.000903708,0.00242311,0.00144161,0.00144396,0.00144416,0.00144726,628.004,0.0003
26.645,6723790.0,4339000.0,4138890.0,1271400.0,8.48451e-05,0.000882297,0.00240177,0.00144154,0.00144389,0.00144409,0.00144719,627.887,0.0003
26.65,6723790.0,4339000.0,4138890.0,1271400.0,8.48451e-05,0.000882297,0.00240177,0.00144154,0.00144389,0.00144409,0.00144719,627.533,0.0003
26.655,6723730.0,4338970.0,4138860.0,1271400.0,8.48447e-05,0.000880013,0.00239949,0.00144153,0.00144388,0.00144408,0.00144718,627.533,0.0003
26.66,6723710.0,4338960.0,4138850.0,1271400.0,8.48446e-05,0.000879264,0.00239875,0.00144153,0.00144388,0.00144408,0.00144718,628.889,0.0003
26.665,6723940.0,4339090.0,4138970.0,1271400.0,8.4846e-05,0.000887991,0.00240745,0.00144156,0.00144391,0.00144411,0.0014472,629.751,0.0003
26.67,6723940.0,4339090.0,4138970.0,1271400.0,8.4846e-05,0.000887991,0.00240745,0.00144156,0.00144391,0.00144411,0.0014472,632.381,0.0003
26.675,6724380.0,4339340.0,4139210.0,1271410.0,8.48488e-05,0.000904915,0.00242431,0.00144162,0.00144397,0.00144417,0.00144726,632.381,0.0003
26.68,6724520.0,4339420.0,4139280.0,1271410.0,8.48497e-05,0.000910466,0.00242984,0.00144164,0.00144399,0.00144419,0.00144728,628.966,0.0003
26.685,6723950.0,4339090.0,4138980.0,1271400.0,8.48461e-05,0.000888489,0.00240794,0.00144156,0.00144391,0.00144411,0.00144721,629.429,0.0003
26.69,6723950.0,4339090.0,4138980.0,1271400.0,8.48461e-05,0.000888489,0.00240794,0.00144156,0.00144391,0.00144411,0.00144721,630.842,0.0003
26.695,6724190.0,4339230.0,4139110.0,1271400.0,8.48476e-05,0.000897581,0.002417,0.00144159,0.00144394,0.00144414,0.00144724,630.842,0.0003
26.7,6724260.0,4339270.0,4139150.0,1271400.0,8.48481e-05,0.000900563,0.00241997,0.0014416,0.00144395,0.00144415,0.00144725,627.126,0.0003
26.705,6723640.0,4338920.0,4138820.0,1271400.0,8.48442e-05,0.000876647,0.00239614,0.00144152,0.00144387,0.00144407,0.00144717,626.895,0.0003
26.71,6723640.0,4338920.0,4138820.0,1271400.0,8.48442e-05,0.000876647,0.00239614,0.00144152,0.00144387,0.00144407,0.00144717,626.189,0.0003
26.715,6723520.0,4338850.0,4138750.0,1271400.0,8.48435e-05,0.000872105,0.00239161,0.00144151,0.00144386,0.00144406,0.00144715,626.189,0.0003
26.72,6723490.0,4338830.0,4138730.0,1271400.0,8.48432e-05,0.000870616,0.00239013,0.0014415,0.00144385,0.00144405,0.00144715,626.309,0.0003
26.725,6723510.0,4338840.0,4138740.0,1271400.0,8.48433e-05,0.000871391,0.0023909,0.00144151,0.00144385,0.00144405,0.00144715,626.98,0.0003
26.73,6723510.0,4338840.0,4138740.0,1271400.0,8.48433e-05,0.000871391,0.0023909,0.00144151,0.00144385,0.00144405,0.00144715,629.023,0.0003
26.735,6723850.0,4339040.0,4138930.0,1271400.0,8.48455e-05,0.000884541,0.00240401,0.00144155,0.0014439,0.0014441,0.00144719,629.023,0.0003
26.74,6723960.0,4339100.0,4138990.0,1271400.0,8.48462e-05,0.000888854,0.00240831,0.00144156,0.00144391,0.00144411,0.00144721,626.937,0.0003
26.745,6723610.0,4338900.0,4138800.0,1271400.0,8.4844e-05,0.000875431,0.00239493,0.00144152,0.00144387,0.00144407,0.00144716,627.259,0.0003
26.75,6723610.0,4338900.0,4138800.0,1271400.0,8.4844e-05,0.000875431,0.00239493,0.00144152,0.00144387,0.00144407,0.00144716,628.242,0.0003
26.755,6723770.0,4339000.0,4138890.0,1271400.0,8.4845e-05,0.000881757,0.00240123,0.00144154,0.00144389,0.00144409,0.00144718,628.242,0.0003
26.76,6723830.0,4339030.0,4138920.0,1271400.0,8.48454e-05,0.000883832,0.0024033,0.00144155,0.0014439,0.0014441,0.00144719,628.147,0.0003
26.765,6723810.0,4339020.0,4138910.0,1271400.0,8.48453e-05,0.00088322,0.00240269,0.00144154,0.00144389,0.00144409,0.00144719,627.54,0.0003
26.77,6723810.0,4339020.0,4138910.0,1271400.0,8.48453e-05,0.00088322,0.00240269,0.00144154,0.00144389,0.00144409,0.00144719,625.687,0.0003
26.775,6723500.0,4338840.0,4138740.0,1271400.0,8.48433e-05,0.000871297,0.00239081,0.0014415,0.00144385,0.00144405,0.00144715,625.687,0.0003
26.78,6723400.0,4338780.0,4138690.0,1271400.0,8.48427e-05,0.000867386,0.00238691,0.00144149,0.00144384,0.00144404,0.00144713,625.039,0.0003
26.785,6723290.0,4338720.0,4138630.0,1271390.0,8.4842e-05,0.000863214,0.00238275,0.00144148,0.00144383,0.00144403,0.00144712,626.664,0.0003
26.79,6723290.0,4338720.0,4138630.0,1271390.0,8.4842e-05,0.000863214,0.00238275,0.00144148,0.00144383,0.00144403,0.00144712,631.618,0.0003
26.795,6724120.0,4339190.0,4139070.0,1271400.0,8.48472e-05,0.000895101,0.00241453,0.00144158,0.00144393,0.00144413,0.00144723,631.618,0.0003
26.8,6724390.0,4339350.0,4139220.0,1271410.0,8.48489e-05,0.00090556,0.00242495,0.00144162,0.00144397,0.00144417,0.00144726,627.916,0.0003
26.805,6723770.0,4339000.0,4138890.0,1271400.0,8.4845e-05,0.000881734,0.00240121,0.00144154,0.00144389,0.00144409,0.00144718,627.845,0.0003
26.81,6723770.0,4339000.0,4138890.0,1271400.0,8.4845e-05,0.000881734,0.00240121,0.00144154,0.00144389,0.00144409,0.00144718,627.629,0.0003
26.815,6723740.0,4338970.0,4138870.0,1271400.0,8.48448e-05,0.00088034,0.00239982,0.00144154,0.00144388,0.00144408,0.00144718,627.629,0.0003
26.82,6723730.0,4338970.0,4138860.0,1271400.0,8.48447e-05,0.000879882,0.00239936,0.00144153,0.00144388,0.00144408,0.00144718,628.039,0.0003
26.825,6723790.0,4339010.0,4138900.0,1271400.0,8.48451e-05,0.000882525,0.002402,0.00144154,0.00144389,0.00144409,0.00144719,627.012,0.0003
26.83,6723790.0,4339010.0,4138900.0,1271400.0,8.48451e-05,0.000882525,0.002402,0.00144154,0.00144389,0.00144409,0.00144719,623.88,0.0003
26.835,6723270.0,4338710.0,4138620.0,1271390.0,8.48419e-05,0.000862369,0.00238191,0.00144147,0.00144382,0.00144402,0.00144712,623.88,0.0003
26.84,6723100.0,4338610.0,4138530.0,1271390.0,8.48408e-05,0.000855758,0.00237532,0.00144145,0.0014438,0.001444,0.00144709,629.533,0.0003
26.845,6724040.0,4339150.0,4139030.0,1271400.0,8.48467e-05,0.000892141,0.00241158,0.00144157,0.00144392,0.00144412,0.00144722,629.118,0.0003
26.85,6724040.0,4339150.0,4139030.0,1271400.0,8.48467e-05,0.000892141,0.00241158,0.00144157,0.00144392,0.00144412,0.00144722,627.852,0.0003
26.855,6723830.0,4339030.0,4138920.0,1271400.0,8.48454e-05,0.000883993,0.00240346,0.00144155,0.0014439,0.0014441,0.00144719,627.852,0.0003
26.86,6723760.0,4338990.0,4138880.0,1271400.0,8.48449e-05,0.000881321,0.0024008,0.00144154,0.00144389,0.00144409,0.00144718,629.513,0.0003
26.865,6724040.0,4339150.0,4139030.0,1271400.0,8.48467e-05,0.000892011,0.00241145,0.00144157,0.00144392,0.00144412,0.00144722,628.751,0.0003
26.87,6724040.0,4339150.0,4139030.0,1271400.0,8.48467e-05,0.000892011,0.00241145,0.00144157,0.00144392,0.00144412,0.00144722,626.429,0.0003
26.875,6723650.0,4338930.0,4138820.0,1271400.0,8.48443e-05,0.000877066,0.00239656,0.00144152,0.00144387,0.00144407,0.00144717,626.429,0.0003
26.88,6723530.0,4338850.0,4138760.0,1271400.0,8.48435e-05,0.000872164,0.00239167,0.00144151,0.00144386,0.00144406,0.00144715,618.888,0.0003
26.885,6722270.0,4338140.0,4138090.0,1271380.0,8.48356e-05,0.000823627,0.0023433,0.00144134,0.00144369,0.00144389,0.00144699,620.995,0.0003
26.89,6722270.0,4338140.0,4138090.0,1271380.0,8.48356e-05,0.000823627,0.0023433,0.00144134,0.00144369,0.00144389,0.00144699,627.421,0.0003
26.895,6723340.0,4338750.0,4138660.0,1271400.0,8.48423e-05,0.000864982,0.00238452,0.00144148,0.00144383,0.00144403,0.00144713,627.421,0.0003
26.9,6723690.0,4338950.0,4138840.0,1271400.0,8.48445e-05,0.000878547,0.00239803,0.00144153,0.00144388,0.00144408,0.00144717,627.664,0.0003
26.905,6723730.0,4338970.0,4138870.0,1271400.0,8.48448e-05,0.000880111,0.00239959,0.00144153,0.00144388,0.00144408,0.00144718,627.013,0.0003
26.91,6723730.0,4338970.0,4138870.0,1271400.0,8.48448e-05,0.000880111,0.00239959,0.00144153,0.00144388,0.00144408,0.00144718,625.027,0.0003
26.915,6723400.0,4338780.0,4138690.0,1271400.0,8.48427e-05,0.000867332,0.00238686,0.00144149,0.00144384,0.00144404,0.00144713,625.027,0.0003
26.92,6723290.0,4338720.0,4138630.0,1271400.0,8.4842e-05,0.00086314,0.00238268,0.00144148,0.00144383,0.00144403,0.00144712,630.113,0.0003
26.925,6724140.0,4339200.0,4139080.0,1271410.0,8.48473e-05,0.00089587,0.0024153,0.00144159,0.00144394,0.00144414,0.00144723,629.725,0.0003
26.93,6724140.0,4339200.0,4139080.0,1271410.0,8.48473e-05,0.00089587,0.0024153,0.00144159,0.00144394,0.00144414,0.00144723,628.543,0.0003
26.935,6723940.0,4339090.0,4138980.0,1271400.0,8.48461e-05,0.000888263,0.00240772,0.00144156,0.00144391,0.00144411,0.00144721,628.543,0.0003
26.94,6723880.0,4339060.0,4138940.0,1271400.0,8.48457e-05,0.000885768,0.00240523,0.00144155,0.0014439,0.0014441,0.0014472,630.48,0.0003
26.945,6724200.0,4339240.0,4139120.0,1271410.0,8.48477e-05,0.000898231,0.00241765,0.0014416,0.00144394,0.00144415,0.00144724,629.924,0.0003
26.95,6724200.0,4339240.0,4139120.0,1271410.0,8.48477e-05,0.000898231,0.00241765,0.0014416,0.00144394,0.00144415,0.00144724,628.228,0.0003
26.955,6723920.0,4339080.0,4138970.0,1271400.0,8.48459e-05,0.000887321,0.00240678,0.00144156,0.00144391,0.00144411,0.0014472,628.228,0.0003
26.96,6723830.0,4339030.0,4138920.0,1271400.0,8.48453e-05,0.000883742,0.00240321,0.00144155,0.0014439,0.0014441,0.00144719,624.89,0.0003
26.965,6723270.0,4338710.0,4138620.0,1271400.0,8.48419e-05,0.000862254,0.0023818,0.00144147,0.00144382,0.00144402,0.00144712,626.51,0.0003
26.97,6723270.0,4338710.0,4138620.0,1271400.0,8.48419e-05,0.000862254,0.0023818,0.00144147,0.00144382,0.00144402,0.00144712,631.449,0.0003
26.975,6724090.0,4339180.0,4139060.0,1271410.0,8.4847e-05,0.000894042,0.00241348,0.00144158,0.00144393,0.00144413,0.00144723,631.449,0.0003
26.98,6724360.0,4339330.0,4139200.0,1271410.0,8.48487e-05,0.000904469,0.00242387,0.00144162,0.00144397,0.00144417,0.00144726,627.266,0.0003
26.985,6723670.0,4338930.0,4138830.0,1271400.0,8.48443e-05,0.000877548,0.00239704,0.00144153,0.00144387,0.00144407,0.00144717,627.453,0.0003
26.99,6723670.0,4338930.0,4138830.0,1271400.0,8.48443e-05,0.000877548,0.00239704,0.00144153,0.00144387,0.00144407,0.00144717,628.024,0.0003
26.995,6723760.0,4338990.0,4138880.0,1271400.0,8.48449e-05,0.00088122,0.0024007,0.00144154,0.00144389,0.00144409,0.00144718,628.024,0.0003
27.0,6723790.0,4339010.0,4138900.0,1271400.0,8.48451e-05,0.000882425,0.0024019,0.00144154,0.00144389,0.00144409,0.00144719,626.369,0.0003
27.005,6723520.0,4338850.0,4138750.0,1271400.0,8.48434e-05,0.000871778,0.00239129,0.00144151,0.00144386,0.00144406,0.00144715,626.494,0.0003
27.01,6723520.0,4338850.0,4138750.0,1271400.0,8.48434e-05,0.000871778,0.00239129,0.00144151,0.00144386,0.00144406,0.00144715,626.872,0.0003
27.015,6723580.0,4338890.0,4138780.0,1271400.0,8.48438e-05,0.000874215,0.00239372,0.00144151,0.00144386,0.00144406,0.00144716,626.872,0.0003
27.02,6723600.0,4338900.0,4138800.0,1271400.0,8.48439e-05,0.000875015,0.00239451,0.00144152,0.00144387,0.00144407,0.00144716,626.233,0.0003
27.025,6723490.0,4338840.0,4138740.0,1271400.0,8.48433e-05,0.000870899,0.00239041,0.0014415,0.00144385,0.00144405,0.00144715,626.678,0.0003
27.03,6723490.0,4338840.0,4138740.0,1271400.0,8.48433e-05,0.000870899,0.00239041,0.0014415,0.00144385,0.00144405,0.00144715,628.036,0.0003
27.035,6723720.0,4338970.0,4138860.0,1271400.0,8.48447e-05,0.00087964,0.00239912,0.00144153,0.00144388,0.00144408,0.00144718,628.036,0.0003
27.04,6723790.0,4339010.0,4138900.0,1271400.0,8.48451e-05,0.000882507,0.00240198,0.00144154,0.00144389,0.00144409,0.00144719,626.656,0.0003
27.045,6723560.0,4338880.0,4138780.0,1271400.0,8.48437e-05,0.000873626,0.00239313,0.00144151,0.00144386,0.00144406,0.00144716,625.935,0.0003
27.05,6723560.0,4338880.0,4138780.0,1271400.0,8.48437e-05,0.000873626,0.00239313,0.00144151,0.00144386,0.00144406,0.00144716,623.736,0.0003
27.055,6723200.0,4338670.0,4138580.0,1271400.0,8.48414e-05,0.000859471,0.00237902,0.00144146,0.00144381,0.00144401,0.00144711,623.736,0.0003
27.06,6723080.0,4338600.0,4138520.0,1271390.0,8.48407e-05,0.000854829,0.0023744,0.00144145,0.0014438,0.001444,0.00144709,629.011,0.0003
27.065,6723960.0,4339100.0,4138990.0,1271410.0,8.48462e-05,0.000888781,0.00240823,0.00144156,0.00144391,0.00144411,0.00144721,628.924,0.0003
27.07,6723960.0,4339100.0,4138990.0,1271410.0,8.48462e-05,0.000888781,0.00240823,0.00144156,0.00144391,0.00144411,0.00144721,628.657,0.0003
27.075,6723910.0,4339080.0,4138960.0,1271400.0,8.48459e-05,0.000887064,0.00240652,0.00144156,0.00144391,0.00144411,0.0014472,628.657,0.0003
27.08,6723900.0,4339070.0,4138950.0,1271400.0,8.48458e-05,0.000886501,0.00240596,0.00144156,0.00144391,0.00144411,0.0014472,625.767,0.0003
27.085,6723420.0,4338790.0,4138700.0,1271400.0,8.48428e-05,0.000867903,0.00238743,0.00144149,0.00144384,0.00144404,0.00144714,627.309,0.0003
27.09,6723420.0,4338790.0,4138700.0,1271400.0,8.48428e-05,0.000867903,0.00238743,0.00144149,0.00144384,0.00144404,0.00144714,632.009,0.0003
27.095,6724200.0,4339240.0,4139120.0,1271410.0,8.48477e-05,0.000898153,0.00241757,0.00144159,0.00144394,0.00144414,0.00144724,632.009,0.0003
27.1,6724460.0,4339390.0,4139250.0,1271410.0,8.48493e-05,0.000908075,0.00242746,0.00144163,0.00144398,0.00144418,0.00144727,632.103,0.0003
27.105,6724470.0,4339390.0,4139260.0,1271410.0,8.48494e-05,0.000908679,0.00242806,0.00144163,0.00144398,0.00144418,0.00144727,630.748,0.0003
27.11,6724470.0,4339390.0,4139260.0,1271410.0,8.48494e-05,0.000908679,0.00242806,0.00144163,0.00144398,0.00144418,0.00144727,626.619,0.0003
27.115,6723780.0,4339000.0,4138890.0,1271400.0,8.48451e-05,0.000882102,0.00240158,0.00144154,0.00144389,0.00144409,0.00144718,626.619,0.0003
27.12,6723560.0,4338870.0,4138770.0,1271400.0,8.48437e-05,0.000873385,0.00239289,0.00144151,0.00144386,0.00144406,0.00144715,626.619,0.0003
27.125,6723560.0,4338870.0,4138770.0,1271400.0,8.48437e-05,0.000873383,0.00239289,0.00144151,0.00144386,0.00144406,0.00144715,627.294,0.0003
27.13,6723560.0,4338870.0,4138770.0,1271400.0,8.48437e-05,0.000873383,0.00239289,0.00144151,0.00144386,0.00144406,0.00144715,629.354,0.0003
27.135,6723900.0,4339070.0,4138960.0,1271410.0,8.48458e-05,0.000886638,0.0024061,0.00144156,0.00144391,0.00144411,0.0014472,629.354,0.0003
27.14,6724010.0,4339130.0,4139020.0,1271410.0,8.48465e-05,0.000890985,0.00241043,0.00144157,0.00144392,0.00144412,0.00144721,629.287,0.0003
27.145,6724000.0,4339130.0,4139010.0,1271410.0,8.48464e-05,0.000890558,0.00241,0.00144157,0.00144392,0.00144412,0.00144721,628.768,0.0003
27.15,6724000.0,4339130.0,4139010.0,1271410.0,8.48464e-05,0.000890558,0.00241,0.00144157,0.00144392,0.00144412,0.00144721,627.184,0.0003
27.155,6723740.0,4338980.0,4138870.0,1271400.0,8.48448e-05,0.000880367,0.00239985,0.00144153,0.00144388,0.00144408,0.00144718,627.184,0.0003
27.16,6723650.0,4338930.0,4138820.0,1271400.0,8.48443e-05,0.000877024,0.00239652,0.00144152,0.00144387,0.00144407,0.00144717,628.375,0.0003
27.165,6723850.0,4339040.0,4138930.0,1271410.0,8.48455e-05,0.000884686,0.00240415,0.00144155,0.0014439,0.0014441,0.00144719,628.519,0.0003
27.17,6723850.0,4339040.0,4138930.0,1271410.0,8.48455e-05,0.000884686,0.00240415,0.00144155,0.0014439,0.0014441,0.00144719,628.96,0.0003
27.175,6723920.0,4339080.0,4138970.0,1271410.0,8.4846e-05,0.00088752,0.00240698,0.00144156,0.00144391,0.00144411,0.0014472,628.96,0.0003
27.18,6723950.0,4339100.0,4138980.0,1271410.0,8.48461e-05,0.00088845,0.0024079,0.00144156,0.00144391,0.00144411,0.00144721,628.712,0.0003
27.185,6723910.0,4339070.0,4138960.0,1271410.0,8.48458e-05,0.000886853,0.00240631,0.00144156,0.00144391,0.00144411,0.0014472,628.567,0.0003
27.19,6723910.0,4339070.0,4138960.0,1271410.0,8.48458e-05,0.000886853,0.00240631,0.00144156,0.00144391,0.00144411,0.0014472,628.127,0.0003
27.195,6723830.0,4339030.0,4138920.0,1271410.0,8.48454e-05,0.000884017,0.00240348,0.00144155,0.0014439,0.0014441,0.00144719,628.127,0.0003
27.2,6723810.0,4339020.0,4138910.0,1271410.0,8.48452e-05,0.000883087,0.00240256,0.00144154,0.00144389,0.00144409,0.00144719,629.248,0.0003
27.205,6724000.0,4339120.0,4139010.0,1271410.0,8.48464e-05,0.000890303,0.00240975,0.00144157,0.00144392,0.00144412,0.00144721,629.141,0.0003
27.21,6724000.0,4339120.0,4139010.0,1271410.0,8.48464e-05,0.000890303,0.00240975,0.00144157,0.00144392,0.00144412,0.00144721,628.814,0.0003
27.215,6723940.0,4339090.0,4138980.0,1271410.0,8.48461e-05,0.000888202,0.00240765,0.00144156,0.00144391,0.00144411,0.0014472,628.814,0.0003
27.22,6723920.0,4339080.0,4138970.0,1271410.0,8.48459e-05,0.000887513,0.00240697,0.00144156,0.00144391,0.00144411,0.0014472,626.422,0.0003
27.225,6723520.0,4338860.0,4138760.0,1271400.0,8.48435e-05,0.000872116,0.00239162,0.00144151,0.00144386,0.00144406,0.00144715,626.893,0.0003
27.23,6723520.0,4338860.0,4138760.0,1271400.0,8.48435e-05,0.000872116,0.00239162,0.00144151,0.00144386,0.00144406,0.00144715,628.328,0.0003
27.235,6723760.0,4338990.0,4138880.0,1271400.0,8.4845e-05,0.000881355,0.00240083,0.00144154,0.00144389,0.00144409,0.00144718,628.328,0.0003
27.24,6723840.0,4339040.0,4138930.0,1271410.0,8.48454e-05,0.000884385,0.00240385,0.00144155,0.0014439,0.0014441,0.00144719,631.765,0.0003
27.245,6724420.0,4339360.0,4139230.0,1271410.0,8.4849e-05,0.000906505,0.0024259,0.00144162,0.00144397,0.00144417,0.00144727,629.503,0.0003
27.25,6724420.0,4339360.0,4139230.0,1271410.0,8.4849e-05,0.000906505,0.0024259,0.00144162,0.00144397,0.00144417,0.00144727,622.607,0.0003
27.255,6723260.0,4338710.0,4138620.0,1271400.0,8.48418e-05,0.000862121,0.00238166,0.00144147,0.00144382,0.00144402,0.00144712,622.607,0.0003
27.26,6722890.0,4338490.0,4138420.0,1271390.0,8.48395e-05,0.000847563,0.00236715,0.00144142,0.00144377,0.00144397,0.00144707,623.216,0.0003
27.265,6722990.0,4338550.0,4138470.0,1271400.0,8.48401e-05,0.000851486,0.00237106,0.00144144,0.00144379,0.00144399,0.00144708,624.653,0.0003
27.27,6722990.0,4338550.0,4138470.0,1271400.0,8.48401e-05,0.000851486,0.00237106,0.00144144,0.00144379,0.00144399,0.00144708,629.033,0.0003
27.275,6723720.0,4338970.0,4138860.0,1271400.0,8.48447e-05,0.000879674,0.00239916,0.00144153,0.00144388,0.00144408,0.00144718,629.033,0.0003
27.28,6723960.0,4339100.0,4138990.0,1271410.0,8.48462e-05,0.000888919,0.00240837,0.00144156,0.00144391,0.00144411,0.00144721,628.941,0.0003
27.285,6723950.0,4339090.0,4138980.0,1271410.0,8.48461e-05,0.000888328,0.00240778,0.00144156,0.00144391,0.00144411,0.00144721,628.106,0.0003
27.29,6723950.0,4339090.0,4138980.0,1271410.0,8.48461e-05,0.000888328,0.00240778,0.00144156,0.00144391,0.00144411,0.00144721,625.563,0.0003
27.295,6723520.0,4338850.0,4138760.0,1271400.0,8.48434e-05,0.000871957,0.00239147,0.00144151,0.00144386,0.00144406,0.00144715,625.563,0.0003
27.3,6723380.0,4338770.0,4138680.0,1271400.0,8.48426e-05,0.000866588,0.00238611,0.00144149,0.00144384,0.00144404,0.00144713,628.991,0.0003
27.305,6723950.0,4339100.0,4138990.0,1271410.0,8.48461e-05,0.000888651,0.0024081,0.00144156,0.00144391,0.00144411,0.00144721,629.058,0.0003
27.31,6723950.0,4339100.0,4138990.0,1271410.0,8.48461e-05,0.000888651,0.0024081,0.00144156,0.00144391,0.00144411,0.00144721,629.261,0.0003
27.315,6723990.0,4339120.0,4139000.0,1271410.0,8.48463e-05,0.00088996,0.00240941,0.00144157,0.00144392,0.00144412,0.00144721,629.261,0.0003
27.32,6724000.0,4339130.0,4139010.0,1271410.0,8.48464e-05,0.000890389,0.00240983,0.00144157,0.00144392,0.00144412,0.00144721,626.978,0.0003
27.325,6723620.0,4338910.0,4138810.0,1271400.0,8.4844e-05,0.000875695,0.00239519,0.00144152,0.00144387,0.00144407,0.00144716,627.09,0.0003
27.33,6723620.0,4338910.0,4138810.0,1271400.0,8.4844e-05,0.000875695,0.00239519,0.00144152,0.00144387,0.00144407,0.00144716,627.43,0.0003
27.335,6723670.0,4338940.0,4138840.0,1271400.0,8.48444e-05,0.000877885,0.00239737,0.00144153,0.00144388,0.00144408,0.00144717,627.43,0.0003
27.34,6723690.0,4338950.0,4138850.0,1271410.0,8.48445e-05,0.000878604,0.00239809,0.00144153,0.00144388,0.00144408,0.00144717,629.301,0.0003
27.345,6724010.0,4339130.0,4139010.0,1271410.0,8.48465e-05,0.000890649,0.00241009,0.00144157,0.00144392,0.00144412,0.00144721,629.446,0.0003
27.35,6724010.0,4339130.0,4139010.0,1271410.0,8.48465e-05,0.000890649,0.00241009,0.00144157,0.00144392,0.00144412,0.00144721,629.885,0.0003
27.355,6724080.0,4339170.0,4139050.0,1271410.0,8.48469e-05,0.000893476,0.00241291,0.00144158,0.00144393,0.00144413,0.00144722,629.885,0.0003
27.36,6724100.0,4339180.0,4139070.0,1271410.0,8.48471e-05,0.000894404,0.00241384,0.00144158,0.00144393,0.00144413,0.00144723,629.918,0.0003
27.365,6724110.0,4339190.0,4139070.0,1271410.0,8.48471e-05,0.000894614,0.00241404,0.00144158,0.00144393,0.00144413,0.00144723,629.406,0.0003
27.37,6724110.0,4339190.0,4139070.0,1271410.0,8.48471e-05,0.000894614,0.00241404,0.00144158,0.00144393,0.00144413,0.00144723,627.846,0.0003
27.375,6723850.0,4339040.0,4138930.0,1271410.0,8.48455e-05,0.000884572,0.00240404,0.00144155,0.0014439,0.0014441,0.00144719,627.846,0.0003
27.38,6723760.0,4338990.0,4138880.0,1271410.0,8.48449e-05,0.000881279,0.00240076,0.00144154,0.00144389,0.00144409,0.00144718,626.82,0.0003
27.385,6723590.0,4338890.0,4138790.0,1271400.0,8.48439e-05,0.00087468,0.00239418,0.00144152,0.00144386,0.00144406,0.00144716,628.088,0.0003
27.39,6723590.0,4338890.0,4138790.0,1271400.0,8.48439e-05,0.00087468,0.00239418,0.00144152,0.00144386,0.00144406,0.00144716,631.955,0.0003
27.395,6724240.0,4339260.0,4139140.0,1271410.0,8.48479e-05,0.000899566,0.00241898,0.0014416,0.00144395,0.00144415,0.00144724,631.955,0.0003
27.4,6724450.0,4339380.0,4139250.0,1271410.0,8.48492e-05,0.000907729,0.00242711,0.00144163,0.00144398,0.00144418,0.00144727,629.355,0.0003
27.405,6724010.0,4339130.0,4139020.0,1271410.0,8.48465e-05,0.000890995,0.00241044,0.00144157,0.00144392,0.00144412,0.00144721,629.499,0.0003
27.41,6724010.0,4339130.0,4139020.0,1271410.0,8.48465e-05,0.000890995,0.00241044,0.00144157,0.00144392,0.00144412,0.00144721,629.936,0.0003
27.415,6724090.0,4339180.0,4139060.0,1271410.0,8.4847e-05,0.00089381,0.00241324,0.00144158,0.00144393,0.00144413,0.00144722,629.936,0.0003
27.42,6724110.0,4339190.0,4139070.0,1271410.0,8.48471e-05,0.000894734,0.00241416,0.00144158,0.00144393,0.00144413,0.00144723,634.158,0.0003
27.425,6724820.0,4339590.0,4139450.0,1271420.0,8.48515e-05,0.000921906,0.00244124,0.00144167,0.00144402,0.00144422,0.00144732,632.87,0.0003
27.43,6724820.0,4339590.0,4139450.0,1271420.0,8.48515e-05,0.000921906,0.00244124,0.00144167,0.00144402,0.00144422,0.00144732,628.943,0.0003
27.435,6724160.0,4339220.0,4139100.0,1271410.0,8.48474e-05,0.000896633,0.00241606,0.00144159,0.00144394,0.00144414,0.00144723,628.943,0.0003
27.44,6723950.0,4339100.0,4138980.0,1271410.0,8.48461e-05,0.000888344,0.0024078,0.00144156,0.00144391,0.00144411,0.00144721,626.94,0.0003
27.445,6723610.0,4338910.0,4138800.0,1271410.0,8.4844e-05,0.000875449,0.00239495,0.00144152,0.00144387,0.00144407,0.00144716,628.078,0.0003
27.45,6723610.0,4338910.0,4138800.0,1271410.0,8.4844e-05,0.000875449,0.00239495,0.00144152,0.00144387,0.00144407,0.00144716,631.549,0.0003
27.455,6724190.0,4339240.0,4139110.0,1271410.0,8.48476e-05,0.000897787,0.00241721,0.00144159,0.00144394,0.00144414,0.00144724,631.549,0.0003
27.46,6724380.0,4339340.0,4139210.0,1271410.0,8.48488e-05,0.000905114,0.00242451,0.00144162,0.00144397,0.00144417,0.00144726,630.827,0.0003
27.465,6724260.0,4339270.0,4139150.0,1271410.0,8.4848e-05,0.000900471,0.00241988,0.0014416,0.00144395,0.00144415,0.00144725,629.595,0.0003
27.47,6724260.0,4339270.0,4139150.0,1271410.0,8.4848e-05,0.000900471,0.00241988,0.0014416,0.00144395,0.00144415,0.00144725,625.837,0.0003
27.475,6723630.0,4338920.0,4138820.0,1271410.0,8.48441e-05,0.000876287,0.00239578,0.00144152,0.00144387,0.00144407,0.00144716,625.837,0.0003
27.48,6723430.0,4338800.0,4138710.0,1271400.0,8.48428e-05,0.000868355,0.00238787,0.00144149,0.00144384,0.00144404,0.00144714,628.653,0.0003
27.485,6723900.0,4339070.0,4138960.0,1271410.0,8.48458e-05,0.000886477,0.00240594,0.00144155,0.0014439,0.0014441,0.0014472,628.835,0.0003
27.49,6723900.0,4339070.0,4138960.0,1271410.0,8.48458e-05,0.000886477,0.00240594,0.00144155,0.0014439,0.0014441,0.0014472,629.39,0.0003
27.495,6723990.0,4339120.0,4139010.0,1271410.0,8.48464e-05,0.000890048,0.00240949,0.00144157,0.00144392,0.00144412,0.00144721,629.39,0.0003
27.5,6724020.0,4339140.0,4139020.0,1271410.0,8.48465e-05,0.000891219,0.00241066,0.00144157,0.00144392,0.00144412,0.00144721,626.727,0.0003
27.505,6723580.0,4338890.0,4138790.0,1271410.0,8.48438e-05,0.000874081,0.00239358,0.00144151,0.00144386,0.00144406,0.00144716,626.624,0.0003
27.51,6723580.0,4338890.0,4138790.0,1271410.0,8.48438e-05,0.000874081,0.00239358,0.00144151,0.00144386,0.00144406,0.00144716,626.308,0.0003
27.515,6723520.0,4338860.0,4138760.0,1271410.0,8.48434e-05,0.000872048,0.00239156,0.00144151,0.00144386,0.00144406,0.00144715,626.308,0.0003
27.52,6723510.0,4338850.0,4138750.0,1271400.0,8.48433e-05,0.000871381,0.00239089,0.0014415,0.00144385,0.00144405,0.00144715,629.704,0.0003
27.525,6724070.0,4339170.0,4139050.0,1271410.0,8.48469e-05,0.000893241,0.00241268,0.00144158,0.00144393,0.00144413,0.00144722,628.905,0.0003
27.53,6724070.0,4339170.0,4139050.0,1271410.0,8.48469e-05,0.000893241,0.00241268,0.00144158,0.00144393,0.00144413,0.00144722,626.47,0.0003
27.535,6723670.0,4338940.0,4138830.0,1271410.0,8.48443e-05,0.000877569,0.00239706,0.00144152,0.00144387,0.00144407,0.00144717,626.47,0.0003
27.54,6723530.0,4338860.0,4138760.0,1271410.0,8.48435e-05,0.000872428,0.00239193,0.00144151,0.00144386,0.00144406,0.00144715,628.163,0.0003
27.545,6723820.0,4339020.0,4138910.0,1271410.0,8.48453e-05,0.000883324,0.00240279,0.00144154,0.00144389,0.00144409,0.00144719,628.644,0.0003
27.55,6723820.0,4339020.0,4138910.0,1271410.0,8.48453e-05,0.000883324,0.00240279,0.00144154,0.00144389,0.00144409,0.00144719,630.11,0.0003
27.555,6724060.0,4339160.0,4139040.0,1271410.0,8.48468e-05,0.000892759,0.0024122,0.00144158,0.00144393,0.00144413,0.00144722,630.11,0.0003
27.56,6724140.0,4339210.0,4139090.0,1271410.0,8.48473e-05,0.000895853,0.00241528,0.00144159,0.00144394,0.00144414,0.00144723,626.758,0.0003
27.565,6723580.0,4338890.0,4138790.0,1271410.0,8.48438e-05,0.000874282,0.00239378,0.00144151,0.00144386,0.00144406,0.00144716,626.922,0.0003
27.57,6723580.0,4338890.0,4138790.0,1271410.0,8.48438e-05,0.000874282,0.00239378,0.00144151,0.00144386,0.00144406,0.00144716,627.421,0.0003
27.575,6723660.0,4338940.0,4138830.0,1271410.0,8.48443e-05,0.000877494,0.00239698,0.00144152,0.00144387,0.00144407,0.00144717,627.421,0.0003
27.58,6723690.0,4338950.0,4138850.0,1271410.0,8.48445e-05,0.000878548,0.00239803,0.00144153,0.00144388,0.00144408,0.00144717,632.259,0.0003
27.585,6724500.0,4339410.0,4139280.0,1271420.0,8.48495e-05,0.000909683,0.00242906,0.00144163,0.00144398,0.00144418,0.00144728,631.452,0.0003
27.59,6724500.0,4339410.0,4139280.0,1271420.0,8.48495e-05,0.000909683,0.00242906,0.00144163,0.00144398,0.00144418,0.00144728,628.991,0.0003
27.595,6724090.0,4339180.0,4139060.0,1271410.0,8.4847e-05,0.000893847,0.00241328,0.00144158,0.00144393,0.00144413,0.00144722,628.991,0.0003
27.6,6723950.0,4339100.0,4138990.0,1271410.0,8.48461e-05,0.000888652,0.0024081,0.00144156,0.00144391,0.00144411,0.00144721,628.573,0.0003
27.605,6723880.0,4339060.0,4138950.0,1271410.0,8.48457e-05,0.00088596,0.00240542,0.00144155,0.0014439,0.0014441,0.0014472,627.794,0.0003
27.61,6723880.0,4339060.0,4138950.0,1271410.0,8.48457e-05,0.00088596,0.00240542,0.00144155,0.0014439,0.0014441,0.0014472,625.42,0.0003
27.615,6723490.0,4338840.0,4138740.0,1271410.0,8.48432e-05,0.00087068,0.00239019,0.0014415,0.00144385,0.00144405,0.00144714,625.42,0.0003
27.62,6723360.0,4338760.0,4138670.0,1271400.0,8.48424e-05,0.000865668,0.0023852,0.00144148,0.00144383,0.00144403,0.00144713,632.476,0.0003
27.625,6724540.0,4339430.0,4139300.0,1271420.0,8.48498e-05,0.000911078,0.00243045,0.00144164,0.00144399,0.00144419,0.00144728,632.001,0.0003
27.63,6724540.0,4339430.0,4139300.0,1271420.0,8.48498e-05,0.000911078,0.00243045,0.00144164,0.00144399,0.00144419,0.00144728,630.555,0.0003
27.635,6724290.0,4339290.0,4139170.0,1271420.0,8.48483e-05,0.000901768,0.00242117,0.00144161,0.00144396,0.00144416,0.00144725,630.555,0.0003
27.64,6724220.0,4339250.0,4139130.0,1271410.0,8.48478e-05,0.000898714,0.00241813,0.0014416,0.00144395,0.00144415,0.00144724,628.496,0.0003
27.645,6723870.0,4339050.0,4138940.0,1271410.0,8.48456e-05,0.000885467,0.00240493,0.00144155,0.0014439,0.0014441,0.00144719,628.453,0.0003
27.65,6723870.0,4339050.0,4138940.0,1271410.0,8.48456e-05,0.000885467,0.00240493,0.00144155,0.0014439,0.0014441,0.00144719,628.322,0.0003
27.655,6723850.0,4339040.0,4138930.0,1271410.0,8.48455e-05,0.000884624,0.00240409,0.00144155,0.0014439,0.0014441,0.00144719,628.322,0.0003
27.66,6723840.0,4339040.0,4138930.0,1271410.0,8.48454e-05,0.000884347,0.00240381,0.00144155,0.0014439,0.0014441,0.00144719,630.556,0.0003
27.665,6724220.0,4339250.0,4139130.0,1271410.0,8.48478e-05,0.000898725,0.00241814,0.0014416,0.00144395,0.00144415,0.00144724,630.865,0.0003
27.67,6724220.0,4339250.0,4139130.0,1271410.0,8.48478e-05,0.000898725,0.00241814,0.0014416,0.00144395,0.00144415,0.00144724,631.806,0.0003
27.675,6724370.0,4339340.0,4139210.0,1271420.0,8.48487e-05,0.000904781,0.00242418,0.00144162,0.00144397,0.00144417,0.00144726,631.806,0.0003
27.68,6724420.0,4339370.0,4139240.0,1271420.0,8.48491e-05,0.000906768,0.00242616,0.00144162,0.00144397,0.00144417,0.00144727,629.443,0.0003
27.685,6724030.0,4339140.0,4139030.0,1271410.0,8.48466e-05,0.000891558,0.002411,0.00144157,0.00144392,0.00144412,0.00144722,629.723,0.0003
27.69,6724030.0,4339140.0,4139030.0,1271410.0,8.48466e-05,0.000891558,0.002411,0.00144157,0.00144392,0.00144412,0.00144722,630.576,0.0003
27.695,6724170.0,4339230.0,4139100.0,1271410.0,8.48475e-05,0.000897051,0.00241647,0.00144159,0.00144394,0.00144414,0.00144723,630.576,0.0003
27.7,6724220.0,4339250.0,4139130.0,1271420.0,8.48478e-05,0.000898853,0.00241827,0.0014416,0.00144395,0.00144415,0.00144724,628.752,0.0003
27.705,6723910.0,4339080.0,4138970.0,1271410.0,8.48459e-05,0.000887113,0.00240657,0.00144156,0.00144391,0.00144411,0.0014472,629.388,0.0003
27.71,6723910.0,4339080.0,4138970.0,1271410.0,8.48459e-05,0.000887113,0.00240657,0.00144156,0.00144391,0.00144411,0.0014472,631.329,0.0003
27.715,6724240.0,4339260.0,4139140.0,1271420.0,8.48479e-05,0.000899604,0.00241902,0.0014416,0.00144395,0.00144415,0.00144724,631.329,0.0003
27.72,6724340.0,4339320.0,4139200.0,1271420.0,8.48486e-05,0.000903701,0.0024231,0.00144161,0.00144396,0.00144416,0.00144726,625.773,0.0003
27.725,6723420.0,4338800.0,4138700.0,1271410.0,8.48428e-05,0.000867938,0.00238746,0.00144149,0.00144384,0.00144404,0.00144714,626.64,0.0003
27.73,6723420.0,4338800.0,4138700.0,1271410.0,8.48428e-05,0.000867938,0.00238746,0.00144149,0.00144384,0.00144404,0.00144714,629.284,0.0003
27.735,6723860.0,4339050.0,4138940.0,1271410.0,8.48455e-05,0.000884954,0.00240442,0.00144155,0.0014439,0.0014441,0.00144719,629.284,0.0003
27.74,6724000.0,4339130.0,4139010.0,1271410.0,8.48464e-05,0.000890535,0.00240998,0.00144157,0.00144392,0.00144412,0.00144721,628.413,0.0003
27.745,6723860.0,4339050.0,4138940.0,1271410.0,8.48455e-05,0.000884932,0.0024044,0.00144155,0.0014439,0.0014441,0.00144719,628.719,0.0003
27.75,6723860.0,4339050.0,4138940.0,1271410.0,8.48455e-05,0.000884932,0.0024044,0.00144155,0.0014439,0.0014441,0.00144719,629.654,0.0003
27.755,6724010.0,4339140.0,4139020.0,1271410.0,8.48465e-05,0.000890944,0.00241039,0.00144157,0.00144392,0.00144412,0.00144721,629.654,0.0003
27.76,6724060.0,4339160.0,4139050.0,1271410.0,8.48468e-05,0.000892916,0.00241235,0.00144158,0.00144393,0.00144413,0.00144722,628.306,0.0003
27.765,6723840.0,4339040.0,4138930.0,1271410.0,8.48454e-05,0.000884244,0.00240371,0.00144155,0.0014439,0.0014441,0.00144719,628.712,0.0003
27.77,6723840.0,4339040.0,4138930.0,1271410.0,8.48454e-05,0.000884244,0.00240371,0.00144155,0.0014439,0.0014441,0.00144719,629.95,0.0003
27.775,6724050.0,4339150.0,4139040.0,1271410.0,8.48467e-05,0.00089221,0.00241165,0.00144157,0.00144392,0.00144412,0.00144722,629.95,0.0003
27.78,6724110.0,4339190.0,4139070.0,1271410.0,8.48471e-05,0.000894823,0.00241425,0.00144158,0.00144393,0.00144413,0.00144723,625.126,0.0003
27.785,6723310.0,4338730.0,4138640.0,1271410.0,8.48421e-05,0.000863776,0.00238331,0.00144148,0.00144383,0.00144403,0.00144712,625.877,0.0003
27.79,6723310.0,4338730.0,4138640.0,1271410.0,8.48421e-05,0.000863776,0.00238331,0.00144148,0.00144383,0.00144403,0.00144712,628.167,0.0003
27.795,6723690.0,4338950.0,4138850.0,1271410.0,8.48445e-05,0.000878513,0.002398,0.00144153,0.00144388,0.00144408,0.00144717,628.167,0.0003
27.8,6723820.0,4339020.0,4138920.0,1271410.0,8.48453e-05,0.000883347,0.00240282,0.00144154,0.00144389,0.00144409,0.00144719,626.194,0.0003
27.805,6723490.0,4338840.0,4138740.0,1271410.0,8.48432e-05,0.00087065,0.00239016,0.0014415,0.00144385,0.00144405,0.00144714,627.189,0.0003
27.81,6723490.0,4338840.0,4138740.0,1271410.0,8.48432e-05,0.00087065,0.00239016,0.0014415,0.00144385,0.00144405,0.00144714,630.221,0.0003
27.815,6723990.0,4339120.0,4139010.0,1271410.0,8.48464e-05,0.000890166,0.00240961,0.00144157,0.00144392,0.00144412,0.00144721,630.221,0.0003
27.82,6724160.0,4339220.0,4139100.0,1271420.0,8.48474e-05,0.000896568,0.00241599,0.00144159,0.00144394,0.00144414,0.00144723,628.906,0.0003
27.825,6723940.0,4339090.0,4138980.0,1271410.0,8.4846e-05,0.000888106,0.00240756,0.00144156,0.00144391,0.00144411,0.0014472,628.635,0.0003
27.83,6723940.0,4339090.0,4138980.0,1271410.0,8.4846e-05,0.000888106,0.00240756,0.00144156,0.00144391,0.00144411,0.0014472,627.809,0.0003
27.835,6723800.0,4339020.0,4138910.0,1271410.0,8.48452e-05,0.000882788,0.00240226,0.00144154,0.00144389,0.00144409,0.00144719,627.809,0.0003
27.84,6723760.0,4338990.0,4138880.0,1271410.0,8.48449e-05,0.000881044,0.00240052,0.00144154,0.00144389,0.00144409,0.00144718,631.564,0.0003
27.845,6724380.0,4339350.0,4139220.0,1271420.0,8.48488e-05,0.000905214,0.00242461,0.00144162,0.00144397,0.00144417,0.00144726,631.865,0.0003
27.85,6724380.0,4339350.0,4139220.0,1271420.0,8.48488e-05,0.000905214,0.00242461,0.00144162,0.00144397,0.00144417,0.00144726,632.781,0.0003
27.855,6724540.0,4339430.0,4139300.0,1271420.0,8.48498e-05,0.000911108,0.00243048,0.00144164,0.00144399,0.00144419,0.00144728,632.781,0.0003
27.86,6724590.0,4339460.0,4139330.0,1271420.0,8.48501e-05,0.000913041,0.00243241,0.00144164,0.00144399,0.00144419,0.00144729,630.251,0.0003
27.865,6724160.0,4339220.0,4139100.0,1271420.0,8.48474e-05,0.000896763,0.00241619,0.00144159,0.00144394,0.00144414,0.00144723,630.625,0.0003
27.87,6724160.0,4339220.0,4139100.0,1271420.0,8.48474e-05,0.000896763,0.00241619,0.00144159,0.00144394,0.00144414,0.00144723,631.763,0.0003
27.875,6724350.0,4339330.0,4139200.0,1271420.0,8.48486e-05,0.000904092,0.00242349,0.00144161,0.00144396,0.00144416,0.00144726,631.763,0.0003
27.88,6724420.0,4339370.0,4139240.0,1271420.0,8.4849e-05,0.000906495,0.00242588,0.00144162,0.00144397,0.00144417,0.00144727,627.722,0.0003
27.885,6723740.0,4338980.0,4138880.0,1271410.0,8.48448e-05,0.000880483,0.00239996,0.00144153,0.00144388,0.00144408,0.00144718,627.104,0.0003
27.89,6723740.0,4338980.0,4138880.0,1271410.0,8.48448e-05,0.000880483,0.00239996,0.00144153,0.00144388,0.00144408,0.00144718,625.22,0.0003
27.895,6723430.0,4338800.0,4138710.0,1271410.0,8.48429e-05,0.000868361,0.00238788,0.00144149,0.00144384,0.00144404,0.00144714,625.22,0.0003
27.9,6723320.0,4338740.0,4138650.0,1271410.0,8.48422e-05,0.000864385,0.00238392,0.00144148,0.00144383,0.00144403,0.00144712,629.6,0.0003
27.905,6724060.0,4339160.0,4139040.0,1271420.0,8.48468e-05,0.000892571,0.00241201,0.00144157,0.00144392,0.00144412,0.00144722,629.64,0.0003
27.91,6724060.0,4339160.0,4139040.0,1271420.0,8.48468e-05,0.000892571,0.00241201,0.00144157,0.00144392,0.00144412,0.00144722,629.763,0.0003
27.915,6724080.0,4339170.0,4139050.0,1271420.0,8.48469e-05,0.00089336,0.00241279,0.00144158,0.00144393,0.00144413,0.00144722,629.763,0.0003
27.92,6724080.0,4339180.0,4139060.0,1271420.0,8.48469e-05,0.000893618,0.00241305,0.00144158,0.00144393,0.00144413,0.00144722,631.091,0.0003
27.925,6724300.0,4339300.0,4139180.0,1271420.0,8.48483e-05,0.000902169,0.00242157,0.00144161,0.00144396,0.00144416,0.00144725,630.437,0.0003
27.93,6724300.0,4339300.0,4139180.0,1271420.0,8.48483e-05,0.000902169,0.00242157,0.00144161,0.00144396,0.00144416,0.00144725,628.442,0.0003
27.935,6723970.0,4339110.0,4139000.0,1271420.0,8.48462e-05,0.000889331,0.00240878,0.00144156,0.00144391,0.00144411,0.00144721,628.442,0.0003
27.94,6723860.0,4339050.0,4138940.0,1271410.0,8.48456e-05,0.00088512,0.00240458,0.00144155,0.0014439,0.0014441,0.00144719,628.299,0.0003
27.945,6723840.0,4339040.0,4138930.0,1271410.0,8.48454e-05,0.000884199,0.00240366,0.00144155,0.0014439,0.0014441,0.00144719,628.382,0.0003
27.95,6723840.0,4339040.0,4138930.0,1271410.0,8.48454e-05,0.000884199,0.00240366,0.00144155,0.0014439,0.0014441,0.00144719,628.634,0.0003
27.955,6723880.0,4339060.0,4138950.0,1271410.0,8.48457e-05,0.000885821,0.00240528,0.00144155,0.0014439,0.0014441,0.0014472,628.634,0.0003
27.96,6723890.0,4339070.0,4138960.0,1271410.0,8.48458e-05,0.000886353,0.00240581,0.00144155,0.0014439,0.0014441,0.0014472,626.102,0.0003
27.965,6723470.0,4338830.0,4138730.0,1271410.0,8.48431e-05,0.000870055,0.00238957,0.0014415,0.00144385,0.00144405,0.00144714,626.41,0.0003
27.97,6723470.0,4338830.0,4138730.0,1271410.0,8.48431e-05,0.000870055,0.00238957,0.0014415,0.00144385,0.00144405,0.00144714,627.35,0.0003
27.975,6723630.0,4338920.0,4138820.0,1271410.0,8.48441e-05,0.000876107,0.0023956,0.00144152,0.00144387,0.00144407,0.00144716,627.35,0.0003
27.98,6723680.0,4338950.0,4138840.0,1271410.0,8.48444e-05,0.000878091,0.00239758,0.00144153,0.00144388,0.00144408,0.00144717,628.628,0.0003
27.985,6723890.0,4339070.0,4138960.0,1271410.0,8.48458e-05,0.000886316,0.00240577,0.00144155,0.0014439,0.0014441,0.0014472,628.227,0.0003
27.99,6723890.0,4339070.0,4138960.0,1271410.0,8.48458e-05,0.000886316,0.00240577,0.00144155,0.0014439,0.0014441,0.0014472,627.006,0.0003
27.995,6723690.0,4338950.0,4138850.0,1271410.0,8.48445e-05,0.000878454,0.00239794,0.00144153,0.00144388,0.00144408,0.00144717,627.006,0.0003
28.0,6723620.0,4338910.0,4138810.0,1271410.0,8.48441e-05,0.000875875,0.00239537,0.00144152,0.00144387,0.00144407,0.00144716,630.596,0.0003
28.005,6724220.0,4339260.0,4139130.0,1271420.0,8.48478e-05,0.000898981,0.0024184,0.0014416,0.00144395,0.00144415,0.00144724,630.559,0.0003
28.01,6724220.0,4339260.0,4139130.0,1271420.0,8.48478e-05,0.000898981,0.0024184,0.0014416,0.00144395,0.00144415,0.00144724,630.448,0.0003
28.015,6724200.0,4339240.0,4139120.0,1271420.0,8.48477e-05,0.000898263,0.00241768,0.00144159,0.00144394,0.00144414,0.00144724,630.448,0.0003
28.02,6724200.0,4339240.0,4139120.0,1271420.0,8.48477e-05,0.000898028,0.00241745,0.00144159,0.00144394,0.00144414,0.00144724,630.123,0.0003
28.025,6724140.0,4339210.0,4139090.0,1271420.0,8.48473e-05,0.000895939,0.00241536,0.00144159,0.00144394,0.00144414,0.00144723,630.652,0.0003
28.03,6724140.0,4339210.0,4139090.0,1271420.0,8.48473e-05,0.000895939,0.00241536,0.00144159,0.00144394,0.00144414,0.00144723,632.262,0.0003
28.035,6724410.0,4339360.0,4139230.0,1271420.0,8.4849e-05,0.000906306,0.0024257,0.00144162,0.00144397,0.00144417,0.00144727,632.262,0.0003
28.04,6724500.0,4339410.0,4139280.0,1271420.0,8.48495e-05,0.000909706,0.00242908,0.00144163,0.00144398,0.00144418,0.00144728,630.973,0.0003
28.045,6724290.0,4339290.0,4139170.0,1271420.0,8.48482e-05,0.000901409,0.00242082,0.0014416,0.00144395,0.00144415,0.00144725,629.422,0.0003
28.05,6724290.0,4339290.0,4139170.0,1271420.0,8.48482e-05,0.000901409,0.00242082,0.0014416,0.00144395,0.00144415,0.00144725,624.691,0.0003
28.055,6723490.0,4338840.0,4138750.0,1271410.0,8.48433e-05,0.000870966,0.00239048,0.0014415,0.00144385,0.00144405,0.00144714,624.691,0.0003
28.06,6723240.0,4338690.0,4138610.0,1271410.0,8.48417e-05,0.000860981,0.00238053,0.00144147,0.00144382,0.00144402,0.00144711,627.634,0.0003
28.065,6723730.0,4338970.0,4138870.0,1271410.0,8.48447e-05,0.000879918,0.0023994,0.00144153,0.00144388,0.00144408,0.00144718,626.751,0.0003
28.07,6723730.0,4338970.0,4138870.0,1271410.0,8.48447e-05,0.000879918,0.0023994,0.00144153,0.00144388,0.00144408,0.00144718,624.06,0.0003
28.075,6723280.0,4338720.0,4138630.0,1271410.0,8.48419e-05,0.000862597,0.00238214,0.00144147,0.00144382,0.00144402,0.00144712,624.06,0.0003
28.08,6723130.0,4338640.0,4138550.0,1271410.0,8.4841e-05,0.000856915,0.00237647,0.00144145,0.0014438,0.001444,0.0014471,630.046,0.0003
28.085,6724130.0,4339200.0,4139080.0,1271420.0,8.48472e-05,0.000895441,0.00241487,0.00144158,0.00144393,0.00144413,0.00144723,629.582,0.0003
28.09,6724130.0,4339200.0,4139080.0,1271420.0,8.48472e-05,0.000895441,0.00241487,0.00144158,0.00144393,0.00144413,0.00144723,628.169,0.0003
28.095,6723890.0,4339070.0,4138960.0,1271420.0,8.48458e-05,0.000886343,0.0024058,0.00144155,0.0014439,0.0014441,0.0014472,628.169,0.0003
28.1,6723820.0,4339030.0,4138920.0,1271420.0,8.48453e-05,0.000883359,0.00240283,0.00144154,0.00144389,0.00144409,0.00144719,627.138,0.0003
28.105,6723640.0,4338930.0,4138830.0,1271410.0,8.48442e-05,0.000876729,0.00239622,0.00144152,0.00144387,0.00144407,0.00144716,627.896,0.0003
28.11,6723640.0,4338930.0,4138830.0,1271410.0,8.48442e-05,0.000876729,0.00239622,0.00144152,0.00144387,0.00144407,0.00144716,630.206,0.0003
28.115,6724030.0,4339150.0,4139030.0,1271420.0,8.48466e-05,0.000891596,0.00241104,0.00144157,0.00144392,0.00144412,0.00144722,630.206,0.0003
28.12,6724160.0,4339220.0,4139100.0,1271420.0,8.48474e-05,0.000896472,0.0024159,0.00144159,0.00144394,0.00144414,0.00144723,629.728,0.0003
28.125,6724080.0,4339170.0,4139060.0,1271420.0,8.48469e-05,0.000893393,0.00241283,0.00144158,0.00144393,0.00144413,0.00144722,629.269,0.0003
28.13,6724080.0,4339170.0,4139060.0,1271420.0,8.48469e-05,0.000893393,0.00241283,0.00144158,0.00144393,0.00144413,0.00144722,627.873,0.0003
28.135,6723840.0,4339040.0,4138930.0,1271420.0,8.48454e-05,0.000884403,0.00240387,0.00144155,0.0014439,0.0014441,0.00144719,627.873,0.0003
28.14,6723770.0,4339000.0,4138890.0,1271410.0,8.4845e-05,0.000881454,0.00240093,0.00144154,0.00144389,0.00144409,0.00144718,629.934,0.0003
28.145,6724110.0,4339190.0,4139070.0,1271420.0,8.48471e-05,0.000894724,0.00241415,0.00144158,0.00144393,0.00144413,0.00144723,630.24,0.0003
28.15,6724110.0,4339190.0,4139070.0,1271420.0,8.48471e-05,0.000894724,0.00241415,0.00144158,0.00144393,0.00144413,0.00144723,631.17,0.0003
28.155,6724270.0,4339280.0,4139160.0,1271420.0,8.48481e-05,0.000900714,0.00242012,0.0014416,0.00144395,0.00144415,0.00144725,631.17,0.0003
28.16,6724320.0,4339310.0,4139180.0,1271420.0,8.48484e-05,0.000902679,0.00242208,0.00144161,0.00144396,0.00144416,0.00144725,630.005,0.0003
28.165,6724120.0,4339200.0,4139080.0,1271420.0,8.48472e-05,0.000895175,0.0024146,0.00144158,0.00144393,0.00144413,0.00144723,629.787,0.0003
28.17,6724120.0,4339200.0,4139080.0,1271420.0,8.48472e-05,0.000895175,0.0024146,0.00144158,0.00144393,0.00144413,0.00144723,629.123,0.0003
28.175,6724010.0,4339140.0,4139020.0,1271420.0,8.48465e-05,0.000890903,0.00241035,0.00144157,0.00144392,0.00144412,0.00144721,629.123,0.0003
28.18,6723980.0,4339120.0,4139000.0,1271420.0,8.48463e-05,0.000889501,0.00240895,0.00144156,0.00144391,0.00144411,0.00144721,630.561,0.0003
28.185,6724220.0,4339250.0,4139130.0,1271420.0,8.48478e-05,0.000898754,0.00241817,0.0014416,0.00144394,0.00144415,0.00144724,629.705,0.0003
28.19,6724220.0,4339250.0,4139130.0,1271420.0,8.48478e-05,0.000898754,0.00241817,0.0014416,0.00144394,0.00144415,0.00144724,627.097,0.0003
28.195,6723780.0,4339010.0,4138900.0,1271420.0,8.48451e-05,0.000881969,0.00240144,0.00144154,0.00144389,0.00144409,0.00144718,627.097,0.0003
28.2,6723640.0,4338920.0,4138820.0,1271410.0,8.48442e-05,0.000876463,0.00239595,0.00144152,0.00144387,0.00144407,0.00144716,623.435,0.0003
28.205,6723030.0,4338580.0,4138500.0,1271410.0,8.48403e-05,0.000852896,0.00237247,0.00144144,0.00144379,0.00144399,0.00144708,624.627,0.0003
28.21,6723030.0,4338580.0,4138500.0,1271410.0,8.48403e-05,0.000852896,0.00237247,0.00144144,0.00144379,0.00144399,0.00144708,628.26,0.0003
28.215,6723630.0,4338920.0,4138820.0,1271410.0,8.48441e-05,0.000876277,0.00239577,0.00144152,0.00144387,0.00144407,0.00144716,628.26,0.0003
28.22,6723830.0,4339030.0,4138930.0,1271420.0,8.48454e-05,0.000883946,0.00240341,0.00144155,0.00144389,0.00144409,0.00144719,628.209,0.0003
28.225,6723820.0,4339030.0,4138920.0,1271420.0,8.48453e-05,0.000883619,0.00240309,0.00144154,0.00144389,0.00144409,0.00144719,628.213,0.0003
28.23,6723820.0,4339030.0,4138920.0,1271420.0,8.48453e-05,0.000883619,0.00240309,0.00144154,0.00144389,0.00144409,0.00144719,628.225,0.0003
28.235,6723830.0,4339030.0,4138920.0,1271420.0,8.48453e-05,0.000883697,0.00240316,0.00144154,0.00144389,0.00144409,0.00144719,628.225,0.0003
28.24,6723830.0,4339030.0,4138920.0,1271420.0,8.48453e-05,0.000883722,0.00240319,0.00144154,0.00144389,0.00144409,0.00144719,626.143,0.0003
28.245,6723480.0,4338830.0,4138740.0,1271410.0,8.48432e-05,0.000870326,0.00238984,0.0014415,0.00144385,0.00144405,0.00144714,626.606,0.0003
28.25,6723480.0,4338830.0,4138740.0,1271410.0,8.48432e-05,0.000870326,0.00238984,0.0014415,0.00144385,0.00144405,0.00144714,628.015,0.0003
28.255,6723710.0,4338970.0,4138860.0,1271420.0,8.48446e-05,0.000879397,0.00239888,0.00144153,0.00144388,0.00144408,0.00144717,628.015,0.0003
28.26,6723790.0,4339010.0,4138900.0,1271420.0,8.48451e-05,0.000882373,0.00240184,0.00144154,0.00144389,0.00144409,0.00144718,628.617,0.0003
28.265,6723890.0,4339070.0,4138960.0,1271420.0,8.48457e-05,0.000886247,0.00240571,0.00144155,0.0014439,0.0014441,0.0014472,628.914,0.0003
28.27,6723890.0,4339070.0,4138960.0,1271420.0,8.48457e-05,0.000886247,0.00240571,0.00144155,0.0014439,0.0014441,0.0014472,629.819,0.0003
28.275,6724040.0,4339150.0,4139040.0,1271420.0,8.48467e-05,0.00089207,0.00241151,0.00144157,0.00144392,0.00144412,0.00144722,629.819,0.0003
28.28,6724090.0,4339180.0,4139060.0,1271420.0,8.4847e-05,0.00089398,0.00241341,0.00144158,0.00144393,0.00144413,0.00144722,627.842,0.0003
28.285,6723760.0,4339000.0,4138890.0,1271420.0,8.48449e-05,0.000881261,0.00240074,0.00144154,0.00144389,0.00144409,0.00144718,628.995,0.0003
28.29,6723760.0,4339000.0,4138890.0,1271420.0,8.48449e-05,0.000881261,0.00240074,0.00144154,0.00144389,0.00144409,0.00144718,632.509,0.0003
28.295,6724350.0,4339330.0,4139200.0,1271420.0,8.48486e-05,0.000903877,0.00242327,0.00144161,0.00144396,0.00144416,0.00144726,632.509,0.0003
28.3,6724540.0,4339440.0,4139300.0,1271430.0,8.48498e-05,0.000911295,0.00243067,0.00144164,0.00144399,0.00144419,0.00144728,623.61,0.0003
28.305,6723050.0,4338590.0,4138510.0,1271410.0,8.48405e-05,0.000854022,0.00237359,0.00144144,0.00144379,0.00144399,0.00144709,624.294,0.0003
28.31,6723050.0,4338590.0,4138510.0,1271410.0,8.48405e-05,0.000854022,0.00237359,0.00144144,0.00144379,0.00144399,0.00144709,626.378,0.0003
28.315,6723400.0,4338790.0,4138700.0,1271410.0,8.48427e-05,0.000867438,0.00238696,0.00144149,0.00144384,0.00144404,0.00144713,626.378,0.0003
28.32,6723520.0,4338860.0,4138760.0,1271410.0,8.48434e-05,0.000871839,0.00239135,0.0014415,0.00144385,0.00144405,0.00144715,625.622,0.0003
28.325,6723390.0,4338780.0,4138690.0,1271410.0,8.48426e-05,0.000866967,0.00238649,0.00144149,0.00144384,0.00144404,0.00144713,626.637,0.0003
28.33,6723390.0,4338780.0,4138690.0,1271410.0,8.48426e-05,0.000866967,0.00238649,0.00144149,0.00144384,0.00144404,0.00144713,629.732,0.0003
28.335,6723910.0,4339080.0,4138970.0,1271420.0,8.48458e-05,0.000886889,0.00240634,0.00144155,0.0014439,0.0014441,0.0014472,629.732,0.0003
28.34,6724080.0,4339170.0,4139060.0,1271420.0,8.48469e-05,0.000893423,0.00241286,0.00144158,0.00144393,0.00144413,0.00144722,629.569,0.0003
28.345,6724050.0,4339160.0,4139040.0,1271420.0,8.48467e-05,0.000892374,0.00241181,0.00144157,0.00144392,0.00144412,0.00144722,629.714,0.0003
28.35,6724050.0,4339160.0,4139040.0,1271420.0,8.48467e-05,0.000892374,0.00241181,0.00144157,0.00144392,0.00144412,0.00144722,630.154,0.0003
28.355,6724120.0,4339200.0,4139080.0,1271420.0,8.48472e-05,0.000895206,0.00241463,0.00144158,0.00144393,0.00144413,0.00144723,630.154,0.0003
28.36,6724150.0,4339220.0,4139090.0,1271420.0,8.48473e-05,0.000896135,0.00241556,0.00144159,0.00144394,0.00144414,0.00144723,631.37,0.0003
28.365,6724350.0,4339330.0,4139200.0,1271420.0,8.48486e-05,0.000903961,0.00242336,0.00144161,0.00144396,0.00144416,0.00144726,629.867,0.0003
28.37,6724350.0,4339330.0,4139200.0,1271420.0,8.48486e-05,0.000903961,0.00242336,0.00144161,0.00144396,0.00144416,0.00144726,625.288,0.0003
28.375,6723590.0,4338900.0,4138800.0,1271420.0,8.48438e-05,0.000874485,0.00239398,0.00144151,0.00144386,0.00144406,0.00144716,625.288,0.0003
28.38,6723330.0,4338750.0,4138660.0,1271410.0,8.48423e-05,0.000864817,0.00238435,0.00144148,0.00144383,0.00144403,0.00144712,626.172,0.0003
28.385,6723480.0,4338840.0,4138740.0,1271410.0,8.48432e-05,0.000870512,0.00239002,0.0014415,0.00144385,0.00144405,0.00144714,627.148,0.0003
28.39,6723480.0,4338840.0,4138740.0,1271410.0,8.48432e-05,0.000870512,0.00239002,0.0014415,0.00144385,0.00144405,0.00144714,630.123,0.0003
28.395,6723980.0,4339120.0,4139010.0,1271420.0,8.48463e-05,0.000889657,0.0024091,0.00144156,0.00144391,0.00144411,0.00144721,630.123,0.0003
28.4,6724140.0,4339210.0,4139090.0,1271420.0,8.48473e-05,0.000895937,0.00241536,0.00144159,0.00144394,0.00144414,0.00144723,626.845,0.0003
28.405,6723600.0,4338900.0,4138800.0,1271420.0,8.48439e-05,0.00087484,0.00239434,0.00144151,0.00144386,0.00144406,0.00144716,627.175,0.0003
28.41,6723600.0,4338900.0,4138800.0,1271420.0,8.48439e-05,0.00087484,0.00239434,0.00144151,0.00144386,0.00144406,0.00144716,628.18,0.0003
28.415,6723760.0,4339000.0,4138890.0,1271420.0,8.48449e-05,0.000881311,0.00240079,0.00144154,0.00144389,0.00144409,0.00144718,628.18,0.0003
28.42,6723820.0,4339030.0,4138920.0,1271420.0,8.48453e-05,0.000883434,0.0024029,0.00144154,0.00144389,0.00144409,0.00144719,630.401,0.0003
28.425,6724190.0,4339240.0,4139120.0,1271420.0,8.48476e-05,0.000897726,0.00241714,0.00144159,0.00144394,0.00144414,0.00144724,629.335,0.0003
28.43,6724190.0,4339240.0,4139120.0,1271420.0,8.48476e-05,0.000897726,0.00241714,0.00144159,0.00144394,0.00144414,0.00144724,626.086,0.0003
28.435,6723650.0,4338930.0,4138830.0,1271420.0,8.48442e-05,0.000876817,0.00239631,0.00144152,0.00144387,0.00144407,0.00144716,626.086,0.0003
28.44,6723470.0,4338830.0,4138730.0,1271410.0,8.48431e-05,0.000869959,0.00238947,0.0014415,0.00144385,0.00144405,0.00144714,624.127,0.0003
28.445,6723140.0,4338640.0,4138560.0,1271410.0,8.48411e-05,0.00085735,0.00237691,0.00144146,0.0014438,0.001444,0.0014471,625.195,0.0003
28.45,6723140.0,4338640.0,4138560.0,1271410.0,8.48411e-05,0.00085735,0.00237691,0.00144146,0.0014438,0.001444,0.0014471,628.451,0.0003
28.455,6723690.0,4338950.0,4138850.0,1271420.0,8.48445e-05,0.000878306,0.00239779,0.00144153,0.00144388,0.00144408,0.00144717,628.451,0.0003
28.46,6723860.0,4339050.0,4138940.0,1271420.0,8.48456e-05,0.000885179,0.00240464,0.00144155,0.0014439,0.0014441,0.00144719,626.062,0.0003
28.465,6723460.0,4338830.0,4138730.0,1271410.0,8.48431e-05,0.000869801,0.00238931,0.0014415,0.00144385,0.00144405,0.00144714,626.417,0.0003
28.47,6723460.0,4338830.0,4138730.0,1271410.0,8.48431e-05,0.000869801,0.00238931,0.0014415,0.00144385,0.00144405,0.00144714,627.5,0.0003
28.475,6723650.0,4338930.0,4138830.0,1271420.0,8.48442e-05,0.000876772,0.00239626,0.00144152,0.00144387,0.00144407,0.00144716,627.5,0.0003
28.48,6723700.0,4338960.0,4138860.0,1271420.0,8.48446e-05,0.000879058,0.00239854,0.00144153,0.00144388,0.00144408,0.00144717,625.629,0.0003
28.485,6723390.0,4338790.0,4138690.0,1271410.0,8.48426e-05,0.000867013,0.00238654,0.00144149,0.00144384,0.00144404,0.00144713,626.242,0.0003
28.49,6723390.0,4338790.0,4138690.0,1271410.0,8.48426e-05,0.000867013,0.00238654,0.00144149,0.00144384,0.00144404,0.00144713,628.114,0.0003
28.495,6723700.0,4338960.0,4138860.0,1271420.0,8.48446e-05,0.000879057,0.00239854,0.00144153,0.00144388,0.00144408,0.00144717,628.114,0.0003
28.5,6723810.0,4339020.0,4138910.0,1271420.0,8.48452e-05,0.000883008,0.00240248,0.00144154,0.00144389,0.00144409,0.00144719,627.569,0.0003
28.505,6723720.0,4338970.0,4138870.0,1271420.0,8.48447e-05,0.000879502,0.00239898,0.00144153,0.00144388,0.00144408,0.00144717,626.967,0.0003
28.51,6723720.0,4338970.0,4138870.0,1271420.0,8.48447e-05,0.000879502,0.00239898,0.00144153,0.00144388,0.00144408,0.00144717,625.132,0.0003
28.515,6723410.0,4338800.0,4138700.0,1271410.0,8.48427e-05,0.00086769,0.00238721,0.00144149,0.00144384,0.00144404,0.00144713,625.132,0.0003
28.52,6723310.0,4338740.0,4138650.0,1271410.0,8.48421e-05,0.000863815,0.00238335,0.00144148,0.00144383,0.00144403,0.00144712,628.454,0.0003
28.525,6723860.0,4339050.0,4138940.0,1271420.0,8.48456e-05,0.000885197,0.00240466,0.00144155,0.0014439,0.0014441,0.00144719,628.775,0.0003
28.53,6723860.0,4339050.0,4138940.0,1271420.0,8.48456e-05,0.000885197,0.00240466,0.00144155,0.0014439,0.0014441,0.00144719,629.754,0.0003
28.535,6724030.0,4339150.0,4139030.0,1271420.0,8.48466e-05,0.000891494,0.00241093,0.00144157,0.00144392,0.00144412,0.00144721,629.754,0.0003
28.54,6724080.0,4339180.0,4139060.0,1271420.0,8.48469e-05,0.00089356,0.00241299,0.00144158,0.00144393,0.00144413,0.00144722,627.413,0.0003
28.545,6723690.0,4338960.0,4138850.0,1271420.0,8.48445e-05,0.000878497,0.00239798,0.00144153,0.00144388,0.00144408,0.00144717,626.903,0.0003
28.55,6723690.0,4338960.0,4138850.0,1271420.0,8.48445e-05,0.000878497,0.00239798,0.00144153,0.00144388,0.00144408,0.00144717,625.349,0.0003
28.555,6723430.0,4338810.0,4138710.0,1271420.0,8.48429e-05,0.000868495,0.00238801,0.00144149,0.00144384,0.00144404,0.00144714,625.349,0.0003
28.56,6723350.0,4338760.0,4138670.0,1271410.0,8.48423e-05,0.000865215,0.00238474,0.00144148,0.00144383,0.00144403,0.00144712,630.356,0.0003
28.565,6724180.0,4339240.0,4139110.0,1271420.0,8.48476e-05,0.000897436,0.00241686,0.00144159,0.00144394,0.00144414,0.00144723,629.556,0.0003
28.57,6724180.0,4339240.0,4139110.0,1271420.0,8.48476e-05,0.000897436,0.00241686,0.00144159,0.00144394,0.00144414,0.00144723,627.118,0.0003
28.575,6723770.0,4339000.0,4138900.0,1271420.0,8.4845e-05,0.000881745,0.00240122,0.00144154,0.00144389,0.00144409,0.00144718,627.118,0.0003
28.58,6723640.0,4338930.0,4138830.0,1271420.0,8.48442e-05,0.000876598,0.00239609,0.00144152,0.00144387,0.00144407,0.00144716,629.234,0.0003
28.585,6723990.0,4339130.0,4139010.0,1271420.0,8.48464e-05,0.000890215,0.00240966,0.00144157,0.00144392,0.00144412,0.00144721,629.049,0.0003
28.59,6723990.0,4339130.0,4139010.0,1271420.0,8.48464e-05,0.000890215,0.00240966,0.00144157,0.00144392,0.00144412,0.00144721,628.485,0.0003
28.595,6723900.0,4339080.0,4138960.0,1271420.0,8.48458e-05,0.000886586,0.00240604,0.00144155,0.0014439,0.0014441,0.0014472,628.485,0.0003
28.6,6723870.0,4339060.0,4138950.0,1271420.0,8.48456e-05,0.000885396,0.00240486,0.00144155,0.0014439,0.0014441,0.00144719,630.943,0.0003
28.605,6724280.0,4339290.0,4139170.0,1271430.0,8.48482e-05,0.000901216,0.00242062,0.0014416,0.00144395,0.00144415,0.00144725,630.888,0.0003
28.61,6724280.0,4339290.0,4139170.0,1271430.0,8.48482e-05,0.000901216,0.00242062,0.0014416,0.00144395,0.00144415,0.00144725,630.721,0.0003
28.615,6724250.0,4339280.0,4139150.0,1271430.0,8.4848e-05,0.000900141,0.00241955,0.0014416,0.00144395,0.00144415,0.00144724,630.721,0.0003
28.62,6724240.0,4339270.0,4139150.0,1271430.0,8.48479e-05,0.000899789,0.0024192,0.0014416,0.00144395,0.00144415,0.00144724,629.756,0.0003
28.625,6724080.0,4339180.0,4139060.0,1271420.0,8.48469e-05,0.000893574,0.00241301,0.00144158,0.00144393,0.00144413,0.00144722,629.005,0.0003
28.63,6724080.0,4339180.0,4139060.0,1271420.0,8.48469e-05,0.000893574,0.00241301,0.00144158,0.00144393,0.00144413,0.00144722,626.717,0.0003
28.635,6723700.0,4338960.0,4138860.0,1271420.0,8.48445e-05,0.000878847,0.00239833,0.00144153,0.00144388,0.00144408,0.00144717,626.717,0.0003
28.64,6723570.0,4338890.0,4138790.0,1271420.0,8.48438e-05,0.000874017,0.00239352,0.00144151,0.00144386,0.00144406,0.00144715,629.014,0.0003
28.645,6723960.0,4339110.0,4138990.0,1271420.0,8.48462e-05,0.000888799,0.00240825,0.00144156,0.00144391,0.00144411,0.0014472,628.825,0.0003
28.65,6723960.0,4339110.0,4138990.0,1271420.0,8.48462e-05,0.000888799,0.00240825,0.00144156,0.00144391,0.00144411,0.0014472,628.25,0.0003
28.655,6723860.0,4339050.0,4138940.0,1271420.0,8.48456e-05,0.000885097,0.00240456,0.00144155,0.0014439,0.0014441,0.00144719,628.25,0.0003
28.66,6723830.0,4339040.0,4138930.0,1271420.0,8.48454e-05,0.000883883,0.00240335,0.00144154,0.00144389,0.00144409,0.00144719,631.439,0.0003
28.665,6724360.0,4339340.0,4139210.0,1271430.0,8.48487e-05,0.000904406,0.0024238,0.00144161,0.00144396,0.00144416,0.00144726,630.848,0.0003
28.67,6724360.0,4339340.0,4139210.0,1271430.0,8.48487e-05,0.000904406,0.0024238,0.00144161,0.00144396,0.00144416,0.00144726,629.048,0.0003
28.675,6724060.0,4339170.0,4139050.0,1271420.0,8.48468e-05,0.000892822,0.00241226,0.00144157,0.00144392,0.00144412,0.00144722,629.048,0.0003
28.68,6723960.0,4339110.0,4139000.0,1271420.0,8.48462e-05,0.000889022,0.00240847,0.00144156,0.00144391,0.00144411,0.00144721,626.653,0.0003
28.685,6723560.0,4338880.0,4138790.0,1271420.0,8.48437e-05,0.000873606,0.00239311,0.00144151,0.00144386,0.00144406,0.00144715,626.825,0.0003
28.69,6723560.0,4338880.0,4138790.0,1271420.0,8.48437e-05,0.000873606,0.00239311,0.00144151,0.00144386,0.00144406,0.00144715,627.351,0.0003
28.695,6723650.0,4338930.0,4138830.0,1271420.0,8.48442e-05,0.000876988,0.00239648,0.00144152,0.00144387,0.00144407,0.00144716,627.351,0.0003
28.7,6723680.0,4338950.0,4138850.0,1271420.0,8.48444e-05,0.000878097,0.00239758,0.00144152,0.00144387,0.00144407,0.00144717,629.746,0.0003
28.705,6724080.0,4339180.0,4139060.0,1271420.0,8.48469e-05,0.000893514,0.00241295,0.00144158,0.00144393,0.00144413,0.00144722,629.719,0.0003
28.71,6724080.0,4339180.0,4139060.0,1271420.0,8.48469e-05,0.000893514,0.00241295,0.00144158,0.00144393,0.00144413,0.00144722,629.635,0.0003
28.715,6724070.0,4339170.0,4139050.0,1271420.0,8.48468e-05,0.000892974,0.00241241,0.00144157,0.00144392,0.00144412,0.00144722,629.635,0.0003
28.72,6724060.0,4339170.0,4139050.0,1271420.0,8.48468e-05,0.000892797,0.00241223,0.00144157,0.00144392,0.00144412,0.00144722,628.726,0.0003
28.725,6723910.0,4339080.0,4138970.0,1271420.0,8.48459e-05,0.00088695,0.0024064,0.00144155,0.0014439,0.0014441,0.0014472,629.711,0.0003
28.73,6723910.0,4339080.0,4138970.0,1271420.0,8.48459e-05,0.00088695,0.0024064,0.00144155,0.0014439,0.0014441,0.0014472,632.711,0.0003
28.735,6724410.0,4339370.0,4139240.0,1271430.0,8.4849e-05,0.000906262,0.00242565,0.00144162,0.00144397,0.00144417,0.00144726,632.711,0.0003
28.74,6724580.0,4339460.0,4139320.0,1271430.0,8.485e-05,0.000912597,0.00243196,0.00144164,0.00144399,0.00144419,0.00144729,630.643,0.0003
28.745,6724230.0,4339260.0,4139140.0,1271430.0,8.48479e-05,0.000899288,0.0024187,0.0014416,0.00144395,0.00144415,0.00144724,630.105,0.0003
28.75,6724230.0,4339260.0,4139140.0,1271430.0,8.48479e-05,0.000899288,0.0024187,0.0014416,0.00144395,0.00144415,0.00144724,628.464,0.0003
28.755,6723960.0,4339110.0,4138990.0,1271420.0,8.48461e-05,0.000888727,0.00240818,0.00144156,0.00144391,0.00144411,0.0014472,628.464,0.0003
28.76,6723870.0,4339060.0,4138950.0,1271420.0,8.48456e-05,0.000885263,0.00240472,0.00144155,0.0014439,0.0014441,0.00144719,625.736,0.0003
28.765,6723410.0,4338800.0,4138700.0,1271420.0,8.48427e-05,0.000867701,0.00238722,0.00144149,0.00144384,0.00144404,0.00144713,626.788,0.0003
28.77,6723410.0,4338800.0,4138700.0,1271420.0,8.48427e-05,0.000867701,0.00238722,0.00144149,0.00144384,0.00144404,0.00144713,629.998,0.0003
28.775,6723950.0,4339100.0,4138990.0,1271420.0,8.48461e-05,0.000888359,0.00240781,0.00144156,0.00144391,0.00144411,0.0014472,629.998,0.0003
28.78,6724120.0,4339200.0,4139080.0,1271430.0,8.48472e-05,0.000895135,0.00241456,0.00144158,0.00144393,0.00144413,0.00144723,630.342,0.0003
28.785,6724180.0,4339240.0,4139110.0,1271430.0,8.48475e-05,0.00089735,0.00241677,0.00144159,0.00144394,0.00144414,0.00144723,629.781,0.0003
28.79,6724180.0,4339240.0,4139110.0,1271430.0,8.48475e-05,0.00089735,0.00241677,0.00144159,0.00144394,0.00144414,0.00144723,628.071,0.0003
28.795,6723890.0,4339070.0,4138960.0,1271420.0,8.48458e-05,0.000886342,0.0024058,0.00144155,0.0014439,0.0014441,0.0014472,628.071,0.0003
28.8,6723800.0,4339020.0,4138910.0,1271420.0,8.48452e-05,0.000882732,0.0024022,0.00144154,0.00144389,0.00144409,0.00144718,625.301,0.0003
28.805,6723340.0,4338760.0,4138670.0,1271420.0,8.48423e-05,0.000864907,0.00238444,0.00144148,0.00144383,0.00144403,0.00144712,626.021,0.0003
28.81,6723340.0,4338760.0,4138670.0,1271420.0,8.48423e-05,0.000864907,0.00238444,0.00144148,0.00144383,0.00144403,0.00144712,628.215,0.0003
28.815,6723700.0,4338960.0,4138860.0,1271420.0,8.48446e-05,0.000879028,0.00239851,0.00144153,0.00144388,0.00144408,0.00144717,628.215,0.0003
28.82,6723820.0,4339030.0,4138920.0,1271420.0,8.48453e-05,0.00088366,0.00240313,0.00144154,0.00144389,0.00144409,0.00144719,628.2,0.0003
28.825,6723820.0,4339030.0,4138920.0,1271420.0,8.48453e-05,0.000883562,0.00240303,0.00144154,0.00144389,0.00144409,0.00144719,628.654,0.0003
28.83,6723820.0,4339030.0,4138920.0,1271420.0,8.48453e-05,0.000883562,0.00240303,0.00144154,0.00144389,0.00144409,0.00144719,630.037,0.0003
28.835,6724050.0,4339160.0,4139050.0,1271430.0,8.48468e-05,0.000892465,0.0024119,0.00144157,0.00144392,0.00144412,0.00144722,630.037,0.0003
28.84,6724130.0,4339210.0,4139090.0,1271430.0,8.48472e-05,0.000895385,0.00241481,0.00144158,0.00144393,0.00144413,0.00144723,631.523,0.0003
28.845,6724380.0,4339350.0,4139220.0,1271430.0,8.48488e-05,0.000904946,0.00242434,0.00144162,0.00144396,0.00144417,0.00144726,631.956,0.0003
28.85,6724380.0,4339350.0,4139220.0,1271430.0,8.48488e-05,0.000904946,0.00242434,0.00144162,0.00144396,0.00144417,0.00144726,633.277,0.0003
28.855,6724600.0,4339470.0,4139340.0,1271430.0,8.48501e-05,0.00091345,0.00243281,0.00144164,0.00144399,0.00144419,0.00144729,633.277,0.0003
28.86,6724670.0,4339510.0,4139370.0,1271430.0,8.48506e-05,0.00091624,0.00243559,0.00144165,0.001444,0.0014442,0.0014473,629.054,0.0003
28.865,6723960.0,4339110.0,4139000.0,1271430.0,8.48462e-05,0.00088906,0.00240851,0.00144156,0.00144391,0.00144411,0.00144721,629.046,0.0003
28.87,6723960.0,4339110.0,4139000.0,1271430.0,8.48462e-05,0.00088906,0.00240851,0.00144156,0.00144391,0.00144411,0.00144721,629.022,0.0003
28.875,6723960.0,4339110.0,4139000.0,1271430.0,8.48462e-05,0.000888905,0.00240835,0.00144156,0.00144391,0.00144411,0.0014472,629.022,0.0003
28.88,6723960.0,4339110.0,4139000.0,1271430.0,8.48462e-05,0.000888854,0.0024083,0.00144156,0.00144391,0.00144411,0.0014472,628.379,0.0003
28.885,6723850.0,4339050.0,4138940.0,1271420.0,8.48455e-05,0.000884717,0.00240418,0.00144155,0.0014439,0.0014441,0.00144719,628.565,0.0003
28.89,6723850.0,4339050.0,4138940.0,1271420.0,8.48455e-05,0.000884717,0.00240418,0.00144155,0.0014439,0.0014441,0.00144719,629.131,0.0003
28.895,6723950.0,4339100.0,4138990.0,1271430.0,8.48461e-05,0.000888358,0.00240781,0.00144156,0.00144391,0.00144411,0.0014472,629.131,0.0003
28.9,6723980.0,4339120.0,4139010.0,1271430.0,8.48463e-05,0.000889553,0.002409,0.00144156,0.00144391,0.00144411,0.00144721,631.782,0.0003
28.905,6724420.0,4339370.0,4139240.0,1271430.0,8.4849e-05,0.000906615,0.002426,0.00144162,0.00144397,0.00144417,0.00144727,631.268,0.0003
28.91,6724420.0,4339370.0,4139240.0,1271430.0,8.4849e-05,0.000906615,0.002426,0.00144162,0.00144397,0.00144417,0.00144727,629.7,0.0003
28.915,6724160.0,4339220.0,4139100.0,1271430.0,8.48474e-05,0.000896526,0.00241595,0.00144159,0.00144394,0.00144414,0.00144723,629.7,0.0003
28.92,6724070.0,4339170.0,4139060.0,1271430.0,8.48469e-05,0.000893217,0.00241265,0.00144158,0.00144393,0.00144413,0.00144722,627.14,0.0003
28.925,6723640.0,4338930.0,4138830.0,1271420.0,8.48442e-05,0.000876742,0.00239623,0.00144152,0.00144387,0.00144407,0.00144716,627.032,0.0003
28.93,6723640.0,4338930.0,4138830.0,1271420.0,8.48442e-05,0.000876742,0.00239623,0.00144152,0.00144387,0.00144407,0.00144716,626.703,0.0003
28.935,6723590.0,4338900.0,4138800.0,1271420.0,8.48439e-05,0.000874622,0.00239412,0.00144151,0.00144386,0.00144406,0.00144716,626.703,0.0003
28.94,6723570.0,4338890.0,4138790.0,1271420.0,8.48438e-05,0.000873927,0.00239343,0.00144151,0.00144386,0.00144406,0.00144715,629.351,0.0003
28.945,6724010.0,4339140.0,4139030.0,1271430.0,8.48465e-05,0.000890972,0.00241041,0.00144157,0.00144392,0.00144412,0.00144721,629.367,0.0003
28.95,6724010.0,4339140.0,4139030.0,1271430.0,8.48465e-05,0.000890973,0.00241041,0.00144157,0.00144392,0.00144412,0.00144721,629.416,0.0003
28.955,6724020.0,4339150.0,4139030.0,1271430.0,8.48466e-05,0.000891288,0.00241073,0.00144157,0.00144392,0.00144412,0.00144721,629.416,0.0003
28.96,6724020.0,4339150.0,4139030.0,1271430.0,8.48466e-05,0.000891391,0.00241083,0.00144157,0.00144392,0.00144412,0.00144721,627.942,0.0003
28.965,6723780.0,4339010.0,4138900.0,1271420.0,8.4845e-05,0.000881902,0.00240137,0.00144154,0.00144389,0.00144409,0.00144718,628.193,0.0003
28.97,6723780.0,4339010.0,4138900.0,1271420.0,8.4845e-05,0.000881902,0.00240137,0.00144154,0.00144389,0.00144409,0.00144718,628.958,0.0003
28.975,6723910.0,4339080.0,4138970.0,1271430.0,8.48458e-05,0.000886824,0.00240628,0.00144155,0.0014439,0.0014441,0.0014472,628.958,0.0003
28.98,6723950.0,4339100.0,4138990.0,1271430.0,8.48461e-05,0.000888439,0.00240789,0.00144156,0.00144391,0.00144411,0.0014472,631.326,0.0003
28.985,6724340.0,4339330.0,4139200.0,1271430.0,8.48486e-05,0.000903682,0.00242308,0.00144161,0.00144396,0.00144416,0.00144726,630.146,0.0003
28.99,6724340.0,4339330.0,4139200.0,1271430.0,8.48486e-05,0.000903682,0.00242308,0.00144161,0.00144396,0.00144416,0.00144726,626.549,0.0003
28.995,6723740.0,4338990.0,4138880.0,1271420.0,8.48448e-05,0.000880531,0.00240001,0.00144153,0.00144388,0.00144408,0.00144718,626.549,0.0003
29.0,6723550.0,4338880.0,4138780.0,1271420.0,8.48436e-05,0.000872938,0.00239244,0.00144151,0.00144386,0.00144406,0.00144715,627.345,0.0003
29.005,6723680.0,4338950.0,4138850.0,1271420.0,8.48444e-05,0.000878063,0.00239755,0.00144152,0.00144387,0.00144407,0.00144717,628.933,0.0003
29.01,6723680.0,4338950.0,4138850.0,1271420.0,8.48444e-05,0.000878063,0.00239755,0.00144152,0.00144387,0.00144407,0.00144717,633.775,0.0003
29.015,6724490.0,4339410.0,4139280.0,1271430.0,8.48495e-05,0.000909223,0.0024286,0.00144163,0.00144398,0.00144418,0.00144727,633.775,0.0003
29.02,6724750.0,4339560.0,4139420.0,1271440.0,8.48511e-05,0.000919444,0.00243879,0.00144166,0.00144401,0.00144421,0.00144731,631.403,0.0003
29.025,6724360.0,4339340.0,4139210.0,1271430.0,8.48486e-05,0.00090418,0.00242358,0.00144161,0.00144396,0.00144416,0.00144726,630.727,0.0003
29.03,6724360.0,4339340.0,4139210.0,1271430.0,8.48486e-05,0.00090418,0.00242358,0.00144161,0.00144396,0.00144416,0.00144726,628.665,0.0003
29.035,6724010.0,4339140.0,4139030.0,1271430.0,8.48465e-05,0.00089091,0.00241035,0.00144157,0.00144392,0.00144412,0.00144721,628.665,0.0003
29.04,6723900.0,4339080.0,4138970.0,1271430.0,8.48458e-05,0.000886557,0.00240601,0.00144155,0.0014439,0.0014441,0.0014472,627.018,0.0003
29.045,6723620.0,4338920.0,4138820.0,1271420.0,8.48441e-05,0.000875958,0.00239545,0.00144152,0.00144387,0.00144407,0.00144716,628.502,0.0003
29.05,6723620.0,4338920.0,4138820.0,1271420.0,8.48441e-05,0.000875958,0.00239545,0.00144152,0.00144387,0.00144407,0.00144716,633.023,0.0003
29.055,6724380.0,4339350.0,4139220.0,1271430.0,8.48488e-05,0.000905061,0.00242445,0.00144162,0.00144397,0.00144417,0.00144726,633.023,0.0003
29.06,6724630.0,4339490.0,4139350.0,1271440.0,8.48503e-05,0.000914606,0.00243397,0.00144165,0.001444,0.0014442,0.00144729,630.042,0.0003
29.065,6724130.0,4339210.0,4139090.0,1271430.0,8.48472e-05,0.000895419,0.00241484,0.00144158,0.00144393,0.00144413,0.00144723,629.726,0.0003
29.07,6724130.0,4339210.0,4139090.0,1271430.0,8.48472e-05,0.000895419,0.00241484,0.00144158,0.00144393,0.00144413,0.00144723,628.763,0.0003
29.075,6723970.0,4339120.0,4139000.0,1271430.0,8.48462e-05,0.00088922,0.00240867,0.00144156,0.00144391,0.00144411,0.00144721,628.763,0.0003
29.08,6723920.0,4339090.0,4138970.0,1271430.0,8.48459e-05,0.000887186,0.00240664,0.00144155,0.0014439,0.0014441,0.0014472,628.212,0.0003
29.085,6723820.0,4339030.0,4138930.0,1271430.0,8.48453e-05,0.000883639,0.0024031,0.00144154,0.00144389,0.00144409,0.00144719,628.806,0.0003
29.09,6723820.0,4339030.0,4138930.0,1271430.0,8.48453e-05,0.000883639,0.0024031,0.00144154,0.00144389,0.00144409,0.00144719,630.616,0.0003
29.095,6724130.0,4339210.0,4139090.0,1271430.0,8.48472e-05,0.000895292,0.00241472,0.00144158,0.00144393,0.00144413,0.00144723,630.616,0.0003
29.1,6724230.0,4339260.0,4139140.0,1271430.0,8.48478e-05,0.000899115,0.00241853,0.0014416,0.00144394,0.00144414,0.00144724,628.763,0.0003
29.105,6723920.0,4339090.0,4138970.0,1271430.0,8.48459e-05,0.000887183,0.00240664,0.00144155,0.0014439,0.0014441,0.0014472,629.46,0.0003
29.11,6723920.0,4339090.0,4138970.0,1271430.0,8.48459e-05,0.000887183,0.00240664,0.00144155,0.0014439,0.0014441,0.0014472,631.587,0.0003
29.115,6724270.0,4339290.0,4139160.0,1271430.0,8.48481e-05,0.000900871,0.00242028,0.0014416,0.00144395,0.00144415,0.00144725,631.587,0.0003
29.12,6724390.0,4339350.0,4139230.0,1271430.0,8.48488e-05,0.000905361,0.00242475,0.00144162,0.00144397,0.00144417,0.00144726,630.046,0.0003
29.125,6724130.0,4339210.0,4139090.0,1271430.0,8.48472e-05,0.000895446,0.00241487,0.00144158,0.00144393,0.00144413,0.00144723,629.318,0.0003
29.13,6724130.0,4339210.0,4139090.0,1271430.0,8.48472e-05,0.000895446,0.00241487,0.00144158,0.00144393,0.00144413,0.00144723,627.099,0.0003
29.135,6723760.0,4339000.0,4138890.0,1271430.0,8.48449e-05,0.000881163,0.00240064,0.00144153,0.00144388,0.00144408,0.00144718,627.099,0.0003
29.14,6723640.0,4338930.0,4138830.0,1271420.0,8.48442e-05,0.000876478,0.00239597,0.00144152,0.00144387,0.00144407,0.00144716,627.571,0.0003
29.145,6723720.0,4338970.0,4138870.0,1271430.0,8.48447e-05,0.000879516,0.002399,0.00144153,0.00144388,0.00144408,0.00144717,627.608,0.0003
29.15,6723720.0,4338970.0,4138870.0,1271430.0,8.48447e-05,0.000879516,0.002399,0.00144153,0.00144388,0.00144408,0.00144717,627.719,0.0003
29.155,6723740.0,4338980.0,4138880.0,1271430.0,8.48448e-05,0.000880233,0.00239971,0.00144153,0.00144388,0.00144408,0.00144717,627.719,0.0003
29.16,6723740.0,4338990.0,4138880.0,1271430.0,8.48448e-05,0.000880468,0.00239994,0.00144153,0.00144388,0.00144408,0.00144718,630.684,0.0003
29.165,6724240.0,4339270.0,4139150.0,1271430.0,8.48479e-05,0.000899548,0.00241896,0.0014416,0.00144395,0.00144415,0.00144724,629.554,0.0003
29.17,6724240.0,4339270.0,4139150.0,1271430.0,8.48479e-05,0.000899548,0.00241896,0.0014416,0.00144395,0.00144415,0.00144724,626.111,0.0003
29.175,6723660.0,4338940.0,4138840.0,1271430.0,8.48443e-05,0.000877385,0.00239687,0.00144152,0.00144387,0.00144407,0.00144717,626.111,0.0003
29.18,6723470.0,4338840.0,4138740.0,1271420.0,8.48431e-05,0.000870116,0.00238963,0.0014415,0.00144385,0.00144405,0.00144714,629.278,0.0003
29.185,6724000.0,4339140.0,4139020.0,1271430.0,8.48464e-05,0.000890503,0.00240995,0.00144157,0.00144392,0.00144412,0.00144721,628.929,0.0003
29.19,6724000.0,4339140.0,4139020.0,1271430.0,8.48464e-05,0.000890503,0.00240995,0.00144157,0.00144392,0.00144412,0.00144721,627.863,0.0003
29.195,6723820.0,4339030.0,4138930.0,1271430.0,8.48453e-05,0.000883643,0.00240311,0.00144154,0.00144389,0.00144409,0.00144719,627.863,0.0003
29.2,6723770.0,4339000.0,4138900.0,1271430.0,8.4845e-05,0.000881393,0.00240087,0.00144154,0.00144388,0.00144408,0.00144718,628.427,0.0003
29.205,6723860.0,4339060.0,4138950.0,1271430.0,8.48455e-05,0.000885022,0.00240448,0.00144155,0.0014439,0.0014441,0.00144719,629.253,0.0003
29.21,6723860.0,4339060.0,4138950.0,1271430.0,8.48455e-05,0.000885022,0.00240448,0.00144155,0.0014439,0.0014441,0.00144719,631.772,0.0003
29.215,6724280.0,4339290.0,4139170.0,1271430.0,8.48482e-05,0.000901233,0.00242064,0.0014416,0.00144395,0.00144415,0.00144725,631.772,0.0003
29.22,6724420.0,4339370.0,4139240.0,1271430.0,8.4849e-05,0.000906551,0.00242594,0.00144162,0.00144397,0.00144417,0.00144726,628.859,0.0003
29.225,6723930.0,4339100.0,4138980.0,1271430.0,8.4846e-05,0.000887803,0.00240725,0.00144156,0.00144391,0.00144411,0.0014472,628.903,0.0003
29.23,6723930.0,4339100.0,4138980.0,1271430.0,8.4846e-05,0.000887803,0.00240725,0.00144156,0.00144391,0.00144411,0.0014472,629.038,0.0003
29.235,6723950.0,4339110.0,4139000.0,1271430.0,8.48461e-05,0.00088867,0.00240812,0.00144156,0.00144391,0.00144411,0.0014472,629.038,0.0003
29.24,6723960.0,4339110.0,4139000.0,1271430.0,8.48462e-05,0.000888954,0.0024084,0.00144156,0.00144391,0.00144411,0.0014472,629.801,0.0003
29.245,6724090.0,4339190.0,4139070.0,1271430.0,8.4847e-05,0.000893864,0.00241329,0.00144158,0.00144393,0.00144413,0.00144722,628.459,0.0003
29.25,6724090.0,4339190.0,4139070.0,1271430.0,8.4847e-05,0.000893864,0.00241329,0.00144158,0.00144393,0.00144413,0.00144722,624.368,0.0003
29.255,6723410.0,4338800.0,4138700.0,1271420.0,8.48427e-05,0.000867538,0.00238706,0.00144149,0.00144384,0.00144404,0.00144713,624.368,0.0003
29.26,6723180.0,4338670.0,4138590.0,1271420.0,8.48413e-05,0.000858903,0.00237845,0.00144146,0.00144381,0.00144401,0.0014471,629.447,0.0003
29.265,6724030.0,4339150.0,4139040.0,1271430.0,8.48466e-05,0.000891588,0.00241103,0.00144157,0.00144392,0.00144412,0.00144721,629.226,0.0003
29.27,6724030.0,4339150.0,4139040.0,1271430.0,8.48466e-05,0.000891588,0.00241103,0.00144157,0.00144392,0.00144412,0.00144721,628.554,0.0003
29.275,6723920.0,4339090.0,4138980.0,1271430.0,8.48459e-05,0.000887259,0.00240671,0.00144155,0.0014439,0.0014441,0.0014472,628.554,0.0003
29.28,6723880.0,4339070.0,4138960.0,1271430.0,8.48457e-05,0.000885839,0.0024053,0.00144155,0.0014439,0.0014441,0.00144719,625.198,0.0003
29.285,6723320.0,4338750.0,4138660.0,1271420.0,8.48422e-05,0.000864242,0.00238377,0.00144148,0.00144383,0.00144403,0.00144712,625.317,0.0003
29.29,6723320.0,4338750.0,4138660.0,1271420.0,8.48422e-05,0.000864242,0.00238377,0.00144148,0.00144383,0.00144403,0.00144712,625.681,0.0003
29.295,6723380.0,4338780.0,4138690.0,1271420.0,8.48426e-05,0.000866584,0.00238611,0.00144149,0.00144383,0.00144403,0.00144713,625.681,0.0003
29.3,6723400.0,4338790.0,4138700.0,1271420.0,8.48427e-05,0.000867352,0.00238687,0.00144149,0.00144384,0.00144404,0.00144713,626.883,0.0003
29.305,6723600.0,4338910.0,4138810.0,1271430.0,8.48439e-05,0.000875087,0.00239458,0.00144151,0.00144386,0.00144406,0.00144716,627.49,0.0003
29.31,6723600.0,4338910.0,4138810.0,1271430.0,8.48439e-05,0.000875087,0.00239458,0.00144151,0.00144386,0.00144406,0.00144716,629.342,0.0003
29.315,6723910.0,4339080.0,4138970.0,1271430.0,8.48459e-05,0.000887003,0.00240646,0.00144155,0.0014439,0.0014441,0.0014472,629.342,0.0003
29.32,6724010.0,4339140.0,4139030.0,1271430.0,8.48465e-05,0.000890912,0.00241035,0.00144157,0.00144392,0.00144412,0.00144721,626.091,0.0003
29.325,6723470.0,4338830.0,4138740.0,1271420.0,8.48431e-05,0.000869987,0.0023895,0.0014415,0.00144385,0.00144405,0.00144714,625.909,0.0003
29.33,6723470.0,4338830.0,4138740.0,1271420.0,8.48431e-05,0.000869987,0.0023895,0.0014415,0.00144385,0.00144405,0.00144714,625.357,0.0003
29.335,6723380.0,4338780.0,4138690.0,1271420.0,8.48425e-05,0.00086643,0.00238595,0.00144148,0.00144383,0.00144403,0.00144713,625.357,0.0003
29.34,6723350.0,4338760.0,4138670.0,1271420.0,8.48423e-05,0.000865264,0.00238479,0.00144148,0.00144383,0.00144403,0.00144712,628.654,0.0003
29.345,6723900.0,4339080.0,4138970.0,1271430.0,8.48458e-05,0.000886484,0.00240594,0.00144155,0.0014439,0.0014441,0.0014472,629.171,0.0003
29.35,6723900.0,4339080.0,4138970.0,1271430.0,8.48458e-05,0.000886484,0.00240594,0.00144155,0.0014439,0.0014441,0.0014472,630.747,0.0003
29.355,6724160.0,4339230.0,4139110.0,1271430.0,8.48474e-05,0.000896627,0.00241605,0.00144159,0.00144394,0.00144414,0.00144723,630.747,0.0003
29.36,6724250.0,4339280.0,4139150.0,1271430.0,8.4848e-05,0.000899954,0.00241936,0.0014416,0.00144395,0.00144415,0.00144724,628.608,0.0003
29.365,6723890.0,4339070.0,4138960.0,1271430.0,8.48457e-05,0.00088619,0.00240565,0.00144155,0.0014439,0.0014441,0.00144719,628.55,0.0003
29.37,6723890.0,4339070.0,4138960.0,1271430.0,8.48457e-05,0.00088619,0.00240565,0.00144155,0.0014439,0.0014441,0.00144719,628.371,0.0003
29.375,6723860.0,4339060.0,4138950.0,1271430.0,8.48455e-05,0.000885039,0.0024045,0.00144155,0.0014439,0.0014441,0.00144719,628.371,0.0003
29.38,6723850.0,4339050.0,4138940.0,1271430.0,8.48455e-05,0.000884662,0.00240412,0.00144155,0.0014439,0.0014441,0.00144719,627.235,0.0003
29.385,6723660.0,4338940.0,4138840.0,1271430.0,8.48443e-05,0.000877352,0.00239684,0.00144152,0.00144387,0.00144407,0.00144716,627.292,0.0003
29.39,6723660.0,4338940.0,4138840.0,1271430.0,8.48443e-05,0.000877352,0.00239684,0.00144152,0.00144387,0.00144407,0.00144716,627.465,0.0003
29.395,6723690.0,4338960.0,4138860.0,1271430.0,8.48445e-05,0.000878466,0.00239795,0.00144153,0.00144387,0.00144407,0.00144717,627.465,0.0003
29.4,6723700.0,4338960.0,4138860.0,1271430.0,8.48445e-05,0.000878832,0.00239831,0.00144153,0.00144388,0.00144408,0.00144717,628.07,0.0003
29.405,6723800.0,4339020.0,4138910.0,1271430.0,8.48452e-05,0.000882724,0.00240219,0.00144154,0.00144389,0.00144409,0.00144718,627.85,0.0003
29.41,6723800.0,4339020.0,4138910.0,1271430.0,8.48452e-05,0.000882724,0.00240219,0.00144154,0.00144389,0.00144409,0.00144718,627.18,0.0003
29.415,6723690.0,4338960.0,4138860.0,1271430.0,8.48445e-05,0.000878415,0.0023979,0.00144152,0.00144387,0.00144407,0.00144717,627.18,0.0003
29.42,6723650.0,4338940.0,4138840.0,1271430.0,8.48442e-05,0.000877002,0.00239649,0.00144152,0.00144387,0.00144407,0.00144716,627.659,0.0003
29.425,6723730.0,4338980.0,4138880.0,1271430.0,8.48447e-05,0.000880084,0.00239956,0.00144153,0.00144388,0.00144408,0.00144717,628.427,0.0003
29.43,6723730.0,4338980.0,4138880.0,1271430.0,8.48447e-05,0.000880084,0.00239956,0.00144153,0.00144388,0.00144408,0.00144717,630.765,0.0003
29.435,6724120.0,4339210.0,4139090.0,1271430.0,8.48472e-05,0.000895137,0.00241456,0.00144158,0.00144393,0.00144413,0.00144723,630.765,0.0003
29.44,6724250.0,4339280.0,4139150.0,1271430.0,8.4848e-05,0.000900074,0.00241948,0.0014416,0.00144395,0.00144415,0.00144724,627.94,0.0003
29.445,6723780.0,4339010.0,4138900.0,1271430.0,8.4845e-05,0.000881888,0.00240136,0.00144154,0.00144389,0.00144409,0.00144718,628.064,0.0003
29.45,6723780.0,4339010.0,4138900.0,1271430.0,8.4845e-05,0.000881888,0.00240136,0.00144154,0.00144389,0.00144409,0.00144718,628.441,0.0003
29.455,6723840.0,4339050.0,4138940.0,1271430.0,8.48454e-05,0.000884319,0.00240378,0.00144154,0.00144389,0.00144409,0.00144719,628.441,0.0003
29.46,6723860.0,4339060.0,4138950.0,1271430.0,8.48456e-05,0.000885116,0.00240458,0.00144155,0.0014439,0.0014441,0.00144719,630.903,0.0003
29.465,6724270.0,4339290.0,4139170.0,1271440.0,8.48481e-05,0.00090096,0.00242037,0.0014416,0.00144395,0.00144415,0.00144725,629.217,0.0003
29.47,6724270.0,4339290.0,4139170.0,1271440.0,8.48481e-05,0.00090096,0.00242037,0.0014416,0.00144395,0.00144415,0.00144725,624.077,0.0003
29.475,6723410.0,4338800.0,4138710.0,1271430.0,8.48428e-05,0.000867879,0.0023874,0.00144149,0.00144384,0.00144404,0.00144713,624.077,0.0003
29.48,6723130.0,4338640.0,4138560.0,1271420.0,8.4841e-05,0.000857029,0.00237658,0.00144145,0.0014438,0.001444,0.0014471,631.439,0.0003
29.485,6724360.0,4339340.0,4139210.0,1271440.0,8.48487e-05,0.000904407,0.0024238,0.00144161,0.00144396,0.00144416,0.00144726,630.814,0.0003
29.49,6724360.0,4339340.0,4139210.0,1271440.0,8.48487e-05,0.000904407,0.0024238,0.00144161,0.00144396,0.00144416,0.00144726,628.911,0.0003
29.495,6724040.0,4339160.0,4139050.0,1271430.0,8.48467e-05,0.000892155,0.00241159,0.00144157,0.00144392,0.00144412,0.00144722,628.911,0.0003
29.5,6723940.0,4339100.0,4138990.0,1271430.0,8.48461e-05,0.000888136,0.00240759,0.00144156,0.00144391,0.00144411,0.0014472,629.604,0.0003
29.505,6724060.0,4339170.0,4139050.0,1271430.0,8.48468e-05,0.000892598,0.00241203,0.00144157,0.00144392,0.00144412,0.00144722,628.963,0.0003
29.51,6724060.0,4339170.0,4139050.0,1271430.0,8.48468e-05,0.000892598,0.00241203,0.00144157,0.00144392,0.00144412,0.00144722,627.011,0.0003
29.515,6723730.0,4338980.0,4138880.0,1271430.0,8.48447e-05,0.000880034,0.00239951,0.00144153,0.00144388,0.00144408,0.00144717,627.011,0.0003
29.52,6723620.0,4338920.0,4138820.0,1271430.0,8.48441e-05,0.000875913,0.0023954,0.00144152,0.00144387,0.00144407,0.00144716,631.371,0.0003
29.525,6724350.0,4339340.0,4139210.0,1271440.0,8.48486e-05,0.00090397,0.00242337,0.00144161,0.00144396,0.00144416,0.00144726,630.572,0.0003
29.53,6724350.0,4339340.0,4139210.0,1271440.0,8.48486e-05,0.00090397,0.00242337,0.00144161,0.00144396,0.00144416,0.00144726,628.137,0.0003
29.535,6723940.0,4339110.0,4138990.0,1271430.0,8.48461e-05,0.000888298,0.00240775,0.00144156,0.00144391,0.00144411,0.0014472,628.137,0.0003
29.54,6723810.0,4339030.0,4138920.0,1271430.0,8.48452e-05,0.000883157,0.00240262,0.00144154,0.00144389,0.00144409,0.00144718,630.632,0.0003
29.545,6724230.0,4339270.0,4139140.0,1271440.0,8.48478e-05,0.000899217,0.00241863,0.00144159,0.00144394,0.00144414,0.00144724,630.121,0.0003
29.55,6724230.0,4339270.0,4139140.0,1271440.0,8.48478e-05,0.000899217,0.00241863,0.00144159,0.00144394,0.00144414,0.00144724,628.564,0.0003
29.555,6723970.0,4339120.0,4139000.0,1271430.0,8.48462e-05,0.000889196,0.00240864,0.00144156,0.00144391,0.00144411,0.0014472,628.564,0.0003
29.56,6723880.0,4339070.0,4138960.0,1271430.0,8.48457e-05,0.000885909,0.00240537,0.00144155,0.0014439,0.0014441,0.00144719,625.903,0.0003
29.565,6723440.0,4338820.0,4138720.0,1271430.0,8.48429e-05,0.000868779,0.0023883,0.00144149,0.00144384,0.00144404,0.00144714,626.568,0.0003
29.57,6723440.0,4338820.0,4138720.0,1271430.0,8.48429e-05,0.000868779,0.0023883,0.00144149,0.00144384,0.00144404,0.00144714,628.597,0.0003
29.575,6723780.0,4339010.0,4138900.0,1271430.0,8.4845e-05,0.000881834,0.00240131,0.00144154,0.00144389,0.00144409,0.00144718,628.597,0.0003
29.58,6723890.0,4339070.0,4138960.0,1271430.0,8.48457e-05,0.000886116,0.00240557,0.00144155,0.0014439,0.0014441,0.00144719,628.118,0.0003
29.585,6723810.0,4339030.0,4138920.0,1271430.0,8.48452e-05,0.000883038,0.00240251,0.00144154,0.00144389,0.00144409,0.00144718,629.655,0.0003
29.59,6723810.0,4339030.0,4138920.0,1271430.0,8.48452e-05,0.000883038,0.00240251,0.00144154,0.00144389,0.00144409,0.00144718,634.342,0.0003
29.595,6724590.0,4339470.0,4139340.0,1271440.0,8.48501e-05,0.0009132,0.00243256,0.00144164,0.00144399,0.00144419,0.00144729,634.342,0.0003
29.6,6724850.0,4339620.0,4139470.0,1271440.0,8.48517e-05,0.000923093,0.00244242,0.00144168,0.00144403,0.00144423,0.00144732,628.738,0.0003
29.605,6723910.0,4339090.0,4138980.0,1271430.0,8.48459e-05,0.000887029,0.00240648,0.00144155,0.0014439,0.0014441,0.0014472,628.17,0.0003
29.61,6723910.0,4339090.0,4138980.0,1271430.0,8.48459e-05,0.000887029,0.00240648,0.00144155,0.0014439,0.0014441,0.0014472,626.438,0.0003
29.615,6723620.0,4338920.0,4138820.0,1271430.0,8.48441e-05,0.00087588,0.00239537,0.00144152,0.00144387,0.00144407,0.00144716,626.438,0.0003
29.62,6723530.0,4338870.0,4138770.0,1271430.0,8.48435e-05,0.000872224,0.00239173,0.0014415,0.00144385,0.00144405,0.00144715,626.798,0.0003
29.625,6723590.0,4338900.0,4138800.0,1271430.0,8.48439e-05,0.000874543,0.00239404,0.00144151,0.00144386,0.00144406,0.00144715,627.889,0.0003
29.63,6723590.0,4338900.0,4138800.0,1271430.0,8.48439e-05,0.000874543,0.00239404,0.00144151,0.00144386,0.00144406,0.00144715,631.215,0.0003
29.635,6724140.0,4339220.0,4139100.0,1271440.0,8.48473e-05,0.000895948,0.00241537,0.00144158,0.00144393,0.00144413,0.00144723,631.215,0.0003
29.64,6724330.0,4339320.0,4139200.0,1271440.0,8.48485e-05,0.000902969,0.00242237,0.00144161,0.00144396,0.00144416,0.00144725,631.209,0.0003
29.645,6724320.0,4339320.0,4139200.0,1271440.0,8.48484e-05,0.000902927,0.00242233,0.00144161,0.00144396,0.00144416,0.00144725,631.052,0.0003
29.65,6724320.0,4339320.0,4139200.0,1271440.0,8.48484e-05,0.000902927,0.00242233,0.00144161,0.00144396,0.00144416,0.00144725,630.576,0.0003
29.655,6724240.0,4339280.0,4139150.0,1271440.0,8.48479e-05,0.000899861,0.00241927,0.0014416,0.00144395,0.00144415,0.00144724,630.576,0.0003
29.66,6724220.0,4339260.0,4139140.0,1271440.0,8.48478e-05,0.000898856,0.00241827,0.00144159,0.00144394,0.00144414,0.00144724,630.403,0.0003
29.665,6724190.0,4339250.0,4139120.0,1271440.0,8.48476e-05,0.000897742,0.00241716,0.00144159,0.00144394,0.00144414,0.00144723,629.646,0.0003
29.67,6724190.0,4339250.0,4139120.0,1271440.0,8.48476e-05,0.000897742,0.00241716,0.00144159,0.00144394,0.00144414,0.00144723,627.336,0.0003
29.675,6723800.0,4339030.0,4138920.0,1271430.0,8.48452e-05,0.00088288,0.00240235,0.00144154,0.00144389,0.00144409,0.00144718,627.336,0.0003
29.68,6723680.0,4338950.0,4138850.0,1271430.0,8.48444e-05,0.000878006,0.00239749,0.00144152,0.00144387,0.00144407,0.00144717,628.773,0.0003
29.685,6723920.0,4339090.0,4138980.0,1271430.0,8.48459e-05,0.000887254,0.00240671,0.00144155,0.0014439,0.0014441,0.0014472,628.754,0.0003
29.69,6723920.0,4339090.0,4138980.0,1271430.0,8.48459e-05,0.000887254,0.00240671,0.00144155,0.0014439,0.0014441,0.0014472,628.697,0.0003
29.695,6723910.0,4339080.0,4138970.0,1271430.0,8.48458e-05,0.000886881,0.00240634,0.00144155,0.0014439,0.0014441,0.0014472,628.697,0.0003
29.7,6723900.0,4339080.0,4138970.0,1271430.0,8.48458e-05,0.000886759,0.00240621,0.00144155,0.0014439,0.0014441,0.0014472,630.027,0.0003
29.705,6724130.0,4339210.0,4139090.0,1271440.0,8.48472e-05,0.000895323,0.00241475,0.00144158,0.00144393,0.00144413,0.00144723,630.514,0.0003
29.71,6724130.0,4339210.0,4139090.0,1271440.0,8.48472e-05,0.000895323,0.00241475,0.00144158,0.00144393,0.00144413,0.00144723,631.998,0.0003
29.715,6724380.0,4339350.0,4139220.0,1271440.0,8.48488e-05,0.000904874,0.00242427,0.00144161,0.00144396,0.00144416,0.00144726,631.998,0.0003
29.72,6724460.0,4339400.0,4139270.0,1271440.0,8.48493e-05,0.000908007,0.00242739,0.00144162,0.00144397,0.00144417,0.00144727,630.805,0.0003
29.725,6724260.0,4339280.0,4139160.0,1271440.0,8.4848e-05,0.000900332,0.00241974,0.0014416,0.00144395,0.00144415,0.00144724,630.656,0.0003
29.73,6724260.0,4339280.0,4139160.0,1271440.0,8.4848e-05,0.000900332,0.00241974,0.0014416,0.00144395,0.00144415,0.00144724,630.199,0.0003
29.735,6724180.0,4339240.0,4139120.0,1271440.0,8.48475e-05,0.000897393,0.00241681,0.00144159,0.00144394,0.00144414,0.00144723,630.199,0.0003
29.74,6724160.0,4339230.0,4139110.0,1271440.0,8.48474e-05,0.00089643,0.00241585,0.00144159,0.00144393,0.00144413,0.00144723,630.02,0.0003
29.745,6724130.0,4339210.0,4139090.0,1271440.0,8.48472e-05,0.000895279,0.0024147,0.00144158,0.00144393,0.00144413,0.00144723,629.198,0.0003
29.75,6724130.0,4339210.0,4139090.0,1271440.0,8.48472e-05,0.000895279,0.0024147,0.00144158,0.00144393,0.00144413,0.00144723,626.69,0.0003
29.755,6723710.0,4338970.0,4138870.0,1271430.0,8.48446e-05,0.000879139,0.00239862,0.00144153,0.00144388,0.00144408,0.00144717,626.69,0.0003
29.76,6723570.0,4338890.0,4138790.0,1271430.0,8.48437e-05,0.000873845,0.00239334,0.00144151,0.00144386,0.00144406,0.00144715,628.974,0.0003
29.765,6723950.0,4339110.0,4139000.0,1271430.0,8.48461e-05,0.000888543,0.00240799,0.00144156,0.00144391,0.00144411,0.0014472,628.038,0.0003
29.77,6723950.0,4339110.0,4139000.0,1271430.0,8.48461e-05,0.000888543,0.00240799,0.00144156,0.00144391,0.00144411,0.0014472,625.186,0.0003
29.775,6723470.0,4338840.0,4138740.0,1271430.0,8.48431e-05,0.000870185,0.0023897,0.0014415,0.00144385,0.00144405,0.00144714,625.186,0.0003
29.78,6723320.0,4338750.0,4138660.0,1271430.0,8.48422e-05,0.000864163,0.00238369,0.00144148,0.00144383,0.00144403,0.00144712,631.138,0.0003
29.785,6724310.0,4339320.0,4139190.0,1271440.0,8.48484e-05,0.00090247,0.00242187,0.00144161,0.00144396,0.00144416,0.00144725,629.751,0.0003
29.79,6724310.0,4339320.0,4139190.0,1271440.0,8.48484e-05,0.00090247,0.00242187,0.00144161,0.00144396,0.00144416,0.00144725,625.522,0.0003
29.795,6723610.0,4338910.0,4138810.0,1271430.0,8.4844e-05,0.000875256,0.00239475,0.00144151,0.00144386,0.00144406,0.00144716,625.522,0.0003
29.8,6723370.0,4338780.0,4138690.0,1271430.0,8.48425e-05,0.00086633,0.00238585,0.00144148,0.00144383,0.00144403,0.00144713,626.115,0.0003
29.805,6723470.0,4338840.0,4138740.0,1271430.0,8.48431e-05,0.000870145,0.00238966,0.0014415,0.00144385,0.00144405,0.00144714,626.305,0.0003
29.81,6723470.0,4338840.0,4138740.0,1271430.0,8.48431e-05,0.000870145,0.00238966,0.0014415,0.00144385,0.00144405,0.00144714,626.886,0.0003
29.815,6723570.0,4338890.0,4138790.0,1271430.0,8.48437e-05,0.00087388,0.00239338,0.00144151,0.00144386,0.00144406,0.00144715,626.886,0.0003
29.82,6723600.0,4338910.0,4138810.0,1271430.0,8.48439e-05,0.000875105,0.0023946,0.00144151,0.00144386,0.00144406,0.00144716,629.047,0.0003
29.825,6723960.0,4339120.0,4139000.0,1271440.0,8.48462e-05,0.000889013,0.00240846,0.00144156,0.00144391,0.00144411,0.0014472,628.678,0.0003
29.83,6723960.0,4339120.0,4139000.0,1271440.0,8.48462e-05,0.000889013,0.00240846,0.00144156,0.00144391,0.00144411,0.0014472,627.553,0.0003
29.835,6723780.0,4339010.0,4138900.0,1271430.0,8.4845e-05,0.000881773,0.00240124,0.00144154,0.00144388,0.00144409,0.00144718,627.553,0.0003
29.84,6723710.0,4338980.0,4138870.0,1271430.0,8.48446e-05,0.000879399,0.00239888,0.00144153,0.00144388,0.00144408,0.00144717,624.05,0.0003
29.845,6723130.0,4338640.0,4138560.0,1271430.0,8.4841e-05,0.000856852,0.00237641,0.00144145,0.0014438,0.001444,0.00144709,624.242,0.0003
29.85,6723130.0,4338640.0,4138560.0,1271430.0,8.4841e-05,0.000856852,0.00237641,0.00144145,0.0014438,0.001444,0.00144709,624.829,0.0003
29.855,6723230.0,4338700.0,4138610.0,1271430.0,8.48416e-05,0.00086063,0.00238017,0.00144146,0.00144381,0.00144401,0.00144711,624.829,0.0003
29.86,6723260.0,4338720.0,4138630.0,1271430.0,8.48418e-05,0.00086187,0.00238141,0.00144147,0.00144382,0.00144402,0.00144711,628.842,0.0003
29.865,6723930.0,4339100.0,4138990.0,1271440.0,8.4846e-05,0.000887698,0.00240715,0.00144156,0.00144391,0.00144411,0.0014472,628.469,0.0003
29.87,6723930.0,4339100.0,4138990.0,1271440.0,8.4846e-05,0.000887698,0.00240715,0.00144156,0.0014439,0.00144411,0.0014472,627.332,0.0003
29.875,6723740.0,4338990.0,4138880.0,1271430.0,8.48448e-05,0.000880376,0.00239985,0.00144153,0.00144388,0.00144408,0.00144717,627.332,0.0003
29.88,6723680.0,4338950.0,4138850.0,1271430.0,8.48444e-05,0.000877975,0.00239746,0.00144152,0.00144387,0.00144407,0.00144717,627.655,0.0003
29.885,6723730.0,4338990.0,4138880.0,1271430.0,8.48447e-05,0.000880059,0.00239954,0.00144153,0.00144388,0.00144408,0.00144717,627.131,0.0003
29.89,6723730.0,4338990.0,4138880.0,1271430.0,8.48447e-05,0.000880059,0.00239954,0.00144153,0.00144388,0.00144408,0.00144717,625.533,0.0003
29.895,6723460.0,4338830.0,4138740.0,1271430.0,8.48431e-05,0.000869772,0.00238928,0.00144149,0.00144384,0.00144404,0.00144714,625.533,0.0003
29.9,6723380.0,4338780.0,4138690.0,1271430.0,8.48425e-05,0.000866397,0.00238592,0.00144148,0.00144383,0.00144403,0.00144713,625.549,0.0003
29.905,6723380.0,4338790.0,4138690.0,1271430.0,8.48425e-05,0.000866503,0.00238603,0.00144148,0.00144383,0.00144403,0.00144713,625.354,0.0003
29.91,6723380.0,4338790.0,4138690.0,1271430.0,8.48425e-05,0.000866503,0.00238603,0.00144148,0.00144383,0.00144403,0.00144713,624.76,0.0003
29.915,6723280.0,4338730.0,4138640.0,1271430.0,8.48419e-05,0.000862679,0.00238222,0.00144147,0.00144382,0.00144402,0.00144711,624.76,0.0003
29.92,6723250.0,4338710.0,4138620.0,1271430.0,8.48417e-05,0.000861425,0.00238097,0.00144147,0.00144382,0.00144402,0.00144711,628.868,0.0003
29.925,6723930.0,4339100.0,4138990.0,1271440.0,8.4846e-05,0.000887863,0.00240731,0.00144156,0.00144391,0.00144411,0.0014472,629.652,0.0003
29.93,6723930.0,4339100.0,4138990.0,1271440.0,8.4846e-05,0.000887863,0.00240731,0.00144156,0.00144391,0.00144411,0.0014472,632.042,0.0003
29.935,6724330.0,4339330.0,4139200.0,1271440.0,8.48485e-05,0.000903245,0.00242264,0.00144161,0.00144396,0.00144416,0.00144725,632.042,0.0003
29.94,6724460.0,4339400.0,4139270.0,1271440.0,8.48493e-05,0.00090829,0.00242767,0.00144162,0.00144397,0.00144417,0.00144727,629.506,0.0003
29.945,6724040.0,4339160.0,4139050.0,1271440.0,8.48467e-05,0.000891968,0.0024114,0.00144157,0.00144392,0.00144412,0.00144721,629.385,0.0003
29.95,6724040.0,4339160.0,4139050.0,1271440.0,8.48467e-05,0.000891968,0.0024114,0.00144157,0.00144392,0.00144412,0.00144721,629.016,0.0003
29.955,6723980.0,4339130.0,4139010.0,1271440.0,8.48463e-05,0.000889595,0.00240904,0.00144156,0.00144391,0.00144411,0.00144721,629.016,0.0003
29.96,6723960.0,4339110.0,4139000.0,1271440.0,8.48462e-05,0.000888816,0.00240826,0.00144156,0.00144391,0.00144411,0.0014472,630.807,0.0003
29.965,6724260.0,4339280.0,4139160.0,1271440.0,8.4848e-05,0.000900345,0.00241975,0.0014416,0.00144395,0.00144415,0.00144724,630.838,0.0003
29.97,6724260.0,4339280.0,4139160.0,1271440.0,8.4848e-05,0.000900345,0.00241975,0.0014416,0.00144395,0.00144415,0.00144724,630.93,0.0003
29.975,6724270.0,4339290.0,4139170.0,1271440.0,8.48481e-05,0.000900941,0.00242035,0.0014416,0.00144395,0.00144415,0.00144724,630.93,0.0003
29.98,6724280.0,4339300.0,4139170.0,1271440.0,8.48482e-05,0.000901137,0.00242054,0.0014416,0.00144395,0.00144415,0.00144724,628.438,0.0003
29.985,6723860.0,4339060.0,4138950.0,1271440.0,8.48456e-05,0.000885099,0.00240456,0.00144155,0.0014439,0.0014441,0.00144719,628.797,0.0003
29.99,6723860.0,4339060.0,4138950.0,1271440.0,8.48456e-05,0.000885099,0.00240456,0.00144155,0.0014439,0.0014441,0.00144719,629.89,0.0003
29.995,6724040.0,4339160.0,4139050.0,1271440.0,8.48467e-05,0.000892134,0.00241157,0.00144157,0.00144392,0.00144412,0.00144721,629.89,0.0003
30.0,6724100.0,4339200.0,4139080.0,1271440.0,8.48471e-05,0.000894442,0.00241387,0.00144158,0.00144393,0.00144413,0.00144722,627.407,0.0003
