t,p_Pump,p_FMU,p_Shut,p_Combustion,Flow_PRV,Flow_Bypass,Flow_Pump,Flow_Engine1,Flow_Engine2,Flow_Engine3,Flow_Engine4,RPM_Motor,Signal_Throttle,UID1,UID2
0.0,405.114,-405.109,-405.108,-405.106,1.01644e-07,-3.27102e-09,9.4887e-08,-3.22913e-09,-3.22913e-09,-3.22913e-09,-3.22913e-09,0.0,0.0002,idle,slow1
0.005,405.114,-405.109,-405.108,-405.106,1.01644e-07,-3.27102e-09,9.4887e-08,-3.22913e-09,-3.22913e-09,-3.22913e-09,-3.22913e-09,0.0,0.0002,idle,slow1
0.01,405.114,-405.109,-405.108,-405.106,1.01644e-07,-3.27102e-09,9.4887e-08,-3.22913e-09,-3.22913e-09,-3.22913e-09,-3.22913e-09,0.0,0.0002,idle,slow1
0.015,405.114,-405.109,-405.108,-405.106,1.01644e-07,-3.27102e-09,9.4887e-08,-3.22913e-09,-3.22913e-09,-3.22913e-09,-3.22913e-09,0.0,0.0002,idle,slow1
0.02,405.114,-405.109,-405.108,-405.106,1.01644e-07,-3.27102e-09,9.4887e-08,-3.22913e-09,-3.22913e-09,-3.22913e-09,-3.22913e-09,0.0,0.0002,idle,slow1
0.025,405.114,-405.109,-405.108,-405.106,1.01644e-07,-3.27102e-09,9.4887e-08,-3.22913e-09,-3.22913e-09,-3.22913e-09,-3.22913e-09,0.0,0.0002,idle,slow1
0.03,405.114,-405.109,-405.108,-405.106,1.01644e-07,-3.27102e-09,9.4887e-08,-3.22913e-09,-3.22913e-09,-3.22913e-09,-3.22913e-09,0.0,0.0002,idle,slow1
0.035,405.114,-405.109,-405.108,-405.106,1.01644e-07,-3.27102e-09,9.4887e-08,-3.22913e-09,-3.22913e-09,-3.22913e-09,-3.22913e-09,0.0,0.0002,idle,slow1
0.04,405.114,-405.109,-405.108,-405.106,1.01644e-07,-3.27102e-09,9.4887e-08,-3.22913e-09,-3.22913e-09,-3.22913e-09,-3.22913e-09,0.0,0.0002,idle,slow1
0.045,405.114,-405.109,-405.108,-405.106,1.01644e-07,-3.27102e-09,9.4887e-08,-3.22913e-09,-3.22913e-09,-3.22913e-09,-3.22913e-09,0.0,0.0002,idle,slow1
0.05,405.114,-405.109,-405.108,-405.106,1.01644e-07,-3.27102e-09,9.4887e-08,-3.22913e-09,-3.22913e-09,-3.22913e-09,-3.22913e-09,0.0,0.0002,idle,slow1
0.055,405.114,-405.109,-405.108,-405.106,1.01644e-07,-3.27102e-09,9.4887e-08,-3.22913e-09,-3.22913e-09,-3.22913e-09,-3.22913e-09,0.0,0.0002,idle,slow1
0.06,405.114,-405.109,-405.108,-405.106,1.01644e-07,-3.27102e-09,9.4887e-08,-3.22913e-09,-3.22913e-09,-3.22913e-09,-3.22913e-09,0.0,0.0002,idle,slow1
0.065,405.114,-405.109,-405.108,-405.106,1.01644e-07,-3.27102e-09,9.4887e-08,-3.22913e-09,-3.22913e-09,-3.22913e-09,-3.22913e-09,0.0,0.0002,idle,slow1
0.07,405.114,-405.109,-405.108,-405.106,1.01644e-07,-3.27102e-09,9.4887e-08,-3.22913e-09,-3.22913e-09,-3.22913e-09,-3.22913e-09,0.0,0.0002,idle,slow1
0.075,405.114,-405.109,-405.108,-405.106,1.01644e-07,-3.27102e-09,9.4887e-08,-3.22913e-09,-3.22913e-09,-3.22913e-09,-3.22913e-09,0.0,0.0002,idle,slow1
0.08,405.114,-405.109,-405.108,-405.106,1.01644e-07,-3.27102e-09,9.4887e-08,-3.22913e-09,-3.22913e-09,-3.22913e-09,-3.22913e-09,0.0,0.0002,idle,slow1
0.085,405.114,-405.109,-405.108,-405.106,1.01644e-07,-3.27102e-09,9.4887e-08,-3.22913e-09,-3.22913e-09,-3.22913e-09,-3.22913e-09,0.0,0.0002,idle,slow1
0.09,405.114,-405.109,-405.108,-405.106,1.01644e-07,-3.27102e-09,9.4887e-08,-3.22913e-09,-3.22913e-09,-3.22913e-09,-3.22913e-09,0.0,0.0002,idle,slow1
0.095,405.114,-405.109,-405.108,-405.106,1.01644e-07,-3.27102e-09,9.4887e-08,-3.22913e-09,-3.22913e-09,-3.22913e-09,-3.22913e-09,0.0,0.0002,idle,slow1
0.1,405.114,-405.109,-405.108,-405.106,1.01644e-07,-3.27102e-09,9.4887e-08,-3.22913e-09,-3.22913e-09,-3.22913e-09,-3.22913e-09,0.0,0.0002,idle,slow1
0.105,405.114,-405.109,-405.108,-405.106,1.01644e-07,-3.27102e-09,9.4887e-08,-3.22913e-09,-3.22913e-09,-3.22913e-09,-3.22913e-09,0.0,0.0002,idle,slow1
0.11,405.114,-405.109,-405.108,-405.106,1.01644e-07,-3.27102e-09,9.4887e-08,-3.22913e-09,-3.22913e-09,-3.22913e-09,-3.22913e-09,0.0,0.0002,idle,slow1
0.115,405.114,-405.109,-405.108,-405.106,1.01644e-07,-3.27102e-09,9.4887e-08,-3.22913e-09,-3.22913e-09,-3.22913e-09,-3.22913e-09,0.0,0.0002,idle,slow1
0.12,405.114,-405.109,-405.108,-405.106,1.01644e-07,-3.27102e-09,9.4887e-08,-3.22913e-09,-3.22913e-09,-3.22913e-09,-3.22913e-09,0.0,0.0002,idle,slow1
0.125,405.114,-405.109,-405.108,-405.106,1.01644e-07,-3.27102e-09,9.4887e-08,-3.22913e-09,-3.22913e-09,-3.22913e-09,-3.22913e-09,0.0,0.0002,idle,slow1
0.13,405.114,-405.109,-405.108,-405.106,1.01644e-07,-3.27102e-09,9.4887e-08,-3.22913e-09,-3.22913e-09,-3.22913e-09,-3.22913e-09,0.0,0.0002,idle,slow1
0.135,405.114,-405.109,-405.108,-405.106,1.01644e-07,-3.27102e-09,9.4887e-08,-3.22913e-09,-3.22913e-09,-3.22913e-09,-3.22913e-09,0.0,0.0002,idle,slow1
0.14,405.114,-405.109,-405.108,-405.106,1.01644e-07,-3.27102e-09,9.4887e-08,-3.22913e-09,-3.22913e-09,-3.22913e-09,-3.22913e-09,0.0,0.0002,idle,slow1
0.145,405.114,-405.109,-405.108,-405.106,1.01644e-07,-3.27102e-09,9.4887e-08,-3.22913e-09,-3.22913e-09,-3.22913e-09,-3.22913e-09,0.0,0.0002,idle,slow1
0.15,405.114,-405.109,-405.108,-405.106,1.01644e-07,-3.27102e-09,9.4887e-08,-3.22913e-09,-3.22913e-09,-3.22913e-09,-3.22913e-09,0.0,0.0002,idle,slow1
0.155,405.114,-405.109,-405.108,-405.106,1.01644e-07,-3.27102e-09,9.4887e-08,-3.22913e-09,-3.22913e-09,-3.22913e-09,-3.22913e-09,0.0,0.0002,idle,slow1
0.16,405.114,-405.109,-405.108,-405.106,1.01644e-07,-3.27102e-09,9.4887e-08,-3.22913e-09,-3.22913e-09,-3.22913e-09,-3.22913e-09,0.0,0.0002,idle,slow1
0.165,405.114,-405.109,-405.108,-405.106,1.01644e-07,-3.27102e-09,9.4887e-08,-3.22913e-09,-3.22913e-09,-3.22913e-09,-3.22913e-09,0.0,0.0002,idle,slow1
0.17,405.114,-405.109,-405.108,-405.106,1.01644e-07,-3.27102e-09,9.4887e-08,-3.22913e-09,-3.22913e-09,-3.22913e-09,-3.22913e-09,0.0,0.0002,idle,slow1
0.175,405.114,-405.109,-405.108,-405.106,1.01644e-07,-3.27102e-09,9.4887e-08,-3.22913e-09,-3.22913e-09,-3.22913e-09,-3.22913e-09,0.0,0.0002,idle,slow1
0.18,405.114,-405.109,-405.108,-405.106,1.01644e-07,-3.27102e-09,9.4887e-08,-3.22913e-09,-3.22913e-09,-3.22913e-09,-3.22913e-09,0.0,0.0002,idle,slow1
0.185,405.114,-405.109,-405.108,-405.106,1.01644e-07,-3.27102e-09,9.4887e-08,-3.22913e-09,-3.22913e-09,-3.22913e-09,-3.22913e-09,0.0,0.0002,idle,slow1
0.19,405.114,-405.109,-405.108,-405.106,1.01644e-07,-3.27102e-09,9.4887e-08,-3.22913e-09,-3.22913e-09,-3.22913e-09,-3.22913e-09,0.0,0.0002,idle,slow1
0.195,405.114,-405.109,-405.108,-405.106,1.01644e-07,-3.27102e-09,9.4887e-08,-3.22913e-09,-3.22913e-09,-3.22913e-09,-3.22913e-09,0.0,0.0002,idle,slow1
0.2,405.114,-405.109,-405.108,-405.106,1.01644e-07,-3.27102e-09,9.4887e-08,-3.22913e-09,-3.22913e-09,-3.22913e-09,-3.22913e-09,0.0,0.0002,idle,slow1
0.205,405.114,-405.109,-405.108,-405.106,1.01644e-07,-3.27102e-09,9.4887e-08,-3.22913e-09,-3.22913e-09,-3.22913e-09,-3.22913e-09,0.0,0.0002,idle,slow1
0.21,405.114,-405.109,-405.108,-405.106,1.01644e-07,-3.27102e-09,9.4887e-08,-3.22913e-09,-3.22913e-09,-3.22913e-09,-3.22913e-09,0.0,0.0002,idle,slow1
0.215,405.114,-405.109,-405.108,-405.106,1.01644e-07,-3.27102e-09,9.4887e-08,-3.22913e-09,-3.22913e-09,-3.22913e-09,-3.22913e-09,0.0,0.0002,idle,slow1
0.22,405.114,-405.109,-405.108,-405.106,1.01644e-07,-3.27102e-09,9.4887e-08,-3.22913e-09,-3.22913e-09,-3.22913e-09,-3.22913e-09,0.0,0.0002,idle,slow1
0.225,405.114,-405.109,-405.108,-405.106,1.01644e-07,-3.27102e-09,9.4887e-08,-3.22913e-09,-3.22913e-09,-3.22913e-09,-3.22913e-09,0.0,0.0002,idle,slow1
0.23,405.114,-405.109,-405.108,-405.106,1.01644e-07,-3.27102e-09,9.4887e-08,-3.22913e-09,-3.22913e-09,-3.22913e-09,-3.22913e-09,0.0,0.0002,idle,slow1
0.235,405.114,-405.109,-405.108,-405.106,1.01644e-07,-3.27102e-09,9.4887e-08,-3.22913e-09,-3.22913e-09,-3.22913e-09,-3.22913e-09,0.0,0.0002,idle,slow1
0.24,405.114,-405.109,-405.108,-405.106,1.01644e-07,-3.27102e-09,9.4887e-08,-3.22913e-09,-3.22913e-09,-3.22913e-09,-3.22913e-09,0.0,0.0002,idle,slow1
0.245,405.114,-405.109,-405.108,-405.106,1.01644e-07,-3.27102e-09,9.4887e-08,-3.22913e-09,-3.22913e-09,-3.22913e-09,-3.22913e-09,0.0,0.0002,idle,slow1
0.25,405.114,-405.109,-405.108,-405.106,1.01644e-07,-3.27102e-09,9.4887e-08,-3.22913e-09,-3.22913e-09,-3.22913e-09,-3.22913e-09,0.0,0.0002,idle,slow1
0.255,405.114,-405.109,-405.108,-405.106,1.01644e-07,-3.27102e-09,9.4887e-08,-3.22913e-09,-3.22913e-09,-3.22913e-09,-3.22913e-09,0.0,0.0002,idle,slow1
0.26,405.114,-405.109,-405.108,-405.106,1.01644e-07,-3.27102e-09,9.4887e-08,-3.22913e-09,-3.22913e-09,-3.22913e-09,-3.22913e-09,0.0,0.0002,idle,slow1
0.265,405.114,-405.109,-405.108,-405.106,1.01644e-07,-3.27102e-09,9.4887e-08,-3.22913e-09,-3.22913e-09,-3.22913e-09,-3.22913e-09,0.0,0.0002,idle,slow1
0.27,405.114,-405.109,-405.108,-405.106,1.01644e-07,-3.27102e-09,9.4887e-08,-3.22913e-09,-3.22913e-09,-3.22913e-09,-3.22913e-09,0.0,0.0002,idle,slow1
0.275,405.114,-405.109,-405.108,-405.106,1.01644e-07,-3.27102e-09,9.4887e-08,-3.22913e-09,-3.22913e-09,-3.22913e-09,-3.22913e-09,0.0,0.0002,idle,slow1
0.28,405.114,-405.109,-405.108,-405.106,1.01644e-07,-3.27102e-09,9.4887e-08,-3.22913e-09,-3.22913e-09,-3.22913e-09,-3.22913e-09,0.0,0.0002,idle,slow1
0.285,405.114,-405.109,-405.108,-405.106,1.01644e-07,-3.27102e-09,9.4887e-08,-3.22913e-09,-3.22913e-09,-3.22913e-09,-3.22913e-09,0.0,0.0002,idle,slow1
0.29,405.114,-405.109,-405.108,-405.106,1.01644e-07,-3.27102e-09,9.4887e-08,-3.22913e-09,-3.22913e-09,-3.22913e-09,-3.22913e-09,0.0,0.0002,idle,slow1
0.295,405.114,-405.109,-405.108,-405.106,1.01644e-07,-3.27102e-09,9.4887e-08,-3.22913e-09,-3.22913e-09,-3.22913e-09,-3.22913e-09,0.0,0.0002,idle,slow1
0.3,405.114,-405.109,-405.108,-405.106,1.01644e-07,-3.27102e-09,9.4887e-08,-3.22913e-09,-3.22913e-09,-3.22913e-09,-3.22913e-09,0.0,0.0002,idle,slow1
0.305,405.114,-405.109,-405.108,-405.106,1.01644e-07,-3.27102e-09,9.4887e-08,-3.22913e-09,-3.22913e-09,-3.22913e-09,-3.22913e-09,0.0,0.0002,idle,slow1
0.31,405.114,-405.109,-405.108,-405.106,1.01644e-07,-3.27102e-09,9.4887e-08,-3.22913e-09,-3.22913e-09,-3.22913e-09,-3.22913e-09,0.0,0.0002,idle,slow1
0.315,405.114,-405.109,-405.108,-405.106,1.01644e-07,-3.27102e-09,9.4887e-08,-3.22913e-09,-3.22913e-09,-3.22913e-09,-3.22913e-09,0.0,0.0002,idle,slow1
0.32,405.114,-405.109,-405.108,-405.106,1.01644e-07,-3.27102e-09,9.4887e-08,-3.22913e-09,-3.22913e-09,-3.22913e-09,-3.22913e-09,0.0,0.0002,idle,slow1
0.325,405.114,-405.109,-405.108,-405.106,1.01644e-07,-3.27102e-09,9.4887e-08,-3.22913e-09,-3.22913e-09,-3.22913e-09,-3.22913e-09,0.0,0.0002,idle,slow1
0.33,405.114,-405.109,-405.108,-405.106,1.01644e-07,-3.27102e-09,9.4887e-08,-3.22913e-09,-3.22913e-09,-3.22913e-09,-3.22913e-09,0.0,0.0002,idle,slow1
0.335,405.114,-405.109,-405.108,-405.106,1.01644e-07,-3.27102e-09,9.4887e-08,-3.22913e-09,-3.22913e-09,-3.22913e-09,-3.22913e-09,0.0,0.0002,idle,slow1
0.34,405.114,-405.109,-405.108,-405.106,1.01644e-07,-3.27102e-09,9.4887e-08,-3.22913e-09,-3.22913e-09,-3.22913e-09,-3.22913e-09,0.0,0.0002,idle,slow1
0.345,405.114,-405.109,-405.108,-405.106,1.01644e-07,-3.27102e-09,9.4887e-08,-3.22913e-09,-3.22913e-09,-3.22913e-09,-3.22913e-09,0.0,0.0002,idle,slow1
0.35,405.114,-405.109,-405.108,-405.106,1.01644e-07,-3.27102e-09,9.4887e-08,-3.22913e-09,-3.22913e-09,-3.22913e-09,-3.22913e-09,0.0,0.0002,idle,slow1
0.355,405.114,-405.109,-405.108,-405.106,1.01644e-07,-3.27102e-09,9.4887e-08,-3.22913e-09,-3.22913e-09,-3.22913e-09,-3.22913e-09,0.0,0.0002,idle,slow1
0.36,405.114,-405.109,-405.108,-405.106,1.01644e-07,-3.27102e-09,9.4887e-08,-3.22913e-09,-3.22913e-09,-3.22913e-09,-3.22913e-09,0.0,0.0002,idle,slow1
0.365,405.114,-405.109,-405.108,-405.106,1.01644e-07,-3.27102e-09,9.4887e-08,-3.22913e-09,-3.22913e-09,-3.22913e-09,-3.22913e-09,0.0,0.0002,idle,slow1
0.37,405.114,-405.109,-405.108,-405.106,1.01644e-07,-3.27102e-09,9.4887e-08,-3.22913e-09,-3.22913e-09,-3.22913e-09,-3.22913e-09,0.0,0.0002,idle,slow1
0.375,405.114,-405.109,-405.108,-405.106,1.01644e-07,-3.27102e-09,9.4887e-08,-3.22913e-09,-3.22913e-09,-3.22913e-09,-3.22913e-09,0.0,0.0002,idle,slow1
0.38,405.114,-405.109,-405.108,-405.106,1.01644e-07,-3.27102e-09,9.4887e-08,-3.22913e-09,-3.22913e-09,-3.22913e-09,-3.22913e-09,0.0,0.0002,idle,slow1
0.385,405.114,-405.109,-405.108,-405.106,1.01644e-07,-3.27102e-09,9.4887e-08,-3.22913e-09,-3.22913e-09,-3.22913e-09,-3.22913e-09,0.0,0.0002,idle,slow1
0.39,405.114,-405.109,-405.108,-405.106,1.01644e-07,-3.27102e-09,9.4887e-08,-3.22913e-09,-3.22913e-09,-3.22913e-09,-3.22913e-09,0.0,0.0002,idle,slow1
0.395,405.114,-405.109,-405.108,-405.106,1.01644e-07,-3.27102e-09,9.4887e-08,-3.22913e-09,-3.22913e-09,-3.22913e-09,-3.22913e-09,0.0,0.0002,idle,slow1
0.4,405.114,-405.109,-405.108,-405.106,1.01644e-07,-3.27102e-09,9.4887e-08,-3.22913e-09,-3.22913e-09,-3.22913e-09,-3.22913e-09,0.0,0.0002,idle,slow1
0.405,405.114,-405.109,-405.108,-405.106,1.01644e-07,-3.27102e-09,9.4887e-08,-3.22913e-09,-3.22913e-09,-3.22913e-09,-3.22913e-09,0.0,0.0002,idle,slow1
0.41,405.114,-405.109,-405.108,-405.106,1.01644e-07,-3.27102e-09,9.4887e-08,-3.22913e-09,-3.22913e-09,-3.22913e-09,-3.22913e-09,0.0,0.0002,idle,slow1
0.415,405.114,-405.109,-405.108,-405.106,1.01644e-07,-3.27102e-09,9.4887e-08,-3.22913e-09,-3.22913e-09,-3.22913e-09,-3.22913e-09,0.0,0.0002,idle,slow1
0.42,405.114,-405.109,-405.108,-405.106,1.01644e-07,-3.27102e-09,9.4887e-08,-3.22913e-09,-3.22913e-09,-3.22913e-09,-3.22913e-09,0.0,0.0002,idle,slow1
0.425,405.114,-405.109,-405.108,-405.106,1.01644e-07,-3.27102e-09,9.4887e-08,-3.22913e-09,-3.22913e-09,-3.22913e-09,-3.22913e-09,0.0,0.0002,idle,slow1
0.43,405.114,-405.109,-405.108,-405.106,1.01644e-07,-3.27102e-09,9.4887e-08,-3.22913e-09,-3.22913e-09,-3.22913e-09,-3.22913e-09,0.0,0.0002,idle,slow1
0.435,405.114,-405.109,-405.108,-405.106,1.01644e-07,-3.27102e-09,9.4887e-08,-3.22913e-09,-3.22913e-09,-3.22913e-09,-3.22913e-09,0.0,0.0002,idle,slow1
0.44,405.114,-405.109,-405.108,-405.106,1.01644e-07,-3.27102e-09,9.4887e-08,-3.22913e-09,-3.22913e-09,-3.22913e-09,-3.22913e-09,0.0,0.0002,idle,slow1
0.445,405.114,-405.109,-405.108,-405.106,1.01644e-07,-3.27102e-09,9.4887e-08,-3.22913e-09,-3.22913e-09,-3.22913e-09,-3.22913e-09,0.0,0.0002,idle,slow1
0.45,405.114,-405.109,-405.108,-405.106,1.01644e-07,-3.27102e-09,9.4887e-08,-3.22913e-09,-3.22913e-09,-3.22913e-09,-3.22913e-09,0.0,0.0002,idle,slow1
0.455,405.114,-405.109,-405.108,-405.106,1.01644e-07,-3.27102e-09,9.4887e-08,-3.22913e-09,-3.22913e-09,-3.22913e-09,-3.22913e-09,0.0,0.0002,idle,slow1
0.46,405.114,-405.109,-405.108,-405.106,1.01644e-07,-3.27102e-09,9.4887e-08,-3.22913e-09,-3.22913e-09,-3.22913e-09,-3.22913e-09,0.0,0.0002,idle,slow1
0.465,405.114,-405.109,-405.108,-405.106,1.01644e-07,-3.27102e-09,9.4887e-08,-3.22913e-09,-3.22913e-09,-3.22913e-09,-3.22913e-09,0.0,0.0002,idle,slow1
0.47,405.114,-405.109,-405.108,-405.106,1.01644e-07,-3.27102e-09,9.4887e-08,-3.22913e-09,-3.22913e-09,-3.22913e-09,-3.22913e-09,0.0,0.0002,idle,slow1
0.475,405.114,-405.109,-405.108,-405.106,1.01644e-07,-3.27102e-09,9.4887e-08,-3.22913e-09,-3.22913e-09,-3.22913e-09,-3.22913e-09,0.0,0.0002,idle,slow1
0.48,405.114,-405.109,-405.108,-405.106,1.01644e-07,-3.27102e-09,9.4887e-08,-3.22913e-09,-3.22913e-09,-3.22913e-09,-3.22913e-09,0.0,0.0002,idle,slow1
0.485,405.114,-405.109,-405.108,-405.106,1.01644e-07,-3.27102e-09,9.4887e-08,-3.22913e-09,-3.22913e-09,-3.22913e-09,-3.22913e-09,0.0,0.0002,idle,slow1
0.49,405.114,-405.109,-405.108,-405.106,1.01644e-07,-3.27102e-09,9.4887e-08,-3.22913e-09,-3.22913e-09,-3.22913e-09,-3.22913e-09,0.0,0.0002,idle,slow1
0.495,405.114,-405.109,-405.108,-405.106,1.01644e-07,-3.27102e-09,9.4887e-08,-3.22913e-09,-3.22913e-09,-3.22913e-09,-3.22913e-09,0.0,0.0002,idle,slow1
0.5,405.114,-405.109,-405.108,-405.106,1.01644e-07,-3.27102e-09,9.4887e-08,-3.22913e-09,-3.22913e-09,-3.22913e-09,-3.22913e-09,0.0,0.0002,idle,slow1
0.505,405.114,-405.109,-405.108,-405.106,1.01644e-07,-3.27102e-09,9.4887e-08,-3.22913e-09,-3.22913e-09,-3.22913e-09,-3.22913e-09,0.0,0.0002,idle,slow1
0.51,405.114,-405.109,-405.108,-405.106,1.01644e-07,-3.27102e-09,9.4887e-08,-3.22913e-09,-3.22913e-09,-3.22913e-09,-3.22913e-09,0.0,0.0002,idle,slow1
0.515,405.114,-405.109,-405.108,-405.106,1.01644e-07,-3.27102e-09,9.4887e-08,-3.22913e-09,-3.22913e-09,-3.22913e-09,-3.22913e-09,0.0,0.0002,idle,slow1
0.52,405.114,-405.109,-405.108,-405.106,1.01644e-07,-3.27102e-09,9.4887e-08,-3.22913e-09,-3.22913e-09,-3.22913e-09,-3.22913e-09,0.0,0.0002,idle,slow1
0.525,405.114,-405.109,-405.108,-405.106,1.01644e-07,-3.27102e-09,9.4887e-08,-3.22913e-09,-3.22913e-09,-3.22913e-09,-3.22913e-09,0.0,0.0002,idle,slow1
0.53,405.114,-405.109,-405.108,-405.106,1.01644e-07,-3.27102e-09,9.4887e-08,-3.22913e-09,-3.22913e-09,-3.22913e-09,-3.22913e-09,0.0,0.0002,idle,slow1
0.535,405.114,-405.109,-405.108,-405.106,1.01644e-07,-3.27102e-09,9.4887e-08,-3.22913e-09,-3.22913e-09,-3.22913e-09,-3.22913e-09,0.0,0.0002,idle,slow1
0.54,405.114,-405.109,-405.108,-405.106,1.01644e-07,-3.27102e-09,9.4887e-08,-3.22913e-09,-3.22913e-09,-3.22913e-09,-3.22913e-09,0.0,0.0002,idle,slow1
0.545,405.114,-405.109,-405.108,-405.106,1.01644e-07,-3.27102e-09,9.4887e-08,-3.22913e-09,-3.22913e-09,-3.22913e-09,-3.22913e-09,0.0,0.0002,idle,slow1
0.55,405.114,-405.109,-405.108,-405.106,1.01644e-07,-3.27102e-09,9.4887e-08,-3.22913e-09,-3.22913e-09,-3.22913e-09,-3.22913e-09,0.0,0.0002,idle,slow1
0.555,405.114,-405.109,-405.108,-405.106,1.01644e-07,-3.27102e-09,9.4887e-08,-3.22913e-09,-3.22913e-09,-3.22913e-09,-3.22913e-09,0.0,0.0002,idle,slow1
0.56,405.114,-405.109,-405.108,-405.106,1.01644e-07,-3.27102e-09,9.4887e-08,-3.22913e-09,-3.22913e-09,-3.22913e-09,-3.22913e-09,0.0,0.0002,idle,slow1
0.565,405.114,-405.109,-405.108,-405.106,1.01644e-07,-3.27102e-09,9.4887e-08,-3.22913e-09,-3.22913e-09,-3.22913e-09,-3.22913e-09,0.0,0.0002,idle,slow1
0.57,405.114,-405.109,-405.108,-405.106,1.01644e-07,-3.27102e-09,9.4887e-08,-3.22913e-09,-3.22913e-09,-3.22913e-09,-3.22913e-09,0.0,0.0002,idle,slow1
0.575,405.114,-405.109,-405.108,-405.106,1.01644e-07,-3.27102e-09,9.4887e-08,-3.22913e-09,-3.22913e-09,-3.22913e-09,-3.22913e-09,0.0,0.0002,idle,slow1
0.58,405.114,-405.109,-405.108,-405.106,1.01644e-07,-3.27102e-09,9.4887e-08,-3.22913e-09,-3.22913e-09,-3.22913e-09,-3.22913e-09,0.0,0.0002,idle,slow1
0.585,405.114,-405.109,-405.108,-405.106,1.01644e-07,-3.27102e-09,9.4887e-08,-3.22913e-09,-3.22913e-09,-3.22913e-09,-3.22913e-09,0.0,0.0002,idle,slow1
0.59,405.114,-405.109,-405.108,-405.106,1.01644e-07,-3.27102e-09,9.4887e-08,-3.22913e-09,-3.22913e-09,-3.22913e-09,-3.22913e-09,0.0,0.0002,idle,slow1
0.595,405.114,-405.109,-405.108,-405.106,1.01644e-07,-3.27102e-09,9.4887e-08,-3.22913e-09,-3.22913e-09,-3.22913e-09,-3.22913e-09,0.0,0.0002,idle,slow1
0.6,405.114,-405.109,-405.108,-405.106,1.01644e-07,-3.27102e-09,9.4887e-08,-3.22913e-09,-3.22913e-09,-3.22913e-09,-3.22913e-09,0.0,0.0002,idle,slow1
0.605,405.114,-405.109,-405.108,-405.106,1.01644e-07,-3.27102e-09,9.4887e-08,-3.22913e-09,-3.22913e-09,-3.22913e-09,-3.22913e-09,0.0,0.0002,idle,slow1
0.61,405.114,-405.109,-405.108,-405.106,1.01644e-07,-3.27102e-09,9.4887e-08,-3.22913e-09,-3.22913e-09,-3.22913e-09,-3.22913e-09,0.0,0.0002,idle,slow1
0.615,405.114,-405.109,-405.108,-405.106,1.01644e-07,-3.27102e-09,9.4887e-08,-3.22913e-09,-3.22913e-09,-3.22913e-09,-3.22913e-09,0.0,0.0002,idle,slow1
0.62,405.114,-405.109,-405.108,-405.106,1.01644e-07,-3.27102e-09,9.4887e-08,-3.22913e-09,-3.22913e-09,-3.22913e-09,-3.22913e-09,0.0,0.0002,idle,slow1
0.625,405.114,-405.109,-405.108,-405.106,1.01644e-07,-3.27102e-09,9.4887e-08,-3.22913e-09,-3.22913e-09,-3.22913e-09,-3.22913e-09,0.0,0.0002,idle,slow1
0.63,405.114,-405.109,-405.108,-405.106,1.01644e-07,-3.27102e-09,9.4887e-08,-3.22913e-09,-3.22913e-09,-3.22913e-09,-3.22913e-09,0.0,0.0002,idle,slow1
0.635,405.114,-405.109,-405.108,-405.106,1.01644e-07,-3.27102e-09,9.4887e-08,-3.22913e-09,-3.22913e-09,-3.22913e-09,-3.22913e-09,0.0,0.0002,idle,slow1
0.64,405.114,-405.109,-405.108,-405.106,1.01644e-07,-3.27102e-09,9.4887e-08,-3.22913e-09,-3.22913e-09,-3.22913e-09,-3.22913e-09,0.0,0.0002,idle,slow1
0.645,405.114,-405.109,-405.108,-405.106,1.01644e-07,-3.27102e-09,9.4887e-08,-3.22913e-09,-3.22913e-09,-3.22913e-09,-3.22913e-09,0.0,0.0002,idle,slow1
0.65,405.114,-405.109,-405.108,-405.106,1.01644e-07,-3.27102e-09,9.4887e-08,-3.22913e-09,-3.22913e-09,-3.22913e-09,-3.22913e-09,0.0,0.0002,idle,slow1
0.655,405.114,-405.109,-405.108,-405.106,1.01644e-07,-3.27102e-09,9.4887e-08,-3.22913e-09,-3.22913e-09,-3.22913e-09,-3.22913e-09,0.0,0.0002,idle,slow1
0.66,405.114,-405.109,-405.108,-405.106,1.01644e-07,-3.27102e-09,9.4887e-08,-3.22913e-09,-3.22913e-09,-3.22913e-09,-3.22913e-09,0.0,0.0002,idle,slow1
0.665,405.114,-405.109,-405.108,-405.106,1.01644e-07,-3.27102e-09,9.4887e-08,-3.22913e-09,-3.22913e-09,-3.22913e-09,-3.22913e-09,0.0,0.0002,idle,slow1
0.67,405.114,-405.109,-405.108,-405.106,1.01644e-07,-3.27102e-09,9.4887e-08,-3.22913e-09,-3.22913e-09,-3.22913e-09,-3.22913e-09,0.0,0.0002,idle,slow1
0.675,405.114,-405.109,-405.108,-405.106,1.01644e-07,-3.27102e-09,9.4887e-08,-3.22913e-09,-3.22913e-09,-3.22913e-09,-3.22913e-09,0.0,0.0002,idle,slow1
0.68,405.114,-405.109,-405.108,-405.106,1.01644e-07,-3.27102e-09,9.4887e-08,-3.22913e-09,-3.22913e-09,-3.22913e-09,-3.22913e-09,0.0,0.0002,idle,slow1
0.685,405.114,-405.109,-405.108,-405.106,1.01644e-07,-3.27102e-09,9.4887e-08,-3.22913e-09,-3.22913e-09,-3.22913e-09,-3.22913e-09,0.0,0.0002,idle,slow1
0.69,405.114,-405.109,-405.108,-405.106,1.01644e-07,-3.27102e-09,9.4887e-08,-3.22913e-09,-3.22913e-09,-3.22913e-09,-3.22913e-09,0.0,0.0002,idle,slow1
0.695,405.114,-405.109,-405.108,-405.106,1.01644e-07,-3.27102e-09,9.4887e-08,-3.22913e-09,-3.22913e-09,-3.22913e-09,-3.22913e-09,0.0,0.0002,idle,slow1
0.7,405.114,-405.109,-405.108,-405.106,1.01644e-07,-3.27102e-09,9.4887e-08,-3.22913e-09,-3.22913e-09,-3.22913e-09,-3.22913e-09,0.0,0.0002,idle,slow1
0.705,405.114,-405.109,-405.108,-405.106,1.01644e-07,-3.27102e-09,9.4887e-08,-3.22913e-09,-3.22913e-09,-3.22913e-09,-3.22913e-09,0.0,0.0002,idle,slow1
0.71,405.114,-405.109,-405.108,-405.106,1.01644e-07,-3.27102e-09,9.4887e-08,-3.22913e-09,-3.22913e-09,-3.22913e-09,-3.22913e-09,0.0,0.0002,idle,slow1
0.715,405.114,-405.109,-405.108,-405.106,1.01644e-07,-3.27102e-09,9.4887e-08,-3.22913e-09,-3.22913e-09,-3.22913e-09,-3.22913e-09,0.0,0.0002,idle,slow1
0.72,405.114,-405.109,-405.108,-405.106,1.01644e-07,-3.27102e-09,9.4887e-08,-3.22913e-09,-3.22913e-09,-3.22913e-09,-3.22913e-09,0.0,0.0002,idle,slow1
0.725,405.114,-405.109,-405.108,-405.106,1.01644e-07,-3.27102e-09,9.4887e-08,-3.22913e-09,-3.22913e-09,-3.22913e-09,-3.22913e-09,0.0,0.0002,idle,slow1
0.73,405.114,-405.109,-405.108,-405.106,1.01644e-07,-3.27102e-09,9.4887e-08,-3.22913e-09,-3.22913e-09,-3.22913e-09,-3.22913e-09,0.0,0.0002,idle,slow1
0.735,405.114,-405.109,-405.108,-405.106,1.01644e-07,-3.27102e-09,9.4887e-08,-3.22913e-09,-3.22913e-09,-3.22913e-09,-3.22913e-09,0.0,0.0002,idle,slow1
0.74,405.114,-405.109,-405.108,-405.106,1.01644e-07,-3.27102e-09,9.4887e-08,-3.22913e-09,-3.22913e-09,-3.22913e-09,-3.22913e-09,0.0,0.0002,idle,slow1
0.745,405.114,-405.109,-405.108,-405.106,1.01644e-07,-3.27102e-09,9.4887e-08,-3.22913e-09,-3.22913e-09,-3.22913e-09,-3.22913e-09,0.0,0.0002,idle,slow1
0.75,405.114,-405.109,-405.108,-405.106,1.01644e-07,-3.27102e-09,9.4887e-08,-3.22913e-09,-3.22913e-09,-3.22913e-09,-3.22913e-09,0.0,0.0002,idle,slow1
0.755,405.114,-405.109,-405.108,-405.106,1.01644e-07,-3.27102e-09,9.4887e-08,-3.22913e-09,-3.22913e-09,-3.22913e-09,-3.22913e-09,0.0,0.0002,idle,slow1
0.76,405.114,-405.109,-405.108,-405.106,1.01644e-07,-3.27102e-09,9.4887e-08,-3.22913e-09,-3.22913e-09,-3.22913e-09,-3.22913e-09,0.0,0.0002,idle,slow1
0.765,405.114,-405.109,-405.108,-405.106,1.01644e-07,-3.27102e-09,9.4887e-08,-3.22913e-09,-3.22913e-09,-3.22913e-09,-3.22913e-09,0.0,0.0002,idle,slow1
0.77,405.114,-405.109,-405.108,-405.106,1.01644e-07,-3.27102e-09,9.4887e-08,-3.22913e-09,-3.22913e-09,-3.22913e-09,-3.22913e-09,0.0,0.0002,idle,slow1
0.775,405.114,-405.109,-405.108,-405.106,1.01644e-07,-3.27102e-09,9.4887e-08,-3.22913e-09,-3.22913e-09,-3.22913e-09,-3.22913e-09,0.0,0.0002,idle,slow1
0.78,405.114,-405.109,-405.108,-405.106,1.01644e-07,-3.27102e-09,9.4887e-08,-3.22913e-09,-3.22913e-09,-3.22913e-09,-3.22913e-09,0.0,0.0002,idle,slow1
0.785,405.114,-405.109,-405.108,-405.106,1.01644e-07,-3.27102e-09,9.4887e-08,-3.22913e-09,-3.22913e-09,-3.22913e-09,-3.22913e-09,0.0,0.0002,idle,slow1
0.79,405.114,-405.109,-405.108,-405.106,1.01644e-07,-3.27102e-09,9.4887e-08,-3.22913e-09,-3.22913e-09,-3.22913e-09,-3.22913e-09,0.0,0.0002,idle,slow1
0.795,405.114,-405.109,-405.108,-405.106,1.01644e-07,-3.27102e-09,9.4887e-08,-3.22913e-09,-3.22913e-09,-3.22913e-09,-3.22913e-09,0.0,0.0002,idle,slow1
0.8,405.114,-405.109,-405.108,-405.106,1.01644e-07,-3.27102e-09,9.4887e-08,-3.22913e-09,-3.22913e-09,-3.22913e-09,-3.22913e-09,0.0,0.0002,idle,slow1
0.805,405.114,-405.109,-405.108,-405.106,1.01644e-07,-3.27102e-09,9.4887e-08,-3.22913e-09,-3.22913e-09,-3.22913e-09,-3.22913e-09,0.0,0.0002,idle,slow1
0.81,405.114,-405.109,-405.108,-405.106,1.01644e-07,-3.27102e-09,9.4887e-08,-3.22913e-09,-3.22913e-09,-3.22913e-09,-3.22913e-09,0.0,0.0002,idle,slow1
0.815,405.114,-405.109,-405.108,-405.106,1.01644e-07,-3.27102e-09,9.4887e-08,-3.22913e-09,-3.22913e-09,-3.22913e-09,-3.22913e-09,0.0,0.0002,idle,slow1
0.82,405.114,-405.109,-405.108,-405.106,1.01644e-07,-3.27102e-09,9.4887e-08,-3.22913e-09,-3.22913e-09,-3.22913e-09,-3.22913e-09,0.0,0.0002,idle,slow1
0.825,405.114,-405.109,-405.108,-405.106,1.01644e-07,-3.27102e-09,9.4887e-08,-3.22913e-09,-3.22913e-09,-3.22913e-09,-3.22913e-09,0.0,0.0002,idle,slow1
0.83,405.114,-405.109,-405.108,-405.106,1.01644e-07,-3.27102e-09,9.4887e-08,-3.22913e-09,-3.22913e-09,-3.22913e-09,-3.22913e-09,0.0,0.0002,idle,slow1
0.835,405.114,-405.109,-405.108,-405.106,1.01644e-07,-3.27102e-09,9.4887e-08,-3.22913e-09,-3.22913e-09,-3.22913e-09,-3.22913e-09,0.0,0.0002,idle,slow1
0.84,405.114,-405.109,-405.108,-405.106,1.01644e-07,-3.27102e-09,9.4887e-08,-3.22913e-09,-3.22913e-09,-3.22913e-09,-3.22913e-09,0.0,0.0002,idle,slow1
0.845,405.114,-405.109,-405.108,-405.106,1.01644e-07,-3.27102e-09,9.4887e-08,-3.22913e-09,-3.22913e-09,-3.22913e-09,-3.22913e-09,0.0,0.0002,idle,slow1
0.85,405.114,-405.109,-405.108,-405.106,1.01644e-07,-3.27102e-09,9.4887e-08,-3.22913e-09,-3.22913e-09,-3.22913e-09,-3.22913e-09,0.0,0.0002,idle,slow1
0.855,405.114,-405.109,-405.108,-405.106,1.01644e-07,-3.27102e-09,9.4887e-08,-3.22913e-09,-3.22913e-09,-3.22913e-09,-3.22913e-09,0.0,0.0002,idle,slow1
0.86,405.114,-405.109,-405.108,-405.106,1.01644e-07,-3.27102e-09,9.4887e-08,-3.22913e-09,-3.22913e-09,-3.22913e-09,-3.22913e-09,0.0,0.0002,idle,slow1
0.865,405.114,-405.109,-405.108,-405.106,1.01644e-07,-3.27102e-09,9.4887e-08,-3.22913e-09,-3.22913e-09,-3.22913e-09,-3.22913e-09,0.0,0.0002,idle,slow1
0.87,405.114,-405.109,-405.108,-405.106,1.01644e-07,-3.27102e-09,9.4887e-08,-3.22913e-09,-3.22913e-09,-3.22913e-09,-3.22913e-09,0.0,0.0002,idle,slow1
0.875,405.114,-405.109,-405.108,-405.106,1.01644e-07,-3.27102e-09,9.4887e-08,-3.22913e-09,-3.22913e-09,-3.22913e-09,-3.22913e-09,0.0,0.0002,idle,slow1
0.88,405.114,-405.109,-405.108,-405.106,1.01644e-07,-3.27102e-09,9.4887e-08,-3.22913e-09,-3.22913e-09,-3.22913e-09,-3.22913e-09,0.0,0.0002,idle,slow1
0.885,405.114,-405.109,-405.108,-405.106,1.01644e-07,-3.27102e-09,9.4887e-08,-3.22913e-09,-3.22913e-09,-3.22913e-09,-3.22913e-09,0.0,0.0002,idle,slow1
0.89,405.114,-405.109,-405.108,-405.106,1.01644e-07,-3.27102e-09,9.4887e-08,-3.22913e-09,-3.22913e-09,-3.22913e-09,-3.22913e-09,0.0,0.0002,idle,slow1
0.895,405.114,-405.109,-405.108,-405.106,1.01644e-07,-3.27102e-09,9.4887e-08,-3.22913e-09,-3.22913e-09,-3.22913e-09,-3.22913e-09,0.0,0.0002,idle,slow1
0.9,405.114,-405.109,-405.108,-405.106,1.01644e-07,-3.27102e-09,9.4887e-08,-3.22913e-09,-3.22913e-09,-3.22913e-09,-3.22913e-09,0.0,0.0002,idle,slow1
0.905,405.114,-405.109,-405.108,-405.106,1.01644e-07,-3.27102e-09,9.4887e-08,-3.22913e-09,-3.22913e-09,-3.22913e-09,-3.22913e-09,0.0,0.0002,idle,slow1
0.91,405.114,-405.109,-405.108,-405.106,1.01644e-07,-3.27102e-09,9.4887e-08,-3.22913e-09,-3.22913e-09,-3.22913e-09,-3.22913e-09,0.0,0.0002,idle,slow1
0.915,405.114,-405.109,-405.108,-405.106,1.01644e-07,-3.27102e-09,9.4887e-08,-3.22913e-09,-3.22913e-09,-3.22913e-09,-3.22913e-09,0.0,0.0002,idle,slow1
0.92,405.114,-405.109,-405.108,-405.106,1.01644e-07,-3.27102e-09,9.4887e-08,-3.22913e-09,-3.22913e-09,-3.22913e-09,-3.22913e-09,0.0,0.0002,idle,slow1
0.925,405.114,-405.109,-405.108,-405.106,1.01644e-07,-3.27102e-09,9.4887e-08,-3.22913e-09,-3.22913e-09,-3.22913e-09,-3.22913e-09,0.0,0.0002,idle,slow1
0.93,405.114,-405.109,-405.108,-405.106,1.01644e-07,-3.27102e-09,9.4887e-08,-3.22913e-09,-3.22913e-09,-3.22913e-09,-3.22913e-09,0.0,0.0002,idle,slow1
0.935,405.114,-405.109,-405.108,-405.106,1.01644e-07,-3.27102e-09,9.4887e-08,-3.22913e-09,-3.22913e-09,-3.22913e-09,-3.22913e-09,0.0,0.0002,idle,slow1
0.94,405.114,-405.109,-405.108,-405.106,1.01644e-07,-3.27102e-09,9.4887e-08,-3.22913e-09,-3.22913e-09,-3.22913e-09,-3.22913e-09,0.0,0.0002,idle,slow1
0.945,405.114,-405.109,-405.108,-405.106,1.01644e-07,-3.27102e-09,9.4887e-08,-3.22913e-09,-3.22913e-09,-3.22913e-09,-3.22913e-09,0.0,0.0002,idle,slow1
0.95,405.114,-405.109,-405.108,-405.106,1.01644e-07,-3.27102e-09,9.4887e-08,-3.22913e-09,-3.22913e-09,-3.22913e-09,-3.22913e-09,0.0,0.0002,idle,slow1
0.955,405.114,-405.109,-405.108,-405.106,1.01644e-07,-3.27102e-09,9.4887e-08,-3.22913e-09,-3.22913e-09,-3.22913e-09,-3.22913e-09,0.0,0.0002,idle,slow1
0.96,405.114,-405.109,-405.108,-405.106,1.01644e-07,-3.27102e-09,9.4887e-08,-3.22913e-09,-3.22913e-09,-3.22913e-09,-3.22913e-09,0.0,0.0002,idle,slow1
0.965,405.114,-405.109,-405.108,-405.106,1.01644e-07,-3.27102e-09,9.4887e-08,-3.22913e-09,-3.22913e-09,-3.22913e-09,-3.22913e-09,0.0,0.0002,idle,slow1
0.97,405.114,-405.109,-405.108,-405.106,1.01644e-07,-3.27102e-09,9.4887e-08,-3.22913e-09,-3.22913e-09,-3.22913e-09,-3.22913e-09,0.0,0.0002,idle,slow1
0.975,405.114,-405.109,-405.108,-405.106,1.01644e-07,-3.27102e-09,9.4887e-08,-3.22913e-09,-3.22913e-09,-3.22913e-09,-3.22913e-09,0.0,0.0002,idle,slow1
0.98,405.114,-405.109,-405.108,-405.106,1.01644e-07,-3.27102e-09,9.4887e-08,-3.22913e-09,-3.22913e-09,-3.22913e-09,-3.22913e-09,0.0,0.0002,idle,slow1
0.985,405.114,-405.109,-405.108,-405.106,1.01644e-07,-3.27102e-09,9.4887e-08,-3.22913e-09,-3.22913e-09,-3.22913e-09,-3.22913e-09,0.0,0.0002,idle,slow1
0.99,405.114,-405.109,-405.108,-405.106,1.01644e-07,-3.27102e-09,9.4887e-08,-3.22913e-09,-3.22913e-09,-3.22913e-09,-3.22913e-09,0.0,0.0002,idle,slow1
0.995,405.114,-405.109,-405.108,-405.106,1.01644e-07,-3.27102e-09,9.4887e-08,-3.22913e-09,-3.22913e-09,-3.22913e-09,-3.22913e-09,0.0,0.0002,idle,slow1
1.0,405.114,-405.109,-405.108,-405.106,1.01644e-07,-3.27102e-09,9.4887e-08,-3.22913e-09,-3.22913e-09,-3.22913e-09,-3.22913e-09,0.0,0.0002,idle,slow1
1.005,405.114,-405.109,-405.108,-405.106,1.01644e-07,-3.27102e-09,9.4887e-08,-3.22913e-09,-3.22913e-09,-3.22913e-09,-3.22913e-09,0.0,0.0002,idle,slow1
1.01,405.114,-405.109,-405.108,-405.106,1.01644e-07,-3.27102e-09,9.4887e-08,-3.22913e-09,-3.22913e-09,-3.22913e-09,-3.22913e-09,0.0,0.0002,idle,slow1
1.015,405.114,-405.109,-405.108,-405.106,1.01644e-07,-3.27102e-09,9.4887e-08,-3.22913e-09,-3.22913e-09,-3.22913e-09,-3.22913e-09,0.0,0.0002,idle,slow1
1.02,405.114,-405.109,-405.108,-405.106,1.01644e-07,-3.27102e-09,9.4887e-08,-3.22913e-09,-3.22913e-09,-3.22913e-09,-3.22913e-09,0.0,0.0002,idle,slow1
1.025,405.114,-405.109,-405.108,-405.106,1.01644e-07,-3.27102e-09,9.4887e-08,-3.22913e-09,-3.22913e-09,-3.22913e-09,-3.22913e-09,0.0,0.0002,idle,slow1
1.03,405.114,-405.109,-405.108,-405.106,1.01644e-07,-3.27102e-09,9.4887e-08,-3.22913e-09,-3.22913e-09,-3.22913e-09,-3.22913e-09,0.0,0.0002,idle,slow1
1.035,405.114,-405.109,-405.108,-405.106,1.01644e-07,-3.27102e-09,9.4887e-08,-3.22913e-09,-3.22913e-09,-3.22913e-09,-3.22913e-09,0.0,0.0002,idle,slow1
1.04,405.114,-405.109,-405.108,-405.106,1.01644e-07,-3.27102e-09,9.4887e-08,-3.22913e-09,-3.22913e-09,-3.22913e-09,-3.22913e-09,0.0,0.0002,idle,slow1
1.045,405.114,-405.109,-405.108,-405.106,1.01644e-07,-3.27102e-09,9.4887e-08,-3.22913e-09,-3.22913e-09,-3.22913e-09,-3.22913e-09,0.0,0.0002,idle,slow1
1.05,405.114,-405.109,-405.108,-405.106,1.01644e-07,-3.27102e-09,9.4887e-08,-3.22913e-09,-3.22913e-09,-3.22913e-09,-3.22913e-09,0.0,0.0002,idle,slow1
1.055,405.114,-405.109,-405.108,-405.106,1.01644e-07,-3.27102e-09,9.4887e-08,-3.22913e-09,-3.22913e-09,-3.22913e-09,-3.22913e-09,0.0,0.0002,idle,slow1
1.06,405.114,-405.109,-405.108,-405.106,1.01644e-07,-3.27102e-09,9.4887e-08,-3.22913e-09,-3.22913e-09,-3.22913e-09,-3.22913e-09,0.0,0.0002,idle,slow1
1.065,405.114,-405.109,-405.108,-405.106,1.01644e-07,-3.27102e-09,9.4887e-08,-3.22913e-09,-3.22913e-09,-3.22913e-09,-3.22913e-09,0.0,0.0002,idle,slow1
1.07,405.114,-405.109,-405.108,-405.106,1.01644e-07,-3.27102e-09,9.4887e-08,-3.22913e-09,-3.22913e-09,-3.22913e-09,-3.22913e-09,0.0,0.0002,idle,slow1
1.075,405.114,-405.109,-405.108,-405.106,1.01644e-07,-3.27102e-09,9.4887e-08,-3.22913e-09,-3.22913e-09,-3.22913e-09,-3.22913e-09,0.0,0.0002,idle,slow1
1.08,405.114,-405.109,-405.108,-405.106,1.01644e-07,-3.27102e-09,9.4887e-08,-3.22913e-09,-3.22913e-09,-3.22913e-09,-3.22913e-09,0.0,0.0002,idle,slow1
1.085,405.114,-405.109,-405.108,-405.106,1.01644e-07,-3.27102e-09,9.4887e-08,-3.22913e-09,-3.22913e-09,-3.22913e-09,-3.22913e-09,0.0,0.0002,idle,slow1
1.09,405.114,-405.109,-405.108,-405.106,1.01644e-07,-3.27102e-09,9.4887e-08,-3.22913e-09,-3.22913e-09,-3.22913e-09,-3.22913e-09,0.0,0.0002,idle,slow1
1.095,405.114,-405.109,-405.108,-405.106,1.01644e-07,-3.27102e-09,9.4887e-08,-3.22913e-09,-3.22913e-09,-3.22913e-09,-3.22913e-09,0.0,0.0002,idle,slow1
1.1,405.114,-405.109,-405.108,-405.106,1.01644e-07,-3.27102e-09,9.4887e-08,-3.22913e-09,-3.22913e-09,-3.22913e-09,-3.22913e-09,0.0,0.0002,idle,slow1
1.105,405.114,-405.109,-405.108,-405.106,1.01644e-07,-3.27102e-09,9.4887e-08,-3.22913e-09,-3.22913e-09,-3.22913e-09,-3.22913e-09,0.0,0.0002,idle,slow1
1.11,405.114,-405.109,-405.108,-405.106,1.01644e-07,-3.27102e-09,9.4887e-08,-3.22913e-09,-3.22913e-09,-3.22913e-09,-3.22913e-09,0.0,0.0002,idle,slow1
1.115,405.114,-405.109,-405.108,-405.106,1.01644e-07,-3.27102e-09,9.4887e-08,-3.22913e-09,-3.22913e-09,-3.22913e-09,-3.22913e-09,0.0,0.0002,idle,slow1
1.12,405.114,-405.109,-405.108,-405.106,1.01644e-07,-3.27102e-09,9.4887e-08,-3.22913e-09,-3.22913e-09,-3.22913e-09,-3.22913e-09,0.0,0.0002,idle,slow1
1.125,405.114,-405.109,-405.108,-405.106,1.01644e-07,-3.27102e-09,9.4887e-08,-3.22913e-09,-3.22913e-09,-3.22913e-09,-3.22913e-09,0.0,0.0002,idle,slow1
1.13,405.114,-405.109,-405.108,-405.106,1.01644e-07,-3.27102e-09,9.4887e-08,-3.22913e-09,-3.22913e-09,-3.22913e-09,-3.22913e-09,0.0,0.0002,idle,slow1
1.135,405.114,-405.109,-405.108,-405.106,1.01644e-07,-3.27102e-09,9.4887e-08,-3.22913e-09,-3.22913e-09,-3.22913e-09,-3.22913e-09,0.0,0.0002,idle,slow1
1.14,405.114,-405.109,-405.108,-405.106,1.01644e-07,-3.27102e-09,9.4887e-08,-3.22913e-09,-3.22913e-09,-3.22913e-09,-3.22913e-09,0.0,0.0002,idle,slow1
1.145,405.114,-405.109,-405.108,-405.106,1.01644e-07,-3.27102e-09,9.4887e-08,-3.22913e-09,-3.22913e-09,-3.22913e-09,-3.22913e-09,0.0,0.0002,idle,slow1
1.15,405.114,-405.109,-405.108,-405.106,1.01644e-07,-3.27102e-09,9.4887e-08,-3.22913e-09,-3.22913e-09,-3.22913e-09,-3.22913e-09,0.0,0.0002,idle,slow1
1.155,405.114,-405.109,-405.108,-405.106,1.01644e-07,-3.27102e-09,9.4887e-08,-3.22913e-09,-3.22913e-09,-3.22913e-09,-3.22913e-09,0.0,0.0002,idle,slow1
1.16,405.114,-405.109,-405.108,-405.106,1.01644e-07,-3.27102e-09,9.4887e-08,-3.22913e-09,-3.22913e-09,-3.22913e-09,-3.22913e-09,0.0,0.0002,idle,slow1
1.165,405.114,-405.109,-405.108,-405.106,1.01644e-07,-3.27102e-09,9.4887e-08,-3.22913e-09,-3.22913e-09,-3.22913e-09,-3.22913e-09,0.0,0.0002,idle,slow1
1.17,405.114,-405.109,-405.108,-405.106,1.01644e-07,-3.27102e-09,9.4887e-08,-3.22913e-09,-3.22913e-09,-3.22913e-09,-3.22913e-09,0.0,0.0002,idle,slow1
1.175,405.114,-405.109,-405.108,-405.106,1.01644e-07,-3.27102e-09,9.4887e-08,-3.22913e-09,-3.22913e-09,-3.22913e-09,-3.22913e-09,0.0,0.0002,idle,slow1
1.18,405.114,-405.109,-405.108,-405.106,1.01644e-07,-3.27102e-09,9.4887e-08,-3.22913e-09,-3.22913e-09,-3.22913e-09,-3.22913e-09,0.0,0.0002,idle,slow1
1.185,405.114,-405.109,-405.108,-405.106,1.01644e-07,-3.27102e-09,9.4887e-08,-3.22913e-09,-3.22913e-09,-3.22913e-09,-3.22913e-09,0.0,0.0002,idle,slow1
1.19,405.114,-405.109,-405.108,-405.106,1.01644e-07,-3.27102e-09,9.4887e-08,-3.22913e-09,-3.22913e-09,-3.22913e-09,-3.22913e-09,0.0,0.0002,idle,slow1
1.195,405.114,-405.109,-405.108,-405.106,1.01644e-07,-3.27102e-09,9.4887e-08,-3.22913e-09,-3.22913e-09,-3.22913e-09,-3.22913e-09,0.0,0.0002,idle,slow1
1.2,405.114,-405.109,-405.108,-405.106,1.01644e-07,-3.27102e-09,9.4887e-08,-3.22913e-09,-3.22913e-09,-3.22913e-09,-3.22913e-09,0.0,0.0002,idle,slow1
1.205,405.114,-405.109,-405.108,-405.106,1.01644e-07,-3.27102e-09,9.4887e-08,-3.22913e-09,-3.22913e-09,-3.22913e-09,-3.22913e-09,0.0,0.0002,idle,slow1
1.21,405.114,-405.109,-405.108,-405.106,1.01644e-07,-3.27102e-09,9.4887e-08,-3.22913e-09,-3.22913e-09,-3.22913e-09,-3.22913e-09,0.0,0.0002,idle,slow1
1.215,405.114,-405.109,-405.108,-405.106,1.01644e-07,-3.27102e-09,9.4887e-08,-3.22913e-09,-3.22913e-09,-3.22913e-09,-3.22913e-09,0.0,0.0002,idle,slow1
1.22,405.114,-405.109,-405.108,-405.106,1.01644e-07,-3.27102e-09,9.4887e-08,-3.22913e-09,-3.22913e-09,-3.22913e-09,-3.22913e-09,0.0,0.0002,idle,slow1
1.225,405.114,-405.109,-405.108,-405.106,1.01644e-07,-3.27102e-09,9.4887e-08,-3.22913e-09,-3.22913e-09,-3.22913e-09,-3.22913e-09,0.0,0.0002,idle,slow1
1.23,405.114,-405.109,-405.108,-405.106,1.01644e-07,-3.27102e-09,9.4887e-08,-3.22913e-09,-3.22913e-09,-3.22913e-09,-3.22913e-09,0.0,0.0002,idle,slow1
1.235,405.114,-405.109,-405.108,-405.106,1.01644e-07,-3.27102e-09,9.4887e-08,-3.22913e-09,-3.22913e-09,-3.22913e-09,-3.22913e-09,0.0,0.0002,idle,slow1
1.24,405.114,-405.109,-405.108,-405.106,1.01644e-07,-3.27102e-09,9.4887e-08,-3.22913e-09,-3.22913e-09,-3.22913e-09,-3.22913e-09,0.0,0.0002,idle,slow1
1.245,405.114,-405.109,-405.108,-405.106,1.01644e-07,-3.27102e-09,9.4887e-08,-3.22913e-09,-3.22913e-09,-3.22913e-09,-3.22913e-09,0.0,0.0002,idle,slow1
1.25,405.114,-405.109,-405.108,-405.106,1.01644e-07,-3.27102e-09,9.4887e-08,-3.22913e-09,-3.22913e-09,-3.22913e-09,-3.22913e-09,0.0,0.0002,idle,slow1
1.255,405.114,-405.109,-405.108,-405.106,1.01644e-07,-3.27102e-09,9.4887e-08,-3.22913e-09,-3.22913e-09,-3.22913e-09,-3.22913e-09,0.0,0.0002,idle,slow1
1.26,405.114,-405.109,-405.108,-405.106,1.01644e-07,-3.27102e-09,9.4887e-08,-3.22913e-09,-3.22913e-09,-3.22913e-09,-3.22913e-09,0.0,0.0002,idle,slow1
1.265,405.114,-405.109,-405.108,-405.106,1.01644e-07,-3.27102e-09,9.4887e-08,-3.22913e-09,-3.22913e-09,-3.22913e-09,-3.22913e-09,0.0,0.0002,idle,slow1
1.27,405.114,-405.109,-405.108,-405.106,1.01644e-07,-3.27102e-09,9.4887e-08,-3.22913e-09,-3.22913e-09,-3.22913e-09,-3.22913e-09,0.0,0.0002,idle,slow1
1.275,405.114,-405.109,-405.108,-405.106,1.01644e-07,-3.27102e-09,9.4887e-08,-3.22913e-09,-3.22913e-09,-3.22913e-09,-3.22913e-09,0.0,0.0002,idle,slow1
1.28,405.114,-405.109,-405.108,-405.106,1.01644e-07,-3.27102e-09,9.4887e-08,-3.22913e-09,-3.22913e-09,-3.22913e-09,-3.22913e-09,0.0,0.0002,idle,slow1
1.285,405.114,-405.109,-405.108,-405.106,1.01644e-07,-3.27102e-09,9.4887e-08,-3.22913e-09,-3.22913e-09,-3.22913e-09,-3.22913e-09,0.0,0.0002,idle,slow1
1.29,405.114,-405.109,-405.108,-405.106,1.01644e-07,-3.27102e-09,9.4887e-08,-3.22913e-09,-3.22913e-09,-3.22913e-09,-3.22913e-09,0.0,0.0002,idle,slow1
1.295,405.114,-405.109,-405.108,-405.106,1.01644e-07,-3.27102e-09,9.4887e-08,-3.22913e-09,-3.22913e-09,-3.22913e-09,-3.22913e-09,0.0,0.0002,idle,slow1
1.3,405.114,-405.109,-405.108,-405.106,1.01644e-07,-3.27102e-09,9.4887e-08,-3.22913e-09,-3.22913e-09,-3.22913e-09,-3.22913e-09,0.0,0.0002,idle,slow1
1.305,405.114,-405.109,-405.108,-405.106,1.01644e-07,-3.27102e-09,9.4887e-08,-3.22913e-09,-3.22913e-09,-3.22913e-09,-3.22913e-09,0.0,0.0002,idle,slow1
1.31,405.114,-405.109,-405.108,-405.106,1.01644e-07,-3.27102e-09,9.4887e-08,-3.22913e-09,-3.22913e-09,-3.22913e-09,-3.22913e-09,0.0,0.0002,idle,slow1
1.315,405.114,-405.109,-405.108,-405.106,1.01644e-07,-3.27102e-09,9.4887e-08,-3.22913e-09,-3.22913e-09,-3.22913e-09,-3.22913e-09,0.0,0.0002,idle,slow1
1.32,405.114,-405.109,-405.108,-405.106,1.01644e-07,-3.27102e-09,9.4887e-08,-3.22913e-09,-3.22913e-09,-3.22913e-09,-3.22913e-09,0.0,0.0002,idle,slow1
1.325,405.114,-405.109,-405.108,-405.106,1.01644e-07,-3.27102e-09,9.4887e-08,-3.22913e-09,-3.22913e-09,-3.22913e-09,-3.22913e-09,0.0,0.0002,idle,slow1
1.33,405.114,-405.109,-405.108,-405.106,1.01644e-07,-3.27102e-09,9.4887e-08,-3.22913e-09,-3.22913e-09,-3.22913e-09,-3.22913e-09,0.0,0.0002,idle,slow1
1.335,405.114,-405.109,-405.108,-405.106,1.01644e-07,-3.27102e-09,9.4887e-08,-3.22913e-09,-3.22913e-09,-3.22913e-09,-3.22913e-09,0.0,0.0002,idle,slow1
1.34,405.114,-405.109,-405.108,-405.106,1.01644e-07,-3.27102e-09,9.4887e-08,-3.22913e-09,-3.22913e-09,-3.22913e-09,-3.22913e-09,0.0,0.0002,idle,slow1
1.345,405.114,-405.109,-405.108,-405.106,1.01644e-07,-3.27102e-09,9.4887e-08,-3.22913e-09,-3.22913e-09,-3.22913e-09,-3.22913e-09,0.0,0.0002,idle,slow1
1.35,405.114,-405.109,-405.108,-405.106,1.01644e-07,-3.27102e-09,9.4887e-08,-3.22913e-09,-3.22913e-09,-3.22913e-09,-3.22913e-09,0.0,0.0002,idle,slow1
1.355,405.114,-405.109,-405.108,-405.106,1.01644e-07,-3.27102e-09,9.4887e-08,-3.22913e-09,-3.22913e-09,-3.22913e-09,-3.22913e-09,0.0,0.0002,idle,slow1
1.36,405.114,-405.109,-405.108,-405.106,1.01644e-07,-3.27102e-09,9.4887e-08,-3.22913e-09,-3.22913e-09,-3.22913e-09,-3.22913e-09,0.0,0.0002,idle,slow1
1.365,405.114,-405.109,-405.108,-405.106,1.01644e-07,-3.27102e-09,9.4887e-08,-3.22913e-09,-3.22913e-09,-3.22913e-09,-3.22913e-09,0.0,0.0002,idle,slow1
1.37,405.114,-405.109,-405.108,-405.106,1.01644e-07,-3.27102e-09,9.4887e-08,-3.22913e-09,-3.22913e-09,-3.22913e-09,-3.22913e-09,0.0,0.0002,idle,slow1
1.375,405.114,-405.109,-405.108,-405.106,1.01644e-07,-3.27102e-09,9.4887e-08,-3.22913e-09,-3.22913e-09,-3.22913e-09,-3.22913e-09,0.0,0.0002,idle,slow1
1.38,405.114,-405.109,-405.108,-405.106,1.01644e-07,-3.27102e-09,9.4887e-08,-3.22913e-09,-3.22913e-09,-3.22913e-09,-3.22913e-09,0.0,0.0002,idle,slow1
1.385,405.114,-405.109,-405.108,-405.106,1.01644e-07,-3.27102e-09,9.4887e-08,-3.22913e-09,-3.22913e-09,-3.22913e-09,-3.22913e-09,0.0,0.0002,idle,slow1
1.39,405.114,-405.109,-405.108,-405.106,1.01644e-07,-3.27102e-09,9.4887e-08,-3.22913e-09,-3.22913e-09,-3.22913e-09,-3.22913e-09,0.0,0.0002,idle,slow1
1.395,405.114,-405.109,-405.108,-405.106,1.01644e-07,-3.27102e-09,9.4887e-08,-3.22913e-09,-3.22913e-09,-3.22913e-09,-3.22913e-09,0.0,0.0002,idle,slow1
1.4,405.114,-405.109,-405.108,-405.106,1.01644e-07,-3.27102e-09,9.4887e-08,-3.22913e-09,-3.22913e-09,-3.22913e-09,-3.22913e-09,0.0,0.0002,idle,slow1
1.405,405.114,-405.109,-405.108,-405.106,1.01644e-07,-3.27102e-09,9.4887e-08,-3.22913e-09,-3.22913e-09,-3.22913e-09,-3.22913e-09,0.0,0.0002,idle,slow1
1.41,405.114,-405.109,-405.108,-405.106,1.01644e-07,-3.27102e-09,9.4887e-08,-3.22913e-09,-3.22913e-09,-3.22913e-09,-3.22913e-09,0.0,0.0002,idle,slow1
1.415,405.114,-405.109,-405.108,-405.106,1.01644e-07,-3.27102e-09,9.4887e-08,-3.22913e-09,-3.22913e-09,-3.22913e-09,-3.22913e-09,0.0,0.0002,idle,slow1
1.42,405.114,-405.109,-405.108,-405.106,1.01644e-07,-3.27102e-09,9.4887e-08,-3.22913e-09,-3.22913e-09,-3.22913e-09,-3.22913e-09,0.0,0.0002,idle,slow1
1.425,405.114,-405.109,-405.108,-405.106,1.01644e-07,-3.27102e-09,9.4887e-08,-3.22913e-09,-3.22913e-09,-3.22913e-09,-3.22913e-09,0.0,0.0002,idle,slow1
1.43,405.114,-405.109,-405.108,-405.106,1.01644e-07,-3.27102e-09,9.4887e-08,-3.22913e-09,-3.22913e-09,-3.22913e-09,-3.22913e-09,0.0,0.0002,idle,slow1
1.435,405.114,-405.109,-405.108,-405.106,1.01644e-07,-3.27102e-09,9.4887e-08,-3.22913e-09,-3.22913e-09,-3.22913e-09,-3.22913e-09,0.0,0.0002,idle,slow1
1.44,405.114,-405.109,-405.108,-405.106,1.01644e-07,-3.27102e-09,9.4887e-08,-3.22913e-09,-3.22913e-09,-3.22913e-09,-3.22913e-09,0.0,0.0002,idle,slow1
1.445,405.114,-405.109,-405.108,-405.106,1.01644e-07,-3.27102e-09,9.4887e-08,-3.22913e-09,-3.22913e-09,-3.22913e-09,-3.22913e-09,0.0,0.0002,idle,slow1
1.45,405.114,-405.109,-405.108,-405.106,1.01644e-07,-3.27102e-09,9.4887e-08,-3.22913e-09,-3.22913e-09,-3.22913e-09,-3.22913e-09,0.0,0.0002,idle,slow1
1.455,405.114,-405.109,-405.108,-405.106,1.01644e-07,-3.27102e-09,9.4887e-08,-3.22913e-09,-3.22913e-09,-3.22913e-09,-3.22913e-09,0.0,0.0002,idle,slow1
1.46,405.114,-405.109,-405.108,-405.106,1.01644e-07,-3.27102e-09,9.4887e-08,-3.22913e-09,-3.22913e-09,-3.22913e-09,-3.22913e-09,0.0,0.0002,idle,slow1
1.465,405.114,-405.109,-405.108,-405.106,1.01644e-07,-3.27102e-09,9.4887e-08,-3.22913e-09,-3.22913e-09,-3.22913e-09,-3.22913e-09,0.0,0.0002,idle,slow1
1.47,405.114,-405.109,-405.108,-405.106,1.01644e-07,-3.27102e-09,9.4887e-08,-3.22913e-09,-3.22913e-09,-3.22913e-09,-3.22913e-09,0.0,0.0002,idle,slow1
1.475,405.114,-405.109,-405.108,-405.106,1.01644e-07,-3.27102e-09,9.4887e-08,-3.22913e-09,-3.22913e-09,-3.22913e-09,-3.22913e-09,0.0,0.0002,idle,slow1
1.48,405.114,-405.109,-405.108,-405.106,1.01644e-07,-3.27102e-09,9.4887e-08,-3.22913e-09,-3.22913e-09,-3.22913e-09,-3.22913e-09,0.0,0.0002,idle,slow1
1.485,405.114,-405.109,-405.108,-405.106,1.01644e-07,-3.27102e-09,9.4887e-08,-3.22913e-09,-3.22913e-09,-3.22913e-09,-3.22913e-09,0.0,0.0002,idle,slow1
1.49,405.114,-405.109,-405.108,-405.106,1.01644e-07,-3.27102e-09,9.4887e-08,-3.22913e-09,-3.22913e-09,-3.22913e-09,-3.22913e-09,0.0,0.0002,idle,slow1
1.495,405.114,-405.109,-405.108,-405.106,1.01644e-07,-3.27102e-09,9.4887e-08,-3.22913e-09,-3.22913e-09,-3.22913e-09,-3.22913e-09,0.0,0.0002,idle,slow1
1.5,405.114,-405.109,-405.108,-405.106,1.01644e-07,-3.27102e-09,9.4887e-08,-3.22913e-09,-3.22913e-09,-3.22913e-09,-3.22913e-09,0.0,0.0002,idle,slow1
1.505,405.114,-405.109,-405.108,-405.106,1.01644e-07,-3.27102e-09,9.4887e-08,-3.22913e-09,-3.22913e-09,-3.22913e-09,-3.22913e-09,0.0,0.0002,idle,slow1
1.51,405.114,-405.109,-405.108,-405.106,1.01644e-07,-3.27102e-09,9.4887e-08,-3.22913e-09,-3.22913e-09,-3.22913e-09,-3.22913e-09,0.0,0.0002,idle,slow1
1.515,405.114,-405.109,-405.108,-405.106,1.01644e-07,-3.27102e-09,9.4887e-08,-3.22913e-09,-3.22913e-09,-3.22913e-09,-3.22913e-09,0.0,0.0002,idle,slow1
1.52,405.114,-405.109,-405.108,-405.106,1.01644e-07,-3.27102e-09,9.4887e-08,-3.22913e-09,-3.22913e-09,-3.22913e-09,-3.22913e-09,0.0,0.0002,idle,slow1
1.525,405.114,-405.109,-405.108,-405.106,1.01644e-07,-3.27102e-09,9.4887e-08,-3.22913e-09,-3.22913e-09,-3.22913e-09,-3.22913e-09,0.0,0.0002,idle,slow1
1.53,405.114,-405.109,-405.108,-405.106,1.01644e-07,-3.27102e-09,9.4887e-08,-3.22913e-09,-3.22913e-09,-3.22913e-09,-3.22913e-09,0.0,0.0002,idle,slow1
1.535,405.114,-405.109,-405.108,-405.106,1.01644e-07,-3.27102e-09,9.4887e-08,-3.22913e-09,-3.22913e-09,-3.22913e-09,-3.22913e-09,0.0,0.0002,idle,slow1
1.54,405.114,-405.109,-405.108,-405.106,1.01644e-07,-3.27102e-09,9.4887e-08,-3.22913e-09,-3.22913e-09,-3.22913e-09,-3.22913e-09,0.0,0.0002,idle,slow1
1.545,405.114,-405.109,-405.108,-405.106,1.01644e-07,-3.27102e-09,9.4887e-08,-3.22913e-09,-3.22913e-09,-3.22913e-09,-3.22913e-09,0.0,0.0002,idle,slow1
1.55,405.114,-405.109,-405.108,-405.106,1.01644e-07,-3.27102e-09,9.4887e-08,-3.22913e-09,-3.22913e-09,-3.22913e-09,-3.22913e-09,0.0,0.0002,idle,slow1
1.555,405.114,-405.109,-405.108,-405.106,1.01644e-07,-3.27102e-09,9.4887e-08,-3.22913e-09,-3.22913e-09,-3.22913e-09,-3.22913e-09,0.0,0.0002,idle,slow1
1.56,405.114,-405.109,-405.108,-405.106,1.01644e-07,-3.27102e-09,9.4887e-08,-3.22913e-09,-3.22913e-09,-3.22913e-09,-3.22913e-09,0.0,0.0002,idle,slow1
1.565,405.114,-405.109,-405.108,-405.106,1.01644e-07,-3.27102e-09,9.4887e-08,-3.22913e-09,-3.22913e-09,-3.22913e-09,-3.22913e-09,0.0,0.0002,idle,slow1
1.57,405.114,-405.109,-405.108,-405.106,1.01644e-07,-3.27102e-09,9.4887e-08,-3.22913e-09,-3.22913e-09,-3.22913e-09,-3.22913e-09,0.0,0.0002,idle,slow1
1.575,405.114,-405.109,-405.108,-405.106,1.01644e-07,-3.27102e-09,9.4887e-08,-3.22913e-09,-3.22913e-09,-3.22913e-09,-3.22913e-09,0.0,0.0002,idle,slow1
1.58,405.114,-405.109,-405.108,-405.106,1.01644e-07,-3.27102e-09,9.4887e-08,-3.22913e-09,-3.22913e-09,-3.22913e-09,-3.22913e-09,0.0,0.0002,idle,slow1
1.585,405.114,-405.109,-405.108,-405.106,1.01644e-07,-3.27102e-09,9.4887e-08,-3.22913e-09,-3.22913e-09,-3.22913e-09,-3.22913e-09,0.0,0.0002,idle,slow1
1.59,405.114,-405.109,-405.108,-405.106,1.01644e-07,-3.27102e-09,9.4887e-08,-3.22913e-09,-3.22913e-09,-3.22913e-09,-3.22913e-09,0.0,0.0002,idle,slow1
1.595,405.114,-405.109,-405.108,-405.106,1.01644e-07,-3.27102e-09,9.4887e-08,-3.22913e-09,-3.22913e-09,-3.22913e-09,-3.22913e-09,0.0,0.0002,idle,slow1
1.6,405.114,-405.109,-405.108,-405.106,1.01644e-07,-3.27102e-09,9.4887e-08,-3.22913e-09,-3.22913e-09,-3.22913e-09,-3.22913e-09,0.0,0.0002,idle,slow1
1.605,405.114,-405.109,-405.108,-405.106,1.01644e-07,-3.27102e-09,9.4887e-08,-3.22913e-09,-3.22913e-09,-3.22913e-09,-3.22913e-09,0.0,0.0002,idle,slow1
1.61,405.114,-405.109,-405.108,-405.106,1.01644e-07,-3.27102e-09,9.4887e-08,-3.22913e-09,-3.22913e-09,-3.22913e-09,-3.22913e-09,0.0,0.0002,idle,slow1
1.615,405.114,-405.109,-405.108,-405.106,1.01644e-07,-3.27102e-09,9.4887e-08,-3.22913e-09,-3.22913e-09,-3.22913e-09,-3.22913e-09,0.0,0.0002,idle,slow1
1.62,405.114,-405.109,-405.108,-405.106,1.01644e-07,-3.27102e-09,9.4887e-08,-3.22913e-09,-3.22913e-09,-3.22913e-09,-3.22913e-09,0.0,0.0002,idle,slow1
1.625,405.114,-405.109,-405.108,-405.106,1.01644e-07,-3.27102e-09,9.4887e-08,-3.22913e-09,-3.22913e-09,-3.22913e-09,-3.22913e-09,0.0,0.0002,idle,slow1
1.63,405.114,-405.109,-405.108,-405.106,1.01644e-07,-3.27102e-09,9.4887e-08,-3.22913e-09,-3.22913e-09,-3.22913e-09,-3.22913e-09,0.0,0.0002,idle,slow1
1.635,405.114,-405.109,-405.108,-405.106,1.01644e-07,-3.27102e-09,9.4887e-08,-3.22913e-09,-3.22913e-09,-3.22913e-09,-3.22913e-09,0.0,0.0002,idle,slow1
1.64,405.114,-405.109,-405.108,-405.106,1.01644e-07,-3.27102e-09,9.4887e-08,-3.22913e-09,-3.22913e-09,-3.22913e-09,-3.22913e-09,0.0,0.0002,idle,slow1
1.645,405.114,-405.109,-405.108,-405.106,1.01644e-07,-3.27102e-09,9.4887e-08,-3.22913e-09,-3.22913e-09,-3.22913e-09,-3.22913e-09,0.0,0.0002,idle,slow1
1.65,405.114,-405.109,-405.108,-405.106,1.01644e-07,-3.27102e-09,9.4887e-08,-3.22913e-09,-3.22913e-09,-3.22913e-09,-3.22913e-09,0.0,0.0002,idle,slow1
1.655,405.114,-405.109,-405.108,-405.106,1.01644e-07,-3.27102e-09,9.4887e-08,-3.22913e-09,-3.22913e-09,-3.22913e-09,-3.22913e-09,0.0,0.0002,idle,slow1
1.66,405.114,-405.109,-405.108,-405.106,1.01644e-07,-3.27102e-09,9.4887e-08,-3.22913e-09,-3.22913e-09,-3.22913e-09,-3.22913e-09,0.0,0.0002,idle,slow1
1.665,405.114,-405.109,-405.108,-405.106,1.01644e-07,-3.27102e-09,9.4887e-08,-3.22913e-09,-3.22913e-09,-3.22913e-09,-3.22913e-09,0.0,0.0002,idle,slow1
1.67,405.114,-405.109,-405.108,-405.106,1.01644e-07,-3.27102e-09,9.4887e-08,-3.22913e-09,-3.22913e-09,-3.22913e-09,-3.22913e-09,0.0,0.0002,idle,slow1
1.675,405.114,-405.109,-405.108,-405.106,1.01644e-07,-3.27102e-09,9.4887e-08,-3.22913e-09,-3.22913e-09,-3.22913e-09,-3.22913e-09,0.0,0.0002,idle,slow1
1.68,405.114,-405.109,-405.108,-405.106,1.01644e-07,-3.27102e-09,9.4887e-08,-3.22913e-09,-3.22913e-09,-3.22913e-09,-3.22913e-09,0.0,0.0002,idle,slow1
1.685,405.114,-405.109,-405.108,-405.106,1.01644e-07,-3.27102e-09,9.4887e-08,-3.22913e-09,-3.22913e-09,-3.22913e-09,-3.22913e-09,0.0,0.0002,idle,slow1
1.69,405.114,-405.109,-405.108,-405.106,1.01644e-07,-3.27102e-09,9.4887e-08,-3.22913e-09,-3.22913e-09,-3.22913e-09,-3.22913e-09,0.0,0.0002,idle,slow1
1.695,405.114,-405.109,-405.108,-405.106,1.01644e-07,-3.27102e-09,9.4887e-08,-3.22913e-09,-3.22913e-09,-3.22913e-09,-3.22913e-09,0.0,0.0002,idle,slow1
1.7,405.114,-405.109,-405.108,-405.106,1.01644e-07,-3.27102e-09,9.4887e-08,-3.22913e-09,-3.22913e-09,-3.22913e-09,-3.22913e-09,0.0,0.0002,idle,slow1
1.705,405.114,-405.109,-405.108,-405.106,1.01644e-07,-3.27102e-09,9.4887e-08,-3.22913e-09,-3.22913e-09,-3.22913e-09,-3.22913e-09,0.0,0.0002,idle,slow1
1.71,405.114,-405.109,-405.108,-405.106,1.01644e-07,-3.27102e-09,9.4887e-08,-3.22913e-09,-3.22913e-09,-3.22913e-09,-3.22913e-09,0.0,0.0002,idle,slow1
1.715,405.114,-405.109,-405.108,-405.106,1.01644e-07,-3.27102e-09,9.4887e-08,-3.22913e-09,-3.22913e-09,-3.22913e-09,-3.22913e-09,0.0,0.0002,idle,slow1
1.72,405.114,-405.109,-405.108,-405.106,1.01644e-07,-3.27102e-09,9.4887e-08,-3.22913e-09,-3.22913e-09,-3.22913e-09,-3.22913e-09,0.0,0.0002,idle,slow1
1.725,405.114,-405.109,-405.108,-405.106,1.01644e-07,-3.27102e-09,9.4887e-08,-3.22913e-09,-3.22913e-09,-3.22913e-09,-3.22913e-09,0.0,0.0002,idle,slow1
1.73,405.114,-405.109,-405.108,-405.106,1.01644e-07,-3.27102e-09,9.4887e-08,-3.22913e-09,-3.22913e-09,-3.22913e-09,-3.22913e-09,0.0,0.0002,idle,slow1
1.735,405.114,-405.109,-405.108,-405.106,1.01644e-07,-3.27102e-09,9.4887e-08,-3.22913e-09,-3.22913e-09,-3.22913e-09,-3.22913e-09,0.0,0.0002,idle,slow1
1.74,405.114,-405.109,-405.108,-405.106,1.01644e-07,-3.27102e-09,9.4887e-08,-3.22913e-09,-3.22913e-09,-3.22913e-09,-3.22913e-09,0.0,0.0002,idle,slow1
1.745,405.114,-405.109,-405.108,-405.106,1.01644e-07,-3.27102e-09,9.4887e-08,-3.22913e-09,-3.22913e-09,-3.22913e-09,-3.22913e-09,0.0,0.0002,idle,slow1
1.75,405.114,-405.109,-405.108,-405.106,1.01644e-07,-3.27102e-09,9.4887e-08,-3.22913e-09,-3.22913e-09,-3.22913e-09,-3.22913e-09,0.0,0.0002,idle,slow1
1.755,405.114,-405.109,-405.108,-405.106,1.01644e-07,-3.27102e-09,9.4887e-08,-3.22913e-09,-3.22913e-09,-3.22913e-09,-3.22913e-09,0.0,0.0002,idle,slow1
1.76,405.114,-405.109,-405.108,-405.106,1.01644e-07,-3.27102e-09,9.4887e-08,-3.22913e-09,-3.22913e-09,-3.22913e-09,-3.22913e-09,0.0,0.0002,idle,slow1
1.765,405.114,-405.109,-405.108,-405.106,1.01644e-07,-3.27102e-09,9.4887e-08,-3.22913e-09,-3.22913e-09,-3.22913e-09,-3.22913e-09,0.0,0.0002,idle,slow1
1.77,405.114,-405.109,-405.108,-405.106,1.01644e-07,-3.27102e-09,9.4887e-08,-3.22913e-09,-3.22913e-09,-3.22913e-09,-3.22913e-09,0.0,0.0002,idle,slow1
1.775,405.114,-405.109,-405.108,-405.106,1.01644e-07,-3.27102e-09,9.4887e-08,-3.22913e-09,-3.22913e-09,-3.22913e-09,-3.22913e-09,0.0,0.0002,idle,slow1
1.78,405.114,-405.109,-405.108,-405.106,1.01644e-07,-3.27102e-09,9.4887e-08,-3.22913e-09,-3.22913e-09,-3.22913e-09,-3.22913e-09,0.0,0.0002,idle,slow1
1.785,405.114,-405.109,-405.108,-405.106,1.01644e-07,-3.27102e-09,9.4887e-08,-3.22913e-09,-3.22913e-09,-3.22913e-09,-3.22913e-09,0.0,0.0002,idle,slow1
1.79,405.114,-405.109,-405.108,-405.106,1.01644e-07,-3.27102e-09,9.4887e-08,-3.22913e-09,-3.22913e-09,-3.22913e-09,-3.22913e-09,0.0,0.0002,idle,slow1
1.795,405.114,-405.109,-405.108,-405.106,1.01644e-07,-3.27102e-09,9.4887e-08,-3.22913e-09,-3.22913e-09,-3.22913e-09,-3.22913e-09,0.0,0.0002,idle,slow1
1.8,405.114,-405.109,-405.108,-405.106,1.01644e-07,-3.27102e-09,9.4887e-08,-3.22913e-09,-3.22913e-09,-3.22913e-09,-3.22913e-09,0.0,0.0002,idle,slow1
1.805,405.114,-405.109,-405.108,-405.106,1.01644e-07,-3.27102e-09,9.4887e-08,-3.22913e-09,-3.22913e-09,-3.22913e-09,-3.22913e-09,0.0,0.0002,idle,slow1
1.81,405.114,-405.109,-405.108,-405.106,1.01644e-07,-3.27102e-09,9.4887e-08,-3.22913e-09,-3.22913e-09,-3.22913e-09,-3.22913e-09,0.0,0.0002,idle,slow1
1.815,405.114,-405.109,-405.108,-405.106,1.01644e-07,-3.27102e-09,9.4887e-08,-3.22913e-09,-3.22913e-09,-3.22913e-09,-3.22913e-09,0.0,0.0002,idle,slow1
1.82,405.114,-405.109,-405.108,-405.106,1.01644e-07,-3.27102e-09,9.4887e-08,-3.22913e-09,-3.22913e-09,-3.22913e-09,-3.22913e-09,0.0,0.0002,idle,slow1
1.825,405.114,-405.109,-405.108,-405.106,1.01644e-07,-3.27102e-09,9.4887e-08,-3.22913e-09,-3.22913e-09,-3.22913e-09,-3.22913e-09,0.0,0.0002,idle,slow1
1.83,405.114,-405.109,-405.108,-405.106,1.01644e-07,-3.27102e-09,9.4887e-08,-3.22913e-09,-3.22913e-09,-3.22913e-09,-3.22913e-09,0.0,0.0002,idle,slow1
1.835,405.114,-405.109,-405.108,-405.106,1.01644e-07,-3.27102e-09,9.4887e-08,-3.22913e-09,-3.22913e-09,-3.22913e-09,-3.22913e-09,0.0,0.0002,idle,slow1
1.84,405.114,-405.109,-405.108,-405.106,1.01644e-07,-3.27102e-09,9.4887e-08,-3.22913e-09,-3.22913e-09,-3.22913e-09,-3.22913e-09,0.0,0.0002,idle,slow1
1.845,405.114,-405.109,-405.108,-405.106,1.01644e-07,-3.27102e-09,9.4887e-08,-3.22913e-09,-3.22913e-09,-3.22913e-09,-3.22913e-09,0.0,0.0002,idle,slow1
1.85,405.114,-405.109,-405.108,-405.106,1.01644e-07,-3.27102e-09,9.4887e-08,-3.22913e-09,-3.22913e-09,-3.22913e-09,-3.22913e-09,0.0,0.0002,idle,slow1
1.855,405.114,-405.109,-405.108,-405.106,1.01644e-07,-3.27102e-09,9.4887e-08,-3.22913e-09,-3.22913e-09,-3.22913e-09,-3.22913e-09,0.0,0.0002,idle,slow1
1.86,405.114,-405.109,-405.108,-405.106,1.01644e-07,-3.27102e-09,9.4887e-08,-3.22913e-09,-3.22913e-09,-3.22913e-09,-3.22913e-09,0.0,0.0002,idle,slow1
1.865,405.114,-405.109,-405.108,-405.106,1.01644e-07,-3.27102e-09,9.4887e-08,-3.22913e-09,-3.22913e-09,-3.22913e-09,-3.22913e-09,0.0,0.0002,idle,slow1
1.87,405.114,-405.109,-405.108,-405.106,1.01644e-07,-3.27102e-09,9.4887e-08,-3.22913e-09,-3.22913e-09,-3.22913e-09,-3.22913e-09,0.0,0.0002,idle,slow1
1.875,405.114,-405.109,-405.108,-405.106,1.01644e-07,-3.27102e-09,9.4887e-08,-3.22913e-09,-3.22913e-09,-3.22913e-09,-3.22913e-09,0.0,0.0002,idle,slow1
1.88,405.114,-405.109,-405.108,-405.106,1.01644e-07,-3.27102e-09,9.4887e-08,-3.22913e-09,-3.22913e-09,-3.22913e-09,-3.22913e-09,0.0,0.0002,idle,slow1
1.885,405.114,-405.109,-405.108,-405.106,1.01644e-07,-3.27102e-09,9.4887e-08,-3.22913e-09,-3.22913e-09,-3.22913e-09,-3.22913e-09,0.0,0.0002,idle,slow1
1.89,405.114,-405.109,-405.108,-405.106,1.01644e-07,-3.27102e-09,9.4887e-08,-3.22913e-09,-3.22913e-09,-3.22913e-09,-3.22913e-09,0.0,0.0002,idle,slow1
1.895,405.114,-405.109,-405.108,-405.106,1.01644e-07,-3.27102e-09,9.4887e-08,-3.22913e-09,-3.22913e-09,-3.22913e-09,-3.22913e-09,0.0,0.0002,idle,slow1
1.9,405.114,-405.109,-405.108,-405.106,1.01644e-07,-3.27102e-09,9.4887e-08,-3.22913e-09,-3.22913e-09,-3.22913e-09,-3.22913e-09,0.0,0.0002,idle,slow1
1.905,405.114,-405.109,-405.108,-405.106,1.01644e-07,-3.27102e-09,9.4887e-08,-3.22913e-09,-3.22913e-09,-3.22913e-09,-3.22913e-09,0.0,0.0002,idle,slow1
1.91,405.114,-405.109,-405.108,-405.106,1.01644e-07,-3.27102e-09,9.4887e-08,-3.22913e-09,-3.22913e-09,-3.22913e-09,-3.22913e-09,0.0,0.0002,idle,slow1
1.915,405.114,-405.109,-405.108,-405.106,1.01644e-07,-3.27102e-09,9.4887e-08,-3.22913e-09,-3.22913e-09,-3.22913e-09,-3.22913e-09,0.0,0.0002,idle,slow1
1.92,405.114,-405.109,-405.108,-405.106,1.01644e-07,-3.27102e-09,9.4887e-08,-3.22913e-09,-3.22913e-09,-3.22913e-09,-3.22913e-09,0.0,0.0002,idle,slow1
1.925,405.114,-405.109,-405.108,-405.106,1.01644e-07,-3.27102e-09,9.4887e-08,-3.22913e-09,-3.22913e-09,-3.22913e-09,-3.22913e-09,0.0,0.0002,idle,slow1
1.93,405.114,-405.109,-405.108,-405.106,1.01644e-07,-3.27102e-09,9.4887e-08,-3.22913e-09,-3.22913e-09,-3.22913e-09,-3.22913e-09,0.0,0.0002,idle,slow1
1.935,405.114,-405.109,-405.108,-405.106,1.01644e-07,-3.27102e-09,9.4887e-08,-3.22913e-09,-3.22913e-09,-3.22913e-09,-3.22913e-09,0.0,0.0002,idle,slow1
1.94,405.114,-405.109,-405.108,-405.106,1.01644e-07,-3.27102e-09,9.4887e-08,-3.22913e-09,-3.22913e-09,-3.22913e-09,-3.22913e-09,0.0,0.0002,idle,slow1
1.945,405.114,-405.109,-405.108,-405.106,1.01644e-07,-3.27102e-09,9.4887e-08,-3.22913e-09,-3.22913e-09,-3.22913e-09,-3.22913e-09,0.0,0.0002,idle,slow1
1.95,405.114,-405.109,-405.108,-405.106,1.01644e-07,-3.27102e-09,9.4887e-08,-3.22913e-09,-3.22913e-09,-3.22913e-09,-3.22913e-09,0.0,0.0002,idle,slow1
1.955,405.114,-405.109,-405.108,-405.106,1.01644e-07,-3.27102e-09,9.4887e-08,-3.22913e-09,-3.22913e-09,-3.22913e-09,-3.22913e-09,0.0,0.0002,idle,slow1
1.96,405.114,-405.109,-405.108,-405.106,1.01644e-07,-3.27102e-09,9.4887e-08,-3.22913e-09,-3.22913e-09,-3.22913e-09,-3.22913e-09,0.0,0.0002,idle,slow1
1.965,405.114,-405.109,-405.108,-405.106,1.01644e-07,-3.27102e-09,9.4887e-08,-3.22913e-09,-3.22913e-09,-3.22913e-09,-3.22913e-09,0.0,0.0002,idle,slow1
1.97,405.114,-405.109,-405.108,-405.106,1.01644e-07,-3.27102e-09,9.4887e-08,-3.22913e-09,-3.22913e-09,-3.22913e-09,-3.22913e-09,0.0,0.0002,idle,slow1
1.975,405.114,-405.109,-405.108,-405.106,1.01644e-07,-3.27102e-09,9.4887e-08,-3.22913e-09,-3.22913e-09,-3.22913e-09,-3.22913e-09,0.0,0.0002,idle,slow1
1.98,405.114,-405.109,-405.108,-405.106,1.01644e-07,-3.27102e-09,9.4887e-08,-3.22913e-09,-3.22913e-09,-3.22913e-09,-3.22913e-09,0.0,0.0002,idle,slow1
1.985,405.114,-405.109,-405.108,-405.106,1.01644e-07,-3.27102e-09,9.4887e-08,-3.22913e-09,-3.22913e-09,-3.22913e-09,-3.22913e-09,0.0,0.0002,idle,slow1
1.99,405.114,-405.109,-405.108,-405.106,1.01644e-07,-3.27102e-09,9.4887e-08,-3.22913e-09,-3.22913e-09,-3.22913e-09,-3.22913e-09,0.0,0.0002,idle,slow1
1.995,405.114,-405.109,-405.108,-405.106,1.01644e-07,-3.27102e-09,9.4887e-08,-3.22913e-09,-3.22913e-09,-3.22913e-09,-3.22913e-09,0.0,0.0002,idle,slow1
2.0,405.114,-405.109,-405.108,-405.106,1.01644e-07,-3.27102e-09,9.4887e-08,-3.22913e-09,-3.22913e-09,-3.22913e-09,-3.22913e-09,0.0,0.0002,idle,slow1
2.005,405.114,-405.109,-405.108,-405.106,1.01644e-07,-3.27102e-09,9.4887e-08,-3.22913e-09,-3.22913e-09,-3.22913e-09,-3.22913e-09,0.0,0.0002,idle,slow1
2.01,405.114,-405.109,-405.108,-405.106,1.01644e-07,-3.27102e-09,9.4887e-08,-3.22913e-09,-3.22913e-09,-3.22913e-09,-3.22913e-09,0.0,0.0002,idle,slow1
2.015,405.114,-405.109,-405.108,-405.106,1.01644e-07,-3.27102e-09,9.4887e-08,-3.22913e-09,-3.22913e-09,-3.22913e-09,-3.22913e-09,0.0,0.0002,idle,slow1
2.02,405.114,-405.109,-405.108,-405.106,1.01644e-07,-3.27102e-09,9.4887e-08,-3.22913e-09,-3.22913e-09,-3.22913e-09,-3.22913e-09,0.0,0.0002,idle,slow1
2.025,405.114,-405.109,-405.108,-405.106,1.01644e-07,-3.27102e-09,9.4887e-08,-3.22913e-09,-3.22913e-09,-3.22913e-09,-3.22913e-09,0.0,0.0002,idle,slow1
2.03,405.114,-405.109,-405.108,-405.106,1.01644e-07,-3.27102e-09,9.4887e-08,-3.22913e-09,-3.22913e-09,-3.22913e-09,-3.22913e-09,0.0,0.0002,idle,slow1
2.035,405.114,-405.109,-405.108,-405.106,1.01644e-07,-3.27102e-09,9.4887e-08,-3.22913e-09,-3.22913e-09,-3.22913e-09,-3.22913e-09,0.0,0.0002,idle,slow1
2.04,405.114,-405.109,-405.108,-405.106,1.01644e-07,-3.27102e-09,9.4887e-08,-3.22913e-09,-3.22913e-09,-3.22913e-09,-3.22913e-09,0.0,0.0002,idle,slow1
2.045,405.114,-405.109,-405.108,-405.106,1.01644e-07,-3.27102e-09,9.4887e-08,-3.22913e-09,-3.22913e-09,-3.22913e-09,-3.22913e-09,0.0,0.0002,idle,slow1
2.05,405.114,-405.109,-405.108,-405.106,1.01644e-07,-3.27102e-09,9.4887e-08,-3.22913e-09,-3.22913e-09,-3.22913e-09,-3.22913e-09,0.0,0.0002,idle,slow1
2.055,405.114,-405.109,-405.108,-405.106,1.01644e-07,-3.27102e-09,9.4887e-08,-3.22913e-09,-3.22913e-09,-3.22913e-09,-3.22913e-09,0.0,0.0002,idle,slow1
2.06,405.114,-405.109,-405.108,-405.106,1.01644e-07,-3.27102e-09,9.4887e-08,-3.22913e-09,-3.22913e-09,-3.22913e-09,-3.22913e-09,0.0,0.0002,idle,slow1
2.065,405.114,-405.109,-405.108,-405.106,1.01644e-07,-3.27102e-09,9.4887e-08,-3.22913e-09,-3.22913e-09,-3.22913e-09,-3.22913e-09,0.0,0.0002,idle,slow1
2.07,405.114,-405.109,-405.108,-405.106,1.01644e-07,-3.27102e-09,9.4887e-08,-3.22913e-09,-3.22913e-09,-3.22913e-09,-3.22913e-09,0.0,0.0002,idle,slow1
2.075,405.114,-405.109,-405.108,-405.106,1.01644e-07,-3.27102e-09,9.4887e-08,-3.22913e-09,-3.22913e-09,-3.22913e-09,-3.22913e-09,0.0,0.0002,idle,slow1
2.08,405.114,-405.109,-405.108,-405.106,1.01644e-07,-3.27102e-09,9.4887e-08,-3.22913e-09,-3.22913e-09,-3.22913e-09,-3.22913e-09,0.0,0.0002,idle,slow1
2.085,405.114,-405.109,-405.108,-405.106,1.01644e-07,-3.27102e-09,9.4887e-08,-3.22913e-09,-3.22913e-09,-3.22913e-09,-3.22913e-09,0.0,0.0002,idle,slow1
2.09,405.114,-405.109,-405.108,-405.106,1.01644e-07,-3.27102e-09,9.4887e-08,-3.22913e-09,-3.22913e-09,-3.22913e-09,-3.22913e-09,0.0,0.0002,idle,slow1
2.095,405.114,-405.109,-405.108,-405.106,1.01644e-07,-3.27102e-09,9.4887e-08,-3.22913e-09,-3.22913e-09,-3.22913e-09,-3.22913e-09,0.0,0.0002,idle,slow1
2.1,405.114,-405.109,-405.108,-405.106,1.01644e-07,-3.27102e-09,9.4887e-08,-3.22913e-09,-3.22913e-09,-3.22913e-09,-3.22913e-09,0.0,0.0002,idle,slow1
2.105,405.114,-405.109,-405.108,-405.106,1.01644e-07,-3.27102e-09,9.4887e-08,-3.22913e-09,-3.22913e-09,-3.22913e-09,-3.22913e-09,0.0,0.0002,idle,slow1
2.11,405.114,-405.109,-405.108,-405.106,1.01644e-07,-3.27102e-09,9.4887e-08,-3.22913e-09,-3.22913e-09,-3.22913e-09,-3.22913e-09,0.0,0.0002,idle,slow1
2.115,405.114,-405.109,-405.108,-405.106,1.01644e-07,-3.27102e-09,9.4887e-08,-3.22913e-09,-3.22913e-09,-3.22913e-09,-3.22913e-09,0.0,0.0002,idle,slow1
2.12,405.114,-405.109,-405.108,-405.106,1.01644e-07,-3.27102e-09,9.4887e-08,-3.22913e-09,-3.22913e-09,-3.22913e-09,-3.22913e-09,0.0,0.0002,idle,slow1
2.125,405.114,-405.109,-405.108,-405.106,1.01644e-07,-3.27102e-09,9.4887e-08,-3.22913e-09,-3.22913e-09,-3.22913e-09,-3.22913e-09,0.0,0.0002,idle,slow1
2.13,405.114,-405.109,-405.108,-405.106,1.01644e-07,-3.27102e-09,9.4887e-08,-3.22913e-09,-3.22913e-09,-3.22913e-09,-3.22913e-09,0.0,0.0002,idle,slow1
2.135,405.114,-405.109,-405.108,-405.106,1.01644e-07,-3.27102e-09,9.4887e-08,-3.22913e-09,-3.22913e-09,-3.22913e-09,-3.22913e-09,0.0,0.0002,idle,slow1
2.14,405.114,-405.109,-405.108,-405.106,1.01644e-07,-3.27102e-09,9.4887e-08,-3.22913e-09,-3.22913e-09,-3.22913e-09,-3.22913e-09,0.0,0.0002,idle,slow1
2.145,405.114,-405.109,-405.108,-405.106,1.01644e-07,-3.27102e-09,9.4887e-08,-3.22913e-09,-3.22913e-09,-3.22913e-09,-3.22913e-09,0.0,0.0002,idle,slow1
2.15,405.114,-405.109,-405.108,-405.106,1.01644e-07,-3.27102e-09,9.4887e-08,-3.22913e-09,-3.22913e-09,-3.22913e-09,-3.22913e-09,0.0,0.0002,idle,slow1
2.155,405.114,-405.109,-405.108,-405.106,1.01644e-07,-3.27102e-09,9.4887e-08,-3.22913e-09,-3.22913e-09,-3.22913e-09,-3.22913e-09,0.0,0.0002,idle,slow1
2.16,405.114,-405.109,-405.108,-405.106,1.01644e-07,-3.27102e-09,9.4887e-08,-3.22913e-09,-3.22913e-09,-3.22913e-09,-3.22913e-09,0.0,0.0002,idle,slow1
2.165,405.114,-405.109,-405.108,-405.106,1.01644e-07,-3.27102e-09,9.4887e-08,-3.22913e-09,-3.22913e-09,-3.22913e-09,-3.22913e-09,0.0,0.0002,idle,slow1
2.17,405.114,-405.109,-405.108,-405.106,1.01644e-07,-3.27102e-09,9.4887e-08,-3.22913e-09,-3.22913e-09,-3.22913e-09,-3.22913e-09,0.0,0.0002,idle,slow1
2.175,405.114,-405.109,-405.108,-405.106,1.01644e-07,-3.27102e-09,9.4887e-08,-3.22913e-09,-3.22913e-09,-3.22913e-09,-3.22913e-09,0.0,0.0002,idle,slow1
2.18,405.114,-405.109,-405.108,-405.106,1.01644e-07,-3.27102e-09,9.4887e-08,-3.22913e-09,-3.22913e-09,-3.22913e-09,-3.22913e-09,0.0,0.0002,idle,slow1
2.185,405.114,-405.109,-405.108,-405.106,1.01644e-07,-3.27102e-09,9.4887e-08,-3.22913e-09,-3.22913e-09,-3.22913e-09,-3.22913e-09,0.0,0.0002,idle,slow1
2.19,405.114,-405.109,-405.108,-405.106,1.01644e-07,-3.27102e-09,9.4887e-08,-3.22913e-09,-3.22913e-09,-3.22913e-09,-3.22913e-09,0.0,0.0002,idle,slow1
2.195,405.114,-405.109,-405.108,-405.106,1.01644e-07,-3.27102e-09,9.4887e-08,-3.22913e-09,-3.22913e-09,-3.22913e-09,-3.22913e-09,0.0,0.0002,idle,slow1
2.2,405.114,-405.109,-405.108,-405.106,1.01644e-07,-3.27102e-09,9.4887e-08,-3.22913e-09,-3.22913e-09,-3.22913e-09,-3.22913e-09,0.0,0.0002,idle,slow1
2.205,405.114,-405.109,-405.108,-405.106,1.01644e-07,-3.27102e-09,9.4887e-08,-3.22913e-09,-3.22913e-09,-3.22913e-09,-3.22913e-09,0.0,0.0002,idle,slow1
2.21,405.114,-405.109,-405.108,-405.106,1.01644e-07,-3.27102e-09,9.4887e-08,-3.22913e-09,-3.22913e-09,-3.22913e-09,-3.22913e-09,0.0,0.0002,idle,slow1
2.215,405.114,-405.109,-405.108,-405.106,1.01644e-07,-3.27102e-09,9.4887e-08,-3.22913e-09,-3.22913e-09,-3.22913e-09,-3.22913e-09,0.0,0.0002,idle,slow1
2.22,405.114,-405.109,-405.108,-405.106,1.01644e-07,-3.27102e-09,9.4887e-08,-3.22913e-09,-3.22913e-09,-3.22913e-09,-3.22913e-09,0.0,0.0002,idle,slow1
2.225,405.114,-405.109,-405.108,-405.106,1.01644e-07,-3.27102e-09,9.4887e-08,-3.22913e-09,-3.22913e-09,-3.22913e-09,-3.22913e-09,0.0,0.0002,idle,slow1
2.23,405.114,-405.109,-405.108,-405.106,1.01644e-07,-3.27102e-09,9.4887e-08,-3.22913e-09,-3.22913e-09,-3.22913e-09,-3.22913e-09,0.0,0.0002,idle,slow1
2.235,405.114,-405.109,-405.108,-405.106,1.01644e-07,-3.27102e-09,9.4887e-08,-3.22913e-09,-3.22913e-09,-3.22913e-09,-3.22913e-09,0.0,0.0002,idle,slow1
2.24,405.114,-405.109,-405.108,-405.106,1.01644e-07,-3.27102e-09,9.4887e-08,-3.22913e-09,-3.22913e-09,-3.22913e-09,-3.22913e-09,0.0,0.0002,idle,slow1
2.245,405.114,-405.109,-405.108,-405.106,1.01644e-07,-3.27102e-09,9.4887e-08,-3.22913e-09,-3.22913e-09,-3.22913e-09,-3.22913e-09,0.0,0.0002,idle,slow1
2.25,405.114,-405.109,-405.108,-405.106,1.01644e-07,-3.27102e-09,9.4887e-08,-3.22913e-09,-3.22913e-09,-3.22913e-09,-3.22913e-09,0.0,0.0002,idle,slow1
2.255,405.114,-405.109,-405.108,-405.106,1.01644e-07,-3.27102e-09,9.4887e-08,-3.22913e-09,-3.22913e-09,-3.22913e-09,-3.22913e-09,0.0,0.0002,idle,slow1
2.26,405.114,-405.109,-405.108,-405.106,1.01644e-07,-3.27102e-09,9.4887e-08,-3.22913e-09,-3.22913e-09,-3.22913e-09,-3.22913e-09,0.0,0.0002,idle,slow1
2.265,405.114,-405.109,-405.108,-405.106,1.01644e-07,-3.27102e-09,9.4887e-08,-3.22913e-09,-3.22913e-09,-3.22913e-09,-3.22913e-09,0.0,0.0002,idle,slow1
2.27,405.114,-405.109,-405.108,-405.106,1.01644e-07,-3.27102e-09,9.4887e-08,-3.22913e-09,-3.22913e-09,-3.22913e-09,-3.22913e-09,0.0,0.0002,idle,slow1
2.275,405.114,-405.109,-405.108,-405.106,1.01644e-07,-3.27102e-09,9.4887e-08,-3.22913e-09,-3.22913e-09,-3.22913e-09,-3.22913e-09,0.0,0.0002,idle,slow1
2.28,405.114,-405.109,-405.108,-405.106,1.01644e-07,-3.27102e-09,9.4887e-08,-3.22913e-09,-3.22913e-09,-3.22913e-09,-3.22913e-09,0.0,0.0002,idle,slow1
2.285,405.114,-405.109,-405.108,-405.106,1.01644e-07,-3.27102e-09,9.4887e-08,-3.22913e-09,-3.22913e-09,-3.22913e-09,-3.22913e-09,0.0,0.0002,idle,slow1
2.29,405.114,-405.109,-405.108,-405.106,1.01644e-07,-3.27102e-09,9.4887e-08,-3.22913e-09,-3.22913e-09,-3.22913e-09,-3.22913e-09,0.0,0.0002,idle,slow1
2.295,405.114,-405.109,-405.108,-405.106,1.01644e-07,-3.27102e-09,9.4887e-08,-3.22913e-09,-3.22913e-09,-3.22913e-09,-3.22913e-09,0.0,0.0002,idle,slow1
2.3,405.114,-405.109,-405.108,-405.106,1.01644e-07,-3.27102e-09,9.4887e-08,-3.22913e-09,-3.22913e-09,-3.22913e-09,-3.22913e-09,0.0,0.0002,idle,slow1
2.305,405.114,-405.109,-405.108,-405.106,1.01644e-07,-3.27102e-09,9.4887e-08,-3.22913e-09,-3.22913e-09,-3.22913e-09,-3.22913e-09,0.0,0.0002,idle,slow1
2.31,405.114,-405.109,-405.108,-405.106,1.01644e-07,-3.27102e-09,9.4887e-08,-3.22913e-09,-3.22913e-09,-3.22913e-09,-3.22913e-09,0.0,0.0002,idle,slow1
2.315,405.114,-405.109,-405.108,-405.106,1.01644e-07,-3.27102e-09,9.4887e-08,-3.22913e-09,-3.22913e-09,-3.22913e-09,-3.22913e-09,0.0,0.0002,idle,slow1
2.32,405.114,-405.109,-405.108,-405.106,1.01644e-07,-3.27102e-09,9.4887e-08,-3.22913e-09,-3.22913e-09,-3.22913e-09,-3.22913e-09,0.0,0.0002,idle,slow1
2.325,405.114,-405.109,-405.108,-405.106,1.01644e-07,-3.27102e-09,9.4887e-08,-3.22913e-09,-3.22913e-09,-3.22913e-09,-3.22913e-09,0.0,0.0002,idle,slow1
2.33,405.114,-405.109,-405.108,-405.106,1.01644e-07,-3.27102e-09,9.4887e-08,-3.22913e-09,-3.22913e-09,-3.22913e-09,-3.22913e-09,0.0,0.0002,idle,slow1
2.335,405.114,-405.109,-405.108,-405.106,1.01644e-07,-3.27102e-09,9.4887e-08,-3.22913e-09,-3.22913e-09,-3.22913e-09,-3.22913e-09,0.0,0.0002,idle,slow1
2.34,405.114,-405.109,-405.108,-405.106,1.01644e-07,-3.27102e-09,9.4887e-08,-3.22913e-09,-3.22913e-09,-3.22913e-09,-3.22913e-09,0.0,0.0002,idle,slow1
2.345,405.114,-405.109,-405.108,-405.106,1.01644e-07,-3.27102e-09,9.4887e-08,-3.22913e-09,-3.22913e-09,-3.22913e-09,-3.22913e-09,0.0,0.0002,idle,slow1
2.35,405.114,-405.109,-405.108,-405.106,1.01644e-07,-3.27102e-09,9.4887e-08,-3.22913e-09,-3.22913e-09,-3.22913e-09,-3.22913e-09,0.0,0.0002,idle,slow1
2.355,405.114,-405.109,-405.108,-405.106,1.01644e-07,-3.27102e-09,9.4887e-08,-3.22913e-09,-3.22913e-09,-3.22913e-09,-3.22913e-09,0.0,0.0002,idle,slow1
2.36,405.114,-405.109,-405.108,-405.106,1.01644e-07,-3.27102e-09,9.4887e-08,-3.22913e-09,-3.22913e-09,-3.22913e-09,-3.22913e-09,0.0,0.0002,idle,slow1
2.365,405.114,-405.109,-405.108,-405.106,1.01644e-07,-3.27102e-09,9.4887e-08,-3.22913e-09,-3.22913e-09,-3.22913e-09,-3.22913e-09,0.0,0.0002,idle,slow1
2.37,405.114,-405.109,-405.108,-405.106,1.01644e-07,-3.27102e-09,9.4887e-08,-3.22913e-09,-3.22913e-09,-3.22913e-09,-3.22913e-09,0.0,0.0002,idle,slow1
2.375,405.114,-405.109,-405.108,-405.106,1.01644e-07,-3.27102e-09,9.4887e-08,-3.22913e-09,-3.22913e-09,-3.22913e-09,-3.22913e-09,0.0,0.0002,idle,slow1
2.38,405.114,-405.109,-405.108,-405.106,1.01644e-07,-3.27102e-09,9.4887e-08,-3.22913e-09,-3.22913e-09,-3.22913e-09,-3.22913e-09,0.0,0.0002,idle,slow1
2.385,405.114,-405.109,-405.108,-405.106,1.01644e-07,-3.27102e-09,9.4887e-08,-3.22913e-09,-3.22913e-09,-3.22913e-09,-3.22913e-09,0.0,0.0002,idle,slow1
2.39,405.114,-405.109,-405.108,-405.106,1.01644e-07,-3.27102e-09,9.4887e-08,-3.22913e-09,-3.22913e-09,-3.22913e-09,-3.22913e-09,0.0,0.0002,idle,slow1
2.395,405.114,-405.109,-405.108,-405.106,1.01644e-07,-3.27102e-09,9.4887e-08,-3.22913e-09,-3.22913e-09,-3.22913e-09,-3.22913e-09,0.0,0.0002,idle,slow1
2.4,405.114,-405.109,-405.108,-405.106,1.01644e-07,-3.27102e-09,9.4887e-08,-3.22913e-09,-3.22913e-09,-3.22913e-09,-3.22913e-09,0.0,0.0002,idle,slow1
2.405,405.114,-405.109,-405.108,-405.106,1.01644e-07,-3.27102e-09,9.4887e-08,-3.22913e-09,-3.22913e-09,-3.22913e-09,-3.22913e-09,0.0,0.0002,idle,slow1
2.41,405.114,-405.109,-405.108,-405.106,1.01644e-07,-3.27102e-09,9.4887e-08,-3.22913e-09,-3.22913e-09,-3.22913e-09,-3.22913e-09,0.0,0.0002,idle,slow1
2.415,405.114,-405.109,-405.108,-405.106,1.01644e-07,-3.27102e-09,9.4887e-08,-3.22913e-09,-3.22913e-09,-3.22913e-09,-3.22913e-09,0.0,0.0002,idle,slow1
2.42,405.114,-405.109,-405.108,-405.106,1.01644e-07,-3.27102e-09,9.4887e-08,-3.22913e-09,-3.22913e-09,-3.22913e-09,-3.22913e-09,0.0,0.0002,idle,slow1
2.425,405.114,-405.109,-405.108,-405.106,1.01644e-07,-3.27102e-09,9.4887e-08,-3.22913e-09,-3.22913e-09,-3.22913e-09,-3.22913e-09,0.0,0.0002,idle,slow1
2.43,405.114,-405.109,-405.108,-405.106,1.01644e-07,-3.27102e-09,9.4887e-08,-3.22913e-09,-3.22913e-09,-3.22913e-09,-3.22913e-09,0.0,0.0002,idle,slow1
2.435,405.114,-405.109,-405.108,-405.106,1.01644e-07,-3.27102e-09,9.4887e-08,-3.22913e-09,-3.22913e-09,-3.22913e-09,-3.22913e-09,0.0,0.0002,idle,slow1
2.44,405.114,-405.109,-405.108,-405.106,1.01644e-07,-3.27102e-09,9.4887e-08,-3.22913e-09,-3.22913e-09,-3.22913e-09,-3.22913e-09,0.0,0.0002,idle,slow1
2.445,405.114,-405.109,-405.108,-405.106,1.01644e-07,-3.27102e-09,9.4887e-08,-3.22913e-09,-3.22913e-09,-3.22913e-09,-3.22913e-09,0.0,0.0002,idle,slow1
2.45,405.114,-405.109,-405.108,-405.106,1.01644e-07,-3.27102e-09,9.4887e-08,-3.22913e-09,-3.22913e-09,-3.22913e-09,-3.22913e-09,0.0,0.0002,idle,slow1
2.455,405.114,-405.109,-405.108,-405.106,1.01644e-07,-3.27102e-09,9.4887e-08,-3.22913e-09,-3.22913e-09,-3.22913e-09,-3.22913e-09,0.0,0.0002,idle,slow1
2.46,405.114,-405.109,-405.108,-405.106,1.01644e-07,-3.27102e-09,9.4887e-08,-3.22913e-09,-3.22913e-09,-3.22913e-09,-3.22913e-09,0.0,0.0002,idle,slow1
2.465,405.114,-405.109,-405.108,-405.106,1.01644e-07,-3.27102e-09,9.4887e-08,-3.22913e-09,-3.22913e-09,-3.22913e-09,-3.22913e-09,0.0,0.0002,idle,slow1
2.47,405.114,-405.109,-405.108,-405.106,1.01644e-07,-3.27102e-09,9.4887e-08,-3.22913e-09,-3.22913e-09,-3.22913e-09,-3.22913e-09,0.0,0.0002,idle,slow1
2.475,405.114,-405.109,-405.108,-405.106,1.01644e-07,-3.27102e-09,9.4887e-08,-3.22913e-09,-3.22913e-09,-3.22913e-09,-3.22913e-09,0.0,0.0002,idle,slow1
2.48,405.114,-405.109,-405.108,-405.106,1.01644e-07,-3.27102e-09,9.4887e-08,-3.22913e-09,-3.22913e-09,-3.22913e-09,-3.22913e-09,0.0,0.0002,idle,slow1
2.485,405.114,-405.109,-405.108,-405.106,1.01644e-07,-3.27102e-09,9.4887e-08,-3.22913e-09,-3.22913e-09,-3.22913e-09,-3.22913e-09,0.0,0.0002,idle,slow1
2.49,405.114,-405.109,-405.108,-405.106,1.01644e-07,-3.27102e-09,9.4887e-08,-3.22913e-09,-3.22913e-09,-3.22913e-09,-3.22913e-09,0.0,0.0002,idle,slow1
2.495,405.114,-405.109,-405.108,-405.106,1.01644e-07,-3.27102e-09,9.4887e-08,-3.22913e-09,-3.22913e-09,-3.22913e-09,-3.22913e-09,0.0,0.0002,idle,slow1
2.5,405.114,-405.109,-405.108,-405.106,1.01644e-07,-3.27102e-09,9.4887e-08,-3.22913e-09,-3.22913e-09,-3.22913e-09,-3.22913e-09,0.0,0.0002,idle,slow1
2.505,405.114,-405.109,-405.108,-405.106,1.01644e-07,-3.27102e-09,9.4887e-08,-3.22913e-09,-3.22913e-09,-3.22913e-09,-3.22913e-09,0.0,0.0002,idle,slow1
2.51,405.114,-405.109,-405.108,-405.106,1.01644e-07,-3.27102e-09,9.4887e-08,-3.22913e-09,-3.22913e-09,-3.22913e-09,-3.22913e-09,0.0,0.0002,idle,slow1
2.515,405.114,-405.109,-405.108,-405.106,1.01644e-07,-3.27102e-09,9.4887e-08,-3.22913e-09,-3.22913e-09,-3.22913e-09,-3.22913e-09,0.0,0.0002,idle,slow1
2.52,405.114,-405.109,-405.108,-405.106,1.01644e-07,-3.27102e-09,9.4887e-08,-3.22913e-09,-3.22913e-09,-3.22913e-09,-3.22913e-09,0.0,0.0002,idle,slow1
2.525,405.114,-405.109,-405.108,-405.106,1.01644e-07,-3.27102e-09,9.4887e-08,-3.22913e-09,-3.22913e-09,-3.22913e-09,-3.22913e-09,0.0,0.0002,idle,slow1
2.53,405.114,-405.109,-405.108,-405.106,1.01644e-07,-3.27102e-09,9.4887e-08,-3.22913e-09,-3.22913e-09,-3.22913e-09,-3.22913e-09,0.0,0.0002,idle,slow1
2.535,405.114,-405.109,-405.108,-405.106,1.01644e-07,-3.27102e-09,9.4887e-08,-3.22913e-09,-3.22913e-09,-3.22913e-09,-3.22913e-09,0.0,0.0002,idle,slow1
2.54,405.114,-405.109,-405.108,-405.106,1.01644e-07,-3.27102e-09,9.4887e-08,-3.22913e-09,-3.22913e-09,-3.22913e-09,-3.22913e-09,0.0,0.0002,idle,slow1
2.545,405.114,-405.109,-405.108,-405.106,1.01644e-07,-3.27102e-09,9.4887e-08,-3.22913e-09,-3.22913e-09,-3.22913e-09,-3.22913e-09,0.0,0.0002,idle,slow1
2.55,405.114,-405.109,-405.108,-405.106,1.01644e-07,-3.27102e-09,9.4887e-08,-3.22913e-09,-3.22913e-09,-3.22913e-09,-3.22913e-09,0.0,0.0002,idle,slow1
2.555,405.114,-405.109,-405.108,-405.106,1.01644e-07,-3.27102e-09,9.4887e-08,-3.22913e-09,-3.22913e-09,-3.22913e-09,-3.22913e-09,0.0,0.0002,idle,slow1
2.56,405.114,-405.109,-405.108,-405.106,1.01644e-07,-3.27102e-09,9.4887e-08,-3.22913e-09,-3.22913e-09,-3.22913e-09,-3.22913e-09,0.0,0.0002,idle,slow1
2.565,405.114,-405.109,-405.108,-405.106,1.01644e-07,-3.27102e-09,9.4887e-08,-3.22913e-09,-3.22913e-09,-3.22913e-09,-3.22913e-09,0.0,0.0002,idle,slow1
2.57,405.114,-405.109,-405.108,-405.106,1.01644e-07,-3.27102e-09,9.4887e-08,-3.22913e-09,-3.22913e-09,-3.22913e-09,-3.22913e-09,0.0,0.0002,idle,slow1
2.575,405.114,-405.109,-405.108,-405.106,1.01644e-07,-3.27102e-09,9.4887e-08,-3.22913e-09,-3.22913e-09,-3.22913e-09,-3.22913e-09,0.0,0.0002,idle,slow1
2.58,405.114,-405.109,-405.108,-405.106,1.01644e-07,-3.27102e-09,9.4887e-08,-3.22913e-09,-3.22913e-09,-3.22913e-09,-3.22913e-09,0.0,0.0002,idle,slow1
2.585,405.114,-405.109,-405.108,-405.106,1.01644e-07,-3.27102e-09,9.4887e-08,-3.22913e-09,-3.22913e-09,-3.22913e-09,-3.22913e-09,0.0,0.0002,idle,slow1
2.59,405.114,-405.109,-405.108,-405.106,1.01644e-07,-3.27102e-09,9.4887e-08,-3.22913e-09,-3.22913e-09,-3.22913e-09,-3.22913e-09,0.0,0.0002,idle,slow1
2.595,405.114,-405.109,-405.108,-405.106,1.01644e-07,-3.27102e-09,9.4887e-08,-3.22913e-09,-3.22913e-09,-3.22913e-09,-3.22913e-09,0.0,0.0002,idle,slow1
2.6,405.114,-405.109,-405.108,-405.106,1.01644e-07,-3.27102e-09,9.4887e-08,-3.22913e-09,-3.22913e-09,-3.22913e-09,-3.22913e-09,0.0,0.0002,idle,slow1
2.605,405.114,-405.109,-405.108,-405.106,1.01644e-07,-3.27102e-09,9.4887e-08,-3.22913e-09,-3.22913e-09,-3.22913e-09,-3.22913e-09,0.0,0.0002,idle,slow1
2.61,405.114,-405.109,-405.108,-405.106,1.01644e-07,-3.27102e-09,9.4887e-08,-3.22913e-09,-3.22913e-09,-3.22913e-09,-3.22913e-09,0.0,0.0002,idle,slow1
2.615,405.114,-405.109,-405.108,-405.106,1.01644e-07,-3.27102e-09,9.4887e-08,-3.22913e-09,-3.22913e-09,-3.22913e-09,-3.22913e-09,0.0,0.0002,idle,slow1
2.62,405.114,-405.109,-405.108,-405.106,1.01644e-07,-3.27102e-09,9.4887e-08,-3.22913e-09,-3.22913e-09,-3.22913e-09,-3.22913e-09,0.0,0.0002,idle,slow1
2.625,405.114,-405.109,-405.108,-405.106,1.01644e-07,-3.27102e-09,9.4887e-08,-3.22913e-09,-3.22913e-09,-3.22913e-09,-3.22913e-09,0.0,0.0002,idle,slow1
2.63,405.114,-405.109,-405.108,-405.106,1.01644e-07,-3.27102e-09,9.4887e-08,-3.22913e-09,-3.22913e-09,-3.22913e-09,-3.22913e-09,0.0,0.0002,idle,slow1
2.635,405.114,-405.109,-405.108,-405.106,1.01644e-07,-3.27102e-09,9.4887e-08,-3.22913e-09,-3.22913e-09,-3.22913e-09,-3.22913e-09,0.0,0.0002,idle,slow1
2.64,405.114,-405.109,-405.108,-405.106,1.01644e-07,-3.27102e-09,9.4887e-08,-3.22913e-09,-3.22913e-09,-3.22913e-09,-3.22913e-09,0.0,0.0002,idle,slow1
2.645,405.114,-405.109,-405.108,-405.106,1.01644e-07,-3.27102e-09,9.4887e-08,-3.22913e-09,-3.22913e-09,-3.22913e-09,-3.22913e-09,0.0,0.0002,idle,slow1
2.65,405.114,-405.109,-405.108,-405.106,1.01644e-07,-3.27102e-09,9.4887e-08,-3.22913e-09,-3.22913e-09,-3.22913e-09,-3.22913e-09,0.0,0.0002,idle,slow1
2.655,405.114,-405.109,-405.108,-405.106,1.01644e-07,-3.27102e-09,9.4887e-08,-3.22913e-09,-3.22913e-09,-3.22913e-09,-3.22913e-09,0.0,0.0002,idle,slow1
2.66,405.114,-405.109,-405.108,-405.106,1.01644e-07,-3.27102e-09,9.4887e-08,-3.22913e-09,-3.22913e-09,-3.22913e-09,-3.22913e-09,0.0,0.0002,idle,slow1
2.665,405.114,-405.109,-405.108,-405.106,1.01644e-07,-3.27102e-09,9.4887e-08,-3.22913e-09,-3.22913e-09,-3.22913e-09,-3.22913e-09,0.0,0.0002,idle,slow1
2.67,405.114,-405.109,-405.108,-405.106,1.01644e-07,-3.27102e-09,9.4887e-08,-3.22913e-09,-3.22913e-09,-3.22913e-09,-3.22913e-09,0.0,0.0002,idle,slow1
2.675,405.114,-405.109,-405.108,-405.106,1.01644e-07,-3.27102e-09,9.4887e-08,-3.22913e-09,-3.22913e-09,-3.22913e-09,-3.22913e-09,0.0,0.0002,idle,slow1
2.68,405.114,-405.109,-405.108,-405.106,1.01644e-07,-3.27102e-09,9.4887e-08,-3.22913e-09,-3.22913e-09,-3.22913e-09,-3.22913e-09,0.0,0.0002,idle,slow1
2.685,405.114,-405.109,-405.108,-405.106,1.01644e-07,-3.27102e-09,9.4887e-08,-3.22913e-09,-3.22913e-09,-3.22913e-09,-3.22913e-09,0.0,0.0002,idle,slow1
2.69,405.114,-405.109,-405.108,-405.106,1.01644e-07,-3.27102e-09,9.4887e-08,-3.22913e-09,-3.22913e-09,-3.22913e-09,-3.22913e-09,0.0,0.0002,idle,slow1
2.695,405.114,-405.109,-405.108,-405.106,1.01644e-07,-3.27102e-09,9.4887e-08,-3.22913e-09,-3.22913e-09,-3.22913e-09,-3.22913e-09,0.0,0.0002,idle,slow1
2.7,405.114,-405.109,-405.108,-405.106,1.01644e-07,-3.27102e-09,9.4887e-08,-3.22913e-09,-3.22913e-09,-3.22913e-09,-3.22913e-09,0.0,0.0002,idle,slow1
2.705,405.114,-405.109,-405.108,-405.106,1.01644e-07,-3.27102e-09,9.4887e-08,-3.22913e-09,-3.22913e-09,-3.22913e-09,-3.22913e-09,0.0,0.0002,idle,slow1
2.71,405.114,-405.109,-405.108,-405.106,1.01644e-07,-3.27102e-09,9.4887e-08,-3.22913e-09,-3.22913e-09,-3.22913e-09,-3.22913e-09,0.0,0.0002,idle,slow1
2.715,405.114,-405.109,-405.108,-405.106,1.01644e-07,-3.27102e-09,9.4887e-08,-3.22913e-09,-3.22913e-09,-3.22913e-09,-3.22913e-09,0.0,0.0002,idle,slow1
2.72,405.114,-405.109,-405.108,-405.106,1.01644e-07,-3.27102e-09,9.4887e-08,-3.22913e-09,-3.22913e-09,-3.22913e-09,-3.22913e-09,0.0,0.0002,idle,slow1
2.725,405.114,-405.109,-405.108,-405.106,1.01644e-07,-3.27102e-09,9.4887e-08,-3.22913e-09,-3.22913e-09,-3.22913e-09,-3.22913e-09,0.0,0.0002,idle,slow1
2.73,405.114,-405.109,-405.108,-405.106,1.01644e-07,-3.27102e-09,9.4887e-08,-3.22913e-09,-3.22913e-09,-3.22913e-09,-3.22913e-09,0.0,0.0002,idle,slow1
2.735,405.114,-405.109,-405.108,-405.106,1.01644e-07,-3.27102e-09,9.4887e-08,-3.22913e-09,-3.22913e-09,-3.22913e-09,-3.22913e-09,0.0,0.0002,idle,slow1
2.74,405.114,-405.109,-405.108,-405.106,1.01644e-07,-3.27102e-09,9.4887e-08,-3.22913e-09,-3.22913e-09,-3.22913e-09,-3.22913e-09,0.0,0.0002,idle,slow1
2.745,405.114,-405.109,-405.108,-405.106,1.01644e-07,-3.27102e-09,9.4887e-08,-3.22913e-09,-3.22913e-09,-3.22913e-09,-3.22913e-09,0.0,0.0002,idle,slow1
2.75,405.114,-405.109,-405.108,-405.106,1.01644e-07,-3.27102e-09,9.4887e-08,-3.22913e-09,-3.22913e-09,-3.22913e-09,-3.22913e-09,0.0,0.0002,idle,slow1
2.755,405.114,-405.109,-405.108,-405.106,1.01644e-07,-3.27102e-09,9.4887e-08,-3.22913e-09,-3.22913e-09,-3.22913e-09,-3.22913e-09,0.0,0.0002,idle,slow1
2.76,405.114,-405.109,-405.108,-405.106,1.01644e-07,-3.27102e-09,9.4887e-08,-3.22913e-09,-3.22913e-09,-3.22913e-09,-3.22913e-09,0.0,0.0002,idle,slow1
2.765,405.114,-405.109,-405.108,-405.106,1.01644e-07,-3.27102e-09,9.4887e-08,-3.22913e-09,-3.22913e-09,-3.22913e-09,-3.22913e-09,0.0,0.0002,idle,slow1
2.77,405.114,-405.109,-405.108,-405.106,1.01644e-07,-3.27102e-09,9.4887e-08,-3.22913e-09,-3.22913e-09,-3.22913e-09,-3.22913e-09,0.0,0.0002,idle,slow1
2.775,405.114,-405.109,-405.108,-405.106,1.01644e-07,-3.27102e-09,9.4887e-08,-3.22913e-09,-3.22913e-09,-3.22913e-09,-3.22913e-09,0.0,0.0002,idle,slow1
2.78,405.114,-405.109,-405.108,-405.106,1.01644e-07,-3.27102e-09,9.4887e-08,-3.22913e-09,-3.22913e-09,-3.22913e-09,-3.22913e-09,0.0,0.0002,idle,slow1
2.785,405.114,-405.109,-405.108,-405.106,1.01644e-07,-3.27102e-09,9.4887e-08,-3.22913e-09,-3.22913e-09,-3.22913e-09,-3.22913e-09,0.0,0.0002,idle,slow1
2.79,405.114,-405.109,-405.108,-405.106,1.01644e-07,-3.27102e-09,9.4887e-08,-3.22913e-09,-3.22913e-09,-3.22913e-09,-3.22913e-09,0.0,0.0002,idle,slow1
2.795,405.114,-405.109,-405.108,-405.106,1.01644e-07,-3.27102e-09,9.4887e-08,-3.22913e-09,-3.22913e-09,-3.22913e-09,-3.22913e-09,0.0,0.0002,idle,slow1
2.8,405.114,-405.109,-405.108,-405.106,1.01644e-07,-3.27102e-09,9.4887e-08,-3.22913e-09,-3.22913e-09,-3.22913e-09,-3.22913e-09,0.0,0.0002,idle,slow1
2.805,405.114,-405.109,-405.108,-405.106,1.01644e-07,-3.27102e-09,9.4887e-08,-3.22913e-09,-3.22913e-09,-3.22913e-09,-3.22913e-09,0.0,0.0002,idle,slow1
2.81,405.114,-405.109,-405.108,-405.106,1.01644e-07,-3.27102e-09,9.4887e-08,-3.22913e-09,-3.22913e-09,-3.22913e-09,-3.22913e-09,0.0,0.0002,idle,slow1
2.815,405.114,-405.109,-405.108,-405.106,1.01644e-07,-3.27102e-09,9.4887e-08,-3.22913e-09,-3.22913e-09,-3.22913e-09,-3.22913e-09,0.0,0.0002,idle,slow1
2.82,405.114,-405.109,-405.108,-405.106,1.01644e-07,-3.27102e-09,9.4887e-08,-3.22913e-09,-3.22913e-09,-3.22913e-09,-3.22913e-09,0.0,0.0002,idle,slow1
2.825,405.114,-405.109,-405.108,-405.106,1.01644e-07,-3.27102e-09,9.4887e-08,-3.22913e-09,-3.22913e-09,-3.22913e-09,-3.22913e-09,0.0,0.0002,idle,slow1
2.83,405.114,-405.109,-405.108,-405.106,1.01644e-07,-3.27102e-09,9.4887e-08,-3.22913e-09,-3.22913e-09,-3.22913e-09,-3.22913e-09,0.0,0.0002,idle,slow1
2.835,405.114,-405.109,-405.108,-405.106,1.01644e-07,-3.27102e-09,9.4887e-08,-3.22913e-09,-3.22913e-09,-3.22913e-09,-3.22913e-09,0.0,0.0002,idle,slow1
2.84,405.114,-405.109,-405.108,-405.106,1.01644e-07,-3.27102e-09,9.4887e-08,-3.22913e-09,-3.22913e-09,-3.22913e-09,-3.22913e-09,0.0,0.0002,idle,slow1
2.845,405.114,-405.109,-405.108,-405.106,1.01644e-07,-3.27102e-09,9.4887e-08,-3.22913e-09,-3.22913e-09,-3.22913e-09,-3.22913e-09,0.0,0.0002,idle,slow1
2.85,405.114,-405.109,-405.108,-405.106,1.01644e-07,-3.27102e-09,9.4887e-08,-3.22913e-09,-3.22913e-09,-3.22913e-09,-3.22913e-09,0.0,0.0002,idle,slow1
2.855,405.114,-405.109,-405.108,-405.106,1.01644e-07,-3.27102e-09,9.4887e-08,-3.22913e-09,-3.22913e-09,-3.22913e-09,-3.22913e-09,0.0,0.0002,idle,slow1
2.86,405.114,-405.109,-405.108,-405.106,1.01644e-07,-3.27102e-09,9.4887e-08,-3.22913e-09,-3.22913e-09,-3.22913e-09,-3.22913e-09,0.0,0.0002,idle,slow1
2.865,405.114,-405.109,-405.108,-405.106,1.01644e-07,-3.27102e-09,9.4887e-08,-3.22913e-09,-3.22913e-09,-3.22913e-09,-3.22913e-09,0.0,0.0002,idle,slow1
2.87,405.114,-405.109,-405.108,-405.106,1.01644e-07,-3.27102e-09,9.4887e-08,-3.22913e-09,-3.22913e-09,-3.22913e-09,-3.22913e-09,0.0,0.0002,idle,slow1
2.875,405.114,-405.109,-405.108,-405.106,1.01644e-07,-3.27102e-09,9.4887e-08,-3.22913e-09,-3.22913e-09,-3.22913e-09,-3.22913e-09,0.0,0.0002,idle,slow1
2.88,405.114,-405.109,-405.108,-405.106,1.01644e-07,-3.27102e-09,9.4887e-08,-3.22913e-09,-3.22913e-09,-3.22913e-09,-3.22913e-09,0.0,0.0002,idle,slow1
2.885,405.114,-405.109,-405.108,-405.106,1.01644e-07,-3.27102e-09,9.4887e-08,-3.22913e-09,-3.22913e-09,-3.22913e-09,-3.22913e-09,0.0,0.0002,idle,slow1
2.89,405.114,-405.109,-405.108,-405.106,1.01644e-07,-3.27102e-09,9.4887e-08,-3.22913e-09,-3.22913e-09,-3.22913e-09,-3.22913e-09,0.0,0.0002,idle,slow1
2.895,405.114,-405.109,-405.108,-405.106,1.01644e-07,-3.27102e-09,9.4887e-08,-3.22913e-09,-3.22913e-09,-3.22913e-09,-3.22913e-09,0.0,0.0002,idle,slow1
2.9,405.114,-405.109,-405.108,-405.106,1.01644e-07,-3.27102e-09,9.4887e-08,-3.22913e-09,-3.22913e-09,-3.22913e-09,-3.22913e-09,0.0,0.0002,idle,slow1
2.905,405.114,-405.109,-405.108,-405.106,1.01644e-07,-3.27102e-09,9.4887e-08,-3.22913e-09,-3.22913e-09,-3.22913e-09,-3.22913e-09,0.0,0.0002,idle,slow1
2.91,405.114,-405.109,-405.108,-405.106,1.01644e-07,-3.27102e-09,9.4887e-08,-3.22913e-09,-3.22913e-09,-3.22913e-09,-3.22913e-09,0.0,0.0002,idle,slow1
2.915,405.114,-405.109,-405.108,-405.106,1.01644e-07,-3.27102e-09,9.4887e-08,-3.22913e-09,-3.22913e-09,-3.22913e-09,-3.22913e-09,0.0,0.0002,idle,slow1
2.92,405.114,-405.109,-405.108,-405.106,1.01644e-07,-3.27102e-09,9.4887e-08,-3.22913e-09,-3.22913e-09,-3.22913e-09,-3.22913e-09,0.0,0.0002,idle,slow1
2.925,405.114,-405.109,-405.108,-405.106,1.01644e-07,-3.27102e-09,9.4887e-08,-3.22913e-09,-3.22913e-09,-3.22913e-09,-3.22913e-09,0.0,0.0002,idle,slow1
2.93,405.114,-405.109,-405.108,-405.106,1.01644e-07,-3.27102e-09,9.4887e-08,-3.22913e-09,-3.22913e-09,-3.22913e-09,-3.22913e-09,0.0,0.0002,idle,slow1
2.935,405.114,-405.109,-405.108,-405.106,1.01644e-07,-3.27102e-09,9.4887e-08,-3.22913e-09,-3.22913e-09,-3.22913e-09,-3.22913e-09,0.0,0.0002,idle,slow1
2.94,405.114,-405.109,-405.108,-405.106,1.01644e-07,-3.27102e-09,9.4887e-08,-3.22913e-09,-3.22913e-09,-3.22913e-09,-3.22913e-09,0.0,0.0002,idle,slow1
2.945,405.114,-405.109,-405.108,-405.106,1.01644e-07,-3.27102e-09,9.4887e-08,-3.22913e-09,-3.22913e-09,-3.22913e-09,-3.22913e-09,0.0,0.0002,idle,slow1
2.95,405.114,-405.109,-405.108,-405.106,1.01644e-07,-3.27102e-09,9.4887e-08,-3.22913e-09,-3.22913e-09,-3.22913e-09,-3.22913e-09,0.0,0.0002,idle,slow1
2.955,405.114,-405.109,-405.108,-405.106,1.01644e-07,-3.27102e-09,9.4887e-08,-3.22913e-09,-3.22913e-09,-3.22913e-09,-3.22913e-09,0.0,0.0002,idle,slow1
2.96,405.114,-405.109,-405.108,-405.106,1.01644e-07,-3.27102e-09,9.4887e-08,-3.22913e-09,-3.22913e-09,-3.22913e-09,-3.22913e-09,0.0,0.0002,idle,slow1
2.965,405.114,-405.109,-405.108,-405.106,1.01644e-07,-3.27102e-09,9.4887e-08,-3.22913e-09,-3.22913e-09,-3.22913e-09,-3.22913e-09,0.0,0.0002,idle,slow1
2.97,405.114,-405.109,-405.108,-405.106,1.01644e-07,-3.27102e-09,9.4887e-08,-3.22913e-09,-3.22913e-09,-3.22913e-09,-3.22913e-09,0.0,0.0002,idle,slow1
2.975,405.114,-405.109,-405.108,-405.106,1.01644e-07,-3.27102e-09,9.4887e-08,-3.22913e-09,-3.22913e-09,-3.22913e-09,-3.22913e-09,0.0,0.0002,idle,slow1
2.98,405.114,-405.109,-405.108,-405.106,1.01644e-07,-3.27102e-09,9.4887e-08,-3.22913e-09,-3.22913e-09,-3.22913e-09,-3.22913e-09,0.0,0.0002,idle,slow1
2.985,405.114,-405.109,-405.108,-405.106,1.01644e-07,-3.27102e-09,9.4887e-08,-3.22913e-09,-3.22913e-09,-3.22913e-09,-3.22913e-09,0.0,0.0002,idle,slow1
2.99,405.114,-405.109,-405.108,-405.106,1.01644e-07,-3.27102e-09,9.4887e-08,-3.22913e-09,-3.22913e-09,-3.22913e-09,-3.22913e-09,0.0,0.0002,idle,slow1
2.995,405.114,-405.109,-405.108,-405.106,1.01644e-07,-3.27102e-09,9.4887e-08,-3.22913e-09,-3.22913e-09,-3.22913e-09,-3.22913e-09,0.0,0.0002,idle,slow1
3.0,405.114,-405.109,-405.108,-405.106,1.01644e-07,-3.27102e-09,9.4887e-08,-3.22913e-09,-3.22913e-09,-3.22913e-09,-3.22913e-09,0.0,0.0002,idle,slow1
3.005,405.114,-405.109,-405.108,-405.106,1.01644e-07,-3.27102e-09,9.4887e-08,-3.22913e-09,-3.22913e-09,-3.22913e-09,-3.22913e-09,0.0,0.0002,idle,slow1
3.01,405.114,-405.109,-405.108,-405.106,1.01644e-07,-3.27102e-09,9.4887e-08,-3.22913e-09,-3.22913e-09,-3.22913e-09,-3.22913e-09,0.0,0.0002,idle,slow1
3.015,405.114,-405.109,-405.108,-405.106,1.01644e-07,-3.27102e-09,9.4887e-08,-3.22913e-09,-3.22913e-09,-3.22913e-09,-3.22913e-09,0.0,0.0002,idle,slow1
3.02,405.114,-405.109,-405.108,-405.106,1.01644e-07,-3.27102e-09,9.4887e-08,-3.22913e-09,-3.22913e-09,-3.22913e-09,-3.22913e-09,0.0,0.0002,idle,slow1
3.025,405.114,-405.109,-405.108,-405.106,1.01644e-07,-3.27102e-09,9.4887e-08,-3.22913e-09,-3.22913e-09,-3.22913e-09,-3.22913e-09,0.0,0.0002,idle,slow1
3.03,405.114,-405.109,-405.108,-405.106,1.01644e-07,-3.27102e-09,9.4887e-08,-3.22913e-09,-3.22913e-09,-3.22913e-09,-3.22913e-09,0.0,0.0002,idle,slow1
3.035,405.114,-405.109,-405.108,-405.106,1.01644e-07,-3.27102e-09,9.4887e-08,-3.22913e-09,-3.22913e-09,-3.22913e-09,-3.22913e-09,0.0,0.0002,idle,slow1
3.04,405.114,-405.109,-405.108,-405.106,1.01644e-07,-3.27102e-09,9.4887e-08,-3.22913e-09,-3.22913e-09,-3.22913e-09,-3.22913e-09,0.0,0.0002,idle,slow1
3.045,405.114,-405.109,-405.108,-405.106,1.01644e-07,-3.27102e-09,9.4887e-08,-3.22913e-09,-3.22913e-09,-3.22913e-09,-3.22913e-09,0.0,0.0002,idle,slow1
3.05,405.114,-405.109,-405.108,-405.106,1.01644e-07,-3.27102e-09,9.4887e-08,-3.22913e-09,-3.22913e-09,-3.22913e-09,-3.22913e-09,0.0,0.0002,idle,slow1
3.055,405.114,-405.109,-405.108,-405.106,1.01644e-07,-3.27102e-09,9.4887e-08,-3.22913e-09,-3.22913e-09,-3.22913e-09,-3.22913e-09,0.0,0.0002,idle,slow1
3.06,405.114,-405.109,-405.108,-405.106,1.01644e-07,-3.27102e-09,9.4887e-08,-3.22913e-09,-3.22913e-09,-3.22913e-09,-3.22913e-09,0.0,0.0002,idle,slow1
3.065,405.114,-405.109,-405.108,-405.106,1.01644e-07,-3.27102e-09,9.4887e-08,-3.22913e-09,-3.22913e-09,-3.22913e-09,-3.22913e-09,0.0,0.0002,idle,slow1
3.07,405.114,-405.109,-405.108,-405.106,1.01644e-07,-3.27102e-09,9.4887e-08,-3.22913e-09,-3.22913e-09,-3.22913e-09,-3.22913e-09,0.0,0.0002,idle,slow1
3.075,405.114,-405.109,-405.108,-405.106,1.01644e-07,-3.27102e-09,9.4887e-08,-3.22913e-09,-3.22913e-09,-3.22913e-09,-3.22913e-09,0.0,0.0002,idle,slow1
3.08,405.114,-405.109,-405.108,-405.106,1.01644e-07,-3.27102e-09,9.4887e-08,-3.22913e-09,-3.22913e-09,-3.22913e-09,-3.22913e-09,0.0,0.0002,idle,slow1
3.085,405.114,-405.109,-405.108,-405.106,1.01644e-07,-3.27102e-09,9.4887e-08,-3.22913e-09,-3.22913e-09,-3.22913e-09,-3.22913e-09,0.0,0.0002,idle,slow1
3.09,405.114,-405.109,-405.108,-405.106,1.01644e-07,-3.27102e-09,9.4887e-08,-3.22913e-09,-3.22913e-09,-3.22913e-09,-3.22913e-09,0.0,0.0002,idle,slow1
3.095,405.114,-405.109,-405.108,-405.106,1.01644e-07,-3.27102e-09,9.4887e-08,-3.22913e-09,-3.22913e-09,-3.22913e-09,-3.22913e-09,0.0,0.0002,idle,slow1
3.1,405.114,-405.109,-405.108,-405.106,1.01644e-07,-3.27102e-09,9.4887e-08,-3.22913e-09,-3.22913e-09,-3.22913e-09,-3.22913e-09,0.0,0.0002,idle,slow1
3.105,405.114,-405.109,-405.108,-405.106,1.01644e-07,-3.27102e-09,9.4887e-08,-3.22913e-09,-3.22913e-09,-3.22913e-09,-3.22913e-09,0.0,0.0002,idle,slow1
3.11,405.114,-405.109,-405.108,-405.106,1.01644e-07,-3.27102e-09,9.4887e-08,-3.22913e-09,-3.22913e-09,-3.22913e-09,-3.22913e-09,0.0,0.0002,idle,slow1
3.115,405.114,-405.109,-405.108,-405.106,1.01644e-07,-3.27102e-09,9.4887e-08,-3.22913e-09,-3.22913e-09,-3.22913e-09,-3.22913e-09,0.0,0.0002,idle,slow1
3.12,405.114,-405.109,-405.108,-405.106,1.01644e-07,-3.27102e-09,9.4887e-08,-3.22913e-09,-3.22913e-09,-3.22913e-09,-3.22913e-09,0.0,0.0002,idle,slow1
3.125,405.114,-405.109,-405.108,-405.106,1.01644e-07,-3.27102e-09,9.4887e-08,-3.22913e-09,-3.22913e-09,-3.22913e-09,-3.22913e-09,0.0,0.0002,idle,slow1
3.13,405.114,-405.109,-405.108,-405.106,1.01644e-07,-3.27102e-09,9.4887e-08,-3.22913e-09,-3.22913e-09,-3.22913e-09,-3.22913e-09,0.0,0.0002,idle,slow1
3.135,405.114,-405.109,-405.108,-405.106,1.01644e-07,-3.27102e-09,9.4887e-08,-3.22913e-09,-3.22913e-09,-3.22913e-09,-3.22913e-09,0.0,0.0002,idle,slow1
3.14,405.114,-405.109,-405.108,-405.106,1.01644e-07,-3.27102e-09,9.4887e-08,-3.22913e-09,-3.22913e-09,-3.22913e-09,-3.22913e-09,0.0,0.0002,idle,slow1
3.145,405.114,-405.109,-405.108,-405.106,1.01644e-07,-3.27102e-09,9.4887e-08,-3.22913e-09,-3.22913e-09,-3.22913e-09,-3.22913e-09,0.0,0.0002,idle,slow1
3.15,405.114,-405.109,-405.108,-405.106,1.01644e-07,-3.27102e-09,9.4887e-08,-3.22913e-09,-3.22913e-09,-3.22913e-09,-3.22913e-09,0.0,0.0002,idle,slow1
3.155,405.114,-405.109,-405.108,-405.106,1.01644e-07,-3.27102e-09,9.4887e-08,-3.22913e-09,-3.22913e-09,-3.22913e-09,-3.22913e-09,0.0,0.0002,idle,slow1
3.16,405.114,-405.109,-405.108,-405.106,1.01644e-07,-3.27102e-09,9.4887e-08,-3.22913e-09,-3.22913e-09,-3.22913e-09,-3.22913e-09,0.0,0.0002,idle,slow1
3.165,405.114,-405.109,-405.108,-405.106,1.01644e-07,-3.27102e-09,9.4887e-08,-3.22913e-09,-3.22913e-09,-3.22913e-09,-3.22913e-09,0.0,0.0002,idle,slow1
3.17,405.114,-405.109,-405.108,-405.106,1.01644e-07,-3.27102e-09,9.4887e-08,-3.22913e-09,-3.22913e-09,-3.22913e-09,-3.22913e-09,0.0,0.0002,idle,slow1
3.175,405.114,-405.109,-405.108,-405.106,1.01644e-07,-3.27102e-09,9.4887e-08,-3.22913e-09,-3.22913e-09,-3.22913e-09,-3.22913e-09,0.0,0.0002,idle,slow1
3.18,405.114,-405.109,-405.108,-405.106,1.01644e-07,-3.27102e-09,9.4887e-08,-3.22913e-09,-3.22913e-09,-3.22913e-09,-3.22913e-09,0.0,0.0002,idle,slow1
3.185,405.114,-405.109,-405.108,-405.106,1.01644e-07,-3.27102e-09,9.4887e-08,-3.22913e-09,-3.22913e-09,-3.22913e-09,-3.22913e-09,0.0,0.0002,idle,slow1
3.19,405.114,-405.109,-405.108,-405.106,1.01644e-07,-3.27102e-09,9.4887e-08,-3.22913e-09,-3.22913e-09,-3.22913e-09,-3.22913e-09,0.0,0.0002,idle,slow1
3.195,405.114,-405.109,-405.108,-405.106,1.01644e-07,-3.27102e-09,9.4887e-08,-3.22913e-09,-3.22913e-09,-3.22913e-09,-3.22913e-09,0.0,0.0002,idle,slow1
3.2,405.114,-405.109,-405.108,-405.106,1.01644e-07,-3.27102e-09,9.4887e-08,-3.22913e-09,-3.22913e-09,-3.22913e-09,-3.22913e-09,0.0,0.0002,idle,slow1
3.205,405.114,-405.109,-405.108,-405.106,1.01644e-07,-3.27102e-09,9.4887e-08,-3.22913e-09,-3.22913e-09,-3.22913e-09,-3.22913e-09,0.0,0.0002,idle,slow1
3.21,405.114,-405.109,-405.108,-405.106,1.01644e-07,-3.27102e-09,9.4887e-08,-3.22913e-09,-3.22913e-09,-3.22913e-09,-3.22913e-09,0.0,0.0002,idle,slow1
3.215,405.114,-405.109,-405.108,-405.106,1.01644e-07,-3.27102e-09,9.4887e-08,-3.22913e-09,-3.22913e-09,-3.22913e-09,-3.22913e-09,0.0,0.0002,idle,slow1
3.22,405.114,-405.109,-405.108,-405.106,1.01644e-07,-3.27102e-09,9.4887e-08,-3.22913e-09,-3.22913e-09,-3.22913e-09,-3.22913e-09,0.0,0.0002,idle,slow1
3.225,405.114,-405.109,-405.108,-405.106,1.01644e-07,-3.27102e-09,9.4887e-08,-3.22913e-09,-3.22913e-09,-3.22913e-09,-3.22913e-09,0.0,0.0002,idle,slow1
3.23,405.114,-405.109,-405.108,-405.106,1.01644e-07,-3.27102e-09,9.4887e-08,-3.22913e-09,-3.22913e-09,-3.22913e-09,-3.22913e-09,0.0,0.0002,idle,slow1
3.235,405.114,-405.109,-405.108,-405.106,1.01644e-07,-3.27102e-09,9.4887e-08,-3.22913e-09,-3.22913e-09,-3.22913e-09,-3.22913e-09,0.0,0.0002,idle,slow1
3.24,405.114,-405.109,-405.108,-405.106,1.01644e-07,-3.27102e-09,9.4887e-08,-3.22913e-09,-3.22913e-09,-3.22913e-09,-3.22913e-09,0.0,0.0002,idle,slow1
3.245,405.114,-405.109,-405.108,-405.106,1.01644e-07,-3.27102e-09,9.4887e-08,-3.22913e-09,-3.22913e-09,-3.22913e-09,-3.22913e-09,0.0,0.0002,idle,slow1
3.25,405.114,-405.109,-405.108,-405.106,1.01644e-07,-3.27102e-09,9.4887e-08,-3.22913e-09,-3.22913e-09,-3.22913e-09,-3.22913e-09,0.0,0.0002,idle,slow1
3.255,405.114,-405.109,-405.108,-405.106,1.01644e-07,-3.27102e-09,9.4887e-08,-3.22913e-09,-3.22913e-09,-3.22913e-09,-3.22913e-09,0.0,0.0002,idle,slow1
3.26,405.114,-405.109,-405.108,-405.106,1.01644e-07,-3.27102e-09,9.4887e-08,-3.22913e-09,-3.22913e-09,-3.22913e-09,-3.22913e-09,0.0,0.0002,idle,slow1
3.265,405.114,-405.109,-405.108,-405.106,1.01644e-07,-3.27102e-09,9.4887e-08,-3.22913e-09,-3.22913e-09,-3.22913e-09,-3.22913e-09,0.0,0.0002,idle,slow1
3.27,405.114,-405.109,-405.108,-405.106,1.01644e-07,-3.27102e-09,9.4887e-08,-3.22913e-09,-3.22913e-09,-3.22913e-09,-3.22913e-09,0.0,0.0002,idle,slow1
3.275,405.114,-405.109,-405.108,-405.106,1.01644e-07,-3.27102e-09,9.4887e-08,-3.22913e-09,-3.22913e-09,-3.22913e-09,-3.22913e-09,0.0,0.0002,idle,slow1
3.28,405.114,-405.109,-405.108,-405.106,1.01644e-07,-3.27102e-09,9.4887e-08,-3.22913e-09,-3.22913e-09,-3.22913e-09,-3.22913e-09,0.0,0.0002,idle,slow1
3.285,405.114,-405.109,-405.108,-405.106,1.01644e-07,-3.27102e-09,9.4887e-08,-3.22913e-09,-3.22913e-09,-3.22913e-09,-3.22913e-09,0.0,0.0002,idle,slow1
3.29,405.114,-405.109,-405.108,-405.106,1.01644e-07,-3.27102e-09,9.4887e-08,-3.22913e-09,-3.22913e-09,-3.22913e-09,-3.22913e-09,0.0,0.0002,idle,slow1
3.295,405.114,-405.109,-405.108,-405.106,1.01644e-07,-3.27102e-09,9.4887e-08,-3.22913e-09,-3.22913e-09,-3.22913e-09,-3.22913e-09,0.0,0.0002,idle,slow1
3.3,405.114,-405.109,-405.108,-405.106,1.01644e-07,-3.27102e-09,9.4887e-08,-3.22913e-09,-3.22913e-09,-3.22913e-09,-3.22913e-09,0.0,0.0002,idle,slow1
3.305,405.114,-405.109,-405.108,-405.106,1.01644e-07,-3.27102e-09,9.4887e-08,-3.22913e-09,-3.22913e-09,-3.22913e-09,-3.22913e-09,0.0,0.0002,idle,slow1
3.31,405.114,-405.109,-405.108,-405.106,1.01644e-07,-3.27102e-09,9.4887e-08,-3.22913e-09,-3.22913e-09,-3.22913e-09,-3.22913e-09,0.0,0.0002,idle,slow1
3.315,405.114,-405.109,-405.108,-405.106,1.01644e-07,-3.27102e-09,9.4887e-08,-3.22913e-09,-3.22913e-09,-3.22913e-09,-3.22913e-09,0.0,0.0002,idle,slow1
3.32,405.114,-405.109,-405.108,-405.106,1.01644e-07,-3.27102e-09,9.4887e-08,-3.22913e-09,-3.22913e-09,-3.22913e-09,-3.22913e-09,0.0,0.0002,idle,slow1
3.325,405.114,-405.109,-405.108,-405.106,1.01644e-07,-3.27102e-09,9.4887e-08,-3.22913e-09,-3.22913e-09,-3.22913e-09,-3.22913e-09,0.0,0.0002,idle,slow1
3.33,405.114,-405.109,-405.108,-405.106,1.01644e-07,-3.27102e-09,9.4887e-08,-3.22913e-09,-3.22913e-09,-3.22913e-09,-3.22913e-09,0.0,0.0002,idle,slow1
3.335,405.114,-405.109,-405.108,-405.106,1.01644e-07,-3.27102e-09,9.4887e-08,-3.22913e-09,-3.22913e-09,-3.22913e-09,-3.22913e-09,0.0,0.0002,idle,slow1
3.34,405.114,-405.109,-405.108,-405.106,1.01644e-07,-3.27102e-09,9.4887e-08,-3.22913e-09,-3.22913e-09,-3.22913e-09,-3.22913e-09,0.0,0.0002,idle,slow1
3.345,405.114,-405.109,-405.108,-405.106,1.01644e-07,-3.27102e-09,9.4887e-08,-3.22913e-09,-3.22913e-09,-3.22913e-09,-3.22913e-09,0.0,0.0002,idle,slow1
3.35,405.114,-405.109,-405.108,-405.106,1.01644e-07,-3.27102e-09,9.4887e-08,-3.22913e-09,-3.22913e-09,-3.22913e-09,-3.22913e-09,0.0,0.0002,idle,slow1
3.355,405.114,-405.109,-405.108,-405.106,1.01644e-07,-3.27102e-09,9.4887e-08,-3.22913e-09,-3.22913e-09,-3.22913e-09,-3.22913e-09,0.0,0.0002,idle,slow1
3.36,405.114,-405.109,-405.108,-405.106,1.01644e-07,-3.27102e-09,9.4887e-08,-3.22913e-09,-3.22913e-09,-3.22913e-09,-3.22913e-09,0.0,0.0002,idle,slow1
3.365,405.114,-405.109,-405.108,-405.106,1.01644e-07,-3.27102e-09,9.4887e-08,-3.22913e-09,-3.22913e-09,-3.22913e-09,-3.22913e-09,0.0,0.0002,idle,slow1
3.37,405.114,-405.109,-405.108,-405.106,1.01644e-07,-3.27102e-09,9.4887e-08,-3.22913e-09,-3.22913e-09,-3.22913e-09,-3.22913e-09,0.0,0.0002,idle,slow1
3.375,405.114,-405.109,-405.108,-405.106,1.01644e-07,-3.27102e-09,9.4887e-08,-3.22913e-09,-3.22913e-09,-3.22913e-09,-3.22913e-09,0.0,0.0002,idle,slow1
3.38,405.114,-405.109,-405.108,-405.106,1.01644e-07,-3.27102e-09,9.4887e-08,-3.22913e-09,-3.22913e-09,-3.22913e-09,-3.22913e-09,0.0,0.0002,idle,slow1
3.385,405.114,-405.109,-405.108,-405.106,1.01644e-07,-3.27102e-09,9.4887e-08,-3.22913e-09,-3.22913e-09,-3.22913e-09,-3.22913e-09,0.0,0.0002,idle,slow1
3.39,405.114,-405.109,-405.108,-405.106,1.01644e-07,-3.27102e-09,9.4887e-08,-3.22913e-09,-3.22913e-09,-3.22913e-09,-3.22913e-09,0.0,0.0002,idle,slow1
3.395,405.114,-405.109,-405.108,-405.106,1.01644e-07,-3.27102e-09,9.4887e-08,-3.22913e-09,-3.22913e-09,-3.22913e-09,-3.22913e-09,0.0,0.0002,idle,slow1
3.4,405.114,-405.109,-405.108,-405.106,1.01644e-07,-3.27102e-09,9.4887e-08,-3.22913e-09,-3.22913e-09,-3.22913e-09,-3.22913e-09,0.0,0.0002,idle,slow1
3.405,405.114,-405.109,-405.108,-405.106,1.01644e-07,-3.27102e-09,9.4887e-08,-3.22913e-09,-3.22913e-09,-3.22913e-09,-3.22913e-09,0.0,0.0002,idle,slow1
3.41,405.114,-405.109,-405.108,-405.106,1.01644e-07,-3.27102e-09,9.4887e-08,-3.22913e-09,-3.22913e-09,-3.22913e-09,-3.22913e-09,0.0,0.0002,idle,slow1
3.415,405.114,-405.109,-405.108,-405.106,1.01644e-07,-3.27102e-09,9.4887e-08,-3.22913e-09,-3.22913e-09,-3.22913e-09,-3.22913e-09,0.0,0.0002,idle,slow1
3.42,405.114,-405.109,-405.108,-405.106,1.01644e-07,-3.27102e-09,9.4887e-08,-3.22913e-09,-3.22913e-09,-3.22913e-09,-3.22913e-09,0.0,0.0002,idle,slow1
3.425,405.114,-405.109,-405.108,-405.106,1.01644e-07,-3.27102e-09,9.4887e-08,-3.22913e-09,-3.22913e-09,-3.22913e-09,-3.22913e-09,0.0,0.0002,idle,slow1
3.43,405.114,-405.109,-405.108,-405.106,1.01644e-07,-3.27102e-09,9.4887e-08,-3.22913e-09,-3.22913e-09,-3.22913e-09,-3.22913e-09,0.0,0.0002,idle,slow1
3.435,405.114,-405.109,-405.108,-405.106,1.01644e-07,-3.27102e-09,9.4887e-08,-3.22913e-09,-3.22913e-09,-3.22913e-09,-3.22913e-09,0.0,0.0002,idle,slow1
3.44,405.114,-405.109,-405.108,-405.106,1.01644e-07,-3.27102e-09,9.4887e-08,-3.22913e-09,-3.22913e-09,-3.22913e-09,-3.22913e-09,0.0,0.0002,idle,slow1
3.445,405.114,-405.109,-405.108,-405.106,1.01644e-07,-3.27102e-09,9.4887e-08,-3.22913e-09,-3.22913e-09,-3.22913e-09,-3.22913e-09,0.0,0.0002,idle,slow1
3.45,405.114,-405.109,-405.108,-405.106,1.01644e-07,-3.27102e-09,9.4887e-08,-3.22913e-09,-3.22913e-09,-3.22913e-09,-3.22913e-09,0.0,0.0002,idle,slow1
3.455,405.114,-405.109,-405.108,-405.106,1.01644e-07,-3.27102e-09,9.4887e-08,-3.22913e-09,-3.22913e-09,-3.22913e-09,-3.22913e-09,0.0,0.0002,idle,slow1
3.46,405.114,-405.109,-405.108,-405.106,1.01644e-07,-3.27102e-09,9.4887e-08,-3.22913e-09,-3.22913e-09,-3.22913e-09,-3.22913e-09,0.0,0.0002,idle,slow1
3.465,405.114,-405.109,-405.108,-405.106,1.01644e-07,-3.27102e-09,9.4887e-08,-3.22913e-09,-3.22913e-09,-3.22913e-09,-3.22913e-09,0.0,0.0002,idle,slow1
3.47,405.114,-405.109,-405.108,-405.106,1.01644e-07,-3.27102e-09,9.4887e-08,-3.22913e-09,-3.22913e-09,-3.22913e-09,-3.22913e-09,0.0,0.0002,idle,slow1
3.475,405.114,-405.109,-405.108,-405.106,1.01644e-07,-3.27102e-09,9.4887e-08,-3.22913e-09,-3.22913e-09,-3.22913e-09,-3.22913e-09,0.0,0.0002,idle,slow1
3.48,405.114,-405.109,-405.108,-405.106,1.01644e-07,-3.27102e-09,9.4887e-08,-3.22913e-09,-3.22913e-09,-3.22913e-09,-3.22913e-09,0.0,0.0002,idle,slow1
3.485,405.114,-405.109,-405.108,-405.106,1.01644e-07,-3.27102e-09,9.4887e-08,-3.22913e-09,-3.22913e-09,-3.22913e-09,-3.22913e-09,0.0,0.0002,idle,slow1
3.49,405.114,-405.109,-405.108,-405.106,1.01644e-07,-3.27102e-09,9.4887e-08,-3.22913e-09,-3.22913e-09,-3.22913e-09,-3.22913e-09,0.0,0.0002,idle,slow1
3.495,405.114,-405.109,-405.108,-405.106,1.01644e-07,-3.27102e-09,9.4887e-08,-3.22913e-09,-3.22913e-09,-3.22913e-09,-3.22913e-09,0.0,0.0002,idle,slow1
3.5,405.114,-405.109,-405.108,-405.106,1.01644e-07,-3.27102e-09,9.4887e-08,-3.22913e-09,-3.22913e-09,-3.22913e-09,-3.22913e-09,0.0,0.0002,idle,slow1
3.505,405.114,-405.109,-405.108,-405.106,1.01644e-07,-3.27102e-09,9.4887e-08,-3.22913e-09,-3.22913e-09,-3.22913e-09,-3.22913e-09,0.0,0.0002,idle,slow1
3.51,405.114,-405.109,-405.108,-405.106,1.01644e-07,-3.27102e-09,9.4887e-08,-3.22913e-09,-3.22913e-09,-3.22913e-09,-3.22913e-09,0.0,0.0002,idle,slow1
3.515,405.114,-405.109,-405.108,-405.106,1.01644e-07,-3.27102e-09,9.4887e-08,-3.22913e-09,-3.22913e-09,-3.22913e-09,-3.22913e-09,0.0,0.0002,idle,slow1
3.52,405.114,-405.109,-405.108,-405.106,1.01644e-07,-3.27102e-09,9.4887e-08,-3.22913e-09,-3.22913e-09,-3.22913e-09,-3.22913e-09,0.0,0.0002,idle,slow1
3.525,405.114,-405.109,-405.108,-405.106,1.01644e-07,-3.27102e-09,9.4887e-08,-3.22913e-09,-3.22913e-09,-3.22913e-09,-3.22913e-09,0.0,0.0002,idle,slow1
3.53,405.114,-405.109,-405.108,-405.106,1.01644e-07,-3.27102e-09,9.4887e-08,-3.22913e-09,-3.22913e-09,-3.22913e-09,-3.22913e-09,0.0,0.0002,idle,slow1
3.535,405.114,-405.109,-405.108,-405.106,1.01644e-07,-3.27102e-09,9.4887e-08,-3.22913e-09,-3.22913e-09,-3.22913e-09,-3.22913e-09,0.0,0.0002,idle,slow1
3.54,405.114,-405.109,-405.108,-405.106,1.01644e-07,-3.27102e-09,9.4887e-08,-3.22913e-09,-3.22913e-09,-3.22913e-09,-3.22913e-09,0.0,0.0002,idle,slow1
3.545,405.114,-405.109,-405.108,-405.106,1.01644e-07,-3.27102e-09,9.4887e-08,-3.22913e-09,-3.22913e-09,-3.22913e-09,-3.22913e-09,0.0,0.0002,idle,slow1
3.55,405.114,-405.109,-405.108,-405.106,1.01644e-07,-3.27102e-09,9.4887e-08,-3.22913e-09,-3.22913e-09,-3.22913e-09,-3.22913e-09,0.0,0.0002,idle,slow1
3.555,405.114,-405.109,-405.108,-405.106,1.01644e-07,-3.27102e-09,9.4887e-08,-3.22913e-09,-3.22913e-09,-3.22913e-09,-3.22913e-09,0.0,0.0002,idle,slow1
3.56,405.114,-405.109,-405.108,-405.106,1.01644e-07,-3.27102e-09,9.4887e-08,-3.22913e-09,-3.22913e-09,-3.22913e-09,-3.22913e-09,0.0,0.0002,idle,slow1
3.565,405.114,-405.109,-405.108,-405.106,1.01644e-07,-3.27102e-09,9.4887e-08,-3.22913e-09,-3.22913e-09,-3.22913e-09,-3.22913e-09,0.0,0.0002,idle,slow1
3.57,405.114,-405.109,-405.108,-405.106,1.01644e-07,-3.27102e-09,9.4887e-08,-3.22913e-09,-3.22913e-09,-3.22913e-09,-3.22913e-09,0.0,0.0002,idle,slow1
3.575,405.114,-405.109,-405.108,-405.106,1.01644e-07,-3.27102e-09,9.4887e-08,-3.22913e-09,-3.22913e-09,-3.22913e-09,-3.22913e-09,0.0,0.0002,idle,slow1
3.58,405.114,-405.109,-405.108,-405.106,1.01644e-07,-3.27102e-09,9.4887e-08,-3.22913e-09,-3.22913e-09,-3.22913e-09,-3.22913e-09,0.0,0.0002,idle,slow1
3.585,405.114,-405.109,-405.108,-405.106,1.01644e-07,-3.27102e-09,9.4887e-08,-3.22913e-09,-3.22913e-09,-3.22913e-09,-3.22913e-09,0.0,0.0002,idle,slow1
3.59,405.114,-405.109,-405.108,-405.106,1.01644e-07,-3.27102e-09,9.4887e-08,-3.22913e-09,-3.22913e-09,-3.22913e-09,-3.22913e-09,0.0,0.0002,idle,slow1
3.595,405.114,-405.109,-405.108,-405.106,1.01644e-07,-3.27102e-09,9.4887e-08,-3.22913e-09,-3.22913e-09,-3.22913e-09,-3.22913e-09,0.0,0.0002,idle,slow1
3.6,405.114,-405.109,-405.108,-405.106,1.01644e-07,-3.27102e-09,9.4887e-08,-3.22913e-09,-3.22913e-09,-3.22913e-09,-3.22913e-09,0.0,0.0002,idle,slow1
3.605,405.114,-405.109,-405.108,-405.106,1.01644e-07,-3.27102e-09,9.4887e-08,-3.22913e-09,-3.22913e-09,-3.22913e-09,-3.22913e-09,0.0,0.0002,idle,slow1
3.61,405.114,-405.109,-405.108,-405.106,1.01644e-07,-3.27102e-09,9.4887e-08,-3.22913e-09,-3.22913e-09,-3.22913e-09,-3.22913e-09,0.0,0.0002,idle,slow1
3.615,405.114,-405.109,-405.108,-405.106,1.01644e-07,-3.27102e-09,9.4887e-08,-3.22913e-09,-3.22913e-09,-3.22913e-09,-3.22913e-09,0.0,0.0002,idle,slow1
3.62,405.114,-405.109,-405.108,-405.106,1.01644e-07,-3.27102e-09,9.4887e-08,-3.22913e-09,-3.22913e-09,-3.22913e-09,-3.22913e-09,0.0,0.0002,idle,slow1
3.625,405.114,-405.109,-405.108,-405.106,1.01644e-07,-3.27102e-09,9.4887e-08,-3.22913e-09,-3.22913e-09,-3.22913e-09,-3.22913e-09,0.0,0.0002,idle,slow1
3.63,405.114,-405.109,-405.108,-405.106,1.01644e-07,-3.27102e-09,9.4887e-08,-3.22913e-09,-3.22913e-09,-3.22913e-09,-3.22913e-09,0.0,0.0002,idle,slow1
3.635,405.114,-405.109,-405.108,-405.106,1.01644e-07,-3.27102e-09,9.4887e-08,-3.22913e-09,-3.22913e-09,-3.22913e-09,-3.22913e-09,0.0,0.0002,idle,slow1
3.64,405.114,-405.109,-405.108,-405.106,1.01644e-07,-3.27102e-09,9.4887e-08,-3.22913e-09,-3.22913e-09,-3.22913e-09,-3.22913e-09,0.0,0.0002,idle,slow1
3.645,405.114,-405.109,-405.108,-405.106,1.01644e-07,-3.27102e-09,9.4887e-08,-3.22913e-09,-3.22913e-09,-3.22913e-09,-3.22913e-09,0.0,0.0002,idle,slow1
3.65,405.114,-405.109,-405.108,-405.106,1.01644e-07,-3.27102e-09,9.4887e-08,-3.22913e-09,-3.22913e-09,-3.22913e-09,-3.22913e-09,0.0,0.0002,idle,slow1
3.655,405.114,-405.109,-405.108,-405.106,1.01644e-07,-3.27102e-09,9.4887e-08,-3.22913e-09,-3.22913e-09,-3.22913e-09,-3.22913e-09,0.0,0.0002,idle,slow1
3.66,405.114,-405.109,-405.108,-405.106,1.01644e-07,-3.27102e-09,9.4887e-08,-3.22913e-09,-3.22913e-09,-3.22913e-09,-3.22913e-09,0.0,0.0002,idle,slow1
3.665,405.114,-405.109,-405.108,-405.106,1.01644e-07,-3.27102e-09,9.4887e-08,-3.22913e-09,-3.22913e-09,-3.22913e-09,-3.22913e-09,0.0,0.0002,idle,slow1
3.67,405.114,-405.109,-405.108,-405.106,1.01644e-07,-3.27102e-09,9.4887e-08,-3.22913e-09,-3.22913e-09,-3.22913e-09,-3.22913e-09,0.0,0.0002,idle,slow1
3.675,405.114,-405.109,-405.108,-405.106,1.01644e-07,-3.27102e-09,9.4887e-08,-3.22913e-09,-3.22913e-09,-3.22913e-09,-3.22913e-09,0.0,0.0002,idle,slow1
3.68,405.114,-405.109,-405.108,-405.106,1.01644e-07,-3.27102e-09,9.4887e-08,-3.22913e-09,-3.22913e-09,-3.22913e-09,-3.22913e-09,0.0,0.0002,idle,slow1
3.685,405.114,-405.109,-405.108,-405.106,1.01644e-07,-3.27102e-09,9.4887e-08,-3.22913e-09,-3.22913e-09,-3.22913e-09,-3.22913e-09,0.0,0.0002,idle,slow1
3.69,405.114,-405.109,-405.108,-405.106,1.01644e-07,-3.27102e-09,9.4887e-08,-3.22913e-09,-3.22913e-09,-3.22913e-09,-3.22913e-09,0.0,0.0002,idle,slow1
3.695,405.114,-405.109,-405.108,-405.106,1.01644e-07,-3.27102e-09,9.4887e-08,-3.22913e-09,-3.22913e-09,-3.22913e-09,-3.22913e-09,0.0,0.0002,idle,slow1
3.7,405.114,-405.109,-405.108,-405.106,1.01644e-07,-3.27102e-09,9.4887e-08,-3.22913e-09,-3.22913e-09,-3.22913e-09,-3.22913e-09,0.0,0.0002,idle,slow1
3.705,405.114,-405.109,-405.108,-405.106,1.01644e-07,-3.27102e-09,9.4887e-08,-3.22913e-09,-3.22913e-09,-3.22913e-09,-3.22913e-09,0.0,0.0002,idle,slow1
3.71,405.114,-405.109,-405.108,-405.106,1.01644e-07,-3.27102e-09,9.4887e-08,-3.22913e-09,-3.22913e-09,-3.22913e-09,-3.22913e-09,0.0,0.0002,idle,slow1
3.715,405.114,-405.109,-405.108,-405.106,1.01644e-07,-3.27102e-09,9.4887e-08,-3.22913e-09,-3.22913e-09,-3.22913e-09,-3.22913e-09,0.0,0.0002,idle,slow1
3.72,405.114,-405.109,-405.108,-405.106,1.01644e-07,-3.27102e-09,9.4887e-08,-3.22913e-09,-3.22913e-09,-3.22913e-09,-3.22913e-09,0.0,0.0002,idle,slow1
3.725,405.114,-405.109,-405.108,-405.106,1.01644e-07,-3.27102e-09,9.4887e-08,-3.22913e-09,-3.22913e-09,-3.22913e-09,-3.22913e-09,0.0,0.0002,idle,slow1
3.73,405.114,-405.109,-405.108,-405.106,1.01644e-07,-3.27102e-09,9.4887e-08,-3.22913e-09,-3.22913e-09,-3.22913e-09,-3.22913e-09,0.0,0.0002,idle,slow1
3.735,405.114,-405.109,-405.108,-405.106,1.01644e-07,-3.27102e-09,9.4887e-08,-3.22913e-09,-3.22913e-09,-3.22913e-09,-3.22913e-09,0.0,0.0002,idle,slow1
3.74,405.114,-405.109,-405.108,-405.106,1.01644e-07,-3.27102e-09,9.4887e-08,-3.22913e-09,-3.22913e-09,-3.22913e-09,-3.22913e-09,0.0,0.0002,idle,slow1
3.745,405.114,-405.109,-405.108,-405.106,1.01644e-07,-3.27102e-09,9.4887e-08,-3.22913e-09,-3.22913e-09,-3.22913e-09,-3.22913e-09,0.0,0.0002,idle,slow1
3.75,405.114,-405.109,-405.108,-405.106,1.01644e-07,-3.27102e-09,9.4887e-08,-3.22913e-09,-3.22913e-09,-3.22913e-09,-3.22913e-09,0.0,0.0002,idle,slow1
3.755,405.114,-405.109,-405.108,-405.106,1.01644e-07,-3.27102e-09,9.4887e-08,-3.22913e-09,-3.22913e-09,-3.22913e-09,-3.22913e-09,0.0,0.0002,idle,slow1
3.76,405.114,-405.109,-405.108,-405.106,1.01644e-07,-3.27102e-09,9.4887e-08,-3.22913e-09,-3.22913e-09,-3.22913e-09,-3.22913e-09,0.0,0.0002,idle,slow1
3.765,405.114,-405.109,-405.108,-405.106,1.01644e-07,-3.27102e-09,9.4887e-08,-3.22913e-09,-3.22913e-09,-3.22913e-09,-3.22913e-09,0.0,0.0002,idle,slow1
3.77,405.114,-405.109,-405.108,-405.106,1.01644e-07,-3.27102e-09,9.4887e-08,-3.22913e-09,-3.22913e-09,-3.22913e-09,-3.22913e-09,0.0,0.0002,idle,slow1
3.775,405.114,-405.109,-405.108,-405.106,1.01644e-07,-3.27102e-09,9.4887e-08,-3.22913e-09,-3.22913e-09,-3.22913e-09,-3.22913e-09,0.0,0.0002,idle,slow1
3.78,405.114,-405.109,-405.108,-405.106,1.01644e-07,-3.27102e-09,9.4887e-08,-3.22913e-09,-3.22913e-09,-3.22913e-09,-3.22913e-09,0.0,0.0002,idle,slow1
3.785,405.114,-405.109,-405.108,-405.106,1.01644e-07,-3.27102e-09,9.4887e-08,-3.22913e-09,-3.22913e-09,-3.22913e-09,-3.22913e-09,0.0,0.0002,idle,slow1
3.79,405.114,-405.109,-405.108,-405.106,1.01644e-07,-3.27102e-09,9.4887e-08,-3.22913e-09,-3.22913e-09,-3.22913e-09,-3.22913e-09,0.0,0.0002,idle,slow1
3.795,405.114,-405.109,-405.108,-405.106,1.01644e-07,-3.27102e-09,9.4887e-08,-3.22913e-09,-3.22913e-09,-3.22913e-09,-3.22913e-09,0.0,0.0002,idle,slow1
3.8,405.114,-405.109,-405.108,-405.106,1.01644e-07,-3.27102e-09,9.4887e-08,-3.22913e-09,-3.22913e-09,-3.22913e-09,-3.22913e-09,0.0,0.0002,idle,slow1
3.805,405.114,-405.109,-405.108,-405.106,1.01644e-07,-3.27102e-09,9.4887e-08,-3.22913e-09,-3.22913e-09,-3.22913e-09,-3.22913e-09,0.0,0.0002,idle,slow1
3.81,405.114,-405.109,-405.108,-405.106,1.01644e-07,-3.27102e-09,9.4887e-08,-3.22913e-09,-3.22913e-09,-3.22913e-09,-3.22913e-09,0.0,0.0002,idle,slow1
3.815,405.114,-405.109,-405.108,-405.106,1.01644e-07,-3.27102e-09,9.4887e-08,-3.22913e-09,-3.22913e-09,-3.22913e-09,-3.22913e-09,0.0,0.0002,idle,slow1
3.82,405.114,-405.109,-405.108,-405.106,1.01644e-07,-3.27102e-09,9.4887e-08,-3.22913e-09,-3.22913e-09,-3.22913e-09,-3.22913e-09,0.0,0.0002,idle,slow1
3.825,405.114,-405.109,-405.108,-405.106,1.01644e-07,-3.27102e-09,9.4887e-08,-3.22913e-09,-3.22913e-09,-3.22913e-09,-3.22913e-09,0.0,0.0002,idle,slow1
3.83,405.114,-405.109,-405.108,-405.106,1.01644e-07,-3.27102e-09,9.4887e-08,-3.22913e-09,-3.22913e-09,-3.22913e-09,-3.22913e-09,0.0,0.0002,idle,slow1
3.835,405.114,-405.109,-405.108,-405.106,1.01644e-07,-3.27102e-09,9.4887e-08,-3.22913e-09,-3.22913e-09,-3.22913e-09,-3.22913e-09,0.0,0.0002,idle,slow1
3.84,405.114,-405.109,-405.108,-405.106,1.01644e-07,-3.27102e-09,9.4887e-08,-3.22913e-09,-3.22913e-09,-3.22913e-09,-3.22913e-09,0.0,0.0002,idle,slow1
3.845,405.114,-405.109,-405.108,-405.106,1.01644e-07,-3.27102e-09,9.4887e-08,-3.22913e-09,-3.22913e-09,-3.22913e-09,-3.22913e-09,0.0,0.0002,idle,slow1
3.85,405.114,-405.109,-405.108,-405.106,1.01644e-07,-3.27102e-09,9.4887e-08,-3.22913e-09,-3.22913e-09,-3.22913e-09,-3.22913e-09,0.0,0.0002,idle,slow1
3.855,405.114,-405.109,-405.108,-405.106,1.01644e-07,-3.27102e-09,9.4887e-08,-3.22913e-09,-3.22913e-09,-3.22913e-09,-3.22913e-09,0.0,0.0002,idle,slow1
3.86,405.114,-405.109,-405.108,-405.106,1.01644e-07,-3.27102e-09,9.4887e-08,-3.22913e-09,-3.22913e-09,-3.22913e-09,-3.22913e-09,0.0,0.0002,idle,slow1
3.865,405.114,-405.109,-405.108,-405.106,1.01644e-07,-3.27102e-09,9.4887e-08,-3.22913e-09,-3.22913e-09,-3.22913e-09,-3.22913e-09,0.0,0.0002,idle,slow1
3.87,405.114,-405.109,-405.108,-405.106,1.01644e-07,-3.27102e-09,9.4887e-08,-3.22913e-09,-3.22913e-09,-3.22913e-09,-3.22913e-09,0.0,0.0002,idle,slow1
3.875,405.114,-405.109,-405.108,-405.106,1.01644e-07,-3.27102e-09,9.4887e-08,-3.22913e-09,-3.22913e-09,-3.22913e-09,-3.22913e-09,0.0,0.0002,idle,slow1
3.88,405.114,-405.109,-405.108,-405.106,1.01644e-07,-3.27102e-09,9.4887e-08,-3.22913e-09,-3.22913e-09,-3.22913e-09,-3.22913e-09,0.0,0.0002,idle,slow1
3.885,405.114,-405.109,-405.108,-405.106,1.01644e-07,-3.27102e-09,9.4887e-08,-3.22913e-09,-3.22913e-09,-3.22913e-09,-3.22913e-09,0.0,0.0002,idle,slow1
3.89,405.114,-405.109,-405.108,-405.106,1.01644e-07,-3.27102e-09,9.4887e-08,-3.22913e-09,-3.22913e-09,-3.22913e-09,-3.22913e-09,0.0,0.0002,idle,slow1
3.895,405.114,-405.109,-405.108,-405.106,1.01644e-07,-3.27102e-09,9.4887e-08,-3.22913e-09,-3.22913e-09,-3.22913e-09,-3.22913e-09,0.0,0.0002,idle,slow1
3.9,405.114,-405.109,-405.108,-405.106,1.01644e-07,-3.27102e-09,9.4887e-08,-3.22913e-09,-3.22913e-09,-3.22913e-09,-3.22913e-09,0.0,0.0002,idle,slow1
3.905,405.114,-405.109,-405.108,-405.106,1.01644e-07,-3.27102e-09,9.4887e-08,-3.22913e-09,-3.22913e-09,-3.22913e-09,-3.22913e-09,0.0,0.0002,idle,slow1
3.91,405.114,-405.109,-405.108,-405.106,1.01644e-07,-3.27102e-09,9.4887e-08,-3.22913e-09,-3.22913e-09,-3.22913e-09,-3.22913e-09,0.0,0.0002,idle,slow1
3.915,405.114,-405.109,-405.108,-405.106,1.01644e-07,-3.27102e-09,9.4887e-08,-3.22913e-09,-3.22913e-09,-3.22913e-09,-3.22913e-09,0.0,0.0002,idle,slow1
3.92,405.114,-405.109,-405.108,-405.106,1.01644e-07,-3.27102e-09,9.4887e-08,-3.22913e-09,-3.22913e-09,-3.22913e-09,-3.22913e-09,0.0,0.0002,idle,slow1
3.925,405.114,-405.109,-405.108,-405.106,1.01644e-07,-3.27102e-09,9.4887e-08,-3.22913e-09,-3.22913e-09,-3.22913e-09,-3.22913e-09,0.0,0.0002,idle,slow1
3.93,405.114,-405.109,-405.108,-405.106,1.01644e-07,-3.27102e-09,9.4887e-08,-3.22913e-09,-3.22913e-09,-3.22913e-09,-3.22913e-09,0.0,0.0002,idle,slow1
3.935,405.114,-405.109,-405.108,-405.106,1.01644e-07,-3.27102e-09,9.4887e-08,-3.22913e-09,-3.22913e-09,-3.22913e-09,-3.22913e-09,0.0,0.0002,idle,slow1
3.94,405.114,-405.109,-405.108,-405.106,1.01644e-07,-3.27102e-09,9.4887e-08,-3.22913e-09,-3.22913e-09,-3.22913e-09,-3.22913e-09,0.0,0.0002,idle,slow1
3.945,405.114,-405.109,-405.108,-405.106,1.01644e-07,-3.27102e-09,9.4887e-08,-3.22913e-09,-3.22913e-09,-3.22913e-09,-3.22913e-09,0.0,0.0002,idle,slow1
3.95,405.114,-405.109,-405.108,-405.106,1.01644e-07,-3.27102e-09,9.4887e-08,-3.22913e-09,-3.22913e-09,-3.22913e-09,-3.22913e-09,0.0,0.0002,idle,slow1
3.955,405.114,-405.109,-405.108,-405.106,1.01644e-07,-3.27102e-09,9.4887e-08,-3.22913e-09,-3.22913e-09,-3.22913e-09,-3.22913e-09,0.0,0.0002,idle,slow1
3.96,405.114,-405.109,-405.108,-405.106,1.01644e-07,-3.27102e-09,9.4887e-08,-3.22913e-09,-3.22913e-09,-3.22913e-09,-3.22913e-09,0.0,0.0002,idle,slow1
3.965,405.114,-405.109,-405.108,-405.106,1.01644e-07,-3.27102e-09,9.4887e-08,-3.22913e-09,-3.22913e-09,-3.22913e-09,-3.22913e-09,0.0,0.0002,idle,slow1
3.97,405.114,-405.109,-405.108,-405.106,1.01644e-07,-3.27102e-09,9.4887e-08,-3.22913e-09,-3.22913e-09,-3.22913e-09,-3.22913e-09,0.0,0.0002,idle,slow1
3.975,405.114,-405.109,-405.108,-405.106,1.01644e-07,-3.27102e-09,9.4887e-08,-3.22913e-09,-3.22913e-09,-3.22913e-09,-3.22913e-09,0.0,0.0002,idle,slow1
3.98,405.114,-405.109,-405.108,-405.106,1.01644e-07,-3.27102e-09,9.4887e-08,-3.22913e-09,-3.22913e-09,-3.22913e-09,-3.22913e-09,0.0,0.0002,idle,slow1
3.985,405.114,-405.109,-405.108,-405.106,1.01644e-07,-3.27102e-09,9.4887e-08,-3.22913e-09,-3.22913e-09,-3.22913e-09,-3.22913e-09,0.0,0.0002,idle,slow1
3.99,405.114,-405.109,-405.108,-405.106,1.01644e-07,-3.27102e-09,9.4887e-08,-3.22913e-09,-3.22913e-09,-3.22913e-09,-3.22913e-09,0.0,0.0002,idle,slow1
3.995,405.114,-405.109,-405.108,-405.106,1.01644e-07,-3.27102e-09,9.4887e-08,-3.22913e-09,-3.22913e-09,-3.22913e-09,-3.22913e-09,0.0,0.0002,idle,slow1
4.0,405.114,-405.109,-405.108,-405.106,1.01644e-07,-3.27102e-09,9.4887e-08,-3.22913e-09,-3.22913e-09,-3.22913e-09,-3.22913e-09,0.0,0.0002,idle,slow1
4.005,405.114,-405.109,-405.108,-405.106,1.01644e-07,-3.27102e-09,9.4887e-08,-3.22913e-09,-3.22913e-09,-3.22913e-09,-3.22913e-09,0.0,0.0002,idle,slow1
4.01,405.114,-405.109,-405.108,-405.106,1.01644e-07,-3.27102e-09,9.4887e-08,-3.22913e-09,-3.22913e-09,-3.22913e-09,-3.22913e-09,0.0,0.0002,idle,slow1
4.015,405.114,-405.109,-405.108,-405.106,1.01644e-07,-3.27102e-09,9.4887e-08,-3.22913e-09,-3.22913e-09,-3.22913e-09,-3.22913e-09,0.0,0.0002,idle,slow1
4.02,405.114,-405.109,-405.108,-405.106,1.01644e-07,-3.27102e-09,9.4887e-08,-3.22913e-09,-3.22913e-09,-3.22913e-09,-3.22913e-09,0.0,0.0002,idle,slow1
4.025,405.114,-405.109,-405.108,-405.106,1.01644e-07,-3.27102e-09,9.4887e-08,-3.22913e-09,-3.22913e-09,-3.22913e-09,-3.22913e-09,0.0,0.0002,idle,slow1
4.03,405.114,-405.109,-405.108,-405.106,1.01644e-07,-3.27102e-09,9.4887e-08,-3.22913e-09,-3.22913e-09,-3.22913e-09,-3.22913e-09,0.0,0.0002,idle,slow1
4.035,405.114,-405.109,-405.108,-405.106,1.01644e-07,-3.27102e-09,9.4887e-08,-3.22913e-09,-3.22913e-09,-3.22913e-09,-3.22913e-09,0.0,0.0002,idle,slow1
4.04,405.114,-405.109,-405.108,-405.106,1.01644e-07,-3.27102e-09,9.4887e-08,-3.22913e-09,-3.22913e-09,-3.22913e-09,-3.22913e-09,0.0,0.0002,idle,slow1
4.045,405.114,-405.109,-405.108,-405.106,1.01644e-07,-3.27102e-09,9.4887e-08,-3.22913e-09,-3.22913e-09,-3.22913e-09,-3.22913e-09,0.0,0.0002,idle,slow1
4.05,405.114,-405.109,-405.108,-405.106,1.01644e-07,-3.27102e-09,9.4887e-08,-3.22913e-09,-3.22913e-09,-3.22913e-09,-3.22913e-09,0.0,0.0002,idle,slow1
4.055,405.114,-405.109,-405.108,-405.106,1.01644e-07,-3.27102e-09,9.4887e-08,-3.22913e-09,-3.22913e-09,-3.22913e-09,-3.22913e-09,0.0,0.0002,idle,slow1
4.06,405.114,-405.109,-405.108,-405.106,1.01644e-07,-3.27102e-09,9.4887e-08,-3.22913e-09,-3.22913e-09,-3.22913e-09,-3.22913e-09,0.0,0.0002,idle,slow1
4.065,405.114,-405.109,-405.108,-405.106,1.01644e-07,-3.27102e-09,9.4887e-08,-3.22913e-09,-3.22913e-09,-3.22913e-09,-3.22913e-09,0.0,0.0002,idle,slow1
4.07,405.114,-405.109,-405.108,-405.106,1.01644e-07,-3.27102e-09,9.4887e-08,-3.22913e-09,-3.22913e-09,-3.22913e-09,-3.22913e-09,0.0,0.0002,idle,slow1
4.075,405.114,-405.109,-405.108,-405.106,1.01644e-07,-3.27102e-09,9.4887e-08,-3.22913e-09,-3.22913e-09,-3.22913e-09,-3.22913e-09,0.0,0.0002,idle,slow1
4.08,405.114,-405.109,-405.108,-405.106,1.01644e-07,-3.27102e-09,9.4887e-08,-3.22913e-09,-3.22913e-09,-3.22913e-09,-3.22913e-09,0.0,0.0002,idle,slow1
4.085,405.114,-405.109,-405.108,-405.106,1.01644e-07,-3.27102e-09,9.4887e-08,-3.22913e-09,-3.22913e-09,-3.22913e-09,-3.22913e-09,0.0,0.0002,idle,slow1
4.09,405.114,-405.109,-405.108,-405.106,1.01644e-07,-3.27102e-09,9.4887e-08,-3.22913e-09,-3.22913e-09,-3.22913e-09,-3.22913e-09,0.0,0.0002,idle,slow1
4.095,405.114,-405.109,-405.108,-405.106,1.01644e-07,-3.27102e-09,9.4887e-08,-3.22913e-09,-3.22913e-09,-3.22913e-09,-3.22913e-09,0.0,0.0002,idle,slow1
4.1,405.114,-405.109,-405.108,-405.106,1.01644e-07,-3.27102e-09,9.4887e-08,-3.22913e-09,-3.22913e-09,-3.22913e-09,-3.22913e-09,0.0,0.0002,idle,slow1
4.105,405.114,-405.109,-405.108,-405.106,1.01644e-07,-3.27102e-09,9.4887e-08,-3.22913e-09,-3.22913e-09,-3.22913e-09,-3.22913e-09,0.0,0.0002,idle,slow1
4.11,405.114,-405.109,-405.108,-405.106,1.01644e-07,-3.27102e-09,9.4887e-08,-3.22913e-09,-3.22913e-09,-3.22913e-09,-3.22913e-09,0.0,0.0002,idle,slow1
4.115,405.114,-405.109,-405.108,-405.106,1.01644e-07,-3.27102e-09,9.4887e-08,-3.22913e-09,-3.22913e-09,-3.22913e-09,-3.22913e-09,0.0,0.0002,idle,slow1
4.12,405.114,-405.109,-405.108,-405.106,1.01644e-07,-3.27102e-09,9.4887e-08,-3.22913e-09,-3.22913e-09,-3.22913e-09,-3.22913e-09,0.0,0.0002,idle,slow1
4.125,405.114,-405.109,-405.108,-405.106,1.01644e-07,-3.27102e-09,9.4887e-08,-3.22913e-09,-3.22913e-09,-3.22913e-09,-3.22913e-09,0.0,0.0002,idle,slow1
4.13,405.114,-405.109,-405.108,-405.106,1.01644e-07,-3.27102e-09,9.4887e-08,-3.22913e-09,-3.22913e-09,-3.22913e-09,-3.22913e-09,0.0,0.0002,idle,slow1
4.135,405.114,-405.109,-405.108,-405.106,1.01644e-07,-3.27102e-09,9.4887e-08,-3.22913e-09,-3.22913e-09,-3.22913e-09,-3.22913e-09,0.0,0.0002,idle,slow1
4.14,405.114,-405.109,-405.108,-405.106,1.01644e-07,-3.27102e-09,9.4887e-08,-3.22913e-09,-3.22913e-09,-3.22913e-09,-3.22913e-09,0.0,0.0002,idle,slow1
4.145,405.114,-405.109,-405.108,-405.106,1.01644e-07,-3.27102e-09,9.4887e-08,-3.22913e-09,-3.22913e-09,-3.22913e-09,-3.22913e-09,0.0,0.0002,idle,slow1
4.15,405.114,-405.109,-405.108,-405.106,1.01644e-07,-3.27102e-09,9.4887e-08,-3.22913e-09,-3.22913e-09,-3.22913e-09,-3.22913e-09,0.0,0.0002,idle,slow1
4.155,405.114,-405.109,-405.108,-405.106,1.01644e-07,-3.27102e-09,9.4887e-08,-3.22913e-09,-3.22913e-09,-3.22913e-09,-3.22913e-09,0.0,0.0002,idle,slow1
4.16,405.114,-405.109,-405.108,-405.106,1.01644e-07,-3.27102e-09,9.4887e-08,-3.22913e-09,-3.22913e-09,-3.22913e-09,-3.22913e-09,0.0,0.0002,idle,slow1
4.165,405.114,-405.109,-405.108,-405.106,1.01644e-07,-3.27102e-09,9.4887e-08,-3.22913e-09,-3.22913e-09,-3.22913e-09,-3.22913e-09,0.0,0.0002,idle,slow1
4.17,405.114,-405.109,-405.108,-405.106,1.01644e-07,-3.27102e-09,9.4887e-08,-3.22913e-09,-3.22913e-09,-3.22913e-09,-3.22913e-09,0.0,0.0002,idle,slow1
4.175,405.114,-405.109,-405.108,-405.106,1.01644e-07,-3.27102e-09,9.4887e-08,-3.22913e-09,-3.22913e-09,-3.22913e-09,-3.22913e-09,0.0,0.0002,idle,slow1
4.18,405.114,-405.109,-405.108,-405.106,1.01644e-07,-3.27102e-09,9.4887e-08,-3.22913e-09,-3.22913e-09,-3.22913e-09,-3.22913e-09,0.0,0.0002,idle,slow1
4.185,405.114,-405.109,-405.108,-405.106,1.01644e-07,-3.27102e-09,9.4887e-08,-3.22913e-09,-3.22913e-09,-3.22913e-09,-3.22913e-09,0.0,0.0002,idle,slow1
4.19,405.114,-405.109,-405.108,-405.106,1.01644e-07,-3.27102e-09,9.4887e-08,-3.22913e-09,-3.22913e-09,-3.22913e-09,-3.22913e-09,0.0,0.0002,idle,slow1
4.195,405.114,-405.109,-405.108,-405.106,1.01644e-07,-3.27102e-09,9.4887e-08,-3.22913e-09,-3.22913e-09,-3.22913e-09,-3.22913e-09,0.0,0.0002,idle,slow1
4.2,405.114,-405.109,-405.108,-405.106,1.01644e-07,-3.27102e-09,9.4887e-08,-3.22913e-09,-3.22913e-09,-3.22913e-09,-3.22913e-09,0.0,0.0002,idle,slow1
4.205,405.114,-405.109,-405.108,-405.106,1.01644e-07,-3.27102e-09,9.4887e-08,-3.22913e-09,-3.22913e-09,-3.22913e-09,-3.22913e-09,0.0,0.0002,idle,slow1
4.21,405.114,-405.109,-405.108,-405.106,1.01644e-07,-3.27102e-09,9.4887e-08,-3.22913e-09,-3.22913e-09,-3.22913e-09,-3.22913e-09,0.0,0.0002,idle,slow1
4.215,405.114,-405.109,-405.108,-405.106,1.01644e-07,-3.27102e-09,9.4887e-08,-3.22913e-09,-3.22913e-09,-3.22913e-09,-3.22913e-09,0.0,0.0002,idle,slow1
4.22,405.114,-405.109,-405.108,-405.106,1.01644e-07,-3.27102e-09,9.4887e-08,-3.22913e-09,-3.22913e-09,-3.22913e-09,-3.22913e-09,0.0,0.0002,idle,slow1
4.225,405.114,-405.109,-405.108,-405.106,1.01644e-07,-3.27102e-09,9.4887e-08,-3.22913e-09,-3.22913e-09,-3.22913e-09,-3.22913e-09,0.0,0.0002,idle,slow1
4.23,405.114,-405.109,-405.108,-405.106,1.01644e-07,-3.27102e-09,9.4887e-08,-3.22913e-09,-3.22913e-09,-3.22913e-09,-3.22913e-09,0.0,0.0002,idle,slow1
4.235,405.114,-405.109,-405.108,-405.106,1.01644e-07,-3.27102e-09,9.4887e-08,-3.22913e-09,-3.22913e-09,-3.22913e-09,-3.22913e-09,0.0,0.0002,idle,slow1
4.24,405.114,-405.109,-405.108,-405.106,1.01644e-07,-3.27102e-09,9.4887e-08,-3.22913e-09,-3.22913e-09,-3.22913e-09,-3.22913e-09,0.0,0.0002,idle,slow1
4.245,405.114,-405.109,-405.108,-405.106,1.01644e-07,-3.27102e-09,9.4887e-08,-3.22913e-09,-3.22913e-09,-3.22913e-09,-3.22913e-09,0.0,0.0002,idle,slow1
4.25,405.114,-405.109,-405.108,-405.106,1.01644e-07,-3.27102e-09,9.4887e-08,-3.22913e-09,-3.22913e-09,-3.22913e-09,-3.22913e-09,0.0,0.0002,idle,slow1
4.255,405.114,-405.109,-405.108,-405.106,1.01644e-07,-3.27102e-09,9.4887e-08,-3.22913e-09,-3.22913e-09,-3.22913e-09,-3.22913e-09,0.0,0.0002,idle,slow1
4.26,405.114,-405.109,-405.108,-405.106,1.01644e-07,-3.27102e-09,9.4887e-08,-3.22913e-09,-3.22913e-09,-3.22913e-09,-3.22913e-09,0.0,0.0002,idle,slow1
4.265,405.114,-405.109,-405.108,-405.106,1.01644e-07,-3.27102e-09,9.4887e-08,-3.22913e-09,-3.22913e-09,-3.22913e-09,-3.22913e-09,0.0,0.0002,idle,slow1
4.27,405.114,-405.109,-405.108,-405.106,1.01644e-07,-3.27102e-09,9.4887e-08,-3.22913e-09,-3.22913e-09,-3.22913e-09,-3.22913e-09,0.0,0.0002,idle,slow1
4.275,405.114,-405.109,-405.108,-405.106,1.01644e-07,-3.27102e-09,9.4887e-08,-3.22913e-09,-3.22913e-09,-3.22913e-09,-3.22913e-09,0.0,0.0002,idle,slow1
4.28,405.114,-405.109,-405.108,-405.106,1.01644e-07,-3.27102e-09,9.4887e-08,-3.22913e-09,-3.22913e-09,-3.22913e-09,-3.22913e-09,0.0,0.0002,idle,slow1
4.285,405.114,-405.109,-405.108,-405.106,1.01644e-07,-3.27102e-09,9.4887e-08,-3.22913e-09,-3.22913e-09,-3.22913e-09,-3.22913e-09,0.0,0.0002,idle,slow1
4.29,405.114,-405.109,-405.108,-405.106,1.01644e-07,-3.27102e-09,9.4887e-08,-3.22913e-09,-3.22913e-09,-3.22913e-09,-3.22913e-09,0.0,0.0002,idle,slow1
4.295,405.114,-405.109,-405.108,-405.106,1.01644e-07,-3.27102e-09,9.4887e-08,-3.22913e-09,-3.22913e-09,-3.22913e-09,-3.22913e-09,0.0,0.0002,idle,slow1
4.3,405.114,-405.109,-405.108,-405.106,1.01644e-07,-3.27102e-09,9.4887e-08,-3.22913e-09,-3.22913e-09,-3.22913e-09,-3.22913e-09,0.0,0.0002,idle,slow1
4.305,405.114,-405.109,-405.108,-405.106,1.01644e-07,-3.27102e-09,9.4887e-08,-3.22913e-09,-3.22913e-09,-3.22913e-09,-3.22913e-09,0.0,0.0002,idle,slow1
4.31,405.114,-405.109,-405.108,-405.106,1.01644e-07,-3.27102e-09,9.4887e-08,-3.22913e-09,-3.22913e-09,-3.22913e-09,-3.22913e-09,0.0,0.0002,idle,slow1
4.315,405.114,-405.109,-405.108,-405.106,1.01644e-07,-3.27102e-09,9.4887e-08,-3.22913e-09,-3.22913e-09,-3.22913e-09,-3.22913e-09,0.0,0.0002,idle,slow1
4.32,405.114,-405.109,-405.108,-405.106,1.01644e-07,-3.27102e-09,9.4887e-08,-3.22913e-09,-3.22913e-09,-3.22913e-09,-3.22913e-09,0.0,0.0002,idle,slow1
4.325,405.114,-405.109,-405.108,-405.106,1.01644e-07,-3.27102e-09,9.4887e-08,-3.22913e-09,-3.22913e-09,-3.22913e-09,-3.22913e-09,0.0,0.0002,idle,slow1
4.33,405.114,-405.109,-405.108,-405.106,1.01644e-07,-3.27102e-09,9.4887e-08,-3.22913e-09,-3.22913e-09,-3.22913e-09,-3.22913e-09,0.0,0.0002,idle,slow1
4.335,405.114,-405.109,-405.108,-405.106,1.01644e-07,-3.27102e-09,9.4887e-08,-3.22913e-09,-3.22913e-09,-3.22913e-09,-3.22913e-09,0.0,0.0002,idle,slow1
4.34,405.114,-405.109,-405.108,-405.106,1.01644e-07,-3.27102e-09,9.4887e-08,-3.22913e-09,-3.22913e-09,-3.22913e-09,-3.22913e-09,0.0,0.0002,idle,slow1
4.345,405.114,-405.109,-405.108,-405.106,1.01644e-07,-3.27102e-09,9.4887e-08,-3.22913e-09,-3.22913e-09,-3.22913e-09,-3.22913e-09,0.0,0.0002,idle,slow1
4.35,405.114,-405.109,-405.108,-405.106,1.01644e-07,-3.27102e-09,9.4887e-08,-3.22913e-09,-3.22913e-09,-3.22913e-09,-3.22913e-09,0.0,0.0002,idle,slow1
4.355,405.114,-405.109,-405.108,-405.106,1.01644e-07,-3.27102e-09,9.4887e-08,-3.22913e-09,-3.22913e-09,-3.22913e-09,-3.22913e-09,0.0,0.0002,idle,slow1
4.36,405.114,-405.109,-405.108,-405.106,1.01644e-07,-3.27102e-09,9.4887e-08,-3.22913e-09,-3.22913e-09,-3.22913e-09,-3.22913e-09,0.0,0.0002,idle,slow1
4.365,405.114,-405.109,-405.108,-405.106,1.01644e-07,-3.27102e-09,9.4887e-08,-3.22913e-09,-3.22913e-09,-3.22913e-09,-3.22913e-09,0.0,0.0002,idle,slow1
4.37,405.114,-405.109,-405.108,-405.106,1.01644e-07,-3.27102e-09,9.4887e-08,-3.22913e-09,-3.22913e-09,-3.22913e-09,-3.22913e-09,0.0,0.0002,idle,slow1
4.375,405.114,-405.109,-405.108,-405.106,1.01644e-07,-3.27102e-09,9.4887e-08,-3.22913e-09,-3.22913e-09,-3.22913e-09,-3.22913e-09,0.0,0.0002,idle,slow1
4.38,405.114,-405.109,-405.108,-405.106,1.01644e-07,-3.27102e-09,9.4887e-08,-3.22913e-09,-3.22913e-09,-3.22913e-09,-3.22913e-09,0.0,0.0002,idle,slow1
4.385,405.114,-405.109,-405.108,-405.106,1.01644e-07,-3.27102e-09,9.4887e-08,-3.22913e-09,-3.22913e-09,-3.22913e-09,-3.22913e-09,0.0,0.0002,idle,slow1
4.39,405.114,-405.109,-405.108,-405.106,1.01644e-07,-3.27102e-09,9.4887e-08,-3.22913e-09,-3.22913e-09,-3.22913e-09,-3.22913e-09,0.0,0.0002,idle,slow1
4.395,405.114,-405.109,-405.108,-405.106,1.01644e-07,-3.27102e-09,9.4887e-08,-3.22913e-09,-3.22913e-09,-3.22913e-09,-3.22913e-09,0.0,0.0002,idle,slow1
4.4,405.114,-405.109,-405.108,-405.106,1.01644e-07,-3.27102e-09,9.4887e-08,-3.22913e-09,-3.22913e-09,-3.22913e-09,-3.22913e-09,0.0,0.0002,idle,slow1
4.405,405.114,-405.109,-405.108,-405.106,1.01644e-07,-3.27102e-09,9.4887e-08,-3.22913e-09,-3.22913e-09,-3.22913e-09,-3.22913e-09,0.0,0.0002,idle,slow1
4.41,405.114,-405.109,-405.108,-405.106,1.01644e-07,-3.27102e-09,9.4887e-08,-3.22913e-09,-3.22913e-09,-3.22913e-09,-3.22913e-09,0.0,0.0002,idle,slow1
4.415,405.114,-405.109,-405.108,-405.106,1.01644e-07,-3.27102e-09,9.4887e-08,-3.22913e-09,-3.22913e-09,-3.22913e-09,-3.22913e-09,0.0,0.0002,idle,slow1
4.42,405.114,-405.109,-405.108,-405.106,1.01644e-07,-3.27102e-09,9.4887e-08,-3.22913e-09,-3.22913e-09,-3.22913e-09,-3.22913e-09,0.0,0.0002,idle,slow1
4.425,405.114,-405.109,-405.108,-405.106,1.01644e-07,-3.27102e-09,9.4887e-08,-3.22913e-09,-3.22913e-09,-3.22913e-09,-3.22913e-09,0.0,0.0002,idle,slow1
4.43,405.114,-405.109,-405.108,-405.106,1.01644e-07,-3.27102e-09,9.4887e-08,-3.22913e-09,-3.22913e-09,-3.22913e-09,-3.22913e-09,0.0,0.0002,idle,slow1
4.435,405.114,-405.109,-405.108,-405.106,1.01644e-07,-3.27102e-09,9.4887e-08,-3.22913e-09,-3.22913e-09,-3.22913e-09,-3.22913e-09,0.0,0.0002,idle,slow1
4.44,405.114,-405.109,-405.108,-405.106,1.01644e-07,-3.27102e-09,9.4887e-08,-3.22913e-09,-3.22913e-09,-3.22913e-09,-3.22913e-09,0.0,0.0002,idle,slow1
4.445,405.114,-405.109,-405.108,-405.106,1.01644e-07,-3.27102e-09,9.4887e-08,-3.22913e-09,-3.22913e-09,-3.22913e-09,-3.22913e-09,0.0,0.0002,idle,slow1
4.45,405.114,-405.109,-405.108,-405.106,1.01644e-07,-3.27102e-09,9.4887e-08,-3.22913e-09,-3.22913e-09,-3.22913e-09,-3.22913e-09,0.0,0.0002,idle,slow1
4.455,405.114,-405.109,-405.108,-405.106,1.01644e-07,-3.27102e-09,9.4887e-08,-3.22913e-09,-3.22913e-09,-3.22913e-09,-3.22913e-09,0.0,0.0002,idle,slow1
4.46,405.114,-405.109,-405.108,-405.106,1.01644e-07,-3.27102e-09,9.4887e-08,-3.22913e-09,-3.22913e-09,-3.22913e-09,-3.22913e-09,0.0,0.0002,idle,slow1
4.465,405.114,-405.109,-405.108,-405.106,1.01644e-07,-3.27102e-09,9.4887e-08,-3.22913e-09,-3.22913e-09,-3.22913e-09,-3.22913e-09,0.0,0.0002,idle,slow1
4.47,405.114,-405.109,-405.108,-405.106,1.01644e-07,-3.27102e-09,9.4887e-08,-3.22913e-09,-3.22913e-09,-3.22913e-09,-3.22913e-09,0.0,0.0002,idle,slow1
4.475,405.114,-405.109,-405.108,-405.106,1.01644e-07,-3.27102e-09,9.4887e-08,-3.22913e-09,-3.22913e-09,-3.22913e-09,-3.22913e-09,0.0,0.0002,idle,slow1
4.48,405.114,-405.109,-405.108,-405.106,1.01644e-07,-3.27102e-09,9.4887e-08,-3.22913e-09,-3.22913e-09,-3.22913e-09,-3.22913e-09,0.0,0.0002,idle,slow1
4.485,405.114,-405.109,-405.108,-405.106,1.01644e-07,-3.27102e-09,9.4887e-08,-3.22913e-09,-3.22913e-09,-3.22913e-09,-3.22913e-09,0.0,0.0002,idle,slow1
4.49,405.114,-405.109,-405.108,-405.106,1.01644e-07,-3.27102e-09,9.4887e-08,-3.22913e-09,-3.22913e-09,-3.22913e-09,-3.22913e-09,0.0,0.0002,idle,slow1
4.495,405.114,-405.109,-405.108,-405.106,1.01644e-07,-3.27102e-09,9.4887e-08,-3.22913e-09,-3.22913e-09,-3.22913e-09,-3.22913e-09,0.0,0.0002,idle,slow1
4.5,405.114,-405.109,-405.108,-405.106,1.01644e-07,-3.27102e-09,9.4887e-08,-3.22913e-09,-3.22913e-09,-3.22913e-09,-3.22913e-09,0.0,0.0002,idle,slow1
4.505,405.114,-405.109,-405.108,-405.106,1.01644e-07,-3.27102e-09,9.4887e-08,-3.22913e-09,-3.22913e-09,-3.22913e-09,-3.22913e-09,0.0,0.0002,idle,slow1
4.51,405.114,-405.109,-405.108,-405.106,1.01644e-07,-3.27102e-09,9.4887e-08,-3.22913e-09,-3.22913e-09,-3.22913e-09,-3.22913e-09,0.0,0.0002,idle,slow1
4.515,405.114,-405.109,-405.108,-405.106,1.01644e-07,-3.27102e-09,9.4887e-08,-3.22913e-09,-3.22913e-09,-3.22913e-09,-3.22913e-09,0.0,0.0002,idle,slow1
4.52,405.114,-405.109,-405.108,-405.106,1.01644e-07,-3.27102e-09,9.4887e-08,-3.22913e-09,-3.22913e-09,-3.22913e-09,-3.22913e-09,0.0,0.0002,idle,slow1
4.525,405.114,-405.109,-405.108,-405.106,1.01644e-07,-3.27102e-09,9.4887e-08,-3.22913e-09,-3.22913e-09,-3.22913e-09,-3.22913e-09,0.0,0.0002,idle,slow1
4.53,405.114,-405.109,-405.108,-405.106,1.01644e-07,-3.27102e-09,9.4887e-08,-3.22913e-09,-3.22913e-09,-3.22913e-09,-3.22913e-09,0.0,0.0002,idle,slow1
4.535,405.114,-405.109,-405.108,-405.106,1.01644e-07,-3.27102e-09,9.4887e-08,-3.22913e-09,-3.22913e-09,-3.22913e-09,-3.22913e-09,0.0,0.0002,idle,slow1
4.54,405.114,-405.109,-405.108,-405.106,1.01644e-07,-3.27102e-09,9.4887e-08,-3.22913e-09,-3.22913e-09,-3.22913e-09,-3.22913e-09,0.0,0.0002,idle,slow1
4.545,405.114,-405.109,-405.108,-405.106,1.01644e-07,-3.27102e-09,9.4887e-08,-3.22913e-09,-3.22913e-09,-3.22913e-09,-3.22913e-09,0.0,0.0002,idle,slow1
4.55,405.114,-405.109,-405.108,-405.106,1.01644e-07,-3.27102e-09,9.4887e-08,-3.22913e-09,-3.22913e-09,-3.22913e-09,-3.22913e-09,0.0,0.0002,idle,slow1
4.555,405.114,-405.109,-405.108,-405.106,1.01644e-07,-3.27102e-09,9.4887e-08,-3.22913e-09,-3.22913e-09,-3.22913e-09,-3.22913e-09,0.0,0.0002,idle,slow1
4.56,405.114,-405.109,-405.108,-405.106,1.01644e-07,-3.27102e-09,9.4887e-08,-3.22913e-09,-3.22913e-09,-3.22913e-09,-3.22913e-09,0.0,0.0002,idle,slow1
4.565,405.114,-405.109,-405.108,-405.106,1.01644e-07,-3.27102e-09,9.4887e-08,-3.22913e-09,-3.22913e-09,-3.22913e-09,-3.22913e-09,0.0,0.0002,idle,slow1
4.57,405.114,-405.109,-405.108,-405.106,1.01644e-07,-3.27102e-09,9.4887e-08,-3.22913e-09,-3.22913e-09,-3.22913e-09,-3.22913e-09,0.0,0.0002,idle,slow1
4.575,405.114,-405.109,-405.108,-405.106,1.01644e-07,-3.27102e-09,9.4887e-08,-3.22913e-09,-3.22913e-09,-3.22913e-09,-3.22913e-09,0.0,0.0002,idle,slow1
4.58,405.114,-405.109,-405.108,-405.106,1.01644e-07,-3.27102e-09,9.4887e-08,-3.22913e-09,-3.22913e-09,-3.22913e-09,-3.22913e-09,0.0,0.0002,idle,slow1
4.585,405.114,-405.109,-405.108,-405.106,1.01644e-07,-3.27102e-09,9.4887e-08,-3.22913e-09,-3.22913e-09,-3.22913e-09,-3.22913e-09,0.0,0.0002,idle,slow1
4.59,405.114,-405.109,-405.108,-405.106,1.01644e-07,-3.27102e-09,9.4887e-08,-3.22913e-09,-3.22913e-09,-3.22913e-09,-3.22913e-09,0.0,0.0002,idle,slow1
4.595,405.114,-405.109,-405.108,-405.106,1.01644e-07,-3.27102e-09,9.4887e-08,-3.22913e-09,-3.22913e-09,-3.22913e-09,-3.22913e-09,0.0,0.0002,idle,slow1
4.6,405.114,-405.109,-405.108,-405.106,1.01644e-07,-3.27102e-09,9.4887e-08,-3.22913e-09,-3.22913e-09,-3.22913e-09,-3.22913e-09,0.0,0.0002,idle,slow1
4.605,405.114,-405.109,-405.108,-405.106,1.01644e-07,-3.27102e-09,9.4887e-08,-3.22913e-09,-3.22913e-09,-3.22913e-09,-3.22913e-09,0.0,0.0002,idle,slow1
4.61,405.114,-405.109,-405.108,-405.106,1.01644e-07,-3.27102e-09,9.4887e-08,-3.22913e-09,-3.22913e-09,-3.22913e-09,-3.22913e-09,0.0,0.0002,idle,slow1
4.615,405.114,-405.109,-405.108,-405.106,1.01644e-07,-3.27102e-09,9.4887e-08,-3.22913e-09,-3.22913e-09,-3.22913e-09,-3.22913e-09,0.0,0.0002,idle,slow1
4.62,405.114,-405.109,-405.108,-405.106,1.01644e-07,-3.27102e-09,9.4887e-08,-3.22913e-09,-3.22913e-09,-3.22913e-09,-3.22913e-09,0.0,0.0002,idle,slow1
4.625,405.114,-405.109,-405.108,-405.106,1.01644e-07,-3.27102e-09,9.4887e-08,-3.22913e-09,-3.22913e-09,-3.22913e-09,-3.22913e-09,0.0,0.0002,idle,slow1
4.63,405.114,-405.109,-405.108,-405.106,1.01644e-07,-3.27102e-09,9.4887e-08,-3.22913e-09,-3.22913e-09,-3.22913e-09,-3.22913e-09,0.0,0.0002,idle,slow1
4.635,405.114,-405.109,-405.108,-405.106,1.01644e-07,-3.27102e-09,9.4887e-08,-3.22913e-09,-3.22913e-09,-3.22913e-09,-3.22913e-09,0.0,0.0002,idle,slow1
4.64,405.114,-405.109,-405.108,-405.106,1.01644e-07,-3.27102e-09,9.4887e-08,-3.22913e-09,-3.22913e-09,-3.22913e-09,-3.22913e-09,0.0,0.0002,idle,slow1
4.645,405.114,-405.109,-405.108,-405.106,1.01644e-07,-3.27102e-09,9.4887e-08,-3.22913e-09,-3.22913e-09,-3.22913e-09,-3.22913e-09,0.0,0.0002,idle,slow1
4.65,405.114,-405.109,-405.108,-405.106,1.01644e-07,-3.27102e-09,9.4887e-08,-3.22913e-09,-3.22913e-09,-3.22913e-09,-3.22913e-09,0.0,0.0002,idle,slow1
4.655,405.114,-405.109,-405.108,-405.106,1.01644e-07,-3.27102e-09,9.4887e-08,-3.22913e-09,-3.22913e-09,-3.22913e-09,-3.22913e-09,0.0,0.0002,idle,slow1
4.66,405.114,-405.109,-405.108,-405.106,1.01644e-07,-3.27102e-09,9.4887e-08,-3.22913e-09,-3.22913e-09,-3.22913e-09,-3.22913e-09,0.0,0.0002,idle,slow1
4.665,405.114,-405.109,-405.108,-405.106,1.01644e-07,-3.27102e-09,9.4887e-08,-3.22913e-09,-3.22913e-09,-3.22913e-09,-3.22913e-09,0.0,0.0002,idle,slow1
4.67,405.114,-405.109,-405.108,-405.106,1.01644e-07,-3.27102e-09,9.4887e-08,-3.22913e-09,-3.22913e-09,-3.22913e-09,-3.22913e-09,0.0,0.0002,idle,slow1
4.675,405.114,-405.109,-405.108,-405.106,1.01644e-07,-3.27102e-09,9.4887e-08,-3.22913e-09,-3.22913e-09,-3.22913e-09,-3.22913e-09,0.0,0.0002,idle,slow1
4.68,405.114,-405.109,-405.108,-405.106,1.01644e-07,-3.27102e-09,9.4887e-08,-3.22913e-09,-3.22913e-09,-3.22913e-09,-3.22913e-09,0.0,0.0002,idle,slow1
4.685,405.114,-405.109,-405.108,-405.106,1.01644e-07,-3.27102e-09,9.4887e-08,-3.22913e-09,-3.22913e-09,-3.22913e-09,-3.22913e-09,0.0,0.0002,idle,slow1
4.69,405.114,-405.109,-405.108,-405.106,1.01644e-07,-3.27102e-09,9.4887e-08,-3.22913e-09,-3.22913e-09,-3.22913e-09,-3.22913e-09,0.0,0.0002,idle,slow1
4.695,405.114,-405.109,-405.108,-405.106,1.01644e-07,-3.27102e-09,9.4887e-08,-3.22913e-09,-3.22913e-09,-3.22913e-09,-3.22913e-09,0.0,0.0002,idle,slow1
4.7,405.114,-405.109,-405.108,-405.106,1.01644e-07,-3.27102e-09,9.4887e-08,-3.22913e-09,-3.22913e-09,-3.22913e-09,-3.22913e-09,0.0,0.0002,idle,slow1
4.705,405.114,-405.109,-405.108,-405.106,1.01644e-07,-3.27102e-09,9.4887e-08,-3.22913e-09,-3.22913e-09,-3.22913e-09,-3.22913e-09,0.0,0.0002,idle,slow1
4.71,405.114,-405.109,-405.108,-405.106,1.01644e-07,-3.27102e-09,9.4887e-08,-3.22913e-09,-3.22913e-09,-3.22913e-09,-3.22913e-09,0.0,0.0002,idle,slow1
4.715,405.114,-405.109,-405.108,-405.106,1.01644e-07,-3.27102e-09,9.4887e-08,-3.22913e-09,-3.22913e-09,-3.22913e-09,-3.22913e-09,0.0,0.0002,idle,slow1
4.72,405.114,-405.109,-405.108,-405.106,1.01644e-07,-3.27102e-09,9.4887e-08,-3.22913e-09,-3.22913e-09,-3.22913e-09,-3.22913e-09,0.0,0.0002,idle,slow1
4.725,405.114,-405.109,-405.108,-405.106,1.01644e-07,-3.27102e-09,9.4887e-08,-3.22913e-09,-3.22913e-09,-3.22913e-09,-3.22913e-09,0.0,0.0002,idle,slow1
4.73,405.114,-405.109,-405.108,-405.106,1.01644e-07,-3.27102e-09,9.4887e-08,-3.22913e-09,-3.22913e-09,-3.22913e-09,-3.22913e-09,0.0,0.0002,idle,slow1
4.735,405.114,-405.109,-405.108,-405.106,1.01644e-07,-3.27102e-09,9.4887e-08,-3.22913e-09,-3.22913e-09,-3.22913e-09,-3.22913e-09,0.0,0.0002,idle,slow1
4.74,405.114,-405.109,-405.108,-405.106,1.01644e-07,-3.27102e-09,9.4887e-08,-3.22913e-09,-3.22913e-09,-3.22913e-09,-3.22913e-09,0.0,0.0002,idle,slow1
4.745,405.114,-405.109,-405.108,-405.106,1.01644e-07,-3.27102e-09,9.4887e-08,-3.22913e-09,-3.22913e-09,-3.22913e-09,-3.22913e-09,0.0,0.0002,idle,slow1
4.75,405.114,-405.109,-405.108,-405.106,1.01644e-07,-3.27102e-09,9.4887e-08,-3.22913e-09,-3.22913e-09,-3.22913e-09,-3.22913e-09,0.0,0.0002,idle,slow1
4.755,405.114,-405.109,-405.108,-405.106,1.01644e-07,-3.27102e-09,9.4887e-08,-3.22913e-09,-3.22913e-09,-3.22913e-09,-3.22913e-09,0.0,0.0002,idle,slow1
4.76,405.114,-405.109,-405.108,-405.106,1.01644e-07,-3.27102e-09,9.4887e-08,-3.22913e-09,-3.22913e-09,-3.22913e-09,-3.22913e-09,0.0,0.0002,idle,slow1
4.765,405.114,-405.109,-405.108,-405.106,1.01644e-07,-3.27102e-09,9.4887e-08,-3.22913e-09,-3.22913e-09,-3.22913e-09,-3.22913e-09,0.0,0.0002,idle,slow1
4.77,405.114,-405.109,-405.108,-405.106,1.01644e-07,-3.27102e-09,9.4887e-08,-3.22913e-09,-3.22913e-09,-3.22913e-09,-3.22913e-09,0.0,0.0002,idle,slow1
4.775,405.114,-405.109,-405.108,-405.106,1.01644e-07,-3.27102e-09,9.4887e-08,-3.22913e-09,-3.22913e-09,-3.22913e-09,-3.22913e-09,0.0,0.0002,idle,slow1
4.78,405.114,-405.109,-405.108,-405.106,1.01644e-07,-3.27102e-09,9.4887e-08,-3.22913e-09,-3.22913e-09,-3.22913e-09,-3.22913e-09,0.0,0.0002,idle,slow1
4.785,405.114,-405.109,-405.108,-405.106,1.01644e-07,-3.27102e-09,9.4887e-08,-3.22913e-09,-3.22913e-09,-3.22913e-09,-3.22913e-09,0.0,0.0002,idle,slow1
4.79,405.114,-405.109,-405.108,-405.106,1.01644e-07,-3.27102e-09,9.4887e-08,-3.22913e-09,-3.22913e-09,-3.22913e-09,-3.22913e-09,0.0,0.0002,idle,slow1
4.795,405.114,-405.109,-405.108,-405.106,1.01644e-07,-3.27102e-09,9.4887e-08,-3.22913e-09,-3.22913e-09,-3.22913e-09,-3.22913e-09,0.0,0.0002,idle,slow1
4.8,405.114,-405.109,-405.108,-405.106,1.01644e-07,-3.27102e-09,9.4887e-08,-3.22913e-09,-3.22913e-09,-3.22913e-09,-3.22913e-09,0.0,0.0002,idle,slow1
4.805,405.114,-405.109,-405.108,-405.106,1.01644e-07,-3.27102e-09,9.4887e-08,-3.22913e-09,-3.22913e-09,-3.22913e-09,-3.22913e-09,0.0,0.0002,idle,slow1
4.81,405.114,-405.109,-405.108,-405.106,1.01644e-07,-3.27102e-09,9.4887e-08,-3.22913e-09,-3.22913e-09,-3.22913e-09,-3.22913e-09,0.0,0.0002,idle,slow1
4.815,405.114,-405.109,-405.108,-405.106,1.01644e-07,-3.27102e-09,9.4887e-08,-3.22913e-09,-3.22913e-09,-3.22913e-09,-3.22913e-09,0.0,0.0002,idle,slow1
4.82,405.114,-405.109,-405.108,-405.106,1.01644e-07,-3.27102e-09,9.4887e-08,-3.22913e-09,-3.22913e-09,-3.22913e-09,-3.22913e-09,0.0,0.0002,idle,slow1
4.825,405.114,-405.109,-405.108,-405.106,1.01644e-07,-3.27102e-09,9.4887e-08,-3.22913e-09,-3.22913e-09,-3.22913e-09,-3.22913e-09,0.0,0.0002,idle,slow1
4.83,405.114,-405.109,-405.108,-405.106,1.01644e-07,-3.27102e-09,9.4887e-08,-3.22913e-09,-3.22913e-09,-3.22913e-09,-3.22913e-09,0.0,0.0002,idle,slow1
4.835,405.114,-405.109,-405.108,-405.106,1.01644e-07,-3.27102e-09,9.4887e-08,-3.22913e-09,-3.22913e-09,-3.22913e-09,-3.22913e-09,0.0,0.0002,idle,slow1
4.84,405.114,-405.109,-405.108,-405.106,1.01644e-07,-3.27102e-09,9.4887e-08,-3.22913e-09,-3.22913e-09,-3.22913e-09,-3.22913e-09,0.0,0.0002,idle,slow1
4.845,405.114,-405.109,-405.108,-405.106,1.01644e-07,-3.27102e-09,9.4887e-08,-3.22913e-09,-3.22913e-09,-3.22913e-09,-3.22913e-09,0.0,0.0002,idle,slow1
4.85,405.114,-405.109,-405.108,-405.106,1.01644e-07,-3.27102e-09,9.4887e-08,-3.22913e-09,-3.22913e-09,-3.22913e-09,-3.22913e-09,0.0,0.0002,idle,slow1
4.855,405.114,-405.109,-405.108,-405.106,1.01644e-07,-3.27102e-09,9.4887e-08,-3.22913e-09,-3.22913e-09,-3.22913e-09,-3.22913e-09,0.0,0.0002,idle,slow1
4.86,405.114,-405.109,-405.108,-405.106,1.01644e-07,-3.27102e-09,9.4887e-08,-3.22913e-09,-3.22913e-09,-3.22913e-09,-3.22913e-09,0.0,0.0002,idle,slow1
4.865,405.114,-405.109,-405.108,-405.106,1.01644e-07,-3.27102e-09,9.4887e-08,-3.22913e-09,-3.22913e-09,-3.22913e-09,-3.22913e-09,0.0,0.0002,idle,slow1
4.87,405.114,-405.109,-405.108,-405.106,1.01644e-07,-3.27102e-09,9.4887e-08,-3.22913e-09,-3.22913e-09,-3.22913e-09,-3.22913e-09,0.0,0.0002,idle,slow1
4.875,405.114,-405.109,-405.108,-405.106,1.01644e-07,-3.27102e-09,9.4887e-08,-3.22913e-09,-3.22913e-09,-3.22913e-09,-3.22913e-09,0.0,0.0002,idle,slow1
4.88,405.114,-405.109,-405.108,-405.106,1.01644e-07,-3.27102e-09,9.4887e-08,-3.22913e-09,-3.22913e-09,-3.22913e-09,-3.22913e-09,0.0,0.0002,idle,slow1
4.885,405.114,-405.109,-405.108,-405.106,1.01644e-07,-3.27102e-09,9.4887e-08,-3.22913e-09,-3.22913e-09,-3.22913e-09,-3.22913e-09,0.0,0.0002,idle,slow1
4.89,405.114,-405.109,-405.108,-405.106,1.01644e-07,-3.27102e-09,9.4887e-08,-3.22913e-09,-3.22913e-09,-3.22913e-09,-3.22913e-09,0.0,0.0002,idle,slow1
4.895,405.114,-405.109,-405.108,-405.106,1.01644e-07,-3.27102e-09,9.4887e-08,-3.22913e-09,-3.22913e-09,-3.22913e-09,-3.22913e-09,0.0,0.0002,idle,slow1
4.9,405.114,-405.109,-405.108,-405.106,1.01644e-07,-3.27102e-09,9.4887e-08,-3.22913e-09,-3.22913e-09,-3.22913e-09,-3.22913e-09,0.0,0.0002,idle,slow1
4.905,405.114,-405.109,-405.108,-405.106,1.01644e-07,-3.27102e-09,9.4887e-08,-3.22913e-09,-3.22913e-09,-3.22913e-09,-3.22913e-09,0.0,0.0002,idle,slow1
4.91,405.114,-405.109,-405.108,-405.106,1.01644e-07,-3.27102e-09,9.4887e-08,-3.22913e-09,-3.22913e-09,-3.22913e-09,-3.22913e-09,0.0,0.0002,idle,slow1
4.915,405.114,-405.109,-405.108,-405.106,1.01644e-07,-3.27102e-09,9.4887e-08,-3.22913e-09,-3.22913e-09,-3.22913e-09,-3.22913e-09,0.0,0.0002,idle,slow1
4.92,405.114,-405.109,-405.108,-405.106,1.01644e-07,-3.27102e-09,9.4887e-08,-3.22913e-09,-3.22913e-09,-3.22913e-09,-3.22913e-09,0.0,0.0002,idle,slow1
4.925,405.114,-405.109,-405.108,-405.106,1.01644e-07,-3.27102e-09,9.4887e-08,-3.22913e-09,-3.22913e-09,-3.22913e-09,-3.22913e-09,0.0,0.0002,idle,slow1
4.93,405.114,-405.109,-405.108,-405.106,1.01644e-07,-3.27102e-09,9.4887e-08,-3.22913e-09,-3.22913e-09,-3.22913e-09,-3.22913e-09,0.0,0.0002,idle,slow1
4.935,405.114,-405.109,-405.108,-405.106,1.01644e-07,-3.27102e-09,9.4887e-08,-3.22913e-09,-3.22913e-09,-3.22913e-09,-3.22913e-09,0.0,0.0002,idle,slow1
4.94,405.114,-405.109,-405.108,-405.106,1.01644e-07,-3.27102e-09,9.4887e-08,-3.22913e-09,-3.22913e-09,-3.22913e-09,-3.22913e-09,0.0,0.0002,idle,slow1
4.945,405.114,-405.109,-405.108,-405.106,1.01644e-07,-3.27102e-09,9.4887e-08,-3.22913e-09,-3.22913e-09,-3.22913e-09,-3.22913e-09,0.0,0.0002,idle,slow1
4.95,405.114,-405.109,-405.108,-405.106,1.01644e-07,-3.27102e-09,9.4887e-08,-3.22913e-09,-3.22913e-09,-3.22913e-09,-3.22913e-09,0.0,0.0002,idle,slow1
4.955,405.114,-405.109,-405.108,-405.106,1.01644e-07,-3.27102e-09,9.4887e-08,-3.22913e-09,-3.22913e-09,-3.22913e-09,-3.22913e-09,0.0,0.0002,idle,slow1
4.96,405.114,-405.109,-405.108,-405.106,1.01644e-07,-3.27102e-09,9.4887e-08,-3.22913e-09,-3.22913e-09,-3.22913e-09,-3.22913e-09,0.0,0.0002,idle,slow1
4.965,405.114,-405.109,-405.108,-405.106,1.01644e-07,-3.27102e-09,9.4887e-08,-3.22913e-09,-3.22913e-09,-3.22913e-09,-3.22913e-09,0.0,0.0002,idle,slow1
4.97,405.114,-405.109,-405.108,-405.106,1.01644e-07,-3.27102e-09,9.4887e-08,-3.22913e-09,-3.22913e-09,-3.22913e-09,-3.22913e-09,0.0,0.0002,idle,slow1
4.975,405.114,-405.109,-405.108,-405.106,1.01644e-07,-3.27102e-09,9.4887e-08,-3.22913e-09,-3.22913e-09,-3.22913e-09,-3.22913e-09,0.0,0.0002,idle,slow1
4.98,405.114,-405.109,-405.108,-405.106,1.01644e-07,-3.27102e-09,9.4887e-08,-3.22913e-09,-3.22913e-09,-3.22913e-09,-3.22913e-09,0.0,0.0002,idle,slow1
4.985,405.114,-405.109,-405.108,-405.106,1.01644e-07,-3.27102e-09,9.4887e-08,-3.22913e-09,-3.22913e-09,-3.22913e-09,-3.22913e-09,0.0,0.0002,idle,slow1
4.99,405.114,-405.109,-405.108,-405.106,1.01644e-07,-3.27102e-09,9.4887e-08,-3.22913e-09,-3.22913e-09,-3.22913e-09,-3.22913e-09,0.0,0.0002,idle,slow1
4.995,405.114,-405.109,-405.108,-405.106,1.01644e-07,-3.27102e-09,9.4887e-08,-3.22913e-09,-3.22913e-09,-3.22913e-09,-3.22913e-09,0.0,0.0002,idle,slow1
5.0,405.114,-405.109,-405.108,-405.106,1.01644e-07,-3.27102e-09,9.4887e-08,-3.22913e-09,-3.22913e-09,-3.22913e-09,-3.22913e-09,0.0,0.0002,idle,slow1
5.005,68229.3,68229.3,68229.3,68229.3,1.32426e-07,8.4272e-08,2.131e-07,-3.11257e-09,-3.11257e-09,-3.11257e-09,-3.11257e-09,2.5,0.0002,ramp up,slow1
5.01,161845.0,161845.0,161845.0,161845.0,1.65558e-07,1.30241e-07,2.92065e-07,-2.94721e-09,-2.94721e-09,-2.94721e-09,-2.94721e-09,5.89723,0.0002,ramp up,slow1
5.015,230789.0,230789.0,230789.0,230789.0,1.86133e-07,1.55438e-07,3.37764e-07,-2.81912e-09,-2.81912e-09,-2.81912e-09,-2.81912e-09,8.39723,0.0002,ramp up,slow1
5.02,299755.0,299755.0,299755.0,299755.0,2.04768e-07,1.77272e-07,3.78179e-07,-2.68515e-09,-2.68515e-09,-2.68515e-09,-2.68515e-09,12.3914,0.0002,ramp up,slow1
5.025,409978.0,409978.0,409978.0,409978.0,2.31134e-07,2.06992e-07,4.34222e-07,-2.4524e-09,-2.4524e-09,-2.4524e-09,-2.4524e-09,14.8914,0.0002,ramp up,slow1
5.03,478978.0,478978.0,478978.0,478978.0,2.46582e-07,2.24109e-07,4.66777e-07,-2.2976e-09,-2.2976e-09,-2.2976e-09,-2.2976e-09,21.0107,0.0002,ramp up,slow1
5.035,647911.0,647911.0,647911.0,647911.0,2.80192e-07,2.60476e-07,5.36834e-07,-1.8436e-09,-1.8436e-09,-1.8436e-09,-1.8436e-09,21.9456,0.0002,ramp up,slow1
5.04,716936.0,716936.0,716936.0,716936.0,2.93028e-07,2.74208e-07,5.6347e-07,-1.62888e-09,-1.62888e-09,-1.62888e-09,-1.62888e-09,21.499,0.0002,ramp up,slow1
5.045,704605.0,704605.0,704605.0,704605.0,2.90798e-07,2.71833e-07,5.5885e-07,-1.67067e-09,-1.67067e-09,-1.67067e-09,-1.67067e-09,23.999,0.0002,ramp up,slow1
5.05,730420.0,730420.0,730420.0,730420.0,2.95441e-07,2.76776e-07,5.68471e-07,-1.58145e-09,-1.58145e-09,-1.58145e-09,-1.58145e-09,22.1616,0.0002,ramp up,slow1
5.055,679688.0,679688.0,679688.0,679688.0,2.86108e-07,2.66808e-07,5.49114e-07,-1.74381e-09,-1.74381e-09,-1.74381e-09,-1.74381e-09,26.268,0.0002,ramp up,slow1
5.06,748716.0,748716.0,748716.0,748716.0,2.98685e-07,2.80223e-07,5.7519e-07,-1.51452e-09,-1.51452e-09,-1.51452e-09,-1.51452e-09,31.7926,0.0002,ramp up,slow1
5.065,901278.0,901278.0,901278.0,901278.0,3.23952e-07,3.06851e-07,6.27646e-07,-6.48659e-10,-6.48659e-10,-6.48659e-10,-6.48659e-10,34.2926,0.0002,ramp up,slow1
5.07,1014680.0,1014680.0,1014680.0,1014680.0,3.4239e-07,3.26243e-07,6.65974e-07,7.51058e-11,7.51058e-11,7.51058e-11,7.51058e-11,35.0111,0.0002,ramp up,slow1
5.075,1034530.0,1034530.0,1034530.0,1034530.0,3.45345e-07,3.29324e-07,6.72113e-07,2.15346e-10,2.15346e-10,2.15346e-10,2.15346e-10,37.6996,0.0002,ramp up,slow1
5.08,1103570.0,1103570.0,1103570.0,1103570.0,3.55803e-07,3.40241e-07,6.93878e-07,7.38504e-10,7.38504e-10,7.38504e-10,7.38504e-10,40.5545,0.0002,ramp up,slow1
5.085,1110850.0,1109910.0,1109880.0,1109430.0,3.56879e-07,3.41361e-07,1.86779e-05,1.79826e-05,1.79826e-05,1.79826e-05,1.79826e-05,43.0545,0.0002,ramp up,slow1
5.09,1116740.0,1113720.0,1113610.0,1112180.0,3.57748e-07,3.42267e-07,3.34691e-05,3.2772e-05,3.27721e-05,3.27721e-05,3.27722e-05,46.779,0.0002,ramp up,slow1
5.095,1128490.0,1120220.0,1119940.0,1116020.0,3.59473e-07,3.44063e-07,5.48131e-05,5.41126e-05,5.4113e-05,5.4113e-05,5.41132e-05,49.279,0.0002,ramp up,slow1
5.1,1138140.0,1125100.0,1124650.0,1118460.0,3.60885e-07,3.45532e-07,6.87253e-05,6.80218e-05,6.80227e-05,6.80227e-05,6.80231e-05,50.8811,0.0002,ramp up,slow1
5.105,1145060.0,1128430.0,1127870.0,1119970.0,3.61894e-07,3.46581e-07,7.74688e-05,7.67633e-05,7.67646e-05,7.67646e-05,7.67652e-05,53.3811,0.0002,ramp up,slow1
5.11,1156840.0,1133910.0,1133140.0,1122250.0,3.63605e-07,3.4836e-07,9.08844e-05,9.01755e-05,9.01774e-05,9.01775e-05,9.01784e-05,52.9159,0.0002,ramp up,slow1
5.115,1154570.0,1132870.0,1132140.0,1121830.0,3.63276e-07,3.48019e-07,8.84054e-05,8.76971e-05,8.76989e-05,8.7699e-05,8.76998e-05,55.4159,0.0002,ramp up,slow1
5.12,1167330.0,1138640.0,1137670.0,1124040.0,3.65122e-07,3.49937e-07,0.000101592,0.00010088,0.000100882,0.000100882,0.000100884,55.7335,0.0002,ramp up,slow1
5.125,1169070.0,1139410.0,1138400.0,1124310.0,3.65372e-07,3.50197e-07,0.00010324,0.000102528,0.00010253,0.00010253,0.000102532,58.2335,0.0002,ramp up,slow1
5.13,1183100.0,1145540.0,1144270.0,1126430.0,3.67389e-07,3.52294e-07,0.000116128,0.000115412,0.000115416,0.000115416,0.000115418,64.8631,0.0002,ramp up,slow1
5.135,1225390.0,1163310.0,1161200.0,1131720.0,3.73405e-07,3.58539e-07,0.000149113,0.000148385,0.000148393,0.000148393,0.000148398,67.3631,0.0002,ramp up,slow1
5.14,1243070.0,1170520.0,1168060.0,1133600.0,3.75892e-07,3.61118e-07,0.000161147,0.000160413,0.000160424,0.000160424,0.000160429,65.5311,0.0002,ramp up,slow1
5.145,1230030.0,1165210.0,1163010.0,1132230.0,3.74059e-07,3.59218e-07,0.000152348,0.000151618,0.000151627,0.000151627,0.000151632,68.0311,0.0002,ramp up,slow1
5.15,1247950.0,1172490.0,1169930.0,1134090.0,3.76574e-07,3.61826e-07,0.000164327,0.000163592,0.000163603,0.000163603,0.000163609,80.1456,0.0002,ramp up,slow1
5.155,1346370.0,1211210.0,1206620.0,1142430.0,3.90101e-07,3.7583e-07,0.000219653,0.000218891,0.000218917,0.000218918,0.000218931,82.6456,0.0002,ramp up,slow1
5.16,1368760.0,1219830.0,1214770.0,1144030.0,3.93114e-07,3.78945e-07,0.000230585,0.000229816,0.000229847,0.000229848,0.000229863,77.7445,0.0002,ramp up,slow1
5.165,1325460.0,1203120.0,1198970.0,1140860.0,3.87266e-07,3.72899e-07,0.000209016,0.000208259,0.000208282,0.000208283,0.000208294,80.2445,0.0002,ramp up,slow1
5.17,1347190.0,1211540.0,1206930.0,1142490.0,3.90213e-07,3.75947e-07,0.000220101,0.000219338,0.000219365,0.000219366,0.000219379,84.712,0.0002,ramp up,slow1
5.175,1387880.0,1227130.0,1221670.0,1145310.0,3.95666e-07,3.81582e-07,0.000239475,0.000238701,0.000238735,0.000238736,0.000238753,87.212,0.0002,ramp up,slow1
5.18,1411430.0,1236090.0,1230130.0,1146850.0,3.98793e-07,3.8481e-07,0.000250134,0.000249354,0.000249393,0.000249394,0.000249414,90.2148,0.0002,ramp up,slow1
5.185,1440700.0,1247150.0,1240570.0,1148640.0,4.02637e-07,3.88778e-07,0.000262707,0.000261919,0.000261964,0.000261965,0.000261988,92.7148,0.0002,ramp up,slow1
5.19,1465550.0,1256500.0,1249400.0,1150100.0,4.05881e-07,3.92124e-07,0.000273059,0.000272265,0.000272315,0.000272317,0.000272342,91.828,0.0002,ramp up,slow1
5.195,1456730.0,1253180.0,1246260.0,1149580.0,4.0473e-07,3.90936e-07,0.000269389,0.000268597,0.000268645,0.000268647,0.000268671,94.328,0.0002,ramp up,slow1
5.2,1481950.0,1262640.0,1255190.0,1151020.0,4.08004e-07,3.94312e-07,0.000279657,0.000278858,0.000278911,0.000278913,0.00027894,98.6147,0.0002,ramp up,slow1
5.205,1526700.0,1279330.0,1270920.0,1153420.0,4.13739e-07,4.0022e-07,0.000296909,0.000296099,0.000296162,0.000296164,0.000296196,101.115,0.0002,ramp up,slow1
5.21,1553360.0,1289220.0,1280250.0,1154790.0,4.17125e-07,4.03707e-07,0.000306839,0.000306022,0.000306092,0.000306094,0.00030613,104.68,0.0002,ramp up,slow1
5.215,1592470.0,1303680.0,1293870.0,1156680.0,4.22031e-07,4.08755e-07,0.000320747,0.00031992,0.00032,0.000320002,0.000320043,107.18,0.0002,ramp up,slow1
5.22,1620300.0,1313930.0,1303520.0,1157990.0,4.25498e-07,4.12319e-07,0.000330404,0.00032957,0.000329656,0.000329659,0.000329703,107.596,0.0002,ramp up,slow1
5.225,1625100.0,1315690.0,1305180.0,1158200.0,4.26085e-07,4.12922e-07,0.000331972,0.000331137,0.000331224,0.000331227,0.000331272,110.096,0.0002,ramp up,slow1
5.23,1653450.0,1326100.0,1314980.0,1159480.0,4.29584e-07,4.16519e-07,0.000341505,0.000340662,0.000340757,0.00034076,0.000340809,114.039,0.0002,ramp up,slow1
5.235,1699330.0,1342880.0,1330770.0,1161440.0,4.35169e-07,4.22254e-07,0.000356261,0.000355408,0.000355514,0.000355518,0.000355573,116.539,0.0002,ramp up,slow1
5.24,1728790.0,1353630.0,1340890.0,1162670.0,4.38729e-07,4.25909e-07,0.000365537,0.000364676,0.000364791,0.000364795,0.000364854,119.131,0.0002,ramp up,slow1
5.245,1760010.0,1364980.0,1351560.0,1163910.0,4.42454e-07,4.29729e-07,0.000374995,0.000374127,0.00037425,0.000374254,0.000374318,123.415,0.0002,ramp up,slow1
5.25,1790260.0,1375980.0,1361900.0,1165100.0,4.46053e-07,4.3342e-07,0.000384083,0.000383208,0.000383339,0.000383344,0.000383413,128.551,0.0002,ramp up,slow1
5.255,1854390.0,1399170.0,1383710.0,1167450.0,4.53525e-07,4.41075e-07,0.000402293,0.000401402,0.000401553,0.000401558,0.000401637,131.051,0.0002,ramp up,slow1
5.26,1908090.0,1418580.0,1401950.0,1169390.0,4.59766e-07,4.47467e-07,0.00041743,0.000416527,0.000416693,0.000416699,0.000416786,127.284,0.0002,ramp up,slow1
5.265,1860470.0,1401390.0,1385800.0,1167700.0,4.54264e-07,4.41833e-07,0.000404209,0.000403317,0.00040347,0.000403475,0.000403554,130.895,0.0002,ramp up,slow1
5.27,1891940.0,1412760.0,1396480.0,1168830.0,4.5791e-07,4.45568e-07,0.000413012,0.000412113,0.000412274,0.00041228,0.000412365,135.038,0.0002,ramp up,slow1
5.275,1945360.0,1431980.0,1414540.0,1170640.0,4.63991e-07,4.5179e-07,0.000427299,0.000426388,0.000426566,0.000426572,0.000426666,137.538,0.0002,ramp up,slow1
5.28,1992090.0,1448790.0,1430340.0,1172220.0,4.69297e-07,4.57217e-07,0.000439716,0.000438794,0.000438987,0.000438993,0.000439095,136.932,0.0002,ramp up,slow1
5.285,1984260.0,1445980.0,1427690.0,1171950.0,4.68407e-07,4.56307e-07,0.000437632,0.000436712,0.000436902,0.000436909,0.000437009,140.073,0.0002,ramp up,slow1
5.29,2017040.0,1457740.0,1438740.0,1173030.0,4.72091e-07,4.60074e-07,0.000446129,0.000445202,0.000445402,0.000445409,0.000445515,143.52,0.0002,ramp up,slow1
5.295,2063080.0,1474230.0,1454230.0,1174460.0,4.77186e-07,4.6528e-07,0.000457642,0.000456704,0.00045692,0.000456928,0.000457042,146.02,0.0002,ramp up,slow1
5.3,2105160.0,1489300.0,1468370.0,1175770.0,4.81831e-07,4.70025e-07,0.000468103,0.000467156,0.000467385,0.000467393,0.000467515,146.137,0.0002,ramp up,slow1
5.305,2106850.0,1489890.0,1468930.0,1175810.0,4.82005e-07,4.70203e-07,0.000468465,0.000467518,0.000467748,0.000467756,0.000467878,150.495,0.0002,ramp up,slow1
5.31,2140750.0,1502010.0,1480310.0,1176830.0,4.85708e-07,4.73984e-07,0.000476698,0.000475743,0.000475984,0.000475993,0.000476121,155.741,0.0002,ramp up,slow1
5.315,2213430.0,1527910.0,1504620.0,1178900.0,4.93493e-07,4.81925e-07,0.000493613,0.000492642,0.000492909,0.000492919,0.000493061,158.241,0.0002,ramp up,slow1
5.32,2273980.0,1549470.0,1524860.0,1180620.0,4.9996e-07,4.88523e-07,0.000507626,0.000506642,0.00050693,0.000506941,0.000507094,164.186,0.0002,ramp up,slow1
5.325,2358480.0,1579480.0,1553020.0,1182870.0,5.08784e-07,4.97515e-07,0.000526289,0.000525288,0.000525607,0.000525619,0.000525789,164.426,0.0002,ramp up,slow1
5.33,2394310.0,1592200.0,1564950.0,1183810.0,5.12494e-07,5.01294e-07,0.000534067,0.000533058,0.00053339,0.000533402,0.00053358,163.585,0.0002,ramp up,slow1
5.335,2382220.0,1587910.0,1560920.0,1183500.0,5.11247e-07,5.00024e-07,0.000531463,0.000530457,0.000530784,0.000530796,0.000530972,166.085,0.0002,ramp up,slow1
5.34,2385660.0,1589130.0,1562070.0,1183590.0,5.11602e-07,5.00385e-07,0.000532207,0.0005312,0.000531529,0.000531541,0.000531717,167.26,0.0002,ramp up,slow1
5.345,2402670.0,1595160.0,1567720.0,1184020.0,5.13344e-07,5.02159e-07,0.00053582,0.00053481,0.000535145,0.000535157,0.000535337,170.193,0.0002,ramp up,slow1
5.35,2438810.0,1607970.0,1579740.0,1184940.0,5.17051e-07,5.05934e-07,0.000543527,0.000542509,0.000542858,0.000542871,0.000543058,173.333,0.0002,ramp up,slow1
5.355,2484760.0,1624230.0,1594990.0,1186080.0,5.21702e-07,5.10668e-07,0.000553077,0.00055205,0.000552416,0.000552429,0.000552626,175.833,0.0002,ramp up,slow1
5.36,2527780.0,1639440.0,1609260.0,1187140.0,5.26046e-07,5.15088e-07,0.000561976,0.00056094,0.000561323,0.000561337,0.000561543,179.8,0.0002,ramp up,slow1
5.365,2586680.0,1660250.0,1628770.0,1188530.0,5.31909e-07,5.21051e-07,0.00057384,0.000572793,0.000573199,0.000573214,0.000573432,182.717,0.0002,ramp up,slow1
5.37,2623960.0,1673410.0,1641120.0,1189410.0,5.35601e-07,5.24806e-07,0.000581279,0.000580224,0.000580645,0.00058066,0.000580887,185.832,0.0002,ramp up,slow1
5.375,2670910.0,1689970.0,1656640.0,1190480.0,5.40191e-07,5.29471e-07,0.000590431,0.000589367,0.000589807,0.000589823,0.000590061,188.332,0.0002,ramp up,slow1
5.38,2714950.0,1705490.0,1671190.0,1191480.0,5.44486e-07,5.33836e-07,0.00059898,0.000597907,0.000598365,0.000598382,0.000598629,193.724,0.0002,ramp up,slow1
5.385,2797360.0,1734510.0,1698390.0,1193280.0,5.52403e-07,5.41878e-07,0.000614554,0.000613466,0.000613958,0.000613976,0.000614243,192.938,0.0002,ramp up,slow1
5.39,2835790.0,1748020.0,1711060.0,1194110.0,5.56068e-07,5.45599e-07,0.000621725,0.000620629,0.000621138,0.000621156,0.000621432,190.582,0.0002,ramp up,slow1
5.395,2799570.0,1735280.0,1699120.0,1193330.0,5.52614e-07,5.42092e-07,0.000614969,0.00061388,0.000614373,0.000614391,0.000614658,193.082,0.0002,ramp up,slow1
5.4,2787440.0,1731020.0,1695120.0,1193070.0,5.51463e-07,5.40923e-07,0.000612724,0.000611637,0.000612125,0.000612143,0.000612407,199.892,0.0002,ramp up,slow1
5.405,2892670.0,1768010.0,1729800.0,1195310.0,5.61429e-07,5.51041e-07,0.000632128,0.000631021,0.000631554,0.000631574,0.000631863,204.839,0.0002,ramp up,slow1
5.41,2931560.0,1781680.0,1742610.0,1196120.0,5.65079e-07,5.54745e-07,0.000639188,0.000638075,0.000638624,0.000638644,0.000638943,210.954,0.0002,ramp up,slow1
5.415,3027960.0,1815500.0,1774300.0,1198050.0,5.73961e-07,5.63754e-07,0.000656161,0.00065503,0.000655622,0.000655643,0.000655965,213.454,0.0002,ramp up,slow1
5.42,3106070.0,1842900.0,1799970.0,1199600.0,5.8114e-07,5.71036e-07,0.00066986,0.000668715,0.000669342,0.000669364,0.000669705,208.862,0.0002,ramp up,slow1
5.425,3033260.0,1817370.0,1776050.0,1198170.0,5.74486e-07,5.64288e-07,0.000657211,0.000656078,0.000656673,0.000656694,0.000657017,212.037,0.0002,ramp up,slow1
5.43,3072800.0,1831230.0,1789050.0,1198960.0,5.78112e-07,5.67966e-07,0.00066412,0.00066298,0.000663593,0.000663615,0.000663947,215.534,0.0002,ramp up,slow1
5.435,3128590.0,1850780.0,1807360.0,1200030.0,5.83166e-07,5.73089e-07,0.000673674,0.000672524,0.000673162,0.000673185,0.000673532,218.034,0.0002,ramp up,slow1
5.44,3179310.0,1868550.0,1824010.0,1201010.0,5.87751e-07,5.77737e-07,0.00068233,0.000681171,0.000681832,0.000681856,0.000682215,218.972,0.0002,ramp up,slow1
5.445,3194430.0,1873840.0,1828970.0,1201290.0,5.89099e-07,5.79103e-07,0.000684854,0.000683693,0.00068436,0.000684384,0.000684748,222.083,0.0002,ramp up,slow1
5.45,3234640.0,1887920.0,1842160.0,1202050.0,5.92697e-07,5.82748e-07,0.000691604,0.000690435,0.000691121,0.000691146,0.00069152,225.484,0.0002,ramp up,slow1
5.455,3289800.0,1907210.0,1860230.0,1203070.0,5.97573e-07,5.87687e-07,0.000700688,0.000699509,0.000700221,0.000700247,0.000700635,227.984,0.0002,ramp up,slow1
5.46,3340290.0,1924870.0,1876770.0,1203990.0,6.02027e-07,5.92199e-07,0.000708977,0.00070779,0.000708526,0.000708553,0.000708954,229.695,0.0002,ramp up,slow1
5.465,3368260.0,1934650.0,1885930.0,1204490.0,6.04467e-07,5.9467e-07,0.000713488,0.000712296,0.000713046,0.000713073,0.000713481,232.033,0.0002,ramp up,slow1
5.47,3409150.0,1948940.0,1899320.0,1205220.0,6.08033e-07,5.9828e-07,0.00072008,0.000718881,0.00071965,0.000719678,0.000720097,234.294,0.0002,ramp up,slow1
5.475,3446340.0,1961930.0,1911480.0,1205880.0,6.11245e-07,6.01532e-07,0.00072599,0.000724784,0.000725571,0.0007256,0.000726029,236.794,0.0002,ramp up,slow1
5.48,3484840.0,1975370.0,1924080.0,1206550.0,6.14566e-07,6.04893e-07,0.000732092,0.000730879,0.000731685,0.000731715,0.000732154,244.409,0.0002,ramp up,slow1
5.485,3611310.0,2019500.0,1965410.0,1208710.0,6.25324e-07,6.15778e-07,0.000751721,0.000750487,0.000751356,0.000751387,0.000751862,244.1,0.0002,ramp up,slow1
5.49,3653050.0,2034060.0,1979040.0,1209410.0,6.28843e-07,6.19338e-07,0.000758112,0.000756872,0.000757762,0.000757794,0.000758279,242.448,0.0002,ramp up,slow1
5.495,3625450.0,2024440.0,1970030.0,1208950.0,6.26519e-07,6.16988e-07,0.000753895,0.00075266,0.000753536,0.000753567,0.000754045,244.948,0.0002,ramp up,slow1
5.5,3620260.0,2022630.0,1968330.0,1208860.0,6.26085e-07,6.16549e-07,0.000753109,0.000751874,0.000752748,0.000752779,0.000753256,250.91,0.0002,ramp up,slow1
5.505,3720250.0,2057480.0,2000970.0,1210510.0,6.3445e-07,6.25009e-07,0.000768246,0.000766994,0.000767918,0.000767952,0.000768456,251.453,0.0002,ramp up,slow1
5.51,3762340.0,2072150.0,2014710.0,1211200.0,6.37948e-07,6.28546e-07,0.000774554,0.000773296,0.000774242,0.000774276,0.000774792,251.062,0.0002,ramp up,slow1
5.515,3755730.0,2069850.0,2012550.0,1211090.0,6.37401e-07,6.27993e-07,0.00077357,0.000772312,0.000773254,0.000773288,0.000773803,253.562,0.0002,ramp up,slow1
5.52,3764890.0,2073040.0,2015540.0,1211240.0,6.3816e-07,6.2876e-07,0.000774935,0.000773676,0.000774623,0.000774658,0.000775175,259.751,0.0002,ramp up,slow1
5.525,3869830.0,2109580.0,2049760.0,1212910.0,6.46774e-07,6.37468e-07,0.000790382,0.000789105,0.000790107,0.000790143,0.00079069,262.491,0.0002,ramp up,slow1
5.53,3912380.0,2124400.0,2063630.0,1213580.0,6.50243e-07,6.40974e-07,0.000796583,0.000795299,0.000796324,0.000796361,0.00079692,265.345,0.0002,ramp up,slow1
5.535,3961210.0,2141390.0,2079540.0,1214340.0,6.54187e-07,6.44958e-07,0.000803601,0.00080231,0.000803361,0.000803399,0.000803972,267.845,0.0002,ramp up,slow1
5.54,4008130.0,2157710.0,2094820.0,1215060.0,6.57969e-07,6.4878e-07,0.000810328,0.00080903,0.000810105,0.000810144,0.000810731,269.349,0.0002,ramp up,slow1
5.545,4034010.0,2166710.0,2103250.0,1215450.0,6.60037e-07,6.50869e-07,0.00081399,0.000812688,0.000813777,0.000813816,0.000814411,274.76,0.0002,ramp up,slow1
5.55,4077040.0,2181670.0,2117250.0,1216100.0,6.63474e-07,6.54341e-07,0.00082008,0.000818771,0.000819884,0.000819924,0.000820531,281.562,0.0002,ramp up,slow1
5.555,4195080.0,2222690.0,2155650.0,1217840.0,6.72758e-07,6.63716e-07,0.000836416,0.000835088,0.000836266,0.000836309,0.000836952,284.062,0.0002,ramp up,slow1
5.56,4289080.0,2255350.0,2186230.0,1219220.0,6.80136e-07,6.71166e-07,0.000849391,0.000848048,0.000849279,0.000849323,0.000849994,281.294,0.0002,ramp up,slow1
5.565,4240820.0,2238590.0,2170540.0,1218520.0,6.76374e-07,6.67368e-07,0.000842794,0.000841459,0.000842663,0.000842706,0.000843363,284.051,0.0002,ramp up,slow1
5.57,4284390.0,2253730.0,2184700.0,1219160.0,6.79773e-07,6.70799e-07,0.000848754,0.000847412,0.00084864,0.000848684,0.000849354,286.932,0.0002,ramp up,slow1
5.575,4334830.0,2271240.0,2201100.0,1219880.0,6.83671e-07,6.74734e-07,0.000855566,0.000854216,0.000855473,0.000855518,0.000856203,289.432,0.0002,ramp up,slow1
5.58,4383160.0,2288020.0,2216800.0,1220560.0,6.874e-07,6.78498e-07,0.000862077,0.000860721,0.000862004,0.00086205,0.000862751,290.208,0.0002,ramp up,slow1
5.585,4396840.0,2292760.0,2221250.0,1220760.0,6.88445e-07,6.79552e-07,0.000863894,0.000862535,0.000863826,0.000863873,0.000864577,291.782,0.0002,ramp up,slow1
5.59,4440800.0,2308020.0,2235530.0,1221370.0,6.91814e-07,6.82952e-07,0.000869761,0.000868395,0.000869712,0.000869759,0.000870477,292.913,0.0002,ramp up,slow1
5.595,4460750.0,2314940.0,2242010.0,1221650.0,6.93333e-07,6.84485e-07,0.000872401,0.000871032,0.00087236,0.000872408,0.000873132,295.413,0.0002,ramp up,slow1
5.6,4488520.0,2324580.0,2251030.0,1222040.0,6.95446e-07,6.86617e-07,0.00087607,0.000874697,0.000876041,0.00087609,0.000876823,301.091,0.0002,ramp up,slow1
5.605,4589160.0,2359490.0,2283700.0,1223410.0,7.0304e-07,6.94278e-07,0.000889217,0.000887829,0.000889232,0.000889282,0.000890047,303.735,0.0002,ramp up,slow1
5.61,4633580.0,2374890.0,2298110.0,1224020.0,7.06374e-07,6.97641e-07,0.000894977,0.000893582,0.000895012,0.000895063,0.000895842,306.447,0.0002,ramp up,slow1
5.615,4681960.0,2391660.0,2313810.0,1224660.0,7.09976e-07,7.01274e-07,0.000901181,0.000899779,0.000901237,0.000901289,0.000902084,308.947,0.0002,ramp up,slow1
5.62,4729150.0,2408020.0,2329120.0,1225290.0,7.13483e-07,7.04811e-07,0.000907219,0.000905811,0.000907297,0.00090735,0.00090816,310.389,0.0002,ramp up,slow1
5.625,4754990.0,2416980.0,2337500.0,1225630.0,7.15388e-07,7.06732e-07,0.00091049,0.000909077,0.000910579,0.000910633,0.000911451,315.171,0.0002,ramp up,slow1
5.63,4799790.0,2432500.0,2352030.0,1226220.0,7.18692e-07,7.10064e-07,0.000916163,0.000914744,0.000916272,0.000916327,0.00091716,321.043,0.0002,ramp up,slow1
5.635,4905620.0,2469150.0,2386330.0,1227580.0,7.26401e-07,7.17834e-07,0.000929339,0.000927905,0.000929498,0.000929555,0.000930422,323.543,0.0002,ramp up,slow1
5.64,4991870.0,2499030.0,2414280.0,1228690.0,7.32672e-07,7.24156e-07,0.000940054,0.000938607,0.000940253,0.000940312,0.000941208,323.194,0.0002,ramp up,slow1
5.645,4985590.0,2496850.0,2412250.0,1228610.0,7.32215e-07,7.23695e-07,0.000939271,0.000937825,0.000939468,0.000939527,0.00094042,325.218,0.0002,ramp up,slow1
5.65,5030870.0,2512530.0,2426920.0,1229180.0,7.35478e-07,7.26984e-07,0.00094483,0.000943378,0.000945048,0.000945108,0.000946017,327.014,0.0002,ramp up,slow1
5.655,5063490.0,2523820.0,2437480.0,1229590.0,7.37815e-07,7.29339e-07,0.000948802,0.000947345,0.000949036,0.000949097,0.000950016,329.514,0.0002,ramp up,slow1
5.66,5100270.0,2536550.0,2449390.0,1230050.0,7.40446e-07,7.3199e-07,0.000953272,0.00095181,0.000953524,0.000953585,0.000954517,327.648,0.0002,ramp up,slow1
5.665,5066370.0,2524810.0,2438410.0,1229620.0,7.38018e-07,7.29544e-07,0.000949147,0.000947689,0.000949382,0.000949443,0.000950363,331.126,0.0002,ramp up,slow1
5.67,5111800.0,2540540.0,2453130.0,1230190.0,7.41268e-07,7.32819e-07,0.000954668,0.000953204,0.000954925,0.000954987,0.000955922,335.071,0.0002,ramp up,slow1
5.675,5183800.0,2565450.0,2476440.0,1231070.0,7.4637e-07,7.37959e-07,0.000963309,0.000961835,0.000963602,0.000963665,0.000964625,337.571,0.0002,ramp up,slow1
5.68,5247320.0,2587430.0,2497000.0,1231850.0,7.50864e-07,7.42487e-07,0.000970917,0.000969434,0.000971241,0.000971306,0.000972287,336.556,0.0002,ramp up,slow1
5.685,5228780.0,2581020.0,2491000.0,1231620.0,7.49553e-07,7.41166e-07,0.000968699,0.000967219,0.000969014,0.000969078,0.000970054,339.972,0.0002,ramp up,slow1
5.69,5274530.0,2596840.0,2505810.0,1232180.0,7.52775e-07,7.44412e-07,0.000974146,0.000972659,0.000974484,0.000974549,0.00097554,343.826,0.0002,ramp up,slow1
5.695,5345330.0,2621330.0,2528720.0,1233030.0,7.57717e-07,7.4939e-07,0.000982476,0.00098098,0.00098285,0.000982917,0.000983932,346.326,0.0002,ramp up,slow1
5.7,5408130.0,2643050.0,2549040.0,1233780.0,7.62094e-07,7.53799e-07,0.000989851,0.000988346,0.000990257,0.000990326,0.000991363,352.53,0.0002,ramp up,slow1
5.705,5522750.0,2682670.0,2586110.0,1235120.0,7.69995e-07,7.61755e-07,0.00100312,0.0010016,0.00100358,0.00100366,0.00100473,352.93,0.0002,ramp up,slow1
5.71,5569030.0,2698660.0,2601070.0,1235660.0,7.73169e-07,7.64951e-07,0.00100844,0.00100691,0.00100893,0.001009,0.0010101,352.327,0.0002,ramp up,slow1
5.715,5557850.0,2694800.0,2597460.0,1235530.0,7.72404e-07,7.64181e-07,0.00100716,0.00100563,0.00100764,0.00100771,0.0010088,354.827,0.0002,ramp up,slow1
5.72,5565260.0,2697360.0,2599860.0,1235620.0,7.72911e-07,7.64691e-07,0.00100801,0.00100648,0.0010085,0.00100857,0.00100966,355.074,0.0002,ramp up,slow1
5.725,5569870.0,2698950.0,2601340.0,1235670.0,7.73221e-07,7.65004e-07,0.00100853,0.001007,0.00100902,0.00100909,0.00101018,359.989,0.0002,ramp up,slow1
5.73,5616230.0,2714970.0,2616330.0,1236200.0,7.76388e-07,7.68192e-07,0.00101383,0.0010123,0.00101434,0.00101442,0.00101553,366.057,0.0002,ramp up,slow1
5.735,5729310.0,2754040.0,2652880.0,1237480.0,7.84022e-07,7.75876e-07,0.00102657,0.00102502,0.00102715,0.00102722,0.00102837,368.557,0.0002,ramp up,slow1
5.74,5820950.0,2785700.0,2682500.0,1238520.0,7.90199e-07,7.82095e-07,0.00103687,0.00103531,0.0010375,0.00103758,0.00103876,367.096,0.0002,ramp up,slow1
5.745,5793670.0,2776270.0,2673680.0,1238210.0,7.88368e-07,7.80252e-07,0.00103382,0.00103227,0.00103444,0.00103451,0.00103569,371.299,0.0002,ramp up,slow1
5.75,5840410.0,2792420.0,2688780.0,1238740.0,7.91499e-07,7.83403e-07,0.00103904,0.00103747,0.00103967,0.00103975,0.00104094,376.316,0.0002,ramp up,slow1
5.755,5934580.0,2824930.0,2719200.0,1239770.0,7.97746e-07,7.8969e-07,0.00104941,0.00104784,0.0010501,0.00105018,0.00105141,378.816,0.0002,ramp up,slow1
5.76,6013520.0,2852190.0,2744700.0,1240640.0,8.02975e-07,7.94952e-07,0.00105809,0.00105651,0.00105883,0.00105891,0.00106016,376.181,0.0002,ramp up,slow1
5.765,5963970.0,2835080.0,2728690.0,1240100.0,7.99703e-07,7.9166e-07,0.00105267,0.00105109,0.00105337,0.00105345,0.00105469,380.311,0.0002,ramp up,slow1
5.77,6010980.0,2851310.0,2743870.0,1240610.0,8.02808e-07,7.94784e-07,0.00105782,0.00105623,0.00105855,0.00105863,0.00105988,385.218,0.0002,ramp up,slow1
5.775,6103610.0,2883280.0,2773780.0,1241610.0,8.08869e-07,8.00882e-07,0.00106784,0.00106624,0.00106863,0.00106871,0.00107,387.718,0.0002,ramp up,slow1
5.78,6181590.0,2910190.0,2798960.0,1242440.0,8.13964e-07,8.06008e-07,0.00107627,0.00107466,0.0010771,0.00107718,0.0010785,389.849,0.0002,ramp up,slow1
5.785,6221980.0,2924130.0,2811990.0,1242870.0,8.16579e-07,8.08638e-07,0.00108058,0.00107897,0.00108143,0.00108152,0.00108285,391.705,0.0002,ramp up,slow1
5.79,6269380.0,2940480.0,2827290.0,1243370.0,8.19645e-07,8.11723e-07,0.00108564,0.00108402,0.00108652,0.00108661,0.00108796,393.254,0.0002,ramp up,slow1
5.795,6298800.0,2950630.0,2836780.0,1243680.0,8.21539e-07,8.13628e-07,0.00108876,0.00108714,0.00108966,0.00108975,0.00109111,395.754,0.0002,ramp up,slow1
5.8,6334080.0,2962800.0,2848170.0,1244050.0,8.23808e-07,8.1591e-07,0.00109249,0.00109087,0.00109341,0.0010935,0.00109488,400.253,0.0002,ramp up,slow1
5.805,6419790.0,2992370.0,2875820.0,1244940.0,8.29286e-07,8.2142e-07,0.0011015,0.00109986,0.00110247,0.00110256,0.00110397,401.441,0.0002,ramp up,slow1
5.81,6467470.0,3008810.0,2891200.0,1245430.0,8.32324e-07,8.24475e-07,0.00110649,0.00110485,0.00110749,0.00110758,0.00110901,402.003,0.0002,ramp up,slow1
5.815,6478200.0,3012510.0,2894660.0,1245540.0,8.33005e-07,8.2516e-07,0.00110761,0.00110596,0.00110861,0.00110871,0.00111014,404.503,0.0002,ramp up,slow1
5.82,6500900.0,3020340.0,2901980.0,1245770.0,8.34445e-07,8.26608e-07,0.00110997,0.00110832,0.00111099,0.00111108,0.00111252,411.252,0.0002,ramp up,slow1
5.825,6630160.0,3064910.0,2943660.0,1247080.0,8.42592e-07,8.348e-07,0.00112332,0.00112166,0.00112442,0.00112451,0.001126,413.246,0.0002,ramp up,slow1
5.83,6678130.0,3081450.0,2959130.0,1247560.0,8.45601e-07,8.37825e-07,0.00112824,0.00112657,0.00112937,0.00112947,0.00113097,414.999,0.0002,ramp up,slow1
5.835,6700230.0,3089070.0,2966260.0,1247780.0,8.46982e-07,1.46803e-06,0.00113112,0.00112883,0.00113164,0.00113174,0.00113325,417.499,0.0002,ramp up,slow1
5.84,6701220.0,3089410.0,2966580.0,1247790.0,8.47043e-07,1.73856e-05,0.00114703,0.00112893,0.00113174,0.00113184,0.00113335,421.076,0.0002,ramp up,slow1
5.845,6701890.0,3089640.0,2966790.0,1247800.0,8.47085e-07,4.04131e-05,0.00116997,0.001129,0.00113181,0.00113191,0.00113342,422.466,0.0002,ramp up,slow1
5.85,6702310.0,3089780.0,2966930.0,1247810.0,8.47112e-07,5.65207e-05,0.00118601,0.00112904,0.00113185,0.00113195,0.00113347,423.358,0.0002,ramp up,slow1
5.855,6702460.0,3089830.0,2966980.0,1247810.0,8.47121e-07,6.22645e-05,0.00119173,0.00112905,0.00113187,0.00113197,0.00113348,425.858,0.0002,ramp up,slow1
5.86,6702700.0,3089920.0,2967050.0,1247810.0,8.47135e-07,7.12196e-05,0.00120064,0.00112908,0.00113189,0.00113199,0.00113351,429.747,0.0002,ramp up,slow1
5.865,6703350.0,3090140.0,2967260.0,1247820.0,8.47176e-07,9.62795e-05,0.0012256,0.00112915,0.00113196,0.00113206,0.00113357,432.207,0.0002,ramp up,slow1
5.87,6703770.0,3090280.0,2967400.0,1247820.0,8.47202e-07,0.000112388,0.00124164,0.00112919,0.001132,0.0011321,0.00113362,434.649,0.0002,ramp up,slow1
5.875,6704180.0,3090430.0,2967530.0,1247820.0,8.47228e-07,0.000128122,0.00125731,0.00112923,0.00113204,0.00113214,0.00113366,437.149,0.0002,ramp up,slow1
5.88,6704590.0,3090570.0,2967660.0,1247830.0,8.47254e-07,0.000143973,0.00127309,0.00112927,0.00113209,0.00113219,0.0011337,438.818,0.0002,ramp up,slow1
5.885,6704870.0,3090660.0,2967760.0,1247830.0,8.47271e-07,0.00015473,0.0012838,0.0011293,0.00113212,0.00113222,0.00113373,442.231,0.0002,ramp up,slow1
5.89,6705290.0,3090810.0,2967890.0,1247840.0,8.47297e-07,0.000170838,0.00129984,0.00112934,0.00113216,0.00113226,0.00113377,446.055,0.0002,ramp up,slow1
5.895,6705930.0,3091030.0,2968100.0,1247840.0,8.47337e-07,0.000195473,0.00132437,0.00112941,0.00113222,0.00113232,0.00113384,448.555,0.0002,ramp up,slow1
5.9,6706500.0,3091230.0,2968280.0,1247850.0,8.47373e-07,0.000217467,0.00134627,0.00112947,0.00113228,0.00113238,0.0011339,451.515,0.0002,ramp up,slow1
5.905,6707000.0,3091400.0,2968440.0,1247850.0,8.47404e-07,0.000236543,0.00136526,0.00112952,0.00113233,0.00113243,0.00113395,453.519,0.0002,ramp up,slow1
5.91,6707420.0,3091540.0,2968580.0,1247860.0,8.4743e-07,0.000252651,0.0013813,0.00112956,0.00113238,0.00113248,0.00113399,455.301,0.0002,ramp up,slow1
5.915,6707720.0,3091650.0,2968670.0,1247860.0,8.47449e-07,0.000264131,0.00139273,0.00112959,0.00113241,0.00113251,0.00113402,457.801,0.0002,ramp up,slow1
5.92,6708050.0,3091760.0,2968780.0,1247860.0,8.4747e-07,0.000277045,0.00140559,0.00112962,0.00113244,0.00113254,0.00113406,459.717,0.0002,ramp up,slow1
5.925,6708380.0,3091870.0,2968890.0,1247870.0,8.4749e-07,0.000289395,0.00141789,0.00112966,0.00113248,0.00113258,0.00113409,460.358,0.0002,ramp up,slow1
5.93,6708800.0,3092020.0,2969020.0,1247870.0,8.47516e-07,0.000305503,0.00143393,0.0011297,0.00113252,0.00113262,0.00113414,460.164,0.0002,ramp up,slow1
5.935,6708760.0,3092010.0,2969010.0,1247870.0,8.47514e-07,0.000304251,0.00143268,0.0011297,0.00113252,0.00113261,0.00113413,462.664,0.0002,ramp up,slow1
5.94,6708870.0,3092040.0,2969040.0,1247870.0,8.47521e-07,0.000308378,0.00143679,0.00112971,0.00113253,0.00113263,0.00113414,467.874,0.0002,ramp up,slow1
5.945,6709740.0,3092350.0,2969330.0,1247880.0,8.47575e-07,0.000341951,0.00147022,0.0011298,0.00113262,0.00113272,0.00113423,470.374,0.0002,ramp up,slow1
5.95,6710160.0,3092490.0,2969460.0,1247880.0,8.47601e-07,0.00035806,0.00148626,0.00112984,0.00113266,0.00113276,0.00113428,472.873,0.0002,ramp up,slow1
5.955,6710580.0,3092630.0,2969600.0,1247890.0,8.47628e-07,0.000374166,0.0015023,0.00112988,0.0011327,0.0011328,0.00113432,475.373,0.0002,ramp up,slow1
5.96,6711000.0,3092780.0,2969730.0,1247890.0,8.47654e-07,0.000390273,0.00151834,0.00112992,0.00113274,0.00113284,0.00113436,481.762,0.0002,ramp up,slow1
5.965,6712070.0,3093150.0,2970080.0,1247900.0,8.4772e-07,0.00043144,0.00155933,0.00113003,0.00113285,0.00113295,0.00113447,484.489,0.0002,ramp up,slow1
5.97,6712490.0,3093290.0,2970210.0,1247910.0,8.47747e-07,0.000447549,0.00157537,0.00113008,0.0011329,0.001133,0.00113452,487.317,0.0002,ramp up,slow1
5.975,6712960.0,3093460.0,2970370.0,1247910.0,8.47776e-07,0.000465772,0.00159351,0.00113012,0.00113295,0.00113305,0.00113456,489.817,0.0002,ramp up,slow1
5.98,6713420.0,3093610.0,2970510.0,1247920.0,8.47805e-07,0.000483339,0.001611,0.00113017,0.00113299,0.00113309,0.00113461,489.42,0.0002,ramp up,slow1
5.985,6713360.0,3093590.0,2970490.0,1247920.0,8.47801e-07,0.000480787,0.00160846,0.00113016,0.00113299,0.00113309,0.0011346,491.077,0.0002,ramp up,slow1
5.99,6713770.0,3093730.0,2970630.0,1247920.0,8.47827e-07,0.000496896,0.0016245,0.00113021,0.00113303,0.00113313,0.00113465,492.354,0.0002,ramp up,slow1
5.995,6713990.0,3093810.0,2970700.0,1247920.0,8.4784e-07,0.000505126,0.0016327,0.00113023,0.00113305,0.00113315,0.00113467,494.854,0.0002,ramp up,slow1
6.0,6714270.0,3093900.0,2970780.0,1247930.0,8.47857e-07,0.000515797,0.00164332,0.00113026,0.00113308,0.00113318,0.0011347,501.78,0.0002,ramp up,slow1
6.005,6715430.0,3094300.0,2971160.0,1247940.0,8.4793e-07,0.000560425,0.00168776,0.00113037,0.0011332,0.0011333,0.00113482,503.432,0.0002,ramp up,slow1
6.01,6715840.0,3094450.0,2971290.0,1247940.0,8.47956e-07,0.000576534,0.0017038,0.00113042,0.00113324,0.00113334,0.00113486,504.703,0.0002,ramp up,slow1
6.015,6716060.0,3094520.0,2971360.0,1247940.0,8.47969e-07,0.000584725,0.00171196,0.00113044,0.00113326,0.00113336,0.00113488,507.203,0.0002,ramp up,slow1
6.02,6716330.0,3094620.0,2971450.0,1247950.0,8.47986e-07,0.000595369,0.00172255,0.00113047,0.00113329,0.00113339,0.00113491,512.291,0.0002,ramp up,slow1
6.025,6717190.0,3094910.0,2971730.0,1247950.0,8.48039e-07,0.000628158,0.0017552,0.00113055,0.00113338,0.00113348,0.001135,514.125,0.0002,ramp up,slow1
6.03,6717610.0,3095060.0,2971860.0,1247960.0,8.48066e-07,0.000644267,0.00177124,0.0011306,0.00113342,0.00113352,0.00113504,515.659,0.0002,ramp up,slow1
6.035,6717860.0,3095140.0,2971940.0,1247960.0,8.48082e-07,0.000654151,0.00178108,0.00113062,0.00113345,0.00113355,0.00113507,518.159,0.0002,ramp up,slow1
6.04,6718170.0,3095250.0,2972040.0,1247960.0,8.48101e-07,0.000665963,0.00179285,0.00113065,0.00113348,0.00113358,0.0011351,515.678,0.0002,ramp up,slow1
6.045,6717750.0,3095110.0,2971910.0,1247960.0,8.48075e-07,0.000649981,0.00177693,0.00113061,0.00113344,0.00113354,0.00113506,519.318,0.0002,ramp up,slow1
6.05,6718170.0,3095250.0,2972040.0,1247960.0,8.48101e-07,0.00066609,0.00179297,0.00113065,0.00113348,0.00113358,0.0011351,523.469,0.0002,ramp up,slow1
6.055,6718870.0,3095490.0,2972270.0,1247970.0,8.48144e-07,0.000692839,0.00181961,0.00113072,0.00113355,0.00113365,0.00113517,525.969,0.0002,ramp up,slow1
6.06,6719480.0,3095700.0,2972470.0,1247980.0,8.48182e-07,0.000716291,0.00184296,0.00113079,0.00113361,0.00113371,0.00113523,530.449,0.0002,ramp up,slow1
6.065,6720230.0,3095960.0,2972710.0,1247990.0,8.48229e-07,0.000745159,0.0018717,0.00113086,0.00113369,0.00113379,0.00113531,532.885,0.0002,ramp up,slow1
6.07,6720650.0,3096100.0,2972840.0,1247990.0,8.48255e-07,0.000761269,0.00188774,0.00113091,0.00113373,0.00113383,0.00113535,535.293,0.0002,ramp up,slow1
6.075,6721050.0,3096240.0,2972970.0,1247990.0,8.4828e-07,0.000776782,0.00190319,0.00113095,0.00113377,0.00113387,0.0011354,537.793,0.0002,ramp up,slow1
6.08,6721460.0,3096380.0,2973100.0,1248000.0,8.48306e-07,0.00079248,0.00191882,0.00113099,0.00113382,0.00113392,0.00113544,538.491,0.0002,ramp up,slow1
6.085,6721570.0,3096420.0,2973140.0,1248000.0,8.48313e-07,0.000796981,0.0019233,0.001131,0.00113383,0.00113393,0.00113545,542.417,0.0002,ramp up,slow1
6.09,6721990.0,3096570.0,2973280.0,1248000.0,8.48339e-07,0.00081309,0.00193934,0.00113104,0.00113387,0.00113397,0.00113549,546.982,0.0002,ramp up,slow1
6.095,6722760.0,3096830.0,2973520.0,1248010.0,8.48387e-07,0.000842506,0.00196863,0.00113112,0.00113395,0.00113405,0.00113557,549.482,0.0002,ramp up,slow1
6.1,6723410.0,3097060.0,2973730.0,1248020.0,8.48428e-07,0.000867799,0.00199382,0.00113119,0.00113402,0.00113412,0.00113564,552.177,0.0002,ramp up,slow1
6.105,6723860.0,3097210.0,2973880.0,1248020.0,8.48456e-07,0.000885166,0.00201111,0.00113123,0.00113406,0.00113416,0.00113569,553.282,0.0002,ramp up,slow1
6.11,6724280.0,3097360.0,2974010.0,1248030.0,8.48482e-07,0.000901275,0.00202715,0.00113128,0.00113411,0.00113421,0.00113573,553.762,0.0002,ramp up,slow1
6.115,6724360.0,3097380.0,2974040.0,1248030.0,8.48487e-07,0.000904366,0.00203023,0.00113128,0.00113411,0.00113421,0.00113574,556.262,0.0002,ramp up,slow1
6.12,6724550.0,3097450.0,2974100.0,1248030.0,8.48498e-07,0.000911491,0.00203732,0.0011313,0.00113413,0.00113423,0.00113576,556.178,0.0002,ramp up,slow1
6.125,6724530.0,3097440.0,2974100.0,1248030.0,8.48497e-07,0.000910952,0.00203678,0.0011313,0.00113413,0.00113423,0.00113575,559.935,0.0002,ramp up,slow1
6.13,6724950.0,3097590.0,2974230.0,1248030.0,8.48523e-07,0.000927061,0.00205282,0.00113134,0.00113417,0.00113427,0.0011358,564.256,0.0002,ramp up,slow1
6.135,6725670.0,3097840.0,2974460.0,1248040.0,8.48569e-07,0.000954903,0.00208054,0.00113142,0.00113425,0.00113435,0.00113587,566.756,0.0002,ramp up,slow1
6.14,6726300.0,3098050.0,2974670.0,1248050.0,8.48608e-07,0.00097911,0.00210465,0.00113148,0.00113431,0.00113441,0.00113594,568.469,0.0002,ramp up,slow1
6.145,6726590.0,3098150.0,2974760.0,1248050.0,8.48626e-07,0.000990148,0.00211564,0.00113151,0.00113434,0.00113444,0.00113597,570.808,0.0002,ramp up,slow1
6.15,6727010.0,3098300.0,2974890.0,1248050.0,8.48652e-07,0.00100626,0.00213168,0.00113155,0.00113439,0.00113449,0.00113601,573.074,0.0002,ramp up,slow1
6.155,6727390.0,3098430.0,2975020.0,1248060.0,8.48675e-07,0.00102086,0.00214622,0.00113159,0.00113442,0.00113452,0.00113605,575.574,0.0002,ramp up,slow1
6.16,6727780.0,3098560.0,2975140.0,1248060.0,8.487e-07,0.00103593,0.00216122,0.00113163,0.00113446,0.00113456,0.00113609,579.973,0.0002,ramp up,slow1
6.165,6728510.0,3098820.0,2975380.0,1248070.0,8.48745e-07,0.00106428,0.00218945,0.00113171,0.00113454,0.00113464,0.00113616,582.366,0.0002,ramp up,slow1
6.17,6728930.0,3098960.0,2975510.0,1248070.0,8.48771e-07,0.00108039,0.00220549,0.00113175,0.00113458,0.00113468,0.00113621,584.71,0.0002,ramp up,slow1
6.175,6729320.0,3099090.0,2975640.0,1248080.0,8.48796e-07,0.00109549,0.00222053,0.00113179,0.00113462,0.00113472,0.00113625,587.21,0.0002,ramp up,slow1
6.18,6729720.0,3099230.0,2975770.0,1248080.0,8.48821e-07,0.00111091,0.00223588,0.00113183,0.00113466,0.00113476,0.00113629,592.566,0.0002,ramp up,slow1
6.185,6730620.0,3099540.0,2976060.0,1248090.0,8.48877e-07,0.00114543,0.00227025,0.00113192,0.00113475,0.00113485,0.00113638,595.991,0.0002,ramp up,slow1
6.19,6731040.0,3099690.0,2976190.0,1248090.0,8.48903e-07,0.00116154,0.00228629,0.00113196,0.0011348,0.0011349,0.00113642,599.83,0.0002,ramp up,slow1
6.195,6731680.0,3099910.0,2976400.0,1248100.0,8.48943e-07,0.00118628,0.00231092,0.00113203,0.00113486,0.00113496,0.00113649,602.33,0.0002,running,slow1
6.2,6732250.0,3100100.0,2976580.0,1248110.0,8.48978e-07,0.00120835,0.00233289,0.00113209,0.00113492,0.00113502,0.00113655,596.49,0.0002,running,slow1
6.205,6731270.0,3099770.0,2976270.0,1248100.0,8.48917e-07,0.00117071,0.00229542,0.00113199,0.00113482,0.00113492,0.00113645,598.577,0.0002,running,slow1
6.21,6731690.0,3099910.0,2976400.0,1248100.0,8.48943e-07,0.00118682,0.00231146,0.00113203,0.00113486,0.00113496,0.00113649,600.478,0.0002,running,slow1
6.215,6732010.0,3100020.0,2976510.0,1248100.0,8.48963e-07,0.00119907,0.00232366,0.00113206,0.0011349,0.001135,0.00113652,602.978,0.0002,running,slow1
6.22,6732360.0,3100140.0,2976620.0,1248110.0,8.48985e-07,0.00121252,0.00233705,0.0011321,0.00113493,0.00113503,0.00113656,608.571,0.0002,running,slow1
6.225,6733290.0,3100460.0,2976920.0,1248120.0,8.49043e-07,0.00124856,0.00237293,0.00113219,0.00113503,0.00113513,0.00113666,610.447,0.0002,running,slow1
6.23,6733710.0,3100610.0,2977050.0,1248120.0,8.49069e-07,0.00126467,0.00238897,0.00113223,0.00113507,0.00113517,0.0011367,612.042,0.0002,running,slow1
6.235,6733980.0,3100700.0,2977140.0,1248120.0,8.49086e-07,0.00127495,0.00239921,0.00113226,0.0011351,0.0011352,0.00113673,614.542,0.0002,running,slow1
6.24,6734290.0,3100810.0,2977240.0,1248130.0,8.49105e-07,0.00128704,0.00241125,0.00113229,0.00113513,0.00113523,0.00113676,618.468,0.0002,running,slow1
6.245,6734950.0,3101030.0,2977450.0,1248130.0,8.49146e-07,0.00131234,0.00243644,0.00113236,0.0011352,0.0011353,0.00113683,621.239,0.0002,running,slow1
6.25,6735360.0,3101180.0,2977590.0,1248140.0,8.49172e-07,0.00132845,0.00245248,0.0011324,0.00113524,0.00113534,0.00113687,624.132,0.0002,running,slow1
6.255,6735860.0,3101350.0,2977750.0,1248140.0,8.49203e-07,0.00134778,0.00247172,0.00113245,0.00113529,0.00113539,0.00113692,626.632,0.0002,running,slow1
6.26,6736030.0,3101410.0,2977800.0,1248140.0,8.49214e-07,0.00135412,0.00247803,0.00113247,0.00113531,0.00113541,0.00113694,628.74,0.0002,running,slow1
6.265,6736240.0,3101480.0,2977870.0,1248150.0,8.49227e-07,0.00136242,0.0024863,0.00113249,0.00113533,0.00113543,0.00113696,628.03,0.0002,running,slow1
6.27,6736240.0,3101480.0,2977870.0,1248150.0,8.49227e-07,0.00136242,0.0024863,0.00113249,0.00113533,0.00113543,0.00113696,625.864,0.0002,running,slow1
6.275,6735880.0,3101360.0,2977750.0,1248140.0,8.49204e-07,0.00134846,0.00247241,0.00113245,0.00113529,0.00113539,0.00113692,625.864,0.0002,running,slow1
6.28,6735760.0,3101320.0,2977720.0,1248140.0,8.49197e-07,0.00134389,0.00246785,0.00113244,0.00113528,0.00113538,0.00113691,629.54,0.0002,running,slow1
6.285,6736380.0,3101530.0,2977910.0,1248150.0,8.49235e-07,0.00136757,0.00249143,0.0011325,0.00113534,0.00113544,0.00113697,629.266,0.0002,running,slow1
6.29,6736380.0,3101530.0,2977910.0,1248150.0,8.49235e-07,0.00136757,0.00249143,0.0011325,0.00113534,0.00113544,0.00113697,628.43,0.0002,running,slow1
6.295,6736240.0,3101480.0,2977870.0,1248150.0,8.49227e-07,0.00136218,0.00248607,0.00113249,0.00113533,0.00113543,0.00113696,628.43,0.0002,running,slow1
6.3,6736190.0,3101460.0,2977860.0,1248150.0,8.49224e-07,0.00136042,0.00248431,0.00113249,0.00113533,0.00113543,0.00113695,627.972,0.0002,running,slow1
6.305,6736120.0,3101440.0,2977830.0,1248150.0,8.49219e-07,0.00135747,0.00248137,0.00113248,0.00113532,0.00113542,0.00113695,626.696,0.0002,running,slow1
6.31,6736120.0,3101440.0,2977830.0,1248150.0,8.49219e-07,0.00135747,0.00248137,0.00113248,0.00113532,0.00113542,0.00113695,622.806,0.0002,running,slow1
6.315,6735470.0,3101210.0,2977620.0,1248140.0,8.49178e-07,0.0013324,0.00245641,0.00113241,0.00113525,0.00113535,0.00113688,622.806,0.0002,running,slow1
6.32,6735250.0,3101140.0,2977550.0,1248140.0,8.49165e-07,0.00132418,0.00244823,0.00113239,0.00113523,0.00113533,0.00113686,631.974,0.0002,running,slow1
6.325,6736780.0,3101670.0,2978050.0,1248150.0,8.49261e-07,0.00138325,0.00250705,0.00113255,0.00113539,0.00113549,0.00113701,631.326,0.0002,running,slow1
6.33,6736780.0,3101670.0,2978050.0,1248150.0,8.49261e-07,0.00138325,0.00250705,0.00113255,0.00113539,0.00113549,0.00113701,629.352,0.0002,running,slow1
6.335,6736450.0,3101550.0,2977940.0,1248150.0,8.4924e-07,0.00137053,0.00249438,0.00113251,0.00113535,0.00113545,0.00113698,629.352,0.0002,running,slow1
6.34,6736350.0,3101520.0,2977900.0,1248150.0,8.49233e-07,0.00136636,0.00249023,0.0011325,0.00113534,0.00113544,0.00113697,628.379,0.0002,running,slow1
6.345,6736180.0,3101460.0,2977850.0,1248150.0,8.49223e-07,0.00136009,0.00248398,0.00113249,0.00113532,0.00113542,0.00113695,628.242,0.0002,running,slow1
6.35,6736180.0,3101460.0,2977850.0,1248150.0,8.49223e-07,0.00136009,0.00248398,0.00113249,0.00113532,0.00113542,0.00113695,627.822,0.0002,running,slow1
6.355,6736110.0,3101440.0,2977830.0,1248150.0,8.49219e-07,0.00135739,0.00248129,0.00113248,0.00113532,0.00113542,0.00113694,627.822,0.0002,running,slow1
6.36,6736090.0,3101430.0,2977820.0,1248150.0,8.49217e-07,0.0013565,0.00248041,0.00113248,0.00113531,0.00113542,0.00113694,630.476,0.0002,running,slow1
6.365,6736530.0,3101580.0,2977970.0,1248150.0,8.49245e-07,0.0013736,0.00249744,0.00113252,0.00113536,0.00113546,0.00113699,628.876,0.0002,running,slow1
6.37,6736530.0,3101580.0,2977970.0,1248150.0,8.49245e-07,0.0013736,0.00249744,0.00113252,0.00113536,0.00113546,0.00113699,623.995,0.0002,running,slow1
6.375,6735720.0,3101300.0,2977700.0,1248140.0,8.49194e-07,0.00134216,0.00246613,0.00113244,0.00113528,0.00113538,0.0011369,623.995,0.0002,running,slow1
6.38,6735450.0,3101210.0,2977620.0,1248140.0,8.49178e-07,0.00133184,0.00245586,0.00113241,0.00113525,0.00113535,0.00113688,628.047,0.0002,running,slow1
6.385,6736130.0,3101440.0,2977830.0,1248150.0,8.4922e-07,0.00135795,0.00248185,0.00113248,0.00113532,0.00113542,0.00113695,629.119,0.0002,running,slow1
6.39,6736130.0,3101440.0,2977830.0,1248150.0,8.4922e-07,0.00135795,0.00248185,0.00113248,0.00113532,0.00113542,0.00113695,632.388,0.0002,running,slow1
6.395,6736670.0,3101630.0,2978010.0,1248150.0,8.49254e-07,0.00137901,0.00250283,0.00113253,0.00113537,0.00113547,0.001137,632.388,0.0002,running,slow1
6.4,6736850.0,3101690.0,2978070.0,1248150.0,8.49265e-07,0.00138592,0.00250971,0.00113255,0.00113539,0.00113549,0.00113702,626.326,0.0002,running,slow1
6.405,6735840.0,3101340.0,2977740.0,1248140.0,8.49202e-07,0.00134686,0.00247081,0.00113245,0.00113529,0.00113539,0.00113692,627.628,0.0002,running,slow1
6.41,6735840.0,3101340.0,2977740.0,1248140.0,8.49202e-07,0.00134686,0.00247081,0.00113245,0.00113529,0.00113539,0.00113692,631.598,0.0002,running,slow1
6.415,6736500.0,3101570.0,2977960.0,1248150.0,8.49243e-07,0.00137244,0.00249628,0.00113252,0.00113536,0.00113546,0.00113699,631.598,0.0002,running,slow1
6.42,6736720.0,3101650.0,2978030.0,1248150.0,8.49257e-07,0.00138083,0.00250463,0.00113254,0.00113538,0.00113548,0.00113701,630.581,0.0002,running,slow1
6.425,6736550.0,3101590.0,2977970.0,1248150.0,8.49246e-07,0.00137428,0.00249811,0.00113252,0.00113536,0.00113546,0.00113699,630.166,0.0002,running,slow1
6.43,6736550.0,3101590.0,2977970.0,1248150.0,8.49246e-07,0.00137428,0.00249811,0.00113252,0.00113536,0.00113546,0.00113699,628.903,0.0002,running,slow1
6.435,6736340.0,3101520.0,2977900.0,1248150.0,8.49233e-07,0.00136614,0.00249,0.0011325,0.00113534,0.00113544,0.00113697,628.903,0.0002,running,slow1
6.44,6736270.0,3101490.0,2977880.0,1248150.0,8.49229e-07,0.00136347,0.00248735,0.00113249,0.00113533,0.00113543,0.00113696,627.957,0.0002,running,slow1
6.445,6736110.0,3101440.0,2977830.0,1248150.0,8.49219e-07,0.00135737,0.00248127,0.00113248,0.00113532,0.00113542,0.00113694,629.284,0.0002,running,slow1
6.45,6736110.0,3101440.0,2977830.0,1248150.0,8.49219e-07,0.00135737,0.00248127,0.00113248,0.00113532,0.00113542,0.00113694,633.329,0.0002,running,slow1
6.455,6736790.0,3101670.0,2978050.0,1248150.0,8.49261e-07,0.00138344,0.00250723,0.00113255,0.00113539,0.00113549,0.00113701,633.329,0.0002,running,slow1
6.46,6737010.0,3101750.0,2978120.0,1248160.0,8.49275e-07,0.00139199,0.00251574,0.00113257,0.00113541,0.00113551,0.00113704,628.929,0.0002,running,slow1
6.465,6736280.0,3101490.0,2977880.0,1248150.0,8.49229e-07,0.00136363,0.00248751,0.00113249,0.00113533,0.00113543,0.00113696,628.984,0.0002,running,slow1
6.47,6736280.0,3101490.0,2977880.0,1248150.0,8.49229e-07,0.00136363,0.00248751,0.00113249,0.00113533,0.00113543,0.00113696,629.151,0.0002,running,slow1
6.475,6736300.0,3101500.0,2977890.0,1248150.0,8.49231e-07,0.00136471,0.00248858,0.0011325,0.00113534,0.00113544,0.00113696,629.151,0.0002,running,slow1
6.48,6736310.0,3101510.0,2977890.0,1248150.0,8.49231e-07,0.00136507,0.00248894,0.0011325,0.00113534,0.00113544,0.00113697,632.012,0.0002,running,slow1
6.485,6736790.0,3101670.0,2978050.0,1248150.0,8.49261e-07,0.0013835,0.00250729,0.00113255,0.00113539,0.00113549,0.00113701,631.624,0.0002,running,slow1
6.49,6736790.0,3101670.0,2978050.0,1248150.0,8.49261e-07,0.0013835,0.00250729,0.00113255,0.00113539,0.00113549,0.00113701,630.438,0.0002,running,slow1
6.495,6736590.0,3101600.0,2977990.0,1248150.0,8.49249e-07,0.00137586,0.00249969,0.00113253,0.00113537,0.00113547,0.00113699,630.438,0.0002,running,slow1
6.5,6736530.0,3101580.0,2977960.0,1248150.0,8.49245e-07,0.00137336,0.00249719,0.00113252,0.00113536,0.00113546,0.00113699,627.834,0.0002,running,slow1
6.505,6736090.0,3101430.0,2977820.0,1248150.0,8.49218e-07,0.00135658,0.00248049,0.00113248,0.00113531,0.00113542,0.00113694,628.238,0.0002,running,slow1
6.51,6736090.0,3101430.0,2977820.0,1248150.0,8.49218e-07,0.00135658,0.00248049,0.00113248,0.00113531,0.00113542,0.00113694,629.471,0.0002,running,slow1
6.515,6736300.0,3101500.0,2977890.0,1248150.0,8.4923e-07,0.00136452,0.0024884,0.0011325,0.00113534,0.00113544,0.00113696,629.471,0.0002,running,slow1
6.52,6736370.0,3101520.0,2977910.0,1248150.0,8.49235e-07,0.00136713,0.00249099,0.0011325,0.00113534,0.00113544,0.00113697,629.396,0.0002,running,slow1
6.525,6736350.0,3101520.0,2977910.0,1248150.0,8.49234e-07,0.00136665,0.00249051,0.0011325,0.00113534,0.00113544,0.00113697,629.749,0.0002,running,slow1
6.53,6736350.0,3101520.0,2977910.0,1248150.0,8.49234e-07,0.00136665,0.00249051,0.0011325,0.00113534,0.00113544,0.00113697,630.822,0.0002,running,slow1
6.535,6736530.0,3101580.0,2977970.0,1248150.0,8.49245e-07,0.00137356,0.0024974,0.00113252,0.00113536,0.00113546,0.00113699,630.822,0.0002,running,slow1
6.54,6736590.0,3101600.0,2977990.0,1248150.0,8.49249e-07,0.00137583,0.00249966,0.00113253,0.00113537,0.00113547,0.00113699,629.372,0.0002,running,slow1
6.545,6736350.0,3101520.0,2977910.0,1248150.0,8.49234e-07,0.00136649,0.00249035,0.0011325,0.00113534,0.00113544,0.00113697,629.232,0.0002,running,slow1
6.55,6736350.0,3101520.0,2977910.0,1248150.0,8.49234e-07,0.00136649,0.00249035,0.0011325,0.00113534,0.00113544,0.00113697,628.807,0.0002,running,slow1
6.555,6736280.0,3101490.0,2977880.0,1248150.0,8.49229e-07,0.00136375,0.00248763,0.00113249,0.00113533,0.00113543,0.00113696,628.807,0.0002,running,slow1
6.56,6736250.0,3101490.0,2977880.0,1248150.0,8.49228e-07,0.00136285,0.00248673,0.00113249,0.00113533,0.00113543,0.00113696,629.466,0.0002,running,slow1
6.565,6736360.0,3101520.0,2977910.0,1248150.0,8.49234e-07,0.00136709,0.00249096,0.0011325,0.00113534,0.00113544,0.00113697,630.441,0.0002,running,slow1
6.57,6736360.0,3101520.0,2977910.0,1248150.0,8.49234e-07,0.00136709,0.00249096,0.0011325,0.00113534,0.00113544,0.00113697,633.414,0.0002,running,slow1
6.575,6736860.0,3101700.0,2978070.0,1248160.0,8.49265e-07,0.00138625,0.00251003,0.00113255,0.00113539,0.00113549,0.00113702,633.414,0.0002,running,slow1
6.58,6737020.0,3101750.0,2978120.0,1248160.0,8.49276e-07,0.00139253,0.00251628,0.00113257,0.00113541,0.00113551,0.00113704,627.935,0.0002,running,slow1
6.585,6736110.0,3101440.0,2977830.0,1248150.0,8.49219e-07,0.00135723,0.00248113,0.00113248,0.00113532,0.00113542,0.00113694,627.959,0.0002,running,slow1
6.59,6736110.0,3101440.0,2977830.0,1248150.0,8.49219e-07,0.00135723,0.00248113,0.00113248,0.00113532,0.00113542,0.00113694,628.031,0.0002,running,slow1
6.595,6736120.0,3101440.0,2977830.0,1248150.0,8.49219e-07,0.00135769,0.0024816,0.00113248,0.00113532,0.00113542,0.00113695,628.031,0.0002,running,slow1
6.6,6736130.0,3101440.0,2977840.0,1248150.0,8.4922e-07,0.00135785,0.00248175,0.00113248,0.00113532,0.00113542,0.00113695,627.324,0.0002,running,slow1
6.605,6736010.0,3101400.0,2977800.0,1248150.0,8.49212e-07,0.00135329,0.00247721,0.00113247,0.00113531,0.00113541,0.00113693,627.19,0.0002,running,slow1
6.61,6736010.0,3101400.0,2977800.0,1248150.0,8.49212e-07,0.00135329,0.00247721,0.00113247,0.00113531,0.00113541,0.00113693,626.783,0.0002,running,slow1
6.615,6735940.0,3101380.0,2977780.0,1248150.0,8.49208e-07,0.00135066,0.0024746,0.00113246,0.0011353,0.0011354,0.00113693,626.783,0.0002,running,slow1
6.62,6735920.0,3101370.0,2977770.0,1248150.0,8.49207e-07,0.0013498,0.00247374,0.00113246,0.0011353,0.0011354,0.00113692,627.029,0.0002,running,slow1
6.625,6735960.0,3101380.0,2977780.0,1248150.0,8.49209e-07,0.00135139,0.00247532,0.00113246,0.0011353,0.0011354,0.00113693,627.821,0.0002,running,slow1
6.63,6735960.0,3101380.0,2977780.0,1248150.0,8.49209e-07,0.00135139,0.00247532,0.00113246,0.0011353,0.0011354,0.00113693,630.235,0.0002,running,slow1
6.635,6736360.0,3101520.0,2977910.0,1248150.0,8.49234e-07,0.00136694,0.00249081,0.0011325,0.00113534,0.00113544,0.00113697,630.235,0.0002,running,slow1
6.64,6736490.0,3101570.0,2977950.0,1248150.0,8.49242e-07,0.00137205,0.00249589,0.00113252,0.00113536,0.00113546,0.00113698,629.721,0.0002,running,slow1
6.645,6736410.0,3101540.0,2977930.0,1248150.0,8.49237e-07,0.00136874,0.00249259,0.00113251,0.00113535,0.00113545,0.00113697,630.226,0.0002,running,slow1
6.65,6736410.0,3101540.0,2977930.0,1248150.0,8.49237e-07,0.00136874,0.00249259,0.00113251,0.00113535,0.00113545,0.00113697,631.766,0.0002,running,slow1
6.655,6736660.0,3101630.0,2978010.0,1248150.0,8.49253e-07,0.00137866,0.00250247,0.00113253,0.00113537,0.00113547,0.001137,631.766,0.0002,running,slow1
6.66,6736750.0,3101660.0,2978040.0,1248150.0,8.49258e-07,0.00138191,0.00250571,0.00113254,0.00113538,0.00113548,0.00113701,626.103,0.0002,running,slow1
6.665,6735800.0,3101330.0,2977730.0,1248150.0,8.492e-07,0.00134542,0.00246938,0.00113245,0.00113529,0.00113539,0.00113691,627.85,0.0002,running,slow1
6.67,6735800.0,3101330.0,2977730.0,1248150.0,8.492e-07,0.00134542,0.00246938,0.00113245,0.00113529,0.00113539,0.00113691,633.175,0.0002,running,slow1
6.675,6736690.0,3101640.0,2978020.0,1248150.0,8.49255e-07,0.00137974,0.00250355,0.00113254,0.00113538,0.00113548,0.001137,633.175,0.0002,running,slow1
6.68,6736980.0,3101740.0,2978110.0,1248160.0,8.49273e-07,0.001391,0.00251476,0.00113257,0.00113541,0.00113551,0.00113703,625.597,0.0002,running,slow1
6.685,6735720.0,3101300.0,2977700.0,1248140.0,8.49194e-07,0.00134216,0.00246613,0.00113244,0.00113528,0.00113538,0.0011369,625.534,0.0002,running,slow1
6.69,6735720.0,3101300.0,2977700.0,1248150.0,8.49194e-07,0.00134216,0.00246613,0.00113244,0.00113528,0.00113538,0.0011369,625.343,0.0002,running,slow1
6.695,6735690.0,3101290.0,2977690.0,1248140.0,8.49192e-07,0.00134093,0.00246491,0.00113243,0.00113527,0.00113537,0.0011369,625.343,0.0002,running,slow1
6.7,6735680.0,3101290.0,2977690.0,1248140.0,8.49192e-07,0.00134053,0.0024645,0.00113243,0.00113527,0.00113537,0.0011369,629.393,0.0002,running,slow1
6.705,6736350.0,3101520.0,2977910.0,1248150.0,8.49234e-07,0.00136663,0.00249049,0.0011325,0.00113534,0.00113544,0.00113697,629.302,0.0002,running,slow1
6.71,6736350.0,3101520.0,2977910.0,1248150.0,8.49234e-07,0.00136663,0.00249049,0.0011325,0.00113534,0.00113544,0.00113697,629.022,0.0002,running,slow1
6.715,6736310.0,3101510.0,2977890.0,1248150.0,8.49231e-07,0.00136482,0.0024887,0.0011325,0.00113534,0.00113544,0.00113696,629.022,0.0002,running,slow1
6.72,6736290.0,3101500.0,2977890.0,1248150.0,8.4923e-07,0.00136423,0.00248811,0.0011325,0.00113533,0.00113544,0.00113696,632.078,0.0002,running,slow1
6.725,6736800.0,3101680.0,2978050.0,1248160.0,8.49262e-07,0.00138392,0.00250771,0.00113255,0.00113539,0.00113549,0.00113702,631.118,0.0002,running,slow1
6.73,6736800.0,3101680.0,2978050.0,1248160.0,8.49262e-07,0.00138392,0.00250771,0.00113255,0.00113539,0.00113549,0.00113702,628.191,0.0002,running,slow1
6.735,6736310.0,3101510.0,2977900.0,1248150.0,8.49231e-07,0.00136507,0.00248894,0.0011325,0.00113534,0.00113544,0.00113697,628.191,0.0002,running,slow1
6.74,6736150.0,3101450.0,2977840.0,1248150.0,8.49221e-07,0.00135888,0.00248278,0.00113248,0.00113532,0.00113542,0.00113695,627.281,0.0002,running,slow1
6.745,6736000.0,3101400.0,2977800.0,1248150.0,8.49212e-07,0.00135301,0.00247694,0.00113247,0.00113531,0.00113541,0.00113693,626.73,0.0002,running,slow1
6.75,6736000.0,3101400.0,2977800.0,1248150.0,8.49212e-07,0.00135301,0.00247694,0.00113247,0.00113531,0.00113541,0.00113693,625.051,0.0002,running,slow1
6.755,6735720.0,3101300.0,2977710.0,1248150.0,8.49194e-07,0.0013422,0.00246617,0.00113244,0.00113528,0.00113538,0.0011369,625.051,0.0002,running,slow1
6.76,6735630.0,3101270.0,2977680.0,1248140.0,8.49189e-07,0.00133865,0.00246263,0.00113243,0.00113527,0.00113537,0.00113689,632.0,0.0002,running,slow1
6.765,6736790.0,3101670.0,2978050.0,1248160.0,8.49261e-07,0.00138342,0.00250722,0.00113255,0.00113539,0.00113549,0.00113701,631.242,0.0002,running,slow1
6.77,6736790.0,3101670.0,2978050.0,1248160.0,8.49261e-07,0.00138342,0.00250722,0.00113255,0.00113539,0.00113549,0.00113701,628.929,0.0002,running,slow1
6.775,6736400.0,3101540.0,2977930.0,1248150.0,8.49237e-07,0.00136852,0.00249238,0.00113251,0.00113535,0.00113545,0.00113697,628.929,0.0002,running,slow1
6.78,6736280.0,3101500.0,2977880.0,1248150.0,8.49229e-07,0.00136363,0.00248751,0.00113249,0.00113533,0.00113543,0.00113696,629.193,0.0002,running,slow1
6.785,6736320.0,3101510.0,2977900.0,1248150.0,8.49232e-07,0.00136534,0.00248921,0.0011325,0.00113534,0.00113544,0.00113697,628.835,0.0002,running,slow1
6.79,6736320.0,3101510.0,2977900.0,1248150.0,8.49232e-07,0.00136534,0.00248921,0.0011325,0.00113534,0.00113544,0.00113697,627.744,0.0002,running,slow1
6.795,6736140.0,3101450.0,2977840.0,1248150.0,8.4922e-07,0.00135831,0.00248221,0.00113248,0.00113532,0.00113542,0.00113695,627.744,0.0002,running,slow1
6.8,6736080.0,3101430.0,2977820.0,1248150.0,8.49217e-07,0.001356,0.00247991,0.00113247,0.00113531,0.00113541,0.00113694,631.443,0.0002,running,slow1
6.805,6736700.0,3101640.0,2978020.0,1248160.0,8.49255e-07,0.00137983,0.00250364,0.00113254,0.00113538,0.00113548,0.001137,629.987,0.0002,running,slow1
6.81,6736700.0,3101640.0,2978020.0,1248160.0,8.49255e-07,0.00137983,0.00250364,0.00113254,0.00113538,0.00113548,0.001137,625.547,0.0002,running,slow1
6.815,6735950.0,3101380.0,2977780.0,1248150.0,8.49209e-07,0.00135122,0.00247515,0.00113246,0.0011353,0.0011354,0.00113693,625.547,0.0002,running,slow1
6.82,6735710.0,3101300.0,2977700.0,1248150.0,8.49194e-07,0.00134184,0.00246581,0.00113244,0.00113528,0.00113538,0.0011369,629.81,0.0002,running,slow1
6.825,6736420.0,3101550.0,2977930.0,1248150.0,8.49238e-07,0.00136931,0.00249317,0.00113251,0.00113535,0.00113545,0.00113698,629.941,0.0002,running,slow1
6.83,6736420.0,3101550.0,2977930.0,1248150.0,8.49238e-07,0.00136931,0.00249317,0.00113251,0.00113535,0.00113545,0.00113698,630.34,0.0002,running,slow1
6.835,6736490.0,3101570.0,2977950.0,1248150.0,8.49242e-07,0.00137188,0.00249573,0.00113252,0.00113536,0.00113546,0.00113698,630.34,0.0002,running,slow1
6.84,6736510.0,3101580.0,2977960.0,1248150.0,8.49244e-07,0.00137273,0.00249657,0.00113252,0.00113536,0.00113546,0.00113699,627.308,0.0002,running,slow1
6.845,6736000.0,3101400.0,2977800.0,1248150.0,8.49212e-07,0.00135319,0.00247711,0.00113247,0.00113531,0.00113541,0.00113693,628.153,0.0002,running,slow1
6.85,6736000.0,3101400.0,2977800.0,1248150.0,8.49212e-07,0.00135319,0.00247711,0.00113247,0.00113531,0.00113541,0.00113693,630.729,0.0002,running,slow1
6.855,6736430.0,3101550.0,2977940.0,1248150.0,8.49239e-07,0.00136979,0.00249364,0.00113251,0.00113535,0.00113545,0.00113698,630.729,0.0002,running,slow1
6.86,6736580.0,3101600.0,2977980.0,1248160.0,8.49248e-07,0.00137523,0.00249906,0.00113252,0.00113536,0.00113546,0.00113699,629.095,0.0002,running,slow1
6.865,6736300.0,3101510.0,2977890.0,1248150.0,8.49231e-07,0.0013647,0.00248857,0.0011325,0.00113534,0.00113544,0.00113696,630.67,0.0002,running,slow1
6.87,6736300.0,3101510.0,2977890.0,1248150.0,8.49231e-07,0.0013647,0.00248857,0.0011325,0.00113534,0.00113544,0.00113696,635.474,0.0002,running,slow1
6.875,6737110.0,3101780.0,2978150.0,1248160.0,8.49281e-07,0.00139566,0.0025194,0.00113258,0.00113542,0.00113552,0.00113705,635.474,0.0002,running,slow1
6.88,6737370.0,3101870.0,2978240.0,1248160.0,8.49297e-07,0.00140581,0.0025295,0.0011326,0.00113545,0.00113555,0.00113707,631.738,0.0002,running,slow1
6.885,6736740.0,3101660.0,2978040.0,1248160.0,8.49258e-07,0.00138173,0.00250553,0.00113254,0.00113538,0.00113548,0.00113701,630.86,0.0002,running,slow1
6.89,6736740.0,3101660.0,2978040.0,1248160.0,8.49258e-07,0.00138173,0.00250553,0.00113254,0.00113538,0.00113548,0.00113701,628.185,0.0002,running,slow1
6.895,6736300.0,3101500.0,2977890.0,1248150.0,8.4923e-07,0.00136449,0.00248837,0.0011325,0.00113534,0.00113544,0.00113696,628.185,0.0002,running,slow1
6.9,6736150.0,3101450.0,2977850.0,1248150.0,8.49221e-07,0.00135884,0.00248274,0.00113248,0.00113532,0.00113542,0.00113695,627.979,0.0002,running,slow1
6.905,6736120.0,3101440.0,2977830.0,1248150.0,8.49219e-07,0.00135751,0.00248142,0.00113248,0.00113532,0.00113542,0.00113694,627.806,0.0002,running,slow1
6.91,6736120.0,3101440.0,2977830.0,1248150.0,8.49219e-07,0.00135751,0.00248142,0.00113248,0.00113532,0.00113542,0.00113694,627.277,0.0002,running,slow1
6.915,6736030.0,3101410.0,2977810.0,1248150.0,8.49214e-07,0.00135411,0.00247803,0.00113247,0.00113531,0.00113541,0.00113694,627.277,0.0002,running,slow1
6.92,6736000.0,3101400.0,2977800.0,1248150.0,8.49212e-07,0.00135299,0.00247691,0.00113247,0.0011353,0.00113541,0.00113693,626.934,0.0002,running,slow1
6.925,6735940.0,3101380.0,2977780.0,1248150.0,8.49208e-07,0.00135078,0.00247471,0.00113246,0.0011353,0.0011354,0.00113693,626.793,0.0002,running,slow1
6.93,6735940.0,3101380.0,2977780.0,1248150.0,8.49208e-07,0.00135078,0.00247471,0.00113246,0.0011353,0.0011354,0.00113693,626.365,0.0002,running,slow1
6.935,6735870.0,3101360.0,2977760.0,1248150.0,8.49204e-07,0.00134802,0.00247196,0.00113245,0.00113529,0.00113539,0.00113692,626.365,0.0002,running,slow1
6.94,6735850.0,3101350.0,2977750.0,1248150.0,8.49202e-07,0.00134711,0.00247106,0.00113245,0.00113529,0.00113539,0.00113692,627.125,0.0002,running,slow1
6.945,6735970.0,3101390.0,2977790.0,1248150.0,8.4921e-07,0.00135201,0.00247594,0.00113246,0.0011353,0.0011354,0.00113693,627.63,0.0002,running,slow1
6.95,6735970.0,3101390.0,2977790.0,1248150.0,8.4921e-07,0.00135201,0.00247594,0.00113246,0.0011353,0.0011354,0.00113693,629.171,0.0002,running,slow1
6.955,6736230.0,3101480.0,2977870.0,1248150.0,8.49226e-07,0.00136193,0.00248582,0.00113249,0.00113533,0.00113543,0.00113696,629.171,0.0002,running,slow1
6.96,6736320.0,3101510.0,2977900.0,1248150.0,8.49231e-07,0.00136519,0.00248906,0.0011325,0.00113534,0.00113544,0.00113697,627.168,0.0002,running,slow1
6.965,6735980.0,3101390.0,2977790.0,1248150.0,8.49211e-07,0.00135229,0.00247622,0.00113246,0.0011353,0.0011354,0.00113693,627.335,0.0002,running,slow1
6.97,6735980.0,3101390.0,2977790.0,1248150.0,8.49211e-07,0.00135229,0.00247622,0.00113246,0.0011353,0.0011354,0.00113693,627.841,0.0002,running,slow1
6.975,6736070.0,3101420.0,2977820.0,1248150.0,8.49216e-07,0.00135555,0.00247947,0.00113247,0.00113531,0.00113541,0.00113694,627.841,0.0002,running,slow1
6.98,6736090.0,3101430.0,2977830.0,1248150.0,8.49218e-07,0.00135662,0.00248053,0.00113248,0.00113531,0.00113541,0.00113694,629.79,0.0002,running,slow1
6.985,6736420.0,3101550.0,2977930.0,1248150.0,8.49238e-07,0.00136918,0.00249304,0.00113251,0.00113535,0.00113545,0.00113698,629.713,0.0002,running,slow1
6.99,6736420.0,3101550.0,2977930.0,1248150.0,8.49238e-07,0.00136918,0.00249304,0.00113251,0.00113535,0.00113545,0.00113698,629.479,0.0002,running,slow1
6.995,6736380.0,3101530.0,2977920.0,1248150.0,8.49235e-07,0.00136767,0.00249153,0.0011325,0.00113534,0.00113544,0.00113697,629.479,0.0002,running,slow1
7.0,6736370.0,3101530.0,2977920.0,1248150.0,8.49235e-07,0.00136718,0.00249104,0.0011325,0.00113534,0.00113544,0.00113697,624.494,0.0002,running,slow1
7.005,6735530.0,3101240.0,2977650.0,1248150.0,8.49183e-07,0.00133505,0.00245905,0.00113242,0.00113526,0.00113536,0.00113688,624.88,0.0002,running,slow1
7.01,6735530.0,3101240.0,2977650.0,1248150.0,8.49183e-07,0.00133505,0.00245905,0.00113242,0.00113526,0.00113536,0.00113688,626.057,0.0002,running,slow1
7.015,6735730.0,3101310.0,2977710.0,1248150.0,8.49195e-07,0.00134264,0.0024666,0.00113244,0.00113528,0.00113538,0.00113691,626.057,0.0002,running,slow1
7.02,6735800.0,3101330.0,2977730.0,1248150.0,8.49199e-07,0.00134512,0.00246908,0.00113245,0.00113528,0.00113538,0.00113691,632.461,0.0002,running,slow1
7.025,6736870.0,3101700.0,2978080.0,1248160.0,8.49266e-07,0.00138639,0.00251017,0.00113255,0.00113539,0.00113549,0.00113702,631.23,0.0002,running,slow1
7.03,6736870.0,3101700.0,2978080.0,1248160.0,8.49266e-07,0.00138639,0.00251017,0.00113255,0.00113539,0.00113549,0.00113702,627.479,0.0002,running,slow1
7.035,6736240.0,3101480.0,2977870.0,1248150.0,8.49227e-07,0.00136222,0.0024861,0.00113249,0.00113533,0.00113543,0.00113696,627.479,0.0002,running,slow1
7.04,6736030.0,3101410.0,2977810.0,1248150.0,8.49214e-07,0.00135429,0.00247821,0.00113247,0.00113531,0.00113541,0.00113694,629.573,0.0002,running,slow1
7.045,6736380.0,3101530.0,2977920.0,1248150.0,8.49236e-07,0.00136778,0.00249164,0.0011325,0.00113534,0.00113544,0.00113697,629.075,0.0002,running,slow1
7.05,6736380.0,3101530.0,2977920.0,1248150.0,8.49236e-07,0.00136778,0.00249164,0.0011325,0.00113534,0.00113544,0.00113697,627.556,0.0002,running,slow1
7.055,6736130.0,3101450.0,2977840.0,1248150.0,8.4922e-07,0.001358,0.0024819,0.00113248,0.00113532,0.00113542,0.00113695,627.556,0.0002,running,slow1
7.06,6736050.0,3101420.0,2977810.0,1248150.0,8.49215e-07,0.00135479,0.0024787,0.00113247,0.00113531,0.00113541,0.00113694,628.488,0.0002,running,slow1
7.065,6736200.0,3101470.0,2977860.0,1248150.0,8.49224e-07,0.00136079,0.00248468,0.00113249,0.00113533,0.00113543,0.00113695,627.748,0.0002,running,slow1
7.07,6736200.0,3101470.0,2977860.0,1248150.0,8.49224e-07,0.00136079,0.00248468,0.00113249,0.00113533,0.00113543,0.00113695,625.49,0.0002,running,slow1
7.075,6735820.0,3101340.0,2977740.0,1248150.0,8.49201e-07,0.00134625,0.0024702,0.00113245,0.00113529,0.00113539,0.00113691,625.49,0.0002,running,slow1
7.08,6735700.0,3101300.0,2977700.0,1248150.0,8.49193e-07,0.00134148,0.00246545,0.00113244,0.00113527,0.00113537,0.0011369,626.49,0.0002,running,slow1
7.085,6735870.0,3101360.0,2977760.0,1248150.0,8.49204e-07,0.00134792,0.00247186,0.00113245,0.00113529,0.00113539,0.00113692,626.458,0.0002,running,slow1
7.09,6735870.0,3101360.0,2977760.0,1248150.0,8.49204e-07,0.00134792,0.00247186,0.00113245,0.00113529,0.00113539,0.00113692,626.361,0.0002,running,slow1
7.095,6735850.0,3101350.0,2977750.0,1248150.0,8.49203e-07,0.00134729,0.00247124,0.00113245,0.00113529,0.00113539,0.00113692,626.361,0.0002,running,slow1
7.1,6735850.0,3101350.0,2977750.0,1248150.0,8.49202e-07,0.00134708,0.00247103,0.00113245,0.00113529,0.00113539,0.00113692,626.616,0.0002,running,slow1
7.105,6735890.0,3101360.0,2977760.0,1248150.0,8.49205e-07,0.00134873,0.00247267,0.00113245,0.00113529,0.00113539,0.00113692,628.003,0.0002,running,slow1
7.11,6735890.0,3101360.0,2977760.0,1248150.0,8.49205e-07,0.00134873,0.00247267,0.00113245,0.00113529,0.00113539,0.00113692,632.23,0.0002,running,slow1
7.115,6736600.0,3101610.0,2977990.0,1248160.0,8.49249e-07,0.00137597,0.0024998,0.00113253,0.00113537,0.00113547,0.00113699,632.23,0.0002,running,slow1
7.12,6736830.0,3101690.0,2978060.0,1248160.0,8.49263e-07,0.00138491,0.00250869,0.00113255,0.00113539,0.00113549,0.00113702,632.444,0.0002,running,slow1
7.125,6736860.0,3101700.0,2978080.0,1248160.0,8.49265e-07,0.00138629,0.00251006,0.00113255,0.00113539,0.00113549,0.00113702,630.945,0.0002,running,slow1
7.13,6736860.0,3101700.0,2978080.0,1248160.0,8.49265e-07,0.00138629,0.00251006,0.00113255,0.00113539,0.00113549,0.00113702,626.376,0.0002,running,slow1
7.135,6736100.0,3101440.0,2977830.0,1248150.0,8.49218e-07,0.00135684,0.00248075,0.00113248,0.00113531,0.00113542,0.00113694,626.376,0.0002,running,slow1
7.14,6735850.0,3101350.0,2977750.0,1248150.0,8.49202e-07,0.00134718,0.00247113,0.00113245,0.00113529,0.00113539,0.00113692,628.467,0.0002,running,slow1
7.145,6736200.0,3101470.0,2977860.0,1248150.0,8.49224e-07,0.00136066,0.00248455,0.00113249,0.00113533,0.00113543,0.00113695,629.192,0.0002,running,slow1
7.15,6736200.0,3101470.0,2977860.0,1248150.0,8.49224e-07,0.00136066,0.00248455,0.00113249,0.00113533,0.00113543,0.00113695,631.403,0.0002,running,slow1
7.155,6736570.0,3101600.0,2977980.0,1248160.0,8.49247e-07,0.0013749,0.00249873,0.00113252,0.00113536,0.00113546,0.00113699,631.403,0.0002,running,slow1
7.16,6736690.0,3101640.0,2978020.0,1248160.0,8.49255e-07,0.00137957,0.00250338,0.00113254,0.00113538,0.00113548,0.001137,628.812,0.0002,running,slow1
7.165,6736260.0,3101490.0,2977880.0,1248150.0,8.49228e-07,0.00136288,0.00248676,0.00113249,0.00113533,0.00113543,0.00113696,628.134,0.0002,running,slow1
7.17,6736260.0,3101490.0,2977880.0,1248150.0,8.49228e-07,0.00136288,0.00248676,0.00113249,0.00113533,0.00113543,0.00113696,626.068,0.0002,running,slow1
7.175,6735910.0,3101370.0,2977770.0,1248150.0,8.49206e-07,0.00134957,0.00247351,0.00113246,0.0011353,0.0011354,0.00113692,626.068,0.0002,running,slow1
7.18,6735800.0,3101330.0,2977730.0,1248150.0,8.49199e-07,0.0013452,0.00246916,0.00113245,0.00113528,0.00113538,0.00113691,627.762,0.0002,running,slow1
7.185,6736080.0,3101430.0,2977820.0,1248150.0,8.49217e-07,0.00135611,0.00248002,0.00113247,0.00113531,0.00113541,0.00113694,628.318,0.0002,running,slow1
7.19,6736080.0,3101430.0,2977820.0,1248150.0,8.49217e-07,0.00135611,0.00248002,0.00113247,0.00113531,0.00113541,0.00113694,630.012,0.0002,running,slow1
7.195,6736360.0,3101530.0,2977920.0,1248160.0,8.49234e-07,0.00136703,0.0024909,0.0011325,0.00113534,0.00113544,0.00113697,630.012,0.0002,running,slow1
7.2,6736460.0,3101560.0,2977950.0,1248160.0,8.4924e-07,0.00137062,0.00249446,0.00113251,0.00113535,0.00113545,0.00113698,628.388,0.0002,running,slow1
7.205,6736180.0,3101470.0,2977860.0,1248150.0,8.49223e-07,0.00136015,0.00248404,0.00113248,0.00113532,0.00113542,0.00113695,627.549,0.0002,running,slow1
7.21,6736180.0,3101470.0,2977860.0,1248150.0,8.49223e-07,0.00136015,0.00248404,0.00113248,0.00113532,0.00113542,0.00113695,624.989,0.0002,running,slow1
7.215,6735760.0,3101320.0,2977720.0,1248150.0,8.49197e-07,0.00134366,0.00246762,0.00113244,0.00113528,0.00113538,0.00113691,624.989,0.0002,running,slow1
7.22,6735620.0,3101270.0,2977680.0,1248150.0,8.49188e-07,0.00133825,0.00246223,0.00113243,0.00113527,0.00113537,0.00113689,625.778,0.0002,running,slow1
7.225,6735750.0,3101320.0,2977720.0,1248150.0,8.49196e-07,0.00134333,0.00246729,0.00113244,0.00113528,0.00113538,0.00113691,626.667,0.0002,running,slow1
7.23,6735750.0,3101320.0,2977720.0,1248150.0,8.49196e-07,0.00134333,0.00246729,0.00113244,0.00113528,0.00113538,0.00113691,629.377,0.0002,running,slow1
7.235,6736200.0,3101470.0,2977860.0,1248150.0,8.49224e-07,0.00136079,0.00248468,0.00113249,0.00113533,0.00113543,0.00113695,629.377,0.0002,running,slow1
7.24,6736350.0,3101520.0,2977910.0,1248160.0,8.49234e-07,0.00136652,0.00249039,0.0011325,0.00113534,0.00113544,0.00113697,626.926,0.0002,running,slow1
7.245,6735940.0,3101380.0,2977780.0,1248150.0,8.49208e-07,0.00135073,0.00247466,0.00113246,0.0011353,0.0011354,0.00113693,626.921,0.0002,running,slow1
7.25,6735940.0,3101380.0,2977780.0,1248150.0,8.49208e-07,0.00135073,0.00247466,0.00113246,0.0011353,0.0011354,0.00113693,626.905,0.0002,running,slow1
7.255,6735940.0,3101380.0,2977780.0,1248150.0,8.49208e-07,0.00135062,0.00247456,0.00113246,0.0011353,0.0011354,0.00113693,626.905,0.0002,running,slow1
7.26,6735940.0,3101380.0,2977780.0,1248150.0,8.49208e-07,0.00135059,0.00247452,0.00113246,0.0011353,0.0011354,0.00113693,625.022,0.0002,running,slow1
7.265,6735620.0,3101270.0,2977680.0,1248150.0,8.49188e-07,0.00133846,0.00246244,0.00113243,0.00113527,0.00113537,0.00113689,625.409,0.0002,running,slow1
7.27,6735620.0,3101270.0,2977680.0,1248150.0,8.49188e-07,0.00133846,0.00246244,0.00113243,0.00113527,0.00113537,0.00113689,626.591,0.0002,running,slow1
7.275,6735820.0,3101340.0,2977740.0,1248150.0,8.49201e-07,0.00134607,0.00247002,0.00113245,0.00113529,0.00113539,0.00113691,626.591,0.0002,running,slow1
7.28,6735880.0,3101360.0,2977760.0,1248150.0,8.49205e-07,0.00134857,0.00247251,0.00113245,0.00113529,0.00113539,0.00113692,626.66,0.0002,running,slow1
7.285,6735900.0,3101370.0,2977770.0,1248150.0,8.49205e-07,0.00134901,0.00247295,0.00113246,0.00113529,0.00113539,0.00113692,626.484,0.0002,running,slow1
7.29,6735900.0,3101370.0,2977770.0,1248150.0,8.49205e-07,0.00134901,0.00247295,0.00113246,0.00113529,0.00113539,0.00113692,625.946,0.0002,running,slow1
7.295,6735810.0,3101340.0,2977740.0,1248150.0,8.492e-07,0.00134555,0.0024695,0.00113245,0.00113528,0.00113539,0.00113691,625.946,0.0002,running,slow1
7.3,6735780.0,3101330.0,2977730.0,1248150.0,8.49198e-07,0.00134441,0.00246837,0.00113244,0.00113528,0.00113538,0.00113691,628.106,0.0002,running,slow1
7.305,6736140.0,3101450.0,2977840.0,1248150.0,8.4922e-07,0.00135833,0.00248223,0.00113248,0.00113532,0.00113542,0.00113695,628.317,0.0002,running,slow1
7.31,6736140.0,3101450.0,2977840.0,1248150.0,8.4922e-07,0.00135833,0.00248223,0.00113248,0.00113532,0.00113542,0.00113695,628.96,0.0002,running,slow1
7.315,6736250.0,3101490.0,2977880.0,1248160.0,8.49227e-07,0.00136247,0.00248636,0.00113249,0.00113533,0.00113543,0.00113696,628.96,0.0002,running,slow1
7.32,6736280.0,3101500.0,2977890.0,1248160.0,8.49229e-07,0.00136383,0.00248771,0.00113249,0.00113533,0.00113543,0.00113696,629.565,0.0002,running,slow1
7.325,6736380.0,3101530.0,2977920.0,1248160.0,8.49236e-07,0.00136773,0.00249159,0.0011325,0.00113534,0.00113544,0.00113697,629.657,0.0002,running,slow1
7.33,6736380.0,3101530.0,2977920.0,1248160.0,8.49236e-07,0.00136773,0.00249159,0.0011325,0.00113534,0.00113544,0.00113697,629.938,0.0002,running,slow1
7.335,6736430.0,3101550.0,2977940.0,1248160.0,8.49238e-07,0.00136954,0.00249339,0.00113251,0.00113535,0.00113545,0.00113698,629.938,0.0002,running,slow1
7.34,6736440.0,3101560.0,2977940.0,1248160.0,8.49239e-07,0.00137014,0.00249399,0.00113251,0.00113535,0.00113545,0.00113698,631.768,0.0002,running,slow1
7.345,6736750.0,3101660.0,2978040.0,1248160.0,8.49258e-07,0.00138193,0.00250572,0.00113254,0.00113538,0.00113548,0.00113701,630.528,0.0002,running,slow1
7.35,6736750.0,3101660.0,2978040.0,1248160.0,8.49258e-07,0.00138193,0.00250572,0.00113254,0.00113538,0.00113548,0.00113701,626.75,0.0002,running,slow1
7.355,6736120.0,3101440.0,2977840.0,1248150.0,8.49219e-07,0.00135758,0.00248148,0.00113248,0.00113532,0.00113542,0.00113694,626.75,0.0002,running,slow1
7.36,6735910.0,3101370.0,2977770.0,1248150.0,8.49206e-07,0.00134959,0.00247353,0.00113246,0.0011353,0.0011354,0.00113692,626.821,0.0002,running,slow1
7.365,6735920.0,3101380.0,2977770.0,1248150.0,8.49207e-07,0.00135005,0.00247399,0.00113246,0.0011353,0.0011354,0.00113692,628.285,0.0002,running,slow1
7.37,6735920.0,3101380.0,2977770.0,1248150.0,8.49207e-07,0.00135005,0.00247399,0.00113246,0.0011353,0.0011354,0.00113692,632.747,0.0002,running,slow1
7.375,6736670.0,3101630.0,2978020.0,1248160.0,8.49253e-07,0.00137881,0.00250262,0.00113253,0.00113537,0.00113547,0.001137,632.747,0.0002,running,slow1
7.38,6736910.0,3101720.0,2978090.0,1248160.0,8.49269e-07,0.00138824,0.00251201,0.00113256,0.0011354,0.0011355,0.00113703,625.699,0.0002,running,slow1
7.385,6735740.0,3101310.0,2977710.0,1248150.0,8.49195e-07,0.00134282,0.00246679,0.00113244,0.00113528,0.00113538,0.00113691,625.628,0.0002,running,slow1
7.39,6735740.0,3101310.0,2977710.0,1248150.0,8.49195e-07,0.00134282,0.00246679,0.00113244,0.00113528,0.00113538,0.00113691,625.411,0.0002,running,slow1
7.395,6735700.0,3101300.0,2977700.0,1248150.0,8.49193e-07,0.00134142,0.0024654,0.00113243,0.00113527,0.00113537,0.0011369,625.411,0.0002,running,slow1
7.4,6735690.0,3101300.0,2977700.0,1248150.0,8.49192e-07,0.00134097,0.00246494,0.00113243,0.00113527,0.00113537,0.0011369,629.866,0.0002,running,slow1
7.405,6736430.0,3101550.0,2977940.0,1248160.0,8.49239e-07,0.00136967,0.00249352,0.00113251,0.00113535,0.00113545,0.00113698,629.035,0.0002,running,slow1
7.41,6736430.0,3101550.0,2977940.0,1248160.0,8.49239e-07,0.00136967,0.00249352,0.00113251,0.00113535,0.00113545,0.00113698,626.502,0.0002,running,slow1
7.415,6736010.0,3101410.0,2977800.0,1248150.0,8.49212e-07,0.00135335,0.00247727,0.00113247,0.00113531,0.00113541,0.00113693,626.502,0.0002,running,slow1
7.42,6735870.0,3101360.0,2977760.0,1248150.0,8.49204e-07,0.001348,0.00247194,0.00113245,0.00113529,0.00113539,0.00113692,630.099,0.0002,running,slow1
7.425,6736470.0,3101570.0,2977950.0,1248160.0,8.49241e-07,0.00137117,0.00249502,0.00113251,0.00113535,0.00113545,0.00113698,629.892,0.0002,running,slow1
7.43,6736470.0,3101570.0,2977950.0,1248160.0,8.49241e-07,0.00137117,0.00249502,0.00113251,0.00113535,0.00113545,0.00113698,629.259,0.0002,running,slow1
7.435,6736370.0,3101530.0,2977920.0,1248160.0,8.49234e-07,0.0013671,0.00249096,0.0011325,0.00113534,0.00113544,0.00113697,629.259,0.0002,running,slow1
7.44,6736330.0,3101520.0,2977910.0,1248160.0,8.49232e-07,0.00136576,0.00248963,0.0011325,0.00113534,0.00113544,0.00113697,629.151,0.0002,running,slow1
7.445,6736310.0,3101510.0,2977900.0,1248160.0,8.49231e-07,0.00136507,0.00248894,0.0011325,0.00113534,0.00113544,0.00113696,629.048,0.0002,running,slow1
7.45,6736310.0,3101510.0,2977900.0,1248160.0,8.49231e-07,0.00136507,0.00248894,0.0011325,0.00113534,0.00113544,0.00113696,628.733,0.0002,running,slow1
7.455,6736260.0,3101490.0,2977880.0,1248160.0,8.49228e-07,0.00136304,0.00248692,0.00113249,0.00113533,0.00113543,0.00113696,628.733,0.0002,running,slow1
7.46,6736240.0,3101490.0,2977880.0,1248160.0,8.49227e-07,0.00136237,0.00248626,0.00113249,0.00113533,0.00113543,0.00113696,627.986,0.0002,running,slow1
7.465,6736120.0,3101440.0,2977840.0,1248160.0,8.49219e-07,0.00135756,0.00248146,0.00113248,0.00113532,0.00113542,0.00113694,628.537,0.0002,running,slow1
7.47,6736120.0,3101440.0,2977840.0,1248160.0,8.49219e-07,0.00135756,0.00248146,0.00113248,0.00113532,0.00113542,0.00113694,630.215,0.0002,running,slow1
7.475,6736400.0,3101540.0,2977930.0,1248160.0,8.49237e-07,0.00136838,0.00249223,0.00113251,0.00113535,0.00113545,0.00113697,630.215,0.0002,running,slow1
7.48,6736490.0,3101570.0,2977960.0,1248160.0,8.49242e-07,0.00137192,0.00249576,0.00113252,0.00113535,0.00113546,0.00113698,631.109,0.0002,running,slow1
7.485,6736640.0,3101620.0,2978010.0,1248160.0,8.49252e-07,0.00137768,0.0025015,0.00113253,0.00113537,0.00113547,0.001137,630.724,0.0002,running,slow1
7.49,6736640.0,3101620.0,2978010.0,1248160.0,8.49252e-07,0.00137768,0.0025015,0.00113253,0.00113537,0.00113547,0.001137,629.552,0.0002,running,slow1
7.495,6736440.0,3101560.0,2977940.0,1248160.0,8.49239e-07,0.00137013,0.00249398,0.00113251,0.00113535,0.00113545,0.00113698,629.552,0.0002,running,slow1
7.5,6736380.0,3101540.0,2977920.0,1248160.0,8.49235e-07,0.00136765,0.00249151,0.0011325,0.00113534,0.00113544,0.00113697,628.675,0.0002,running,slow1
7.505,6736230.0,3101480.0,2977880.0,1248160.0,8.49226e-07,0.001362,0.00248588,0.00113249,0.00113533,0.00113543,0.00113696,628.853,0.0002,running,slow1
7.51,6736230.0,3101480.0,2977880.0,1248160.0,8.49226e-07,0.001362,0.00248588,0.00113249,0.00113533,0.00113543,0.00113696,629.395,0.0002,running,slow1
7.515,6736320.0,3101520.0,2977900.0,1248160.0,8.49232e-07,0.00136549,0.00248936,0.0011325,0.00113534,0.00113544,0.00113697,629.395,0.0002,running,slow1
7.52,6736350.0,3101530.0,2977910.0,1248160.0,8.49234e-07,0.00136664,0.0024905,0.0011325,0.00113534,0.00113544,0.00113697,626.733,0.0002,running,slow1
7.525,6735910.0,3101370.0,2977770.0,1248150.0,8.49206e-07,0.00134948,0.00247342,0.00113246,0.0011353,0.0011354,0.00113692,626.952,0.0002,running,slow1
7.53,6735910.0,3101370.0,2977770.0,1248150.0,8.49206e-07,0.00134948,0.00247342,0.00113246,0.0011353,0.0011354,0.00113692,627.62,0.0002,running,slow1
7.535,6736020.0,3101410.0,2977810.0,1248160.0,8.49213e-07,0.00135379,0.00247771,0.00113247,0.00113531,0.00113541,0.00113693,627.62,0.0002,running,slow1
7.54,6736060.0,3101420.0,2977820.0,1248160.0,8.49215e-07,0.0013552,0.00247911,0.00113247,0.00113531,0.00113541,0.00113694,628.106,0.0002,running,slow1
7.545,6736140.0,3101450.0,2977840.0,1248160.0,8.4922e-07,0.00135833,0.00248223,0.00113248,0.00113532,0.00113542,0.00113695,627.592,0.0002,running,slow1
7.55,6736140.0,3101450.0,2977850.0,1248160.0,8.4922e-07,0.00135833,0.00248223,0.00113248,0.00113532,0.00113542,0.00113695,626.023,0.0002,running,slow1
7.555,6735880.0,3101360.0,2977760.0,1248150.0,8.49204e-07,0.00134823,0.00247217,0.00113245,0.00113529,0.00113539,0.00113692,626.023,0.0002,running,slow1
7.56,6735790.0,3101330.0,2977730.0,1248150.0,8.49199e-07,0.00134491,0.00246887,0.00113244,0.00113528,0.00113538,0.00113691,628.355,0.0002,running,slow1
7.565,6736180.0,3101470.0,2977860.0,1248160.0,8.49223e-07,0.00135994,0.00248383,0.00113248,0.00113532,0.00113542,0.00113695,627.733,0.0002,running,slow1
7.57,6736180.0,3101470.0,2977860.0,1248160.0,8.49223e-07,0.00135994,0.00248383,0.00113248,0.00113532,0.00113542,0.00113695,625.837,0.0002,running,slow1
7.575,6735860.0,3101360.0,2977760.0,1248150.0,8.49203e-07,0.00134772,0.00247166,0.00113245,0.00113529,0.00113539,0.00113692,625.837,0.0002,running,slow1
7.58,6735760.0,3101320.0,2977720.0,1248150.0,8.49197e-07,0.00134371,0.00246767,0.00113244,0.00113528,0.00113538,0.00113691,629.302,0.0002,running,slow1
7.585,6736340.0,3101520.0,2977910.0,1248160.0,8.49233e-07,0.00136604,0.0024899,0.0011325,0.00113534,0.00113544,0.00113697,629.359,0.0002,running,slow1
7.59,6736340.0,3101520.0,2977910.0,1248160.0,8.49233e-07,0.00136604,0.0024899,0.0011325,0.00113534,0.00113544,0.00113697,629.531,0.0002,running,slow1
7.595,6736370.0,3101530.0,2977920.0,1248160.0,8.49235e-07,0.00136715,0.00249101,0.0011325,0.00113534,0.00113544,0.00113697,629.531,0.0002,running,slow1
7.6,6736380.0,3101530.0,2977920.0,1248160.0,8.49235e-07,0.00136752,0.00249138,0.0011325,0.00113534,0.00113544,0.00113697,629.503,0.0002,running,slow1
7.605,6736370.0,3101530.0,2977920.0,1248160.0,8.49235e-07,0.00136733,0.00249119,0.0011325,0.00113534,0.00113544,0.00113697,629.069,0.0002,running,slow1
7.61,6736370.0,3101530.0,2977920.0,1248160.0,8.49235e-07,0.00136733,0.00249119,0.0011325,0.00113534,0.00113544,0.00113697,627.746,0.0002,running,slow1
7.615,6736150.0,3101460.0,2977850.0,1248160.0,8.49221e-07,0.00135881,0.00248271,0.00113248,0.00113532,0.00113542,0.00113695,627.746,0.0002,running,slow1
7.62,6736080.0,3101430.0,2977830.0,1248160.0,8.49217e-07,0.00135601,0.00247992,0.00113247,0.00113531,0.00113541,0.00113694,629.014,0.0002,running,slow1
7.625,6736290.0,3101500.0,2977890.0,1248160.0,8.4923e-07,0.00136418,0.00248806,0.00113249,0.00113533,0.00113543,0.00113696,628.365,0.0002,running,slow1
7.63,6736290.0,3101500.0,2977890.0,1248160.0,8.4923e-07,0.00136418,0.00248806,0.00113249,0.00113533,0.00113543,0.00113696,626.388,0.0002,running,slow1
7.635,6735960.0,3101390.0,2977790.0,1248160.0,8.49209e-07,0.00135144,0.00247537,0.00113246,0.0011353,0.0011354,0.00113693,626.388,0.0002,running,slow1
7.64,6735850.0,3101350.0,2977750.0,1248150.0,8.49202e-07,0.00134726,0.00247121,0.00113245,0.00113529,0.00113539,0.00113692,627.769,0.0002,running,slow1
7.645,6736080.0,3101430.0,2977830.0,1248160.0,8.49217e-07,0.00135616,0.00248007,0.00113247,0.00113531,0.00113541,0.00113694,627.694,0.0002,running,slow1
7.65,6736080.0,3101430.0,2977830.0,1248160.0,8.49217e-07,0.00135616,0.00248007,0.00113247,0.00113531,0.00113541,0.00113694,627.465,0.0002,running,slow1
7.655,6736040.0,3101420.0,2977820.0,1248160.0,8.49214e-07,0.00135468,0.0024786,0.00113247,0.00113531,0.00113541,0.00113694,627.465,0.0002,running,slow1
7.66,6736030.0,3101420.0,2977810.0,1248160.0,8.49214e-07,0.0013542,0.00247812,0.00113247,0.00113531,0.00113541,0.00113694,632.91,0.0002,running,slow1
7.665,6736940.0,3101730.0,2978100.0,1248170.0,8.4927e-07,0.00138928,0.00251305,0.00113256,0.0011354,0.0011355,0.00113703,632.371,0.0002,running,slow1
7.67,6736940.0,3101730.0,2978100.0,1248170.0,8.4927e-07,0.00138928,0.00251305,0.00113256,0.0011354,0.0011355,0.00113703,630.729,0.0002,running,slow1
7.675,6736670.0,3101630.0,2978020.0,1248160.0,8.49253e-07,0.0013787,0.00250252,0.00113253,0.00113537,0.00113547,0.001137,630.729,0.0002,running,slow1
7.68,6736580.0,3101600.0,2977990.0,1248160.0,8.49248e-07,0.00137523,0.00249906,0.00113252,0.00113536,0.00113546,0.00113699,630.681,0.0002,running,slow1
7.685,6736570.0,3101600.0,2977980.0,1248160.0,8.49247e-07,0.00137493,0.00249875,0.00113252,0.00113536,0.00113546,0.00113699,629.536,0.0002,running,slow1
7.69,6736570.0,3101600.0,2977980.0,1248160.0,8.49247e-07,0.00137493,0.00249875,0.00113252,0.00113536,0.00113546,0.00113699,626.046,0.0002,running,slow1
7.695,6735980.0,3101400.0,2977800.0,1248160.0,8.49211e-07,0.00135243,0.00247636,0.00113246,0.0011353,0.0011354,0.00113693,626.046,0.0002,running,slow1
7.7,6735790.0,3101330.0,2977730.0,1248150.0,8.49199e-07,0.00134506,0.00246901,0.00113244,0.00113528,0.00113538,0.00113691,631.804,0.0002,running,slow1
7.705,6736760.0,3101670.0,2978050.0,1248160.0,8.49259e-07,0.00138216,0.00250596,0.00113254,0.00113538,0.00113548,0.00113701,630.518,0.0002,running,slow1
7.71,6736760.0,3101670.0,2978050.0,1248160.0,8.49259e-07,0.00138216,0.00250596,0.00113254,0.00113538,0.00113548,0.00113701,626.596,0.0002,running,slow1
7.715,6736100.0,3101440.0,2977830.0,1248160.0,8.49218e-07,0.00135689,0.0024808,0.00113248,0.00113531,0.00113541,0.00113694,626.596,0.0002,running,slow1
7.72,6735890.0,3101370.0,2977760.0,1248160.0,8.49205e-07,0.0013486,0.00247254,0.00113245,0.00113529,0.00113539,0.00113692,626.896,0.0002,running,slow1
7.725,6735940.0,3101380.0,2977780.0,1248160.0,8.49208e-07,0.00135053,0.00247447,0.00113246,0.0011353,0.0011354,0.00113693,627.937,0.0002,running,slow1
7.73,6735940.0,3101380.0,2977780.0,1248160.0,8.49208e-07,0.00135053,0.00247447,0.00113246,0.0011353,0.0011354,0.00113693,631.11,0.0002,running,slow1
7.735,6736470.0,3101570.0,2977950.0,1248160.0,8.49241e-07,0.00137098,0.00249482,0.00113251,0.00113535,0.00113545,0.00113698,631.11,0.0002,running,slow1
7.74,6736640.0,3101630.0,2978010.0,1248160.0,8.49252e-07,0.00137769,0.0025015,0.00113253,0.00113537,0.00113547,0.001137,627.362,0.0002,running,slow1
7.745,6736010.0,3101410.0,2977810.0,1248160.0,8.49213e-07,0.00135354,0.00247746,0.00113247,0.00113531,0.00113541,0.00113693,626.817,0.0002,running,slow1
7.75,6736010.0,3101410.0,2977810.0,1248160.0,8.49213e-07,0.00135354,0.00247746,0.00113247,0.00113531,0.00113541,0.00113693,625.155,0.0002,running,slow1
7.755,6735740.0,3101310.0,2977720.0,1248150.0,8.49195e-07,0.00134283,0.0024668,0.00113244,0.00113528,0.00113538,0.0011369,625.155,0.0002,running,slow1
7.76,6735650.0,3101280.0,2977690.0,1248150.0,8.4919e-07,0.00133932,0.0024633,0.00113243,0.00113527,0.00113537,0.0011369,627.335,0.0002,running,slow1
7.765,6736010.0,3101410.0,2977800.0,1248160.0,8.49212e-07,0.00135336,0.00247728,0.00113247,0.00113531,0.00113541,0.00113693,627.686,0.0002,running,slow1
7.77,6736010.0,3101410.0,2977800.0,1248160.0,8.49212e-07,0.00135336,0.00247728,0.00113247,0.00113531,0.00113541,0.00113693,628.757,0.0002,running,slow1
7.775,6736190.0,3101470.0,2977860.0,1248160.0,8.49223e-07,0.00136027,0.00248416,0.00113248,0.00113532,0.00113542,0.00113695,628.757,0.0002,running,slow1
7.78,6736250.0,3101490.0,2977880.0,1248160.0,8.49227e-07,0.00136253,0.00248641,0.00113249,0.00113533,0.00113543,0.00113696,628.727,0.0002,running,slow1
7.785,6736240.0,3101490.0,2977880.0,1248160.0,8.49227e-07,0.00136233,0.00248621,0.00113249,0.00113533,0.00113543,0.00113696,629.011,0.0002,running,slow1
7.79,6736240.0,3101490.0,2977880.0,1248160.0,8.49227e-07,0.00136233,0.00248621,0.00113249,0.00113533,0.00113543,0.00113696,629.876,0.0002,running,slow1
7.795,6736390.0,3101540.0,2977930.0,1248160.0,8.49236e-07,0.00136791,0.00249177,0.0011325,0.00113534,0.00113544,0.00113697,629.876,0.0002,running,slow1
7.8,6736430.0,3101560.0,2977940.0,1248160.0,8.49239e-07,0.00136974,0.00249359,0.00113251,0.00113535,0.00113545,0.00113698,629.1,0.0002,running,slow1
7.805,6736300.0,3101510.0,2977900.0,1248160.0,8.49231e-07,0.00136474,0.00248861,0.0011325,0.00113534,0.00113544,0.00113696,628.165,0.0002,running,slow1
7.81,6736300.0,3101510.0,2977900.0,1248160.0,8.49231e-07,0.00136474,0.00248861,0.0011325,0.00113534,0.00113544,0.00113696,625.314,0.0002,running,slow1
7.815,6735830.0,3101350.0,2977750.0,1248160.0,8.49201e-07,0.00134637,0.00247032,0.00113245,0.00113529,0.00113539,0.00113691,625.314,0.0002,running,slow1
7.82,6735670.0,3101290.0,2977700.0,1248150.0,8.49191e-07,0.00134034,0.00246432,0.00113243,0.00113527,0.00113537,0.0011369,625.62,0.0002,running,slow1
7.825,6735720.0,3101310.0,2977710.0,1248150.0,8.49194e-07,0.00134231,0.00246628,0.00113244,0.00113528,0.00113538,0.0011369,626.283,0.0002,running,slow1
7.83,6735720.0,3101310.0,2977710.0,1248150.0,8.49194e-07,0.00134231,0.00246628,0.00113244,0.00113528,0.00113538,0.0011369,628.304,0.0002,running,slow1
7.835,6736060.0,3101430.0,2977820.0,1248160.0,8.49216e-07,0.00135534,0.00247925,0.00113247,0.00113531,0.00113541,0.00113694,628.304,0.0002,running,slow1
7.84,6736170.0,3101470.0,2977860.0,1248160.0,8.49222e-07,0.00135961,0.0024835,0.00113248,0.00113532,0.00113542,0.00113695,629.839,0.0002,running,slow1
7.845,6736430.0,3101550.0,2977940.0,1248160.0,8.49238e-07,0.0013695,0.00249335,0.00113251,0.00113535,0.00113545,0.00113698,629.721,0.0002,running,slow1
7.85,6736430.0,3101550.0,2977940.0,1248160.0,8.49238e-07,0.0013695,0.00249335,0.00113251,0.00113535,0.00113545,0.00113698,629.362,0.0002,running,slow1
7.855,6736370.0,3101530.0,2977920.0,1248160.0,8.49235e-07,0.00136718,0.00249105,0.0011325,0.00113534,0.00113544,0.00113697,629.362,0.0002,running,slow1
7.86,6736350.0,3101530.0,2977910.0,1248160.0,8.49233e-07,0.00136642,0.00249029,0.0011325,0.00113534,0.00113544,0.00113697,627.4,0.0002,running,slow1
7.865,6736020.0,3101410.0,2977810.0,1248160.0,8.49213e-07,0.00135378,0.0024777,0.00113247,0.00113531,0.00113541,0.00113693,628.049,0.0002,running,slow1
7.87,6736020.0,3101410.0,2977810.0,1248160.0,8.49213e-07,0.00135378,0.0024777,0.00113247,0.00113531,0.00113541,0.00113693,630.029,0.0002,running,slow1
7.875,6736350.0,3101530.0,2977920.0,1248160.0,8.49234e-07,0.00136654,0.0024904,0.0011325,0.00113534,0.00113544,0.00113697,630.029,0.0002,running,slow1
7.88,6736460.0,3101560.0,2977950.0,1248160.0,8.4924e-07,0.00137072,0.00249457,0.00113251,0.00113535,0.00113545,0.00113698,631.549,0.0002,running,slow1
7.885,6736710.0,3101650.0,2978030.0,1248170.0,8.49256e-07,0.00138052,0.00250432,0.00113254,0.00113538,0.00113548,0.00113701,630.787,0.0002,running,slow1
7.89,6736710.0,3101650.0,2978030.0,1248170.0,8.49256e-07,0.00138052,0.00250432,0.00113254,0.00113538,0.00113548,0.00113701,628.464,0.0002,running,slow1
7.895,6736320.0,3101520.0,2977910.0,1248160.0,8.49232e-07,0.00136555,0.00248941,0.0011325,0.00113534,0.00113544,0.00113697,628.464,0.0002,running,slow1
7.9,6736200.0,3101470.0,2977870.0,1248160.0,8.49224e-07,0.00136064,0.00248453,0.00113249,0.00113532,0.00113542,0.00113695,623.265,0.0002,running,slow1
7.905,6735330.0,3101180.0,2977590.0,1248150.0,8.4917e-07,0.00132714,0.00245117,0.0011324,0.00113524,0.00113534,0.00113686,624.844,0.0002,running,slow1
7.91,6735330.0,3101180.0,2977590.0,1248150.0,8.4917e-07,0.00132714,0.00245117,0.0011324,0.00113524,0.00113534,0.00113686,629.657,0.0002,running,slow1
7.915,6736130.0,3101450.0,2977850.0,1248160.0,8.4922e-07,0.00135815,0.00248205,0.00113248,0.00113532,0.00113542,0.00113695,629.657,0.0002,running,slow1
7.92,6736400.0,3101540.0,2977930.0,1248160.0,8.49236e-07,0.00136832,0.00249218,0.00113251,0.00113534,0.00113545,0.00113697,624.844,0.0002,running,slow1
7.925,6735590.0,3101270.0,2977670.0,1248150.0,8.49186e-07,0.00133731,0.0024613,0.00113242,0.00113526,0.00113536,0.00113689,625.688,0.0002,running,slow1
7.93,6735590.0,3101270.0,2977670.0,1248150.0,8.49186e-07,0.00133731,0.0024613,0.00113242,0.00113526,0.00113536,0.00113689,628.261,0.0002,running,slow1
7.935,6736020.0,3101410.0,2977810.0,1248160.0,8.49213e-07,0.00135389,0.00247781,0.00113247,0.00113531,0.00113541,0.00113693,628.261,0.0002,running,slow1
7.94,6736160.0,3101460.0,2977860.0,1248160.0,8.49222e-07,0.00135933,0.00248322,0.00113248,0.00113532,0.00113542,0.00113695,626.44,0.0002,running,slow1
7.945,6735860.0,3101360.0,2977760.0,1248160.0,8.49203e-07,0.0013476,0.00247154,0.00113245,0.00113529,0.00113539,0.00113692,626.886,0.0002,running,slow1
7.95,6735860.0,3101360.0,2977760.0,1248160.0,8.49203e-07,0.0013476,0.00247154,0.00113245,0.00113529,0.00113539,0.00113692,628.243,0.0002,running,slow1
7.955,6736090.0,3101440.0,2977830.0,1248160.0,8.49217e-07,0.00135635,0.00248025,0.00113247,0.00113531,0.00113541,0.00113694,628.243,0.0002,running,slow1
7.96,6736160.0,3101460.0,2977850.0,1248160.0,8.49222e-07,0.00135921,0.00248311,0.00113248,0.00113532,0.00113542,0.00113695,627.669,0.0002,running,slow1
7.965,6736060.0,3101430.0,2977820.0,1248160.0,8.49216e-07,0.00135551,0.00247942,0.00113247,0.00113531,0.00113541,0.00113694,627.808,0.0002,running,slow1
7.97,6736060.0,3101430.0,2977820.0,1248160.0,8.49216e-07,0.00135551,0.00247942,0.00113247,0.00113531,0.00113541,0.00113694,628.233,0.0002,running,slow1
7.975,6736140.0,3101450.0,2977850.0,1248160.0,8.4922e-07,0.00135825,0.00248215,0.00113248,0.00113532,0.00113542,0.00113695,628.233,0.0002,running,slow1
7.98,6736160.0,3101460.0,2977850.0,1248160.0,8.49222e-07,0.00135915,0.00248305,0.00113248,0.00113532,0.00113542,0.00113695,629.146,0.0002,running,slow1
7.985,6736310.0,3101510.0,2977900.0,1248160.0,8.49231e-07,0.00136504,0.00248891,0.0011325,0.00113534,0.00113544,0.00113696,629.011,0.0002,running,slow1
7.99,6736310.0,3101510.0,2977900.0,1248160.0,8.49231e-07,0.00136504,0.00248891,0.0011325,0.00113534,0.00113544,0.00113696,628.6,0.0002,running,slow1
7.995,6736240.0,3101490.0,2977880.0,1248160.0,8.49227e-07,0.00136238,0.00248627,0.00113249,0.00113533,0.00113543,0.00113696,628.6,0.0002,running,slow1
8.0,6736220.0,3101480.0,2977870.0,1248160.0,8.49225e-07,0.00136151,0.0024854,0.00113249,0.00113533,0.00113543,0.00113695,626.855,0.0002,running,slow1
8.005,6735930.0,3101380.0,2977780.0,1248160.0,8.49207e-07,0.00135027,0.0024742,0.00113246,0.0011353,0.0011354,0.00113692,627.917,0.0002,running,slow1
8.01,6735930.0,3101380.0,2977780.0,1248160.0,8.49207e-07,0.00135027,0.0024742,0.00113246,0.0011353,0.0011354,0.00113692,631.156,0.0002,running,slow1
8.015,6736470.0,3101570.0,2977950.0,1248160.0,8.49241e-07,0.00137114,0.00249499,0.00113251,0.00113535,0.00113545,0.00113698,631.156,0.0002,running,slow1
8.02,6736650.0,3101630.0,2978010.0,1248170.0,8.49252e-07,0.00137799,0.0025018,0.00113253,0.00113537,0.00113547,0.001137,628.97,0.0002,running,slow1
8.025,6736280.0,3101500.0,2977890.0,1248160.0,8.49229e-07,0.0013639,0.00248777,0.00113249,0.00113533,0.00113543,0.00113696,629.105,0.0002,running,slow1
8.03,6736280.0,3101500.0,2977890.0,1248160.0,8.49229e-07,0.0013639,0.00248777,0.00113249,0.00113533,0.00113543,0.00113696,629.519,0.0002,running,slow1
8.035,6736350.0,3101530.0,2977920.0,1248160.0,8.49234e-07,0.00136656,0.00249043,0.0011325,0.00113534,0.00113544,0.00113697,629.519,0.0002,running,slow1
8.04,6736370.0,3101540.0,2977920.0,1248160.0,8.49235e-07,0.00136744,0.0024913,0.0011325,0.00113534,0.00113544,0.00113697,631.545,0.0002,running,slow1
8.045,6736710.0,3101650.0,2978030.0,1248170.0,8.49256e-07,0.00138049,0.00250429,0.00113254,0.00113538,0.00113548,0.001137,630.85,0.0002,running,slow1
8.05,6736710.0,3101650.0,2978030.0,1248170.0,8.49256e-07,0.00138049,0.00250429,0.00113254,0.00113538,0.00113548,0.001137,628.731,0.0002,running,slow1
8.055,6736360.0,3101530.0,2977920.0,1248160.0,8.49234e-07,0.00136684,0.0024907,0.0011325,0.00113534,0.00113544,0.00113697,628.731,0.0002,running,slow1
8.06,6736240.0,3101490.0,2977880.0,1248160.0,8.49227e-07,0.00136236,0.00248624,0.00113249,0.00113533,0.00113543,0.00113696,628.092,0.0002,running,slow1
8.065,6736140.0,3101450.0,2977850.0,1248160.0,8.4922e-07,0.00135824,0.00248214,0.00113248,0.00113532,0.00113542,0.00113695,627.828,0.0002,running,slow1
8.07,6736140.0,3101450.0,2977850.0,1248160.0,8.4922e-07,0.00135824,0.00248214,0.00113248,0.00113532,0.00113542,0.00113695,627.024,0.0002,running,slow1
8.075,6736000.0,3101410.0,2977800.0,1248160.0,8.49212e-07,0.00135306,0.00247698,0.00113246,0.0011353,0.0011354,0.00113693,627.024,0.0002,running,slow1
8.08,6735960.0,3101390.0,2977790.0,1248160.0,8.49209e-07,0.00135136,0.00247529,0.00113246,0.0011353,0.0011354,0.00113693,629.542,0.0002,running,slow1
8.085,6736380.0,3101540.0,2977930.0,1248160.0,8.49235e-07,0.00136758,0.00249144,0.0011325,0.00113534,0.00113544,0.00113697,628.806,0.0002,running,slow1
8.09,6736380.0,3101540.0,2977930.0,1248160.0,8.49235e-07,0.00136758,0.00249144,0.0011325,0.00113534,0.00113544,0.00113697,626.561,0.0002,running,slow1
8.095,6736000.0,3101410.0,2977800.0,1248160.0,8.49212e-07,0.00135312,0.00247704,0.00113247,0.0011353,0.0011354,0.00113693,626.561,0.0002,running,slow1
8.1,6735880.0,3101370.0,2977770.0,1248160.0,8.49204e-07,0.00134838,0.00247232,0.00113245,0.00113529,0.00113539,0.00113692,625.255,0.0002,running,slow1
8.105,6735660.0,3101290.0,2977690.0,1248160.0,8.49191e-07,0.00133996,0.00246394,0.00113243,0.00113527,0.00113537,0.0011369,625.139,0.0002,running,slow1
8.11,6735660.0,3101290.0,2977690.0,1248160.0,8.49191e-07,0.00133996,0.00246394,0.00113243,0.00113527,0.00113537,0.0011369,624.785,0.0002,running,slow1
8.115,6735600.0,3101270.0,2977680.0,1248160.0,8.49187e-07,0.00133768,0.00246167,0.00113242,0.00113526,0.00113536,0.00113689,624.785,0.0002,running,slow1
8.12,6735580.0,3101260.0,2977670.0,1248160.0,8.49186e-07,0.00133693,0.00246092,0.00113242,0.00113526,0.00113536,0.00113689,623.919,0.0002,running,slow1
8.125,6735440.0,3101210.0,2977620.0,1248150.0,8.49177e-07,0.00133135,0.00245537,0.00113241,0.00113525,0.00113535,0.00113687,624.662,0.0002,running,slow1
8.13,6735440.0,3101210.0,2977620.0,1248150.0,8.49177e-07,0.00133135,0.00245537,0.00113241,0.00113525,0.00113535,0.00113687,626.927,0.0002,running,slow1
8.135,6735820.0,3101340.0,2977740.0,1248160.0,8.492e-07,0.00134595,0.0024699,0.00113245,0.00113529,0.00113539,0.00113691,626.927,0.0002,running,slow1
8.14,6735940.0,3101390.0,2977790.0,1248160.0,8.49208e-07,0.00135073,0.00247466,0.00113246,0.0011353,0.0011354,0.00113693,628.329,0.0002,running,slow1
8.145,6736180.0,3101470.0,2977860.0,1248160.0,8.49223e-07,0.00135977,0.00248366,0.00113248,0.00113532,0.00113542,0.00113695,628.344,0.0002,running,slow1
8.15,6736180.0,3101470.0,2977860.0,1248160.0,8.49223e-07,0.00135977,0.00248366,0.00113248,0.00113532,0.00113542,0.00113695,628.389,0.0002,running,slow1
8.155,6736180.0,3101470.0,2977860.0,1248160.0,8.49223e-07,0.00136006,0.00248395,0.00113248,0.00113532,0.00113542,0.00113695,628.389,0.0002,running,slow1
8.16,6736190.0,3101470.0,2977860.0,1248160.0,8.49223e-07,0.00136015,0.00248404,0.00113248,0.00113532,0.00113542,0.00113695,626.121,0.0002,running,slow1
8.165,6735810.0,3101340.0,2977740.0,1248160.0,8.492e-07,0.00134554,0.0024695,0.00113245,0.00113528,0.00113538,0.00113691,626.394,0.0002,running,slow1
8.17,6735810.0,3101340.0,2977740.0,1248160.0,8.492e-07,0.00134554,0.0024695,0.00113245,0.00113528,0.00113538,0.00113691,627.227,0.0002,running,slow1
8.175,6735950.0,3101390.0,2977790.0,1248160.0,8.49208e-07,0.00135091,0.00247484,0.00113246,0.0011353,0.0011354,0.00113693,627.227,0.0002,running,slow1
8.18,6735990.0,3101410.0,2977800.0,1248160.0,8.49211e-07,0.00135267,0.00247659,0.00113246,0.0011353,0.0011354,0.00113693,624.667,0.0002,running,slow1
8.185,6735560.0,3101260.0,2977660.0,1248160.0,8.49185e-07,0.00133617,0.00246017,0.00113242,0.00113526,0.00113536,0.00113689,624.504,0.0002,running,slow1
8.19,6735560.0,3101260.0,2977660.0,1248160.0,8.49185e-07,0.00133617,0.00246017,0.00113242,0.00113526,0.00113536,0.00113689,624.005,0.0002,running,slow1
8.195,6735480.0,3101230.0,2977640.0,1248160.0,8.49179e-07,0.00133296,0.00245697,0.00113241,0.00113525,0.00113535,0.00113688,624.005,0.0002,running,slow1
8.2,6735450.0,3101220.0,2977630.0,1248160.0,8.49178e-07,0.00133191,0.00245592,0.00113241,0.00113525,0.00113535,0.00113688,627.739,0.0002,running,slow1
8.205,6736080.0,3101430.0,2977830.0,1248160.0,8.49217e-07,0.00135596,0.00247987,0.00113247,0.00113531,0.00113541,0.00113694,628.23,0.0002,running,slow1
8.21,6736080.0,3101430.0,2977830.0,1248160.0,8.49217e-07,0.00135596,0.00247987,0.00113247,0.00113531,0.00113541,0.00113694,629.729,0.0002,running,slow1
8.215,6736330.0,3101520.0,2977910.0,1248160.0,8.49232e-07,0.00136562,0.00248949,0.0011325,0.00113534,0.00113544,0.00113697,629.729,0.0002,running,slow1
8.22,6736410.0,3101550.0,2977940.0,1248170.0,8.49237e-07,0.00136879,0.00249265,0.00113251,0.00113535,0.00113545,0.00113697,627.983,0.0002,running,slow1
8.225,6736120.0,3101450.0,2977840.0,1248160.0,8.49219e-07,0.00135754,0.00248144,0.00113248,0.00113532,0.00113542,0.00113694,628.638,0.0002,running,slow1
8.23,6736120.0,3101450.0,2977840.0,1248160.0,8.49219e-07,0.00135754,0.00248144,0.00113248,0.00113532,0.00113542,0.00113694,630.635,0.0002,running,slow1
8.235,6736450.0,3101560.0,2977950.0,1248170.0,8.4924e-07,0.00137041,0.00249426,0.00113251,0.00113535,0.00113545,0.00113698,630.635,0.0002,running,slow1
8.24,6736560.0,3101600.0,2977990.0,1248170.0,8.49247e-07,0.00137463,0.00249846,0.00113252,0.00113536,0.00113546,0.00113699,632.324,0.0002,running,slow1
8.245,6736840.0,3101700.0,2978080.0,1248170.0,8.49264e-07,0.00138551,0.00250929,0.00113255,0.00113539,0.00113549,0.00113702,631.526,0.0002,running,slow1
8.25,6736840.0,3101700.0,2978080.0,1248170.0,8.49264e-07,0.00138551,0.00250929,0.00113255,0.00113539,0.00113549,0.00113702,629.094,0.0002,running,slow1
8.255,6736440.0,3101560.0,2977950.0,1248170.0,8.49239e-07,0.00136984,0.00249369,0.00113251,0.00113535,0.00113545,0.00113698,629.094,0.0002,running,slow1
8.26,6736300.0,3101510.0,2977900.0,1248160.0,8.49231e-07,0.0013647,0.00248857,0.0011325,0.00113533,0.00113544,0.00113696,628.22,0.0002,running,slow1
8.265,6736160.0,3101460.0,2977860.0,1248160.0,8.49222e-07,0.00135907,0.00248296,0.00113248,0.00113532,0.00113542,0.00113695,628.185,0.0002,running,slow1
8.27,6736160.0,3101460.0,2977860.0,1248160.0,8.49222e-07,0.00135907,0.00248296,0.00113248,0.00113532,0.00113542,0.00113695,628.076,0.0002,running,slow1
8.275,6736140.0,3101460.0,2977850.0,1248160.0,8.4922e-07,0.00135837,0.00248227,0.00113248,0.00113532,0.00113542,0.00113695,628.076,0.0002,running,slow1
8.28,6736130.0,3101450.0,2977850.0,1248160.0,8.4922e-07,0.00135814,0.00248204,0.00113248,0.00113532,0.00113542,0.00113695,630.707,0.0002,running,slow1
8.285,6736570.0,3101610.0,2977990.0,1248170.0,8.49247e-07,0.00137509,0.00249892,0.00113252,0.00113536,0.00113546,0.00113699,630.541,0.0002,running,slow1
8.29,6736570.0,3101610.0,2977990.0,1248170.0,8.49247e-07,0.00137509,0.00249892,0.00113252,0.00113536,0.00113546,0.00113699,630.034,0.0002,running,slow1
8.295,6736490.0,3101580.0,2977960.0,1248170.0,8.49242e-07,0.00137183,0.00249567,0.00113251,0.00113535,0.00113545,0.00113698,630.034,0.0002,running,slow1
8.3,6736460.0,3101570.0,2977950.0,1248170.0,8.4924e-07,0.00137076,0.0024946,0.00113251,0.00113535,0.00113545,0.00113698,629.272,0.0002,running,slow1
8.305,6736330.0,3101520.0,2977910.0,1248170.0,8.49232e-07,0.00136585,0.00248971,0.0011325,0.00113534,0.00113544,0.00113697,627.808,0.0002,running,slow1
8.31,6736330.0,3101520.0,2977910.0,1248170.0,8.49232e-07,0.00136585,0.00248971,0.0011325,0.00113534,0.00113544,0.00113697,623.345,0.0002,running,slow1
8.315,6735590.0,3101270.0,2977670.0,1248160.0,8.49186e-07,0.00133708,0.00246107,0.00113242,0.00113526,0.00113536,0.00113689,623.345,0.0002,running,slow1
8.32,6735340.0,3101180.0,2977590.0,1248160.0,8.49171e-07,0.00132765,0.00245168,0.0011324,0.00113524,0.00113534,0.00113686,626.234,0.0002,running,slow1
8.325,6735830.0,3101350.0,2977750.0,1248160.0,8.49201e-07,0.00134627,0.00247022,0.00113245,0.00113529,0.00113539,0.00113691,625.817,0.0002,running,slow1
8.33,6735830.0,3101350.0,2977750.0,1248160.0,8.49201e-07,0.00134627,0.00247022,0.00113245,0.00113529,0.00113539,0.00113691,624.545,0.0002,running,slow1
8.335,6735610.0,3101280.0,2977680.0,1248160.0,8.49188e-07,0.00133807,0.00246206,0.00113243,0.00113526,0.00113536,0.00113689,624.545,0.0002,running,slow1
8.34,6735540.0,3101250.0,2977660.0,1248160.0,8.49183e-07,0.00133539,0.00245938,0.00113242,0.00113526,0.00113536,0.00113688,629.697,0.0002,running,slow1
8.345,6736400.0,3101550.0,2977940.0,1248170.0,8.49237e-07,0.00136859,0.00249244,0.00113251,0.00113534,0.00113545,0.00113697,630.302,0.0002,running,slow1
8.35,6736400.0,3101550.0,2977940.0,1248170.0,8.49237e-07,0.00136859,0.00249244,0.00113251,0.00113534,0.00113545,0.00113697,632.148,0.0002,running,slow1
8.355,6736710.0,3101650.0,2978030.0,1248170.0,8.49256e-07,0.00138048,0.00250428,0.00113254,0.00113538,0.00113548,0.001137,632.148,0.0002,running,slow1
8.36,6736810.0,3101690.0,2978070.0,1248170.0,8.49262e-07,0.00138438,0.00250816,0.00113255,0.00113539,0.00113549,0.00113702,629.83,0.0002,running,slow1
8.365,6736430.0,3101560.0,2977940.0,1248170.0,8.49238e-07,0.00136944,0.00249329,0.00113251,0.00113535,0.00113545,0.00113698,629.555,0.0002,running,slow1
8.37,6736430.0,3101560.0,2977940.0,1248170.0,8.49238e-07,0.00136944,0.00249329,0.00113251,0.00113535,0.00113545,0.00113698,628.716,0.0002,running,slow1
8.375,6736290.0,3101510.0,2977900.0,1248170.0,8.4923e-07,0.00136403,0.00248791,0.00113249,0.00113533,0.00113543,0.00113696,628.716,0.0002,running,slow1
8.38,6736240.0,3101490.0,2977880.0,1248160.0,8.49227e-07,0.00136226,0.00248614,0.00113249,0.00113533,0.00113543,0.00113696,628.576,0.0002,running,slow1
8.385,6736220.0,3101480.0,2977880.0,1248160.0,8.49225e-07,0.00136136,0.00248524,0.00113249,0.00113533,0.00113543,0.00113695,628.892,0.0002,running,slow1
8.39,6736220.0,3101480.0,2977880.0,1248160.0,8.49225e-07,0.00136136,0.00248524,0.00113249,0.00113533,0.00113543,0.00113695,629.855,0.0002,running,slow1
8.395,6736380.0,3101540.0,2977930.0,1248170.0,8.49235e-07,0.00136757,0.00249142,0.0011325,0.00113534,0.00113544,0.00113697,629.855,0.0002,running,slow1
8.4,6736430.0,3101560.0,2977940.0,1248170.0,8.49239e-07,0.0013696,0.00249345,0.00113251,0.00113535,0.00113545,0.00113698,626.019,0.0002,running,slow1
8.405,6735790.0,3101340.0,2977740.0,1248160.0,8.49199e-07,0.00134488,0.00246884,0.00113244,0.00113528,0.00113538,0.00113691,626.551,0.0002,running,slow1
8.41,6735790.0,3101340.0,2977740.0,1248160.0,8.49199e-07,0.00134488,0.00246884,0.00113244,0.00113528,0.00113538,0.00113691,628.175,0.0002,running,slow1
8.415,6736060.0,3101430.0,2977830.0,1248160.0,8.49216e-07,0.00135534,0.00247925,0.00113247,0.00113531,0.00113541,0.00113694,628.175,0.0002,running,slow1
8.42,6736150.0,3101460.0,2977850.0,1248160.0,8.49221e-07,0.00135877,0.00248267,0.00113248,0.00113532,0.00113542,0.00113695,625.597,0.0002,running,slow1
8.425,6735720.0,3101310.0,2977720.0,1248160.0,8.49194e-07,0.00134217,0.00246613,0.00113244,0.00113527,0.00113538,0.0011369,626.425,0.0002,running,slow1
8.43,6735720.0,3101310.0,2977720.0,1248160.0,8.49194e-07,0.00134217,0.00246613,0.00113244,0.00113527,0.00113538,0.0011369,628.948,0.0002,running,slow1
8.435,6736140.0,3101460.0,2977850.0,1248160.0,8.4922e-07,0.00135842,0.00248232,0.00113248,0.00113532,0.00113542,0.00113695,628.948,0.0002,running,slow1
8.44,6736280.0,3101510.0,2977900.0,1248170.0,8.49229e-07,0.00136376,0.00248763,0.00113249,0.00113533,0.00113543,0.00113696,631.092,0.0002,running,slow1
8.445,6736640.0,3101630.0,2978010.0,1248170.0,8.49251e-07,0.00137757,0.00250139,0.00113253,0.00113537,0.00113547,0.001137,630.148,0.0002,running,slow1
8.45,6736640.0,3101630.0,2978010.0,1248170.0,8.49251e-07,0.00137757,0.00250139,0.00113253,0.00113537,0.00113547,0.001137,627.269,0.0002,running,slow1
8.455,6736160.0,3101460.0,2977860.0,1248160.0,8.49221e-07,0.00135902,0.00248292,0.00113248,0.00113532,0.00113542,0.00113695,627.269,0.0002,running,slow1
8.46,6736000.0,3101410.0,2977810.0,1248160.0,8.49212e-07,0.00135294,0.00247686,0.00113246,0.0011353,0.0011354,0.00113693,628.01,0.0002,running,slow1
8.465,6736120.0,3101450.0,2977850.0,1248160.0,8.49219e-07,0.00135771,0.00248162,0.00113248,0.00113532,0.00113542,0.00113694,627.598,0.0002,running,slow1
8.47,6736120.0,3101450.0,2977850.0,1248160.0,8.49219e-07,0.00135771,0.00248162,0.00113248,0.00113532,0.00113542,0.00113694,626.342,0.0002,running,slow1
8.475,6735910.0,3101380.0,2977780.0,1248160.0,8.49206e-07,0.00134962,0.00247356,0.00113246,0.00113529,0.00113539,0.00113692,626.342,0.0002,running,slow1
8.48,6735840.0,3101360.0,2977760.0,1248160.0,8.49202e-07,0.00134696,0.00247091,0.00113245,0.00113529,0.00113539,0.00113692,626.304,0.0002,running,slow1
8.485,6735840.0,3101350.0,2977750.0,1248160.0,8.49202e-07,0.00134672,0.00247067,0.00113245,0.00113529,0.00113539,0.00113691,627.384,0.0002,running,slow1
8.49,6735840.0,3101350.0,2977750.0,1248160.0,8.49202e-07,0.00134672,0.00247067,0.00113245,0.00113529,0.00113539,0.00113691,630.679,0.0002,running,slow1
8.495,6736390.0,3101540.0,2977930.0,1248170.0,8.49236e-07,0.00136795,0.00249181,0.0011325,0.00113534,0.00113544,0.00113697,630.679,0.0002,running,slow1
8.5,6736570.0,3101610.0,2977990.0,1248170.0,8.49247e-07,0.00137491,0.00249874,0.00113252,0.00113536,0.00113546,0.00113699,630.54,0.0002,running,slow1
8.505,6736540.0,3101600.0,2977980.0,1248170.0,8.49246e-07,0.00137402,0.00249785,0.00113252,0.00113536,0.00113546,0.00113699,629.631,0.0002,running,slow1
8.51,6736540.0,3101600.0,2977980.0,1248170.0,8.49246e-07,0.00137402,0.00249785,0.00113252,0.00113536,0.00113546,0.00113699,626.857,0.0002,running,slow1
8.515,6736080.0,3101440.0,2977830.0,1248160.0,8.49217e-07,0.00135615,0.00248005,0.00113247,0.00113531,0.00113541,0.00113694,626.857,0.0002,running,slow1
8.52,6735930.0,3101390.0,2977780.0,1248160.0,8.49207e-07,0.00135028,0.00247422,0.00113246,0.0011353,0.0011354,0.00113692,625.397,0.0002,running,slow1
8.525,6735690.0,3101300.0,2977700.0,1248160.0,8.49192e-07,0.00134088,0.00246485,0.00113243,0.00113527,0.00113537,0.0011369,626.539,0.0002,running,slow1
8.53,6735690.0,3101300.0,2977700.0,1248160.0,8.49192e-07,0.00134088,0.00246485,0.00113243,0.00113527,0.00113537,0.0011369,630.02,0.0002,running,slow1
8.535,6736270.0,3101500.0,2977890.0,1248170.0,8.49228e-07,0.00136331,0.00248718,0.00113249,0.00113533,0.00113543,0.00113696,630.02,0.0002,running,slow1
8.54,6736460.0,3101570.0,2977950.0,1248170.0,8.4924e-07,0.00137066,0.00249451,0.00113251,0.00113535,0.00113545,0.00113698,629.333,0.0002,running,slow1
8.545,6736340.0,3101530.0,2977920.0,1248170.0,8.49233e-07,0.00136624,0.0024901,0.0011325,0.00113534,0.00113544,0.00113697,630.038,0.0002,running,slow1
8.55,6736340.0,3101530.0,2977920.0,1248170.0,8.49233e-07,0.00136624,0.0024901,0.0011325,0.00113534,0.00113544,0.00113697,632.187,0.0002,running,slow1
8.555,6736700.0,3101650.0,2978030.0,1248170.0,8.49255e-07,0.00138009,0.00250389,0.00113254,0.00113538,0.00113548,0.001137,632.187,0.0002,running,slow1
8.56,6736820.0,3101690.0,2978070.0,1248170.0,8.49263e-07,0.00138463,0.00250841,0.00113255,0.00113539,0.00113549,0.00113702,625.567,0.0002,running,slow1
8.565,6735710.0,3101310.0,2977710.0,1248160.0,8.49194e-07,0.00134197,0.00246594,0.00113244,0.00113527,0.00113537,0.0011369,626.606,0.0002,running,slow1
8.57,6735710.0,3101310.0,2977710.0,1248160.0,8.49194e-07,0.00134197,0.00246594,0.00113244,0.00113527,0.00113537,0.0011369,629.773,0.0002,running,slow1
8.575,6736240.0,3101490.0,2977880.0,1248170.0,8.49227e-07,0.00136238,0.00248626,0.00113249,0.00113533,0.00113543,0.00113696,629.773,0.0002,running,slow1
8.58,6736420.0,3101550.0,2977940.0,1248170.0,8.49238e-07,0.00136907,0.00249292,0.00113251,0.00113535,0.00113545,0.00113697,628.689,0.0002,running,slow1
8.585,6736240.0,3101490.0,2977880.0,1248170.0,8.49226e-07,0.00136209,0.00248597,0.00113249,0.00113533,0.00113543,0.00113696,628.768,0.0002,running,slow1
8.59,6736240.0,3101490.0,2977880.0,1248170.0,8.49226e-07,0.00136209,0.00248597,0.00113249,0.00113533,0.00113543,0.00113696,629.008,0.0002,running,slow1
8.595,6736280.0,3101510.0,2977900.0,1248170.0,8.49229e-07,0.00136364,0.00248751,0.00113249,0.00113533,0.00113543,0.00113696,629.008,0.0002,running,slow1
8.6,6736290.0,3101510.0,2977900.0,1248170.0,8.4923e-07,0.00136414,0.00248802,0.00113249,0.00113533,0.00113543,0.00113696,627.097,0.0002,running,slow1
8.605,6735970.0,3101400.0,2977800.0,1248160.0,8.4921e-07,0.00135183,0.00247576,0.00113246,0.0011353,0.0011354,0.00113693,627.71,0.0002,running,slow1
8.61,6735970.0,3101400.0,2977800.0,1248160.0,8.4921e-07,0.00135183,0.00247576,0.00113246,0.0011353,0.0011354,0.00113693,629.581,0.0002,running,slow1
8.615,6736280.0,3101510.0,2977900.0,1248170.0,8.49229e-07,0.00136388,0.00248776,0.00113249,0.00113533,0.00113543,0.00113696,629.581,0.0002,running,slow1
8.62,6736380.0,3101540.0,2977930.0,1248170.0,8.49236e-07,0.00136783,0.00249169,0.0011325,0.00113534,0.00113544,0.00113697,628.079,0.0002,running,slow1
8.625,6736130.0,3101460.0,2977850.0,1248170.0,8.4922e-07,0.00135816,0.00248205,0.00113248,0.00113532,0.00113542,0.00113694,628.421,0.0002,running,slow1
8.63,6736130.0,3101460.0,2977850.0,1248170.0,8.4922e-07,0.00135816,0.00248205,0.00113248,0.00113532,0.00113542,0.00113694,629.466,0.0002,running,slow1
8.635,6736310.0,3101520.0,2977910.0,1248170.0,8.49231e-07,0.00136489,0.00248876,0.0011325,0.00113533,0.00113544,0.00113696,629.466,0.0002,running,slow1
8.64,6736360.0,3101540.0,2977920.0,1248170.0,8.49234e-07,0.00136709,0.00249096,0.0011325,0.00113534,0.00113544,0.00113697,629.948,0.0002,running,slow1
8.645,6736450.0,3101560.0,2977950.0,1248170.0,8.4924e-07,0.0013702,0.00249405,0.00113251,0.00113535,0.00113545,0.00113698,629.36,0.0002,running,slow1
8.65,6736450.0,3101560.0,2977950.0,1248170.0,8.4924e-07,0.0013702,0.00249405,0.00113251,0.00113535,0.00113545,0.00113698,627.567,0.0002,running,slow1
8.655,6736150.0,3101460.0,2977850.0,1248170.0,8.49221e-07,0.00135865,0.00248254,0.00113248,0.00113532,0.00113542,0.00113695,627.567,0.0002,running,slow1
8.66,6736050.0,3101430.0,2977820.0,1248170.0,8.49215e-07,0.00135486,0.00247877,0.00113247,0.00113531,0.00113541,0.00113694,629.548,0.0002,running,slow1
8.665,6736380.0,3101540.0,2977930.0,1248170.0,8.49235e-07,0.00136762,0.00249148,0.0011325,0.00113534,0.00113544,0.00113697,629.013,0.0002,running,slow1
8.67,6736380.0,3101540.0,2977930.0,1248170.0,8.49235e-07,0.00136762,0.00249148,0.0011325,0.00113534,0.00113544,0.00113697,627.384,0.0002,running,slow1
8.675,6736110.0,3101450.0,2977840.0,1248170.0,8.49218e-07,0.00135712,0.00248103,0.00113248,0.00113531,0.00113541,0.00113694,627.384,0.0002,running,slow1
8.68,6736020.0,3101420.0,2977810.0,1248170.0,8.49213e-07,0.00135368,0.0024776,0.00113247,0.00113531,0.00113541,0.00113693,632.803,0.0002,running,slow1
8.685,6736920.0,3101730.0,2978100.0,1248170.0,8.49269e-07,0.0013886,0.00251237,0.00113256,0.0011354,0.0011355,0.00113703,631.656,0.0002,running,slow1
8.69,6736920.0,3101730.0,2978100.0,1248170.0,8.49269e-07,0.0013886,0.00251237,0.00113256,0.0011354,0.0011355,0.00113703,628.159,0.0002,running,slow1
8.695,6736340.0,3101530.0,2977920.0,1248170.0,8.49233e-07,0.00136606,0.00248993,0.0011325,0.00113534,0.00113544,0.00113697,628.159,0.0002,running,slow1
8.7,6736150.0,3101460.0,2977850.0,1248170.0,8.49221e-07,0.00135867,0.00248257,0.00113248,0.00113532,0.00113542,0.00113695,629.789,0.0002,running,slow1
8.705,6736420.0,3101560.0,2977940.0,1248170.0,8.49238e-07,0.00136918,0.00249303,0.00113251,0.00113535,0.00113545,0.00113697,630.287,0.0002,running,slow1
8.71,6736420.0,3101560.0,2977940.0,1248170.0,8.49238e-07,0.00136918,0.00249303,0.00113251,0.00113535,0.00113545,0.00113697,631.806,0.0002,running,slow1
8.715,6736670.0,3101640.0,2978020.0,1248170.0,8.49254e-07,0.00137897,0.00250277,0.00113253,0.00113537,0.00113547,0.001137,631.806,0.0002,running,slow1
8.72,6736760.0,3101670.0,2978050.0,1248170.0,8.49259e-07,0.00138218,0.00250597,0.00113254,0.00113538,0.00113548,0.00113701,624.46,0.0002,running,slow1
8.725,6735530.0,3101250.0,2977660.0,1248160.0,8.49182e-07,0.00133484,0.00245884,0.00113242,0.00113526,0.00113536,0.00113688,625.886,0.0002,running,slow1
8.73,6735530.0,3101250.0,2977660.0,1248160.0,8.49182e-07,0.00133484,0.00245884,0.00113242,0.00113526,0.00113536,0.00113688,630.231,0.0002,running,slow1
8.735,6736250.0,3101500.0,2977890.0,1248170.0,8.49228e-07,0.00136284,0.00248672,0.00113249,0.00113533,0.00113543,0.00113696,630.231,0.0002,running,slow1
8.74,6736490.0,3101580.0,2977970.0,1248170.0,8.49242e-07,0.00137203,0.00249587,0.00113251,0.00113535,0.00113545,0.00113698,630.889,0.0002,running,slow1
8.745,6736600.0,3101620.0,2978000.0,1248170.0,8.49249e-07,0.00137626,0.00250009,0.00113253,0.00113536,0.00113547,0.00113699,630.276,0.0002,running,slow1
8.75,6736600.0,3101620.0,2978000.0,1248170.0,8.49249e-07,0.00137626,0.00250009,0.00113253,0.00113536,0.00113547,0.00113699,628.408,0.0002,running,slow1
8.755,6736290.0,3101510.0,2977900.0,1248170.0,8.4923e-07,0.00136423,0.0024881,0.00113249,0.00113533,0.00113543,0.00113696,628.408,0.0002,running,slow1
8.76,6736190.0,3101480.0,2977870.0,1248170.0,8.49223e-07,0.00136028,0.00248417,0.00113248,0.00113532,0.00113542,0.00113695,628.138,0.0002,running,slow1
8.765,6736140.0,3101460.0,2977850.0,1248170.0,8.49221e-07,0.00135854,0.00248244,0.00113248,0.00113532,0.00113542,0.00113695,628.999,0.0002,running,slow1
8.77,6736140.0,3101460.0,2977850.0,1248170.0,8.49221e-07,0.00135854,0.00248244,0.00113248,0.00113532,0.00113542,0.00113695,631.621,0.0002,running,slow1
8.775,6736580.0,3101610.0,2978000.0,1248170.0,8.49248e-07,0.00137544,0.00249927,0.00113252,0.00113536,0.00113546,0.00113699,631.621,0.0002,running,slow1
8.78,6736720.0,3101660.0,2978040.0,1248170.0,8.49257e-07,0.00138098,0.00250479,0.00113254,0.00113538,0.00113548,0.00113701,630.838,0.0002,running,slow1
8.785,6736590.0,3101620.0,2978000.0,1248170.0,8.49249e-07,0.00137594,0.00249976,0.00113252,0.00113536,0.00113546,0.00113699,631.333,0.0002,running,slow1
8.79,6736590.0,3101620.0,2978000.0,1248170.0,8.49249e-07,0.00137594,0.00249976,0.00113252,0.00113536,0.00113546,0.00113699,632.841,0.0002,running,slow1
8.795,6736850.0,3101700.0,2978080.0,1248170.0,8.49264e-07,0.00138566,0.00250944,0.00113255,0.00113539,0.00113549,0.00113702,632.841,0.0002,running,slow1
8.8,6736930.0,3101730.0,2978110.0,1248180.0,8.4927e-07,0.00138884,0.00251261,0.00113256,0.0011354,0.0011355,0.00113703,628.126,0.0002,running,slow1
8.805,6736140.0,3101460.0,2977850.0,1248170.0,8.49221e-07,0.00135846,0.00248236,0.00113248,0.00113532,0.00113542,0.00113695,628.147,0.0002,running,slow1
8.81,6736140.0,3101460.0,2977850.0,1248170.0,8.49221e-07,0.00135846,0.00248236,0.00113248,0.00113532,0.00113542,0.00113695,628.208,0.0002,running,slow1
8.815,6736150.0,3101460.0,2977860.0,1248170.0,8.49221e-07,0.00135886,0.00248276,0.00113248,0.00113532,0.00113542,0.00113695,628.208,0.0002,running,slow1
8.82,6736150.0,3101470.0,2977860.0,1248170.0,8.49221e-07,0.00135899,0.00248289,0.00113248,0.00113532,0.00113542,0.00113695,627.379,0.0002,running,slow1
8.825,6736020.0,3101420.0,2977810.0,1248170.0,8.49213e-07,0.00135365,0.00247757,0.00113247,0.0011353,0.00113541,0.00113693,626.594,0.0002,running,slow1
8.83,6736020.0,3101420.0,2977810.0,1248170.0,8.49213e-07,0.00135365,0.00247757,0.00113247,0.0011353,0.00113541,0.00113693,624.201,0.0002,running,slow1
8.835,6735620.0,3101280.0,2977680.0,1248160.0,8.49188e-07,0.00133823,0.00246221,0.00113243,0.00113526,0.00113536,0.00113689,624.201,0.0002,running,slow1
8.84,6735490.0,3101230.0,2977640.0,1248160.0,8.4918e-07,0.00133317,0.00245718,0.00113241,0.00113525,0.00113535,0.00113688,625.046,0.0002,running,slow1
8.845,6735630.0,3101280.0,2977690.0,1248160.0,8.49189e-07,0.00133861,0.00246259,0.00113243,0.00113527,0.00113537,0.00113689,626.281,0.0002,running,slow1
8.85,6735630.0,3101280.0,2977690.0,1248160.0,8.49189e-07,0.00133861,0.00246259,0.00113243,0.00113527,0.00113537,0.00113689,630.048,0.0002,running,slow1
8.855,6736260.0,3101500.0,2977890.0,1248170.0,8.49228e-07,0.00136288,0.00248676,0.00113249,0.00113533,0.00113543,0.00113696,630.048,0.0002,running,slow1
8.86,6736460.0,3101570.0,2977960.0,1248170.0,8.49241e-07,0.00137084,0.00249469,0.00113251,0.00113535,0.00113545,0.00113698,629.713,0.0002,running,slow1
8.865,6736410.0,3101550.0,2977940.0,1248170.0,8.49237e-07,0.00136869,0.00249254,0.00113251,0.00113534,0.00113545,0.00113697,628.866,0.0002,running,slow1
8.87,6736410.0,3101550.0,2977940.0,1248170.0,8.49237e-07,0.00136869,0.00249254,0.00113251,0.00113534,0.00113545,0.00113697,626.283,0.0002,running,slow1
8.875,6735970.0,3101400.0,2977800.0,1248170.0,8.4921e-07,0.00135205,0.00247597,0.00113246,0.0011353,0.0011354,0.00113693,626.283,0.0002,running,slow1
8.88,6735830.0,3101350.0,2977750.0,1248170.0,8.49201e-07,0.00134659,0.00247054,0.00113245,0.00113529,0.00113539,0.00113691,629.141,0.0002,running,slow1
8.885,6736310.0,3101520.0,2977910.0,1248170.0,8.49231e-07,0.001365,0.00248887,0.0011325,0.00113534,0.00113544,0.00113696,629.665,0.0002,running,slow1
8.89,6736310.0,3101520.0,2977910.0,1248170.0,8.49231e-07,0.001365,0.00248887,0.0011325,0.00113534,0.00113544,0.00113696,631.264,0.0002,running,slow1
8.895,6736580.0,3101610.0,2977990.0,1248170.0,8.49248e-07,0.0013753,0.00249913,0.00113252,0.00113536,0.00113546,0.00113699,631.264,0.0002,running,slow1
8.9,6736670.0,3101640.0,2978020.0,1248170.0,8.49253e-07,0.00137868,0.00250249,0.00113253,0.00113537,0.00113547,0.001137,626.872,0.0002,running,slow1
8.905,6735930.0,3101390.0,2977790.0,1248170.0,8.49208e-07,0.00135038,0.00247432,0.00113246,0.0011353,0.0011354,0.00113692,627.087,0.0002,running,slow1
8.91,6735930.0,3101390.0,2977790.0,1248170.0,8.49208e-07,0.00135038,0.00247432,0.00113246,0.0011353,0.0011354,0.00113692,627.741,0.0002,running,slow1
8.915,6736040.0,3101430.0,2977820.0,1248170.0,8.49214e-07,0.0013546,0.00247851,0.00113247,0.00113531,0.00113541,0.00113694,627.741,0.0002,running,slow1
8.92,6736080.0,3101440.0,2977830.0,1248170.0,8.49217e-07,0.00135598,0.00247989,0.00113247,0.00113531,0.00113541,0.00113694,626.82,0.0002,running,slow1
8.925,6735920.0,3101390.0,2977780.0,1248170.0,8.49207e-07,0.00135004,0.00247398,0.00113246,0.0011353,0.0011354,0.00113692,626.47,0.0002,running,slow1
8.93,6735920.0,3101390.0,2977780.0,1248170.0,8.49207e-07,0.00135004,0.00247398,0.00113246,0.0011353,0.0011354,0.00113692,625.404,0.0002,running,slow1
8.935,6735750.0,3101320.0,2977730.0,1248160.0,8.49196e-07,0.00134317,0.00246714,0.00113244,0.00113528,0.00113538,0.0011369,625.404,0.0002,running,slow1
8.94,6735690.0,3101300.0,2977710.0,1248160.0,8.49192e-07,0.00134092,0.0024649,0.00113243,0.00113527,0.00113537,0.0011369,626.625,0.0002,running,slow1
8.945,6735890.0,3101370.0,2977770.0,1248170.0,8.49205e-07,0.00134879,0.00247273,0.00113245,0.00113529,0.00113539,0.00113692,627.641,0.0002,running,slow1
8.95,6735890.0,3101370.0,2977770.0,1248170.0,8.49205e-07,0.00134879,0.00247273,0.00113245,0.00113529,0.00113539,0.00113692,630.737,0.0002,running,slow1
8.955,6736410.0,3101550.0,2977940.0,1248170.0,8.49237e-07,0.00136874,0.00249259,0.00113251,0.00113534,0.00113545,0.00113697,630.737,0.0002,running,slow1
8.96,6736580.0,3101610.0,2978000.0,1248170.0,8.49248e-07,0.00137528,0.00249911,0.00113252,0.00113536,0.00113546,0.00113699,626.184,0.0002,running,slow1
8.965,6735820.0,3101350.0,2977750.0,1248170.0,8.492e-07,0.00134595,0.0024699,0.00113245,0.00113528,0.00113538,0.00113691,626.644,0.0002,running,slow1
8.97,6735820.0,3101350.0,2977750.0,1248170.0,8.492e-07,0.00134595,0.0024699,0.00113245,0.00113528,0.00113538,0.00113691,628.046,0.0002,running,slow1
8.975,6736050.0,3101430.0,2977830.0,1248170.0,8.49215e-07,0.00135498,0.0024789,0.00113247,0.00113531,0.00113541,0.00113694,628.046,0.0002,running,slow1
8.98,6736130.0,3101460.0,2977850.0,1248170.0,8.4922e-07,0.00135795,0.00248185,0.00113248,0.00113532,0.00113542,0.00113694,630.289,0.0002,running,slow1
8.985,6736500.0,3101590.0,2977970.0,1248170.0,8.49243e-07,0.0013724,0.00249624,0.00113252,0.00113535,0.00113545,0.00113698,630.169,0.0002,running,slow1
8.99,6736500.0,3101590.0,2977970.0,1248170.0,8.49243e-07,0.0013724,0.00249624,0.00113252,0.00113535,0.00113545,0.00113698,629.802,0.0002,running,slow1
8.995,6736440.0,3101560.0,2977950.0,1248170.0,8.49239e-07,0.00137003,0.00249388,0.00113251,0.00113535,0.00113545,0.00113698,629.802,0.0002,running,slow1
9.0,6736420.0,3101560.0,2977940.0,1248170.0,8.49238e-07,0.00136926,0.00249311,0.00113251,0.00113535,0.00113545,0.00113697,623.21,0.0002,running,slow1
9.005,6735320.0,3101180.0,2977590.0,1248160.0,8.49169e-07,0.00132678,0.00245082,0.00113239,0.00113523,0.00113533,0.00113686,625.442,0.0002,running,slow1
9.01,6735320.0,3101180.0,2977590.0,1248160.0,8.49169e-07,0.00132678,0.00245082,0.00113239,0.00113523,0.00113533,0.00113686,632.246,0.0002,running,slow1
9.015,6736460.0,3101570.0,2977960.0,1248170.0,8.4924e-07,0.00137063,0.00249447,0.00113251,0.00113535,0.00113545,0.00113698,632.246,0.0002,running,slow1
9.02,6736830.0,3101700.0,2978080.0,1248180.0,8.49263e-07,0.00138501,0.00250879,0.00113255,0.00113539,0.00113549,0.00113702,622.942,0.0002,running,slow1
9.025,6735280.0,3101160.0,2977580.0,1248160.0,8.49167e-07,0.00132505,0.0024491,0.00113239,0.00113523,0.00113533,0.00113686,625.095,0.0002,running,slow1
9.03,6735280.0,3101160.0,2977580.0,1248160.0,8.49167e-07,0.00132505,0.0024491,0.00113239,0.00113523,0.00113533,0.00113686,631.659,0.0002,running,slow1
9.035,6736370.0,3101540.0,2977930.0,1248170.0,8.49235e-07,0.00136736,0.00249121,0.0011325,0.00113534,0.00113544,0.00113697,631.659,0.0002,running,slow1
9.04,6736730.0,3101670.0,2978050.0,1248180.0,8.49257e-07,0.00138123,0.00250503,0.00113254,0.00113538,0.00113548,0.00113701,627.826,0.0002,running,slow1
9.045,6736090.0,3101440.0,2977840.0,1248170.0,8.49217e-07,0.00135653,0.00248043,0.00113247,0.00113531,0.00113541,0.00113694,628.186,0.0002,running,slow1
9.05,6736090.0,3101440.0,2977840.0,1248170.0,8.49217e-07,0.00135653,0.00248043,0.00113247,0.00113531,0.00113541,0.00113694,629.285,0.0002,running,slow1
9.055,6736270.0,3101510.0,2977900.0,1248170.0,8.49229e-07,0.00136361,0.00248748,0.00113249,0.00113533,0.00113543,0.00113696,629.285,0.0002,running,slow1
9.06,6736330.0,3101530.0,2977920.0,1248170.0,8.49233e-07,0.00136593,0.0024898,0.0011325,0.00113534,0.00113544,0.00113697,628.121,0.0002,running,slow1
9.065,6736140.0,3101460.0,2977850.0,1248170.0,8.49221e-07,0.00135843,0.00248233,0.00113248,0.00113532,0.00113542,0.00113695,627.987,0.0002,running,slow1
9.07,6736140.0,3101460.0,2977850.0,1248170.0,8.49221e-07,0.00135843,0.00248233,0.00113248,0.00113532,0.00113542,0.00113695,627.58,0.0002,running,slow1
9.075,6736070.0,3101440.0,2977830.0,1248170.0,8.49216e-07,0.00135581,0.00247971,0.00113247,0.00113531,0.00113541,0.00113694,627.58,0.0002,running,slow1
9.08,6736050.0,3101430.0,2977830.0,1248170.0,8.49215e-07,0.00135495,0.00247886,0.00113247,0.00113531,0.00113541,0.00113694,629.293,0.0002,running,slow1
9.085,6736340.0,3101530.0,2977920.0,1248170.0,8.49233e-07,0.00136598,0.00248985,0.0011325,0.00113534,0.00113544,0.00113697,629.439,0.0002,running,slow1
9.09,6736340.0,3101530.0,2977920.0,1248170.0,8.49233e-07,0.00136598,0.00248985,0.0011325,0.00113534,0.00113544,0.00113697,629.884,0.0002,running,slow1
9.095,6736410.0,3101550.0,2977940.0,1248170.0,8.49237e-07,0.00136885,0.0024927,0.00113251,0.00113535,0.00113545,0.00113697,629.884,0.0002,running,slow1
9.1,6736430.0,3101560.0,2977950.0,1248170.0,8.49239e-07,0.00136979,0.00249364,0.00113251,0.00113535,0.00113545,0.00113698,628.197,0.0002,running,slow1
9.105,6736150.0,3101470.0,2977860.0,1248170.0,8.49221e-07,0.00135892,0.00248282,0.00113248,0.00113532,0.00113542,0.00113695,627.888,0.0002,running,slow1
9.11,6736150.0,3101470.0,2977860.0,1248170.0,8.49221e-07,0.00135892,0.00248282,0.00113248,0.00113532,0.00113542,0.00113695,626.946,0.0002,running,slow1
9.115,6736000.0,3101410.0,2977810.0,1248170.0,8.49212e-07,0.00135285,0.00247677,0.00113246,0.0011353,0.0011354,0.00113693,626.946,0.0002,running,slow1
9.12,6735940.0,3101390.0,2977790.0,1248170.0,8.49208e-07,0.00135085,0.00247479,0.00113246,0.0011353,0.0011354,0.00113693,627.744,0.0002,running,slow1
9.125,6736080.0,3101440.0,2977830.0,1248170.0,8.49217e-07,0.001356,0.00247991,0.00113247,0.00113531,0.00113541,0.00113694,626.881,0.0002,running,slow1
9.13,6736080.0,3101440.0,2977830.0,1248170.0,8.49217e-07,0.001356,0.00247991,0.00113247,0.00113531,0.00113541,0.00113694,624.251,0.0002,running,slow1
9.135,6735640.0,3101290.0,2977690.0,1248170.0,8.49189e-07,0.00133905,0.00246303,0.00113243,0.00113527,0.00113537,0.00113689,624.251,0.0002,running,slow1
9.14,6735490.0,3101240.0,2977650.0,1248160.0,8.4918e-07,0.00133349,0.0024575,0.00113241,0.00113525,0.00113535,0.00113688,626.829,0.0002,running,slow1
9.145,6735920.0,3101390.0,2977790.0,1248170.0,8.49207e-07,0.0013501,0.00247404,0.00113246,0.0011353,0.0011354,0.00113692,626.98,0.0002,running,slow1
9.15,6735920.0,3101390.0,2977790.0,1248170.0,8.49207e-07,0.0013501,0.00247404,0.00113246,0.0011353,0.0011354,0.00113692,627.439,0.0002,running,slow1
9.155,6736000.0,3101410.0,2977810.0,1248170.0,8.49212e-07,0.00135306,0.00247698,0.00113246,0.0011353,0.0011354,0.00113693,627.439,0.0002,running,slow1
9.16,6736030.0,3101420.0,2977820.0,1248170.0,8.49213e-07,0.00135403,0.00247795,0.00113247,0.00113531,0.00113541,0.00113693,628.152,0.0002,running,slow1
9.165,6736150.0,3101460.0,2977860.0,1248170.0,8.49221e-07,0.00135863,0.00248252,0.00113248,0.00113532,0.00113542,0.00113695,627.75,0.0002,running,slow1
9.17,6736150.0,3101460.0,2977860.0,1248170.0,8.49221e-07,0.00135863,0.00248252,0.00113248,0.00113532,0.00113542,0.00113695,626.525,0.0002,running,slow1
9.175,6735940.0,3101390.0,2977790.0,1248170.0,8.49208e-07,0.00135073,0.00247466,0.00113246,0.0011353,0.0011354,0.00113692,626.525,0.0002,running,slow1
9.18,6735870.0,3101370.0,2977770.0,1248170.0,8.49204e-07,0.00134814,0.00247209,0.00113245,0.00113529,0.00113539,0.00113692,624.415,0.0002,running,slow1
9.185,6735520.0,3101250.0,2977660.0,1248160.0,8.49182e-07,0.00133455,0.00245855,0.00113242,0.00113525,0.00113535,0.00113688,625.909,0.0002,running,slow1
9.19,6735520.0,3101250.0,2977660.0,1248160.0,8.49182e-07,0.00133455,0.00245855,0.00113242,0.00113525,0.00113535,0.00113688,630.462,0.0002,running,slow1
9.195,6736280.0,3101510.0,2977900.0,1248170.0,8.49229e-07,0.00136389,0.00248777,0.00113249,0.00113533,0.00113543,0.00113696,630.462,0.0002,running,slow1
9.2,6736530.0,3101600.0,2977980.0,1248170.0,8.49245e-07,0.00137352,0.00249735,0.00113252,0.00113536,0.00113546,0.00113699,629.192,0.0002,running,slow1
9.205,6736320.0,3101520.0,2977910.0,1248170.0,8.49232e-07,0.00136533,0.0024892,0.0011325,0.00113534,0.00113544,0.00113696,629.425,0.0002,running,slow1
9.21,6736320.0,3101520.0,2977910.0,1248170.0,8.49232e-07,0.00136533,0.0024892,0.0011325,0.00113534,0.00113544,0.00113696,630.137,0.0002,running,slow1
9.215,6736440.0,3101570.0,2977950.0,1248170.0,8.49239e-07,0.00136991,0.00249376,0.00113251,0.00113535,0.00113545,0.00113698,630.137,0.0002,running,slow1
9.22,6736480.0,3101580.0,2977960.0,1248170.0,8.49241e-07,0.00137142,0.00249526,0.00113251,0.00113535,0.00113545,0.00113698,628.695,0.0002,running,slow1
9.225,6736240.0,3101500.0,2977890.0,1248170.0,8.49226e-07,0.00136213,0.00248601,0.00113249,0.00113533,0.00113543,0.00113696,628.972,0.0002,running,slow1
9.23,6736240.0,3101500.0,2977890.0,1248170.0,8.49226e-07,0.00136213,0.00248601,0.00113249,0.00113533,0.00113543,0.00113696,629.817,0.0002,running,slow1
9.235,6736380.0,3101540.0,2977930.0,1248170.0,8.49235e-07,0.00136757,0.00249143,0.0011325,0.00113534,0.00113544,0.00113697,629.817,0.0002,running,slow1
9.24,6736420.0,3101560.0,2977950.0,1248170.0,8.49238e-07,0.00136936,0.00249321,0.00113251,0.00113535,0.00113545,0.00113697,628.923,0.0002,running,slow1
9.245,6736270.0,3101510.0,2977900.0,1248170.0,8.49229e-07,0.0013636,0.00248747,0.00113249,0.00113533,0.00113543,0.00113696,628.012,0.0002,running,slow1
9.25,6736270.0,3101510.0,2977900.0,1248170.0,8.49229e-07,0.0013636,0.00248747,0.00113249,0.00113533,0.00113543,0.00113696,625.234,0.0002,running,slow1
9.255,6735810.0,3101350.0,2977750.0,1248170.0,8.492e-07,0.0013457,0.00246965,0.00113244,0.00113528,0.00113538,0.00113691,625.234,0.0002,running,slow1
9.26,6735660.0,3101300.0,2977700.0,1248170.0,8.4919e-07,0.00133983,0.0024638,0.00113243,0.00113527,0.00113537,0.0011369,631.753,0.0002,running,slow1
9.265,6736750.0,3101670.0,2978050.0,1248180.0,8.49258e-07,0.00138183,0.00250563,0.00113254,0.00113538,0.00113548,0.00113701,631.733,0.0002,running,slow1
9.27,6736750.0,3101670.0,2978050.0,1248180.0,8.49258e-07,0.00138183,0.00250563,0.00113254,0.00113538,0.00113548,0.00113701,631.671,0.0002,running,slow1
9.275,6736740.0,3101670.0,2978050.0,1248180.0,8.49258e-07,0.00138144,0.00250523,0.00113254,0.00113538,0.00113548,0.00113701,631.671,0.0002,running,slow1
9.28,6736730.0,3101670.0,2978050.0,1248180.0,8.49257e-07,0.00138131,0.00250511,0.00113254,0.00113538,0.00113548,0.00113701,629.601,0.0002,running,slow1
9.285,6736390.0,3101550.0,2977940.0,1248170.0,8.49236e-07,0.00136797,0.00249182,0.0011325,0.00113534,0.00113544,0.00113697,628.698,0.0002,running,slow1
9.29,6736390.0,3101550.0,2977940.0,1248170.0,8.49236e-07,0.00136797,0.00249182,0.0011325,0.00113534,0.00113544,0.00113697,625.945,0.0002,running,slow1
9.295,6735930.0,3101390.0,2977790.0,1248170.0,8.49207e-07,0.00135023,0.00247416,0.00113246,0.0011353,0.0011354,0.00113692,625.945,0.0002,running,slow1
9.3,6735780.0,3101340.0,2977740.0,1248170.0,8.49198e-07,0.00134441,0.00246837,0.00113244,0.00113528,0.00113538,0.00113691,628.165,0.0002,running,slow1
9.305,6736150.0,3101470.0,2977860.0,1248170.0,8.49221e-07,0.00135871,0.00248261,0.00113248,0.00113532,0.00113542,0.00113695,628.622,0.0002,running,slow1
9.31,6736150.0,3101470.0,2977860.0,1248170.0,8.49221e-07,0.00135871,0.00248261,0.00113248,0.00113532,0.00113542,0.00113695,630.015,0.0002,running,slow1
9.315,6736380.0,3101550.0,2977930.0,1248170.0,8.49235e-07,0.00136769,0.00249155,0.0011325,0.00113534,0.00113544,0.00113697,630.015,0.0002,running,slow1
9.32,6736460.0,3101570.0,2977960.0,1248180.0,8.4924e-07,0.00137063,0.00249448,0.00113251,0.00113535,0.00113545,0.00113698,629.44,0.0002,running,slow1
9.325,6736360.0,3101540.0,2977930.0,1248170.0,8.49234e-07,0.00136693,0.00249079,0.0011325,0.00113534,0.00113544,0.00113697,628.624,0.0002,running,slow1
9.33,6736360.0,3101540.0,2977930.0,1248170.0,8.49234e-07,0.00136693,0.00249079,0.0011325,0.00113534,0.00113544,0.00113697,626.136,0.0002,running,slow1
9.335,6735950.0,3101400.0,2977790.0,1248170.0,8.49208e-07,0.0013509,0.00247483,0.00113246,0.0011353,0.0011354,0.00113692,626.136,0.0002,running,slow1
9.34,6735810.0,3101350.0,2977750.0,1248170.0,8.492e-07,0.00134564,0.00246959,0.00113244,0.00113528,0.00113538,0.00113691,627.93,0.0002,running,slow1
9.345,6736110.0,3101450.0,2977850.0,1248170.0,8.49219e-07,0.0013572,0.0024811,0.00113247,0.00113531,0.00113541,0.00113694,628.175,0.0002,running,slow1
9.35,6736110.0,3101450.0,2977850.0,1248170.0,8.49219e-07,0.0013572,0.0024811,0.00113247,0.00113531,0.00113541,0.00113694,628.919,0.0002,running,slow1
9.355,6736230.0,3101500.0,2977890.0,1248170.0,8.49226e-07,0.001362,0.00248588,0.00113249,0.00113533,0.00113543,0.00113695,628.919,0.0002,running,slow1
9.36,6736270.0,3101510.0,2977900.0,1248170.0,8.49229e-07,0.00136357,0.00248744,0.00113249,0.00113533,0.00113543,0.00113696,629.713,0.0002,running,slow1
9.365,6736410.0,3101560.0,2977940.0,1248180.0,8.49237e-07,0.00136869,0.00249254,0.0011325,0.00113534,0.00113544,0.00113697,629.786,0.0002,running,slow1
9.37,6736410.0,3101560.0,2977940.0,1248180.0,8.49237e-07,0.00136869,0.00249254,0.0011325,0.00113534,0.00113544,0.00113697,630.009,0.0002,running,slow1
9.375,6736440.0,3101570.0,2977950.0,1248180.0,8.49239e-07,0.00137013,0.00249397,0.00113251,0.00113535,0.00113545,0.00113698,630.009,0.0002,running,slow1
9.38,6736460.0,3101570.0,2977960.0,1248180.0,8.4924e-07,0.0013706,0.00249444,0.00113251,0.00113535,0.00113545,0.00113698,627.195,0.0002,running,slow1
9.385,6735990.0,3101410.0,2977810.0,1248170.0,8.49211e-07,0.00135246,0.00247639,0.00113246,0.0011353,0.0011354,0.00113693,627.59,0.0002,running,slow1
9.39,6735990.0,3101410.0,2977810.0,1248170.0,8.49211e-07,0.00135246,0.00247639,0.00113246,0.0011353,0.0011354,0.00113693,628.794,0.0002,running,slow1
9.395,6736190.0,3101480.0,2977870.0,1248170.0,8.49223e-07,0.00136022,0.00248411,0.00113248,0.00113532,0.00113542,0.00113695,628.794,0.0002,running,slow1
9.4,6736250.0,3101500.0,2977890.0,1248170.0,8.49228e-07,0.00136276,0.00248664,0.00113249,0.00113533,0.00113543,0.00113696,631.428,0.0002,running,slow1
9.405,6736690.0,3101650.0,2978030.0,1248180.0,8.49255e-07,0.00137974,0.00250355,0.00113253,0.00113537,0.00113547,0.001137,630.598,0.0002,running,slow1
9.41,6736690.0,3101650.0,2978030.0,1248180.0,8.49255e-07,0.00137974,0.00250355,0.00113253,0.00113537,0.00113547,0.001137,628.065,0.0002,running,slow1
9.415,6736270.0,3101510.0,2977900.0,1248170.0,8.49229e-07,0.00136342,0.0024873,0.00113249,0.00113533,0.00113543,0.00113696,628.065,0.0002,running,slow1
9.42,6736130.0,3101460.0,2977850.0,1248170.0,8.4922e-07,0.00135807,0.00248197,0.00113248,0.00113532,0.00113542,0.00113694,624.333,0.0002,running,slow1
9.425,6735510.0,3101250.0,2977650.0,1248170.0,8.49181e-07,0.00133402,0.00245802,0.00113241,0.00113525,0.00113535,0.00113688,624.992,0.0002,running,slow1
9.43,6735510.0,3101250.0,2977650.0,1248170.0,8.49181e-07,0.00133402,0.00245802,0.00113241,0.00113525,0.00113535,0.00113688,627.003,0.0002,running,slow1
9.435,6735840.0,3101360.0,2977760.0,1248170.0,8.49202e-07,0.00134697,0.00247092,0.00113245,0.00113529,0.00113539,0.00113691,627.003,0.0002,running,slow1
9.44,6735950.0,3101400.0,2977800.0,1248170.0,8.49209e-07,0.00135122,0.00247515,0.00113246,0.0011353,0.0011354,0.00113693,626.027,0.0002,running,slow1
9.445,6735790.0,3101340.0,2977740.0,1248170.0,8.49199e-07,0.00134494,0.00246889,0.00113244,0.00113528,0.00113538,0.00113691,626.554,0.0002,running,slow1
9.45,6735790.0,3101340.0,2977740.0,1248170.0,8.49199e-07,0.00134494,0.00246889,0.00113244,0.00113528,0.00113538,0.00113691,628.16,0.0002,running,slow1
9.455,6736060.0,3101440.0,2977830.0,1248170.0,8.49215e-07,0.00135529,0.0024792,0.00113247,0.00113531,0.00113541,0.00113694,628.16,0.0002,running,slow1
9.46,6736150.0,3101470.0,2977860.0,1248170.0,8.49221e-07,0.00135868,0.00248258,0.00113248,0.00113532,0.00113542,0.00113695,623.083,0.0002,running,slow1
9.465,6735300.0,3101170.0,2977590.0,1248160.0,8.49168e-07,0.00132597,0.00245,0.00113239,0.00113523,0.00113533,0.00113686,623.352,0.0002,running,slow1
9.47,6735300.0,3101170.0,2977590.0,1248160.0,8.49168e-07,0.00132597,0.00245,0.00113239,0.00113523,0.00113533,0.00113686,624.172,0.0002,running,slow1
9.475,6735440.0,3101220.0,2977630.0,1248170.0,8.49177e-07,0.00133125,0.00245527,0.00113241,0.00113524,0.00113535,0.00113687,624.172,0.0002,running,slow1
9.48,6735480.0,3101240.0,2977640.0,1248170.0,8.49179e-07,0.00133298,0.00245699,0.00113241,0.00113525,0.00113535,0.00113688,622.905,0.0002,running,slow1
9.485,6735270.0,3101160.0,2977580.0,1248160.0,8.49166e-07,0.00132482,0.00244886,0.00113239,0.00113523,0.00113533,0.00113686,624.946,0.0002,running,slow1
9.49,6735270.0,3101160.0,2977580.0,1248160.0,8.49166e-07,0.00132482,0.00244886,0.00113239,0.00113523,0.00113533,0.00113686,631.167,0.0002,running,slow1
9.495,6736310.0,3101520.0,2977910.0,1248180.0,8.49231e-07,0.00136491,0.00248878,0.00113249,0.00113533,0.00113543,0.00113696,631.167,0.0002,running,slow1
9.5,6736650.0,3101640.0,2978020.0,1248180.0,8.49252e-07,0.00137805,0.00250187,0.00113253,0.00113537,0.00113547,0.001137,630.828,0.0002,running,slow1
9.505,6736590.0,3101620.0,2978000.0,1248180.0,8.49249e-07,0.00137588,0.0024997,0.00113252,0.00113536,0.00113546,0.00113699,631.112,0.0002,running,slow1
9.51,6736590.0,3101620.0,2978000.0,1248180.0,8.49249e-07,0.00137588,0.0024997,0.00113252,0.00113536,0.00113546,0.00113699,631.977,0.0002,running,slow1
9.515,6736740.0,3101670.0,2978050.0,1248180.0,8.49258e-07,0.00138145,0.00250525,0.00113254,0.00113538,0.00113548,0.00113701,631.977,0.0002,running,slow1
9.52,6736780.0,3101690.0,2978070.0,1248180.0,8.49261e-07,0.00138328,0.00250707,0.00113254,0.00113538,0.00113548,0.00113701,632.198,0.0002,running,slow1
9.525,6736820.0,3101700.0,2978080.0,1248180.0,8.49263e-07,0.0013847,0.00250849,0.00113255,0.00113539,0.00113549,0.00113701,631.551,0.0002,running,slow1
9.53,6736820.0,3101700.0,2978080.0,1248180.0,8.49263e-07,0.0013847,0.00250849,0.00113255,0.00113539,0.00113549,0.00113701,629.577,0.0002,running,slow1
9.535,6736490.0,3101590.0,2977970.0,1248180.0,8.49242e-07,0.00137198,0.00249582,0.00113251,0.00113535,0.00113545,0.00113698,629.577,0.0002,running,slow1
9.54,6736380.0,3101550.0,2977940.0,1248180.0,8.49236e-07,0.00136781,0.00249167,0.0011325,0.00113534,0.00113544,0.00113697,627.448,0.0002,running,slow1
9.545,6736030.0,3101430.0,2977820.0,1248170.0,8.49214e-07,0.00135409,0.00247801,0.00113247,0.00113531,0.00113541,0.00113693,627.319,0.0002,running,slow1
9.55,6736030.0,3101430.0,2977820.0,1248170.0,8.49214e-07,0.00135409,0.00247801,0.00113247,0.00113531,0.00113541,0.00113693,626.927,0.0002,running,slow1
9.555,6735960.0,3101400.0,2977800.0,1248170.0,8.49209e-07,0.00135156,0.00247549,0.00113246,0.0011353,0.0011354,0.00113693,626.927,0.0002,running,slow1
9.56,6735940.0,3101400.0,2977790.0,1248170.0,8.49208e-07,0.00135073,0.00247467,0.00113246,0.0011353,0.0011354,0.00113692,631.98,0.0002,running,slow1
9.565,6736780.0,3101690.0,2978070.0,1248180.0,8.49261e-07,0.0013833,0.00250709,0.00113254,0.00113538,0.00113548,0.00113701,631.767,0.0002,running,slow1
9.57,6736780.0,3101690.0,2978070.0,1248180.0,8.49261e-07,0.0013833,0.00250709,0.00113254,0.00113538,0.00113548,0.00113701,631.118,0.0002,running,slow1
9.575,6736680.0,3101650.0,2978030.0,1248180.0,8.49254e-07,0.00137911,0.00250292,0.00113253,0.00113537,0.00113547,0.001137,631.118,0.0002,running,slow1
9.58,6736640.0,3101640.0,2978020.0,1248180.0,8.49252e-07,0.00137774,0.00250155,0.00113253,0.00113537,0.00113547,0.001137,629.579,0.0002,running,slow1
9.585,6736380.0,3101550.0,2977940.0,1248180.0,8.49236e-07,0.00136782,0.00249168,0.0011325,0.00113534,0.00113544,0.00113697,629.412,0.0002,running,slow1
9.59,6736380.0,3101550.0,2977940.0,1248180.0,8.49236e-07,0.00136782,0.00249168,0.0011325,0.00113534,0.00113544,0.00113697,628.903,0.0002,running,slow1
9.595,6736300.0,3101520.0,2977910.0,1248180.0,8.4923e-07,0.00136455,0.00248842,0.00113249,0.00113533,0.00113543,0.00113696,628.903,0.0002,running,slow1
9.6,6736270.0,3101510.0,2977900.0,1248180.0,8.49229e-07,0.00136347,0.00248735,0.00113249,0.00113533,0.00113543,0.00113696,626.619,0.0002,running,slow1
9.605,6735890.0,3101380.0,2977780.0,1248170.0,8.49205e-07,0.00134875,0.00247269,0.00113245,0.00113529,0.00113539,0.00113692,626.884,0.0002,running,slow1
9.61,6735890.0,3101380.0,2977780.0,1248170.0,8.49205e-07,0.00134875,0.00247269,0.00113245,0.00113529,0.00113539,0.00113692,627.692,0.0002,running,slow1
9.615,6736020.0,3101420.0,2977820.0,1248170.0,8.49213e-07,0.00135396,0.00247788,0.00113247,0.00113531,0.00113541,0.00113693,627.692,0.0002,running,slow1
9.62,6736070.0,3101440.0,2977840.0,1248170.0,8.49216e-07,0.00135567,0.00247958,0.00113247,0.00113531,0.00113541,0.00113694,629.993,0.0002,running,slow1
9.625,6736450.0,3101570.0,2977960.0,1248180.0,8.4924e-07,0.00137049,0.00249434,0.00113251,0.00113535,0.00113545,0.00113698,629.772,0.0002,running,slow1
9.63,6736450.0,3101570.0,2977960.0,1248180.0,8.4924e-07,0.00137049,0.00249434,0.00113251,0.00113535,0.00113545,0.00113698,629.097,0.0002,running,slow1
9.635,6736340.0,3101530.0,2977920.0,1248180.0,8.49233e-07,0.00136615,0.00249001,0.0011325,0.00113534,0.00113544,0.00113697,629.097,0.0002,running,slow1
9.64,6736300.0,3101520.0,2977910.0,1248180.0,8.49231e-07,0.00136472,0.00248859,0.00113249,0.00113533,0.00113543,0.00113696,626.383,0.0002,running,slow1
9.645,6735850.0,3101360.0,2977760.0,1248170.0,8.49202e-07,0.00134723,0.00247117,0.00113245,0.00113529,0.00113539,0.00113691,627.305,0.0002,running,slow1
9.65,6735850.0,3101370.0,2977760.0,1248170.0,8.49202e-07,0.00134723,0.00247117,0.00113245,0.00113529,0.00113539,0.00113691,630.114,0.0002,running,slow1
9.655,6736320.0,3101530.0,2977920.0,1248180.0,8.49232e-07,0.00136534,0.0024892,0.0011325,0.00113534,0.00113544,0.00113696,630.114,0.0002,running,slow1
9.66,6736470.0,3101580.0,2977970.0,1248180.0,8.49241e-07,0.00137128,0.00249512,0.00113251,0.00113535,0.00113545,0.00113698,627.597,0.0002,running,slow1
9.665,6736050.0,3101440.0,2977830.0,1248170.0,8.49215e-07,0.00135506,0.00247897,0.00113247,0.00113531,0.00113541,0.00113694,628.489,0.0002,running,slow1
9.67,6736050.0,3101440.0,2977830.0,1248170.0,8.49215e-07,0.00135506,0.00247897,0.00113247,0.00113531,0.00113541,0.00113694,631.205,0.0002,running,slow1
9.675,6736510.0,3101590.0,2977980.0,1248180.0,8.49243e-07,0.00137256,0.0024964,0.00113251,0.00113535,0.00113545,0.00113698,631.205,0.0002,running,slow1
9.68,6736660.0,3101640.0,2978020.0,1248180.0,8.49253e-07,0.00137831,0.00250212,0.00113253,0.00113537,0.00113547,0.001137,625.4,0.0002,running,slow1
9.685,6735690.0,3101310.0,2977710.0,1248170.0,8.49192e-07,0.0013409,0.00246487,0.00113243,0.00113527,0.00113537,0.0011369,625.96,0.0002,running,slow1
9.69,6735690.0,3101310.0,2977710.0,1248170.0,8.49192e-07,0.0013409,0.00246487,0.00113243,0.00113527,0.00113537,0.0011369,627.668,0.0002,running,slow1
9.695,6735970.0,3101410.0,2977800.0,1248170.0,8.4921e-07,0.0013519,0.00247583,0.00113246,0.0011353,0.0011354,0.00113693,627.668,0.0002,running,slow1
9.7,6736060.0,3101440.0,2977830.0,1248170.0,8.49216e-07,0.00135551,0.00247942,0.00113247,0.00113531,0.00113541,0.00113694,625.79,0.0002,running,slow1
9.705,6735750.0,3101330.0,2977730.0,1248170.0,8.49196e-07,0.00134341,0.00246737,0.00113244,0.00113528,0.00113538,0.0011369,625.777,0.0002,running,slow1
9.71,6735750.0,3101330.0,2977730.0,1248170.0,8.49196e-07,0.00134341,0.00246737,0.00113244,0.00113528,0.00113538,0.0011369,625.739,0.0002,running,slow1
9.715,6735740.0,3101330.0,2977730.0,1248170.0,8.49196e-07,0.00134316,0.00246712,0.00113244,0.00113528,0.00113538,0.0011369,625.739,0.0002,running,slow1
9.72,6735740.0,3101330.0,2977730.0,1248170.0,8.49196e-07,0.00134308,0.00246704,0.00113244,0.00113528,0.00113538,0.0011369,630.068,0.0002,running,slow1
9.725,6736470.0,3101580.0,2977960.0,1248180.0,8.49241e-07,0.00137098,0.00249482,0.00113251,0.00113535,0.00113545,0.00113698,631.293,0.0002,running,slow1
9.73,6736470.0,3101580.0,2977960.0,1248180.0,8.49241e-07,0.00137098,0.00249482,0.00113251,0.00113535,0.00113545,0.00113698,635.026,0.0002,running,slow1
9.735,6737090.0,3101790.0,2978160.0,1248190.0,8.4928e-07,0.00139503,0.00251877,0.00113257,0.00113541,0.00113551,0.00113704,635.026,0.0002,running,slow1
9.74,6737290.0,3101860.0,2978230.0,1248190.0,8.49292e-07,0.00140292,0.00252663,0.00113259,0.00113543,0.00113554,0.00113706,630.05,0.0002,running,slow1
9.745,6736460.0,3101580.0,2977960.0,1248180.0,8.49241e-07,0.00137086,0.0024947,0.00113251,0.00113535,0.00113545,0.00113698,630.246,0.0002,running,slow1
9.75,6736460.0,3101580.0,2977960.0,1248180.0,8.49241e-07,0.00137086,0.0024947,0.00113251,0.00113535,0.00113545,0.00113698,630.844,0.0002,running,slow1
9.755,6736560.0,3101610.0,2977990.0,1248180.0,8.49247e-07,0.00137471,0.00249854,0.00113252,0.00113536,0.00113546,0.00113699,630.844,0.0002,running,slow1
9.76,6736600.0,3101620.0,2978010.0,1248180.0,8.49249e-07,0.00137598,0.0024998,0.00113252,0.00113536,0.00113546,0.00113699,630.188,0.0002,running,slow1
9.765,6736490.0,3101580.0,2977970.0,1248180.0,8.49242e-07,0.00137175,0.00249559,0.00113251,0.00113535,0.00113545,0.00113698,629.345,0.0002,running,slow1
9.77,6736490.0,3101580.0,2977970.0,1248180.0,8.49242e-07,0.00137175,0.00249559,0.00113251,0.00113535,0.00113545,0.00113698,626.777,0.0002,running,slow1
9.775,6736060.0,3101440.0,2977830.0,1248180.0,8.49215e-07,0.0013552,0.00247911,0.00113247,0.00113531,0.00113541,0.00113694,626.777,0.0002,running,slow1
9.78,6735920.0,3101390.0,2977790.0,1248170.0,8.49207e-07,0.00134977,0.0024737,0.00113245,0.00113529,0.00113539,0.00113692,626.931,0.0002,running,slow1
9.785,6735940.0,3101400.0,2977800.0,1248170.0,8.49208e-07,0.00135076,0.00247469,0.00113246,0.0011353,0.0011354,0.00113692,627.365,0.0002,running,slow1
9.79,6735940.0,3101400.0,2977800.0,1248170.0,8.49208e-07,0.00135076,0.00247469,0.00113246,0.0011353,0.0011354,0.00113692,628.685,0.0002,running,slow1
9.795,6736160.0,3101470.0,2977870.0,1248180.0,8.49222e-07,0.00135927,0.00248317,0.00113248,0.00113532,0.00113542,0.00113695,628.685,0.0002,running,slow1
9.8,6736230.0,3101500.0,2977890.0,1248180.0,8.49226e-07,0.00136207,0.00248595,0.00113249,0.00113533,0.00113543,0.00113695,622.402,0.0002,running,slow1
9.805,6735190.0,3101140.0,2977550.0,1248170.0,8.49161e-07,0.00132158,0.00244564,0.00113238,0.00113522,0.00113532,0.00113685,623.864,0.0002,running,slow1
9.81,6735190.0,3101140.0,2977550.0,1248170.0,8.49161e-07,0.00132158,0.00244564,0.00113238,0.00113522,0.00113532,0.00113685,628.32,0.0002,running,slow1
9.815,6735930.0,3101390.0,2977790.0,1248170.0,8.49207e-07,0.00135029,0.00247423,0.00113246,0.0011353,0.0011354,0.00113692,628.32,0.0002,running,slow1
9.82,6736170.0,3101480.0,2977870.0,1248180.0,8.49223e-07,0.00135971,0.0024836,0.00113248,0.00113532,0.00113542,0.00113695,632.074,0.0002,running,slow1
9.825,6736800.0,3101690.0,2978070.0,1248180.0,8.49262e-07,0.0013839,0.00250769,0.00113254,0.00113538,0.00113548,0.00113701,630.21,0.0002,running,slow1
9.83,6736800.0,3101690.0,2978070.0,1248180.0,8.49262e-07,0.0013839,0.00250769,0.00113254,0.00113538,0.00113548,0.00113701,624.528,0.0002,running,slow1
9.835,6735850.0,3101370.0,2977770.0,1248170.0,8.49203e-07,0.00134728,0.00247123,0.00113245,0.00113529,0.00113539,0.00113691,624.528,0.0002,running,slow1
9.84,6735540.0,3101260.0,2977670.0,1248170.0,8.49183e-07,0.00133527,0.00245927,0.00113242,0.00113526,0.00113536,0.00113688,625.133,0.0002,running,slow1
9.845,6735640.0,3101290.0,2977700.0,1248170.0,8.49189e-07,0.00133917,0.00246315,0.00113243,0.00113527,0.00113537,0.00113689,624.582,0.0002,running,slow1
9.85,6735640.0,3101290.0,2977700.0,1248170.0,8.49189e-07,0.00133917,0.00246315,0.00113243,0.00113527,0.00113537,0.00113689,622.902,0.0002,running,slow1
9.855,6735360.0,3101200.0,2977610.0,1248170.0,8.49172e-07,0.00132835,0.00245238,0.0011324,0.00113524,0.00113534,0.00113686,622.902,0.0002,running,slow1
9.86,6735270.0,3101170.0,2977580.0,1248170.0,8.49166e-07,0.0013248,0.00244884,0.00113239,0.00113523,0.00113533,0.00113686,627.735,0.0002,running,slow1
9.865,6736080.0,3101440.0,2977840.0,1248180.0,8.49216e-07,0.00135594,0.00247985,0.00113247,0.00113531,0.00113541,0.00113694,627.799,0.0002,running,slow1
9.87,6736080.0,3101440.0,2977840.0,1248180.0,8.49216e-07,0.00135594,0.00247985,0.00113247,0.00113531,0.00113541,0.00113694,627.994,0.0002,running,slow1
9.875,6736110.0,3101460.0,2977850.0,1248180.0,8.49219e-07,0.0013572,0.0024811,0.00113247,0.00113531,0.00113541,0.00113694,627.994,0.0002,running,slow1
9.88,6736120.0,3101460.0,2977850.0,1248180.0,8.49219e-07,0.00135761,0.00248151,0.00113248,0.00113531,0.00113541,0.00113694,630.481,0.0002,running,slow1
9.885,6736530.0,3101600.0,2977990.0,1248180.0,8.49245e-07,0.00137364,0.00249747,0.00113252,0.00113536,0.00113546,0.00113699,629.97,0.0002,running,slow1
9.89,6736530.0,3101600.0,2977990.0,1248180.0,8.49245e-07,0.00137364,0.00249747,0.00113252,0.00113536,0.00113546,0.00113699,628.411,0.0002,running,slow1
9.895,6736270.0,3101510.0,2977900.0,1248180.0,8.49229e-07,0.00136359,0.00248747,0.00113249,0.00113533,0.00113543,0.00113696,628.411,0.0002,running,slow1
9.9,6736190.0,3101480.0,2977880.0,1248180.0,8.49224e-07,0.0013603,0.00248419,0.00113248,0.00113532,0.00113542,0.00113695,624.834,0.0002,running,slow1
9.905,6735590.0,3101280.0,2977680.0,1248170.0,8.49186e-07,0.00133725,0.00246123,0.00113242,0.00113526,0.00113536,0.00113689,625.151,0.0002,running,slow1
9.91,6735590.0,3101280.0,2977680.0,1248170.0,8.49186e-07,0.00133725,0.00246123,0.00113242,0.00113526,0.00113536,0.00113689,626.12,0.0002,running,slow1
9.915,6735750.0,3101330.0,2977740.0,1248170.0,8.49196e-07,0.00134349,0.00246745,0.00113244,0.00113528,0.00113538,0.0011369,626.12,0.0002,running,slow1
9.92,6735810.0,3101350.0,2977750.0,1248170.0,8.492e-07,0.00134554,0.00246949,0.00113244,0.00113528,0.00113538,0.00113691,630.156,0.0002,running,slow1
9.925,6736480.0,3101580.0,2977970.0,1248180.0,8.49242e-07,0.00137154,0.00249538,0.00113251,0.00113535,0.00113545,0.00113698,629.81,0.0002,running,slow1
9.93,6736480.0,3101580.0,2977970.0,1248180.0,8.49242e-07,0.00137154,0.00249538,0.00113251,0.00113535,0.00113545,0.00113698,628.754,0.0002,running,slow1
9.935,6736300.0,3101520.0,2977910.0,1248180.0,8.49231e-07,0.00136474,0.00248861,0.00113249,0.00113533,0.00113543,0.00113696,628.754,0.0002,running,slow1
9.94,6736250.0,3101500.0,2977890.0,1248180.0,8.49227e-07,0.00136251,0.00248639,0.00113249,0.00113533,0.00113543,0.00113696,626.985,0.0002,running,slow1
9.945,6735950.0,3101400.0,2977800.0,1248180.0,8.49209e-07,0.00135111,0.00247504,0.00113246,0.0011353,0.0011354,0.00113693,626.501,0.0002,running,slow1
9.95,6735950.0,3101400.0,2977800.0,1248180.0,8.49209e-07,0.00135111,0.00247504,0.00113246,0.0011353,0.0011354,0.00113693,625.025,0.0002,running,slow1
9.955,6735700.0,3101320.0,2977720.0,1248170.0,8.49193e-07,0.0013416,0.00246557,0.00113243,0.00113527,0.00113537,0.0011369,625.025,0.0002,running,slow1
9.96,6735620.0,3101290.0,2977690.0,1248170.0,8.49188e-07,0.00133848,0.00246246,0.00113242,0.00113526,0.00113536,0.00113689,628.982,0.0002,running,slow1
9.965,6736280.0,3101520.0,2977910.0,1248180.0,8.49229e-07,0.00136398,0.00248785,0.00113249,0.00113533,0.00113543,0.00113696,627.811,0.0002,running,slow1
9.97,6736280.0,3101520.0,2977910.0,1248180.0,8.49229e-07,0.00136398,0.00248785,0.00113249,0.00113533,0.00113543,0.00113696,624.242,0.0002,running,slow1
9.975,6735690.0,3101310.0,2977710.0,1248170.0,8.49192e-07,0.00134098,0.00246495,0.00113243,0.00113527,0.00113537,0.0011369,624.242,0.0002,running,slow1
9.98,6735490.0,3101240.0,2977650.0,1248170.0,8.4918e-07,0.00133343,0.00245744,0.00113241,0.00113525,0.00113535,0.00113688,627.452,0.0002,running,slow1
9.985,6736030.0,3101430.0,2977820.0,1248180.0,8.49214e-07,0.00135412,0.00247803,0.00113247,0.00113531,0.00113541,0.00113693,628.461,0.0002,running,slow1
9.99,6736030.0,3101430.0,2977820.0,1248180.0,8.49214e-07,0.00135412,0.00247803,0.00113247,0.00113531,0.00113541,0.00113693,631.537,0.0002,running,slow1
9.995,6736540.0,3101610.0,2977990.0,1248180.0,8.49246e-07,0.00137394,0.00249777,0.00113252,0.00113536,0.00113546,0.00113699,631.537,0.0002,running,slow1
10.0,6736710.0,3101660.0,2978040.0,1248180.0,8.49256e-07,0.00138044,0.00250425,0.00113254,0.00113537,0.00113548,0.001137,635.667,0.0002,running,slow1
10.005,6737400.0,3101900.0,2978270.0,1248190.0,8.49299e-07,0.00140706,0.00253074,0.00113261,0.00113545,0.00113555,0.00113707,634.269,0.0002,running,slow1
10.01,6737400.0,3101900.0,2978270.0,1248190.0,8.49299e-07,0.00140706,0.00253074,0.00113261,0.00113545,0.00113555,0.00113707,630.005,0.0002,running,slow1
10.015,6736690.0,3101660.0,2978040.0,1248180.0,8.49255e-07,0.00137958,0.00250339,0.00113253,0.00113537,0.00113547,0.001137,630.005,0.0002,running,slow1
10.02,6736460.0,3101580.0,2977960.0,1248180.0,8.4924e-07,0.00137057,0.00249442,0.00113251,0.00113535,0.00113545,0.00113698,627.771,0.0002,running,slow1
10.025,6736080.0,3101450.0,2977840.0,1248180.0,8.49217e-07,0.00135618,0.00248008,0.00113247,0.00113531,0.00113541,0.00113694,628.581,0.0002,running,slow1
10.03,6736080.0,3101450.0,2977840.0,1248180.0,8.49217e-07,0.00135618,0.00248008,0.00113247,0.00113531,0.00113541,0.00113694,631.05,0.0002,running,slow1
10.035,6736490.0,3101590.0,2977970.0,1248180.0,8.49243e-07,0.00137208,0.00249592,0.00113251,0.00113535,0.00113545,0.00113698,631.05,0.0002,running,slow1
10.04,6736630.0,3101640.0,2978020.0,1248180.0,8.49251e-07,0.0013773,0.00250112,0.00113253,0.00113537,0.00113547,0.00113699,629.733,0.0002,running,slow1
10.045,6736410.0,3101560.0,2977950.0,1248180.0,8.49237e-07,0.00136882,0.00249267,0.0011325,0.00113534,0.00113544,0.00113697,629.151,0.0002,running,slow1
10.05,6736410.0,3101560.0,2977950.0,1248180.0,8.49237e-07,0.00136882,0.00249267,0.0011325,0.00113534,0.00113544,0.00113697,627.375,0.0002,running,slow1
10.055,6736110.0,3101460.0,2977850.0,1248180.0,8.49219e-07,0.00135737,0.00248128,0.00113247,0.00113531,0.00113541,0.00113694,627.375,0.0002,running,slow1
10.06,6736020.0,3101420.0,2977820.0,1248180.0,8.49213e-07,0.00135362,0.00247754,0.00113246,0.0011353,0.0011354,0.00113693,626.014,0.0002,running,slow1
10.065,6735790.0,3101350.0,2977750.0,1248170.0,8.49199e-07,0.00134486,0.00246881,0.00113244,0.00113528,0.00113538,0.00113691,626.247,0.0002,running,slow1
10.07,6735790.0,3101350.0,2977750.0,1248170.0,8.49199e-07,0.00134486,0.00246881,0.00113244,0.00113528,0.00113538,0.00113691,626.958,0.0002,running,slow1
10.075,6735910.0,3101390.0,2977790.0,1248180.0,8.49206e-07,0.00134943,0.00247337,0.00113245,0.00113529,0.00113539,0.00113692,626.958,0.0002,running,slow1
10.08,6735950.0,3101400.0,2977800.0,1248180.0,8.49208e-07,0.00135093,0.00247486,0.00113246,0.0011353,0.0011354,0.00113692,627.872,0.0002,running,slow1
10.085,6736100.0,3101450.0,2977850.0,1248180.0,8.49218e-07,0.00135683,0.00248073,0.00113247,0.00113531,0.00113541,0.00113694,626.878,0.0002,running,slow1
10.09,6736100.0,3101450.0,2977850.0,1248180.0,8.49218e-07,0.00135683,0.00248073,0.00113247,0.00113531,0.00113541,0.00113694,623.848,0.0002,running,slow1
10.095,6735590.0,3101280.0,2977680.0,1248170.0,8.49186e-07,0.0013373,0.00246129,0.00113242,0.00113526,0.00113536,0.00113689,623.848,0.0002,running,slow1
10.1,6735430.0,3101220.0,2977630.0,1248170.0,8.49176e-07,0.0013309,0.00245491,0.0011324,0.00113524,0.00113534,0.00113687,624.827,0.0002,running,slow1
10.105,6735590.0,3101280.0,2977680.0,1248170.0,8.49186e-07,0.0013372,0.00246119,0.00113242,0.00113526,0.00113536,0.00113689,626.098,0.0002,running,slow1
10.11,6735590.0,3101280.0,2977680.0,1248170.0,8.49186e-07,0.0013372,0.00246119,0.00113242,0.00113526,0.00113536,0.00113689,629.971,0.0002,running,slow1
10.115,6736240.0,3101500.0,2977890.0,1248180.0,8.49227e-07,0.00136217,0.00248605,0.00113249,0.00113533,0.00113543,0.00113695,629.971,0.0002,running,slow1
10.12,6736450.0,3101570.0,2977960.0,1248180.0,8.4924e-07,0.00137035,0.0024942,0.00113251,0.00113535,0.00113545,0.00113698,626.276,0.0002,running,slow1
10.125,6735830.0,3101360.0,2977760.0,1248180.0,8.49201e-07,0.00134654,0.00247049,0.00113245,0.00113528,0.00113539,0.00113691,627.494,0.0002,running,slow1
10.13,6735830.0,3101360.0,2977760.0,1248180.0,8.49201e-07,0.00134654,0.00247049,0.00113245,0.00113528,0.00113539,0.00113691,631.206,0.0002,running,slow1
10.135,6736450.0,3101580.0,2977960.0,1248180.0,8.4924e-07,0.00137046,0.00249431,0.00113251,0.00113535,0.00113545,0.00113698,631.206,0.0002,running,slow1
10.14,6736660.0,3101650.0,2978030.0,1248180.0,8.49253e-07,0.00137831,0.00250212,0.00113253,0.00113537,0.00113547,0.001137,630.176,0.0002,running,slow1
10.145,6736480.0,3101590.0,2977970.0,1248180.0,8.49242e-07,0.00137167,0.00249551,0.00113251,0.00113535,0.00113545,0.00113698,629.234,0.0002,running,slow1
10.15,6736480.0,3101590.0,2977970.0,1248180.0,8.49242e-07,0.00137167,0.00249551,0.00113251,0.00113535,0.00113545,0.00113698,626.364,0.0002,running,slow1
10.155,6736000.0,3101420.0,2977820.0,1248180.0,8.49212e-07,0.00135317,0.00247709,0.00113246,0.0011353,0.0011354,0.00113693,626.364,0.0002,running,slow1
10.16,6735850.0,3101370.0,2977770.0,1248180.0,8.49202e-07,0.00134711,0.00247105,0.00113245,0.00113529,0.00113539,0.00113691,629.864,0.0002,running,slow1
10.165,6736430.0,3101570.0,2977960.0,1248180.0,8.49239e-07,0.00136966,0.00249351,0.00113251,0.00113535,0.00113545,0.00113697,628.996,0.0002,running,slow1
10.17,6736430.0,3101570.0,2977960.0,1248180.0,8.49239e-07,0.00136966,0.00249351,0.00113251,0.00113535,0.00113545,0.00113697,626.35,0.0002,running,slow1
10.175,6735990.0,3101420.0,2977810.0,1248180.0,8.49211e-07,0.00135261,0.00247653,0.00113246,0.0011353,0.0011354,0.00113693,626.35,0.0002,running,slow1
10.18,6735840.0,3101370.0,2977770.0,1248180.0,8.49202e-07,0.00134701,0.00247096,0.00113245,0.00113529,0.00113539,0.00113691,628.221,0.0002,running,slow1
10.185,6736160.0,3101470.0,2977870.0,1248180.0,8.49222e-07,0.00135907,0.00248297,0.00113248,0.00113532,0.00113542,0.00113695,628.379,0.0002,running,slow1
10.19,6736160.0,3101470.0,2977870.0,1248180.0,8.49222e-07,0.00135907,0.00248297,0.00113248,0.00113532,0.00113542,0.00113695,628.862,0.0002,running,slow1
10.195,6736240.0,3101500.0,2977890.0,1248180.0,8.49227e-07,0.00136218,0.00248606,0.00113249,0.00113533,0.00113543,0.00113695,628.862,0.0002,running,slow1
10.2,6736260.0,3101510.0,2977900.0,1248180.0,8.49228e-07,0.0013632,0.00248708,0.00113249,0.00113533,0.00113543,0.00113696,629.209,0.0002,running,slow1
10.205,6736320.0,3101530.0,2977920.0,1248180.0,8.49232e-07,0.00136544,0.00248931,0.0011325,0.00113533,0.00113544,0.00113696,629.264,0.0002,running,slow1
10.21,6736320.0,3101530.0,2977920.0,1248180.0,8.49232e-07,0.00136544,0.00248931,0.0011325,0.00113533,0.00113544,0.00113696,629.43,0.0002,running,slow1
10.215,6736350.0,3101540.0,2977930.0,1248180.0,8.49234e-07,0.00136651,0.00249037,0.0011325,0.00113534,0.00113544,0.00113697,629.43,0.0002,running,slow1
10.22,6736360.0,3101540.0,2977930.0,1248180.0,8.49234e-07,0.00136686,0.00249072,0.0011325,0.00113534,0.00113544,0.00113697,629.324,0.0002,running,slow1
10.225,6736340.0,3101540.0,2977930.0,1248180.0,8.49233e-07,0.00136618,0.00249005,0.0011325,0.00113534,0.00113544,0.00113696,630.177,0.0002,running,slow1
10.23,6736340.0,3101540.0,2977930.0,1248180.0,8.49233e-07,0.00136618,0.00249005,0.0011325,0.00113534,0.00113544,0.00113696,632.778,0.0002,running,slow1
10.235,6736780.0,3101690.0,2978070.0,1248190.0,8.4926e-07,0.00138294,0.00250674,0.00113254,0.00113538,0.00113548,0.00113701,632.778,0.0002,running,slow1
10.24,6736920.0,3101740.0,2978110.0,1248190.0,8.49269e-07,0.00138844,0.00251221,0.00113256,0.0011354,0.0011355,0.00113702,629.409,0.0002,running,slow1
10.245,6736360.0,3101540.0,2977930.0,1248180.0,8.49234e-07,0.00136673,0.00249059,0.0011325,0.00113534,0.00113544,0.00113697,629.903,0.0002,running,slow1
10.25,6736360.0,3101540.0,2977930.0,1248180.0,8.49234e-07,0.00136673,0.00249059,0.0011325,0.00113534,0.00113544,0.00113697,631.407,0.0002,running,slow1
10.255,6736610.0,3101630.0,2978010.0,1248180.0,8.4925e-07,0.00137642,0.00250024,0.00113252,0.00113536,0.00113546,0.00113699,631.407,0.0002,running,slow1
10.26,6736690.0,3101660.0,2978040.0,1248190.0,8.49255e-07,0.0013796,0.00250341,0.00113253,0.00113537,0.00113547,0.001137,628.195,0.0002,running,slow1
10.265,6736150.0,3101470.0,2977870.0,1248180.0,8.49221e-07,0.00135891,0.0024828,0.00113248,0.00113532,0.00113542,0.00113695,629.276,0.0002,running,slow1
10.27,6736150.0,3101470.0,2977870.0,1248180.0,8.49221e-07,0.00135891,0.0024828,0.00113248,0.00113532,0.00113542,0.00113695,632.572,0.0002,running,slow1
10.275,6736700.0,3101660.0,2978040.0,1248190.0,8.49256e-07,0.00138014,0.00250395,0.00113253,0.00113537,0.00113547,0.001137,632.572,0.0002,running,slow1
10.28,6736880.0,3101720.0,2978100.0,1248190.0,8.49267e-07,0.00138711,0.00251088,0.00113255,0.00113539,0.00113549,0.00113702,627.221,0.0002,running,slow1
10.285,6735990.0,3101420.0,2977810.0,1248180.0,8.49211e-07,0.00135263,0.00247655,0.00113246,0.0011353,0.0011354,0.00113693,627.866,0.0002,running,slow1
10.29,6735990.0,3101420.0,2977810.0,1248180.0,8.49211e-07,0.00135263,0.00247655,0.00113246,0.0011353,0.0011354,0.00113693,629.83,0.0002,running,slow1
10.295,6736320.0,3101530.0,2977920.0,1248180.0,8.49232e-07,0.00136529,0.00248916,0.0011325,0.00113533,0.00113543,0.00113696,629.83,0.0002,running,slow1
10.3,6736430.0,3101570.0,2977950.0,1248180.0,8.49238e-07,0.00136944,0.00249329,0.00113251,0.00113535,0.00113545,0.00113697,626.533,0.0002,running,slow1
10.305,6735880.0,3101380.0,2977780.0,1248180.0,8.49204e-07,0.0013482,0.00247214,0.00113245,0.00113529,0.00113539,0.00113692,626.729,0.0002,running,slow1
10.31,6735880.0,3101380.0,2977780.0,1248180.0,8.49204e-07,0.0013482,0.00247214,0.00113245,0.00113529,0.00113539,0.00113692,627.325,0.0002,running,slow1
10.315,6735970.0,3101410.0,2977810.0,1248180.0,8.4921e-07,0.00135204,0.00247597,0.00113246,0.0011353,0.0011354,0.00113693,627.325,0.0002,running,slow1
10.32,6736010.0,3101420.0,2977820.0,1248180.0,8.49212e-07,0.0013533,0.00247722,0.00113246,0.0011353,0.0011354,0.00113693,628.007,0.0002,running,slow1
10.325,6736120.0,3101460.0,2977860.0,1248180.0,8.49219e-07,0.00135769,0.00248159,0.00113248,0.00113531,0.00113541,0.00113694,628.535,0.0002,running,slow1
10.33,6736120.0,3101460.0,2977860.0,1248180.0,8.49219e-07,0.00135769,0.00248159,0.00113248,0.00113531,0.00113541,0.00113694,630.145,0.0002,running,slow1
10.335,6736390.0,3101560.0,2977940.0,1248180.0,8.49236e-07,0.00136807,0.00249192,0.0011325,0.00113534,0.00113544,0.00113697,630.145,0.0002,running,slow1
10.34,6736480.0,3101590.0,2977970.0,1248180.0,8.49242e-07,0.00137147,0.00249531,0.00113251,0.00113535,0.00113545,0.00113698,628.437,0.0002,running,slow1
10.345,6736190.0,3101490.0,2977880.0,1248180.0,8.49224e-07,0.00136047,0.00248436,0.00113248,0.00113532,0.00113542,0.00113695,627.75,0.0002,running,slow1
10.35,6736190.0,3101490.0,2977880.0,1248180.0,8.49224e-07,0.00136047,0.00248436,0.00113248,0.00113532,0.00113542,0.00113695,625.655,0.0002,running,slow1
10.355,6735840.0,3101370.0,2977770.0,1248180.0,8.49202e-07,0.00134697,0.00247091,0.00113245,0.00113529,0.00113539,0.00113691,625.655,0.0002,running,slow1
10.36,6735730.0,3101330.0,2977730.0,1248180.0,8.49195e-07,0.00134254,0.0024665,0.00113244,0.00113527,0.00113537,0.0011369,626.348,0.0002,running,slow1
10.365,6735840.0,3101370.0,2977770.0,1248180.0,8.49202e-07,0.001347,0.00247095,0.00113245,0.00113529,0.00113539,0.00113691,627.379,0.0002,running,slow1
10.37,6735840.0,3101370.0,2977770.0,1248180.0,8.49202e-07,0.001347,0.00247095,0.00113245,0.00113529,0.00113539,0.00113691,630.523,0.0002,running,slow1
10.375,6736370.0,3101550.0,2977940.0,1248180.0,8.49235e-07,0.00136726,0.00249112,0.0011325,0.00113534,0.00113544,0.00113697,630.523,0.0002,running,slow1
10.38,6736540.0,3101610.0,2977990.0,1248190.0,8.49245e-07,0.00137391,0.00249774,0.00113252,0.00113536,0.00113546,0.00113699,627.248,0.0002,running,slow1
10.385,6735990.0,3101420.0,2977820.0,1248180.0,8.49211e-07,0.00135281,0.00247673,0.00113246,0.0011353,0.0011354,0.00113693,627.837,0.0002,running,slow1
10.39,6735990.0,3101420.0,2977820.0,1248180.0,8.49211e-07,0.00135281,0.00247673,0.00113246,0.0011353,0.0011354,0.00113693,629.632,0.0002,running,slow1
10.395,6736290.0,3101520.0,2977910.0,1248180.0,8.4923e-07,0.00136437,0.00248824,0.00113249,0.00113533,0.00113543,0.00113696,629.632,0.0002,running,slow1
10.4,6736390.0,3101560.0,2977940.0,1248180.0,8.49236e-07,0.00136816,0.00249202,0.0011325,0.00113534,0.00113544,0.00113697,629.394,0.0002,running,slow1
10.405,6736350.0,3101540.0,2977930.0,1248180.0,8.49234e-07,0.00136664,0.0024905,0.0011325,0.00113534,0.00113544,0.00113697,628.268,0.0002,running,slow1
10.41,6736350.0,3101540.0,2977930.0,1248180.0,8.49234e-07,0.00136664,0.0024905,0.0011325,0.00113534,0.00113544,0.00113697,624.834,0.0002,running,slow1
10.415,6735780.0,3101350.0,2977750.0,1248180.0,8.49198e-07,0.00134451,0.00246846,0.00113244,0.00113528,0.00113538,0.00113691,624.834,0.0002,running,slow1
10.42,6735590.0,3101280.0,2977690.0,1248180.0,8.49186e-07,0.00133725,0.00246124,0.00113242,0.00113526,0.00113536,0.00113689,630.592,0.0002,running,slow1
10.425,6736550.0,3101610.0,2978000.0,1248190.0,8.49246e-07,0.00137435,0.00249818,0.00113252,0.00113536,0.00113546,0.00113699,630.067,0.0002,running,slow1
10.43,6736550.0,3101610.0,2978000.0,1248190.0,8.49246e-07,0.00137435,0.00249818,0.00113252,0.00113536,0.00113546,0.00113699,628.468,0.0002,running,slow1
10.435,6736290.0,3101520.0,2977910.0,1248180.0,8.4923e-07,0.00136404,0.00248792,0.00113249,0.00113533,0.00113543,0.00113696,628.468,0.0002,running,slow1
10.44,6736200.0,3101490.0,2977880.0,1248180.0,8.49224e-07,0.00136066,0.00248455,0.00113248,0.00113532,0.00113542,0.00113695,631.479,0.0002,running,slow1
10.445,6736700.0,3101660.0,2978040.0,1248190.0,8.49255e-07,0.00138007,0.00250387,0.00113253,0.00113537,0.00113547,0.001137,630.159,0.0002,running,slow1
10.45,6736700.0,3101660.0,2978040.0,1248190.0,8.49255e-07,0.00138007,0.00250387,0.00113253,0.00113537,0.00113547,0.001137,626.135,0.0002,running,slow1
10.455,6736030.0,3101430.0,2977830.0,1248180.0,8.49214e-07,0.00135414,0.00247805,0.00113247,0.0011353,0.00113541,0.00113693,626.135,0.0002,running,slow1
10.46,6735810.0,3101360.0,2977760.0,1248180.0,8.492e-07,0.00134563,0.00246958,0.00113244,0.00113528,0.00113538,0.00113691,628.341,0.0002,running,slow1
10.465,6736180.0,3101480.0,2977870.0,1248180.0,8.49223e-07,0.00135985,0.00248374,0.00113248,0.00113532,0.00113542,0.00113695,628.909,0.0002,running,slow1
10.47,6736180.0,3101480.0,2977870.0,1248180.0,8.49223e-07,0.00135985,0.00248374,0.00113248,0.00113532,0.00113542,0.00113695,630.643,0.0002,running,slow1
10.475,6736470.0,3101580.0,2977970.0,1248190.0,8.49241e-07,0.00137102,0.00249486,0.00113251,0.00113535,0.00113545,0.00113698,630.643,0.0002,running,slow1
10.48,6736560.0,3101610.0,2978000.0,1248190.0,8.49247e-07,0.00137468,0.00249851,0.00113252,0.00113536,0.00113546,0.00113699,629.538,0.0002,running,slow1
10.485,6736380.0,3101550.0,2977940.0,1248180.0,8.49235e-07,0.00136756,0.00249142,0.0011325,0.00113534,0.00113544,0.00113697,629.066,0.0002,running,slow1
10.49,6736380.0,3101550.0,2977940.0,1248180.0,8.49235e-07,0.00136756,0.00249142,0.0011325,0.00113534,0.00113544,0.00113697,627.629,0.0002,running,slow1
10.495,6736140.0,3101470.0,2977860.0,1248180.0,8.4922e-07,0.0013583,0.0024822,0.00113248,0.00113532,0.00113542,0.00113694,627.629,0.0002,running,slow1
10.5,6736060.0,3101440.0,2977840.0,1248180.0,8.49215e-07,0.00135526,0.00247917,0.00113247,0.00113531,0.00113541,0.00113694,634.315,0.0002,running,slow1
10.505,6737170.0,3101830.0,2978200.0,1248190.0,8.49285e-07,0.00139834,0.00252207,0.00113258,0.00113542,0.00113552,0.00113705,632.813,0.0002,running,slow1
10.51,6737170.0,3101830.0,2978200.0,1248190.0,8.49285e-07,0.00139834,0.00252207,0.00113258,0.00113542,0.00113552,0.00113705,628.236,0.0002,running,slow1
10.515,6736410.0,3101560.0,2977950.0,1248190.0,8.49237e-07,0.00136885,0.0024927,0.0011325,0.00113534,0.00113544,0.00113697,628.236,0.0002,running,slow1
10.52,6736160.0,3101480.0,2977870.0,1248180.0,8.49222e-07,0.00135917,0.00248306,0.00113248,0.00113532,0.00113542,0.00113695,626.163,0.0002,running,slow1
10.525,6735810.0,3101360.0,2977760.0,1248180.0,8.492e-07,0.00134581,0.00246976,0.00113244,0.00113528,0.00113538,0.00113691,627.228,0.0002,running,slow1
10.53,6735810.0,3101360.0,2977760.0,1248180.0,8.492e-07,0.00134581,0.00246976,0.00113244,0.00113528,0.00113538,0.00113691,630.474,0.0002,running,slow1
10.535,6736360.0,3101540.0,2977930.0,1248180.0,8.49234e-07,0.00136673,0.00249059,0.0011325,0.00113534,0.00113544,0.00113697,630.474,0.0002,running,slow1
10.54,6736530.0,3101610.0,2977990.0,1248190.0,8.49245e-07,0.00137359,0.00249742,0.00113252,0.00113536,0.00113546,0.00113698,632.077,0.0002,running,slow1
10.545,6736800.0,3101700.0,2978080.0,1248190.0,8.49262e-07,0.00138392,0.00250771,0.00113254,0.00113538,0.00113548,0.00113701,630.547,0.0002,running,slow1
10.55,6736800.0,3101700.0,2978080.0,1248190.0,8.49262e-07,0.00138392,0.00250771,0.00113254,0.00113538,0.00113548,0.00113701,625.882,0.0002,running,slow1
10.555,6736020.0,3101430.0,2977830.0,1248180.0,8.49213e-07,0.00135386,0.00247778,0.00113246,0.0011353,0.0011354,0.00113693,625.882,0.0002,running,slow1
10.56,6735770.0,3101340.0,2977740.0,1248180.0,8.49197e-07,0.001344,0.00246796,0.00113244,0.00113528,0.00113538,0.00113691,630.956,0.0002,running,slow1
10.565,6736610.0,3101630.0,2978020.0,1248190.0,8.4925e-07,0.0013767,0.00250052,0.00113252,0.00113536,0.00113546,0.00113699,630.62,0.0002,running,slow1
10.57,6736610.0,3101630.0,2978020.0,1248190.0,8.4925e-07,0.0013767,0.00250052,0.00113252,0.00113536,0.00113546,0.00113699,629.595,0.0002,running,slow1
10.575,6736440.0,3101570.0,2977960.0,1248190.0,8.49239e-07,0.00137009,0.00249394,0.00113251,0.00113535,0.00113545,0.00113697,629.595,0.0002,running,slow1
10.58,6736390.0,3101560.0,2977940.0,1248190.0,8.49236e-07,0.00136793,0.00249178,0.0011325,0.00113534,0.00113544,0.00113697,626.396,0.0002,running,slow1
10.585,6735850.0,3101370.0,2977770.0,1248180.0,8.49203e-07,0.00134732,0.00247126,0.00113245,0.00113529,0.00113539,0.00113691,627.123,0.0002,running,slow1
10.59,6735850.0,3101370.0,2977770.0,1248180.0,8.49203e-07,0.00134732,0.00247126,0.00113245,0.00113529,0.00113539,0.00113691,629.34,0.0002,running,slow1
10.595,6736220.0,3101500.0,2977890.0,1248180.0,8.49226e-07,0.0013616,0.00248548,0.00113249,0.00113532,0.00113542,0.00113695,629.34,0.0002,running,slow1
10.6,6736340.0,3101540.0,2977930.0,1248190.0,8.49233e-07,0.00136628,0.00249015,0.0011325,0.00113534,0.00113544,0.00113696,631.116,0.0002,running,slow1
10.605,6736640.0,3101640.0,2978030.0,1248190.0,8.49252e-07,0.00137773,0.00250154,0.00113253,0.00113537,0.00113547,0.001137,630.868,0.0002,running,slow1
10.61,6736640.0,3101640.0,2978030.0,1248190.0,8.49252e-07,0.00137773,0.00250154,0.00113253,0.00113537,0.00113547,0.001137,630.113,0.0002,running,slow1
10.615,6736510.0,3101600.0,2977980.0,1248190.0,8.49244e-07,0.00137286,0.0024967,0.00113251,0.00113535,0.00113545,0.00113698,630.113,0.0002,running,slow1
10.62,6736470.0,3101590.0,2977970.0,1248190.0,8.49241e-07,0.00137127,0.00249511,0.00113251,0.00113535,0.00113545,0.00113698,630.607,0.0002,running,slow1
10.625,6736560.0,3101610.0,2978000.0,1248190.0,8.49246e-07,0.00137445,0.00249828,0.00113252,0.00113536,0.00113546,0.00113699,630.479,0.0002,running,slow1
10.63,6736560.0,3101610.0,2978000.0,1248190.0,8.49246e-07,0.00137445,0.00249828,0.00113252,0.00113536,0.00113546,0.00113699,630.089,0.0002,running,slow1
10.635,6736490.0,3101590.0,2977980.0,1248190.0,8.49242e-07,0.00137194,0.00249577,0.00113251,0.00113535,0.00113545,0.00113698,630.089,0.0002,running,slow1
10.64,6736470.0,3101580.0,2977970.0,1248190.0,8.49241e-07,0.00137111,0.00249495,0.00113251,0.00113535,0.00113545,0.00113698,631.694,0.0002,running,slow1
10.645,6736740.0,3101680.0,2978060.0,1248190.0,8.49258e-07,0.00138146,0.00250525,0.00113254,0.00113538,0.00113548,0.00113701,631.054,0.0002,running,slow1
10.65,6736740.0,3101680.0,2978060.0,1248190.0,8.49258e-07,0.00138146,0.00250525,0.00113254,0.00113538,0.00113548,0.00113701,629.101,0.0002,running,slow1
10.655,6736410.0,3101560.0,2977950.0,1248190.0,8.49237e-07,0.00136888,0.00249273,0.0011325,0.00113534,0.00113544,0.00113697,629.101,0.0002,running,slow1
10.66,6736300.0,3101530.0,2977920.0,1248190.0,8.49231e-07,0.00136475,0.00248862,0.00113249,0.00113533,0.00113543,0.00113696,623.273,0.0002,running,slow1
10.665,6735330.0,3101190.0,2977600.0,1248180.0,8.4917e-07,0.00132719,0.00245122,0.00113239,0.00113523,0.00113533,0.00113686,624.903,0.0002,running,slow1
10.67,6735330.0,3101190.0,2977600.0,1248180.0,8.4917e-07,0.00132719,0.00245122,0.00113239,0.00113523,0.00113533,0.00113686,629.872,0.0002,running,slow1
10.675,6736160.0,3101480.0,2977870.0,1248180.0,8.49222e-07,0.00135921,0.00248311,0.00113248,0.00113532,0.00113542,0.00113695,629.872,0.0002,running,slow1
10.68,6736430.0,3101570.0,2977960.0,1248190.0,8.49239e-07,0.00136972,0.00249356,0.00113251,0.00113535,0.00113545,0.00113697,627.692,0.0002,running,slow1
10.685,6736070.0,3101450.0,2977840.0,1248180.0,8.49216e-07,0.00135567,0.00247958,0.00113247,0.00113531,0.00113541,0.00113694,627.715,0.0002,running,slow1
10.69,6736070.0,3101450.0,2977840.0,1248180.0,8.49216e-07,0.00135567,0.00247958,0.00113247,0.00113531,0.00113541,0.00113694,627.783,0.0002,running,slow1
10.695,6736080.0,3101450.0,2977850.0,1248180.0,8.49217e-07,0.00135611,0.00248001,0.00113247,0.00113531,0.00113541,0.00113694,627.783,0.0002,running,slow1
10.7,6736080.0,3101450.0,2977850.0,1248180.0,8.49217e-07,0.00135625,0.00248016,0.00113247,0.00113531,0.00113541,0.00113694,630.418,0.0002,running,slow1
10.705,6736520.0,3101600.0,2977990.0,1248190.0,8.49244e-07,0.00137323,0.00249706,0.00113252,0.00113536,0.00113546,0.00113698,629.036,0.0002,running,slow1
10.71,6736520.0,3101600.0,2977990.0,1248190.0,8.49244e-07,0.00137323,0.00249706,0.00113252,0.00113536,0.00113546,0.00113698,624.821,0.0002,running,slow1
10.715,6735820.0,3101360.0,2977760.0,1248180.0,8.49201e-07,0.00134607,0.00247002,0.00113244,0.00113528,0.00113538,0.00113691,624.821,0.0002,running,slow1
10.72,6735590.0,3101280.0,2977690.0,1248180.0,8.49186e-07,0.00133717,0.00246115,0.00113242,0.00113526,0.00113536,0.00113689,628.289,0.0002,running,slow1
10.725,6736170.0,3101480.0,2977870.0,1248180.0,8.49222e-07,0.00135951,0.0024834,0.00113248,0.00113532,0.00113542,0.00113695,628.137,0.0002,running,slow1
10.73,6736170.0,3101480.0,2977870.0,1248180.0,8.49222e-07,0.00135951,0.0024834,0.00113248,0.00113532,0.00113542,0.00113695,627.675,0.0002,running,slow1
10.735,6736090.0,3101450.0,2977850.0,1248180.0,8.49217e-07,0.00135653,0.00248044,0.00113247,0.00113531,0.00113541,0.00113694,627.675,0.0002,running,slow1
10.74,6736070.0,3101450.0,2977840.0,1248180.0,8.49216e-07,0.00135556,0.00247946,0.00113247,0.00113531,0.00113541,0.00113694,626.239,0.0002,running,slow1
10.745,6735830.0,3101360.0,2977760.0,1248180.0,8.49201e-07,0.0013463,0.00247025,0.00113244,0.00113528,0.00113538,0.00113691,626.756,0.0002,running,slow1
10.75,6735830.0,3101360.0,2977760.0,1248180.0,8.49201e-07,0.0013463,0.00247025,0.00113244,0.00113528,0.00113538,0.00113691,628.331,0.0002,running,slow1
10.755,6736090.0,3101450.0,2977850.0,1248180.0,8.49217e-07,0.00135645,0.00248036,0.00113247,0.00113531,0.00113541,0.00113694,628.331,0.0002,running,slow1
10.76,6736180.0,3101480.0,2977880.0,1248180.0,8.49223e-07,0.00135978,0.00248367,0.00113248,0.00113532,0.00113542,0.00113695,624.08,0.0002,running,slow1
10.765,6735470.0,3101240.0,2977650.0,1248180.0,8.49178e-07,0.00133239,0.0024564,0.00113241,0.00113525,0.00113535,0.00113687,624.338,0.0002,running,slow1
10.77,6735470.0,3101240.0,2977650.0,1248180.0,8.49178e-07,0.00133239,0.0024564,0.00113241,0.00113525,0.00113535,0.00113687,625.123,0.0002,running,slow1
10.775,6735600.0,3101280.0,2977690.0,1248180.0,8.49187e-07,0.00133745,0.00246144,0.00113242,0.00113526,0.00113536,0.00113689,625.123,0.0002,running,slow1
10.78,6735640.0,3101300.0,2977700.0,1248180.0,8.49189e-07,0.00133911,0.00246309,0.00113243,0.00113526,0.00113537,0.00113689,629.043,0.0002,running,slow1
10.785,6736290.0,3101520.0,2977910.0,1248190.0,8.4923e-07,0.00136437,0.00248824,0.00113249,0.00113533,0.00113543,0.00113696,629.341,0.0002,running,slow1
10.79,6736290.0,3101520.0,2977910.0,1248190.0,8.4923e-07,0.00136437,0.00248824,0.00113249,0.00113533,0.00113543,0.00113696,630.248,0.0002,running,slow1
10.795,6736450.0,3101580.0,2977960.0,1248190.0,8.4924e-07,0.00137022,0.00249407,0.00113251,0.00113535,0.00113545,0.00113698,630.248,0.0002,running,slow1
10.8,6736500.0,3101590.0,2977980.0,1248190.0,8.49243e-07,0.00137214,0.00249598,0.00113251,0.00113535,0.00113545,0.00113698,627.872,0.0002,running,slow1
10.805,6736100.0,3101460.0,2977850.0,1248180.0,8.49218e-07,0.00135683,0.00248073,0.00113247,0.00113531,0.00113541,0.00113694,628.571,0.0002,running,slow1
10.81,6736100.0,3101460.0,2977850.0,1248180.0,8.49218e-07,0.00135683,0.00248073,0.00113247,0.00113531,0.00113541,0.00113694,630.701,0.0002,running,slow1
10.815,6736450.0,3101580.0,2977970.0,1248190.0,8.4924e-07,0.00137055,0.0024944,0.00113251,0.00113535,0.00113545,0.00113698,630.701,0.0002,running,slow1
10.82,6736570.0,3101620.0,2978000.0,1248190.0,8.49247e-07,0.00137506,0.00249888,0.00113252,0.00113536,0.00113546,0.00113699,627.624,0.0002,running,slow1
10.825,6736060.0,3101440.0,2977840.0,1248180.0,8.49215e-07,0.00135522,0.00247913,0.00113247,0.00113531,0.00113541,0.00113694,627.632,0.0002,running,slow1
10.83,6736060.0,3101440.0,2977840.0,1248180.0,8.49215e-07,0.00135522,0.00247913,0.00113247,0.00113531,0.00113541,0.00113694,627.66,0.0002,running,slow1
10.835,6736060.0,3101440.0,2977840.0,1248180.0,8.49216e-07,0.0013554,0.00247931,0.00113247,0.00113531,0.00113541,0.00113694,627.66,0.0002,running,slow1
10.84,6736060.0,3101450.0,2977840.0,1248180.0,8.49216e-07,0.00135546,0.00247937,0.00113247,0.00113531,0.00113541,0.00113694,631.899,0.0002,running,slow1
10.845,6736770.0,3101690.0,2978070.0,1248190.0,8.4926e-07,0.00138278,0.00250657,0.00113254,0.00113538,0.00113548,0.00113701,631.459,0.0002,running,slow1
10.85,6736770.0,3101690.0,2978070.0,1248190.0,8.4926e-07,0.00138278,0.00250657,0.00113254,0.00113538,0.00113548,0.00113701,630.116,0.0002,running,slow1
10.855,6736550.0,3101610.0,2978000.0,1248190.0,8.49246e-07,0.00137412,0.00249795,0.00113252,0.00113536,0.00113546,0.00113699,630.116,0.0002,running,slow1
10.86,6736470.0,3101590.0,2977970.0,1248190.0,8.49241e-07,0.00137128,0.00249512,0.00113251,0.00113535,0.00113545,0.00113698,628.279,0.0002,running,slow1
10.865,6736170.0,3101480.0,2977870.0,1248190.0,8.49222e-07,0.00135945,0.00248334,0.00113248,0.00113532,0.00113542,0.00113695,629.078,0.0002,running,slow1
10.87,6736170.0,3101480.0,2977870.0,1248190.0,8.49222e-07,0.00135945,0.00248334,0.00113248,0.00113532,0.00113542,0.00113695,631.513,0.0002,running,slow1
10.875,6736570.0,3101620.0,2978010.0,1248190.0,8.49247e-07,0.00137514,0.00249896,0.00113252,0.00113536,0.00113546,0.00113699,631.513,0.0002,running,slow1
10.88,6736710.0,3101670.0,2978050.0,1248190.0,8.49256e-07,0.00138029,0.00250409,0.00113253,0.00113537,0.00113547,0.001137,631.394,0.0002,running,slow1
10.885,6736690.0,3101660.0,2978040.0,1248190.0,8.49255e-07,0.00137952,0.00250332,0.00113253,0.00113537,0.00113547,0.001137,630.195,0.0002,running,slow1
10.89,6736690.0,3101660.0,2978040.0,1248190.0,8.49255e-07,0.00137952,0.00250332,0.00113253,0.00113537,0.00113547,0.001137,626.542,0.0002,running,slow1
10.895,6736080.0,3101450.0,2977850.0,1248180.0,8.49217e-07,0.00135598,0.00247988,0.00113247,0.00113531,0.00113541,0.00113694,626.542,0.0002,running,slow1
10.9,6735880.0,3101380.0,2977780.0,1248180.0,8.49204e-07,0.00134825,0.00247219,0.00113245,0.00113529,0.00113539,0.00113692,628.483,0.0002,running,slow1
10.905,6736200.0,3101490.0,2977890.0,1248190.0,8.49224e-07,0.00136076,0.00248465,0.00113248,0.00113532,0.00113542,0.00113695,628.621,0.0002,running,slow1
10.91,6736200.0,3101490.0,2977890.0,1248190.0,8.49224e-07,0.00136076,0.00248465,0.00113248,0.00113532,0.00113542,0.00113695,629.04,0.0002,running,slow1
10.915,6736270.0,3101520.0,2977910.0,1248190.0,8.49229e-07,0.00136347,0.00248734,0.00113249,0.00113533,0.00113543,0.00113696,629.04,0.0002,running,slow1
10.92,6736290.0,3101530.0,2977920.0,1248190.0,8.4923e-07,0.00136435,0.00248822,0.00113249,0.00113533,0.00113543,0.00113696,626.789,0.0002,running,slow1
10.925,6735920.0,3101400.0,2977790.0,1248180.0,8.49207e-07,0.00134985,0.00247378,0.00113245,0.00113529,0.00113539,0.00113692,626.455,0.0002,running,slow1
10.93,6735920.0,3101400.0,2977790.0,1248180.0,8.49207e-07,0.00134985,0.00247378,0.00113245,0.00113529,0.00113539,0.00113692,625.435,0.0002,running,slow1
10.935,6735750.0,3101340.0,2977740.0,1248180.0,8.49196e-07,0.00134328,0.00246724,0.00113244,0.00113528,0.00113538,0.0011369,625.435,0.0002,running,slow1
10.94,6735690.0,3101320.0,2977720.0,1248180.0,8.49193e-07,0.00134112,0.00246509,0.00113243,0.00113527,0.00113537,0.0011369,628.921,0.0002,running,slow1
10.945,6736270.0,3101520.0,2977910.0,1248190.0,8.49229e-07,0.00136359,0.00248746,0.00113249,0.00113533,0.00113543,0.00113696,628.118,0.0002,running,slow1
10.95,6736270.0,3101520.0,2977910.0,1248190.0,8.49229e-07,0.00136359,0.00248746,0.00113249,0.00113533,0.00113543,0.00113696,625.669,0.0002,running,slow1
10.955,6735870.0,3101380.0,2977780.0,1248180.0,8.49203e-07,0.00134781,0.00247175,0.00113245,0.00113529,0.00113539,0.00113692,625.669,0.0002,running,slow1
10.96,6735730.0,3101330.0,2977730.0,1248180.0,8.49195e-07,0.00134263,0.00246659,0.00113243,0.00113527,0.00113537,0.0011369,627.88,0.0002,running,slow1
10.965,6736100.0,3101460.0,2977850.0,1248190.0,8.49218e-07,0.00135687,0.00248078,0.00113247,0.00113531,0.00113541,0.00113694,627.591,0.0002,running,slow1
10.97,6736100.0,3101460.0,2977850.0,1248190.0,8.49218e-07,0.00135687,0.00248078,0.00113247,0.00113531,0.00113541,0.00113694,626.711,0.0002,running,slow1
10.975,6735950.0,3101410.0,2977810.0,1248180.0,8.49209e-07,0.0013512,0.00247513,0.00113246,0.0011353,0.0011354,0.00113692,626.711,0.0002,running,slow1
10.98,6735900.0,3101390.0,2977790.0,1248180.0,8.49206e-07,0.00134934,0.00247328,0.00113245,0.00113529,0.00113539,0.00113692,630.102,0.0002,running,slow1
10.985,6736470.0,3101590.0,2977970.0,1248190.0,8.49241e-07,0.00137119,0.00249503,0.00113251,0.00113535,0.00113545,0.00113698,630.474,0.0002,running,slow1
10.99,6736470.0,3101590.0,2977970.0,1248190.0,8.49241e-07,0.00137119,0.00249503,0.00113251,0.00113535,0.00113545,0.00113698,631.608,0.0002,running,slow1
10.995,6736660.0,3101650.0,2978030.0,1248190.0,8.49253e-07,0.0013785,0.00250231,0.00113253,0.00113537,0.00113547,0.001137,631.608,0.0002,running,slow1
11.0,6736720.0,3101670.0,2978050.0,1248190.0,8.49257e-07,0.0013809,0.0025047,0.00113254,0.00113538,0.00113548,0.001137,625.91,0.0002,running,slow1
11.005,6735770.0,3101350.0,2977750.0,1248180.0,8.49198e-07,0.00134418,0.00246814,0.00113244,0.00113528,0.00113538,0.00113691,626.259,0.0002,running,slow1
11.01,6735770.0,3101350.0,2977750.0,1248180.0,8.49198e-07,0.00134418,0.00246814,0.00113244,0.00113528,0.00113538,0.00113691,627.325,0.0002,running,slow1
11.015,6735950.0,3101410.0,2977800.0,1248180.0,8.49209e-07,0.00135105,0.00247498,0.00113246,0.0011353,0.0011354,0.00113692,627.325,0.0002,running,slow1
11.02,6736010.0,3101430.0,2977820.0,1248190.0,8.49212e-07,0.0013533,0.00247722,0.00113246,0.0011353,0.0011354,0.00113693,628.176,0.0002,running,slow1
11.025,6736150.0,3101480.0,2977870.0,1248190.0,8.49221e-07,0.00135878,0.00248268,0.00113248,0.00113532,0.00113542,0.00113694,629.135,0.0002,running,slow1
11.03,6736150.0,3101480.0,2977870.0,1248190.0,8.49221e-07,0.00135878,0.00248268,0.00113248,0.00113532,0.00113542,0.00113694,632.061,0.0002,running,slow1
11.035,6736640.0,3101640.0,2978030.0,1248190.0,8.49252e-07,0.00137764,0.00250145,0.00113253,0.00113537,0.00113547,0.00113699,632.061,0.0002,running,slow1
11.04,6736800.0,3101700.0,2978080.0,1248190.0,8.49261e-07,0.00138382,0.00250761,0.00113254,0.00113538,0.00113548,0.00113701,631.07,0.0002,running,slow1
11.045,6736630.0,3101640.0,2978030.0,1248190.0,8.49251e-07,0.00137743,0.00250124,0.00113253,0.00113537,0.00113547,0.00113699,629.295,0.0002,running,slow1
11.05,6736630.0,3101640.0,2978030.0,1248190.0,8.49251e-07,0.00137743,0.00250124,0.00113253,0.00113537,0.00113547,0.00113699,623.885,0.0002,running,slow1
11.055,6735730.0,3101330.0,2977730.0,1248180.0,8.49195e-07,0.00134257,0.00246654,0.00113243,0.00113527,0.00113537,0.0011369,623.885,0.0002,running,slow1
11.06,6735430.0,3101230.0,2977640.0,1248180.0,8.49176e-07,0.00133114,0.00245515,0.0011324,0.00113524,0.00113534,0.00113687,631.139,0.0002,running,slow1
11.065,6736640.0,3101650.0,2978030.0,1248190.0,8.49252e-07,0.00137788,0.00250169,0.00113253,0.00113537,0.00113547,0.001137,630.169,0.0002,running,slow1
11.07,6736640.0,3101650.0,2978030.0,1248190.0,8.49252e-07,0.00137788,0.00250169,0.00113253,0.00113537,0.00113547,0.001137,627.212,0.0002,running,slow1
11.075,6736150.0,3101480.0,2977870.0,1248190.0,8.49221e-07,0.00135882,0.00248272,0.00113248,0.00113532,0.00113542,0.00113694,627.212,0.0002,running,slow1
11.08,6735990.0,3101420.0,2977820.0,1248190.0,8.49211e-07,0.00135257,0.00247649,0.00113246,0.0011353,0.0011354,0.00113693,627.329,0.0002,running,slow1
11.085,6736010.0,3101430.0,2977820.0,1248190.0,8.49212e-07,0.00135332,0.00247724,0.00113246,0.0011353,0.0011354,0.00113693,627.262,0.0002,running,slow1
11.09,6736010.0,3101430.0,2977820.0,1248190.0,8.49212e-07,0.00135332,0.00247724,0.00113246,0.0011353,0.0011354,0.00113693,627.058,0.0002,running,slow1
11.095,6735970.0,3101420.0,2977810.0,1248190.0,8.4921e-07,0.00135201,0.00247594,0.00113246,0.0011353,0.0011354,0.00113693,627.058,0.0002,running,slow1
11.1,6735960.0,3101410.0,2977810.0,1248190.0,8.49209e-07,0.00135158,0.00247551,0.00113246,0.0011353,0.0011354,0.00113693,628.395,0.0002,running,slow1
11.105,6736190.0,3101490.0,2977880.0,1248190.0,8.49223e-07,0.00136019,0.00248408,0.00113248,0.00113532,0.00113542,0.00113695,628.466,0.0002,running,slow1
11.11,6736190.0,3101490.0,2977880.0,1248190.0,8.49223e-07,0.00136019,0.00248408,0.00113248,0.00113532,0.00113542,0.00113695,628.682,0.0002,running,slow1
11.115,6736220.0,3101500.0,2977890.0,1248190.0,8.49226e-07,0.00136159,0.00248547,0.00113248,0.00113532,0.00113542,0.00113695,628.682,0.0002,running,slow1
11.12,6736230.0,3101510.0,2977900.0,1248190.0,8.49226e-07,0.00136205,0.00248593,0.00113249,0.00113533,0.00113543,0.00113695,625.667,0.0002,running,slow1
11.125,6735730.0,3101330.0,2977730.0,1248180.0,8.49195e-07,0.00134262,0.00246658,0.00113243,0.00113527,0.00113537,0.0011369,626.409,0.0002,running,slow1
11.13,6735730.0,3101330.0,2977730.0,1248180.0,8.49195e-07,0.00134262,0.00246658,0.00113243,0.00113527,0.00113537,0.0011369,628.669,0.0002,running,slow1
11.135,6736110.0,3101460.0,2977860.0,1248190.0,8.49219e-07,0.00135719,0.00248109,0.00113247,0.00113531,0.00113541,0.00113694,628.669,0.0002,running,slow1
11.14,6736230.0,3101510.0,2977900.0,1248190.0,8.49226e-07,0.00136196,0.00248584,0.00113249,0.00113532,0.00113543,0.00113695,625.995,0.0002,running,slow1
11.145,6735790.0,3101350.0,2977750.0,1248180.0,8.49198e-07,0.00134473,0.00246868,0.00113244,0.00113528,0.00113538,0.00113691,626.489,0.0002,running,slow1
11.15,6735790.0,3101350.0,2977750.0,1248180.0,8.49198e-07,0.00134473,0.00246868,0.00113244,0.00113528,0.00113538,0.00113691,627.997,0.0002,running,slow1
11.155,6736040.0,3101440.0,2977830.0,1248190.0,8.49214e-07,0.00135444,0.00247836,0.00113247,0.0011353,0.00113541,0.00113693,627.997,0.0002,running,slow1
11.16,6736120.0,3101470.0,2977860.0,1248190.0,8.49219e-07,0.00135763,0.00248153,0.00113247,0.00113531,0.00113541,0.00113694,630.944,0.0002,running,slow1
11.165,6736610.0,3101640.0,2978020.0,1248190.0,8.4925e-07,0.00137662,0.00250044,0.00113252,0.00113536,0.00113546,0.00113699,630.118,0.0002,running,slow1
11.17,6736610.0,3101640.0,2978020.0,1248190.0,8.4925e-07,0.00137662,0.00250044,0.00113252,0.00113536,0.00113546,0.00113699,627.601,0.0002,running,slow1
11.175,6736190.0,3101490.0,2977880.0,1248190.0,8.49224e-07,0.0013604,0.00248429,0.00113248,0.00113532,0.00113542,0.00113695,627.601,0.0002,running,slow1
11.18,6736050.0,3101440.0,2977840.0,1248190.0,8.49215e-07,0.00135508,0.00247899,0.00113247,0.00113531,0.00113541,0.00113693,626.553,0.0002,running,slow1
11.185,6735880.0,3101380.0,2977780.0,1248190.0,8.49204e-07,0.00134833,0.00247227,0.00113245,0.00113529,0.00113539,0.00113692,627.076,0.0002,running,slow1
11.19,6735880.0,3101380.0,2977780.0,1248190.0,8.49204e-07,0.00134833,0.00247227,0.00113245,0.00113529,0.00113539,0.00113692,628.671,0.0002,running,slow1
11.195,6736140.0,3101480.0,2977870.0,1248190.0,8.49221e-07,0.0013586,0.0024825,0.00113248,0.00113532,0.00113542,0.00113694,628.671,0.0002,running,slow1
11.2,6736230.0,3101510.0,2977900.0,1248190.0,8.49226e-07,0.00136197,0.00248585,0.00113249,0.00113532,0.00113543,0.00113695,629.792,0.0002,running,slow1
11.205,6736420.0,3101570.0,2977960.0,1248190.0,8.49238e-07,0.0013692,0.00249305,0.0011325,0.00113534,0.00113544,0.00113697,629.706,0.0002,running,slow1
11.21,6736420.0,3101570.0,2977960.0,1248190.0,8.49238e-07,0.0013692,0.00249305,0.0011325,0.00113534,0.00113544,0.00113697,629.446,0.0002,running,slow1
11.215,6736380.0,3101560.0,2977940.0,1248190.0,8.49235e-07,0.00136752,0.00249138,0.0011325,0.00113534,0.00113544,0.00113697,629.446,0.0002,running,slow1
11.22,6736360.0,3101550.0,2977940.0,1248190.0,8.49234e-07,0.00136697,0.00249083,0.0011325,0.00113534,0.00113544,0.00113697,630.381,0.0002,running,slow1
11.225,6736520.0,3101600.0,2977990.0,1248190.0,8.49244e-07,0.00137299,0.00249683,0.00113251,0.00113535,0.00113545,0.00113698,630.416,0.0002,running,slow1
11.23,6736520.0,3101600.0,2977990.0,1248190.0,8.49244e-07,0.00137299,0.00249683,0.00113251,0.00113535,0.00113545,0.00113698,630.522,0.0002,running,slow1
11.235,6736540.0,3101610.0,2978000.0,1248190.0,8.49245e-07,0.00137368,0.00249751,0.00113252,0.00113536,0.00113546,0.00113698,630.522,0.0002,running,slow1
11.24,6736540.0,3101610.0,2978000.0,1248190.0,8.49245e-07,0.0013739,0.00249773,0.00113252,0.00113536,0.00113546,0.00113698,625.466,0.0002,running,slow1
11.245,6735700.0,3101320.0,2977720.0,1248180.0,8.49193e-07,0.00134132,0.00246529,0.00113243,0.00113527,0.00113537,0.0011369,626.56,0.0002,running,slow1
11.25,6735700.0,3101320.0,2977720.0,1248180.0,8.49193e-07,0.00134132,0.00246529,0.00113243,0.00113527,0.00113537,0.0011369,629.896,0.0002,running,slow1
11.255,6736250.0,3101510.0,2977900.0,1248190.0,8.49228e-07,0.00136282,0.00248669,0.00113249,0.00113533,0.00113543,0.00113696,629.896,0.0002,running,slow1
11.26,6736440.0,3101580.0,2977960.0,1248190.0,8.49239e-07,0.00136987,0.00249371,0.00113251,0.00113535,0.00113545,0.00113697,626.29,0.0002,running,slow1
11.265,6735830.0,3101370.0,2977770.0,1248190.0,8.49201e-07,0.00134663,0.00247058,0.00113245,0.00113528,0.00113538,0.00113691,626.12,0.0002,running,slow1
11.27,6735830.0,3101370.0,2977770.0,1248190.0,8.49201e-07,0.00134663,0.00247058,0.00113245,0.00113528,0.00113538,0.00113691,625.601,0.0002,running,slow1
11.275,6735750.0,3101340.0,2977740.0,1248190.0,8.49196e-07,0.00134329,0.00246725,0.00113244,0.00113528,0.00113538,0.0011369,625.601,0.0002,running,slow1
11.28,6735720.0,3101330.0,2977730.0,1248180.0,8.49194e-07,0.00134219,0.00246616,0.00113243,0.00113527,0.00113537,0.0011369,631.247,0.0002,running,slow1
11.285,6736660.0,3101650.0,2978040.0,1248190.0,8.49253e-07,0.00137857,0.00250238,0.00113253,0.00113537,0.00113547,0.001137,631.23,0.0002,running,slow1
11.29,6736660.0,3101650.0,2978040.0,1248190.0,8.49253e-07,0.00137857,0.00250238,0.00113253,0.00113537,0.00113547,0.001137,631.181,0.0002,running,slow1
11.295,6736650.0,3101650.0,2978030.0,1248190.0,8.49253e-07,0.00137825,0.00250206,0.00113253,0.00113537,0.00113547,0.001137,631.181,0.0002,running,slow1
11.3,6736650.0,3101650.0,2978030.0,1248190.0,8.49252e-07,0.00137815,0.00250196,0.00113253,0.00113537,0.00113547,0.001137,631.348,0.0002,running,slow1
11.305,6736680.0,3101660.0,2978040.0,1248190.0,8.49254e-07,0.00137922,0.00250303,0.00113253,0.00113537,0.00113547,0.001137,629.666,0.0002,running,slow1
11.31,6736680.0,3101660.0,2978040.0,1248190.0,8.49254e-07,0.00137922,0.00250303,0.00113253,0.00113537,0.00113547,0.001137,624.54,0.0002,running,slow1
11.315,6735820.0,3101370.0,2977770.0,1248190.0,8.49201e-07,0.00134619,0.00247014,0.00113244,0.00113528,0.00113538,0.00113691,624.54,0.0002,running,slow1
11.32,6735540.0,3101270.0,2977680.0,1248180.0,8.49183e-07,0.00133536,0.00245935,0.00113242,0.00113525,0.00113535,0.00113688,625.417,0.0002,running,slow1
11.325,6735690.0,3101320.0,2977720.0,1248180.0,8.49192e-07,0.00134101,0.00246498,0.00113243,0.00113527,0.00113537,0.0011369,626.677,0.0002,running,slow1
11.33,6735690.0,3101320.0,2977720.0,1248180.0,8.49192e-07,0.00134101,0.00246498,0.00113243,0.00113527,0.00113537,0.0011369,630.52,0.0002,running,slow1
11.335,6736330.0,3101540.0,2977930.0,1248190.0,8.49232e-07,0.00136577,0.00248963,0.0011325,0.00113533,0.00113544,0.00113696,630.52,0.0002,running,slow1
11.34,6736540.0,3101610.0,2978000.0,1248190.0,8.49245e-07,0.00137389,0.00249772,0.00113252,0.00113536,0.00113546,0.00113698,631.808,0.0002,running,slow1
11.345,6736760.0,3101690.0,2978070.0,1248200.0,8.49259e-07,0.00138219,0.00250598,0.00113254,0.00113538,0.00113548,0.00113701,630.857,0.0002,running,slow1
11.35,6736760.0,3101690.0,2978070.0,1248200.0,8.49259e-07,0.00138219,0.00250598,0.00113254,0.00113538,0.00113548,0.00113701,627.959,0.0002,running,slow1
11.355,6736270.0,3101520.0,2977910.0,1248190.0,8.49229e-07,0.00136351,0.00248739,0.00113249,0.00113533,0.00113543,0.00113696,627.959,0.0002,running,slow1
11.36,6736110.0,3101470.0,2977860.0,1248190.0,8.49219e-07,0.00135739,0.00248129,0.00113247,0.00113531,0.00113541,0.00113694,629.334,0.0002,running,slow1
11.365,6736340.0,3101540.0,2977930.0,1248190.0,8.49233e-07,0.00136625,0.00249011,0.0011325,0.00113534,0.00113544,0.00113696,629.63,0.0002,running,slow1
11.37,6736340.0,3101540.0,2977930.0,1248190.0,8.49233e-07,0.00136625,0.00249011,0.0011325,0.00113534,0.00113544,0.00113696,630.531,0.0002,running,slow1
11.375,6736490.0,3101600.0,2977980.0,1248190.0,8.49243e-07,0.00137206,0.00249589,0.00113251,0.00113535,0.00113545,0.00113698,630.531,0.0002,running,slow1
11.38,6736540.0,3101610.0,2978000.0,1248190.0,8.49246e-07,0.00137396,0.00249779,0.00113252,0.00113536,0.00113546,0.00113698,628.426,0.0002,running,slow1
11.385,6736190.0,3101490.0,2977880.0,1248190.0,8.49224e-07,0.00136039,0.00248428,0.00113248,0.00113532,0.00113542,0.00113695,628.906,0.0002,running,slow1
11.39,6736190.0,3101490.0,2977880.0,1248190.0,8.49224e-07,0.00136039,0.00248428,0.00113248,0.00113532,0.00113542,0.00113695,630.369,0.0002,running,slow1
11.395,6736440.0,3101580.0,2977960.0,1248190.0,8.49239e-07,0.00136982,0.00249367,0.00113251,0.00113535,0.00113545,0.00113697,630.369,0.0002,running,slow1
11.4,6736520.0,3101600.0,2977990.0,1248190.0,8.49244e-07,0.00137292,0.00249675,0.00113251,0.00113535,0.00113545,0.00113698,627.075,0.0002,running,slow1
11.405,6735970.0,3101410.0,2977810.0,1248190.0,8.4921e-07,0.00135169,0.00247562,0.00113246,0.0011353,0.0011354,0.00113693,626.933,0.0002,running,slow1
11.41,6735970.0,3101410.0,2977810.0,1248190.0,8.4921e-07,0.00135169,0.00247562,0.00113246,0.0011353,0.0011354,0.00113693,626.498,0.0002,running,slow1
11.415,6735890.0,3101390.0,2977790.0,1248190.0,8.49205e-07,0.00134889,0.00247283,0.00113245,0.00113529,0.00113539,0.00113692,626.498,0.0002,running,slow1
11.42,6735870.0,3101380.0,2977780.0,1248190.0,8.49204e-07,0.00134797,0.00247191,0.00113245,0.00113529,0.00113539,0.00113692,631.5,0.0002,running,slow1
11.425,6736700.0,3101670.0,2978050.0,1248200.0,8.49256e-07,0.00138021,0.00250401,0.00113253,0.00113537,0.00113547,0.001137,630.953,0.0002,running,slow1
11.43,6736700.0,3101670.0,2978050.0,1248200.0,8.49256e-07,0.00138021,0.00250401,0.00113253,0.00113537,0.00113547,0.001137,629.286,0.0002,running,slow1
11.435,6736430.0,3101570.0,2977960.0,1248190.0,8.49238e-07,0.00136946,0.00249331,0.00113251,0.00113534,0.00113544,0.00113697,629.286,0.0002,running,slow1
11.44,6736330.0,3101540.0,2977930.0,1248190.0,8.49233e-07,0.00136594,0.0024898,0.0011325,0.00113534,0.00113544,0.00113696,631.258,0.0002,running,slow1
11.445,6736660.0,3101660.0,2978040.0,1248200.0,8.49253e-07,0.00137865,0.00250246,0.00113253,0.00113537,0.00113547,0.001137,630.633,0.0002,running,slow1
11.45,6736660.0,3101660.0,2978040.0,1248200.0,8.49253e-07,0.00137865,0.00250246,0.00113253,0.00113537,0.00113547,0.001137,628.728,0.0002,running,slow1
11.455,6736350.0,3101550.0,2977940.0,1248190.0,8.49233e-07,0.00136637,0.00249023,0.0011325,0.00113534,0.00113544,0.00113696,628.728,0.0002,running,slow1
11.46,6736240.0,3101510.0,2977900.0,1248190.0,8.49227e-07,0.00136234,0.00248622,0.00113249,0.00113533,0.00113543,0.00113695,628.33,0.0002,running,slow1
11.465,6736180.0,3101490.0,2977880.0,1248190.0,8.49223e-07,0.00135978,0.00248367,0.00113248,0.00113532,0.00113542,0.00113695,628.812,0.0002,running,slow1
11.47,6736180.0,3101490.0,2977880.0,1248190.0,8.49223e-07,0.00135978,0.00248367,0.00113248,0.00113532,0.00113542,0.00113695,630.282,0.0002,running,slow1
11.475,6736420.0,3101570.0,2977960.0,1248190.0,8.49238e-07,0.00136925,0.0024931,0.0011325,0.00113534,0.00113544,0.00113697,630.282,0.0002,running,slow1
11.48,6736500.0,3101600.0,2977990.0,1248190.0,8.49243e-07,0.00137236,0.00249619,0.00113251,0.00113535,0.00113545,0.00113698,627.629,0.0002,running,slow1
11.485,6736060.0,3101450.0,2977840.0,1248190.0,8.49215e-07,0.00135526,0.00247917,0.00113247,0.00113531,0.00113541,0.00113693,628.291,0.0002,running,slow1
11.49,6736060.0,3101450.0,2977840.0,1248190.0,8.49215e-07,0.00135526,0.00247917,0.00113247,0.00113531,0.00113541,0.00113693,630.311,0.0002,running,slow1
11.495,6736400.0,3101560.0,2977950.0,1248190.0,8.49236e-07,0.00136827,0.00249212,0.0011325,0.00113534,0.00113544,0.00113697,630.311,0.0002,running,slow1
11.5,6736510.0,3101600.0,2977990.0,1248190.0,8.49243e-07,0.00137254,0.00249637,0.00113251,0.00113535,0.00113545,0.00113698,628.727,0.0002,running,slow1
11.505,6736240.0,3101510.0,2977900.0,1248190.0,8.49227e-07,0.00136233,0.00248621,0.00113249,0.00113533,0.00113543,0.00113695,629.374,0.0002,running,slow1
11.51,6736240.0,3101510.0,2977900.0,1248190.0,8.49227e-07,0.00136233,0.00248621,0.00113249,0.00113533,0.00113543,0.00113695,631.349,0.0002,running,slow1
11.515,6736570.0,3101620.0,2978010.0,1248200.0,8.49247e-07,0.00137506,0.00249888,0.00113252,0.00113536,0.00113546,0.00113699,631.349,0.0002,running,slow1
11.52,6736680.0,3101660.0,2978040.0,1248200.0,8.49254e-07,0.00137923,0.00250303,0.00113253,0.00113537,0.00113547,0.001137,630.042,0.0002,running,slow1
11.525,6736460.0,3101590.0,2977970.0,1248190.0,8.4924e-07,0.00137081,0.00249465,0.00113251,0.00113535,0.00113545,0.00113698,629.406,0.0002,running,slow1
11.53,6736460.0,3101590.0,2977970.0,1248190.0,8.4924e-07,0.00137081,0.00249465,0.00113251,0.00113535,0.00113545,0.00113698,627.468,0.0002,running,slow1
11.535,6736140.0,3101470.0,2977870.0,1248190.0,8.4922e-07,0.00135832,0.00248222,0.00113248,0.00113531,0.00113542,0.00113694,627.468,0.0002,running,slow1
11.54,6736030.0,3101440.0,2977830.0,1248190.0,8.49214e-07,0.00135422,0.00247814,0.00113246,0.0011353,0.0011354,0.00113693,625.986,0.0002,running,slow1
11.545,6735780.0,3101350.0,2977750.0,1248190.0,8.49198e-07,0.00134467,0.00246863,0.00113244,0.00113528,0.00113538,0.00113691,626.924,0.0002,running,slow1
11.55,6735780.0,3101350.0,2977750.0,1248190.0,8.49198e-07,0.00134467,0.00246863,0.00113244,0.00113528,0.00113538,0.00113691,629.782,0.0002,running,slow1
11.555,6736260.0,3101520.0,2977910.0,1248190.0,8.49228e-07,0.0013631,0.00248697,0.00113249,0.00113533,0.00113543,0.00113696,629.782,0.0002,running,slow1
11.56,6736420.0,3101570.0,2977960.0,1248190.0,8.49238e-07,0.00136914,0.00249299,0.0011325,0.00113534,0.00113544,0.00113697,629.156,0.0002,running,slow1
11.565,6736310.0,3101540.0,2977930.0,1248190.0,8.49231e-07,0.0013651,0.00248897,0.00113249,0.00113533,0.00113543,0.00113696,628.67,0.0002,running,slow1
11.57,6736310.0,3101540.0,2977930.0,1248190.0,8.49231e-07,0.0013651,0.00248897,0.00113249,0.00113533,0.00113543,0.00113696,627.186,0.0002,running,slow1
11.575,6736070.0,3101450.0,2977850.0,1248190.0,8.49216e-07,0.00135554,0.00247945,0.00113247,0.00113531,0.00113541,0.00113694,627.186,0.0002,running,slow1
11.58,6735980.0,3101420.0,2977820.0,1248190.0,8.49211e-07,0.0013524,0.00247633,0.00113246,0.0011353,0.0011354,0.00113693,627.894,0.0002,running,slow1
11.585,6736100.0,3101460.0,2977860.0,1248190.0,8.49218e-07,0.00135697,0.00248087,0.00113247,0.00113531,0.00113541,0.00113694,628.914,0.0002,running,slow1
11.59,6736100.0,3101460.0,2977860.0,1248190.0,8.49218e-07,0.00135697,0.00248087,0.00113247,0.00113531,0.00113541,0.00113694,632.023,0.0002,running,slow1
11.595,6736620.0,3101640.0,2978020.0,1248200.0,8.4925e-07,0.00137701,0.00250082,0.00113252,0.00113536,0.00113546,0.00113699,632.023,0.0002,running,slow1
11.6,6736790.0,3101700.0,2978080.0,1248200.0,8.49261e-07,0.00138358,0.00250736,0.00113254,0.00113538,0.00113548,0.00113701,627.834,0.0002,running,slow1
11.605,6736090.0,3101460.0,2977850.0,1248190.0,8.49218e-07,0.00135658,0.00248048,0.00113247,0.00113531,0.00113541,0.00113694,628.524,0.0002,running,slow1
11.61,6736090.0,3101460.0,2977850.0,1248190.0,8.49218e-07,0.00135658,0.00248048,0.00113247,0.00113531,0.00113541,0.00113694,630.627,0.0002,running,slow1
11.615,6736440.0,3101580.0,2977970.0,1248190.0,8.49239e-07,0.00137014,0.00249398,0.00113251,0.00113535,0.00113545,0.00113697,630.627,0.0002,running,slow1
11.62,6736560.0,3101620.0,2978000.0,1248200.0,8.49247e-07,0.00137458,0.00249841,0.00113252,0.00113536,0.00113546,0.00113699,627.519,0.0002,running,slow1
11.625,6736040.0,3101440.0,2977840.0,1248190.0,8.49214e-07,0.00135455,0.00247846,0.00113247,0.0011353,0.00113541,0.00113693,627.815,0.0002,running,slow1
11.63,6736040.0,3101440.0,2977840.0,1248190.0,8.49214e-07,0.00135455,0.00247846,0.00113247,0.0011353,0.00113541,0.00113693,628.718,0.0002,running,slow1
11.635,6736190.0,3101490.0,2977890.0,1248190.0,8.49224e-07,0.00136037,0.00248426,0.00113248,0.00113532,0.00113542,0.00113695,628.718,0.0002,running,slow1
11.64,6736240.0,3101510.0,2977900.0,1248190.0,8.49227e-07,0.00136228,0.00248616,0.00113249,0.00113533,0.00113543,0.00113695,631.757,0.0002,running,slow1
11.645,6736750.0,3101690.0,2978070.0,1248200.0,8.49258e-07,0.00138186,0.00250566,0.00113254,0.00113538,0.00113548,0.00113701,630.366,0.0002,running,slow1
11.65,6736750.0,3101690.0,2978070.0,1248200.0,8.49258e-07,0.00138186,0.00250566,0.00113254,0.00113538,0.00113548,0.00113701,626.124,0.0002,running,slow1
11.655,6736040.0,3101440.0,2977840.0,1248190.0,8.49214e-07,0.00135453,0.00247844,0.00113247,0.0011353,0.00113541,0.00113693,626.124,0.0002,running,slow1
11.66,6735810.0,3101360.0,2977760.0,1248190.0,8.492e-07,0.00134556,0.00246951,0.00113244,0.00113528,0.00113538,0.00113691,629.303,0.0002,running,slow1
11.665,6736340.0,3101540.0,2977930.0,1248190.0,8.49233e-07,0.00136605,0.00248991,0.0011325,0.00113534,0.00113544,0.00113696,628.319,0.0002,running,slow1
11.67,6736340.0,3101540.0,2977930.0,1248190.0,8.49233e-07,0.00136605,0.00248991,0.0011325,0.00113534,0.00113544,0.00113696,625.318,0.0002,running,slow1
11.675,6735840.0,3101370.0,2977770.0,1248190.0,8.49202e-07,0.00134671,0.00247066,0.00113245,0.00113528,0.00113538,0.00113691,625.318,0.0002,running,slow1
11.68,6735670.0,3101320.0,2977720.0,1248190.0,8.49191e-07,0.00134037,0.00246435,0.00113243,0.00113527,0.00113537,0.00113689,630.51,0.0002,running,slow1
11.685,6736540.0,3101610.0,2978000.0,1248200.0,8.49245e-07,0.00137383,0.00249766,0.00113252,0.00113536,0.00113546,0.00113698,630.106,0.0002,running,slow1
11.69,6736540.0,3101610.0,2978000.0,1248200.0,8.49245e-07,0.00137383,0.00249766,0.00113252,0.00113536,0.00113546,0.00113698,628.874,0.0002,running,slow1
11.695,6736330.0,3101540.0,2977930.0,1248190.0,8.49233e-07,0.00136589,0.00248975,0.0011325,0.00113533,0.00113544,0.00113696,628.874,0.0002,running,slow1
11.7,6736270.0,3101520.0,2977910.0,1248190.0,8.49228e-07,0.00136328,0.00248716,0.00113249,0.00113533,0.00113543,0.00113696,624.829,0.0002,running,slow1
11.705,6735590.0,3101290.0,2977690.0,1248190.0,8.49186e-07,0.00133722,0.00246121,0.00113242,0.00113526,0.00113536,0.00113689,625.513,0.0002,running,slow1
11.71,6735590.0,3101290.0,2977690.0,1248190.0,8.49186e-07,0.00133722,0.00246121,0.00113242,0.00113526,0.00113536,0.00113689,627.599,0.0002,running,slow1
11.715,6735940.0,3101410.0,2977810.0,1248190.0,8.49208e-07,0.00135066,0.00247459,0.00113246,0.00113529,0.00113539,0.00113692,627.599,0.0002,running,slow1
11.72,6736050.0,3101450.0,2977840.0,1248190.0,8.49215e-07,0.00135506,0.00247897,0.00113247,0.00113531,0.00113541,0.00113693,629.73,0.0002,running,slow1
11.725,6736410.0,3101570.0,2977960.0,1248200.0,8.49237e-07,0.0013688,0.00249265,0.0011325,0.00113534,0.00113544,0.00113697,628.319,0.0002,running,slow1
11.73,6736410.0,3101570.0,2977960.0,1248200.0,8.49237e-07,0.0013688,0.00249265,0.0011325,0.00113534,0.00113544,0.00113697,624.016,0.0002,running,slow1
11.735,6735690.0,3101320.0,2977730.0,1248190.0,8.49192e-07,0.00134107,0.00246505,0.00113243,0.00113527,0.00113537,0.0011369,624.016,0.0002,running,slow1
11.74,6735450.0,3101240.0,2977650.0,1248190.0,8.49178e-07,0.00133198,0.00245599,0.00113241,0.00113524,0.00113535,0.00113687,623.082,0.0002,running,slow1
11.745,6735300.0,3101190.0,2977600.0,1248180.0,8.49168e-07,0.00132596,0.00244999,0.00113239,0.00113523,0.00113533,0.00113686,623.469,0.0002,running,slow1
11.75,6735300.0,3101190.0,2977600.0,1248180.0,8.49168e-07,0.00132596,0.00244999,0.00113239,0.00113523,0.00113533,0.00113686,624.648,0.0002,running,slow1
11.755,6735500.0,3101250.0,2977660.0,1248190.0,8.4918e-07,0.00133356,0.00245756,0.00113241,0.00113525,0.00113535,0.00113688,624.648,0.0002,running,slow1
11.76,6735560.0,3101280.0,2977680.0,1248190.0,8.49184e-07,0.00133605,0.00246004,0.00113242,0.00113526,0.00113536,0.00113688,626.305,0.0002,running,slow1
11.765,6735840.0,3101370.0,2977770.0,1248190.0,8.49202e-07,0.00134673,0.00247068,0.00113245,0.00113528,0.00113538,0.00113691,627.057,0.0002,running,slow1
11.77,6735840.0,3101370.0,2977770.0,1248190.0,8.49202e-07,0.00134673,0.00247068,0.00113245,0.00113528,0.00113538,0.00113691,629.35,0.0002,running,slow1
11.775,6736220.0,3101500.0,2977900.0,1248190.0,8.49225e-07,0.00136151,0.00248539,0.00113248,0.00113532,0.00113542,0.00113695,629.35,0.0002,running,slow1
11.78,6736350.0,3101550.0,2977940.0,1248200.0,8.49233e-07,0.00136635,0.00249021,0.0011325,0.00113534,0.00113544,0.00113696,629.342,0.0002,running,slow1
11.785,6736340.0,3101550.0,2977940.0,1248200.0,8.49233e-07,0.0013663,0.00249016,0.0011325,0.00113534,0.00113544,0.00113696,629.0,0.0002,running,slow1
11.79,6736340.0,3101550.0,2977940.0,1248200.0,8.49233e-07,0.0013663,0.00249016,0.0011325,0.00113534,0.00113544,0.00113696,627.958,0.0002,running,slow1
11.795,6736170.0,3101490.0,2977880.0,1248190.0,8.49222e-07,0.00135958,0.00248347,0.00113248,0.00113532,0.00113542,0.00113695,627.958,0.0002,running,slow1
11.8,6736110.0,3101470.0,2977860.0,1248190.0,8.49219e-07,0.00135738,0.00248128,0.00113247,0.00113531,0.00113541,0.00113694,626.113,0.0002,running,slow1
11.805,6735810.0,3101360.0,2977760.0,1248190.0,8.492e-07,0.00134549,0.00246944,0.00113244,0.00113528,0.00113538,0.00113691,627.148,0.0002,running,slow1
11.81,6735810.0,3101360.0,2977760.0,1248190.0,8.492e-07,0.00134549,0.00246944,0.00113244,0.00113528,0.00113538,0.00113691,630.303,0.0002,running,slow1
11.815,6736330.0,3101540.0,2977930.0,1248200.0,8.49232e-07,0.00136582,0.00248968,0.0011325,0.00113533,0.00113543,0.00113696,630.303,0.0002,running,slow1
11.82,6736500.0,3101600.0,2977990.0,1248200.0,8.49243e-07,0.00137249,0.00249632,0.00113251,0.00113535,0.00113545,0.00113698,634.084,0.0002,running,slow1
11.825,6737140.0,3101820.0,2978190.0,1248200.0,8.49283e-07,0.00139686,0.00252059,0.00113258,0.00113542,0.00113552,0.00113705,632.576,0.0002,running,slow1
11.83,6737140.0,3101820.0,2978190.0,1248200.0,8.49283e-07,0.00139686,0.00252059,0.00113258,0.00113542,0.00113552,0.00113705,627.98,0.0002,running,slow1
11.835,6736370.0,3101560.0,2977940.0,1248200.0,8.49235e-07,0.00136724,0.0024911,0.0011325,0.00113534,0.00113544,0.00113697,627.98,0.0002,running,slow1
11.84,6736120.0,3101470.0,2977860.0,1248190.0,8.49219e-07,0.00135752,0.00248142,0.00113247,0.00113531,0.00113541,0.00113694,628.908,0.0002,running,slow1
11.845,6736270.0,3101520.0,2977910.0,1248200.0,8.49229e-07,0.0013635,0.00248738,0.00113249,0.00113533,0.00113543,0.00113696,628.052,0.0002,running,slow1
11.85,6736270.0,3101520.0,2977910.0,1248200.0,8.49229e-07,0.0013635,0.00248738,0.00113249,0.00113533,0.00113543,0.00113696,625.44,0.0002,running,slow1
11.855,6735840.0,3101370.0,2977770.0,1248190.0,8.49202e-07,0.00134668,0.00247062,0.00113244,0.00113528,0.00113538,0.00113691,625.44,0.0002,running,slow1
11.86,6735690.0,3101320.0,2977730.0,1248190.0,8.49193e-07,0.00134116,0.00246513,0.00113243,0.00113527,0.00113537,0.0011369,628.167,0.0002,running,slow1
11.865,6736150.0,3101480.0,2977870.0,1248190.0,8.49221e-07,0.00135873,0.00248262,0.00113248,0.00113532,0.00113542,0.00113694,628.56,0.0002,running,slow1
11.87,6736150.0,3101480.0,2977870.0,1248190.0,8.49221e-07,0.00135873,0.00248262,0.00113248,0.00113532,0.00113542,0.00113694,629.756,0.0002,running,slow1
11.875,6736350.0,3101550.0,2977940.0,1248200.0,8.49233e-07,0.00136644,0.0024903,0.0011325,0.00113534,0.00113544,0.00113696,629.756,0.0002,running,slow1
11.88,6736410.0,3101570.0,2977960.0,1248200.0,8.49238e-07,0.00136897,0.00249282,0.0011325,0.00113534,0.00113544,0.00113697,628.44,0.0002,running,slow1
11.885,6736190.0,3101500.0,2977890.0,1248190.0,8.49224e-07,0.00136048,0.00248437,0.00113248,0.00113532,0.00113542,0.00113695,628.336,0.0002,running,slow1
11.89,6736190.0,3101500.0,2977890.0,1248190.0,8.49224e-07,0.00136048,0.00248437,0.00113248,0.00113532,0.00113542,0.00113695,628.022,0.0002,running,slow1
11.895,6736140.0,3101480.0,2977870.0,1248190.0,8.49221e-07,0.00135846,0.00248235,0.00113248,0.00113531,0.00113542,0.00113694,628.022,0.0002,running,slow1
11.9,6736120.0,3101470.0,2977870.0,1248190.0,8.49219e-07,0.00135779,0.00248169,0.00113247,0.00113531,0.00113541,0.00113694,628.237,0.0002,running,slow1
11.905,6736160.0,3101480.0,2977880.0,1248190.0,8.49222e-07,0.00135918,0.00248307,0.00113248,0.00113532,0.00113542,0.00113694,628.342,0.0002,running,slow1
11.91,6736160.0,3101480.0,2977880.0,1248190.0,8.49222e-07,0.00135918,0.00248307,0.00113248,0.00113532,0.00113542,0.00113694,628.664,0.0002,running,slow1
11.915,6736210.0,3101500.0,2977900.0,1248200.0,8.49225e-07,0.00136125,0.00248513,0.00113248,0.00113532,0.00113542,0.00113695,628.664,0.0002,running,slow1
11.92,6736230.0,3101510.0,2977900.0,1248200.0,8.49226e-07,0.00136193,0.00248581,0.00113248,0.00113532,0.00113542,0.00113695,627.224,0.0002,running,slow1
11.925,6735990.0,3101430.0,2977820.0,1248190.0,8.49211e-07,0.00135265,0.00247657,0.00113246,0.0011353,0.0011354,0.00113693,626.485,0.0002,running,slow1
11.93,6735990.0,3101430.0,2977820.0,1248190.0,8.49211e-07,0.00135265,0.00247657,0.00113246,0.0011353,0.0011354,0.00113693,624.231,0.0002,running,slow1
11.935,6735610.0,3101300.0,2977700.0,1248190.0,8.49188e-07,0.00133813,0.00246211,0.00113242,0.00113526,0.00113536,0.00113689,624.231,0.0002,running,slow1
11.94,6735490.0,3101250.0,2977660.0,1248190.0,8.4918e-07,0.00133336,0.00245737,0.00113241,0.00113525,0.00113535,0.00113688,625.548,0.0002,running,slow1
11.945,6735710.0,3101330.0,2977730.0,1248190.0,8.49194e-07,0.00134185,0.00246582,0.00113243,0.00113527,0.00113537,0.0011369,625.891,0.0002,running,slow1
11.95,6735710.0,3101330.0,2977730.0,1248190.0,8.49194e-07,0.00134185,0.00246582,0.00113243,0.00113527,0.00113537,0.0011369,626.939,0.0002,running,slow1
11.955,6735890.0,3101390.0,2977790.0,1248190.0,8.49205e-07,0.0013486,0.00247254,0.00113245,0.00113529,0.00113539,0.00113692,626.939,0.0002,running,slow1
11.96,6735940.0,3101410.0,2977810.0,1248190.0,8.49208e-07,0.00135082,0.00247474,0.00113246,0.00113529,0.00113539,0.00113692,624.678,0.0002,running,slow1
11.965,6735570.0,3101280.0,2977690.0,1248190.0,8.49185e-07,0.00133625,0.00246024,0.00113242,0.00113526,0.00113536,0.00113688,624.483,0.0002,running,slow1
11.97,6735570.0,3101280.0,2977690.0,1248190.0,8.49185e-07,0.00133625,0.00246024,0.00113242,0.00113526,0.00113536,0.00113688,623.889,0.0002,running,slow1
11.975,6735470.0,3101250.0,2977650.0,1248190.0,8.49179e-07,0.00133241,0.00245642,0.00113241,0.00113525,0.00113535,0.00113687,623.889,0.0002,running,slow1
11.98,6735430.0,3101230.0,2977640.0,1248190.0,8.49176e-07,0.00133116,0.00245517,0.0011324,0.00113524,0.00113534,0.00113687,629.14,0.0002,running,slow1
11.985,6736310.0,3101540.0,2977930.0,1248200.0,8.49231e-07,0.001365,0.00248887,0.00113249,0.00113533,0.00113543,0.00113696,628.176,0.0002,running,slow1
11.99,6736310.0,3101540.0,2977930.0,1248200.0,8.49231e-07,0.001365,0.00248887,0.00113249,0.00113533,0.00113543,0.00113696,625.237,0.0002,running,slow1
11.995,6735820.0,3101370.0,2977770.0,1248190.0,8.49201e-07,0.00134606,0.00247001,0.00113244,0.00113528,0.00113538,0.00113691,625.237,0.0002,running,slow1
12.0,6735660.0,3101310.0,2977720.0,1248190.0,8.49191e-07,0.00133985,0.00246383,0.00113243,0.00113527,0.00113537,0.00113689,630.387,0.0002,running,slow1
12.005,6736390.0,3118210.0,2993520.0,1248680.0,8.49236e-07,0.00136812,0.0024969,0.00113743,0.00114027,0.00114037,0.00114192,629.987,0.000201167,running,slow1
12.01,6736260.0,3134780.0,3009020.0,1249150.0,8.49228e-07,0.00136322,0.00249693,0.00114232,0.00114516,0.00114526,0.00114683,628.767,0.000202333,running,accelerating
12.015,6735930.0,3151220.0,3024390.0,1249620.0,8.49208e-07,0.0013505,0.00248913,0.00114715,0.00114999,0.00115009,0.00115168,628.767,0.0002035,running,accelerating
12.02,6735740.0,3167680.0,3039780.0,1250080.0,8.49196e-07,0.00134309,0.00248659,0.00115197,0.0011548,0.00115491,0.00115651,630.892,0.000204667,running,accelerating
12.025,6735970.0,3184220.0,3055260.0,1250550.0,8.4921e-07,0.00135199,0.00250025,0.00115679,0.00115962,0.00115973,0.00116135,630.066,0.000205833,running,accelerating
12.03,6735850.0,3200610.0,3070580.0,1251010.0,8.49202e-07,0.00134723,0.00250028,0.00116155,0.00116438,0.00116449,0.00116613,627.549,0.000207,running,accelerating
12.035,6735310.0,3216770.0,3085700.0,1251460.0,8.49169e-07,0.00132629,0.00248416,0.00116622,0.00116905,0.00116916,0.00117082,627.549,0.000208167,running,accelerating
12.04,6735050.0,3233010.0,3100880.0,1251910.0,8.49152e-07,0.00131627,0.00247889,0.00117091,0.00117373,0.00117384,0.00117552,630.966,0.000209333,running,accelerating
12.045,6735500.0,3249430.0,3116240.0,1252360.0,8.4918e-07,0.00133363,0.00250084,0.00117562,0.00117844,0.00117855,0.00118025,629.965,0.0002105,running,accelerating
12.05,6735380.0,3265620.0,3131380.0,1252800.0,8.49173e-07,0.001329,0.00250087,0.00118025,0.00118307,0.00118318,0.0011849,626.914,0.000211667,running,accelerating
12.055,6734750.0,3281540.0,3146270.0,1253240.0,8.49134e-07,0.00130475,0.00248132,0.00118478,0.0011876,0.00118771,0.00118945,626.914,0.000212833,running,accelerating
12.06,6734460.0,3297560.0,3161250.0,1253670.0,8.49116e-07,0.00129373,0.00247493,0.00118933,0.00119214,0.00119226,0.00119401,629.016,0.000214,running,accelerating
12.065,6734700.0,3313700.0,3176340.0,1254110.0,8.49131e-07,0.00130275,0.00248845,0.00119389,0.0011967,0.00119682,0.00119859,628.979,0.000215167,running,accelerating
12.07,6734580.0,3329670.0,3191280.0,1254540.0,8.49123e-07,0.00129824,0.00248847,0.00119839,0.0012012,0.00120132,0.00120311,628.864,0.000216333,running,accelerating
12.075,6734450.0,3345570.0,3206140.0,1254970.0,8.49115e-07,0.00129304,0.00248776,0.00120285,0.00120566,0.00120578,0.00120759,628.864,0.0002175,running,accelerating
12.08,6734320.0,3361430.0,3220980.0,1255390.0,8.49107e-07,0.00128835,0.00248755,0.00120729,0.0012101,0.00121022,0.00121205,626.783,0.000218667,running,accelerating
12.085,6733860.0,3377080.0,3235620.0,1255800.0,8.49079e-07,0.00127054,0.00247422,0.00121165,0.00121445,0.00121457,0.00121642,627.97,0.000219833,running,accelerating
12.09,6733750.0,3392840.0,3250350.0,1256220.0,8.49072e-07,0.00126616,0.00247425,0.00121603,0.00121883,0.00121895,0.00122082,631.587,0.000221,running,accelerating
12.095,6734240.0,3408750.0,3265230.0,1256640.0,8.49102e-07,0.00128512,0.00249749,0.00122044,0.00122323,0.00122335,0.00122524,631.587,0.000222167,running,accelerating
12.1,6734330.0,3424470.0,3279930.0,1257050.0,8.49108e-07,0.00128845,0.00250513,0.00122477,0.00122756,0.00122769,0.00122959,628.242,0.000223333,running,accelerating
12.105,6733660.0,3439810.0,3294270.0,1257450.0,8.49066e-07,0.00126262,0.00248369,0.00122899,0.00123177,0.0012319,0.00123383,628.085,0.0002245,running,accelerating
12.11,6733550.0,3455340.0,3308790.0,1257850.0,8.49059e-07,0.00125836,0.00248372,0.00123325,0.00123603,0.00123615,0.0012381,627.604,0.000225667,running,accelerating
12.115,6733360.0,3470750.0,3323200.0,1258250.0,8.49047e-07,0.00125104,0.00248066,0.00123745,0.00124023,0.00124036,0.00124232,627.604,0.000226833,running,accelerating
12.12,6733220.0,3486150.0,3337600.0,1258650.0,8.49039e-07,0.00124582,0.00247967,0.00124165,0.00124442,0.00124455,0.00124653,631.401,0.000228,running,accelerating
12.125,6733750.0,3501740.0,3352180.0,1259050.0,8.49072e-07,0.00126612,0.00250406,0.00124588,0.00124864,0.00124878,0.00125078,631.187,0.000229167,running,accelerating
12.13,6733640.0,3517030.0,3366480.0,1259440.0,8.49065e-07,0.00126198,0.00250409,0.00125001,0.00125278,0.00125291,0.00125493,630.533,0.000230333,running,accelerating
12.135,6733420.0,3532200.0,3380660.0,1259820.0,8.49051e-07,0.00125367,0.00249992,0.0012541,0.00125686,0.00125699,0.00125903,630.533,0.0002315,running,accelerating
12.14,6733280.0,3547350.0,3394830.0,1260200.0,8.49043e-07,0.0012482,0.00249857,0.00125818,0.00126093,0.00126107,0.00126312,629.658,0.000232667,running,accelerating
12.145,6733030.0,3562380.0,3408880.0,1260580.0,8.49027e-07,0.00123852,0.00249297,0.0012622,0.00126495,0.00126509,0.00126716,629.995,0.000233833,running,accelerating
12.15,6732930.0,3577430.0,3422950.0,1260960.0,8.4902e-07,0.00123449,0.002493,0.00126622,0.00126897,0.0012691,0.0012712,631.025,0.000235,running,accelerating
12.155,6733000.0,3592470.0,3437020.0,1261340.0,8.49025e-07,0.00123714,0.00249963,0.00127023,0.00127297,0.0012731,0.00127522,631.025,0.000236167,running,accelerating
12.16,6732950.0,3607420.0,3451000.0,1261710.0,8.49022e-07,0.00123535,0.00250182,0.0012742,0.00127693,0.00127707,0.00127921,625.504,0.000237333,running,accelerating
12.165,6731930.0,3621860.0,3464500.0,1262070.0,8.48958e-07,0.00119585,0.00246642,0.00127802,0.00128075,0.00128089,0.00128304,626.408,0.0002385,running,accelerating
12.17,6731820.0,3636660.0,3478340.0,1262430.0,8.48952e-07,0.00119194,0.00246645,0.00128193,0.00128465,0.00128479,0.00128696,629.162,0.000239667,running,accelerating
12.175,6732180.0,3651590.0,3492290.0,1262800.0,8.48974e-07,0.00120581,0.00248414,0.00128585,0.00128857,0.00128872,0.0012909,629.162,0.000240833,running,accelerating
12.18,6732230.0,3666330.0,3506080.0,1263160.0,8.48977e-07,0.00120777,0.00248996,0.00128972,0.00129244,0.00129258,0.00129479,631.39,0.000242,running,accelerating
12.185,6732510.0,3681090.0,3519880.0,1263520.0,8.48994e-07,0.0012183,0.00250428,0.00129358,0.00129629,0.00129644,0.00129866,631.444,0.000243167,running,accelerating
12.19,6732410.0,3695650.0,3533490.0,1263880.0,8.48988e-07,0.0012145,0.0025043,0.00129738,0.00130008,0.00130023,0.00130248,631.61,0.000244333,running,accelerating
12.195,6732340.0,3710130.0,3547030.0,1264230.0,8.48984e-07,0.0012118,0.00250539,0.00130115,0.00130385,0.00130399,0.00130626,631.61,0.0002455,running,accelerating
12.2,6732250.0,3724560.0,3560520.0,1264570.0,8.48978e-07,0.0012084,0.00250576,0.00130489,0.00130759,0.00130774,0.00131002,628.015,0.000246667,running,accelerating
12.205,6731550.0,3738630.0,3573670.0,1264910.0,8.48935e-07,0.00118154,0.00248272,0.00130853,0.00131122,0.00131137,0.00131367,628.695,0.000247833,running,accelerating
12.21,6731460.0,3752920.0,3587040.0,1265260.0,8.48929e-07,0.00117784,0.00248274,0.00131222,0.0013149,0.00131506,0.00131737,630.768,0.000249,running,accelerating
12.215,6731710.0,3767300.0,3600480.0,1265600.0,8.48945e-07,0.00118753,0.00249606,0.00131592,0.0013186,0.00131875,0.00132109,630.768,0.000250167,running,accelerating
12.22,6731730.0,3781520.0,3613780.0,1265940.0,8.48946e-07,0.00118827,0.00250045,0.00131957,0.00132224,0.0013224,0.00132475,626.271,0.000251333,running,accelerating
12.225,6730880.0,3795260.0,3626620.0,1266260.0,8.48893e-07,0.0011557,0.00247162,0.00132309,0.00132575,0.00132591,0.00132828,626.419,0.0002525,running,accelerating
12.23,6730790.0,3809300.0,3639750.0,1266600.0,8.48887e-07,0.00115211,0.00247164,0.00132667,0.00132933,0.00132949,0.00133188,626.87,0.000253667,running,accelerating
12.235,6730770.0,3823290.0,3652830.0,1266920.0,8.48886e-07,0.00115146,0.00247456,0.00133023,0.00133289,0.00133304,0.00133545,626.87,0.000254833,running,accelerating
12.24,6730710.0,3837220.0,3665850.0,1267250.0,8.48882e-07,0.00114888,0.00247553,0.00133377,0.00133642,0.00133658,0.00133901,630.401,0.000256,running,accelerating
12.245,6731210.0,3851330.0,3679050.0,1267580.0,8.48913e-07,0.00116811,0.0024982,0.00133735,0.00133999,0.00134015,0.00134259,630.586,0.000257167,running,accelerating
12.25,6731120.0,3865120.0,3691940.0,1267900.0,8.48908e-07,0.00116462,0.00249822,0.00134083,0.00134346,0.00134363,0.00134609,631.149,0.000258333,running,accelerating
12.255,6731120.0,3878870.0,3704790.0,1268220.0,8.48908e-07,0.0011648,0.00250186,0.00134429,0.00134692,0.00134709,0.00134957,631.149,0.0002595,running,accelerating
12.26,6731060.0,3892540.0,3717570.0,1268540.0,8.48904e-07,0.00116255,0.00250306,0.00134773,0.00135036,0.00135052,0.00135302,630.4,0.000260667,running,accelerating
12.265,6730850.0,3906050.0,3730210.0,1268850.0,8.48891e-07,0.00115432,0.00249828,0.00135112,0.00135374,0.0013539,0.00135642,629.349,0.000261833,running,accelerating
12.27,6730760.0,3919580.0,3742850.0,1269160.0,8.48885e-07,0.00115093,0.0024983,0.00135451,0.00135712,0.00135728,0.00135982,626.145,0.000263,running,accelerating
12.275,6730140.0,3932760.0,3755170.0,1269470.0,8.48847e-07,0.00112693,0.00247776,0.0013578,0.0013604,0.00136057,0.00136312,626.145,0.000264167,running,accelerating
12.28,6729880.0,3946070.0,3767620.0,1269770.0,8.4883e-07,0.00111682,0.00247104,0.00136111,0.00136371,0.00136388,0.00136645,626.21,0.000265333,running,accelerating
12.285,6729800.0,3959390.0,3780070.0,1270070.0,8.48826e-07,0.00111394,0.00247148,0.00136442,0.00136701,0.00136718,0.00136977,625.951,0.0002665,running,accelerating
12.29,6729720.0,3972660.0,3792480.0,1270380.0,8.4882e-07,0.00111064,0.0024715,0.00136771,0.00137029,0.00137047,0.00137307,625.16,0.000267667,running,accelerating
12.295,6729500.0,3985770.0,3804740.0,1270670.0,8.48807e-07,0.00110229,0.00246644,0.00137095,0.00137353,0.0013737,0.00137633,625.16,0.000268833,running,accelerating
12.3,6729370.0,3998890.0,3817000.0,1270970.0,8.48799e-07,0.00109737,0.0024648,0.00137419,0.00137676,0.00137693,0.00137958,631.763,0.00027,running,accelerating
12.305,6730390.0,4012510.0,3829730.0,1271280.0,8.48862e-07,0.00113668,0.00250718,0.00137754,0.0013801,0.00138028,0.00138294,629.815,0.000271167,running,accelerating
12.31,6730310.0,4025520.0,3841900.0,1271570.0,8.48857e-07,0.00113348,0.0025072,0.00138074,0.00138329,0.00138347,0.00138615,623.876,0.000272333,running,accelerating
12.315,6729230.0,4037940.0,3853510.0,1271850.0,8.4879e-07,0.00109207,0.00246912,0.00138378,0.00138633,0.00138651,0.0013892,623.876,0.0002735,running,accelerating
12.32,6728830.0,4050650.0,3865390.0,1272130.0,8.48765e-07,0.00107637,0.00245664,0.00138689,0.00138943,0.00138961,0.00139232,628.463,0.000274667,running,accelerating
12.325,6729510.0,4063850.0,3877730.0,1272420.0,8.48808e-07,0.00110278,0.00248609,0.00139011,0.00139264,0.00139282,0.00139555,628.274,0.000275833,running,accelerating
12.33,6729430.0,4076600.0,3889650.0,1272710.0,8.48803e-07,0.00109967,0.00248611,0.00139321,0.00139574,0.00139593,0.00139867,627.698,0.000277,running,accelerating
12.335,6729250.0,4089220.0,3901450.0,1272990.0,8.48792e-07,0.00109288,0.00248243,0.00139628,0.0013988,0.00139898,0.00140175,627.698,0.000278167,running,accelerating
12.34,6729140.0,4101830.0,3913240.0,1273270.0,8.48785e-07,0.0010886,0.00248123,0.00139934,0.00140185,0.00140204,0.00140482,624.685,0.000279333,running,accelerating
12.345,6728560.0,4114110.0,3924710.0,1273540.0,8.48748e-07,0.00106617,0.00246192,0.00140231,0.00140481,0.001405,0.0014078,625.872,0.0002805,running,accelerating
12.35,6728480.0,4126610.0,3936400.0,1273810.0,8.48744e-07,0.00106315,0.00246194,0.00140532,0.00140783,0.00140801,0.00141083,629.492,0.000281667,running,accelerating
12.355,6729010.0,4139340.0,3948300.0,1274090.0,8.48776e-07,0.00108346,0.00248518,0.00140839,0.00141089,0.00141107,0.00141391,629.492,0.000282833,running,accelerating
12.36,6729130.0,4151820.0,3959970.0,1274360.0,8.48784e-07,0.00108813,0.00249282,0.00141139,0.00141388,0.00141407,0.00141692,630.348,0.000284,running,accelerating
12.365,6729200.0,4164180.0,3971530.0,1274630.0,8.48788e-07,0.00109069,0.00249833,0.00141436,0.00141684,0.00141703,0.00141989,629.22,0.000285167,running,accelerating
12.37,6729120.0,4176430.0,3982970.0,1274900.0,8.48783e-07,0.00108776,0.00249835,0.00141729,0.00141976,0.00141995,0.00142284,625.781,0.000286333,running,accelerating
12.375,6728470.0,4188280.0,3994050.0,1275150.0,8.48743e-07,0.0010627,0.0024763,0.00142012,0.00142259,0.00142278,0.00142568,625.781,0.0002875,running,accelerating
12.38,6728210.0,4200300.0,4005290.0,1275410.0,8.48726e-07,0.00105254,0.00246908,0.00142299,0.00142545,0.00142564,0.00142856,629.014,0.000288667,running,accelerating
12.385,6728670.0,4212620.0,4016810.0,1275680.0,8.48755e-07,0.0010705,0.00248984,0.00142592,0.00142837,0.00142857,0.0014315,628.64,0.000289833,running,accelerating
12.39,6728600.0,4224620.0,4028020.0,1275940.0,8.48751e-07,0.00106765,0.00248986,0.00142877,0.00143122,0.00143141,0.00143436,627.497,0.000291,running,accelerating
12.395,6728340.0,4236420.0,4039060.0,1276190.0,8.48734e-07,0.00105747,0.00248255,0.00143157,0.00143401,0.0014342,0.00143717,627.497,0.000292167,running,accelerating
12.4,6728200.0,4248260.0,4050120.0,1276440.0,8.48726e-07,0.00105224,0.00248016,0.00143437,0.0014368,0.001437,0.00143998,627.228,0.000293333,running,accelerating
12.405,6728080.0,4260020.0,4061110.0,1276700.0,8.48719e-07,0.00104772,0.00247845,0.00143715,0.00143957,0.00143977,0.00144277,627.602,0.0002945,running,accelerating
12.41,6728010.0,4271760.0,4072090.0,1276950.0,8.48714e-07,0.00104495,0.00247847,0.00143992,0.00144234,0.00144253,0.00144555,628.744,0.000295667,running,accelerating
12.415,6728130.0,4283530.0,4083090.0,1277200.0,8.48722e-07,0.00104956,0.00248581,0.00144269,0.0014451,0.0014453,0.00144833,628.744,0.000296833,running,accelerating
12.42,6728120.0,4295180.0,4093990.0,1277440.0,8.48721e-07,0.00104924,0.00248823,0.00144542,0.00144783,0.00144803,0.00145108,632.151,0.000298,running,accelerating
12.425,6728620.0,4307040.0,4105070.0,1277690.0,8.48752e-07,0.00106846,0.0025101,0.0014482,0.0014506,0.0014508,0.00145387,631.453,0.000299167,running,accelerating
12.43,6728550.0,4318540.0,4115820.0,1277940.0,8.48748e-07,0.00106577,0.00251012,0.00145089,0.00145328,0.00145349,0.00145657,629.324,0.000300333,running,accelerating
12.435,6728130.0,4329750.0,4126300.0,1278170.0,8.48721e-07,0.0010494,0.00249648,0.00145351,0.0014559,0.0014561,0.0014592,629.324,0.0003015,running,accelerating
12.44,6727940.0,4341060.0,4136870.0,1278410.0,8.4871e-07,0.00104224,0.00249201,0.00145615,0.00145853,0.00145873,0.00146185,629.11,0.000302667,running,accelerating
12.445,6727840.0,4352330.0,4147410.0,1278640.0,8.48703e-07,0.00103823,0.00249065,0.00145878,0.00146114,0.00146135,0.00146448,628.849,0.000303833,running,accelerating
12.45,6727770.0,4363590.0,4157930.0,1278880.0,8.48699e-07,0.00103561,0.00249067,0.00146139,0.00146375,0.00146396,0.00146711,628.053,0.000305,running,accelerating
12.455,6727570.0,4374680.0,4168300.0,1279110.0,8.48687e-07,0.0010279,0.00248558,0.00146397,0.00146632,0.00146653,0.00146969,628.053,0.000306167,running,accelerating
12.46,6727460.0,4385790.0,4178690.0,1279340.0,8.4868e-07,0.00102363,0.00248392,0.00146654,0.00146889,0.0014691,0.00147227,631.092,0.000307333,running,accelerating
12.465,6727900.0,4397130.0,4189290.0,1279580.0,8.48707e-07,0.00104065,0.00250344,0.00146916,0.0014715,0.00147171,0.00147491,630.798,0.0003085,running,accelerating
12.47,6727830.0,4408150.0,4199590.0,1279810.0,8.48703e-07,0.0010381,0.00250345,0.0014717,0.00147404,0.00147425,0.00147746,629.902,0.000309667,running,accelerating
12.475,6727620.0,4418990.0,4209720.0,1280030.0,8.4869e-07,0.00102981,0.00249772,0.0014742,0.00147653,0.00147674,0.00147997,629.902,0.000310833,running,accelerating
12.48,6727500.0,4429860.0,4219880.0,1280250.0,8.48683e-07,0.00102541,0.00249585,0.0014767,0.00147902,0.00147923,0.00148248,630.543,0.000312,running,accelerating
12.485,6727550.0,4440740.0,4230050.0,1280480.0,8.48685e-07,0.00102705,0.00249998,0.0014792,0.00148151,0.00148173,0.00148498,630.222,0.000313167,running,accelerating
12.49,6727480.0,4451510.0,4240120.0,1280700.0,8.48681e-07,0.00102458,0.00249999,0.00148167,0.00148397,0.00148419,0.00148746,629.242,0.000314333,running,accelerating
12.495,6727250.0,4462110.0,4250030.0,1280920.0,8.48667e-07,0.00101582,0.00249372,0.0014841,0.00148639,0.00148661,0.0014899,629.242,0.0003155,running,accelerating
12.5,6727140.0,4472740.0,4259960.0,1281130.0,8.4866e-07,0.00101131,0.00249167,0.00148653,0.00148882,0.00148904,0.00149234,623.888,0.000316667,running,accelerating
12.505,6726180.0,4482790.0,4269360.0,1281340.0,8.486e-07,0.000974424,0.00245733,0.00148882,0.0014911,0.00149132,0.00149464,625.268,0.000317833,running,accelerating
12.51,6726120.0,4493330.0,4279210.0,1281550.0,8.48596e-07,0.00097202,0.00245735,0.00149122,0.0014935,0.00149372,0.00149705,629.476,0.000319,running,accelerating
12.515,6726760.0,4504210.0,4289380.0,1281770.0,8.48636e-07,0.000996729,0.00248436,0.0014937,0.00149596,0.00149619,0.00149954,629.476,0.000320167,running,accelerating
12.52,6726930.0,4514770.0,4299250.0,1281990.0,8.48647e-07,0.00100324,0.00249323,0.0014961,0.00149836,0.00149858,0.00150194,630.029,0.000321333,running,accelerating
12.525,6726960.0,4525180.0,4308980.0,1282200.0,8.48649e-07,0.00100446,0.00249679,0.00149846,0.00150071,0.00150093,0.00150431,629.761,0.0003225,running,accelerating
12.53,6726900.0,4535490.0,4318620.0,1282410.0,8.48645e-07,0.00100212,0.00249681,0.00150079,0.00150304,0.00150326,0.00150666,628.946,0.000323667,running,accelerating
12.535,6726700.0,4545640.0,4328110.0,1282610.0,8.48633e-07,0.00099455,0.00249159,0.00150309,0.00150533,0.00150555,0.00150896,628.946,0.000324833,running,accelerating
12.54,6726600.0,4555810.0,4337620.0,1282820.0,8.48626e-07,0.000990522,0.00248988,0.00150539,0.00150762,0.00150784,0.00151127,622.418,0.000326,running,accelerating
12.545,6725450.0,4565270.0,4346460.0,1283010.0,8.48554e-07,0.000946213,0.00244802,0.00150752,0.00150974,0.00150997,0.00151341,624.583,0.000327167,running,accelerating
12.55,6725390.0,4575350.0,4355880.0,1283210.0,8.48551e-07,0.000943941,0.00244803,0.00150979,0.001512,0.00151223,0.00151569,631.185,0.000328333,running,accelerating
12.555,6726430.0,4586040.0,4365870.0,1283420.0,8.48616e-07,0.000984189,0.0024904,0.00151219,0.0015144,0.00151463,0.0015181,631.185,0.0003295,running,accelerating
12.56,6726740.0,4596230.0,4375400.0,1283620.0,8.48635e-07,0.000995888,0.00250431,0.00151448,0.00151668,0.00151691,0.00152039,627.508,0.000330667,running,accelerating
12.565,6726070.0,4605750.0,4384300.0,1283810.0,8.48593e-07,0.000969999,0.00248073,0.00151661,0.00151881,0.00151904,0.00152254,627.987,0.000331833,running,accelerating
12.57,6726010.0,4615610.0,4393520.0,1284010.0,8.48589e-07,0.000967789,0.00248074,0.00151882,0.00152101,0.00152124,0.00152475,629.446,0.000333,running,accelerating
12.575,6726200.0,4625550.0,4402810.0,1284210.0,8.48601e-07,0.000974991,0.00249012,0.00152104,0.00152322,0.00152346,0.00152698,629.446,0.000334167,running,accelerating
12.58,6726220.0,4635360.0,4411970.0,1284400.0,8.48602e-07,0.000975892,0.0024932,0.00152323,0.0015254,0.00152564,0.00152918,626.528,0.000335333,running,accelerating
12.585,6725670.0,4644730.0,4420740.0,1284590.0,8.48569e-07,0.000954949,0.00247449,0.00152532,0.00152749,0.00152772,0.00153128,627.217,0.0003365,running,accelerating
12.59,6725620.0,4654380.0,4429750.0,1284780.0,8.48565e-07,0.000952799,0.00247451,0.00152747,0.00152963,0.00152986,0.00153343,629.317,0.000337667,running,accelerating
12.595,6725910.0,4664170.0,4438900.0,1284970.0,8.48584e-07,0.000964192,0.002488,0.00152964,0.0015318,0.00153203,0.00153562,629.317,0.000338833,running,accelerating
12.6,6725980.0,4673780.0,4447880.0,1285160.0,8.48587e-07,0.000966508,0.00249243,0.00153178,0.00153392,0.00153416,0.00153776,624.713,0.00034,running,accelerating
12.605,6725150.0,4682760.0,4456280.0,1285340.0,8.48536e-07,0.000934769,0.0024629,0.00153377,0.00153591,0.00153615,0.00153976,626.629,0.000341167,running,accelerating
12.61,6725100.0,4692190.0,4465090.0,1285520.0,8.48533e-07,0.000932679,0.00246291,0.00153586,0.00153799,0.00153823,0.00154185,632.471,0.000342333,running,accelerating
12.615,6726020.0,4702160.0,4474420.0,1285720.0,8.4859e-07,0.000968214,0.00250041,0.00153806,0.00154018,0.00154043,0.00154407,632.471,0.0003435,running,accelerating
12.62,6726290.0,4711690.0,4483320.0,1285900.0,8.48607e-07,0.000978487,0.00251271,0.00154017,0.00154228,0.00154252,0.00154618,631.827,0.000344667,running,accelerating
12.625,6726130.0,4720880.0,4491910.0,1286080.0,8.48597e-07,0.000972303,0.0025086,0.00154219,0.0015443,0.00154454,0.00154821,630.568,0.000345833,running,accelerating
12.63,6726070.0,4730100.0,4500530.0,1286260.0,8.48593e-07,0.00097027,0.00250861,0.00154422,0.00154632,0.00154657,0.00155025,626.726,0.000347,running,accelerating
12.635,6725380.0,4738840.0,4508700.0,1286430.0,8.4855e-07,0.000943529,0.00248398,0.00154615,0.00154824,0.00154849,0.00155218,626.726,0.000348167,running,accelerating
12.64,6725120.0,4747820.0,4517090.0,1286600.0,8.48534e-07,0.000933413,0.00247591,0.00154812,0.00155021,0.00155045,0.00155416,627.696,0.000349333,running,accelerating
12.645,6725230.0,4756970.0,4525650.0,1286780.0,8.48541e-07,0.000937671,0.00248214,0.00155013,0.00155221,0.00155246,0.00155618,627.092,0.0003505,running,accelerating
12.65,6725180.0,4765990.0,4534070.0,1286960.0,8.48537e-07,0.000935693,0.00248215,0.0015521,0.00155418,0.00155443,0.00155816,625.248,0.000351667,running,accelerating
12.655,6724820.0,4774730.0,4542250.0,1287130.0,8.48515e-07,0.000921867,0.00247034,0.00155402,0.00155608,0.00155633,0.00156008,625.248,0.000352833,running,accelerating
12.66,6724660.0,4783580.0,4550520.0,1287300.0,8.48506e-07,0.000916024,0.00246647,0.00155595,0.00155801,0.00155826,0.00156202,629.117,0.000354,running,accelerating
12.665,6725260.0,4792840.0,4559180.0,1287470.0,8.48543e-07,0.000938992,0.0024913,0.00155797,0.00156003,0.00156028,0.00156405,627.995,0.000355167,running,accelerating
12.67,6725210.0,4801660.0,4567410.0,1287640.0,8.4854e-07,0.000937068,0.00249131,0.0015599,0.00156194,0.00156219,0.00156598,624.574,0.000356333,running,accelerating
12.675,6724590.0,4810030.0,4575240.0,1287800.0,8.48501e-07,0.000913143,0.00246938,0.00156172,0.00156376,0.00156401,0.00156781,624.574,0.0003575,running,accelerating
12.68,6724350.0,4818620.0,4583270.0,1287970.0,8.48486e-07,0.000904023,0.00246219,0.00156359,0.00156562,0.00156588,0.00156969,627.248,0.000358667,running,accelerating
12.685,6724750.0,4827560.0,4591620.0,1288140.0,8.48511e-07,0.000919356,0.00247936,0.00156553,0.00156756,0.00156781,0.00157164,626.898,0.000359833,running,accelerating
12.69,6724700.0,4836170.0,4599670.0,1288300.0,8.48508e-07,0.000917484,0.00247937,0.0015674,0.00156942,0.00156968,0.00157352,625.83,0.000361,running,accelerating
12.695,6724480.0,4844600.0,4607550.0,1288470.0,8.48494e-07,0.000908753,0.00247253,0.00156923,0.00157124,0.0015715,0.00157535,625.83,0.000362167,running,accelerating
12.7,6724370.0,4853080.0,4615480.0,1288630.0,8.48487e-07,0.000904651,0.00247029,0.00157107,0.00157307,0.00157333,0.0015772,629.38,0.000363333,running,accelerating
12.705,6724920.0,4861930.0,4623750.0,1288790.0,8.48521e-07,0.000925674,0.00249308,0.00157298,0.00157498,0.00157524,0.00157912,630.863,0.0003645,running,accelerating
12.71,6724870.0,4870350.0,4631620.0,1288950.0,8.48518e-07,0.000923852,0.00249309,0.0015748,0.00157679,0.00157705,0.00158094,635.383,0.000365667,running,accelerating
12.715,6725580.0,4879210.0,4639900.0,1289120.0,8.48562e-07,0.000951145,0.00252211,0.00157671,0.0015787,0.00157896,0.00158286,635.383,0.000366833,running,accelerating
12.72,6725780.0,4887700.0,4647840.0,1289280.0,8.48575e-07,0.000958891,0.00253163,0.00157854,0.00158052,0.00158078,0.0015847,627.765,0.000368,running,accelerating
12.725,6724460.0,4895120.0,4654770.0,1289420.0,8.48493e-07,0.000908076,0.00248277,0.00158014,0.00158211,0.00158237,0.0015863,627.856,0.000369167,running,accelerating
12.73,6724410.0,4903350.0,4662460.0,1289580.0,8.4849e-07,0.000906304,0.00248278,0.00158191,0.00158388,0.00158414,0.00158808,628.131,0.000370333,running,accelerating
12.735,6724410.0,4911550.0,4670130.0,1289730.0,8.4849e-07,0.000906318,0.00248455,0.00158367,0.00158563,0.00158589,0.00158985,628.131,0.0003715,running,accelerating
12.74,6724380.0,4919700.0,4677740.0,1289890.0,8.48488e-07,0.00090515,0.00248514,0.00158542,0.00158737,0.00158764,0.00159161,631.056,0.000372667,running,accelerating
12.745,6724830.0,4928100.0,4685600.0,1290040.0,8.48516e-07,0.000922248,0.00250393,0.00158723,0.00158917,0.00158943,0.00159341,630.927,0.000373833,running,accelerating
12.75,6724780.0,4936150.0,4693120.0,1290200.0,8.48513e-07,0.000920522,0.00250394,0.00158895,0.00159089,0.00159115,0.00159515,630.534,0.000375,running,accelerating
12.755,6724670.0,4944090.0,4700540.0,1290340.0,8.48506e-07,0.000916278,0.00250142,0.00159065,0.00159258,0.00159285,0.00159685,630.534,0.000376167,running,accelerating
12.76,6724610.0,4952040.0,4707970.0,1290490.0,8.48502e-07,0.000913744,0.0025006,0.00159235,0.00159427,0.00159454,0.00159856,627.502,0.000377333,running,accelerating
12.765,6724050.0,4959590.0,4715030.0,1290630.0,8.48468e-07,0.000892541,0.00248116,0.00159396,0.00159588,0.00159615,0.00160017,628.279,0.0003785,running,accelerating
12.77,6724010.0,4967450.0,4722380.0,1290780.0,8.48465e-07,0.000890861,0.00248117,0.00159564,0.00159755,0.00159782,0.00160186,630.649,0.000379667,running,accelerating
12.775,6724360.0,4975530.0,4729930.0,1290930.0,8.48487e-07,0.000904451,0.00249639,0.00159736,0.00159926,0.00159953,0.00160359,630.649,0.000380833,running,accelerating
12.78,6724450.0,4983400.0,4737280.0,1291080.0,8.48492e-07,0.000907797,0.00250138,0.00159903,0.00160093,0.0016012,0.00160527,630.442,0.000382,running,accelerating
12.785,6724370.0,4991090.0,4744470.0,1291220.0,8.48488e-07,0.000904825,0.00250007,0.00160067,0.00160256,0.00160283,0.00160691,630.329,0.000383167,running,accelerating
12.79,6724330.0,4998780.0,4751660.0,1291360.0,8.48485e-07,0.000903189,0.00250008,0.00160231,0.00160419,0.00160446,0.00160855,629.982,0.000384333,running,accelerating
12.795,6724230.0,5006370.0,4758750.0,1291500.0,8.48479e-07,0.000899339,0.00249787,0.00160392,0.00160579,0.00160607,0.00161017,629.982,0.0003855,running,accelerating
12.8,6724170.0,5013960.0,4765850.0,1291650.0,8.48475e-07,0.000896994,0.00249715,0.00160553,0.0016074,0.00160767,0.00161178,630.087,0.000386667,running,accelerating
12.805,6724150.0,5021520.0,4772910.0,1291790.0,8.48473e-07,0.000896068,0.00249783,0.00160713,0.00160899,0.00160927,0.00161339,630.078,0.000387833,running,accelerating
12.81,6724110.0,5029030.0,4779940.0,1291920.0,8.48471e-07,0.000894476,0.00249784,0.00160872,0.00161058,0.00161085,0.00161499,630.052,0.000389,running,accelerating
12.815,6724060.0,5036490.0,4786900.0,1292060.0,8.48468e-07,0.000892727,0.00249768,0.00161029,0.00161215,0.00161242,0.00161657,630.052,0.000390167,running,accelerating
12.82,6724020.0,5043920.0,4793850.0,1292200.0,8.48465e-07,0.000891099,0.00249763,0.00161186,0.00161371,0.00161399,0.00161815,630.498,0.000391333,running,accelerating
12.825,6724050.0,5051350.0,4800790.0,1292340.0,8.48467e-07,0.000892415,0.00250051,0.00161343,0.00161527,0.00161555,0.00161972,629.447,0.0003925,running,accelerating
12.83,6724010.0,5058700.0,4807660.0,1292470.0,8.48465e-07,0.000890864,0.00250051,0.00161498,0.00161681,0.00161709,0.00162127,626.242,0.000393667,running,accelerating
12.835,6723440.0,5065610.0,4814120.0,1292600.0,8.48429e-07,0.000868696,0.00247996,0.00161644,0.00161826,0.00161854,0.00162274,626.242,0.000394833,running,accelerating
12.84,6723220.0,5072750.0,4820800.0,1292730.0,8.48416e-07,0.000860398,0.00247322,0.00161794,0.00161976,0.00162004,0.00162424,626.639,0.000396,running,accelerating
12.845,6723250.0,5080010.0,4827580.0,1292860.0,8.48417e-07,0.000861437,0.00247578,0.00161947,0.00162128,0.00162156,0.00162578,626.71,0.000397167,running,accelerating
12.85,6723210.0,5087190.0,4834290.0,1292990.0,8.48415e-07,0.000859927,0.00247579,0.00162098,0.00162278,0.00162306,0.00162729,626.926,0.000398333,running,accelerating
12.855,6723210.0,5094350.0,4840980.0,1293120.0,8.48415e-07,0.000859821,0.00247718,0.00162248,0.00162428,0.00162456,0.0016288,626.926,0.0003995,running,accelerating
12.86,6723180.0,5101450.0,4847620.0,1293250.0,8.48413e-07,0.000858787,0.00247765,0.00162397,0.00162576,0.00162605,0.00163029,628.736,0.000400667,running,accelerating
12.865,6723440.0,5108720.0,4854410.0,1293390.0,8.48429e-07,0.000868959,0.00248927,0.00162549,0.00162728,0.00162756,0.00163182,628.05,0.000401833,running,accelerating
12.87,6723400.0,5115740.0,4860970.0,1293510.0,8.48427e-07,0.000867488,0.00248928,0.00162696,0.00162874,0.00162903,0.0016333,625.958,0.000403,running,accelerating
12.875,6723020.0,5122460.0,4867250.0,1293640.0,8.48403e-07,0.000852567,0.00247587,0.00162837,0.00163014,0.00163043,0.00163471,625.958,0.000404167,running,accelerating
12.88,6722860.0,5129320.0,4873660.0,1293760.0,8.48393e-07,0.0008467,0.00247148,0.0016298,0.00163157,0.00163185,0.00163615,627.685,0.000405333,running,accelerating
12.885,6723120.0,5136410.0,4880300.0,1293890.0,8.48409e-07,0.000856373,0.00248256,0.00163128,0.00163304,0.00163333,0.00163763,628.255,0.0004065,running,accelerating
12.89,6723080.0,5143280.0,4886710.0,1294010.0,8.48407e-07,0.000854939,0.00248257,0.00163271,0.00163447,0.00163476,0.00163907,629.992,0.000407667,running,accelerating
12.895,6723330.0,5150300.0,4893270.0,1294140.0,8.48423e-07,0.000864698,0.00249372,0.00163418,0.00163593,0.00163621,0.00164054,629.992,0.000408833,running,accelerating
12.9,6723390.0,5157150.0,4899680.0,1294260.0,8.48426e-07,0.00086695,0.00249739,0.0016356,0.00163735,0.00163764,0.00164197,632.043,0.00041,running,accelerating
12.905,6723700.0,5164130.0,4906200.0,1294390.0,8.48445e-07,0.00087875,0.00251056,0.00163706,0.00163879,0.00163908,0.00164343,630.878,0.000411167,running,accelerating
12.91,6723660.0,5170840.0,4912480.0,1294510.0,8.48443e-07,0.000877354,0.00251057,0.00163845,0.00164018,0.00164047,0.00164483,627.324,0.000412333,running,accelerating
12.915,6723030.0,5177080.0,4918300.0,1294620.0,8.48404e-07,0.000853099,0.00248778,0.00163975,0.00164147,0.00164176,0.00164613,627.324,0.0004135,running,accelerating
12.92,6722800.0,5183570.0,4924370.0,1294740.0,8.48389e-07,0.000844219,0.00248031,0.0016411,0.00164281,0.00164311,0.00164748,627.158,0.000414667,running,accelerating
12.925,6722740.0,5190140.0,4930510.0,1294860.0,8.48385e-07,0.000841781,0.00247925,0.00164246,0.00164417,0.00164446,0.00164885,627.297,0.000415833,running,accelerating
12.93,6722700.0,5196700.0,4936640.0,1294980.0,8.48383e-07,0.00084042,0.00247926,0.00164382,0.00164552,0.00164582,0.00165022,627.723,0.000417,running,accelerating
12.935,6722740.0,5203260.0,4942770.0,1295090.0,8.48386e-07,0.000841811,0.002482,0.00164518,0.00164688,0.00164717,0.00165158,627.723,0.000418167,running,accelerating
12.94,6722730.0,5209760.0,4948850.0,1295210.0,8.48385e-07,0.000841366,0.0024829,0.00164652,0.00164822,0.00164851,0.00165293,625.077,0.000419333,running,accelerating
12.945,6722250.0,5215880.0,4954570.0,1295320.0,8.48355e-07,0.000823007,0.00246593,0.00164779,0.00164948,0.00164977,0.0016542,626.096,0.0004205,running,accelerating
12.95,6722210.0,5222290.0,4960560.0,1295440.0,8.48353e-07,0.00082168,0.00246594,0.00164911,0.00165079,0.00165109,0.00165553,629.203,0.000421667,running,accelerating
12.955,6722700.0,5229040.0,4966870.0,1295560.0,8.48383e-07,0.00084036,0.00248588,0.0016505,0.00165218,0.00165248,0.00165693,629.203,0.000422833,running,accelerating
12.96,6722840.0,5235500.0,4972910.0,1295670.0,8.48392e-07,0.000845609,0.00249243,0.00165184,0.00165351,0.00165381,0.00165827,628.006,0.000424,running,accelerating
12.965,6722600.0,5241650.0,4978660.0,1295780.0,8.48377e-07,0.000836608,0.00248476,0.0016531,0.00165477,0.00165507,0.00165954,628.413,0.000425167,running,accelerating
12.97,6722570.0,5247930.0,4984520.0,1295890.0,8.48375e-07,0.000835315,0.00248477,0.0016544,0.00165606,0.00165635,0.00166084,629.655,0.000426333,running,accelerating
12.975,6722740.0,5254300.0,4990480.0,1296010.0,8.48386e-07,0.000842021,0.00249274,0.00165571,0.00165736,0.00165766,0.00166215,629.655,0.0004275,running,accelerating
12.98,6722780.0,5260550.0,4996320.0,1296120.0,8.48388e-07,0.000843364,0.00249536,0.00165699,0.00165864,0.00165894,0.00166344,624.516,0.000428667,running,accelerating
12.985,6721890.0,5266080.0,5001480.0,1296220.0,8.48332e-07,0.000809025,0.00246239,0.00165813,0.00165977,0.00166007,0.00166458,625.0,0.000429833,running,accelerating
12.99,6721850.0,5272210.0,5007220.0,1296320.0,8.4833e-07,0.000807765,0.0024624,0.00165939,0.00166103,0.00166133,0.00166585,626.475,0.000431,running,accelerating
12.995,6722070.0,5278480.0,5013070.0,1296440.0,8.48344e-07,0.000816011,0.00247187,0.00166067,0.00166231,0.00166261,0.00166714,626.475,0.000432167,running,accelerating
13.0,6722120.0,5284600.0,5018800.0,1296540.0,8.48347e-07,0.000817881,0.00247499,0.00166193,0.00166356,0.00166386,0.0016684,627.553,0.000433333,running,accelerating
13.005,6722260.0,5290750.0,5024550.0,1296650.0,8.48356e-07,0.000823585,0.00248191,0.00166319,0.00166481,0.00166511,0.00166966,627.954,0.0004345,running,accelerating
13.01,6722230.0,5296750.0,5030150.0,1296760.0,8.48354e-07,0.000822356,0.00248192,0.00166442,0.00166603,0.00166634,0.00167089,629.175,0.000435667,running,accelerating
13.015,6722400.0,5302850.0,5035860.0,1296870.0,8.48365e-07,0.000828997,0.00248976,0.00166567,0.00166728,0.00166758,0.00167215,629.175,0.000436833,running,accelerating
13.02,6722440.0,5308830.0,5041440.0,1296970.0,8.48367e-07,0.000830361,0.00249234,0.00166689,0.00166849,0.0016688,0.00167338,627.578,0.000438,running,accelerating
13.025,6722140.0,5314520.0,5046760.0,1297070.0,8.48348e-07,0.000818879,0.0024821,0.00166805,0.00166965,0.00166996,0.00167454,627.436,0.000439167,running,accelerating
13.03,6722110.0,5320380.0,5052240.0,1297180.0,8.48346e-07,0.000817681,0.00248211,0.00166925,0.00167084,0.00167115,0.00167574,627.003,0.000440333,running,accelerating
13.035,6722010.0,5326150.0,5057630.0,1297280.0,8.4834e-07,0.000813705,0.00247933,0.00167043,0.00167201,0.00167232,0.00167692,627.003,0.0004415,running,accelerating
13.04,6721950.0,5331930.0,5063030.0,1297380.0,8.48337e-07,0.000811607,0.00247843,0.0016716,0.00167319,0.00167349,0.00167811,627.957,0.000442667,running,accelerating
13.045,6722080.0,5337810.0,5068520.0,1297480.0,8.48345e-07,0.000816575,0.00248456,0.0016728,0.00167438,0.00167468,0.00167931,628.106,0.000443833,running,accelerating
13.05,6722050.0,5343540.0,5073880.0,1297580.0,8.48343e-07,0.000815406,0.00248457,0.00167397,0.00167554,0.00167585,0.00168048,628.56,0.000445,running,accelerating
13.055,6722100.0,5349290.0,5079260.0,1297680.0,8.48346e-07,0.000817168,0.00248749,0.00167514,0.0016767,0.00167701,0.00168166,628.56,0.000446167,running,accelerating
13.06,6722090.0,5354980.0,5084580.0,1297780.0,8.48345e-07,0.000816972,0.00248845,0.0016763,0.00167785,0.00167817,0.00168282,627.828,0.000447333,running,accelerating
13.065,6721940.0,5360520.0,5089750.0,1297880.0,8.48336e-07,0.000811119,0.00248376,0.00167742,0.00167897,0.00167929,0.00168395,628.011,0.0004485,running,accelerating
13.07,6721910.0,5366130.0,5094990.0,1297980.0,8.48334e-07,0.000809979,0.00248377,0.00167856,0.00168011,0.00168042,0.00168509,628.569,0.000449667,running,accelerating
13.075,6721970.0,5371770.0,5100260.0,1298080.0,8.48338e-07,0.000812437,0.00248735,0.0016797,0.00168125,0.00168156,0.00168624,628.569,0.000450833,running,accelerating
13.08,6721980.0,5377340.0,5105470.0,1298170.0,8.48338e-07,0.000812488,0.00248853,0.00168083,0.00168237,0.00168268,0.00168737,627.706,0.000452,running,accelerating
13.085,6721800.0,5382740.0,5110510.0,1298270.0,8.48327e-07,0.000805819,0.00248301,0.00168193,0.00168346,0.00168377,0.00168847,627.88,0.000453167,running,accelerating
13.09,6721770.0,5388220.0,5115640.0,1298360.0,8.48325e-07,0.000804706,0.00248301,0.00168304,0.00168457,0.00168488,0.00168959,628.41,0.000454333,running,accelerating
13.095,6721830.0,5393730.0,5120790.0,1298460.0,8.48329e-07,0.000807014,0.00248642,0.00168415,0.00168568,0.00168599,0.0016907,628.41,0.0004555,running,accelerating
13.1,6721830.0,5399180.0,5125890.0,1298560.0,8.48329e-07,0.000807034,0.00248754,0.00168526,0.00168677,0.00168709,0.00169181,624.2,0.000456667,running,accelerating
13.105,6721100.0,5404030.0,5130420.0,1298640.0,8.48284e-07,0.000778851,0.00246054,0.00168624,0.00168775,0.00168806,0.0016928,625.301,0.000457833,running,accelerating
13.11,6721070.0,5409400.0,5135430.0,1298730.0,8.48282e-07,0.000777766,0.00246054,0.00168732,0.00168883,0.00168914,0.00169388,628.658,0.000459,running,accelerating
13.115,6721610.0,5415150.0,5140810.0,1298830.0,8.48315e-07,0.000798293,0.00248209,0.00168848,0.00168998,0.0016903,0.00169505,628.658,0.000460167,running,accelerating
13.12,6721760.0,5420600.0,5145900.0,1298930.0,8.48325e-07,0.000804306,0.00248916,0.00168958,0.00169108,0.0016914,0.00169615,622.152,0.000461333,running,accelerating
13.125,6720650.0,5425040.0,5150050.0,1299000.0,8.48255e-07,0.000761379,0.00244743,0.00169048,0.00169197,0.00169229,0.00169705,623.119,0.0004625,running,accelerating
13.13,6720620.0,5430290.0,5154960.0,1299090.0,8.48254e-07,0.00076032,0.00244743,0.00169154,0.00169302,0.00169334,0.00169811,626.065,0.000463667,running,accelerating
13.135,6721090.0,5435880.0,5160180.0,1299190.0,8.48283e-07,0.000778232,0.00246634,0.00169266,0.00169414,0.00169446,0.00169924,626.065,0.000464833,running,accelerating
13.14,6721220.0,5441190.0,5165150.0,1299280.0,8.48291e-07,0.000783405,0.00247255,0.00169373,0.00169521,0.00169553,0.00170032,628.662,0.000466,running,accelerating
13.145,6721630.0,5446680.0,5170280.0,1299380.0,8.48316e-07,0.000799078,0.00248922,0.00169483,0.0016963,0.00169662,0.00170142,629.034,0.000467167,running,accelerating
13.15,6721600.0,5451820.0,5175080.0,1299470.0,8.48315e-07,0.000798045,0.00248923,0.00169587,0.00169733,0.00169765,0.00170246,630.168,0.000468333,running,accelerating
13.155,6721760.0,5457060.0,5179980.0,1299560.0,8.48325e-07,0.000804316,0.00249651,0.00169692,0.00169838,0.0016987,0.00170352,630.168,0.0004695,running,accelerating
13.16,6721800.0,5462190.0,5184770.0,1299650.0,8.48327e-07,0.000805688,0.0024989,0.00169795,0.0016994,0.00169973,0.00170455,628.2,0.000470667,running,accelerating
13.165,6721440.0,5466980.0,5189250.0,1299730.0,8.48305e-07,0.00079201,0.00248628,0.00169891,0.00170036,0.00170068,0.00170552,628.453,0.000471833,running,accelerating
13.17,6721420.0,5472000.0,5193940.0,1299810.0,8.48303e-07,0.000791001,0.00248628,0.00169992,0.00170136,0.00170169,0.00170653,629.227,0.000473,running,accelerating
13.175,6721520.0,5477090.0,5198700.0,1299900.0,8.4831e-07,0.000794981,0.00249126,0.00170094,0.00170238,0.0017027,0.00170755,629.227,0.000474167,running,accelerating
13.18,6721540.0,5482090.0,5203370.0,1299990.0,8.48311e-07,0.000795618,0.00249289,0.00170194,0.00170338,0.0017037,0.00170856,629.848,0.000475333,running,accelerating
13.185,6721620.0,5487110.0,5208060.0,1300070.0,8.48316e-07,0.000798623,0.00249688,0.00170295,0.00170438,0.0017047,0.00170957,629.643,0.0004765,running,accelerating
13.19,6721590.0,5492020.0,5212650.0,1300160.0,8.48314e-07,0.000797638,0.00249688,0.00170393,0.00170535,0.00170568,0.00171055,629.019,0.000477667,running,accelerating
13.195,6721460.0,5496820.0,5217140.0,1300240.0,8.48306e-07,0.000792642,0.00249288,0.00170489,0.00170631,0.00170664,0.00171152,629.019,0.000478833,running,accelerating
13.2,6721400.0,5501660.0,5221660.0,1300320.0,8.48302e-07,0.000790351,0.00249157,0.00170586,0.00170727,0.0017076,0.00171249,630.73,0.00048,running,accelerating
13.205,6721660.0,5506710.0,5226380.0,1300410.0,8.48318e-07,0.000800397,0.00250256,0.00170687,0.00170828,0.0017086,0.0017135,630.718,0.000481167,running,accelerating
13.21,6721640.0,5511520.0,5230880.0,1300490.0,8.48317e-07,0.000799436,0.00250257,0.00170783,0.00170923,0.00170956,0.00171447,630.681,0.000482333,running,accelerating
13.215,6721610.0,5516300.0,5235340.0,1300570.0,8.48315e-07,0.000798243,0.00250233,0.00170878,0.00171018,0.00171051,0.00171542,630.681,0.0004835,running,accelerating
13.22,6721580.0,5521050.0,5239780.0,1300660.0,8.48313e-07,0.000797214,0.00250226,0.00170973,0.00171112,0.00171145,0.00171637,630.013,0.000484667,running,accelerating
13.225,6721440.0,5525690.0,5244120.0,1300730.0,8.48305e-07,0.000791973,0.00249798,0.00171065,0.00171204,0.00171237,0.0017173,629.418,0.000485833,running,accelerating
13.23,6721420.0,5530400.0,5248520.0,1300820.0,8.48303e-07,0.000791034,0.00249799,0.00171159,0.00171298,0.00171331,0.00171824,627.605,0.000487,running,accelerating
13.235,6721090.0,5534840.0,5252660.0,1300890.0,8.48283e-07,0.000778435,0.00248636,0.00171247,0.00171386,0.00171419,0.00171913,627.605,0.000488167,running,accelerating
13.24,6720970.0,5539410.0,5256940.0,1300970.0,8.48275e-07,0.000773681,0.00248255,0.00171339,0.00171476,0.00171509,0.00172004,631.853,0.000489333,running,accelerating
13.245,6721650.0,5544600.0,5261790.0,1301060.0,8.48318e-07,0.000800098,0.00250981,0.00171442,0.00171579,0.00171612,0.00172108,630.976,0.0004905,running,accelerating
13.25,6721630.0,5549210.0,5266090.0,1301140.0,8.48317e-07,0.000799181,0.00250982,0.00171533,0.0017167,0.00171703,0.001722,628.301,0.000491667,running,accelerating
13.255,6721160.0,5553430.0,5270040.0,1301210.0,8.48287e-07,0.00078106,0.00249266,0.00171617,0.00171753,0.00171787,0.00172284,628.301,0.000492833,running,accelerating
13.26,6720990.0,5557870.0,5274190.0,1301280.0,8.48277e-07,0.000774508,0.00248704,0.00171705,0.00171841,0.00171874,0.00172373,633.097,0.000494,running,accelerating
13.265,6721770.0,5563030.0,5279010.0,1301370.0,8.48325e-07,0.000804466,0.00251781,0.00171808,0.00171943,0.00171976,0.00172475,631.456,0.000495167,running,accelerating
13.27,6721740.0,5567540.0,5283230.0,1301450.0,8.48324e-07,0.000803571,0.00251782,0.00171897,0.00172032,0.00172065,0.00172565,626.452,0.000496333,running,accelerating
13.275,6720890.0,5571360.0,5286800.0,1301510.0,8.4827e-07,0.000770487,0.00248572,0.00171973,0.00172107,0.00172141,0.00172641,626.452,0.0004975,running,accelerating
13.28,6720590.0,5575600.0,5290760.0,1301580.0,8.48252e-07,0.000759042,0.0024752,0.00172057,0.00172191,0.00172225,0.00172726,631.043,0.000498667,running,accelerating
13.285,6721330.0,5580640.0,5295470.0,1301670.0,8.48298e-07,0.000787706,0.00250466,0.00172157,0.0017229,0.00172324,0.00172826,631.204,0.000499833,running,accelerating
13.29,6721310.0,5585050.0,5299600.0,1301740.0,8.48297e-07,0.000786831,0.00250467,0.00172244,0.00172377,0.00172411,0.00172914,631.693,0.000501,running,accelerating
13.295,6721370.0,5589500.0,5303750.0,1301820.0,8.483e-07,0.000789109,0.00250781,0.00172332,0.00172465,0.00172499,0.00173002,631.693,0.000502167,running,accelerating
13.3,6721370.0,5593890.0,5307860.0,1301890.0,8.483e-07,0.000789276,0.00250884,0.00172419,0.00172551,0.00172585,0.00173089,631.486,0.000503333,running,accelerating
13.305,6721320.0,5598200.0,5311880.0,1301970.0,8.48297e-07,0.000787085,0.00250752,0.00172504,0.00172636,0.0017267,0.00173175,630.867,0.0005045,running,accelerating
13.31,6721290.0,5602520.0,5315920.0,1302040.0,8.48296e-07,0.00078623,0.00250752,0.0017259,0.00172721,0.00172755,0.0017326,628.982,0.000505667,running,accelerating
13.315,6720960.0,5606560.0,5319700.0,1302110.0,8.48275e-07,0.000773251,0.00249543,0.0017267,0.001728,0.00172834,0.00173341,628.982,0.000506833,running,accelerating
13.32,6720830.0,5610750.0,5323620.0,1302180.0,8.48267e-07,0.000768427,0.00249147,0.00172752,0.00172883,0.00172917,0.00173424,626.159,0.000508,running,accelerating
13.325,6720340.0,5614620.0,5327230.0,1302240.0,8.48236e-07,0.000749426,0.00247336,0.00172829,0.00172959,0.00172993,0.001735,626.853,0.000509167,running,accelerating
13.33,6720320.0,5618850.0,5331190.0,1302310.0,8.48235e-07,0.00074859,0.00247337,0.00172912,0.00173042,0.00173076,0.00173584,628.968,0.000510333,running,accelerating
13.335,6720650.0,5623340.0,5335380.0,1302390.0,8.48255e-07,0.000761371,0.00248694,0.00173001,0.0017313,0.00173164,0.00173673,628.968,0.0005115,running,accelerating
13.34,6720740.0,5627620.0,5339370.0,1302460.0,8.48261e-07,0.000765009,0.0024914,0.00173085,0.00173214,0.00173248,0.00173757,626.444,0.000512667,running,accelerating
13.345,6720300.0,5631430.0,5342940.0,1302530.0,8.48234e-07,0.000747946,0.00247521,0.0017316,0.00173288,0.00173322,0.00173833,627.276,0.000513833,running,accelerating
13.35,6720280.0,5635580.0,5346810.0,1302600.0,8.48232e-07,0.000747129,0.00247521,0.00173242,0.0017337,0.00173404,0.00173915,629.815,0.000515,running,accelerating
13.355,6720680.0,5640030.0,5350980.0,1302670.0,8.48257e-07,0.000762656,0.00249151,0.00173329,0.00173457,0.00173491,0.00174003,629.815,0.000516167,running,accelerating
13.36,6720800.0,5644240.0,5354910.0,1302740.0,8.48265e-07,0.000767208,0.00249686,0.00173412,0.00173539,0.00173573,0.00174086,625.781,0.000517333,running,accelerating
13.365,6720100.0,5647770.0,5358210.0,1302800.0,8.48221e-07,0.000740446,0.00247098,0.00173482,0.00173608,0.00173642,0.00174156,627.799,0.0005185,running,accelerating
13.37,6720080.0,5651820.0,5362000.0,1302870.0,8.4822e-07,0.000739648,0.00247098,0.00173561,0.00173687,0.00173722,0.00174236,633.952,0.000519667,running,accelerating
13.375,6721090.0,5656680.0,5366540.0,1302950.0,8.48283e-07,0.000778449,0.00251046,0.00173657,0.00173782,0.00173817,0.00174331,633.952,0.000520833,running,accelerating
13.38,6721410.0,5660970.0,5370540.0,1303020.0,8.48303e-07,0.000790646,0.00252342,0.00173741,0.00173866,0.001739,0.00174416,630.176,0.000522,running,accelerating
13.385,6720760.0,5664440.0,5373790.0,1303080.0,8.48262e-07,0.000765569,0.0024992,0.00173809,0.00173934,0.00173968,0.00174484,630.293,0.000523167,running,accelerating
13.39,6720740.0,5668410.0,5377500.0,1303150.0,8.48261e-07,0.000764789,0.0024992,0.00173887,0.00174011,0.00174046,0.00174562,630.65,0.000524333,running,accelerating
13.395,6720780.0,5672410.0,5381230.0,1303210.0,8.48263e-07,0.00076631,0.0025015,0.00173965,0.00174089,0.00174124,0.00174641,630.65,0.0005255,running,accelerating
13.4,6720780.0,5676350.0,5384920.0,1303280.0,8.48263e-07,0.000766292,0.00250225,0.00174043,0.00174166,0.00174201,0.00174719,628.839,0.000526667,running,accelerating
13.405,6720450.0,5680010.0,5388340.0,1303340.0,8.48243e-07,0.000753874,0.00249064,0.00174114,0.00174237,0.00174272,0.00174791,629.427,0.000527833,running,accelerating
13.41,6720430.0,5683900.0,5391980.0,1303400.0,8.48242e-07,0.000753111,0.00249064,0.00174191,0.00174313,0.00174348,0.00174867,631.221,0.000529,running,accelerating
13.415,6720710.0,5688010.0,5395810.0,1303470.0,8.48259e-07,0.000763892,0.00250215,0.00174271,0.00174393,0.00174428,0.00174948,631.221,0.000530167,running,accelerating
13.42,6720790.0,5691940.0,5399490.0,1303540.0,8.48264e-07,0.000766923,0.00250593,0.00174348,0.0017447,0.00174504,0.00175025,627.985,0.000531333,running,accelerating
13.425,6720230.0,5695320.0,5402650.0,1303590.0,8.48229e-07,0.000745353,0.00248517,0.00174414,0.00174535,0.0017457,0.00175091,628.977,0.0005325,running,accelerating
13.43,6720210.0,5699130.0,5406210.0,1303660.0,8.48228e-07,0.000744608,0.00248518,0.00174489,0.0017461,0.00174644,0.00175166,632.004,0.000533667,running,accelerating
13.435,6720700.0,5703320.0,5410130.0,1303730.0,8.48258e-07,0.000763344,0.0025046,0.0017457,0.00174691,0.00174726,0.00175248,632.004,0.000534833,running,accelerating
13.44,6720850.0,5707230.0,5413780.0,1303790.0,8.48268e-07,0.000768995,0.00251098,0.00174647,0.00174767,0.00174802,0.00175325,628.307,0.000536,running,accelerating
13.445,6720210.0,5710470.0,5416810.0,1303850.0,8.48228e-07,0.000744475,0.00248726,0.0017471,0.0017483,0.00174865,0.00175389,628.41,0.000537167,running,accelerating
13.45,6720190.0,5714200.0,5420300.0,1303910.0,8.48227e-07,0.000743746,0.00248727,0.00174783,0.00174902,0.00174937,0.00175462,628.725,0.000538333,running,accelerating
13.455,6720220.0,5717950.0,5423800.0,1303970.0,8.48229e-07,0.000745045,0.00248929,0.00174856,0.00174975,0.0017501,0.00175535,628.725,0.0005395,running,accelerating
13.46,6720220.0,5721660.0,5427260.0,1304030.0,8.48229e-07,0.000744987,0.00248995,0.00174928,0.00175047,0.00175082,0.00175608,632.93,0.000540667,running,accelerating
13.465,6720910.0,5725900.0,5431230.0,1304100.0,8.48271e-07,0.000771331,0.00251694,0.00175011,0.00175129,0.00175165,0.00175691,632.578,0.000541833,running,accelerating
13.47,6720890.0,5729560.0,5434650.0,1304160.0,8.4827e-07,0.000770618,0.00251694,0.00175082,0.001752,0.00175235,0.00175762,631.502,0.000543,running,accelerating
13.475,6720690.0,5733040.0,5437900.0,1304220.0,8.48258e-07,0.000762991,0.00251005,0.0017515,0.00175268,0.00175303,0.0017583,631.502,0.000544167,running,accelerating
13.48,6720610.0,5736610.0,5441240.0,1304280.0,8.48253e-07,0.000760017,0.00250779,0.0017522,0.00175337,0.00175372,0.001759,631.391,0.000545333,running,accelerating
13.485,6720580.0,5740190.0,5444580.0,1304340.0,8.48251e-07,0.000758603,0.00250708,0.00175289,0.00175406,0.00175442,0.0017597,631.356,0.0005465,running,accelerating
13.49,6720560.0,5743770.0,5447930.0,1304400.0,8.4825e-07,0.000757905,0.00250709,0.00175359,0.00175475,0.00175511,0.0017604,631.247,0.000547667,running,accelerating
13.495,6720520.0,5747320.0,5451240.0,1304460.0,8.48247e-07,0.000756511,0.00250639,0.00175428,0.00175544,0.00175579,0.00176109,631.247,0.000548833,running,accelerating
13.5,6720500.0,5750860.0,5454550.0,1304520.0,8.48246e-07,0.000755592,0.00250617,0.00175497,0.00175612,0.00175648,0.00176178,635.34,0.00055,running,accelerating
13.505,6721160.0,5754940.0,5458370.0,1304580.0,8.48287e-07,0.000781245,0.00253244,0.00175576,0.00175691,0.00175727,0.00176258,633.526,0.000551167,running,accelerating
13.51,6721150.0,5758450.0,5461650.0,1304640.0,8.48286e-07,0.000780562,0.00253244,0.00175644,0.00175759,0.00175795,0.00176326,627.996,0.000552333,running,accelerating
13.515,6720200.0,5761170.0,5464190.0,1304690.0,8.48228e-07,0.000744302,0.00249696,0.00175697,0.00175812,0.00175847,0.00176379,627.996,0.0005535,running,accelerating
13.52,6719880.0,5764400.0,5467210.0,1304750.0,8.48208e-07,0.000731957,0.00248533,0.0017576,0.00175874,0.00175909,0.00176442,629.68,0.000554667,running,accelerating
13.525,6720150.0,5768080.0,5470650.0,1304820.0,8.48224e-07,0.000742124,0.00249614,0.00175831,0.00175945,0.0017598,0.00176514,628.887,0.000555833,running,accelerating
13.53,6720130.0,5771520.0,5473870.0,1304890.0,8.48223e-07,0.000741459,0.00249614,0.00175897,0.00176011,0.00176047,0.0017658,626.468,0.000557,running,accelerating
13.535,6719710.0,5774610.0,5476750.0,1304960.0,8.48197e-07,0.00072524,0.00248063,0.00175957,0.0017607,0.00176106,0.0017664,626.468,0.000558167,running,accelerating
13.54,6719560.0,5777910.0,5479830.0,1305040.0,8.48187e-07,0.00071948,0.00247554,0.0017602,0.00176133,0.00176169,0.00176704,628.613,0.000559333,running,accelerating
13.545,6719900.0,5781590.0,5483280.0,1305140.0,8.48209e-07,0.000732627,0.0024893,0.00176091,0.00176203,0.00176239,0.00176775,628.306,0.0005605,running,accelerating
13.55,6719880.0,5784970.0,5486440.0,1305240.0,8.48208e-07,0.000731981,0.00248931,0.00176156,0.00176267,0.00176303,0.00176839,627.373,0.000561667,running,accelerating
13.555,6719710.0,5788200.0,5489460.0,1305360.0,8.48197e-07,0.000725336,0.00248332,0.00176217,0.00176328,0.00176364,0.00176901,627.373,0.000562833,running,accelerating
13.56,6719640.0,5791500.0,5492560.0,1305510.0,8.48193e-07,0.000722734,0.00248136,0.00176279,0.0017639,0.00176426,0.00176963,627.517,0.000564,running,accelerating
13.565,6719650.0,5794860.0,5495710.0,1305710.0,8.48193e-07,0.000723047,0.00248229,0.00176341,0.00176452,0.00176488,0.00177026,627.748,0.000565167,running,accelerating
13.57,6719640.0,5798190.0,5498830.0,1305920.0,8.48192e-07,0.000722433,0.0024823,0.00176403,0.00176513,0.00176549,0.00177087,628.452,0.000566333,running,accelerating
13.575,6719740.0,5801600.0,5502020.0,1306140.0,8.48199e-07,0.000726352,0.00248682,0.00176465,0.00176575,0.00176611,0.0017715,628.452,0.0005675,running,accelerating
13.58,6719760.0,5804920.0,5505140.0,1306340.0,8.482e-07,0.00072723,0.0024883,0.00176527,0.00176636,0.00176672,0.00177212,629.897,0.000568667,running,accelerating
13.585,6719990.0,5808400.0,5508400.0,1306560.0,8.48214e-07,0.000735927,0.00249758,0.00176591,0.001767,0.00176736,0.00177276,629.475,0.000569833,running,accelerating
13.59,6719970.0,5811660.0,5511460.0,1306770.0,8.48213e-07,0.000735326,0.00249758,0.00176651,0.0017676,0.00176796,0.00177336,628.186,0.000571,running,accelerating
13.595,6719740.0,5814720.0,5514330.0,1306960.0,8.48199e-07,0.000726435,0.00248932,0.00176707,0.00176816,0.00176852,0.00177393,628.186,0.000572167,running,accelerating
13.6,6719650.0,5817890.0,5517300.0,1307160.0,8.48193e-07,0.00072312,0.00248661,0.00176765,0.00176874,0.0017691,0.00177451,627.747,0.000573333,running,accelerating
13.605,6719570.0,5821040.0,5520250.0,1307360.0,8.48188e-07,0.000719705,0.00248379,0.00176823,0.00176931,0.00176967,0.00177509,627.536,0.0005745,running,accelerating
13.61,6719550.0,5824230.0,5523250.0,1307560.0,8.48187e-07,0.000719117,0.0024838,0.00176882,0.00176989,0.00177026,0.00177568,626.895,0.000575667,running,accelerating
13.615,6719430.0,5827320.0,5526140.0,1307750.0,8.48179e-07,0.000714404,0.00247968,0.00176939,0.00177046,0.00177082,0.00177625,626.895,0.000576833,running,accelerating
13.62,6719380.0,5830450.0,5529080.0,1307950.0,8.48176e-07,0.000712467,0.00247834,0.00176996,0.00177103,0.00177139,0.00177683,632.695,0.000578,running,accelerating
13.625,6720330.0,5834420.0,5532790.0,1308200.0,8.48236e-07,0.000749217,0.00251556,0.00177069,0.00177175,0.00177212,0.00177756,630.963,0.000579167,running,accelerating
13.63,6720320.0,5837550.0,5535730.0,1308390.0,8.48235e-07,0.000748641,0.00251556,0.00177126,0.00177233,0.00177269,0.00177814,625.681,0.000580333,running,accelerating
13.635,6719420.0,5839910.0,5537950.0,1308540.0,8.48179e-07,0.000714081,0.00248168,0.0017717,0.00177276,0.00177312,0.00177857,625.681,0.0005815,running,accelerating
13.64,6719120.0,5842770.0,5540630.0,1308720.0,8.4816e-07,0.000702363,0.00247056,0.00177222,0.00177328,0.00177364,0.0017791,631.054,0.000582667,running,accelerating
13.645,6720000.0,5846610.0,5544230.0,1308960.0,8.48215e-07,0.000736368,0.00250504,0.00177293,0.00177398,0.00177435,0.00177981,630.049,0.000583833,running,accelerating
13.65,6719980.0,5849680.0,5547110.0,1309150.0,8.48214e-07,0.000735805,0.00250504,0.00177349,0.00177454,0.00177491,0.00178037,626.986,0.000585,running,accelerating
13.655,6719460.0,5852300.0,5549560.0,1309320.0,8.48181e-07,0.000715535,0.00248539,0.00177397,0.00177502,0.00177538,0.00178085,626.986,0.000586167,running,accelerating
13.66,6719270.0,5855200.0,5552280.0,1309500.0,8.4817e-07,0.000708513,0.00247895,0.0017745,0.00177554,0.00177591,0.00178138,628.241,0.000587333,running,accelerating
13.665,6719470.0,5858400.0,5555280.0,1309700.0,8.48182e-07,0.000716032,0.002487,0.00177509,0.00177613,0.00177649,0.00178197,627.443,0.0005885,running,accelerating
13.67,6719460.0,5861410.0,5558100.0,1309890.0,8.48181e-07,0.00071548,0.00248701,0.00177564,0.00177668,0.00177704,0.00178253,625.01,0.000589667,running,accelerating
13.675,6719040.0,5864050.0,5560580.0,1310060.0,8.48155e-07,0.00069928,0.0024714,0.00177613,0.00177716,0.00177752,0.00178301,625.01,0.000590833,running,accelerating
13.68,6718890.0,5866920.0,5563270.0,1310240.0,8.48146e-07,0.0006936,0.00246629,0.00177665,0.00177768,0.00177805,0.00178354,627.097,0.000592,running,accelerating
13.685,6719220.0,5870180.0,5566330.0,1310440.0,8.48166e-07,0.000706482,0.00247968,0.00177725,0.00177827,0.00177864,0.00178414,627.429,0.000593167,running,accelerating
13.69,6719210.0,5873130.0,5569090.0,1310630.0,8.48166e-07,0.000705941,0.00247968,0.00177779,0.00177881,0.00177918,0.00178468,628.444,0.000594333,running,accelerating
13.695,6719360.0,5876210.0,5571980.0,1310820.0,8.48175e-07,0.000711934,0.00248619,0.00177835,0.00177937,0.00177974,0.00178524,628.444,0.0005955,running,accelerating
13.7,6719410.0,5879180.0,5574760.0,1311010.0,8.48178e-07,0.000713541,0.00248833,0.00177889,0.00177991,0.00178028,0.00178579,630.352,0.000596667,running,accelerating
13.705,6719710.0,5882350.0,5577740.0,1311210.0,8.48197e-07,0.000725285,0.00250058,0.00177947,0.00178048,0.00178085,0.00178637,629.915,0.000597833,running,accelerating
13.71,6719700.0,5885240.0,5580450.0,1311390.0,8.48196e-07,0.000724756,0.00250058,0.00178,0.00178101,0.00178138,0.0017869,628.584,0.000599,running,accelerating
13.715,6719460.0,5887930.0,5582970.0,1311560.0,8.48181e-07,0.000715665,0.00249204,0.00178049,0.0017815,0.00178187,0.00178739,628.584,0.000600167,running,accelerating
13.72,6719370.0,5890730.0,5585600.0,1311730.0,8.48176e-07,0.000712332,0.00248924,0.001781,0.00178201,0.00178238,0.00178791,627.184,0.000601333,running,accelerating
13.725,6719130.0,5893380.0,5588080.0,1311900.0,8.4816e-07,0.000702802,0.00248026,0.00178149,0.00178249,0.00178286,0.00178839,628.011,0.0006025,running,accelerating
13.73,6719110.0,5896220.0,5590740.0,1312080.0,8.4816e-07,0.000702283,0.00248027,0.001782,0.001783,0.00178337,0.00178891,630.534,0.000603667,running,accelerating
13.735,6719520.0,5899400.0,5593720.0,1312280.0,8.48185e-07,0.000718003,0.00249646,0.00178258,0.00178358,0.00178395,0.00178949,630.534,0.000604833,running,accelerating
13.74,6719650.0,5902330.0,5596470.0,1312460.0,8.48193e-07,0.000722814,0.00250177,0.00178312,0.00178411,0.00178448,0.00179003,629.857,0.000606,running,accelerating
13.745,6719520.0,5905020.0,5599000.0,1312630.0,8.48185e-07,0.000717948,0.00249743,0.00178361,0.0017846,0.00178497,0.00179052,629.739,0.000607167,running,accelerating
13.75,6719510.0,5907800.0,5601610.0,1312800.0,8.48184e-07,0.000717441,0.00249743,0.00178412,0.0017851,0.00178547,0.00179103,629.379,0.000608333,running,accelerating
13.755,6719430.0,5910520.0,5604150.0,1312970.0,8.4818e-07,0.00071462,0.00249512,0.00178461,0.00178559,0.00178596,0.00179153,629.379,0.0006095,running,accelerating
13.76,6719400.0,5913260.0,5606720.0,1313150.0,8.48178e-07,0.000713358,0.00249437,0.00178511,0.00178609,0.00178646,0.00179203,626.336,0.000610667,running,accelerating
13.765,6718880.0,5915560.0,5608870.0,1313290.0,8.48145e-07,0.000693277,0.00247485,0.00178553,0.0017865,0.00178688,0.00179245,627.605,0.000611833,running,accelerating
13.77,6718870.0,5918290.0,5611430.0,1313460.0,8.48144e-07,0.000692779,0.00247485,0.00178603,0.001787,0.00178737,0.00179295,631.476,0.000613,running,accelerating
13.775,6719500.0,5921550.0,5614500.0,1313670.0,8.48184e-07,0.000717189,0.00249969,0.00178662,0.00178759,0.00178796,0.00179354,631.476,0.000614167,running,accelerating
13.78,6719700.0,5924440.0,5617200.0,1313850.0,8.48196e-07,0.000724865,0.00250783,0.00178715,0.00178811,0.00178849,0.00179407,628.382,0.000615333,running,accelerating
13.785,6719170.0,5926680.0,5619300.0,1313990.0,8.48163e-07,0.000704471,0.00248799,0.00178756,0.00178852,0.00178889,0.00179448,628.374,0.0006165,running,accelerating
13.79,6719160.0,5929360.0,5621810.0,1314160.0,8.48162e-07,0.000703983,0.00248799,0.00178804,0.001789,0.00178938,0.00179497,628.351,0.000617667,running,accelerating
13.795,6719140.0,5932010.0,5624310.0,1314320.0,8.48161e-07,0.000703347,0.00248784,0.00178853,0.00178948,0.00178986,0.00179545,628.351,0.000618833,running,accelerating
13.8,6719130.0,5934660.0,5626790.0,1314490.0,8.4816e-07,0.000702815,0.0024878,0.00178901,0.00178996,0.00179034,0.00179594,626.252,0.00062,running,accelerating
13.805,6718760.0,5936990.0,5628980.0,1314640.0,8.48138e-07,0.000688829,0.00247433,0.00178943,0.00179038,0.00179076,0.00179636,627.182,0.000621167,running,accelerating
13.81,6718750.0,5939620.0,5631440.0,1314800.0,8.48137e-07,0.000688351,0.00247433,0.00178991,0.00179086,0.00179123,0.00179684,630.017,0.000622333,running,accelerating
13.815,6719210.0,5942640.0,5634270.0,1314990.0,8.48166e-07,0.000706119,0.00249253,0.00179046,0.0017914,0.00179178,0.00179739,630.017,0.0006235,running,accelerating
13.82,6719360.0,5945370.0,5636830.0,1315160.0,8.48175e-07,0.00071163,0.0024985,0.00179095,0.00179189,0.00179227,0.00179789,629.19,0.000624667,running,accelerating
13.825,6719210.0,5947840.0,5639140.0,1315320.0,8.48165e-07,0.000705838,0.00249319,0.0017914,0.00179234,0.00179272,0.00179834,628.328,0.000625833,running,accelerating
13.83,6719190.0,5950420.0,5641560.0,1315480.0,8.48165e-07,0.00070537,0.00249319,0.00179187,0.0017928,0.00179318,0.00179881,625.703,0.000627,running,accelerating
13.835,6718740.0,5952590.0,5643600.0,1315620.0,8.48136e-07,0.00068801,0.00247635,0.00179226,0.0017932,0.00179357,0.0017992,625.703,0.000628167,running,accelerating
13.84,6718590.0,5955020.0,5645880.0,1315770.0,8.48127e-07,0.000682005,0.00247083,0.0017927,0.00179363,0.00179401,0.00179965,627.088,0.000629333,running,accelerating
13.845,6718810.0,5957760.0,5648440.0,1315940.0,8.4814e-07,0.000690461,0.00247972,0.0017932,0.00179413,0.00179451,0.00180014,627.937,0.0006305,running,accelerating
13.85,6718790.0,5960290.0,5650810.0,1316100.0,8.4814e-07,0.000690002,0.00247972,0.00179366,0.00179458,0.00179496,0.0018006,630.526,0.000631667,running,accelerating
13.855,6719220.0,5963170.0,5653520.0,1316280.0,8.48166e-07,0.000706204,0.00249634,0.00179418,0.0017951,0.00179548,0.00180113,630.526,0.000632833,running,accelerating
13.86,6719350.0,5965800.0,5655980.0,1316450.0,8.48174e-07,0.000711214,0.00250179,0.00179466,0.00179558,0.00179595,0.00180161,630.339,0.000634,running,accelerating
13.865,6719300.0,5968260.0,5658290.0,1316600.0,8.48171e-07,0.00070956,0.00250059,0.0017951,0.00179602,0.0017964,0.00180205,630.33,0.000635167,running,accelerating
13.87,6719290.0,5970740.0,5660620.0,1316760.0,8.48171e-07,0.00070911,0.00250059,0.00179555,0.00179647,0.00179684,0.0018025,630.304,0.000636333,running,accelerating
13.875,6719270.0,5973200.0,5662920.0,1316910.0,8.4817e-07,0.00070849,0.00250042,0.001796,0.00179691,0.00179729,0.00180295,630.304,0.0006375,running,accelerating
13.88,6719260.0,5975660.0,5665230.0,1317060.0,8.48169e-07,0.000707988,0.00250037,0.00179644,0.00179735,0.00179773,0.0018034,628.453,0.000638667,running,accelerating
13.885,6718940.0,5977830.0,5667260.0,1317200.0,8.48149e-07,0.000695637,0.0024885,0.00179684,0.00179774,0.00179812,0.00180379,628.404,0.000639833,running,accelerating
13.89,6718930.0,5980260.0,5669540.0,1317350.0,8.48148e-07,0.000695196,0.0024885,0.00179728,0.00179818,0.00179856,0.00180423,628.257,0.000641,running,accelerating
13.895,6718890.0,5982660.0,5671790.0,1317500.0,8.48146e-07,0.000693812,0.00248756,0.00179771,0.00179861,0.00179899,0.00180467,628.257,0.000642167,running,accelerating
13.9,6718870.0,5985060.0,5674050.0,1317660.0,8.48145e-07,0.000693065,0.00248725,0.00179815,0.00179904,0.00179942,0.0018051,629.438,0.000643333,running,accelerating
13.905,6719060.0,5987630.0,5676450.0,1317820.0,8.48156e-07,0.000700227,0.00249483,0.00179861,0.0017995,0.00179988,0.00180557,628.65,0.0006445,running,accelerating
13.91,6719050.0,5990020.0,5678690.0,1317970.0,8.48156e-07,0.000699794,0.00249483,0.00179904,0.00179993,0.00180031,0.001806,626.247,0.000645667,running,accelerating
13.915,6718640.0,5992040.0,5680590.0,1318090.0,8.4813e-07,0.000683905,0.00247942,0.00179941,0.0018003,0.00180068,0.00180637,626.247,0.000646833,running,accelerating
13.92,6718490.0,5994290.0,5682700.0,1318240.0,8.48121e-07,0.000678407,0.00247436,0.00179981,0.0018007,0.00180108,0.00180678,630.138,0.000648,running,accelerating
13.925,6719130.0,5997210.0,5685440.0,1318420.0,8.48161e-07,0.000703017,0.00249933,0.00180034,0.00180122,0.00180161,0.00180731,630.161,0.000649167,running,accelerating
13.93,6719120.0,5999560.0,5687640.0,1318570.0,8.4816e-07,0.000702593,0.00249933,0.00180077,0.00180164,0.00180203,0.00180773,630.23,0.000650333,running,accelerating
13.935,6719120.0,6001900.0,5689830.0,1318710.0,8.4816e-07,0.00070262,0.00249978,0.00180119,0.00180206,0.00180245,0.00180816,630.23,0.0006515,running,accelerating
13.94,6719110.0,6004220.0,5692010.0,1318860.0,8.4816e-07,0.000702347,0.00249993,0.00180161,0.00180248,0.00180286,0.00180858,626.627,0.000652667,running,accelerating
13.945,6718500.0,6006000.0,5693680.0,1318970.0,8.48121e-07,0.000678747,0.00247682,0.00180193,0.0018028,0.00180318,0.0018089,626.48,0.000653833,running,accelerating
13.95,6718490.0,6008300.0,5695840.0,1319120.0,8.48121e-07,0.000678331,0.00247682,0.00180234,0.00180321,0.0018036,0.00180932,626.032,0.000655,running,accelerating
13.955,6718410.0,6010520.0,5697920.0,1319250.0,8.48115e-07,0.000675035,0.00247395,0.00180275,0.00180361,0.001804,0.00180972,626.032,0.000656167,running,accelerating
13.96,6718370.0,6012780.0,5700040.0,1319400.0,8.48113e-07,0.000673678,0.00247301,0.00180315,0.00180402,0.0018044,0.00181013,628.917,0.000657333,running,accelerating
13.965,6718840.0,6015470.0,5702560.0,1319570.0,8.48143e-07,0.000691832,0.00249152,0.00180364,0.0018045,0.00180488,0.00181061,628.192,0.0006585,running,accelerating
13.97,6718830.0,6017730.0,5704670.0,1319710.0,8.48142e-07,0.000691424,0.00249152,0.00180404,0.0018049,0.00180529,0.00181102,625.98,0.000659667,running,accelerating
13.975,6718450.0,6019650.0,5706470.0,1319830.0,8.48118e-07,0.000676787,0.00247733,0.00180439,0.00180525,0.00180563,0.00181137,625.98,0.000660833,running,accelerating
13.98,6718320.0,6021780.0,5708470.0,1319960.0,8.4811e-07,0.000671715,0.00247268,0.00180478,0.00180563,0.00180601,0.00181176,628.668,0.000662,running,accelerating
13.985,6718760.0,6024400.0,5710930.0,1320130.0,8.48137e-07,0.000688609,0.00248993,0.00180525,0.0018061,0.00180648,0.00181223,629.46,0.000663167,running,accelerating
13.99,6718750.0,6026620.0,5713010.0,1320270.0,8.48137e-07,0.00068821,0.00248993,0.00180565,0.00180649,0.00180688,0.00181263,631.873,0.000664333,running,accelerating
13.995,6719140.0,6029170.0,5715410.0,1320430.0,8.48161e-07,0.000703344,0.00250542,0.00180611,0.00180695,0.00180734,0.00181309,631.873,0.0006655,running,accelerating
14.0,6719260.0,6031490.0,5717580.0,1320570.0,8.48169e-07,0.000708042,0.0025105,0.00180652,0.00180737,0.00180775,0.00181351,628.139,0.000666667,running,accelerating
14.005,6718630.0,6033120.0,5719110.0,1320670.0,8.48129e-07,0.00068362,0.00248654,0.00180682,0.00180766,0.00180804,0.00181381,627.937,0.000667833,running,accelerating
14.01,6718620.0,6035300.0,5721150.0,1320810.0,8.48129e-07,0.000683227,0.00248655,0.00180721,0.00180805,0.00180843,0.0018142,627.323,0.000669,running,accelerating
14.015,6718510.0,6037370.0,5723090.0,1320940.0,8.48122e-07,0.000678886,0.00248261,0.00180758,0.00180842,0.00180881,0.00181457,627.323,0.000670167,running,accelerating
14.02,6718460.0,6039500.0,5725090.0,1321070.0,8.48119e-07,0.000677201,0.00248132,0.00180797,0.0018088,0.00180919,0.00181496,626.771,0.000671333,running,accelerating
14.025,6718360.0,6041560.0,5727020.0,1321200.0,8.48113e-07,0.000673263,0.00247778,0.00180834,0.00180917,0.00180955,0.00181533,627.263,0.0006725,running,accelerating
14.03,6718350.0,6043700.0,5729030.0,1321340.0,8.48112e-07,0.000672879,0.00247778,0.00180872,0.00180955,0.00180994,0.00181571,628.761,0.000673667,running,accelerating
14.035,6718590.0,6046050.0,5731230.0,1321490.0,8.48127e-07,0.000682139,0.0024874,0.00180914,0.00180997,0.00181036,0.00181614,628.761,0.000674833,running,accelerating
14.04,6718660.0,6048240.0,5733280.0,1321620.0,8.48131e-07,0.000684921,0.00249056,0.00180954,0.00181036,0.00181075,0.00181653,630.14,0.000676,running,accelerating
14.045,6718880.0,6050550.0,5735450.0,1321770.0,8.48145e-07,0.00069341,0.0024994,0.00180995,0.00181077,0.00181116,0.00181695,630.371,0.000677167,running,accelerating
14.05,6718870.0,6052650.0,5737410.0,1321900.0,8.48145e-07,0.000693032,0.0024994,0.00181033,0.00181115,0.00181154,0.00181733,631.075,0.000678333,running,accelerating
14.055,6718980.0,6054840.0,5739470.0,1322040.0,8.48151e-07,0.000697187,0.00250392,0.00181072,0.00181154,0.00181193,0.00181772,631.075,0.0006795,running,accelerating
14.06,6719010.0,6056950.0,5741450.0,1322170.0,8.48153e-07,0.000698299,0.00250541,0.0018111,0.00181192,0.0018123,0.0018181,629.797,0.000680667,running,accelerating
14.065,6718790.0,6058830.0,5743210.0,1322290.0,8.48139e-07,0.000689707,0.00249721,0.00181144,0.00181225,0.00181264,0.00181844,630.384,0.000681833,running,accelerating
14.07,6718780.0,6060890.0,5745150.0,1322420.0,8.48139e-07,0.000689337,0.00249721,0.00181181,0.00181262,0.00181301,0.00181881,632.174,0.000683,running,accelerating
14.075,6719070.0,6063210.0,5747320.0,1322560.0,8.48157e-07,0.000700483,0.0025087,0.00181222,0.00181303,0.00181342,0.00181923,632.174,0.000684167,running,accelerating
14.08,6719150.0,6065340.0,5749310.0,1322700.0,8.48162e-07,0.000703893,0.00251247,0.00181261,0.00181341,0.0018138,0.00181961,626.963,0.000685333,running,accelerating
14.085,6718270.0,6066600.0,5750490.0,1322780.0,8.48107e-07,0.000670004,0.00247904,0.00181283,0.00181364,0.00181403,0.00181984,627.311,0.0006865,running,accelerating
14.09,6718260.0,6068620.0,5752390.0,1322900.0,8.48107e-07,0.00066964,0.00247904,0.0018132,0.001814,0.00181439,0.0018202,628.372,0.000687667,running,accelerating
14.095,6718430.0,6070790.0,5754430.0,1323040.0,8.48117e-07,0.000676104,0.00248585,0.00181359,0.00181438,0.00181477,0.0018206,628.372,0.000688833,running,accelerating
14.1,6718480.0,6072850.0,5756360.0,1323170.0,8.4812e-07,0.000677983,0.00248808,0.00181395,0.00181475,0.00181514,0.00182097,628.695,0.00069,running,accelerating
14.105,6718530.0,6074890.0,5758270.0,1323300.0,8.48123e-07,0.000679704,0.00249016,0.00181432,0.00181511,0.0018155,0.00182133,628.939,0.000691167,running,accelerating
14.11,6718520.0,6076880.0,5760140.0,1323420.0,8.48122e-07,0.000679347,0.00249016,0.00181468,0.00181547,0.00181586,0.00182169,629.684,0.000692333,running,accelerating
14.115,6718630.0,6078970.0,5762100.0,1323550.0,8.4813e-07,0.000683782,0.00249494,0.00181505,0.00181584,0.00181623,0.00182207,629.684,0.0006935,running,accelerating
14.12,6718660.0,6080980.0,5763980.0,1323680.0,8.48132e-07,0.000684999,0.00249651,0.00181541,0.0018162,0.00181659,0.00182243,628.84,0.000694667,running,accelerating
14.125,6718510.0,6082810.0,5765700.0,1323790.0,8.48122e-07,0.000679218,0.0024911,0.00181574,0.00181652,0.00181691,0.00182276,629.783,0.000695833,running,accelerating
14.13,6718500.0,6084760.0,5767530.0,1323920.0,8.48122e-07,0.000678868,0.0024911,0.00181609,0.00181687,0.00181726,0.00182311,632.659,0.000697,running,accelerating
14.135,6718980.0,6087130.0,5769750.0,1324070.0,8.48151e-07,0.000697026,0.00250955,0.00181651,0.00181729,0.00181768,0.00182353,632.659,0.000698167,running,accelerating
14.14,6719130.0,6089210.0,5771700.0,1324200.0,8.4816e-07,0.000702749,0.00251561,0.00181689,0.00181766,0.00181805,0.00182391,626.351,0.000699333,running,accelerating
14.145,6718060.0,6090200.0,5772620.0,1324260.0,8.48094e-07,0.000661812,0.00247513,0.00181706,0.00181784,0.00181823,0.00182408,627.04,0.0007005,running,accelerating
14.15,6718050.0,6092120.0,5774420.0,1324380.0,8.48093e-07,0.000661469,0.00247514,0.00181741,0.00181818,0.00181857,0.00182443,629.143,0.000701667,running,accelerating
14.155,6718400.0,6094340.0,5776510.0,1324520.0,8.48115e-07,0.000674658,0.00248863,0.0018178,0.00181857,0.00181897,0.00182483,629.143,0.000702833,running,accelerating
14.16,6718500.0,6096340.0,5778390.0,1324640.0,8.48121e-07,0.000678755,0.00249306,0.00181816,0.00181893,0.00181932,0.00182519,628.741,0.000704,running,accelerating
14.165,6718430.0,6098170.0,5780100.0,1324760.0,8.48117e-07,0.000675829,0.00249048,0.00181849,0.00181926,0.00181965,0.00182552,629.081,0.000705167,running,accelerating
14.17,6718420.0,6100060.0,5781870.0,1324880.0,8.48116e-07,0.000675491,0.00249048,0.00181883,0.00181959,0.00181998,0.00182585,630.115,0.000706333,running,accelerating
14.175,6718580.0,6102090.0,5783780.0,1325010.0,8.48126e-07,0.000681812,0.00249712,0.00181919,0.00181995,0.00182034,0.00182622,630.115,0.0007075,running,accelerating
14.18,6718630.0,6104010.0,5785580.0,1325130.0,8.48129e-07,0.000683661,0.0024993,0.00181953,0.00182029,0.00182069,0.00182656,623.916,0.000708667,running,accelerating
14.185,6717580.0,6104940.0,5786450.0,1325180.0,8.48064e-07,0.000643445,0.00245953,0.0018197,0.00182046,0.00182085,0.00182673,624.622,0.000709833,running,accelerating
14.19,6717580.0,6106800.0,5788190.0,1325300.0,8.48064e-07,0.000643113,0.00245953,0.00182003,0.00182079,0.00182118,0.00182706,626.772,0.000711,running,accelerating
14.195,6717930.0,6108960.0,5790220.0,1325440.0,8.48086e-07,0.000656618,0.00247333,0.00182042,0.00182117,0.00182157,0.00182745,626.772,0.000712167,running,accelerating
14.2,6718040.0,6110900.0,5792040.0,1325560.0,8.48092e-07,0.000660828,0.00247786,0.00182077,0.00182152,0.00182191,0.0018278,628.176,0.000713333,running,accelerating
14.205,6718260.0,6112940.0,5793950.0,1325690.0,8.48107e-07,0.000669534,0.00248687,0.00182113,0.00182188,0.00182227,0.00182816,627.865,0.0007145,running,accelerating
14.21,6718250.0,6114760.0,5795650.0,1325800.0,8.48106e-07,0.000669208,0.00248687,0.00182145,0.0018222,0.0018226,0.00182849,626.92,0.000715667,running,accelerating
14.215,6718090.0,6116430.0,5797220.0,1325910.0,8.48096e-07,0.000662802,0.00248081,0.00182175,0.0018225,0.00182289,0.00182879,626.92,0.000716833,running,accelerating
14.22,6718030.0,6118190.0,5798870.0,1326020.0,8.48092e-07,0.000660484,0.00247882,0.00182207,0.00182281,0.0018232,0.0018291,631.678,0.000718,running,accelerating
14.225,6718810.0,6120690.0,5801220.0,1326170.0,8.48141e-07,0.000690779,0.00250935,0.00182251,0.00182325,0.00182365,0.00182955,630.091,0.000719167,running,accelerating
14.23,6718810.0,6122480.0,5802900.0,1326290.0,8.4814e-07,0.000690459,0.00250935,0.00182283,0.00182357,0.00182397,0.00182987,625.25,0.000720333,running,accelerating
14.235,6717990.0,6123540.0,5803890.0,1326350.0,8.48089e-07,0.000658999,0.0024783,0.00182302,0.00182376,0.00182415,0.00183006,625.25,0.0007215,running,accelerating
14.24,6717710.0,6125070.0,5805330.0,1326450.0,8.48072e-07,0.000648467,0.00246811,0.0018233,0.00182403,0.00182443,0.00183034,625.886,0.000722667,running,accelerating
14.245,6717810.0,6126930.0,5807070.0,1326570.0,8.48079e-07,0.000652243,0.00247219,0.00182363,0.00182436,0.00182475,0.00183067,626.163,0.000723833,running,accelerating
14.25,6717800.0,6128690.0,5808720.0,1326680.0,8.48078e-07,0.000651929,0.0024722,0.00182394,0.00182467,0.00182507,0.00183098,627.006,0.000725,running,accelerating
14.255,6717940.0,6130570.0,5810480.0,1326790.0,8.48086e-07,0.00065704,0.00247761,0.00182427,0.001825,0.0018254,0.00183132,627.006,0.000726167,running,accelerating
14.26,6717980.0,6132350.0,5812150.0,1326910.0,8.48089e-07,0.000658507,0.00247938,0.00182459,0.00182532,0.00182572,0.00183164,626.296,0.000727333,running,accelerating
14.265,6717850.0,6133980.0,5813680.0,1327010.0,8.48081e-07,0.000653633,0.00247483,0.00182488,0.00182561,0.001826,0.00183193,626.9,0.0007285,running,accelerating
14.27,6717840.0,6135710.0,5815300.0,1327120.0,8.4808e-07,0.000653324,0.00247483,0.00182519,0.00182591,0.00182631,0.00183224,628.742,0.000729667,running,accelerating
14.275,6718140.0,6137700.0,5817170.0,1327240.0,8.48099e-07,0.000664871,0.00248665,0.00182555,0.00182627,0.00182666,0.00183259,628.742,0.000730833,running,accelerating
14.28,6718230.0,6139510.0,5818860.0,1327360.0,8.48105e-07,0.000668453,0.00249053,0.00182587,0.00182658,0.00182698,0.00183292,628.434,0.000732,running,accelerating
14.285,6718170.0,6141170.0,5820410.0,1327460.0,8.48101e-07,0.000666164,0.00248856,0.00182616,0.00182688,0.00182728,0.00183321,629.114,0.000733167,running,accelerating
14.29,6718170.0,6142860.0,5822010.0,1327570.0,8.48101e-07,0.000665861,0.00248856,0.00182647,0.00182718,0.00182758,0.00183352,631.189,0.000734333,running,accelerating
14.295,6718510.0,6144870.0,5823890.0,1327690.0,8.48122e-07,0.000678908,0.00250187,0.00182682,0.00182753,0.00182793,0.00183388,631.189,0.0007355,running,accelerating
14.3,6718610.0,6146650.0,5825560.0,1327800.0,8.48128e-07,0.000682985,0.00250624,0.00182714,0.00182785,0.00182825,0.00183419,632.571,0.000736667,running,accelerating
14.305,6718840.0,6148540.0,5827330.0,1327920.0,8.48142e-07,0.000691582,0.00251511,0.00182747,0.00182818,0.00182858,0.00183453,630.775,0.000737833,running,accelerating
14.31,6718830.0,6150210.0,5828890.0,1328030.0,8.48142e-07,0.000691284,0.00251511,0.00182777,0.00182848,0.00182888,0.00183483,625.297,0.000739,running,accelerating
14.315,6717900.0,6151040.0,5829680.0,1328080.0,8.48084e-07,0.000655743,0.00247996,0.00182792,0.00182863,0.00182902,0.00183498,625.297,0.000740167,running,accelerating
14.32,6717600.0,6152430.0,5830980.0,1328170.0,8.48065e-07,0.000643887,0.00246844,0.00182817,0.00182887,0.00182927,0.00183523,628.134,0.000741333,running,accelerating
14.325,6718060.0,6154510.0,5832920.0,1328300.0,8.48094e-07,0.000661851,0.00248665,0.00182854,0.00182924,0.00182964,0.0018356,627.836,0.0007425,running,accelerating
14.33,6718050.0,6156150.0,5834460.0,1328400.0,8.48094e-07,0.000661559,0.00248665,0.00182883,0.00182953,0.00182993,0.00183589,626.925,0.000743667,running,accelerating
14.335,6717900.0,6157640.0,5835870.0,1328500.0,8.48084e-07,0.00065541,0.00248081,0.0018291,0.00182979,0.00183019,0.00183616,626.925,0.000744833,running,accelerating
14.34,6717840.0,6159230.0,5837350.0,1328590.0,8.4808e-07,0.000653199,0.00247889,0.00182938,0.00183007,0.00183047,0.00183644,632.321,0.000746,running,accelerating
14.345,6718730.0,6161660.0,5839630.0,1328750.0,8.48136e-07,0.000687628,0.00251352,0.00182981,0.0018305,0.0018309,0.00183687,630.972,0.000747167,running,accelerating
14.35,6718720.0,6163280.0,5841150.0,1328850.0,8.48135e-07,0.000687341,0.00251352,0.0018301,0.00183079,0.00183119,0.00183716,626.86,0.000748333,running,accelerating
14.355,6718030.0,6164260.0,5842070.0,1328910.0,8.48092e-07,0.000660596,0.00248713,0.00183027,0.00183096,0.00183136,0.00183734,626.86,0.0007495,running,accelerating
14.36,6717800.0,6165660.0,5843380.0,1329000.0,8.48078e-07,0.000651632,0.00247848,0.00183052,0.00183121,0.00183161,0.00183759,628.127,0.000750667,running,accelerating
14.365,6718000.0,6167440.0,5845050.0,1329110.0,8.4809e-07,0.000659505,0.00248662,0.00183084,0.00183152,0.00183192,0.0018379,628.621,0.000751833,running,accelerating
14.37,6717990.0,6169030.0,5846540.0,1329210.0,8.4809e-07,0.000659223,0.00248662,0.00183112,0.0018318,0.0018322,0.00183819,630.126,0.000753,running,accelerating
14.375,6718240.0,6170840.0,5848240.0,1329320.0,8.48105e-07,0.000668625,0.00249628,0.00183144,0.00183212,0.00183252,0.00183851,630.126,0.000754167,running,accelerating
14.38,6718310.0,6172490.0,5849780.0,1329430.0,8.4811e-07,0.00067152,0.00249944,0.00183173,0.00183241,0.00183281,0.0018388,629.163,0.000755333,running,accelerating
14.385,6718150.0,6173910.0,5851120.0,1329520.0,8.48099e-07,0.000665047,0.00249327,0.00183199,0.00183266,0.00183306,0.00183906,629.493,0.0007565,running,accelerating
14.39,6718140.0,6175470.0,5852580.0,1329620.0,8.48099e-07,0.000664769,0.00249327,0.00183226,0.00183294,0.00183334,0.00183933,630.499,0.000757667,running,accelerating
14.395,6718300.0,6177170.0,5854180.0,1329720.0,8.48109e-07,0.000670965,0.00249972,0.00183257,0.00183324,0.00183364,0.00183964,630.499,0.000758833,running,accelerating
14.4,6718350.0,6178770.0,5855680.0,1329820.0,8.48112e-07,0.000672813,0.00250184,0.00183285,0.00183352,0.00183392,0.00183992,631.808,0.00076,running,accelerating
14.405,6718560.0,6180510.0,5857310.0,1329930.0,8.48125e-07,0.00068096,0.00251024,0.00183316,0.00183383,0.00183423,0.00184023,630.772,0.000761167,running,accelerating
14.41,6718550.0,6182050.0,5858750.0,1330030.0,8.48125e-07,0.000680687,0.00251024,0.00183343,0.0018341,0.0018345,0.0018405,627.614,0.000762333,running,accelerating
14.415,6718020.0,6183100.0,5859730.0,1330090.0,8.48091e-07,0.000660101,0.00248999,0.00183362,0.00183428,0.00183468,0.00184069,627.614,0.0007635,running,accelerating
14.42,6717840.0,6184460.0,5861010.0,1330180.0,8.4808e-07,0.000653167,0.00248334,0.00183386,0.00183452,0.00183493,0.00184093,624.432,0.000764667,running,accelerating
14.425,6717300.0,6185490.0,5861980.0,1330240.0,8.48046e-07,0.000632425,0.00246293,0.00183404,0.0018347,0.00183511,0.00184112,625.274,0.000765833,running,accelerating
14.43,6717290.0,6187010.0,5863400.0,1330340.0,8.48046e-07,0.000632157,0.00246293,0.00183431,0.00183497,0.00183537,0.00184139,627.839,0.000767,running,accelerating
14.435,6717710.0,6188900.0,5865170.0,1330460.0,8.48072e-07,0.000648393,0.00247939,0.00183465,0.0018353,0.00183571,0.00184172,627.839,0.000768167,running,accelerating
14.44,6717850.0,6190520.0,5866690.0,1330560.0,8.48081e-07,0.00065354,0.00248479,0.00183493,0.00183559,0.00183599,0.00184201,628.34,0.000769333,running,accelerating
14.445,6717920.0,6192090.0,5868160.0,1330660.0,8.48085e-07,0.000656505,0.00248801,0.00183521,0.00183587,0.00183627,0.00184229,628.62,0.0007705,running,accelerating
14.45,6717920.0,6193570.0,5869560.0,1330750.0,8.48085e-07,0.000656241,0.00248801,0.00183547,0.00183613,0.00183653,0.00184256,629.473,0.000771667,running,accelerating
14.455,6718050.0,6195180.0,5871060.0,1330850.0,8.48093e-07,0.000661464,0.00249348,0.00183576,0.00183641,0.00183681,0.00184284,629.473,0.000772833,running,accelerating
14.46,6718090.0,6196700.0,5872480.0,1330950.0,8.48096e-07,0.000663002,0.00249528,0.00183603,0.00183668,0.00183708,0.00184311,629.509,0.000774,running,accelerating
14.465,6718090.0,6198170.0,5873860.0,1331040.0,8.48096e-07,0.000662976,0.00249551,0.00183629,0.00183694,0.00183734,0.00184337,629.575,0.000775167,running,accelerating
14.47,6718080.0,6199630.0,5875230.0,1331130.0,8.48095e-07,0.000662717,0.00249552,0.00183655,0.00183719,0.0018376,0.00184363,629.774,0.000776333,running,accelerating
14.475,6718110.0,6201110.0,5876630.0,1331230.0,8.48097e-07,0.000663746,0.0024968,0.00183681,0.00183745,0.00183786,0.0018439,629.774,0.0007775,running,accelerating
14.48,6718120.0,6202570.0,5878000.0,1331320.0,8.48097e-07,0.000663911,0.00249722,0.00183707,0.00183771,0.00183812,0.00184415,625.705,0.000778667,running,accelerating
14.485,6717430.0,6203400.0,5878770.0,1331370.0,8.48055e-07,0.000637471,0.00247111,0.00183721,0.00183786,0.00183826,0.0018443,626.596,0.000779833,running,accelerating
14.49,6717420.0,6204840.0,5880110.0,1331460.0,8.48054e-07,0.000637216,0.00247111,0.00183747,0.00183811,0.00183851,0.00184456,629.315,0.000781,running,accelerating
14.495,6717870.0,6206680.0,5881840.0,1331580.0,8.48082e-07,0.000654453,0.00248856,0.00183779,0.00183843,0.00183884,0.00184488,629.315,0.000782167,running,accelerating
14.5,6718010.0,6208240.0,5883310.0,1331670.0,8.48091e-07,0.000659937,0.00249428,0.00183807,0.00183871,0.00183911,0.00184516,626.136,0.000783333,running,accelerating
14.505,6717470.0,6209180.0,5884180.0,1331730.0,8.48057e-07,0.000639233,0.00247389,0.00183824,0.00183887,0.00183928,0.00184533,626.545,0.0007845,running,accelerating
14.51,6717470.0,6210590.0,5885510.0,1331820.0,8.48057e-07,0.000638983,0.00247389,0.00183849,0.00183912,0.00183953,0.00184558,627.792,0.000785667,running,accelerating
14.515,6717670.0,6212190.0,5887010.0,1331920.0,8.4807e-07,0.000646759,0.00248189,0.00183877,0.0018394,0.00183981,0.00184586,627.792,0.000786833,running,accelerating
14.52,6717730.0,6213650.0,5888380.0,1332010.0,8.48073e-07,0.000649143,0.00248452,0.00183903,0.00183966,0.00184006,0.00184612,627.655,0.000788,running,accelerating
14.525,6717700.0,6215030.0,5889670.0,1332100.0,8.48072e-07,0.000648009,0.00248363,0.00183927,0.0018399,0.00184031,0.00184637,627.705,0.000789167,running,accelerating
14.53,6717700.0,6216420.0,5890980.0,1332190.0,8.48071e-07,0.000647763,0.00248364,0.00183952,0.00184014,0.00184055,0.00184661,627.857,0.000790333,running,accelerating
14.535,6717720.0,6217830.0,5892300.0,1332280.0,8.48072e-07,0.000648498,0.00248462,0.00183977,0.00184039,0.0018408,0.00184686,627.857,0.0007915,running,accelerating
14.54,6717720.0,6219220.0,5893600.0,1332360.0,8.48073e-07,0.000648575,0.00248494,0.00184001,0.00184063,0.00184104,0.00184711,629.018,0.000792667,running,accelerating
14.545,6717910.0,6220770.0,5895050.0,1332460.0,8.48084e-07,0.000655806,0.00249239,0.00184029,0.00184091,0.00184131,0.00184738,628.082,0.000793833,running,accelerating
14.55,6717900.0,6222140.0,5896340.0,1332550.0,8.48084e-07,0.000655563,0.00249239,0.00184053,0.00184115,0.00184156,0.00184763,625.228,0.000795,running,accelerating
14.555,6717420.0,6223060.0,5897200.0,1332610.0,8.48054e-07,0.000636957,0.00247408,0.00184069,0.00184131,0.00184172,0.00184779,625.228,0.000796167,running,accelerating
14.56,6717250.0,6224280.0,5898340.0,1332680.0,8.48044e-07,0.000630693,0.00246807,0.00184091,0.00184152,0.00184193,0.00184801,625.949,0.000797333,running,accelerating
14.565,6717370.0,6225740.0,5899720.0,1332770.0,8.48051e-07,0.000635093,0.0024727,0.00184117,0.00184178,0.00184219,0.00184826,626.372,0.0007985,running,accelerating
14.57,6717360.0,6227090.0,5900980.0,1332860.0,8.4805e-07,0.000634855,0.0024727,0.0018414,0.00184202,0.00184242,0.0018485,627.663,0.000799667,running,accelerating
14.575,6717570.0,6228620.0,5902420.0,1332950.0,8.48063e-07,0.000642921,0.00248099,0.00184168,0.00184229,0.00184269,0.00184878,627.663,0.000800833,running,accelerating
14.58,6717640.0,6230030.0,5903740.0,1333040.0,8.48067e-07,0.000645408,0.0024837,0.00184192,0.00184253,0.00184294,0.00184902,629.913,0.000802,running,accelerating
14.585,6718010.0,6231700.0,5905310.0,1333150.0,8.48091e-07,0.000659654,0.00249815,0.00184222,0.00184283,0.00184323,0.00184932,628.751,0.000803167,running,accelerating
14.59,6718000.0,6233030.0,5906550.0,1333230.0,8.4809e-07,0.00065942,0.00249815,0.00184245,0.00184306,0.00184347,0.00184956,625.208,0.000804333,running,accelerating
14.595,6717400.0,6233800.0,5907280.0,1333280.0,8.48053e-07,0.000636391,0.00247542,0.00184259,0.00184319,0.0018436,0.00184969,625.208,0.0008055,running,accelerating
14.6,6717200.0,6234940.0,5908340.0,1333350.0,8.4804e-07,0.000628681,0.00246796,0.00184279,0.00184339,0.0018438,0.0018499,628.211,0.000806667,running,accelerating
14.605,6717700.0,6236710.0,5910000.0,1333460.0,8.48071e-07,0.000647773,0.00248723,0.0018431,0.0018437,0.00184411,0.00185021,628.519,0.000807833,running,accelerating
14.61,6717690.0,6238020.0,5911230.0,1333540.0,8.48071e-07,0.000647543,0.00248723,0.00184333,0.00184393,0.00184434,0.00185044,629.458,0.000809,running,accelerating
14.615,6717840.0,6239460.0,5912580.0,1333640.0,8.4808e-07,0.000653352,0.00249326,0.00184359,0.00184419,0.0018446,0.00185069,629.458,0.000810167,running,accelerating
14.62,6717890.0,6240800.0,5913840.0,1333720.0,8.48083e-07,0.000655104,0.00249523,0.00184382,0.00184442,0.00184483,0.00185093,629.209,0.000811333,running,accelerating
14.625,6717840.0,6242050.0,5915010.0,1333800.0,8.4808e-07,0.000653276,0.00249364,0.00184404,0.00184464,0.00184505,0.00185115,628.986,0.0008125,running,accelerating
14.63,6717830.0,6243340.0,5916220.0,1333880.0,8.4808e-07,0.000653049,0.00249364,0.00184427,0.00184487,0.00184528,0.00185138,628.306,0.000813667,running,accelerating
14.635,6717710.0,6244510.0,5917320.0,1333950.0,8.48072e-07,0.00064845,0.00248928,0.00184448,0.00184507,0.00184548,0.00185159,628.306,0.000814833,running,accelerating
14.64,6717670.0,6245750.0,5918480.0,1334030.0,8.4807e-07,0.00064679,0.00248785,0.0018447,0.00184529,0.0018457,0.00185181,627.247,0.000816,running,accelerating
14.645,6717490.0,6246860.0,5919520.0,1334100.0,8.48058e-07,0.000639749,0.00248105,0.00184489,0.00184548,0.00184589,0.001852,627.397,0.000817167,running,accelerating
14.65,6717480.0,6248120.0,5920700.0,1334180.0,8.48058e-07,0.000639526,0.00248105,0.00184512,0.0018457,0.00184611,0.00185223,627.855,0.000818333,running,accelerating
14.655,6717550.0,6249450.0,5921950.0,1334260.0,8.48062e-07,0.000642251,0.00248399,0.00184535,0.00184594,0.00184635,0.00185246,627.855,0.0008195,running,accelerating
14.66,6717570.0,6250730.0,5923150.0,1334340.0,8.48064e-07,0.000642996,0.00248496,0.00184558,0.00184616,0.00184657,0.00185269,629.7,0.000820667,running,accelerating
14.665,6717880.0,6252260.0,5924580.0,1334440.0,8.48082e-07,0.000654647,0.0024968,0.00184584,0.00184643,0.00184684,0.00185296,629.833,0.000821833,running,accelerating
14.67,6717870.0,6253510.0,5925750.0,1334520.0,8.48082e-07,0.000654428,0.0024968,0.00184606,0.00184665,0.00184706,0.00185318,630.237,0.000823,running,accelerating
14.675,6717930.0,6254810.0,5926970.0,1334600.0,8.48086e-07,0.00065681,0.0024994,0.00184629,0.00184687,0.00184728,0.00185341,630.237,0.000824167,running,accelerating
14.68,6717950.0,6256060.0,5928150.0,1334680.0,8.48087e-07,0.000657445,0.00250025,0.00184651,0.00184709,0.0018475,0.00185363,630.862,0.000825333,running,accelerating
14.685,6718050.0,6257390.0,5929390.0,1334760.0,8.48093e-07,0.000661246,0.00250426,0.00184675,0.00184732,0.00184774,0.00185387,629.86,0.0008265,running,accelerating
14.69,6718040.0,6258610.0,5930540.0,1334840.0,8.48093e-07,0.00066103,0.00250426,0.00184696,0.00184754,0.00184795,0.00185408,626.805,0.000827667,running,accelerating
14.695,6717520.0,6259360.0,5931240.0,1334890.0,8.48061e-07,0.00064116,0.00248466,0.0018471,0.00184767,0.00184808,0.00185421,626.805,0.000828833,running,accelerating
14.7,6717350.0,6260430.0,5932240.0,1334950.0,8.4805e-07,0.000634499,0.00247823,0.00184728,0.00184786,0.00184827,0.0018544,627.104,0.00083,running,accelerating
14.705,6717400.0,6261680.0,5933420.0,1335030.0,8.48053e-07,0.000636215,0.00248016,0.0018475,0.00184808,0.00184849,0.00185462,627.402,0.000831167,running,accelerating
14.71,6717390.0,6262890.0,5934550.0,1335110.0,8.48052e-07,0.000636002,0.00248016,0.00184772,0.00184829,0.0018487,0.00185484,628.311,0.000832333,running,accelerating
14.715,6717540.0,6264230.0,5935810.0,1335190.0,8.48061e-07,0.000641638,0.00248599,0.00184795,0.00184852,0.00184893,0.00185507,628.311,0.0008335,running,accelerating
14.72,6717580.0,6265470.0,5936970.0,1335270.0,8.48064e-07,0.000643344,0.0024879,0.00184817,0.00184874,0.00184915,0.00185529,625.17,0.000834667,running,accelerating
14.725,6717050.0,6266180.0,5937640.0,1335310.0,8.48031e-07,0.000622927,0.00246775,0.0018483,0.00184886,0.00184928,0.00185542,624.747,0.000835833,running,accelerating
14.73,6717050.0,6267370.0,5938750.0,1335390.0,8.48031e-07,0.000622717,0.00246775,0.00184851,0.00184907,0.00184948,0.00185563,623.458,0.000837,running,accelerating
14.735,6716820.0,6268350.0,5939670.0,1335450.0,8.48017e-07,0.000614212,0.00245948,0.00184868,0.00184924,0.00184965,0.0018558,623.458,0.000838167,running,accelerating
14.74,6716750.0,6269470.0,5940720.0,1335520.0,8.48012e-07,0.000611284,0.00245677,0.00184888,0.00184944,0.00184985,0.001856,629.315,0.000839333,running,accelerating
14.745,6717720.0,6271540.0,5942660.0,1335650.0,8.48073e-07,0.00064876,0.00249435,0.00184924,0.0018498,0.00185021,0.00185637,628.908,0.0008405,running,accelerating
14.75,6717720.0,6272710.0,5943760.0,1335730.0,8.48073e-07,0.000648554,0.00249435,0.00184945,0.00185,0.00185042,0.00185657,627.668,0.000841667,running,accelerating
14.755,6717500.0,6273690.0,5944670.0,1335790.0,8.48059e-07,0.000640371,0.00248639,0.00184962,0.00185017,0.00185059,0.00185674,627.668,0.000842833,running,accelerating
14.76,6717430.0,6274790.0,5945700.0,1335860.0,8.48055e-07,0.00063755,0.00248379,0.00184981,0.00185037,0.00185078,0.00185694,628.357,0.000844,running,accelerating
14.765,6717540.0,6276050.0,5946890.0,1335930.0,8.48062e-07,0.000641776,0.0024882,0.00185003,0.00185059,0.001851,0.00185716,627.749,0.000845167,running,accelerating
14.77,6717540.0,6277200.0,5947970.0,1336010.0,8.48061e-07,0.000641573,0.00248821,0.00185023,0.00185079,0.0018512,0.00185736,625.896,0.000846333,running,accelerating
14.775,6717220.0,6278060.0,5948770.0,1336060.0,8.48042e-07,0.000629452,0.00247632,0.00185039,0.00185094,0.00185135,0.00185752,625.896,0.0008475,running,accelerating
14.78,6717110.0,6279110.0,5949760.0,1336130.0,8.48035e-07,0.000625341,0.00247242,0.00185057,0.00185112,0.00185153,0.0018577,629.431,0.000848667,running,accelerating
14.785,6717700.0,6280790.0,5951340.0,1336230.0,8.48071e-07,0.000647881,0.0024951,0.00185087,0.00185141,0.00185183,0.001858,630.328,0.000849833,running,accelerating
14.79,6717690.0,6281930.0,5952400.0,1336300.0,8.48071e-07,0.000647681,0.0024951,0.00185107,0.00185161,0.00185203,0.0018582,633.062,0.000851,running,accelerating
14.795,6718150.0,6283480.0,5953860.0,1336400.0,8.48099e-07,0.000665077,0.00251265,0.00185134,0.00185188,0.0018523,0.00185847,633.062,0.000852167,running,accelerating
14.8,6718290.0,6284750.0,5955040.0,1336480.0,8.48108e-07,0.00067065,0.00251841,0.00185156,0.0018521,0.00185252,0.00185869,626.464,0.000853333,running,accelerating
14.805,6717180.0,6284850.0,5955140.0,1336490.0,8.48039e-07,0.000628,0.00247607,0.00185158,0.00185212,0.00185254,0.00185871,626.388,0.0008545,running,accelerating
14.81,6717180.0,6285960.0,5956190.0,1336560.0,8.48039e-07,0.000627803,0.00247607,0.00185178,0.00185232,0.00185273,0.00185891,626.155,0.000855667,running,accelerating
14.815,6717130.0,6287040.0,5957190.0,1336630.0,8.48036e-07,0.000626109,0.00247458,0.00185196,0.0018525,0.00185292,0.0018591,626.155,0.000856833,running,accelerating
14.82,6717120.0,6288140.0,5958220.0,1336690.0,8.48035e-07,0.000625423,0.00247409,0.00185216,0.0018527,0.00185311,0.00185929,624.805,0.000858,running,accelerating
14.825,6716890.0,6289030.0,5959060.0,1336750.0,8.48021e-07,0.000616549,0.00246544,0.00185231,0.00185285,0.00185327,0.00185945,625.252,0.000859167,running,accelerating
14.83,6716880.0,6290130.0,5960100.0,1336820.0,8.4802e-07,0.000616355,0.00246544,0.00185251,0.00185304,0.00185346,0.00185964,626.613,0.000860333,running,accelerating
14.835,6717100.0,6291440.0,5961320.0,1336900.0,8.48034e-07,0.000624922,0.00247417,0.00185274,0.00185327,0.00185369,0.00185987,626.613,0.0008615,running,accelerating
14.84,6717170.0,6292600.0,5962410.0,1336970.0,8.48039e-07,0.000627602,0.00247704,0.00185294,0.00185347,0.00185389,0.00186008,623.691,0.000862667,running,accelerating
14.845,6716680.0,6293240.0,5963000.0,1337010.0,8.48008e-07,0.000608612,0.00245829,0.00185305,0.00185358,0.001854,0.00186019,624.566,0.000863833,running,accelerating
14.85,6716670.0,6294320.0,5964020.0,1337080.0,8.48007e-07,0.000608421,0.00245829,0.00185324,0.00185377,0.00185419,0.00186038,627.234,0.000865,running,accelerating
14.855,6717120.0,6295810.0,5965420.0,1337180.0,8.48035e-07,0.000625397,0.00247541,0.0018535,0.00185403,0.00185445,0.00186064,627.234,0.000866167,running,accelerating
14.86,6717260.0,6297030.0,5966560.0,1337250.0,8.48044e-07,0.000630838,0.00248103,0.00185372,0.00185425,0.00185466,0.00186086,629.06,0.000867333,running,accelerating
14.865,6717560.0,6298380.0,5967830.0,1337340.0,8.48063e-07,0.000642397,0.00249274,0.00185395,0.00185448,0.0018549,0.0018611,628.527,0.0008685,running,accelerating
14.87,6717550.0,6299450.0,5968830.0,1337410.0,8.48062e-07,0.00064221,0.00249275,0.00185414,0.00185467,0.00185508,0.00186128,626.901,0.000869667,running,accelerating
14.875,6717280.0,6300260.0,5969590.0,1337460.0,8.48045e-07,0.000631564,0.00248232,0.00185428,0.00185481,0.00185523,0.00186143,626.901,0.000870833,running,accelerating
14.88,6717180.0,6301240.0,5970510.0,1337520.0,8.48039e-07,0.000627947,0.0024789,0.00185446,0.00185498,0.0018554,0.0018616,628.286,0.000872,running,accelerating
14.885,6717410.0,6302510.0,5971700.0,1337600.0,8.48053e-07,0.000636669,0.00248778,0.00185468,0.0018552,0.00185562,0.00186182,627.682,0.000873167,running,accelerating
14.89,6717400.0,6303560.0,5972680.0,1337660.0,8.48053e-07,0.000636484,0.00248778,0.00185486,0.00185538,0.0018558,0.00186201,625.84,0.000874333,running,accelerating
14.895,6717090.0,6304320.0,5973400.0,1337710.0,8.48033e-07,0.00062445,0.00247596,0.001855,0.00185552,0.00185593,0.00186214,625.84,0.0008755,running,accelerating
14.9,6716980.0,6305270.0,5974290.0,1337770.0,8.48027e-07,0.00062038,0.00247209,0.00185516,0.00185568,0.0018561,0.00186231,631.378,0.000876667,running,accelerating
14.905,6717910.0,6307170.0,5976070.0,1337890.0,8.48084e-07,0.000655827,0.00250762,0.0018555,0.00185601,0.00185643,0.00186264,630.634,0.000877833,running,accelerating
14.91,6717900.0,6308210.0,5977040.0,1337960.0,8.48084e-07,0.000655645,0.00250762,0.00185568,0.00185619,0.00185661,0.00186282,628.367,0.000879,running,accelerating
14.915,6717520.0,6308890.0,5977680.0,1338000.0,8.4806e-07,0.000640877,0.00249308,0.0018558,0.00185631,0.00185673,0.00186294,628.367,0.000880167,running,accelerating
14.92,6717390.0,6309800.0,5978540.0,1338060.0,8.48052e-07,0.000635912,0.00248831,0.00185596,0.00185647,0.00185689,0.0018631,625.514,0.000881333,running,accelerating
14.925,6716910.0,6310380.0,5979080.0,1338090.0,8.48022e-07,0.000617378,0.00247,0.00185606,0.00185657,0.00185699,0.00186321,626.43,0.0008825,running,accelerating
14.93,6716900.0,6311410.0,5980040.0,1338160.0,8.48022e-07,0.000617199,0.00247,0.00185624,0.00185675,0.00185717,0.00186339,629.223,0.000883667,running,accelerating
14.935,6717360.0,6312860.0,5981400.0,1338250.0,8.48051e-07,0.000634987,0.00248792,0.00185649,0.001857,0.00185742,0.00186364,629.223,0.000884833,running,accelerating
14.94,6717510.0,6314010.0,5982490.0,1338320.0,8.4806e-07,0.000640702,0.0024938,0.0018567,0.0018572,0.00185762,0.00186384,626.098,0.000886,running,accelerating
14.945,6716990.0,6314540.0,5982980.0,1338350.0,8.48027e-07,0.000620423,0.00247376,0.00185679,0.00185729,0.00185771,0.00186394,627.079,0.000887167,running,accelerating
14.95,6716980.0,6315540.0,5983920.0,1338420.0,8.48027e-07,0.000620247,0.00247376,0.00185696,0.00185747,0.00185789,0.00186411,630.07,0.000888333,running,accelerating
14.955,6717480.0,6317010.0,5985300.0,1338510.0,8.48058e-07,0.000639312,0.00249295,0.00185722,0.00185772,0.00185814,0.00186437,630.07,0.0008895,running,accelerating
14.96,6717640.0,6318160.0,5986380.0,1338580.0,8.48067e-07,0.000645448,0.00249924,0.00185742,0.00185792,0.00185834,0.00186457,625.664,0.000890667,running,accelerating
14.965,6716890.0,6318470.0,5986670.0,1338600.0,8.48021e-07,0.000616926,0.00247097,0.00185748,0.00185798,0.0018584,0.00186463,626.857,0.000891833,running,accelerating
14.97,6716890.0,6319460.0,5987600.0,1338660.0,8.48021e-07,0.000616752,0.00247097,0.00185765,0.00185815,0.00185857,0.0018648,630.495,0.000893,running,accelerating
14.975,6717490.0,6321020.0,5989050.0,1338760.0,8.48059e-07,0.000639983,0.00249431,0.00185792,0.00185842,0.00185884,0.00186508,630.495,0.000894167,running,accelerating
14.98,6717690.0,6322190.0,5990150.0,1338830.0,8.48071e-07,0.000647487,0.00250197,0.00185813,0.00185862,0.00185904,0.00186528,628.146,0.000895333,running,accelerating
14.985,6717290.0,6322800.0,5990730.0,1338870.0,8.48046e-07,0.000632202,0.0024869,0.00185823,0.00185873,0.00185915,0.00186539,627.657,0.0008965,running,accelerating
14.99,6717290.0,6323780.0,5991640.0,1338930.0,8.48046e-07,0.000632031,0.0024869,0.00185841,0.0018589,0.00185932,0.00186556,626.167,0.000897667,running,accelerating
14.995,6717030.0,6324520.0,5992340.0,1338980.0,8.4803e-07,0.000622275,0.00247734,0.00185854,0.00185903,0.00185945,0.00186569,626.167,0.000898833,running,accelerating
15.0,6716950.0,6325420.0,5993180.0,1339040.0,8.48025e-07,0.000618962,0.00247421,0.00185869,0.00185919,0.00185961,0.00186585,631.235,0.0009,running,accelerating
15.005,6717800.0,6326210.0,5993920.0,1339090.0,8.48077e-07,0.000651564,0.00250672,0.00185883,0.00185932,0.00185974,0.00186599,630.85,0.0009,running,fast
15.01,6717800.0,6326210.0,5993920.0,1339090.0,8.48077e-07,0.000651564,0.00250672,0.00185883,0.00185932,0.00185974,0.00186599,629.677,0.0009,running,fast
15.015,6717600.0,6326020.0,5993750.0,1339080.0,8.48065e-07,0.000644019,0.0024992,0.0018588,0.00185929,0.00185971,0.00186595,629.677,0.0009,running,fast
15.02,6717530.0,6325960.0,5993690.0,1339070.0,8.48061e-07,0.000641544,0.00249673,0.00185879,0.00185928,0.0018597,0.00186594,625.806,0.0009,running,fast
15.025,6716890.0,6325360.0,5993120.0,1339030.0,8.48021e-07,0.000616642,0.0024719,0.00185868,0.00185918,0.0018596,0.00186584,626.466,0.0009,running,fast
15.03,6716890.0,6325360.0,5993120.0,1339030.0,8.48021e-07,0.000616642,0.0024719,0.00185868,0.00185918,0.0018596,0.00186584,628.475,0.0009,running,fast
15.035,6717220.0,6325670.0,5993420.0,1339050.0,8.48042e-07,0.000629572,0.00248479,0.00185874,0.00185923,0.00185965,0.00186589,628.475,0.0009,running,fast
15.04,6717330.0,6325780.0,5993510.0,1339060.0,8.48049e-07,0.000633813,0.00248902,0.00185875,0.00185925,0.00185967,0.00186591,631.976,0.0009,running,fast
15.045,6717920.0,6326320.0,5994030.0,1339090.0,8.48085e-07,0.000656333,0.00251148,0.00185885,0.00185934,0.00185976,0.00186601,631.876,0.0009,running,fast
15.05,6717920.0,6326320.0,5994030.0,1339090.0,8.48085e-07,0.000656333,0.00251148,0.00185885,0.00185934,0.00185976,0.00186601,631.573,0.0009,running,fast
15.055,6717870.0,6326270.0,5993980.0,1339090.0,8.48082e-07,0.000654382,0.00250953,0.00185884,0.00185933,0.00185975,0.001866,631.573,0.0009,running,fast
15.06,6717850.0,6326260.0,5993970.0,1339090.0,8.48081e-07,0.000653742,0.00250889,0.00185884,0.00185933,0.00185975,0.001866,627.517,0.0009,running,fast
15.065,6717170.0,6325630.0,5993370.0,1339050.0,8.48039e-07,0.000627646,0.00248287,0.00185873,0.00185922,0.00185964,0.00186588,627.991,0.0009,running,fast
15.07,6717170.0,6325630.0,5993370.0,1339050.0,8.48039e-07,0.000627646,0.00248287,0.00185873,0.00185922,0.00185964,0.00186588,629.436,0.0009,running,fast
15.075,6717420.0,6325850.0,5993590.0,1339070.0,8.48054e-07,0.000636945,0.00249214,0.00185877,0.00185926,0.00185968,0.00186592,629.436,0.0009,running,fast
15.08,6717490.0,6325930.0,5993660.0,1339070.0,8.48059e-07,0.000639995,0.00249519,0.00185878,0.00185927,0.00185969,0.00186594,631.319,0.0009,running,fast
15.085,6717810.0,6326220.0,5993930.0,1339090.0,8.48078e-07,0.000652108,0.00250726,0.00185883,0.00185933,0.00185974,0.00186599,630.766,0.0009,running,fast
15.09,6717810.0,6326220.0,5993930.0,1339090.0,8.48078e-07,0.000652108,0.00250726,0.00185883,0.00185933,0.00185974,0.00186599,629.082,0.0009,running,fast
15.095,6717530.0,6325960.0,5993680.0,1339070.0,8.48061e-07,0.00064127,0.00249646,0.00185879,0.00185928,0.0018597,0.00186594,629.082,0.0009,running,fast
15.1,6717440.0,6325870.0,5993600.0,1339070.0,8.48055e-07,0.000637715,0.00249291,0.00185877,0.00185926,0.00185968,0.00186593,626.524,0.0009,running,fast
15.105,6717010.0,6325470.0,5993230.0,1339040.0,8.48028e-07,0.000621259,0.0024765,0.0018587,0.0018592,0.00185961,0.00186586,626.499,0.0009,running,fast
15.11,6717010.0,6325470.0,5993230.0,1339040.0,8.48028e-07,0.000621259,0.0024765,0.0018587,0.0018592,0.00185961,0.00186586,626.421,0.0009,running,fast
15.115,6716990.0,6325460.0,5993220.0,1339040.0,8.48027e-07,0.000620761,0.002476,0.0018587,0.00185919,0.00185961,0.00186586,626.421,0.0009,running,fast
15.12,6716990.0,6325460.0,5993210.0,1339040.0,8.48027e-07,0.000620597,0.00247584,0.0018587,0.00185919,0.00185961,0.00186585,630.321,0.0009,running,fast
15.125,6717640.0,6326060.0,5993780.0,1339080.0,8.48068e-07,0.000645686,0.00250086,0.0018588,0.0018593,0.00185972,0.00186596,629.73,0.0009,running,fast
15.13,6717640.0,6326060.0,5993780.0,1339080.0,8.48068e-07,0.000645686,0.00250086,0.0018588,0.0018593,0.00185972,0.00186596,627.928,0.0009,running,fast
15.135,6717340.0,6325780.0,5993520.0,1339060.0,8.48049e-07,0.000634094,0.0024893,0.00185876,0.00185925,0.00185967,0.00186591,627.928,0.0009,running,fast
15.14,6717240.0,6325690.0,5993430.0,1339060.0,8.48043e-07,0.000630292,0.00248551,0.00185874,0.00185923,0.00185965,0.0018659,628.272,0.0009,running,fast
15.145,6717300.0,6325740.0,5993490.0,1339060.0,8.48047e-07,0.000632507,0.00248772,0.00185875,0.00185924,0.00185966,0.00186591,628.28,0.0009,running,fast
15.15,6717300.0,6325740.0,5993490.0,1339060.0,8.48047e-07,0.000632507,0.00248772,0.00185875,0.00185924,0.00185966,0.00186591,628.303,0.0009,running,fast
15.155,6717300.0,6325750.0,5993490.0,1339060.0,8.48047e-07,0.000632653,0.00248786,0.00185875,0.00185924,0.00185966,0.00186591,628.303,0.0009,running,fast
15.16,6717300.0,6325750.0,5993490.0,1339060.0,8.48047e-07,0.000632701,0.00248791,0.00185875,0.00185924,0.00185966,0.00186591,628.487,0.0009,running,fast
15.165,6717340.0,6325780.0,5993520.0,1339060.0,8.48049e-07,0.000633885,0.00248909,0.00185875,0.00185925,0.00185967,0.00186591,628.236,0.0009,running,fast
15.17,6717340.0,6325780.0,5993520.0,1339060.0,8.48049e-07,0.000633885,0.00248909,0.00185875,0.00185925,0.00185967,0.00186591,627.473,0.0009,running,fast
15.175,6717210.0,6325660.0,5993410.0,1339050.0,8.48041e-07,0.000628974,0.00248419,0.00185873,0.00185923,0.00185965,0.00186589,627.473,0.0009,running,fast
15.18,6717170.0,6325620.0,5993370.0,1339050.0,8.48038e-07,0.000627364,0.00248259,0.00185873,0.00185922,0.00185964,0.00186588,625.357,0.0009,running,fast
15.185,6716810.0,6325290.0,5993060.0,1339030.0,8.48016e-07,0.000613753,0.00246901,0.00185867,0.00185916,0.00185958,0.00186583,625.457,0.0009,running,fast
15.19,6716810.0,6325290.0,5993060.0,1339030.0,8.48016e-07,0.000613753,0.00246901,0.00185867,0.00185916,0.00185958,0.00186583,625.761,0.0009,running,fast
15.195,6716860.0,6325340.0,5993100.0,1339040.0,8.48019e-07,0.00061571,0.00247097,0.00185868,0.00185917,0.00185959,0.00186583,625.761,0.0009,running,fast
15.2,6716880.0,6325350.0,5993120.0,1339040.0,8.4802e-07,0.000616351,0.00247161,0.00185868,0.00185917,0.00185959,0.00186584,627.712,0.0009,running,fast
15.205,6717210.0,6325660.0,5993400.0,1339060.0,8.48041e-07,0.000628899,0.00248412,0.00185873,0.00185923,0.00185965,0.00186589,627.447,0.0009,running,fast
15.21,6717210.0,6325660.0,5993400.0,1339060.0,8.48041e-07,0.000628899,0.00248412,0.00185873,0.00185923,0.00185965,0.00186589,626.639,0.0009,running,fast
15.215,6717070.0,6325530.0,5993290.0,1339050.0,8.48032e-07,0.000623704,0.00247894,0.00185871,0.00185921,0.00185962,0.00186587,626.639,0.0009,running,fast
15.22,6717030.0,6325490.0,5993250.0,1339040.0,8.48029e-07,0.000622,0.00247724,0.0018587,0.0018592,0.00185962,0.00186586,629.877,0.0009,running,fast
15.225,6717570.0,6325990.0,5993720.0,1339080.0,8.48063e-07,0.000642829,0.00249801,0.00185879,0.00185929,0.00185971,0.00186595,630.44,0.0009,running,fast
15.23,6717570.0,6325990.0,5993720.0,1339080.0,8.48063e-07,0.000642829,0.00249801,0.00185879,0.00185929,0.00185971,0.00186595,632.156,0.0009,running,fast
15.235,6717860.0,6326260.0,5993970.0,1339090.0,8.48081e-07,0.000653871,0.00250902,0.00185884,0.00185933,0.00185975,0.001866,632.156,0.0009,running,fast
15.24,6717950.0,6326350.0,5994050.0,1339100.0,8.48087e-07,0.000657493,0.00251263,0.00185885,0.00185935,0.00185977,0.00186601,626.601,0.0009,running,fast
15.245,6717020.0,6325480.0,5993240.0,1339040.0,8.48029e-07,0.000621753,0.00247699,0.0018587,0.0018592,0.00185962,0.00186586,626.853,0.0009,running,fast
15.25,6717020.0,6325480.0,5993240.0,1339040.0,8.48029e-07,0.000621753,0.00247699,0.0018587,0.0018592,0.00185962,0.00186586,627.623,0.0009,running,fast
15.255,6717150.0,6325600.0,5993350.0,1339050.0,8.48037e-07,0.000626705,0.00248193,0.00185872,0.00185922,0.00185964,0.00186588,627.623,0.0009,running,fast
15.26,6717190.0,6325640.0,5993390.0,1339060.0,8.4804e-07,0.00062833,0.00248355,0.00185873,0.00185922,0.00185964,0.00186589,629.572,0.0009,running,fast
15.265,6717520.0,6325950.0,5993680.0,1339070.0,8.4806e-07,0.000640869,0.00249606,0.00185878,0.00185928,0.0018597,0.00186594,629.05,0.0009,running,fast
15.27,6717520.0,6325950.0,5993680.0,1339070.0,8.4806e-07,0.000640869,0.00249606,0.00185878,0.00185928,0.0018597,0.00186594,627.458,0.0009,running,fast
15.275,6717250.0,6325700.0,5993440.0,1339060.0,8.48043e-07,0.000630625,0.00248584,0.00185874,0.00185923,0.00185965,0.0018659,627.458,0.0009,running,fast
15.28,6717160.0,6325620.0,5993370.0,1339050.0,8.48038e-07,0.000627265,0.00248249,0.00185873,0.00185922,0.00185964,0.00186588,630.253,0.0009,running,fast
15.285,6717630.0,6326050.0,5993770.0,1339080.0,8.48067e-07,0.000645249,0.00250042,0.0018588,0.0018593,0.00185972,0.00186596,629.535,0.0009,running,fast
15.29,6717630.0,6326050.0,5993770.0,1339080.0,8.48067e-07,0.000645249,0.00250042,0.0018588,0.0018593,0.00185972,0.00186596,627.345,0.0009,running,fast
15.295,6717260.0,6325710.0,5993450.0,1339060.0,8.48044e-07,0.000631162,0.00248638,0.00185874,0.00185924,0.00185966,0.0018659,627.345,0.0009,running,fast
15.3,6717140.0,6325600.0,5993350.0,1339050.0,8.48037e-07,0.000626541,0.00248177,0.00185872,0.00185922,0.00185964,0.00186588,629.063,0.0009,running,fast
15.305,6717430.0,6325870.0,5993600.0,1339070.0,8.48055e-07,0.000637592,0.00249279,0.00185877,0.00185926,0.00185968,0.00186593,629.36,0.0009,running,fast
15.31,6717430.0,6325870.0,5993600.0,1339070.0,8.48055e-07,0.000637592,0.00249279,0.00185877,0.00185926,0.00185968,0.00186593,630.267,0.0009,running,fast
15.315,6717580.0,6326010.0,5993730.0,1339080.0,8.48064e-07,0.000643424,0.0024986,0.00185879,0.00185929,0.00185971,0.00186595,630.267,0.0009,running,fast
15.32,6717630.0,6326050.0,5993780.0,1339080.0,8.48067e-07,0.000645337,0.00250051,0.0018588,0.0018593,0.00185972,0.00186596,631.498,0.0009,running,fast
15.325,6717840.0,6326250.0,5993960.0,1339090.0,8.4808e-07,0.000653261,0.00250841,0.00185884,0.00185933,0.00185975,0.00186599,630.416,0.0009,running,fast
15.33,6717840.0,6326250.0,5993960.0,1339090.0,8.4808e-07,0.000653261,0.00250841,0.00185884,0.00185933,0.00185975,0.00186599,627.118,0.0009,running,fast
15.335,6717290.0,6325730.0,5993470.0,1339060.0,8.48046e-07,0.000632041,0.00248725,0.00185875,0.00185924,0.00185966,0.0018659,627.118,0.0009,running,fast
15.34,6717110.0,6325560.0,5993320.0,1339050.0,8.48034e-07,0.000625081,0.00248031,0.00185872,0.00185921,0.00185963,0.00186587,628.84,0.0009,running,fast
15.345,6717390.0,6325830.0,5993570.0,1339070.0,8.48052e-07,0.000636159,0.00249136,0.00185876,0.00185926,0.00185968,0.00186592,628.493,0.0009,running,fast
15.35,6717390.0,6325830.0,5993570.0,1339070.0,8.48052e-07,0.000636159,0.00249136,0.00185876,0.00185926,0.00185968,0.00186592,627.434,0.0009,running,fast
15.355,6717220.0,6325670.0,5993410.0,1339060.0,8.48041e-07,0.000629346,0.00248456,0.00185874,0.00185923,0.00185965,0.00186589,627.434,0.0009,running,fast
15.36,6717160.0,6325610.0,5993360.0,1339050.0,8.48038e-07,0.000627111,0.00248234,0.00185873,0.00185922,0.00185964,0.00186588,633.242,0.0009,running,fast
15.365,6718130.0,6326520.0,5994210.0,1339110.0,8.48098e-07,0.000664483,0.00251961,0.00185888,0.00185938,0.0018598,0.00186604,632.212,0.0009,running,fast
15.37,6718130.0,6326520.0,5994210.0,1339110.0,8.48098e-07,0.000664483,0.00251961,0.00185888,0.00185938,0.0018598,0.00186604,629.072,0.0009,running,fast
15.375,6717610.0,6326030.0,5993750.0,1339080.0,8.48066e-07,0.00064428,0.00249946,0.0018588,0.00185929,0.00185971,0.00186595,629.072,0.0009,running,fast
15.38,6717430.0,6325870.0,5993600.0,1339070.0,8.48055e-07,0.000637653,0.00249285,0.00185877,0.00185926,0.00185968,0.00186593,633.948,0.0009,running,fast
15.385,6718250.0,6326630.0,5994310.0,1339120.0,8.48106e-07,0.000669021,0.00252413,0.0018589,0.0018594,0.00185982,0.00186606,633.367,0.0009,running,fast
15.39,6718250.0,6326630.0,5994310.0,1339120.0,8.48106e-07,0.000669021,0.00252413,0.0018589,0.0018594,0.00185982,0.00186606,631.598,0.0009,running,fast
15.395,6717950.0,6326350.0,5994060.0,1339100.0,8.48087e-07,0.000657637,0.00251278,0.00185885,0.00185935,0.00185977,0.00186601,631.598,0.0009,running,fast
15.4,6717860.0,6326260.0,5993970.0,1339100.0,8.48081e-07,0.000653903,0.00250905,0.00185884,0.00185933,0.00185975,0.001866,629.404,0.0009,running,fast
15.405,6717490.0,6325920.0,5993650.0,1339070.0,8.48058e-07,0.000639787,0.00249498,0.00185878,0.00185927,0.00185969,0.00186594,629.045,0.0009,running,fast
15.41,6717490.0,6325920.0,5993650.0,1339070.0,8.48058e-07,0.000639787,0.00249498,0.00185878,0.00185927,0.00185969,0.00186594,627.95,0.0009,running,fast
15.415,6717310.0,6325750.0,5993490.0,1339060.0,8.48047e-07,0.000632744,0.00248795,0.00185875,0.00185924,0.00185966,0.00186591,627.95,0.0009,running,fast
15.42,6717250.0,6325690.0,5993440.0,1339060.0,8.48043e-07,0.000630433,0.00248565,0.00185874,0.00185923,0.00185965,0.0018659,624.705,0.0009,running,fast
15.425,6716700.0,6325190.0,5992960.0,1339030.0,8.48009e-07,0.000609558,0.00246483,0.00185865,0.00185915,0.00185956,0.00186581,626.136,0.0009,running,fast
15.43,6716700.0,6325190.0,5992960.0,1339030.0,8.48009e-07,0.000609558,0.00246483,0.00185865,0.00185915,0.00185956,0.00186581,630.497,0.0009,running,fast
15.435,6717430.0,6325870.0,5993600.0,1339070.0,8.48055e-07,0.000637616,0.00249281,0.00185877,0.00185926,0.00185968,0.00186593,630.497,0.0009,running,fast
15.44,6717670.0,6326090.0,5993810.0,1339090.0,8.4807e-07,0.00064682,0.00250199,0.00185881,0.0018593,0.00185972,0.00186597,632.899,0.0009,running,fast
15.445,6718070.0,6326470.0,5994160.0,1339110.0,8.48095e-07,0.000662276,0.0025174,0.00185887,0.00185937,0.00185979,0.00186603,631.538,0.0009,running,fast
15.45,6718070.0,6326470.0,5994160.0,1339110.0,8.48095e-07,0.000662276,0.0025174,0.00185887,0.00185937,0.00185979,0.00186603,627.386,0.0009,running,fast
15.455,6717380.0,6325820.0,5993560.0,1339070.0,8.48051e-07,0.000635564,0.00249077,0.00185876,0.00185925,0.00185967,0.00186592,627.386,0.0009,running,fast
15.46,6717150.0,6325610.0,5993360.0,1339060.0,8.48037e-07,0.000626803,0.00248203,0.00185872,0.00185922,0.00185964,0.00186588,625.891,0.0009,running,fast
15.465,6716900.0,6325370.0,5993140.0,1339040.0,8.48022e-07,0.000617187,0.00247244,0.00185868,0.00185918,0.0018596,0.00186584,627.211,0.0009,running,fast
15.47,6716900.0,6325370.0,5993140.0,1339040.0,8.48022e-07,0.000617187,0.00247244,0.00185868,0.00185918,0.0018596,0.00186584,631.235,0.0009,running,fast
15.475,6717570.0,6326000.0,5993730.0,1339080.0,8.48064e-07,0.000643076,0.00249826,0.00185879,0.00185929,0.00185971,0.00186595,631.235,0.0009,running,fast
15.48,6717800.0,6326210.0,5993920.0,1339090.0,8.48077e-07,0.000651568,0.00250672,0.00185883,0.00185932,0.00185974,0.00186599,625.125,0.0009,running,fast
15.485,6716770.0,6325250.0,5993030.0,1339030.0,8.48014e-07,0.00061226,0.00246752,0.00185866,0.00185916,0.00185958,0.00186582,625.128,0.0009,running,fast
15.49,6716770.0,6325250.0,5993030.0,1339030.0,8.48014e-07,0.00061226,0.00246752,0.00185866,0.00185916,0.00185958,0.00186582,625.136,0.0009,running,fast
15.495,6716770.0,6325260.0,5993030.0,1339030.0,8.48014e-07,0.000612312,0.00246758,0.00185866,0.00185916,0.00185958,0.00186582,625.136,0.0009,running,fast
15.5,6716780.0,6325260.0,5993030.0,1339030.0,8.48014e-07,0.000612329,0.00246759,0.00185866,0.00185916,0.00185958,0.00186582,628.924,0.0009,running,fast
15.505,6717410.0,6325850.0,5993580.0,1339070.0,8.48053e-07,0.0006367,0.0024919,0.00185877,0.00185926,0.00185968,0.00186592,628.705,0.0009,running,fast
15.51,6717410.0,6325850.0,5993580.0,1339070.0,8.48053e-07,0.0006367,0.0024919,0.00185877,0.00185926,0.00185968,0.00186592,628.038,0.0009,running,fast
15.515,6717300.0,6325740.0,5993480.0,1339060.0,8.48046e-07,0.000632406,0.00248762,0.00185875,0.00185924,0.00185966,0.0018659,628.038,0.0009,running,fast
15.52,6717260.0,6325710.0,5993450.0,1339060.0,8.48044e-07,0.000630998,0.00248621,0.00185874,0.00185924,0.00185965,0.0018659,630.301,0.0009,running,fast
15.525,6717640.0,6326060.0,5993780.0,1339080.0,8.48068e-07,0.000645557,0.00250073,0.0018588,0.0018593,0.00185972,0.00186596,630.232,0.0009,running,fast
15.53,6717640.0,6326060.0,5993780.0,1339080.0,8.48068e-07,0.000645557,0.00250073,0.0018588,0.0018593,0.00185972,0.00186596,630.024,0.0009,running,fast
15.535,6717600.0,6326030.0,5993750.0,1339080.0,8.48066e-07,0.000644218,0.00249939,0.0018588,0.00185929,0.00185971,0.00186595,630.024,0.0009,running,fast
15.54,6717590.0,6326020.0,5993740.0,1339080.0,8.48065e-07,0.000643778,0.00249896,0.0018588,0.00185929,0.00185971,0.00186595,624.205,0.0009,running,fast
15.545,6716620.0,6325110.0,5992890.0,1339030.0,8.48004e-07,0.000606342,0.00246162,0.00185864,0.00185913,0.00185955,0.00186579,625.258,0.0009,running,fast
15.55,6716620.0,6325110.0,5992890.0,1339030.0,8.48004e-07,0.000606342,0.00246162,0.00185864,0.00185913,0.00185955,0.00186579,628.468,0.0009,running,fast
15.555,6717160.0,6325610.0,5993360.0,1339060.0,8.48038e-07,0.000626993,0.00248222,0.00185872,0.00185922,0.00185964,0.00186588,628.468,0.0009,running,fast
15.56,6717330.0,6325770.0,5993510.0,1339070.0,8.48049e-07,0.000633766,0.00248897,0.00185875,0.00185925,0.00185967,0.00186591,627.689,0.0009,running,fast
15.565,6717200.0,6325650.0,5993400.0,1339060.0,8.4804e-07,0.000628756,0.00248398,0.00185873,0.00185923,0.00185965,0.00186589,628.636,0.0009,running,fast
15.57,6717200.0,6325650.0,5993400.0,1339060.0,8.4804e-07,0.000628756,0.00248398,0.00185873,0.00185923,0.00185965,0.00186589,631.521,0.0009,running,fast
15.575,6717680.0,6326100.0,5993820.0,1339090.0,8.48071e-07,0.000647317,0.00250249,0.00185881,0.0018593,0.00185972,0.00186597,631.521,0.0009,running,fast
15.58,6717840.0,6326250.0,5993960.0,1339100.0,8.4808e-07,0.000653405,0.00250856,0.00185884,0.00185933,0.00185975,0.00186599,629.002,0.0009,running,fast
15.585,6717420.0,6325860.0,5993590.0,1339070.0,8.48054e-07,0.000637201,0.0024924,0.00185877,0.00185926,0.00185968,0.00186592,628.959,0.0009,running,fast
15.59,6717420.0,6325860.0,5993590.0,1339070.0,8.48054e-07,0.000637201,0.0024924,0.00185877,0.00185926,0.00185968,0.00186592,628.829,0.0009,running,fast
15.595,6717400.0,6325840.0,5993570.0,1339070.0,8.48053e-07,0.000636365,0.00249156,0.00185876,0.00185926,0.00185968,0.00186592,628.829,0.0009,running,fast
15.6,6717390.0,6325830.0,5993570.0,1339070.0,8.48052e-07,0.000636091,0.00249129,0.00185876,0.00185926,0.00185968,0.00186592,629.603,0.0009,running,fast
15.605,6717520.0,6325950.0,5993680.0,1339080.0,8.4806e-07,0.00064107,0.00249626,0.00185878,0.00185928,0.0018597,0.00186594,629.917,0.0009,running,fast
15.61,6717520.0,6325950.0,5993680.0,1339080.0,8.4806e-07,0.00064107,0.00249626,0.00185878,0.00185928,0.0018597,0.00186594,630.873,0.0009,running,fast
15.615,6717680.0,6326100.0,5993820.0,1339090.0,8.4807e-07,0.000647222,0.00250239,0.00185881,0.0018593,0.00185972,0.00186597,630.873,0.0009,running,fast
15.62,6717730.0,6326150.0,5993870.0,1339090.0,8.48074e-07,0.00064924,0.0025044,0.00185882,0.00185931,0.00185973,0.00186598,631.279,0.0009,running,fast
15.625,6717800.0,6326210.0,5993930.0,1339100.0,8.48078e-07,0.000651849,0.00250701,0.00185883,0.00185932,0.00185974,0.00186599,630.191,0.0009,running,fast
15.63,6717800.0,6326210.0,5993930.0,1339100.0,8.48078e-07,0.000651849,0.00250701,0.00185883,0.00185932,0.00185974,0.00186599,626.876,0.0009,running,fast
15.635,6717250.0,6325700.0,5993440.0,1339060.0,8.48043e-07,0.000630519,0.00248573,0.00185874,0.00185923,0.00185965,0.0018659,626.876,0.0009,running,fast
15.64,6717070.0,6325530.0,5993280.0,1339050.0,8.48032e-07,0.000623523,0.00247876,0.00185871,0.0018592,0.00185962,0.00186587,632.107,0.0009,running,fast
15.645,6717940.0,6326340.0,5994050.0,1339100.0,8.48087e-07,0.000657177,0.00251232,0.00185885,0.00185935,0.00185976,0.00186601,632.024,0.0009,running,fast
15.65,6717940.0,6326340.0,5994050.0,1339100.0,8.48087e-07,0.000657177,0.00251232,0.00185885,0.00185935,0.00185976,0.00186601,631.77,0.0009,running,fast
15.655,6717900.0,6326300.0,5994010.0,1339100.0,8.48084e-07,0.000655543,0.00251069,0.00185884,0.00185934,0.00185976,0.001866,631.77,0.0009,running,fast
15.66,6717880.0,6326290.0,5994000.0,1339100.0,8.48083e-07,0.000655008,0.00251016,0.00185884,0.00185934,0.00185976,0.001866,629.128,0.0009,running,fast
15.665,6717440.0,6325880.0,5993610.0,1339080.0,8.48055e-07,0.000638011,0.00249321,0.00185877,0.00185926,0.00185968,0.00186593,629.053,0.0009,running,fast
15.67,6717440.0,6325880.0,5993610.0,1339080.0,8.48055e-07,0.000638011,0.00249321,0.00185877,0.00185926,0.00185968,0.00186593,628.824,0.0009,running,fast
15.675,6717400.0,6325840.0,5993580.0,1339070.0,8.48053e-07,0.000636542,0.00249174,0.00185876,0.00185926,0.00185968,0.00186592,628.824,0.0009,running,fast
15.68,6717390.0,6325830.0,5993570.0,1339070.0,8.48052e-07,0.00063606,0.00249126,0.00185876,0.00185926,0.00185968,0.00186592,629.002,0.0009,running,fast
15.685,6717420.0,6325860.0,5993590.0,1339070.0,8.48054e-07,0.000637203,0.0024924,0.00185877,0.00185926,0.00185968,0.00186592,628.926,0.0009,running,fast
15.69,6717420.0,6325860.0,5993590.0,1339070.0,8.48054e-07,0.000637203,0.0024924,0.00185877,0.00185926,0.00185968,0.00186592,628.693,0.0009,running,fast
15.695,6717380.0,6325820.0,5993560.0,1339070.0,8.48052e-07,0.000635706,0.00249091,0.00185876,0.00185925,0.00185967,0.00186592,628.693,0.0009,running,fast
15.7,6717370.0,6325810.0,5993550.0,1339070.0,8.48051e-07,0.000635216,0.00249042,0.00185876,0.00185925,0.00185967,0.00186592,629.504,0.0009,running,fast
15.705,6717510.0,6325940.0,5993670.0,1339080.0,8.48059e-07,0.00064043,0.00249562,0.00185878,0.00185927,0.00185969,0.00186594,627.707,0.0009,running,fast
15.71,6717510.0,6325940.0,5993670.0,1339080.0,8.48059e-07,0.00064043,0.00249562,0.00185878,0.00185927,0.00185969,0.00186594,622.23,0.0009,running,fast
15.715,6716590.0,6325080.0,5992870.0,1339030.0,8.48002e-07,0.000605192,0.00246048,0.00185863,0.00185913,0.00185955,0.00186579,622.23,0.0009,running,fast
15.72,6716290.0,6324800.0,5992600.0,1339010.0,8.47984e-07,0.000593634,0.00244895,0.00185858,0.00185908,0.0018595,0.00186574,632.973,0.0009,running,fast
15.725,6718090.0,6326480.0,5994170.0,1339110.0,8.48096e-07,0.000662748,0.00251787,0.00185887,0.00185937,0.00185979,0.00186603,633.008,0.0009,running,fast
15.73,6718090.0,6326480.0,5994170.0,1339110.0,8.48096e-07,0.000662748,0.00251787,0.00185887,0.00185937,0.00185979,0.00186603,633.118,0.0009,running,fast
15.735,6718100.0,6326490.0,5994190.0,1339110.0,8.48097e-07,0.000663451,0.00251858,0.00185888,0.00185937,0.00185979,0.00186604,633.118,0.0009,running,fast
15.74,6718110.0,6326500.0,5994190.0,1339120.0,8.48097e-07,0.000663682,0.00251881,0.00185888,0.00185937,0.00185979,0.00186604,629.728,0.0009,running,fast
15.745,6717540.0,6325970.0,5993700.0,1339080.0,8.48062e-07,0.00064187,0.00249705,0.00185879,0.00185928,0.0018597,0.00186594,629.902,0.0009,running,fast
15.75,6717540.0,6325970.0,5993700.0,1339080.0,8.48062e-07,0.00064187,0.00249705,0.00185879,0.00185928,0.0018597,0.00186594,630.433,0.0009,running,fast
15.755,6717630.0,6326050.0,5993780.0,1339090.0,8.48067e-07,0.00064529,0.00250046,0.0018588,0.00185929,0.00185971,0.00186596,630.433,0.0009,running,fast
15.76,6717660.0,6326080.0,5993800.0,1339090.0,8.48069e-07,0.000646412,0.00250158,0.00185881,0.0018593,0.00185972,0.00186596,627.229,0.0009,running,fast
15.765,6717130.0,6325580.0,5993330.0,1339060.0,8.48036e-07,0.000625797,0.00248102,0.00185872,0.00185921,0.00185963,0.00186588,628.678,0.0009,running,fast
15.77,6717130.0,6325580.0,5993330.0,1339060.0,8.48036e-07,0.000625797,0.00248102,0.00185872,0.00185921,0.00185963,0.00186588,633.097,0.0009,running,fast
15.775,6717860.0,6326270.0,5993980.0,1339100.0,8.48082e-07,0.000654225,0.00250937,0.00185884,0.00185933,0.00185975,0.001866,633.097,0.0009,running,fast
15.78,6718110.0,6326500.0,5994190.0,1339120.0,8.48097e-07,0.000663549,0.00251867,0.00185888,0.00185937,0.00185979,0.00186604,633.254,0.0009,running,fast
15.785,6718130.0,6326520.0,5994210.0,1339120.0,8.48098e-07,0.000664559,0.00251968,0.00185888,0.00185938,0.0018598,0.00186604,632.016,0.0009,running,fast
15.79,6718130.0,6326520.0,5994210.0,1339120.0,8.48098e-07,0.000664559,0.00251968,0.00185888,0.00185938,0.0018598,0.00186604,628.242,0.0009,running,fast
15.795,6717500.0,6325930.0,5993660.0,1339080.0,8.48059e-07,0.000640276,0.00249546,0.00185878,0.00185927,0.00185969,0.00186594,628.242,0.0009,running,fast
15.8,6717290.0,6325740.0,5993480.0,1339070.0,8.48046e-07,0.000632311,0.00248752,0.00185875,0.00185924,0.00185966,0.0018659,627.336,0.0009,running,fast
15.805,6717140.0,6325600.0,5993350.0,1339060.0,8.48037e-07,0.000626487,0.00248171,0.00185872,0.00185922,0.00185964,0.00186588,627.378,0.0009,running,fast
15.81,6717140.0,6325600.0,5993350.0,1339060.0,8.48037e-07,0.000626487,0.00248171,0.00185872,0.00185922,0.00185964,0.00186588,627.506,0.0009,running,fast
15.815,6717160.0,6325620.0,5993370.0,1339060.0,8.48038e-07,0.000627308,0.00248253,0.00185873,0.00185922,0.00185964,0.00186588,627.506,0.0009,running,fast
15.82,6717170.0,6325630.0,5993370.0,1339060.0,8.48039e-07,0.000627577,0.0024828,0.00185873,0.00185922,0.00185964,0.00186588,629.285,0.0009,running,fast
15.825,6717470.0,6325900.0,5993630.0,1339080.0,8.48057e-07,0.000639022,0.00249421,0.00185877,0.00185927,0.00185969,0.00186593,628.174,0.0009,running,fast
15.83,6717470.0,6325900.0,5993630.0,1339080.0,8.48057e-07,0.000639022,0.00249421,0.00185877,0.00185927,0.00185969,0.00186593,624.789,0.0009,running,fast
15.835,6716900.0,6325380.0,5993140.0,1339050.0,8.48022e-07,0.000617242,0.00247249,0.00185868,0.00185918,0.0018596,0.00186584,624.789,0.0009,running,fast
15.84,6716720.0,6325200.0,5992980.0,1339040.0,8.4801e-07,0.000610097,0.00246537,0.00185865,0.00185915,0.00185957,0.00186581,625.703,0.0009,running,fast
15.845,6716870.0,6325340.0,5993110.0,1339040.0,8.4802e-07,0.000615977,0.00247123,0.00185868,0.00185917,0.00185959,0.00186583,626.998,0.0009,running,fast
15.85,6716870.0,6325340.0,5993110.0,1339040.0,8.4802e-07,0.000615977,0.00247123,0.00185868,0.00185917,0.00185959,0.00186583,630.949,0.0009,running,fast
15.855,6717530.0,6325960.0,5993690.0,1339080.0,8.48061e-07,0.000641391,0.00249658,0.00185878,0.00185928,0.0018597,0.00186594,630.949,0.0009,running,fast
15.86,6717750.0,6326160.0,5993880.0,1339100.0,8.48074e-07,0.000649727,0.00250489,0.00185882,0.00185931,0.00185973,0.00186598,631.15,0.0009,running,fast
15.865,6717780.0,6326190.0,5993910.0,1339100.0,8.48077e-07,0.000651019,0.00250618,0.00185883,0.00185932,0.00185974,0.00186598,629.899,0.0009,running,fast
15.87,6717780.0,6326190.0,5993910.0,1339100.0,8.48077e-07,0.000651019,0.00250618,0.00185883,0.00185932,0.00185974,0.00186598,626.087,0.0009,running,fast
15.875,6717140.0,6325600.0,5993350.0,1339060.0,8.48037e-07,0.000626491,0.00248172,0.00185872,0.00185922,0.00185964,0.00186588,626.087,0.0009,running,fast
15.88,6716930.0,6325400.0,5993170.0,1339050.0,8.48024e-07,0.000618446,0.00247369,0.00185869,0.00185918,0.0018596,0.00186584,626.589,0.0009,running,fast
15.885,6717020.0,6325480.0,5993240.0,1339050.0,8.48029e-07,0.00062168,0.00247692,0.0018587,0.0018592,0.00185961,0.00186586,627.547,0.0009,running,fast
15.89,6717020.0,6325480.0,5993240.0,1339050.0,8.48029e-07,0.00062168,0.00247692,0.0018587,0.0018592,0.00185961,0.00186586,630.469,0.0009,running,fast
15.895,6717510.0,6325940.0,5993670.0,1339080.0,8.48059e-07,0.000640475,0.00249566,0.00185878,0.00185927,0.00185969,0.00186594,630.469,0.0009,running,fast
15.9,6717670.0,6326090.0,5993810.0,1339090.0,8.48069e-07,0.00064664,0.00250181,0.00185881,0.0018593,0.00185972,0.00186596,629.849,0.0009,running,fast
15.905,6717560.0,6325990.0,5993720.0,1339090.0,8.48063e-07,0.000642651,0.00249783,0.00185879,0.00185928,0.0018597,0.00186595,629.876,0.0009,running,fast
15.91,6717560.0,6325990.0,5993720.0,1339090.0,8.48063e-07,0.000642651,0.00249783,0.00185879,0.00185928,0.0018597,0.00186595,629.958,0.0009,running,fast
15.915,6717580.0,6326000.0,5993730.0,1339090.0,8.48064e-07,0.000643178,0.00249836,0.00185879,0.00185929,0.00185971,0.00186595,629.958,0.0009,running,fast
15.92,6717580.0,6326010.0,5993730.0,1339090.0,8.48064e-07,0.000643352,0.00249853,0.00185879,0.00185929,0.00185971,0.00186595,628.648,0.0009,running,fast
15.925,6717360.0,6325800.0,5993540.0,1339070.0,8.4805e-07,0.000634924,0.00249013,0.00185876,0.00185925,0.00185967,0.00186591,627.98,0.0009,running,fast
15.93,6717360.0,6325800.0,5993540.0,1339070.0,8.4805e-07,0.000634924,0.00249013,0.00185876,0.00185925,0.00185967,0.00186591,625.946,0.0009,running,fast
15.935,6717020.0,6325490.0,5993240.0,1339050.0,8.48029e-07,0.000621836,0.00247707,0.0018587,0.0018592,0.00185962,0.00186586,625.946,0.0009,running,fast
15.94,6716910.0,6325380.0,5993150.0,1339050.0,8.48022e-07,0.000617544,0.00247279,0.00185868,0.00185918,0.0018596,0.00186584,626.687,0.0009,running,fast
15.945,6717030.0,6325500.0,5993260.0,1339060.0,8.4803e-07,0.00062231,0.00247755,0.0018587,0.0018592,0.00185962,0.00186586,626.86,0.0009,running,fast
15.95,6717030.0,6325500.0,5993260.0,1339060.0,8.4803e-07,0.00062231,0.00247755,0.0018587,0.0018592,0.00185962,0.00186586,627.387,0.0009,running,fast
15.955,6717120.0,6325580.0,5993330.0,1339060.0,8.48035e-07,0.000625703,0.00248093,0.00185872,0.00185921,0.00185963,0.00186587,627.387,0.0009,running,fast
15.96,6717150.0,6325610.0,5993360.0,1339060.0,8.48037e-07,0.000626816,0.00248204,0.00185872,0.00185922,0.00185964,0.00186588,630.271,0.0009,running,fast
15.965,6717630.0,6326060.0,5993780.0,1339090.0,8.48067e-07,0.000645368,0.00250054,0.0018588,0.00185929,0.00185971,0.00186596,628.859,0.0009,running,fast
15.97,6717630.0,6326060.0,5993780.0,1339090.0,8.48067e-07,0.000645368,0.00250054,0.0018588,0.00185929,0.00185971,0.00186596,624.555,0.0009,running,fast
15.975,6716910.0,6325390.0,5993150.0,1339050.0,8.48022e-07,0.000617678,0.00247293,0.00185868,0.00185918,0.0018596,0.00186584,624.555,0.0009,running,fast
15.98,6716680.0,6325170.0,5992940.0,1339030.0,8.48008e-07,0.000608596,0.00246387,0.00185865,0.00185914,0.00185956,0.0018658,627.938,0.0009,running,fast
15.985,6717240.0,6325690.0,5993440.0,1339070.0,8.48043e-07,0.000630355,0.00248557,0.00185874,0.00185923,0.00185965,0.00186589,628.553,0.0009,running,fast
15.99,6717240.0,6325690.0,5993440.0,1339070.0,8.48043e-07,0.000630355,0.00248557,0.00185874,0.00185923,0.00185965,0.00186589,630.428,0.0009,running,fast
15.995,6717560.0,6325980.0,5993710.0,1339090.0,8.48063e-07,0.000642421,0.0024976,0.00185879,0.00185928,0.0018597,0.00186595,630.428,0.0009,running,fast
16.0,6717660.0,6326080.0,5993800.0,1339090.0,8.48069e-07,0.000646378,0.00250155,0.00185881,0.0018593,0.00185972,0.00186596,627.44,0.0009,running,fast
16.005,6717160.0,6325620.0,5993370.0,1339060.0,8.48038e-07,0.000627151,0.00248237,0.00185872,0.00185922,0.00185964,0.00186588,627.325,0.0009,running,fast
16.01,6717160.0,6325620.0,5993370.0,1339060.0,8.48038e-07,0.000627151,0.00248237,0.00185872,0.00185922,0.00185964,0.00186588,626.974,0.0009,running,fast
16.015,6717100.0,6325560.0,5993310.0,1339060.0,8.48034e-07,0.000624896,0.00248013,0.00185872,0.00185921,0.00185963,0.00186587,626.974,0.0009,running,fast
16.02,6717080.0,6325540.0,5993300.0,1339060.0,8.48033e-07,0.000624157,0.00247939,0.00185871,0.00185921,0.00185962,0.00186587,627.997,0.0009,running,fast
16.025,6717250.0,6325700.0,5993450.0,1339070.0,8.48044e-07,0.000630735,0.00248595,0.00185874,0.00185923,0.00185965,0.0018659,629.278,0.0009,running,fast
16.03,6717250.0,6325700.0,5993450.0,1339070.0,8.48044e-07,0.000630735,0.00248595,0.00185874,0.00185923,0.00185965,0.0018659,633.183,0.0009,running,fast
16.035,6717910.0,6326310.0,5994020.0,1339110.0,8.48084e-07,0.000655863,0.00251101,0.00185885,0.00185934,0.00185976,0.001866,633.183,0.0009,running,fast
16.04,6718120.0,6326510.0,5994200.0,1339120.0,8.48098e-07,0.000664105,0.00251923,0.00185888,0.00185937,0.00185979,0.00186604,628.051,0.0009,running,fast
16.045,6717260.0,6325710.0,5993450.0,1339070.0,8.48044e-07,0.000631083,0.0024863,0.00185874,0.00185923,0.00185965,0.0018659,627.506,0.0009,running,fast
16.05,6717260.0,6325710.0,5993450.0,1339070.0,8.48044e-07,0.000631083,0.0024863,0.00185874,0.00185923,0.00185965,0.0018659,625.843,0.0009,running,fast
16.055,6716980.0,6325450.0,5993210.0,1339050.0,8.48027e-07,0.00062039,0.00247563,0.0018587,0.00185919,0.00185961,0.00186585,625.843,0.0009,running,fast
16.06,6716890.0,6325370.0,5993130.0,1339050.0,8.48021e-07,0.000616883,0.00247213,0.00185868,0.00185917,0.00185959,0.00186584,630.639,0.0009,running,fast
16.065,6717700.0,6326110.0,5993830.0,1339100.0,8.48071e-07,0.000647733,0.0025029,0.00185881,0.0018593,0.00185972,0.00186597,629.857,0.0009,running,fast
16.07,6717700.0,6326110.0,5993830.0,1339100.0,8.48071e-07,0.000647733,0.0025029,0.00185881,0.0018593,0.00185972,0.00186597,627.473,0.0009,running,fast
16.075,6717300.0,6325740.0,5993480.0,1339070.0,8.48046e-07,0.000632396,0.0024876,0.00185875,0.00185924,0.00185966,0.0018659,627.473,0.0009,running,fast
16.08,6717170.0,6325620.0,5993370.0,1339060.0,8.48038e-07,0.000627365,0.00248259,0.00185873,0.00185922,0.00185964,0.00186588,631.455,0.0009,running,fast
16.085,6717830.0,6326240.0,5993950.0,1339100.0,8.4808e-07,0.000652984,0.00250814,0.00185883,0.00185933,0.00185975,0.00186599,631.141,0.0009,running,fast
16.09,6717830.0,6326240.0,5993950.0,1339100.0,8.4808e-07,0.000652984,0.00250814,0.00185883,0.00185933,0.00185975,0.00186599,630.183,0.0009,running,fast
16.095,6717670.0,6326090.0,5993810.0,1339090.0,8.4807e-07,0.000646824,0.00250199,0.00185881,0.0018593,0.00185972,0.00186596,630.183,0.0009,running,fast
16.1,6717620.0,6326040.0,5993770.0,1339090.0,8.48066e-07,0.000644804,0.00249998,0.0018588,0.00185929,0.00185971,0.00186596,629.088,0.0009,running,fast
16.105,6717440.0,6325870.0,5993610.0,1339080.0,8.48055e-07,0.000637759,0.00249295,0.00185877,0.00185926,0.00185968,0.00186593,629.066,0.0009,running,fast
16.11,6717440.0,6325870.0,5993610.0,1339080.0,8.48055e-07,0.000637759,0.00249295,0.00185877,0.00185926,0.00185968,0.00186593,628.999,0.0009,running,fast
16.115,6717430.0,6325860.0,5993600.0,1339080.0,8.48054e-07,0.000637327,0.00249252,0.00185877,0.00185926,0.00185968,0.00186592,628.999,0.0009,running,fast
16.12,6717420.0,6325860.0,5993590.0,1339080.0,8.48054e-07,0.000637185,0.00249238,0.00185877,0.00185926,0.00185968,0.00186592,629.82,0.0009,running,fast
16.125,6717560.0,6325990.0,5993710.0,1339090.0,8.48063e-07,0.000642466,0.00249765,0.00185879,0.00185928,0.0018597,0.00186595,630.188,0.0009,running,fast
16.13,6717560.0,6325990.0,5993710.0,1339090.0,8.48063e-07,0.000642466,0.00249765,0.00185879,0.00185928,0.0018597,0.00186595,631.309,0.0009,running,fast
16.135,6717750.0,6326160.0,5993880.0,1339100.0,8.48074e-07,0.000649679,0.00250484,0.00185882,0.00185931,0.00185973,0.00186598,631.309,0.0009,running,fast
16.14,6717810.0,6326220.0,5993930.0,1339100.0,8.48078e-07,0.000652046,0.0025072,0.00185883,0.00185932,0.00185974,0.00186599,626.57,0.0009,running,fast
16.145,6717020.0,6325480.0,5993240.0,1339060.0,8.48029e-07,0.000621559,0.0024768,0.0018587,0.00185919,0.00185961,0.00186586,626.2,0.0009,running,fast
16.15,6717020.0,6325480.0,5993240.0,1339060.0,8.48029e-07,0.000621559,0.0024768,0.0018587,0.00185919,0.00185961,0.00186586,625.072,0.0009,running,fast
16.155,6716830.0,6325300.0,5993070.0,1339050.0,8.48017e-07,0.000614302,0.00246956,0.00185867,0.00185916,0.00185958,0.00186583,625.072,0.0009,running,fast
16.16,6716760.0,6325250.0,5993020.0,1339040.0,8.48013e-07,0.000611921,0.00246719,0.00185866,0.00185915,0.00185957,0.00186582,628.204,0.0009,running,fast
16.165,6717290.0,6325730.0,5993480.0,1339070.0,8.48046e-07,0.000632068,0.00248728,0.00185874,0.00185924,0.00185966,0.0018659,627.741,0.0009,running,fast
16.17,6717290.0,6325730.0,5993480.0,1339070.0,8.48046e-07,0.000632068,0.00248728,0.00185874,0.00185924,0.00185966,0.0018659,626.329,0.0009,running,fast
16.175,6717050.0,6325510.0,5993270.0,1339060.0,8.48031e-07,0.000622984,0.00247822,0.00185871,0.0018592,0.00185962,0.00186586,626.329,0.0009,running,fast
16.18,6716970.0,6325440.0,5993200.0,1339050.0,8.48026e-07,0.000620005,0.00247525,0.00185869,0.00185919,0.00185961,0.00186585,628.847,0.0009,running,fast
16.185,6717400.0,6325830.0,5993570.0,1339080.0,8.48053e-07,0.000636204,0.0024914,0.00185876,0.00185926,0.00185968,0.00186592,628.871,0.0009,running,fast
16.19,6717400.0,6325830.0,5993570.0,1339080.0,8.48053e-07,0.000636204,0.0024914,0.00185876,0.00185926,0.00185968,0.00186592,628.946,0.0009,running,fast
16.195,6717410.0,6325850.0,5993580.0,1339080.0,8.48053e-07,0.000636687,0.00249188,0.00185876,0.00185926,0.00185968,0.00186592,628.946,0.0009,running,fast
16.2,6717410.0,6325850.0,5993590.0,1339080.0,8.48054e-07,0.000636846,0.00249204,0.00185876,0.00185926,0.00185968,0.00186592,624.949,0.0009,running,fast
16.205,6716740.0,6325230.0,5993000.0,1339040.0,8.48012e-07,0.000611127,0.00246639,0.00185866,0.00185915,0.00185957,0.00186581,625.844,0.0009,running,fast
16.21,6716740.0,6325230.0,5993000.0,1339040.0,8.48012e-07,0.000611127,0.00246639,0.00185866,0.00185915,0.00185957,0.00186581,628.573,0.0009,running,fast
16.215,6717200.0,6325650.0,5993400.0,1339070.0,8.4804e-07,0.000628684,0.0024839,0.00185873,0.00185922,0.00185964,0.00186589,628.573,0.0009,running,fast
16.22,6717350.0,6325790.0,5993530.0,1339080.0,8.4805e-07,0.000634442,0.00248964,0.00185875,0.00185925,0.00185967,0.00186591,627.102,0.0009,running,fast
16.225,6717100.0,6325560.0,5993320.0,1339060.0,8.48034e-07,0.000624981,0.00248021,0.00185871,0.00185921,0.00185963,0.00186587,626.959,0.0009,running,fast
16.23,6717100.0,6325560.0,5993320.0,1339060.0,8.48034e-07,0.000624981,0.00248021,0.00185871,0.00185921,0.00185963,0.00186587,626.522,0.0009,running,fast
16.235,6717030.0,6325490.0,5993250.0,1339060.0,8.4803e-07,0.000622168,0.0024774,0.0018587,0.0018592,0.00185962,0.00186586,626.522,0.0009,running,fast
16.24,6717010.0,6325470.0,5993230.0,1339060.0,8.48028e-07,0.000621246,0.00247648,0.0018587,0.00185919,0.00185961,0.00186585,626.039,0.0009,running,fast
16.245,6716930.0,6325400.0,5993160.0,1339050.0,8.48023e-07,0.000618139,0.00247339,0.00185869,0.00185918,0.0018596,0.00186584,626.743,0.0009,running,fast
16.25,6716930.0,6325400.0,5993160.0,1339050.0,8.48023e-07,0.000618139,0.00247339,0.00185869,0.00185918,0.0018596,0.00186584,628.89,0.0009,running,fast
16.255,6717290.0,6325730.0,5993470.0,1339070.0,8.48046e-07,0.000631955,0.00248716,0.00185874,0.00185924,0.00185966,0.0018659,628.89,0.0009,running,fast
16.26,6717400.0,6325840.0,5993580.0,1339080.0,8.48053e-07,0.000636486,0.00249168,0.00185876,0.00185926,0.00185968,0.00186592,627.907,0.0009,running,fast
16.265,6717240.0,6325690.0,5993430.0,1339070.0,8.48043e-07,0.000630161,0.00248538,0.00185874,0.00185923,0.00185965,0.00186589,628.393,0.0009,running,fast
16.27,6717240.0,6325690.0,5993430.0,1339070.0,8.48043e-07,0.000630161,0.00248538,0.00185874,0.00185923,0.00185965,0.00186589,629.874,0.0009,running,fast
16.275,6717490.0,6325920.0,5993650.0,1339090.0,8.48058e-07,0.000639688,0.00249488,0.00185878,0.00185927,0.00185969,0.00186593,629.874,0.0009,running,fast
16.28,6717570.0,6325990.0,5993720.0,1339090.0,8.48063e-07,0.000642813,0.00249799,0.00185879,0.00185928,0.0018597,0.00186595,630.815,0.0009,running,fast
16.285,6717730.0,6326140.0,5993860.0,1339100.0,8.48073e-07,0.000648871,0.00250403,0.00185882,0.00185931,0.00185973,0.00186597,630.506,0.0009,running,fast
16.29,6717730.0,6326140.0,5993860.0,1339100.0,8.48073e-07,0.000648871,0.00250403,0.00185882,0.00185931,0.00185973,0.00186597,629.561,0.0009,running,fast
16.295,6717570.0,6325990.0,5993720.0,1339090.0,8.48063e-07,0.000642794,0.00249797,0.00185879,0.00185928,0.0018597,0.00186595,629.561,0.0009,running,fast
16.3,6717520.0,6325950.0,5993680.0,1339090.0,8.4806e-07,0.000640801,0.00249599,0.00185878,0.00185927,0.00185969,0.00186594,627.208,0.0009,running,fast
16.305,6717120.0,6325580.0,5993330.0,1339070.0,8.48035e-07,0.00062566,0.00248089,0.00185872,0.00185921,0.00185963,0.00186587,627.619,0.0009,running,fast
16.31,6717120.0,6325580.0,5993330.0,1339070.0,8.48035e-07,0.00062566,0.00248089,0.00185872,0.00185921,0.00185963,0.00186587,628.872,0.0009,running,fast
16.315,6717330.0,6325770.0,5993510.0,1339080.0,8.48048e-07,0.000633725,0.00248893,0.00185875,0.00185924,0.00185966,0.00186591,628.872,0.0009,running,fast
16.32,6717400.0,6325840.0,5993570.0,1339080.0,8.48053e-07,0.00063637,0.00249157,0.00185876,0.00185926,0.00185968,0.00186592,630.512,0.0009,running,fast
16.325,6717670.0,6326090.0,5993810.0,1339100.0,8.4807e-07,0.000646916,0.00250208,0.00185881,0.0018593,0.00185972,0.00186596,629.162,0.0009,running,fast
16.33,6717670.0,6326090.0,5993810.0,1339100.0,8.4807e-07,0.000646916,0.00250208,0.00185881,0.0018593,0.00185972,0.00186596,625.046,0.0009,running,fast
16.335,6716990.0,6325450.0,5993210.0,1339060.0,8.48027e-07,0.000620438,0.00247568,0.0018587,0.00185919,0.00185961,0.00186585,625.046,0.0009,running,fast
16.34,6716760.0,6325240.0,5993020.0,1339040.0,8.48013e-07,0.000611753,0.00246702,0.00185866,0.00185915,0.00185957,0.00186581,626.444,0.0009,running,fast
16.345,6716990.0,6325460.0,5993220.0,1339060.0,8.48027e-07,0.000620749,0.00247599,0.0018587,0.00185919,0.00185961,0.00186585,626.684,0.0009,running,fast
16.35,6716990.0,6325460.0,5993220.0,1339060.0,8.48027e-07,0.000620749,0.00247599,0.0018587,0.00185919,0.00185961,0.00186585,627.416,0.0009,running,fast
16.355,6717120.0,6325570.0,5993330.0,1339070.0,8.48035e-07,0.000625457,0.00248068,0.00185872,0.00185921,0.00185963,0.00186587,627.416,0.0009,running,fast
16.36,6717160.0,6325610.0,5993360.0,1339070.0,8.48038e-07,0.000627001,0.00248222,0.00185872,0.00185922,0.00185964,0.00186588,626.507,0.0009,running,fast
16.365,6717000.0,6325470.0,5993230.0,1339060.0,8.48028e-07,0.000621151,0.00247639,0.0018587,0.00185919,0.00185961,0.00186585,626.408,0.0009,running,fast
16.37,6717000.0,6325470.0,5993230.0,1339060.0,8.48028e-07,0.000621151,0.00247639,0.0018587,0.00185919,0.00185961,0.00186585,626.107,0.0009,running,fast
16.375,6716950.0,6325420.0,5993190.0,1339060.0,8.48025e-07,0.000619216,0.00247446,0.00185869,0.00185918,0.0018596,0.00186585,626.107,0.0009,running,fast
16.38,6716940.0,6325410.0,5993170.0,1339060.0,8.48024e-07,0.000618581,0.00247383,0.00185869,0.00185918,0.0018596,0.00186584,625.594,0.0009,running,fast
16.385,6716850.0,6325330.0,5993100.0,1339050.0,8.48019e-07,0.000615276,0.00247053,0.00185867,0.00185917,0.00185959,0.00186583,626.822,0.0009,running,fast
16.39,6716850.0,6325330.0,5993100.0,1339050.0,8.48019e-07,0.000615276,0.00247053,0.00185867,0.00185917,0.00185959,0.00186583,630.566,0.0009,running,fast
16.395,6717480.0,6325910.0,5993640.0,1339090.0,8.48058e-07,0.000639366,0.00249456,0.00185877,0.00185927,0.00185969,0.00186593,630.566,0.0009,running,fast
16.4,6717680.0,6326100.0,5993820.0,1339100.0,8.4807e-07,0.000647268,0.00250244,0.00185881,0.0018593,0.00185972,0.00186597,629.98,0.0009,running,fast
16.405,6717590.0,6326010.0,5993740.0,1339090.0,8.48064e-07,0.000643495,0.00249867,0.00185879,0.00185929,0.00185971,0.00186595,630.348,0.0009,running,fast
16.41,6717590.0,6326010.0,5993740.0,1339090.0,8.48064e-07,0.000643495,0.00249867,0.00185879,0.00185929,0.00185971,0.00186595,631.472,0.0009,running,fast
16.415,6717770.0,6326190.0,5993900.0,1339100.0,8.48076e-07,0.000650726,0.00250588,0.00185882,0.00185932,0.00185974,0.00186598,631.472,0.0009,running,fast
16.42,6717830.0,6326240.0,5993950.0,1339110.0,8.4808e-07,0.000653097,0.00250825,0.00185883,0.00185933,0.00185975,0.00186599,627.184,0.0009,running,fast
16.425,6717120.0,6325580.0,5993330.0,1339070.0,8.48035e-07,0.000625509,0.00248074,0.00185872,0.00185921,0.00185963,0.00186587,627.895,0.0009,running,fast
16.43,6717120.0,6325580.0,5993330.0,1339070.0,8.48035e-07,0.00062551,0.00248074,0.00185872,0.00185921,0.00185963,0.00186587,630.062,0.0009,running,fast
16.435,6717480.0,6325910.0,5993650.0,1339090.0,8.48058e-07,0.00063945,0.00249464,0.00185878,0.00185927,0.00185969,0.00186593,630.062,0.0009,running,fast
16.44,6717600.0,6326020.0,5993750.0,1339090.0,8.48065e-07,0.000644022,0.0024992,0.00185879,0.00185929,0.00185971,0.00186595,630.853,0.0009,running,fast
16.445,6717730.0,6326150.0,5993860.0,1339100.0,8.48073e-07,0.000649116,0.00250428,0.00185882,0.00185931,0.00185973,0.00186597,630.667,0.0009,running,fast
16.45,6717730.0,6326150.0,5993860.0,1339100.0,8.48073e-07,0.000649116,0.00250428,0.00185882,0.00185931,0.00185973,0.00186597,630.099,0.0009,running,fast
16.455,6717640.0,6326060.0,5993780.0,1339100.0,8.48068e-07,0.000645461,0.00250063,0.0018588,0.00185929,0.00185971,0.00186596,630.099,0.0009,running,fast
16.46,6717610.0,6326030.0,5993750.0,1339100.0,8.48066e-07,0.000644263,0.00249944,0.0018588,0.00185929,0.00185971,0.00186595,629.29,0.0009,running,fast
16.465,6717470.0,6325900.0,5993640.0,1339090.0,8.48057e-07,0.000639057,0.00249425,0.00185877,0.00185927,0.00185969,0.00186593,629.024,0.0009,running,fast
16.47,6717470.0,6325900.0,5993640.0,1339090.0,8.48057e-07,0.000639057,0.00249425,0.00185877,0.00185927,0.00185969,0.00186593,628.213,0.0009,running,fast
16.475,6717330.0,6325780.0,5993520.0,1339080.0,8.48049e-07,0.000633838,0.00248904,0.00185875,0.00185925,0.00185966,0.00186591,628.213,0.0009,running,fast
16.48,6717290.0,6325740.0,5993480.0,1339080.0,8.48046e-07,0.000632126,0.00248733,0.00185874,0.00185924,0.00185966,0.0018659,626.909,0.0009,running,fast
16.485,6717070.0,6325530.0,5993290.0,1339060.0,8.48032e-07,0.000623737,0.00247897,0.00185871,0.0018592,0.00185962,0.00186586,627.527,0.0009,running,fast
16.49,6717070.0,6325530.0,5993290.0,1339060.0,8.48032e-07,0.000623737,0.00247897,0.00185871,0.0018592,0.00185962,0.00186586,629.413,0.0009,running,fast
16.495,6717390.0,6325830.0,5993560.0,1339080.0,8.48052e-07,0.000635868,0.00249107,0.00185876,0.00185925,0.00185967,0.00186592,629.413,0.0009,running,fast
16.5,6717490.0,6325920.0,5993650.0,1339090.0,8.48058e-07,0.000639847,0.00249503,0.00185878,0.00185927,0.00185969,0.00186593,627.863,0.0009,running,fast
16.505,6717230.0,6325680.0,5993430.0,1339070.0,8.48042e-07,0.000629873,0.00248509,0.00185873,0.00185923,0.00185965,0.00186589,628.088,0.0009,running,fast
16.51,6717230.0,6325680.0,5993430.0,1339070.0,8.48042e-07,0.000629873,0.00248509,0.00185873,0.00185923,0.00185965,0.00186589,628.774,0.0009,running,fast
16.515,6717350.0,6325790.0,5993530.0,1339080.0,8.48049e-07,0.000634291,0.00248949,0.00185875,0.00185925,0.00185967,0.00186591,628.774,0.0009,running,fast
16.52,6717380.0,6325820.0,5993560.0,1339080.0,8.48052e-07,0.00063574,0.00249094,0.00185876,0.00185925,0.00185967,0.00186592,630.318,0.0009,running,fast
16.525,6717640.0,6326060.0,5993790.0,1339100.0,8.48068e-07,0.000645668,0.00250084,0.0018588,0.00185929,0.00185971,0.00186596,629.552,0.0009,running,fast
16.53,6717640.0,6326060.0,5993790.0,1339100.0,8.48068e-07,0.000645668,0.00250084,0.0018588,0.00185929,0.00185971,0.00186596,627.216,0.0009,running,fast
16.535,6717250.0,6325700.0,5993450.0,1339080.0,8.48044e-07,0.000630643,0.00248585,0.00185874,0.00185923,0.00185965,0.00186589,627.216,0.0009,running,fast
16.54,6717120.0,6325580.0,5993330.0,1339070.0,8.48036e-07,0.000625715,0.00248094,0.00185872,0.00185921,0.00185963,0.00186587,627.469,0.0009,running,fast
16.545,6717170.0,6325620.0,5993370.0,1339070.0,8.48038e-07,0.000627342,0.00248256,0.00185872,0.00185922,0.00185964,0.00186588,628.115,0.0009,running,fast
16.55,6717170.0,6325620.0,5993370.0,1339070.0,8.48038e-07,0.000627342,0.00248256,0.00185872,0.00185922,0.00185964,0.00186588,630.083,0.0009,running,fast
16.555,6717490.0,6325930.0,5993660.0,1339090.0,8.48059e-07,0.000640006,0.00249519,0.00185878,0.00185927,0.00185969,0.00186593,630.083,0.0009,running,fast
16.56,6717600.0,6326030.0,5993750.0,1339100.0,8.48065e-07,0.00064416,0.00249933,0.00185879,0.00185929,0.00185971,0.00186595,626.721,0.0009,running,fast
16.565,6717040.0,6325500.0,5993260.0,1339060.0,8.4803e-07,0.000622528,0.00247776,0.0018587,0.0018592,0.00185962,0.00186586,626.23,0.0009,running,fast
16.57,6717040.0,6325500.0,5993260.0,1339060.0,8.4803e-07,0.000622528,0.00247776,0.0018587,0.0018592,0.00185962,0.00186586,624.734,0.0009,running,fast
16.575,6716790.0,6325270.0,5993040.0,1339050.0,8.48015e-07,0.000612905,0.00246817,0.00185866,0.00185916,0.00185958,0.00186582,624.734,0.0009,running,fast
16.58,6716710.0,6325190.0,5992970.0,1339040.0,8.4801e-07,0.000609749,0.00246502,0.00185865,0.00185914,0.00185956,0.00186581,630.219,0.0009,running,fast
16.585,6717630.0,6326050.0,5993770.0,1339100.0,8.48067e-07,0.000645033,0.00250021,0.0018588,0.00185929,0.00185971,0.00186596,629.975,0.0009,running,fast
16.59,6717630.0,6326050.0,5993770.0,1339100.0,8.48067e-07,0.000645033,0.00250021,0.0018588,0.00185929,0.00185971,0.00186596,629.232,0.0009,running,fast
16.595,6717500.0,6325930.0,5993660.0,1339090.0,8.48059e-07,0.000640251,0.00249544,0.00185878,0.00185927,0.00185969,0.00186593,629.232,0.0009,running,fast
16.6,6717460.0,6325900.0,5993630.0,1339090.0,8.48057e-07,0.000638683,0.00249387,0.00185877,0.00185927,0.00185968,0.00186593,629.619,0.0009,running,fast
16.605,6717530.0,6325960.0,5993680.0,1339090.0,8.48061e-07,0.000641174,0.00249636,0.00185878,0.00185928,0.0018597,0.00186594,630.078,0.0009,running,fast
16.61,6717530.0,6325960.0,5993680.0,1339090.0,8.48061e-07,0.000641174,0.00249636,0.00185878,0.00185928,0.0018597,0.00186594,631.476,0.0009,running,fast
16.615,6717760.0,6326170.0,5993890.0,1339110.0,8.48075e-07,0.000650173,0.00250533,0.00185882,0.00185931,0.00185973,0.00186598,631.476,0.0009,running,fast
16.62,6717840.0,6326240.0,5993960.0,1339110.0,8.4808e-07,0.000653124,0.00250827,0.00185883,0.00185933,0.00185975,0.00186599,627.633,0.0009,running,fast
16.625,6717190.0,6325650.0,5993390.0,1339070.0,8.4804e-07,0.000628398,0.00248362,0.00185873,0.00185922,0.00185964,0.00186588,627.229,0.0009,running,fast
16.63,6717190.0,6325650.0,5993390.0,1339070.0,8.4804e-07,0.000628398,0.00248362,0.00185873,0.00185922,0.00185964,0.00186588,625.996,0.0009,running,fast
16.635,6716990.0,6325450.0,5993210.0,1339060.0,8.48027e-07,0.000620465,0.0024757,0.00185869,0.00185919,0.00185961,0.00186585,625.996,0.0009,running,fast
16.64,6716920.0,6325390.0,5993160.0,1339060.0,8.48023e-07,0.000617863,0.00247311,0.00185868,0.00185918,0.0018596,0.00186584,624.96,0.0009,running,fast
16.645,6716750.0,6325230.0,5993000.0,1339050.0,8.48012e-07,0.0006112,0.00246646,0.00185866,0.00185915,0.00185957,0.00186581,626.248,0.0009,running,fast
16.65,6716750.0,6325230.0,5993000.0,1339050.0,8.48012e-07,0.0006112,0.00246646,0.00185866,0.00185915,0.00185957,0.00186581,630.174,0.0009,running,fast
16.655,6717400.0,6325840.0,5993580.0,1339090.0,8.48053e-07,0.000636459,0.00249166,0.00185876,0.00185926,0.00185968,0.00186592,630.174,0.0009,running,fast
16.66,6717620.0,6326040.0,5993770.0,1339100.0,8.48066e-07,0.000644744,0.00249992,0.0018588,0.00185929,0.00185971,0.00186595,623.928,0.0009,running,fast
16.665,6716570.0,6325070.0,5992850.0,1339040.0,8.48001e-07,0.000604562,0.00245984,0.00185863,0.00185912,0.00185954,0.00186578,624.355,0.0009,running,fast
16.67,6716570.0,6325070.0,5992850.0,1339040.0,8.48001e-07,0.000604562,0.00245984,0.00185863,0.00185912,0.00185954,0.00186578,625.656,0.0009,running,fast
16.675,6716790.0,6325270.0,5993040.0,1339050.0,8.48015e-07,0.000612933,0.00246819,0.00185866,0.00185916,0.00185958,0.00186582,625.656,0.0009,running,fast
16.68,6716860.0,6325340.0,5993110.0,1339060.0,8.48019e-07,0.000615678,0.00247093,0.00185867,0.00185917,0.00185959,0.00186583,627.856,0.0009,running,fast
16.685,6717230.0,6325680.0,5993430.0,1339080.0,8.48042e-07,0.000629835,0.00248505,0.00185873,0.00185923,0.00185965,0.00186589,627.776,0.0009,running,fast
16.69,6717230.0,6325680.0,5993430.0,1339080.0,8.48042e-07,0.000629835,0.00248505,0.00185873,0.00185923,0.00185965,0.00186589,627.53,0.0009,running,fast
16.695,6717190.0,6325640.0,5993390.0,1339070.0,8.4804e-07,0.000628254,0.00248347,0.00185873,0.00185922,0.00185964,0.00186588,627.53,0.0009,running,fast
16.7,6717180.0,6325630.0,5993380.0,1339070.0,8.48039e-07,0.000627735,0.00248295,0.00185873,0.00185922,0.00185964,0.00186588,624.159,0.0009,running,fast
16.705,6716610.0,6325100.0,5992890.0,1339040.0,8.48004e-07,0.000606049,0.00246133,0.00185863,0.00185913,0.00185955,0.00186579,624.837,0.0009,running,fast
16.71,6716610.0,6325100.0,5992890.0,1339040.0,8.48004e-07,0.000606049,0.00246133,0.00185863,0.00185913,0.00185955,0.00186579,626.902,0.0009,running,fast
16.715,6716960.0,6325430.0,5993190.0,1339060.0,8.48025e-07,0.000619335,0.00247458,0.00185869,0.00185918,0.0018596,0.00186585,626.902,0.0009,running,fast
16.72,6717070.0,6325530.0,5993290.0,1339070.0,8.48032e-07,0.000623692,0.00247892,0.00185871,0.0018592,0.00185962,0.00186586,623.951,0.0009,running,fast
16.725,6716580.0,6325070.0,5992860.0,1339040.0,8.48001e-07,0.000604711,0.00245999,0.00185863,0.00185912,0.00185954,0.00186578,624.544,0.0009,running,fast
16.73,6716580.0,6325070.0,5992860.0,1339040.0,8.48001e-07,0.000604711,0.00245999,0.00185863,0.00185912,0.00185954,0.00186578,626.352,0.0009,running,fast
16.735,6716880.0,6325350.0,5993120.0,1339060.0,8.4802e-07,0.000616341,0.00247159,0.00185868,0.00185917,0.00185959,0.00186583,626.352,0.0009,running,fast
16.74,6716980.0,6325450.0,5993210.0,1339060.0,8.48027e-07,0.000620156,0.0024754,0.00185869,0.00185919,0.00185961,0.00186585,624.761,0.0009,running,fast
16.745,6716710.0,6325200.0,5992980.0,1339050.0,8.4801e-07,0.000609918,0.00246519,0.00185865,0.00185914,0.00185956,0.00186581,625.358,0.0009,running,fast
16.75,6716710.0,6325200.0,5992980.0,1339050.0,8.4801e-07,0.000609918,0.00246519,0.00185865,0.00185914,0.00185956,0.00186581,627.18,0.0009,running,fast
16.755,6717020.0,6325480.0,5993240.0,1339070.0,8.48029e-07,0.000621639,0.00247688,0.0018587,0.00185919,0.00185961,0.00186586,627.18,0.0009,running,fast
16.76,6717120.0,6325580.0,5993330.0,1339070.0,8.48035e-07,0.000625484,0.00248071,0.00185872,0.00185921,0.00185963,0.00186587,625.693,0.0009,running,fast
16.765,6716870.0,6325340.0,5993110.0,1339060.0,8.4802e-07,0.000615918,0.00247117,0.00185868,0.00185917,0.00185959,0.00186583,625.381,0.0009,running,fast
16.77,6716870.0,6325340.0,5993110.0,1339060.0,8.4802e-07,0.000615918,0.00247117,0.00185868,0.00185917,0.00185959,0.00186583,624.43,0.0009,running,fast
16.775,6716710.0,6325200.0,5992970.0,1339050.0,8.4801e-07,0.000609797,0.00246507,0.00185865,0.00185914,0.00185956,0.0018658,624.43,0.0009,running,fast
16.78,6716660.0,6325150.0,5992930.0,1339040.0,8.48006e-07,0.00060779,0.00246306,0.00185864,0.00185913,0.00185955,0.0018658,624.668,0.0009,running,fast
16.785,6716700.0,6325180.0,5992960.0,1339050.0,8.48009e-07,0.000609323,0.00246459,0.00185865,0.00185914,0.00185956,0.0018658,625.32,0.0009,running,fast
16.79,6716700.0,6325180.0,5992960.0,1339050.0,8.48009e-07,0.000609323,0.00246459,0.00185865,0.00185914,0.00185956,0.0018658,627.307,0.0009,running,fast
16.795,6717030.0,6325490.0,5993250.0,1339070.0,8.4803e-07,0.000622105,0.00247734,0.0018587,0.00185919,0.00185961,0.00186586,627.307,0.0009,running,fast
16.8,6717140.0,6325600.0,5993350.0,1339070.0,8.48036e-07,0.000626297,0.00248152,0.00185872,0.00185921,0.00185963,0.00186587,624.093,0.0009,running,fast
16.805,6716600.0,6325090.0,5992880.0,1339040.0,8.48003e-07,0.000605622,0.0024609,0.00185863,0.00185913,0.00185955,0.00186579,624.627,0.0009,running,fast
16.81,6716600.0,6325090.0,5992880.0,1339040.0,8.48003e-07,0.000605622,0.0024609,0.00185863,0.00185913,0.00185955,0.00186579,626.254,0.0009,running,fast
16.815,6716870.0,6325350.0,5993120.0,1339060.0,8.4802e-07,0.000616091,0.00247134,0.00185868,0.00185917,0.00185959,0.00186583,626.254,0.0009,running,fast
16.82,6716960.0,6325430.0,5993190.0,1339060.0,8.48025e-07,0.000619525,0.00247477,0.00185869,0.00185918,0.0018596,0.00186585,629.573,0.0009,running,fast
16.825,6717520.0,6325950.0,5993680.0,1339100.0,8.4806e-07,0.000640879,0.00249606,0.00185878,0.00185927,0.00185969,0.00186594,630.116,0.0009,running,fast
16.83,6717520.0,6325950.0,5993680.0,1339100.0,8.4806e-07,0.000640879,0.00249606,0.00185878,0.00185927,0.00185969,0.00186594,631.771,0.0009,running,fast
16.835,6717790.0,6326210.0,5993920.0,1339110.0,8.48077e-07,0.000651526,0.00250668,0.00185883,0.00185932,0.00185974,0.00186598,631.771,0.0009,running,fast
16.84,6717880.0,6326290.0,5994000.0,1339120.0,8.48083e-07,0.000655019,0.00251016,0.00185884,0.00185933,0.00185975,0.001866,626.769,0.0009,running,fast
16.845,6717050.0,6325510.0,5993270.0,1339070.0,8.48031e-07,0.000622841,0.00247807,0.0018587,0.0018592,0.00185962,0.00186586,627.254,0.0009,running,fast
16.85,6717050.0,6325510.0,5993270.0,1339070.0,8.48031e-07,0.000622841,0.00247807,0.0018587,0.0018592,0.00185962,0.00186586,628.733,0.0009,running,fast
16.855,6717300.0,6325740.0,5993480.0,1339080.0,8.48046e-07,0.000632353,0.00248756,0.00185874,0.00185924,0.00185966,0.0018659,628.733,0.0009,running,fast
16.86,6717380.0,6325820.0,5993560.0,1339090.0,8.48051e-07,0.000635473,0.00249067,0.00185876,0.00185925,0.00185967,0.00186591,630.779,0.0009,running,fast
16.865,6717720.0,6326140.0,5993850.0,1339110.0,8.48073e-07,0.000648634,0.0025038,0.00185881,0.00185931,0.00185973,0.00186597,630.033,0.0009,running,fast
16.87,6717720.0,6326140.0,5993850.0,1339110.0,8.48073e-07,0.000648634,0.0025038,0.00185881,0.00185931,0.00185973,0.00186597,627.759,0.0009,running,fast
16.875,6717340.0,6325780.0,5993520.0,1339090.0,8.48049e-07,0.000634004,0.00248921,0.00185875,0.00185924,0.00185966,0.00186591,627.759,0.0009,running,fast
16.88,6717210.0,6325670.0,5993410.0,1339080.0,8.48041e-07,0.000629206,0.00248442,0.00185873,0.00185922,0.00185964,0.00186589,630.295,0.0009,running,fast
16.885,6717640.0,6326060.0,5993780.0,1339100.0,8.48068e-07,0.000645523,0.00250069,0.0018588,0.00185929,0.00185971,0.00186596,629.773,0.0009,running,fast
16.89,6717640.0,6326060.0,5993780.0,1339100.0,8.48068e-07,0.000645523,0.00250069,0.0018588,0.00185929,0.00185971,0.00186596,628.182,0.0009,running,fast
16.895,6717370.0,6325810.0,5993550.0,1339090.0,8.48051e-07,0.000635287,0.00249049,0.00185876,0.00185925,0.00185967,0.00186591,628.182,0.0009,running,fast
16.9,6717280.0,6325730.0,5993480.0,1339080.0,8.48046e-07,0.00063193,0.00248714,0.00185874,0.00185924,0.00185966,0.0018659,629.627,0.0009,running,fast
16.905,6717530.0,6325960.0,5993690.0,1339100.0,8.48061e-07,0.000641225,0.00249641,0.00185878,0.00185928,0.00185969,0.00186594,629.456,0.0009,running,fast
16.91,6717530.0,6325960.0,5993690.0,1339100.0,8.48061e-07,0.000641225,0.00249641,0.00185878,0.00185928,0.00185969,0.00186594,628.934,0.0009,running,fast
16.915,6717440.0,6325880.0,5993610.0,1339090.0,8.48055e-07,0.000637868,0.00249306,0.00185877,0.00185926,0.00185968,0.00186592,628.934,0.0009,running,fast
16.92,6717410.0,6325850.0,5993590.0,1339090.0,8.48053e-07,0.000636767,0.00249196,0.00185876,0.00185926,0.00185968,0.00186592,622.178,0.0009,running,fast
16.925,6716280.0,6324800.0,5992600.0,1339020.0,8.47983e-07,0.000593303,0.00244862,0.00185858,0.00185907,0.00185949,0.00186573,623.964,0.0009,running,fast
16.93,6716280.0,6324800.0,5992600.0,1339020.0,8.47983e-07,0.000593303,0.00244862,0.00185858,0.00185907,0.00185949,0.00186573,629.411,0.0009,running,fast
16.935,6717190.0,6325640.0,5993390.0,1339080.0,8.4804e-07,0.000628343,0.00248356,0.00185873,0.00185922,0.00185964,0.00186588,629.411,0.0009,running,fast
16.94,6717490.0,6325920.0,5993650.0,1339100.0,8.48058e-07,0.000639836,0.00249502,0.00185878,0.00185927,0.00185969,0.00186593,627.115,0.0009,running,fast
16.945,6717110.0,6325570.0,5993320.0,1339070.0,8.48034e-07,0.000625063,0.00248029,0.00185871,0.00185921,0.00185963,0.00186587,627.352,0.0009,running,fast
16.95,6717110.0,6325570.0,5993320.0,1339070.0,8.48034e-07,0.000625063,0.00248029,0.00185871,0.00185921,0.00185963,0.00186587,628.075,0.0009,running,fast
16.955,6717230.0,6325680.0,5993430.0,1339080.0,8.48042e-07,0.000629716,0.00248493,0.00185873,0.00185923,0.00185965,0.00186589,628.075,0.0009,running,fast
16.96,6717270.0,6325720.0,5993460.0,1339080.0,8.48044e-07,0.000631242,0.00248645,0.00185874,0.00185923,0.00185965,0.0018659,629.477,0.0009,running,fast
16.965,6717500.0,6325930.0,5993660.0,1339100.0,8.48059e-07,0.000640262,0.00249545,0.00185878,0.00185927,0.00185969,0.00186593,627.649,0.0009,running,fast
16.97,6717500.0,6325930.0,5993660.0,1339100.0,8.48059e-07,0.000640262,0.00249545,0.00185878,0.00185927,0.00185969,0.00186593,622.074,0.0009,running,fast
16.975,6716570.0,6325070.0,5992850.0,1339040.0,8.48001e-07,0.0006044,0.00245968,0.00185863,0.00185912,0.00185954,0.00186578,622.074,0.0009,running,fast
16.98,6716260.0,6324780.0,5992580.0,1339020.0,8.47982e-07,0.000592637,0.00244795,0.00185858,0.00185907,0.00185949,0.00186573,627.672,0.0009,running,fast
16.985,6717200.0,6325650.0,5993400.0,1339080.0,8.4804e-07,0.00062865,0.00248387,0.00185873,0.00185922,0.00185964,0.00186588,627.102,0.0009,running,fast
16.99,6717200.0,6325650.0,5993400.0,1339080.0,8.4804e-07,0.00062865,0.00248387,0.00185873,0.00185922,0.00185964,0.00186588,625.363,0.0009,running,fast
16.995,6716910.0,6325380.0,5993150.0,1339060.0,8.48022e-07,0.000617464,0.00247271,0.00185868,0.00185917,0.00185959,0.00186584,625.363,0.0009,running,fast
17.0,6716810.0,6325290.0,5993060.0,1339060.0,8.48016e-07,0.000613795,0.00246905,0.00185867,0.00185916,0.00185958,0.00186582,627.954,0.0009,running,fast
17.005,6717250.0,6324860.0,5992660.0,1339030.0,8.48043e-07,0.000630606,0.00248567,0.00185859,0.00185908,0.0018595,0.00186575,626.991,0.000899,running,decelerating
17.01,6717250.0,6324030.0,5991880.0,1338980.0,8.48044e-07,0.000630752,0.00248567,0.00185844,0.00185894,0.00185936,0.0018656,624.058,0.000898,running,decelerating
17.015,6716770.0,6322740.0,5990670.0,1338900.0,8.48013e-07,0.000612028,0.00246685,0.00185822,0.00185872,0.00185913,0.00186537,624.058,0.000897,running,decelerating
17.02,6716610.0,6321750.0,5989740.0,1338830.0,8.48004e-07,0.000605985,0.00246068,0.00185805,0.00185854,0.00185896,0.0018652,628.481,0.000896,running,decelerating
17.025,6717350.0,6321600.0,5989600.0,1338820.0,8.4805e-07,0.000634585,0.00248905,0.00185802,0.00185852,0.00185894,0.00186517,628.667,0.000895,running,decelerating
17.03,6717360.0,6320750.0,5988810.0,1338770.0,8.4805e-07,0.000634733,0.00248905,0.00185787,0.00185837,0.00185879,0.00186502,629.235,0.000894,running,decelerating
17.035,6717460.0,6319990.0,5988090.0,1338720.0,8.48056e-07,0.000638535,0.00249269,0.00185774,0.00185824,0.00185866,0.00186489,629.235,0.000893,running,decelerating
17.04,6717490.0,6319170.0,5987320.0,1338670.0,8.48058e-07,0.000639882,0.00249389,0.00185759,0.0018581,0.00185851,0.00186475,628.749,0.000892,running,decelerating
17.045,6717410.0,6318240.0,5986450.0,1338610.0,8.48054e-07,0.000636902,0.00249076,0.00185743,0.00185793,0.00185835,0.00186458,628.325,0.000891,running,decelerating
17.05,6717420.0,6317390.0,5985650.0,1338560.0,8.48054e-07,0.000637052,0.00249076,0.00185728,0.00185779,0.0018582,0.00186443,627.035,0.00089,running,decelerating
17.055,6717210.0,6316330.0,5984660.0,1338490.0,8.48041e-07,0.000628902,0.00248248,0.0018571,0.0018576,0.00185802,0.00186425,627.035,0.000889,running,decelerating
17.06,6717140.0,6315400.0,5983790.0,1338440.0,8.48037e-07,0.00062633,0.00247977,0.00185693,0.00185744,0.00185786,0.00186408,626.764,0.000888,running,decelerating
17.065,6717100.0,6314500.0,5982940.0,1338380.0,8.48034e-07,0.00062474,0.00247803,0.00185678,0.00185728,0.0018577,0.00186392,627.7,0.000887,running,decelerating
17.07,6717100.0,6313630.0,5982130.0,1338330.0,8.48034e-07,0.000624891,0.00247803,0.00185662,0.00185713,0.00185755,0.00186377,630.551,0.000886,running,decelerating
17.075,6717580.0,6313210.0,5981730.0,1338300.0,8.48064e-07,0.000643388,0.00249632,0.00185655,0.00185706,0.00185748,0.0018637,630.551,0.000885,running,decelerating
17.08,6717740.0,6312480.0,5981050.0,1338250.0,8.48074e-07,0.000649558,0.00250232,0.00185642,0.00185693,0.00185735,0.00186357,630.645,0.000884,running,decelerating
17.085,6717760.0,6311620.0,5980240.0,1338200.0,8.48075e-07,0.000650314,0.00250292,0.00185627,0.00185678,0.0018572,0.00186342,629.99,0.000883,running,decelerating
17.09,6717770.0,6310740.0,5979420.0,1338140.0,8.48076e-07,0.000650467,0.00250292,0.00185612,0.00185663,0.00185705,0.00186326,627.994,0.000882,running,decelerating
17.095,6717440.0,6309550.0,5978310.0,1338070.0,8.48055e-07,0.000637783,0.00249012,0.00185591,0.00185642,0.00185684,0.00186306,627.994,0.000881,running,decelerating
17.1,6717330.0,6308570.0,5977380.0,1338010.0,8.48049e-07,0.000633727,0.00248592,0.00185574,0.00185625,0.00185667,0.00186288,626.966,0.00088,running,decelerating
17.105,6717160.0,6307530.0,5976400.0,1337940.0,8.48038e-07,0.000627266,0.00247932,0.00185555,0.00185607,0.00185649,0.0018627,627.104,0.000879,running,decelerating
17.11,6717170.0,6306640.0,5975570.0,1337890.0,8.48038e-07,0.000627421,0.00247932,0.0018554,0.00185591,0.00185633,0.00186254,627.525,0.000878,running,decelerating
17.115,6717240.0,6305810.0,5974800.0,1337830.0,8.48043e-07,0.000630287,0.00248202,0.00185525,0.00185577,0.00185619,0.0018624,627.525,0.000877,running,decelerating
17.12,6717270.0,6304940.0,5973980.0,1337780.0,8.48045e-07,0.000631332,0.0024829,0.0018551,0.00185562,0.00185604,0.00186224,628.116,0.000876,running,decelerating
17.125,6717370.0,6304130.0,5973220.0,1337730.0,8.48051e-07,0.000635291,0.00248669,0.00185496,0.00185548,0.0018559,0.0018621,628.187,0.000875,running,decelerating
17.13,6717380.0,6303240.0,5972380.0,1337670.0,8.48051e-07,0.000635449,0.00248669,0.0018548,0.00185532,0.00185574,0.00186194,628.404,0.000874,running,decelerating
17.135,6717420.0,6302370.0,5971570.0,1337620.0,8.48054e-07,0.000637005,0.00248808,0.00185465,0.00185517,0.00185559,0.00186179,628.404,0.000873,running,decelerating
17.14,6717430.0,6301470.0,5970730.0,1337560.0,8.48055e-07,0.000637622,0.00248854,0.00185449,0.00185501,0.00185543,0.00186163,627.738,0.000872,running,decelerating
17.145,6717330.0,6300460.0,5969780.0,1337500.0,8.48048e-07,0.000633494,0.00248426,0.00185431,0.00185484,0.00185525,0.00186146,628.089,0.000871,running,decelerating
17.15,6717330.0,6299550.0,5968930.0,1337440.0,8.48048e-07,0.000633654,0.00248426,0.00185415,0.00185468,0.0018551,0.0018613,629.157,0.00087,running,decelerating
17.155,6717510.0,6298800.0,5968220.0,1337400.0,8.4806e-07,0.000640689,0.00249112,0.00185402,0.00185455,0.00185497,0.00186116,629.157,0.000869,running,decelerating
17.16,6717580.0,6297940.0,5967420.0,1337340.0,8.48064e-07,0.000643105,0.00249336,0.00185387,0.0018544,0.00185482,0.00186101,631.139,0.000868,running,decelerating
17.165,6717910.0,6297330.0,5966840.0,1337300.0,8.48085e-07,0.000656017,0.00250608,0.00185376,0.00185429,0.00185471,0.0018609,630.356,0.000867,running,decelerating
17.17,6717920.0,6296400.0,5965980.0,1337240.0,8.48085e-07,0.000656179,0.00250608,0.0018536,0.00185413,0.00185455,0.00186074,627.968,0.000866,running,decelerating
17.175,6717520.0,6295110.0,5964760.0,1337160.0,8.4806e-07,0.000640982,0.00249076,0.00185337,0.00185391,0.00185432,0.00186051,627.968,0.000865,running,decelerating
17.18,6717390.0,6294060.0,5963780.0,1337100.0,8.48052e-07,0.000636107,0.00248573,0.00185319,0.00185372,0.00185414,0.00186033,628.612,0.000864,running,decelerating
17.185,6717510.0,6293230.0,5963000.0,1337050.0,8.48059e-07,0.00064041,0.00248986,0.00185304,0.00185358,0.00185399,0.00186018,628.259,0.000863,running,decelerating
17.19,6717510.0,6292290.0,5962120.0,1336990.0,8.4806e-07,0.000640575,0.00248986,0.00185288,0.00185341,0.00185383,0.00186002,627.182,0.000862,running,decelerating
17.195,6717330.0,6291190.0,5961080.0,1336920.0,8.48049e-07,0.000633811,0.00248295,0.00185269,0.00185322,0.00185364,0.00185982,627.182,0.000861,running,decelerating
17.2,6717280.0,6290190.0,5960150.0,1336860.0,8.48045e-07,0.000631703,0.00248068,0.00185251,0.00185305,0.00185346,0.00185965,631.769,0.00086,running,decelerating
17.205,6718050.0,6289960.0,5959930.0,1336840.0,8.48093e-07,0.00066138,0.00251011,0.00185247,0.00185301,0.00185342,0.00185961,631.296,0.000859,running,decelerating
17.21,6718050.0,6289010.0,5959040.0,1336780.0,8.48094e-07,0.000661547,0.00251011,0.0018523,0.00185284,0.00185326,0.00185944,629.855,0.000858,running,decelerating
17.215,6717820.0,6287840.0,5957940.0,1336710.0,8.48079e-07,0.000652441,0.00250086,0.0018521,0.00185264,0.00185305,0.00185923,629.855,0.000857,running,decelerating
17.22,6717740.0,6286810.0,5956980.0,1336640.0,8.48074e-07,0.000649568,0.00249783,0.00185192,0.00185246,0.00185287,0.00185905,626.675,0.000856,running,decelerating
17.225,6717220.0,6285360.0,5955620.0,1336550.0,8.48041e-07,0.000629281,0.00247743,0.00185166,0.00185221,0.00185262,0.0018588,627.726,0.000855,running,decelerating
17.23,6717220.0,6284400.0,5954720.0,1336490.0,8.48042e-07,0.00062945,0.00247743,0.00185149,0.00185204,0.00185245,0.00185863,630.931,0.000854,running,decelerating
17.235,6717760.0,6283930.0,5954280.0,1336460.0,8.48075e-07,0.000650234,0.00249798,0.00185141,0.00185196,0.00185237,0.00185854,630.931,0.000853,running,decelerating
17.24,6717940.0,6283130.0,5953530.0,1336410.0,8.48086e-07,0.000657166,0.00250473,0.00185127,0.00185182,0.00185223,0.0018584,629.087,0.000852,running,decelerating
17.245,6717640.0,6281880.0,5952360.0,1336330.0,8.48068e-07,0.000645476,0.0024929,0.00185105,0.0018516,0.00185201,0.00185818,628.68,0.000851,running,decelerating
17.25,6717640.0,6280910.0,5951450.0,1336270.0,8.48068e-07,0.000645647,0.0024929,0.00185088,0.00185143,0.00185184,0.00185801,627.438,0.00085,running,decelerating
17.255,6717440.0,6279740.0,5950350.0,1336200.0,8.48055e-07,0.00063783,0.00248493,0.00185067,0.00185122,0.00185164,0.0018578,627.438,0.000849,running,decelerating
17.26,6717370.0,6278700.0,5949370.0,1336130.0,8.48051e-07,0.000635381,0.00248231,0.00185049,0.00185104,0.00185146,0.00185762,627.137,0.000848,running,decelerating
17.265,6717330.0,6277670.0,5948410.0,1336070.0,8.48048e-07,0.000633618,0.00248038,0.00185031,0.00185086,0.00185128,0.00185744,628.61,0.000847,running,decelerating
17.27,6717330.0,6276690.0,5947490.0,1336010.0,8.48049e-07,0.000633791,0.00248038,0.00185014,0.00185069,0.0018511,0.00185727,633.1,0.000846,running,decelerating
17.275,6718090.0,6276390.0,5947210.0,1335990.0,8.48096e-07,0.000662852,0.00250919,0.00185009,0.00185064,0.00185105,0.00185721,633.1,0.000845,running,decelerating
17.28,6718340.0,6275630.0,5946490.0,1335940.0,8.48111e-07,0.000672501,0.00251864,0.00184995,0.00185051,0.00185092,0.00185708,623.967,0.000844,running,decelerating
17.285,6716820.0,6273220.0,5944240.0,1335790.0,8.48016e-07,0.000613918,0.00246004,0.00184953,0.00185009,0.0018505,0.00185666,626.34,0.000843,running,decelerating
17.29,6716820.0,6272230.0,5943310.0,1335730.0,8.48017e-07,0.000614094,0.00246004,0.00184935,0.00184991,0.00185033,0.00185648,633.576,0.000842,running,decelerating
17.295,6718040.0,6272340.0,5943410.0,1335740.0,8.48092e-07,0.000660823,0.00250646,0.00184937,0.00184993,0.00185035,0.0018565,633.576,0.000841,running,decelerating
17.3,6718440.0,6271700.0,5942810.0,1335700.0,8.48117e-07,0.000676269,0.00252169,0.00184926,0.00184982,0.00185023,0.00185639,631.247,0.00084,running,decelerating
17.305,6718050.0,6270330.0,5941530.0,1335610.0,8.48093e-07,0.000661465,0.00250675,0.00184902,0.00184958,0.00184999,0.00185615,632.04,0.000839,running,decelerating
17.31,6718060.0,6269320.0,5940580.0,1335550.0,8.48094e-07,0.000661643,0.00250674,0.00184884,0.0018494,0.00184982,0.00185597,634.458,0.000838,running,decelerating
17.315,6718470.0,6268680.0,5939980.0,1335510.0,8.48119e-07,0.000677375,0.00252225,0.00184873,0.00184929,0.00184971,0.00185585,634.458,0.000837,running,decelerating
17.32,6718600.0,6267790.0,5939140.0,1335450.0,8.48128e-07,0.000682656,0.00252734,0.00184857,0.00184914,0.00184955,0.0018557,626.938,0.000836,running,decelerating
17.325,6717350.0,6265610.0,5937100.0,1335310.0,8.4805e-07,0.000634457,0.00247909,0.00184819,0.00184876,0.00184917,0.00185531,627.22,0.000835,running,decelerating
17.33,6717360.0,6264580.0,5936140.0,1335250.0,8.4805e-07,0.000634637,0.00247909,0.00184801,0.00184858,0.00184899,0.00185513,628.08,0.000834,running,decelerating
17.335,6717500.0,6263690.0,5935300.0,1335190.0,8.48059e-07,0.00064035,0.00248461,0.00184785,0.00184842,0.00184883,0.00185497,628.08,0.000833,running,decelerating
17.34,6717560.0,6262700.0,5934370.0,1335130.0,8.48062e-07,0.000642346,0.00248642,0.00184768,0.00184825,0.00184866,0.0018548,627.112,0.000832,running,decelerating
17.345,6717400.0,6261510.0,5933260.0,1335060.0,8.48053e-07,0.000636301,0.0024802,0.00184747,0.00184804,0.00184845,0.00185459,628.116,0.000831,running,decelerating
17.35,6717400.0,6260480.0,5932290.0,1334990.0,8.48053e-07,0.000636483,0.0024802,0.00184729,0.00184786,0.00184827,0.0018544,631.179,0.00083,running,decelerating
17.355,6717920.0,6259910.0,5931750.0,1334960.0,8.48085e-07,0.000656368,0.00249985,0.00184718,0.00184776,0.00184817,0.0018543,631.179,0.000829,running,decelerating
17.36,6718090.0,6259020.0,5930920.0,1334900.0,8.48096e-07,0.000663014,0.00250629,0.00184703,0.0018476,0.00184801,0.00185415,627.915,0.000828,running,decelerating
17.365,6717550.0,6257460.0,5929460.0,1334800.0,8.48062e-07,0.000642202,0.00248535,0.00184676,0.00184733,0.00184774,0.00185387,628.144,0.000827,running,decelerating
17.37,6717560.0,6256410.0,5928480.0,1334740.0,8.48063e-07,0.000642387,0.00248535,0.00184657,0.00184715,0.00184756,0.00185369,628.844,0.000826,running,decelerating
17.375,6717680.0,6255460.0,5927590.0,1334680.0,8.4807e-07,0.000647073,0.00248984,0.0018464,0.00184698,0.00184739,0.00185352,628.844,0.000825,running,decelerating
17.38,6717720.0,6254440.0,5926630.0,1334610.0,8.48073e-07,0.000648735,0.00249131,0.00184622,0.0018468,0.00184721,0.00185334,627.498,0.000824,running,decelerating
17.385,6717500.0,6253170.0,5925440.0,1334530.0,8.48059e-07,0.000640266,0.00248267,0.001846,0.00184658,0.00184699,0.00185311,627.977,0.000823,running,decelerating
17.39,6717510.0,6252110.0,5924440.0,1334470.0,8.48059e-07,0.000640454,0.00248267,0.00184581,0.00184639,0.0018468,0.00185292,629.438,0.000822,running,decelerating
17.395,6717760.0,6251260.0,5923650.0,1334410.0,8.48075e-07,0.000650042,0.00249204,0.00184566,0.00184625,0.00184666,0.00185278,629.438,0.000821,running,decelerating
17.4,6717840.0,6250260.0,5922710.0,1334350.0,8.4808e-07,0.000653314,0.00249512,0.00184549,0.00184607,0.00184648,0.0018526,626.383,0.00082,running,decelerating
17.405,6717330.0,6248710.0,5921260.0,1334250.0,8.48049e-07,0.00063385,0.00247552,0.00184521,0.0018458,0.00184621,0.00185233,627.081,0.000819,running,decelerating
17.41,6717340.0,6247630.0,5920250.0,1334190.0,8.48049e-07,0.000634041,0.00247551,0.00184502,0.00184561,0.00184602,0.00185213,629.207,0.000818,running,decelerating
17.415,6717700.0,6246870.0,5919530.0,1334140.0,8.48071e-07,0.000647912,0.00248916,0.00184489,0.00184548,0.00184589,0.001852,629.207,0.000817,running,decelerating
17.42,6717820.0,6245890.0,5918620.0,1334080.0,8.48079e-07,0.000652591,0.00249363,0.00184472,0.00184531,0.00184572,0.00185183,631.803,0.000816,running,decelerating
17.425,6718260.0,6245200.0,5917960.0,1334030.0,8.48106e-07,0.000669487,0.00251028,0.00184459,0.00184518,0.00184559,0.0018517,631.475,0.000815,running,decelerating
17.43,6718270.0,6244100.0,5916940.0,1333960.0,8.48107e-07,0.00066968,0.00251028,0.0018444,0.00184499,0.0018454,0.00185151,630.476,0.000814,running,decelerating
17.435,6718100.0,6242850.0,5915760.0,1333890.0,8.48097e-07,0.000663444,0.00250387,0.00184418,0.00184477,0.00184518,0.00185129,630.476,0.000813,running,decelerating
17.44,6718050.0,6241700.0,5914680.0,1333810.0,8.48094e-07,0.000661529,0.00250176,0.00184398,0.00184457,0.00184498,0.00185108,628.809,0.000812,running,decelerating
17.445,6717780.0,6240340.0,5913400.0,1333730.0,8.48076e-07,0.000650998,0.00249107,0.00184374,0.00184433,0.00184474,0.00185084,628.334,0.000811,running,decelerating
17.45,6717790.0,6239230.0,5912360.0,1333660.0,8.48077e-07,0.000651194,0.00249106,0.00184354,0.00184414,0.00184455,0.00185065,626.887,0.00081,running,decelerating
17.455,6717550.0,6237890.0,5911110.0,1333580.0,8.48062e-07,0.000642081,0.00248178,0.0018433,0.0018439,0.00184431,0.00185041,626.887,0.000809,running,decelerating
17.46,6717470.0,6236700.0,5909990.0,1333500.0,8.48057e-07,0.000639225,0.00247873,0.00184309,0.00184369,0.0018441,0.0018502,628.059,0.000808,running,decelerating
17.465,6717680.0,6235760.0,5909110.0,1333440.0,8.4807e-07,0.000646964,0.00248625,0.00184293,0.00184353,0.00184394,0.00185003,628.5,0.000807,running,decelerating
17.47,6717680.0,6234630.0,5908060.0,1333370.0,8.4807e-07,0.000647162,0.00248625,0.00184273,0.00184333,0.00184374,0.00184983,629.845,0.000806,running,decelerating
17.475,6717910.0,6233710.0,5907190.0,1333310.0,8.48085e-07,0.000656016,0.00249488,0.00184257,0.00184317,0.00184358,0.00184967,629.845,0.000805,running,decelerating
17.48,6717990.0,6232640.0,5906190.0,1333250.0,8.4809e-07,0.000659054,0.00249771,0.00184238,0.00184298,0.00184339,0.00184948,633.422,0.000804,running,decelerating
17.485,6718590.0,6232050.0,5905640.0,1333210.0,8.48127e-07,0.000682271,0.00252066,0.00184227,0.00184288,0.00184329,0.00184938,634.233,0.000803,running,decelerating
17.49,6718600.0,6230910.0,5904570.0,1333140.0,8.48127e-07,0.000682472,0.00252066,0.00184207,0.00184268,0.00184309,0.00184917,636.703,0.000802,running,decelerating
17.495,6719020.0,6230140.0,5903850.0,1333090.0,8.48154e-07,0.000698571,0.00253651,0.00184193,0.00184254,0.00184295,0.00184904,636.703,0.000801,running,decelerating
17.5,6719160.0,6229120.0,5902890.0,1333030.0,8.48162e-07,0.000703988,0.00254171,0.00184175,0.00184237,0.00184277,0.00184886,628.373,0.0008,running,decelerating
17.505,6717770.0,6226690.0,5900610.0,1332870.0,8.48076e-07,0.000650595,0.00248826,0.00184133,0.00184194,0.00184235,0.00184843,627.616,0.000799,running,decelerating
17.51,6717780.0,6225540.0,5899530.0,1332800.0,8.48076e-07,0.000650799,0.00248826,0.00184112,0.00184174,0.00184214,0.00184822,625.307,0.000798,running,decelerating
17.515,6717390.0,6224020.0,5898110.0,1332710.0,8.48052e-07,0.000636149,0.00247344,0.00184085,0.00184147,0.00184188,0.00184795,625.307,0.000797,running,decelerating
17.52,6717270.0,6222740.0,5896910.0,1332620.0,8.48045e-07,0.000631483,0.00246858,0.00184063,0.00184125,0.00184165,0.00184773,627.386,0.000796,running,decelerating
17.525,6717630.0,6221890.0,5896110.0,1332570.0,8.48067e-07,0.000645065,0.00248192,0.00184048,0.0018411,0.0018415,0.00184757,627.47,0.000795,running,decelerating
17.53,6717630.0,6220720.0,5895010.0,1332500.0,8.48067e-07,0.000645273,0.00248192,0.00184027,0.00184089,0.0018413,0.00184737,627.728,0.000794,running,decelerating
17.535,6717680.0,6219580.0,5893940.0,1332430.0,8.4807e-07,0.00064714,0.00248357,0.00184007,0.00184069,0.0018411,0.00184716,627.728,0.000793,running,decelerating
17.54,6717700.0,6218410.0,5892850.0,1332350.0,8.48071e-07,0.000647893,0.00248411,0.00183986,0.00184049,0.00184089,0.00184696,623.413,0.000792,running,decelerating
17.545,6716980.0,6216570.0,5891120.0,1332240.0,8.48027e-07,0.000620337,0.00245642,0.00183954,0.00184016,0.00184057,0.00184663,622.958,0.000791,running,decelerating
17.55,6716990.0,6215380.0,5890000.0,1332160.0,8.48027e-07,0.000620547,0.00245642,0.00183933,0.00183995,0.00184036,0.00184642,621.573,0.00079,running,decelerating
17.555,6716760.0,6213970.0,5888690.0,1332070.0,8.48013e-07,0.000611847,0.00244753,0.00183908,0.00183971,0.00184011,0.00184617,621.573,0.000789,running,decelerating
17.56,6716690.0,6212710.0,5887500.0,1332000.0,8.48009e-07,0.000609136,0.00244461,0.00183886,0.00183948,0.00183989,0.00184595,628.021,0.000788,running,decelerating
17.565,6717780.0,6212490.0,5887290.0,1331980.0,8.48076e-07,0.000650833,0.00248598,0.00183882,0.00183945,0.00183985,0.00184591,627.711,0.000787,running,decelerating
17.57,6717780.0,6211280.0,5886160.0,1331910.0,8.48077e-07,0.000651046,0.00248598,0.0018386,0.00183923,0.00183964,0.00184569,626.766,0.000786,running,decelerating
17.575,6717630.0,6209930.0,5884890.0,1331820.0,8.48067e-07,0.000645182,0.00247992,0.00183836,0.001839,0.0018394,0.00184545,626.766,0.000785,running,decelerating
17.58,6717580.0,6208670.0,5883710.0,1331740.0,8.48064e-07,0.000643403,0.00247793,0.00183814,0.00183877,0.00183918,0.00184523,627.663,0.000784,running,decelerating
17.585,6717740.0,6207590.0,5882700.0,1331670.0,8.48074e-07,0.000649391,0.00248368,0.00183795,0.00183858,0.00183899,0.00184504,627.391,0.000783,running,decelerating
17.59,6717740.0,6206360.0,5881550.0,1331600.0,8.48074e-07,0.000649607,0.00248368,0.00183773,0.00183837,0.00183877,0.00184482,626.561,0.000782,running,decelerating
17.595,6717610.0,6205010.0,5880280.0,1331510.0,8.48066e-07,0.000644482,0.00247835,0.00183749,0.00183813,0.00183854,0.00184458,626.561,0.000781,running,decelerating
17.6,6717570.0,6203740.0,5879090.0,1331430.0,8.48063e-07,0.000642948,0.0024766,0.00183727,0.00183791,0.00183831,0.00184435,631.822,0.00078,running,decelerating
17.605,6718460.0,6203300.0,5878680.0,1331410.0,8.48119e-07,0.000677022,0.00251036,0.00183719,0.00183783,0.00183824,0.00184428,631.143,0.000779,running,decelerating
17.61,6718460.0,6202060.0,5877520.0,1331330.0,8.48119e-07,0.000677241,0.00251036,0.00183697,0.00183761,0.00183802,0.00184406,629.073,0.000778,running,decelerating
17.615,6718120.0,6200500.0,5876060.0,1331230.0,8.48098e-07,0.000664139,0.00249707,0.00183669,0.00183734,0.00183774,0.00184378,629.073,0.000777,running,decelerating
17.62,6718010.0,6199150.0,5874790.0,1331150.0,8.48091e-07,0.000659991,0.00249272,0.00183645,0.0018371,0.00183751,0.00184354,631.534,0.000776,running,decelerating
17.625,6718430.0,6198270.0,5873960.0,1331090.0,8.48117e-07,0.00067605,0.00250851,0.0018363,0.00183695,0.00183735,0.00184338,630.701,0.000775,running,decelerating
17.63,6718440.0,6197020.0,5872790.0,1331010.0,8.48117e-07,0.000676273,0.00250851,0.00183608,0.00183672,0.00183713,0.00184316,628.161,0.000774,running,decelerating
17.635,6718020.0,6195370.0,5871240.0,1330910.0,8.48091e-07,0.000660157,0.00249221,0.00183578,0.00183643,0.00183684,0.00184287,628.161,0.000773,running,decelerating
17.64,6717890.0,6193970.0,5869930.0,1330820.0,8.48083e-07,0.000655022,0.00248686,0.00183554,0.00183619,0.00183659,0.00184262,630.677,0.000772,running,decelerating
17.645,6718310.0,6193090.0,5869100.0,1330760.0,8.4811e-07,0.00067143,0.002503,0.00183538,0.00183603,0.00183644,0.00184246,631.417,0.000771,running,decelerating
17.65,6718320.0,6191810.0,5867900.0,1330680.0,8.4811e-07,0.000671656,0.002503,0.00183515,0.00183581,0.00183621,0.00184223,633.675,0.00077,running,decelerating
17.655,6718700.0,6190870.0,5867030.0,1330630.0,8.48134e-07,0.00068641,0.00251748,0.00183499,0.00183564,0.00183605,0.00184207,633.675,0.000769,running,decelerating
17.66,6718830.0,6189700.0,5865930.0,1330550.0,8.48142e-07,0.000691403,0.00252223,0.00183478,0.00183544,0.00183584,0.00184186,630.363,0.000768,running,decelerating
17.665,6718280.0,6187910.0,5864250.0,1330440.0,8.48108e-07,0.000670323,0.00250098,0.00183446,0.00183512,0.00183553,0.00184154,629.802,0.000767,running,decelerating
17.67,6718290.0,6186620.0,5863030.0,1330360.0,8.48108e-07,0.000670553,0.00250098,0.00183423,0.00183489,0.0018353,0.00184131,628.092,0.000766,running,decelerating
17.675,6718010.0,6185060.0,5861570.0,1330260.0,8.48091e-07,0.000659778,0.00249001,0.00183396,0.00183462,0.00183502,0.00184103,628.092,0.000765,running,decelerating
17.68,6717920.0,6183670.0,5860270.0,1330170.0,8.48085e-07,0.0006564,0.00248641,0.00183371,0.00183437,0.00183478,0.00184079,628.63,0.000764,running,decelerating
17.685,6718020.0,6182440.0,5859120.0,1330100.0,8.48091e-07,0.000660096,0.00248986,0.00183349,0.00183416,0.00183456,0.00184057,628.874,0.000763,running,decelerating
17.69,6718020.0,6181130.0,5857890.0,1330010.0,8.48092e-07,0.000660329,0.00248986,0.00183326,0.00183393,0.00183433,0.00184033,629.617,0.000762,running,decelerating
17.695,6718150.0,6179930.0,5856760.0,1329940.0,8.481e-07,0.000665346,0.00249463,0.00183305,0.00183371,0.00183412,0.00184012,629.617,0.000761,running,decelerating
17.7,6718200.0,6178640.0,5855560.0,1329860.0,8.48103e-07,0.000667149,0.00249619,0.00183282,0.00183349,0.00183389,0.00183989,627.812,0.00076,running,decelerating
17.705,6717900.0,6177040.0,5854060.0,1329760.0,8.48084e-07,0.00065577,0.0024846,0.00183253,0.00183321,0.00183361,0.00183961,628.698,0.000759,running,decelerating
17.71,6717910.0,6175710.0,5852810.0,1329680.0,8.48085e-07,0.000656006,0.0024846,0.0018323,0.00183297,0.00183337,0.00183937,631.401,0.000758,running,decelerating
17.715,6718370.0,6174790.0,5851940.0,1329620.0,8.48113e-07,0.000673632,0.00250194,0.00183213,0.00183281,0.00183321,0.0018392,631.401,0.000757,running,decelerating
17.72,6718520.0,6173580.0,5850810.0,1329540.0,8.48123e-07,0.000679574,0.00250763,0.00183192,0.0018326,0.001833,0.00183899,629.924,0.000756,running,decelerating
17.725,6718280.0,6172010.0,5849340.0,1329440.0,8.48108e-07,0.000670306,0.00249815,0.00183164,0.00183232,0.00183272,0.00183871,630.403,0.000755,running,decelerating
17.73,6718290.0,6170660.0,5848080.0,1329360.0,8.48108e-07,0.000670546,0.00249814,0.0018314,0.00183208,0.00183248,0.00183847,631.864,0.000754,running,decelerating
17.735,6718540.0,6169530.0,5847010.0,1329290.0,8.48124e-07,0.000680187,0.00250752,0.0018312,0.00183188,0.00183228,0.00183827,631.864,0.000753,running,decelerating
17.74,6718630.0,6168240.0,5845800.0,1329210.0,8.48129e-07,0.000683512,0.00251059,0.00183097,0.00183165,0.00183206,0.00183804,630.237,0.000752,running,decelerating
17.745,6718360.0,6166630.0,5844290.0,1329110.0,8.48113e-07,0.000673286,0.00250015,0.00183068,0.00183137,0.00183177,0.00183775,629.149,0.000751,running,decelerating
17.75,6718370.0,6165260.0,5843010.0,1329020.0,8.48113e-07,0.00067353,0.00250015,0.00183044,0.00183113,0.00183153,0.00183751,625.833,0.00075,running,decelerating
17.755,6717820.0,6163380.0,5841250.0,1328900.0,8.48079e-07,0.000652438,0.00247887,0.00183011,0.0018308,0.0018312,0.00183717,625.833,0.000749,running,decelerating
17.76,6717640.0,6161840.0,5839800.0,1328800.0,8.48068e-07,0.000645685,0.00247189,0.00182983,0.00183052,0.00183092,0.0018369,626.882,0.000748,running,decelerating
17.765,6717820.0,6160610.0,5838650.0,1328730.0,8.48079e-07,0.000652681,0.00247862,0.00182962,0.00183031,0.00183071,0.00183668,626.805,0.000747,running,decelerating
17.77,6717830.0,6159230.0,5837350.0,1328640.0,8.4808e-07,0.000652928,0.00247862,0.00182937,0.00183006,0.00183046,0.00183643,626.571,0.000746,running,decelerating
17.775,6717800.0,6157790.0,5836010.0,1328550.0,8.48078e-07,0.000651671,0.00247711,0.00182911,0.00182981,0.00183021,0.00183617,626.571,0.000745,running,decelerating
17.78,6717790.0,6156380.0,5834690.0,1328460.0,8.48077e-07,0.000651427,0.00247662,0.00182886,0.00182956,0.00182996,0.00183592,628.62,0.000744,running,decelerating
17.785,6718140.0,6155290.0,5833660.0,1328390.0,8.48099e-07,0.000664862,0.00248977,0.00182867,0.00182937,0.00182977,0.00183573,628.16,0.000743,running,decelerating
17.79,6718150.0,6153880.0,5832340.0,1328310.0,8.48099e-07,0.000665113,0.00248977,0.00182842,0.00182912,0.00182952,0.00183548,626.758,0.000742,running,decelerating
17.795,6717920.0,6152250.0,5830810.0,1328200.0,8.48085e-07,0.000656343,0.00248077,0.00182813,0.00182883,0.00182923,0.00183518,626.758,0.000741,running,decelerating
17.8,6717850.0,6150760.0,5829420.0,1328110.0,8.48081e-07,0.000653637,0.00247781,0.00182786,0.00182857,0.00182897,0.00183492,626.454,0.00074,running,decelerating
17.805,6717800.0,6149290.0,5828040.0,1328020.0,8.48078e-07,0.000651932,0.00247586,0.0018276,0.00182831,0.00182871,0.00183466,627.015,0.000739,running,decelerating
17.81,6717810.0,6147860.0,5826700.0,1327930.0,8.48078e-07,0.000652186,0.00247586,0.00182735,0.00182805,0.00182845,0.0018344,628.725,0.000738,running,decelerating
17.815,6718100.0,6146680.0,5825590.0,1327850.0,8.48097e-07,0.000663445,0.00248683,0.00182714,0.00182784,0.00182824,0.00183419,628.725,0.000737,running,decelerating
17.82,6718200.0,6145330.0,5824320.0,1327770.0,8.48103e-07,0.00066731,0.00249043,0.0018269,0.00182761,0.001828,0.00183395,628.776,0.000736,running,decelerating
17.825,6718220.0,6143890.0,5822970.0,1327680.0,8.48104e-07,0.000667897,0.00249075,0.00182664,0.00182735,0.00182775,0.00183369,627.613,0.000735,running,decelerating
17.83,6718230.0,6142440.0,5821610.0,1327590.0,8.48104e-07,0.000668156,0.00249075,0.00182638,0.00182709,0.00182749,0.00183343,624.069,0.000734,running,decelerating
17.835,6717640.0,6140450.0,5819740.0,1327460.0,8.48068e-07,0.000645612,0.00246801,0.00182603,0.00182674,0.00182714,0.00183308,624.069,0.000733,running,decelerating
17.84,6717450.0,6138810.0,5818210.0,1327360.0,8.48056e-07,0.000638393,0.00246055,0.00182574,0.00182645,0.00182685,0.00183278,621.98,0.000732,running,decelerating
17.845,6717110.0,6137030.0,5816540.0,1327250.0,8.48035e-07,0.000625211,0.00244714,0.00182542,0.00182614,0.00182653,0.00183247,623.778,0.000731,running,decelerating
17.85,6717120.0,6135560.0,5815160.0,1327160.0,8.48035e-07,0.000625473,0.00244714,0.00182516,0.00182588,0.00182627,0.0018322,629.261,0.00073,running,decelerating
17.855,6718040.0,6134900.0,5814540.0,1327110.0,8.48093e-07,0.000661015,0.00248232,0.00182504,0.00182576,0.00182616,0.00183208,629.261,0.000729,running,decelerating
17.86,6718350.0,6133690.0,5813410.0,1327040.0,8.48112e-07,0.00067285,0.00249385,0.00182482,0.00182555,0.00182594,0.00183187,631.541,0.000728,running,decelerating
17.865,6718740.0,6132540.0,5812330.0,1326970.0,8.48136e-07,0.000687783,0.00250848,0.00182462,0.00182534,0.00182574,0.00183166,629.73,0.000727,running,decelerating
17.87,6718740.0,6131050.0,5810930.0,1326870.0,8.48137e-07,0.00068805,0.00250848,0.00182435,0.00182508,0.00182547,0.0018314,624.211,0.000726,running,decelerating
17.875,6717830.0,6128720.0,5808740.0,1326730.0,8.48079e-07,0.000652808,0.00247306,0.00182394,0.00182466,0.00182506,0.00183098,624.211,0.000725,running,decelerating
17.88,6717530.0,6126940.0,5807080.0,1326620.0,8.48061e-07,0.00064143,0.00246145,0.00182362,0.00182435,0.00182475,0.00183066,631.295,0.000724,running,decelerating
17.885,6718720.0,6126490.0,5806660.0,1326590.0,8.48135e-07,0.000687278,0.0025069,0.00182354,0.00182427,0.00182467,0.00183058,629.794,0.000723,running,decelerating
17.89,6718730.0,6124970.0,5805230.0,1326490.0,8.48136e-07,0.000687549,0.0025069,0.00182327,0.001824,0.0018244,0.00183031,625.216,0.000722,running,decelerating
17.895,6717970.0,6122760.0,5803160.0,1326350.0,8.48088e-07,0.000658368,0.00247752,0.00182287,0.00182361,0.00182401,0.00182991,625.216,0.000721,running,decelerating
17.9,6717730.0,6121010.0,5801520.0,1326240.0,8.48073e-07,0.00064898,0.00246789,0.00182256,0.0018233,0.0018237,0.0018296,629.982,0.00072,running,decelerating
17.905,6718530.0,6120190.0,5800750.0,1326190.0,8.48123e-07,0.000679921,0.00249847,0.00182241,0.00182315,0.00182355,0.00182945,629.959,0.000719,running,decelerating
17.91,6718540.0,6118650.0,5799310.0,1326100.0,8.48124e-07,0.000680196,0.00249846,0.00182214,0.00182288,0.00182328,0.00182918,629.889,0.000718,running,decelerating
17.915,6718530.0,6117090.0,5797850.0,1326000.0,8.48124e-07,0.000680018,0.00249801,0.00182186,0.0018226,0.001823,0.0018289,629.889,0.000717,running,decelerating
17.92,6718540.0,6115540.0,5796390.0,1325900.0,8.48124e-07,0.000680147,0.00249786,0.00182158,0.00182233,0.00182272,0.00182862,627.524,0.000716,running,decelerating
17.925,6718150.0,6113630.0,5794600.0,1325780.0,8.481e-07,0.000665213,0.00248269,0.00182124,0.00182199,0.00182238,0.00182828,628.408,0.000715,running,decelerating
17.93,6718160.0,6112060.0,5793130.0,1325680.0,8.481e-07,0.000665492,0.00248269,0.00182096,0.00182171,0.00182211,0.001828,631.1,0.000714,running,decelerating
17.935,6718610.0,6110900.0,5792040.0,1325610.0,8.48128e-07,0.000683096,0.00249996,0.00182075,0.0018215,0.0018219,0.00182779,631.1,0.000713,running,decelerating
17.94,6718770.0,6109460.0,5790690.0,1325520.0,8.48138e-07,0.00068906,0.00250563,0.0018205,0.00182125,0.00182164,0.00182753,630.487,0.000712,running,decelerating
17.945,6718670.0,6107780.0,5789120.0,1325410.0,8.48132e-07,0.000685397,0.00250169,0.0018202,0.00182095,0.00182135,0.00182723,630.676,0.000711,running,decelerating
17.95,6718680.0,6106200.0,5787630.0,1325310.0,8.48133e-07,0.000685681,0.00250169,0.00181991,0.00182067,0.00182106,0.00182694,631.254,0.00071,running,decelerating
17.955,6718790.0,6104690.0,5786220.0,1325220.0,8.48139e-07,0.000689685,0.00250539,0.00181964,0.0018204,0.0018208,0.00182667,631.254,0.000709,running,decelerating
17.96,6718820.0,6103120.0,5784740.0,1325120.0,8.48142e-07,0.000691191,0.00250661,0.00181936,0.00182012,0.00182052,0.00182639,628.732,0.000708,running,decelerating
17.965,6718410.0,6101140.0,5782890.0,1325000.0,8.48116e-07,0.00067525,0.00249043,0.00181901,0.00181977,0.00182017,0.00182604,629.487,0.000707,running,decelerating
17.97,6718420.0,6099530.0,5781380.0,1324900.0,8.48116e-07,0.000675539,0.00249042,0.00181872,0.00181949,0.00181988,0.00182575,631.788,0.000706,running,decelerating
17.975,6718810.0,6098250.0,5780180.0,1324820.0,8.48141e-07,0.000690634,0.00250519,0.00181849,0.00181926,0.00181965,0.00182552,631.788,0.000705,running,decelerating
17.98,6718940.0,6096740.0,5778770.0,1324720.0,8.48149e-07,0.000695781,0.00251003,0.00181822,0.00181899,0.00181938,0.00182525,628.518,0.000704,running,decelerating
17.985,6718410.0,6094630.0,5776780.0,1324590.0,8.48115e-07,0.000675034,0.00248905,0.00181785,0.00181861,0.00181901,0.00182487,628.055,0.000703,running,decelerating
17.99,6718410.0,6092990.0,5775250.0,1324490.0,8.48116e-07,0.000675327,0.00248904,0.00181755,0.00181832,0.00181872,0.00182458,626.643,0.000702,running,decelerating
17.995,6718180.0,6091140.0,5773510.0,1324370.0,8.48102e-07,0.000666537,0.00247998,0.00181722,0.00181799,0.00181839,0.00182424,626.643,0.000701,running,decelerating
18.0,6718110.0,6089420.0,5771900.0,1324260.0,8.48097e-07,0.000663852,0.00247701,0.00181691,0.00181769,0.00181808,0.00182393,635.582,0.0007,running,decelerating
18.005,6719620.0,6089100.0,5771600.0,1324240.0,8.48191e-07,0.000721659,0.00253436,0.00181685,0.00181763,0.00181802,0.00182388,633.513,0.000699,running,decelerating
18.01,6719620.0,6087440.0,5770040.0,1324140.0,8.48191e-07,0.000721956,0.00253435,0.00181656,0.00181734,0.00181773,0.00182358,627.206,0.000698,running,decelerating
18.015,6718580.0,6084830.0,5767600.0,1323970.0,8.48126e-07,0.000681675,0.00249389,0.00181609,0.00181687,0.00181727,0.00182311,627.206,0.000697,running,decelerating
18.02,6718240.0,6082850.0,5765740.0,1323850.0,8.48105e-07,0.000668664,0.00248061,0.00181574,0.00181652,0.00181691,0.00182275,631.591,0.000696,running,decelerating
18.025,6718980.0,6081830.0,5764780.0,1323790.0,8.48151e-07,0.000697178,0.00250874,0.00181555,0.00181634,0.00181673,0.00182257,630.602,0.000695,running,decelerating
18.03,6718990.0,6080140.0,5763200.0,1323680.0,8.48152e-07,0.00069748,0.00250874,0.00181525,0.00181604,0.00181643,0.00182227,627.589,0.000694,running,decelerating
18.035,6718490.0,6078000.0,5761190.0,1323550.0,8.48121e-07,0.000678396,0.00248941,0.00181487,0.00181566,0.00181605,0.00182188,627.589,0.000693,running,decelerating
18.04,6718340.0,6076160.0,5759460.0,1323430.0,8.48111e-07,0.000672342,0.00248306,0.00181454,0.00181533,0.00181572,0.00182155,626.445,0.000692,running,decelerating
18.045,6718150.0,6074280.0,5757700.0,1323310.0,8.481e-07,0.000665284,0.00247572,0.0018142,0.00181499,0.00181539,0.00182121,627.798,0.000691,running,decelerating
18.05,6718160.0,6072570.0,5756100.0,1323200.0,8.481e-07,0.000665591,0.00247572,0.00181389,0.00181469,0.00181508,0.00182091,631.924,0.00069,running,decelerating
18.055,6718860.0,6071460.0,5755060.0,1323130.0,8.48144e-07,0.000692446,0.00250219,0.0018137,0.00181449,0.00181488,0.00182071,631.924,0.000689,running,decelerating
18.06,6719090.0,6069940.0,5753630.0,1323040.0,8.48158e-07,0.000701462,0.00251087,0.00181342,0.00181422,0.00181461,0.00182043,630.322,0.000688,running,decelerating
18.065,6718830.0,6067970.0,5751790.0,1322920.0,8.48142e-07,0.000691471,0.00250059,0.00181307,0.00181387,0.00181426,0.00182008,630.443,0.000687,running,decelerating
18.07,6718840.0,6066230.0,5750160.0,1322810.0,8.48143e-07,0.000691783,0.00250059,0.00181276,0.00181356,0.00181395,0.00181976,630.811,0.000686,running,decelerating
18.075,6718910.0,6064540.0,5748570.0,1322700.0,8.48147e-07,0.000694462,0.00250295,0.00181245,0.00181326,0.00181365,0.00181946,630.811,0.000685,running,decelerating
18.08,6718940.0,6062810.0,5746950.0,1322590.0,8.48149e-07,0.000695552,0.00250372,0.00181214,0.00181295,0.00181334,0.00181915,629.863,0.000684,running,decelerating
18.085,6718790.0,6060910.0,5745160.0,1322470.0,8.48139e-07,0.000689772,0.00249764,0.0018118,0.00181261,0.001813,0.00181881,629.735,0.000683,running,decelerating
18.09,6718800.0,6059140.0,5743510.0,1322360.0,8.4814e-07,0.000690089,0.00249764,0.00181148,0.0018123,0.00181269,0.00181849,629.343,0.000682,running,decelerating
18.095,6718740.0,6057310.0,5741790.0,1322250.0,8.48136e-07,0.000687885,0.00249512,0.00181116,0.00181197,0.00181236,0.00181816,629.343,0.000681,running,decelerating
18.1,6718730.0,6055520.0,5740110.0,1322130.0,8.48135e-07,0.000687377,0.00249429,0.00181083,0.00181165,0.00181204,0.00181783,627.993,0.00068,running,decelerating
18.105,6718510.0,6053530.0,5738250.0,1322010.0,8.48122e-07,0.000679012,0.00248563,0.00181048,0.00181129,0.00181168,0.00181748,628.024,0.000679,running,decelerating
18.11,6718520.0,6051740.0,5736570.0,1321900.0,8.48122e-07,0.000679334,0.00248563,0.00181016,0.00181097,0.00181136,0.00181715,628.121,0.000678,running,decelerating
18.115,6718540.0,6049950.0,5734890.0,1321790.0,8.48124e-07,0.000680279,0.00248624,0.00180983,0.00181066,0.00181104,0.00181683,628.121,0.000677,running,decelerating
18.12,6718560.0,6048150.0,5733200.0,1321670.0,8.48125e-07,0.000680808,0.00248644,0.00180951,0.00181033,0.00181072,0.00181651,625.106,0.000676,running,decelerating
18.125,6718060.0,6045890.0,5731080.0,1321530.0,8.48094e-07,0.000661737,0.0024671,0.0018091,0.00180993,0.00181032,0.0018161,626.207,0.000675,running,decelerating
18.13,6718070.0,6044070.0,5729380.0,1321420.0,8.48094e-07,0.000662065,0.0024671,0.00180878,0.0018096,0.00180999,0.00181577,629.564,0.000674,running,decelerating
18.135,6718640.0,6042740.0,5728130.0,1321330.0,8.4813e-07,0.000683994,0.00248864,0.00180854,0.00180937,0.00180975,0.00181553,629.564,0.000673,running,decelerating
18.14,6718830.0,6041070.0,5726560.0,1321230.0,8.48142e-07,0.000691409,0.0024957,0.00180824,0.00180907,0.00180945,0.00181523,631.179,0.000672,running,decelerating
18.145,6719110.0,6039460.0,5725050.0,1321130.0,8.48159e-07,0.000702129,0.00250605,0.00180795,0.00180878,0.00180917,0.00181494,631.803,0.000671,running,decelerating
18.15,6719120.0,6037610.0,5723320.0,1321010.0,8.4816e-07,0.000702461,0.00250605,0.00180761,0.00180845,0.00180884,0.0018146,633.706,0.00067,running,decelerating
18.155,6719440.0,6036030.0,5721840.0,1320910.0,8.4818e-07,0.000715039,0.00251826,0.00180733,0.00180817,0.00180855,0.00181432,633.706,0.000669,running,decelerating
18.16,6719560.0,6034260.0,5720180.0,1320800.0,8.48187e-07,0.000719391,0.00252226,0.00180701,0.00180785,0.00180824,0.001814,626.603,0.000668,running,decelerating
18.165,6718380.0,6031340.0,5717450.0,1320620.0,8.48114e-07,0.000674025,0.00247669,0.00180649,0.00180733,0.00180772,0.00181347,626.759,0.000667,running,decelerating
18.17,6718390.0,6029470.0,5715690.0,1320500.0,8.48114e-07,0.000674363,0.00247668,0.00180615,0.00180699,0.00180738,0.00181313,627.238,0.000666,running,decelerating
18.175,6718480.0,6027650.0,5713980.0,1320390.0,8.4812e-07,0.000677781,0.00247975,0.00180582,0.00180667,0.00180705,0.00181281,627.238,0.000665,running,decelerating
18.18,6718510.0,6025780.0,5712230.0,1320270.0,8.48122e-07,0.000679131,0.00248075,0.00180549,0.00180633,0.00180672,0.00181247,630.388,0.000664,running,decelerating
18.185,6719050.0,6024340.0,5710880.0,1320180.0,8.48155e-07,0.000699747,0.00250097,0.00180523,0.00180608,0.00180646,0.00181221,631.013,0.000663,running,decelerating
18.19,6719060.0,6022430.0,5709090.0,1320060.0,8.48156e-07,0.000700091,0.00250097,0.00180488,0.00180573,0.00180612,0.00181186,632.917,0.000662,running,decelerating
18.195,6719380.0,6020800.0,5707560.0,1319960.0,8.48176e-07,0.000712688,0.00251318,0.00180459,0.00180544,0.00180583,0.00181157,632.917,0.000661,running,decelerating
18.2,6719500.0,6018970.0,5705840.0,1319840.0,8.48184e-07,0.000717053,0.00251718,0.00180426,0.00180511,0.0018055,0.00181124,634.418,0.00066,running,decelerating
18.205,6719760.0,6017250.0,5704230.0,1319730.0,8.482e-07,0.000727058,0.00252681,0.00180395,0.00180481,0.00180519,0.00181093,633.165,0.000659,running,decelerating
18.21,6719770.0,6015310.0,5702420.0,1319610.0,8.482e-07,0.000727408,0.00252681,0.0018036,0.00180446,0.00180484,0.00181058,629.346,0.000658,running,decelerating
18.215,6719140.0,6012810.0,5700060.0,1319450.0,8.48161e-07,0.000703186,0.0025023,0.00180315,0.00180401,0.00180439,0.00181012,629.346,0.000657,running,decelerating
18.22,6718940.0,6010670.0,5698060.0,1319320.0,8.48149e-07,0.000695479,0.00249426,0.00180276,0.00180363,0.00180401,0.00180973,630.48,0.000656,running,decelerating
18.225,6719140.0,6008870.0,5696380.0,1319210.0,8.48161e-07,0.000703132,0.00250154,0.00180244,0.0018033,0.00180369,0.00180941,630.373,0.000655,running,decelerating
18.23,6719140.0,6006900.0,5694530.0,1319080.0,8.48162e-07,0.000703488,0.00250154,0.00180208,0.00180295,0.00180334,0.00180905,630.045,0.000654,running,decelerating
18.235,6719100.0,6004880.0,5692630.0,1318960.0,8.48159e-07,0.000701735,0.00249943,0.00180171,0.00180259,0.00180297,0.00180869,630.045,0.000653,running,decelerating
18.24,6719090.0,6002880.0,5690750.0,1318830.0,8.48158e-07,0.000701401,0.00249874,0.00180135,0.00180223,0.00180261,0.00180832,628.418,0.000652,running,decelerating
18.245,6718830.0,6000640.0,5688660.0,1318690.0,8.48142e-07,0.000691294,0.0024883,0.00180095,0.00180183,0.00180221,0.00180792,628.158,0.000651,running,decelerating
18.25,6718840.0,5998640.0,5686780.0,1318570.0,8.48142e-07,0.000691656,0.0024883,0.00180059,0.00180147,0.00180185,0.00180756,627.367,0.00065,running,decelerating
18.255,6718710.0,5996520.0,5684790.0,1318430.0,8.48135e-07,0.000686928,0.00248322,0.00180021,0.00180109,0.00180147,0.00180717,627.367,0.000649,running,decelerating
18.26,6718680.0,5994460.0,5682860.0,1318300.0,8.48133e-07,0.000685622,0.00248155,0.00179983,0.00180072,0.0018011,0.0018068,630.189,0.000648,running,decelerating
18.265,6719160.0,5992850.0,5681350.0,1318200.0,8.48163e-07,0.000704145,0.00249965,0.00179954,0.00180043,0.00180081,0.00180651,629.271,0.000647,running,decelerating
18.27,6719170.0,5990820.0,5679440.0,1318080.0,8.48163e-07,0.000704513,0.00249965,0.00179917,0.00180006,0.00180045,0.00180614,626.474,0.000646,running,decelerating
18.275,6718710.0,5988360.0,5677150.0,1317920.0,8.48135e-07,0.000686882,0.0024817,0.00179873,0.00179962,0.0018,0.00180569,626.474,0.000645,running,decelerating
18.28,6718570.0,5986180.0,5675100.0,1317780.0,8.48126e-07,0.000681348,0.00247581,0.00179834,0.00179923,0.00179961,0.0018053,629.839,0.000644,running,decelerating
18.285,6719140.0,5984610.0,5673630.0,1317690.0,8.48161e-07,0.000703377,0.0024974,0.00179805,0.00179895,0.00179933,0.00180501,630.423,0.000643,running,decelerating
18.29,6719150.0,5982550.0,5671690.0,1317560.0,8.48162e-07,0.000703751,0.0024974,0.00179768,0.00179858,0.00179896,0.00180464,632.203,0.000642,running,decelerating
18.295,6719460.0,5980730.0,5669990.0,1317440.0,8.48181e-07,0.000715579,0.00250881,0.00179735,0.00179825,0.00179863,0.00180431,632.203,0.000641,running,decelerating
18.3,6719570.0,5978730.0,5668110.0,1317320.0,8.48188e-07,0.000719712,0.00251256,0.00179699,0.00179789,0.00179827,0.00180394,628.778,0.00064,running,decelerating
18.305,6719000.0,5976140.0,5665680.0,1317150.0,8.48153e-07,0.000698058,0.00249058,0.00179652,0.00179743,0.00179781,0.00180347,628.49,0.000639,running,decelerating
18.31,6719010.0,5974040.0,5663720.0,1317020.0,8.48153e-07,0.000698438,0.00249058,0.00179614,0.00179705,0.00179743,0.00180309,627.612,0.000638,running,decelerating
18.315,6718880.0,5971800.0,5661620.0,1316880.0,8.48145e-07,0.00069317,0.00248495,0.00179573,0.00179665,0.00179702,0.00180269,627.612,0.000637,running,decelerating
18.32,6718840.0,5969650.0,5659590.0,1316750.0,8.48142e-07,0.0006917,0.00248309,0.00179534,0.00179626,0.00179664,0.00180229,630.327,0.000636,running,decelerating
18.325,6719300.0,5967910.0,5657970.0,1316640.0,8.48171e-07,0.000709556,0.00250051,0.00179503,0.00179594,0.00179632,0.00180198,630.277,0.000635,running,decelerating
18.33,6719310.0,5965780.0,5655970.0,1316500.0,8.48172e-07,0.000709943,0.00250051,0.00179464,0.00179556,0.00179594,0.00180159,630.125,0.000634,running,decelerating
18.335,6719300.0,5963610.0,5653940.0,1316370.0,8.48171e-07,0.000709351,0.00249953,0.00179425,0.00179517,0.00179555,0.0018012,630.125,0.000633,running,decelerating
18.34,6719300.0,5961450.0,5651910.0,1316230.0,8.48171e-07,0.000709419,0.00249921,0.00179386,0.00179478,0.00179516,0.0018008,630.926,0.000632,running,decelerating
18.345,6719440.0,5959410.0,5649990.0,1316100.0,8.4818e-07,0.000714966,0.00250434,0.00179349,0.00179441,0.00179479,0.00180043,630.721,0.000631,running,decelerating
18.35,6719450.0,5957240.0,5647960.0,1315970.0,8.48181e-07,0.000715359,0.00250434,0.00179309,0.00179402,0.0017944,0.00180004,630.097,0.00063,running,decelerating
18.355,6719360.0,5954970.0,5645830.0,1315830.0,8.48175e-07,0.000711739,0.00250033,0.00179268,0.00179361,0.00179399,0.00179962,630.097,0.000629,running,decelerating
18.36,6719330.0,5952750.0,5643750.0,1315690.0,8.48173e-07,0.000710819,0.00249902,0.00179228,0.00179321,0.00179359,0.00179922,624.257,0.000628,running,decelerating
18.365,6718370.0,5949710.0,5640900.0,1315500.0,8.48113e-07,0.000673643,0.00246155,0.00179173,0.00179266,0.00179304,0.00179867,624.66,0.000627,running,decelerating
18.37,6718380.0,5947510.0,5638830.0,1315360.0,8.48114e-07,0.000674043,0.00246155,0.00179133,0.00179227,0.00179264,0.00179827,625.889,0.000626,running,decelerating
18.375,6718600.0,5945470.0,5636920.0,1315230.0,8.48127e-07,0.00068235,0.00246943,0.00179096,0.0017919,0.00179228,0.00179789,625.889,0.000625,running,decelerating
18.38,6718670.0,5943300.0,5634900.0,1315090.0,8.48132e-07,0.000685347,0.00247201,0.00179057,0.00179151,0.00179188,0.0017975,632.23,0.000624,running,decelerating
18.385,6719740.0,5941990.0,5633660.0,1315010.0,8.48199e-07,0.000726556,0.00251269,0.00179033,0.00179127,0.00179165,0.00179726,629.99,0.000623,running,decelerating
18.39,6719750.0,5939740.0,5631560.0,1314870.0,8.482e-07,0.000726963,0.00251269,0.00178992,0.00179087,0.00179124,0.00179685,623.163,0.000622,running,decelerating
18.395,6718620.0,5936510.0,5628520.0,1314670.0,8.48129e-07,0.000683441,0.00246888,0.00178933,0.00179028,0.00179066,0.00179626,623.163,0.000621,running,decelerating
18.4,6718260.0,5933920.0,5626100.0,1314510.0,8.48106e-07,0.000669443,0.00245451,0.00178886,0.00178981,0.00179019,0.00179579,624.433,0.00062,running,decelerating
18.405,6718480.0,5931840.0,5624140.0,1314370.0,8.4812e-07,0.000678028,0.00246266,0.00178848,0.00178944,0.00178981,0.00179541,624.976,0.000619,running,decelerating
18.41,6718490.0,5929560.0,5622010.0,1314230.0,8.48121e-07,0.000678443,0.00246265,0.00178807,0.00178903,0.0017894,0.00179499,626.63,0.000618,running,decelerating
18.415,6718780.0,5927510.0,5620080.0,1314100.0,8.48139e-07,0.000689506,0.00247327,0.00178769,0.00178865,0.00178903,0.00179462,626.63,0.000617,running,decelerating
18.42,6718880.0,5925290.0,5618000.0,1313960.0,8.48145e-07,0.000693416,0.00247675,0.00178729,0.00178825,0.00178863,0.00179421,631.003,0.000616,running,decelerating
18.425,6719620.0,5923610.0,5616430.0,1313860.0,8.48191e-07,0.000721972,0.0025048,0.00178698,0.00178795,0.00178832,0.00179391,629.643,0.000615,running,decelerating
18.43,6719640.0,5921290.0,5614260.0,1313710.0,8.48192e-07,0.000722394,0.00250479,0.00178656,0.00178753,0.0017879,0.00179348,625.496,0.000614,running,decelerating
18.435,6718950.0,5918370.0,5611520.0,1313530.0,8.4815e-07,0.000696137,0.00247819,0.00178603,0.001787,0.00178738,0.00179295,625.496,0.000613,running,decelerating
18.44,6718740.0,5915840.0,5609140.0,1313370.0,8.48136e-07,0.000687811,0.00246946,0.00178557,0.00178654,0.00178692,0.00179249,629.003,0.000612,running,decelerating
18.445,6719330.0,5913990.0,5607410.0,1313260.0,8.48173e-07,0.000710806,0.00249196,0.00178523,0.00178621,0.00178658,0.00179215,628.436,0.000611,running,decelerating
18.45,6719350.0,5911640.0,5605210.0,1313110.0,8.48174e-07,0.000711235,0.00249196,0.0017848,0.00178578,0.00178616,0.00179172,626.708,0.00061,running,decelerating
18.455,6719070.0,5909020.0,5602750.0,1312940.0,8.48157e-07,0.000700547,0.00248087,0.00178433,0.00178531,0.00178568,0.00179124,626.708,0.000609,running,decelerating
18.46,6718980.0,5906570.0,5600450.0,1312790.0,8.48152e-07,0.000697333,0.00247723,0.00178388,0.00178486,0.00178524,0.00179079,627.437,0.000608,running,decelerating
18.465,6719120.0,5904290.0,5598310.0,1312650.0,8.4816e-07,0.00070246,0.0024819,0.00178346,0.00178445,0.00178482,0.00179038,627.602,0.000607,running,decelerating
18.47,6719130.0,5901890.0,5596070.0,1312500.0,8.48161e-07,0.000702897,0.0024819,0.00178303,0.00178402,0.00178439,0.00178994,628.105,0.000606,running,decelerating
18.475,6719220.0,5899560.0,5593880.0,1312350.0,8.48167e-07,0.000706574,0.00248512,0.0017826,0.00178359,0.00178397,0.00178951,628.105,0.000605,running,decelerating
18.48,6719260.0,5897170.0,5591640.0,1312200.0,8.48169e-07,0.000708076,0.00248618,0.00178217,0.00178316,0.00178353,0.00178907,626.184,0.000604,running,decelerating
18.485,6718950.0,5894460.0,5589100.0,1312030.0,8.4815e-07,0.000696159,0.00247385,0.00178167,0.00178267,0.00178304,0.00178858,626.166,0.000603,running,decelerating
18.49,6718970.0,5892030.0,5586820.0,1311880.0,8.4815e-07,0.000696603,0.00247385,0.00178123,0.00178223,0.0017826,0.00178813,626.109,0.000602,running,decelerating
18.495,6718970.0,5889570.0,5584520.0,1311720.0,8.48151e-07,0.000696687,0.00247348,0.00178078,0.00178178,0.00178215,0.00178768,626.109,0.000601,running,decelerating
18.5,6718980.0,5887120.0,5582210.0,1311570.0,8.48151e-07,0.000697017,0.00247336,0.00178033,0.00178134,0.00178171,0.00178723,629.609,0.0006,running,decelerating
18.505,6719570.0,5885150.0,5580370.0,1311450.0,8.48188e-07,0.000719985,0.00249581,0.00177997,0.00178098,0.00178135,0.00178687,630.726,0.000599,running,decelerating
18.51,6719580.0,5882670.0,5578040.0,1311290.0,8.48189e-07,0.000720438,0.00249581,0.00177952,0.00178053,0.0017809,0.00178642,634.132,0.000598,running,decelerating
18.515,6720170.0,5880670.0,5576170.0,1311160.0,8.48225e-07,0.000742811,0.00251766,0.00177915,0.00178017,0.00178053,0.00178605,634.132,0.000597,running,decelerating
18.52,6720360.0,5878330.0,5573970.0,1311020.0,8.48238e-07,0.000750457,0.00252482,0.00177872,0.00177974,0.00178011,0.00178562,627.767,0.000596,running,decelerating
18.525,6719310.0,5874910.0,5570770.0,1310800.0,8.48172e-07,0.000709957,0.00248398,0.0017781,0.00177912,0.00177949,0.00178499,627.598,0.000595,running,decelerating
18.53,6719320.0,5872390.0,5568410.0,1310650.0,8.48173e-07,0.000710418,0.00248398,0.00177764,0.00177866,0.00177903,0.00178453,627.086,0.000594,running,decelerating
18.535,6719250.0,5869790.0,5565970.0,1310480.0,8.48168e-07,0.000707582,0.00248069,0.00177716,0.00177819,0.00177856,0.00178405,627.086,0.000593,running,decelerating
18.54,6719230.0,5867230.0,5563560.0,1310320.0,8.48167e-07,0.000706965,0.0024796,0.00177669,0.00177772,0.00177809,0.00178358,625.038,0.000592,running,decelerating
18.545,6718900.0,5864380.0,5560890.0,1310140.0,8.48147e-07,0.000694257,0.00246646,0.00177617,0.0017772,0.00177757,0.00178306,624.709,0.000591,running,decelerating
18.55,6718920.0,5861820.0,5558490.0,1309980.0,8.48147e-07,0.000694727,0.00246646,0.0017757,0.00177674,0.0017771,0.00178259,623.707,0.00059,running,decelerating
18.555,6718760.0,5859100.0,5555950.0,1309810.0,8.48138e-07,0.000688747,0.00246003,0.00177521,0.00177624,0.00177661,0.00178209,623.707,0.000589,running,decelerating
18.56,6718720.0,5856470.0,5553480.0,1309650.0,8.48135e-07,0.000687105,0.00245791,0.00177473,0.00177576,0.00177613,0.00178161,630.993,0.000588,running,decelerating
18.565,6719950.0,5854910.0,5552010.0,1309550.0,8.48212e-07,0.000734467,0.00250466,0.00177444,0.00177548,0.00177585,0.00178132,630.44,0.000587,running,decelerating
18.57,6719960.0,5852300.0,5549570.0,1309380.0,8.48212e-07,0.000734945,0.00250466,0.00177396,0.001775,0.00177537,0.00178084,628.754,0.000586,running,decelerating
18.575,6719690.0,5849450.0,5546890.0,1309210.0,8.48196e-07,0.000724575,0.00249383,0.00177344,0.00177448,0.00177485,0.00178031,628.754,0.000585,running,decelerating
18.58,6719610.0,5846740.0,5544350.0,1309040.0,8.48191e-07,0.000721498,0.00249028,0.00177294,0.00177399,0.00177436,0.00177982,627.077,0.000584,running,decelerating
18.585,6719340.0,5843860.0,5541650.0,1308850.0,8.48174e-07,0.000711194,0.00247952,0.00177241,0.00177347,0.00177383,0.00177929,628.022,0.000583,running,decelerating
18.59,6719360.0,5841210.0,5539170.0,1308690.0,8.48175e-07,0.00071168,0.00247952,0.00177193,0.00177298,0.00177335,0.0017788,630.902,0.000582,running,decelerating
18.595,6719850.0,5838950.0,5537050.0,1308550.0,8.48206e-07,0.000730705,0.002498,0.00177151,0.00177257,0.00177293,0.00177838,630.902,0.000581,running,decelerating
18.6,6720020.0,5836410.0,5534670.0,1308390.0,8.48216e-07,0.000737275,0.00250405,0.00177104,0.00177211,0.00177247,0.00177791,628.693,0.00058,running,decelerating
18.605,6719670.0,5833410.0,5531860.0,1308200.0,8.48194e-07,0.000723554,0.00248988,0.00177049,0.00177156,0.00177192,0.00177736,629.024,0.000579,running,decelerating
18.61,6719680.0,5830720.0,5529330.0,1308030.0,8.48195e-07,0.000724049,0.00248987,0.00177,0.00177107,0.00177143,0.00177686,630.032,0.000578,running,decelerating
18.615,6719860.0,5828150.0,5526920.0,1307870.0,8.48206e-07,0.000731036,0.00249634,0.00176953,0.0017706,0.00177096,0.00177639,630.032,0.000577,running,decelerating
18.62,6719930.0,5825480.0,5524420.0,1307700.0,8.4821e-07,0.000733664,0.00249846,0.00176903,0.00177011,0.00177047,0.0017759,627.576,0.000576,running,decelerating
18.625,6719530.0,5822400.0,5521530.0,1307510.0,8.48186e-07,0.000718366,0.0024827,0.00176847,0.00176955,0.00176991,0.00177533,628.493,0.000575,running,decelerating
18.63,6719540.0,5819650.0,5518960.0,1307340.0,8.48186e-07,0.000718871,0.0024827,0.00176796,0.00176904,0.00176941,0.00177482,631.286,0.000574,running,decelerating
18.635,6720020.0,5817290.0,5516740.0,1307190.0,8.48216e-07,0.000737357,0.00250062,0.00176753,0.00176861,0.00176897,0.00177439,631.286,0.000573,running,decelerating
18.64,6720190.0,5814650.0,5514270.0,1307020.0,8.48227e-07,0.000743764,0.0025065,0.00176704,0.00176813,0.00176849,0.0017739,628.575,0.000572,running,decelerating
18.645,6719750.0,5811490.0,5511300.0,1306820.0,8.48199e-07,0.000726828,0.0024891,0.00176646,0.00176755,0.00176791,0.00177332,627.723,0.000571,running,decelerating
18.65,6719760.0,5808700.0,5508680.0,1306650.0,8.482e-07,0.000727342,0.00248909,0.00176595,0.00176704,0.0017674,0.0017728,625.127,0.00057,running,decelerating
18.655,6719340.0,5805520.0,5505710.0,1306450.0,8.48174e-07,0.000711152,0.00247243,0.00176536,0.00176646,0.00176682,0.00177221,625.127,0.000569,running,decelerating
18.66,6719210.0,5802590.0,5502960.0,1306270.0,8.48166e-07,0.000706191,0.00246697,0.00176482,0.00176592,0.00176628,0.00177167,628.697,0.000568,running,decelerating
18.665,6719830.0,5800260.0,5500770.0,1306120.0,8.48204e-07,0.000729684,0.00248986,0.00176439,0.0017655,0.00176586,0.00177124,628.443,0.000567,running,decelerating
18.67,6719840.0,5797420.0,5498110.0,1305940.0,8.48205e-07,0.000730208,0.00248986,0.00176387,0.00176497,0.00176533,0.00177072,627.67,0.000566,running,decelerating
18.675,6719720.0,5794460.0,5495330.0,1305760.0,8.48198e-07,0.00072576,0.0024849,0.00176332,0.00176443,0.00176479,0.00177017,627.67,0.000565,running,decelerating
18.68,6719690.0,5791560.0,5492610.0,1305580.0,8.48196e-07,0.000724658,0.00248327,0.00176279,0.0017639,0.00176426,0.00176963,629.768,0.000564,running,decelerating
18.685,6720060.0,5788980.0,5490200.0,1305460.0,8.48219e-07,0.000738701,0.00249673,0.0017623,0.00176342,0.00176378,0.00176914,628.121,0.000563,running,decelerating
18.69,6720070.0,5786100.0,5487510.0,1305350.0,8.48219e-07,0.000739246,0.00249672,0.00176176,0.00176288,0.00176323,0.0017686,623.1,0.000562,running,decelerating
18.695,6719250.0,5782510.0,5484150.0,1305240.0,8.48168e-07,0.000707489,0.0024645,0.00176107,0.00176219,0.00176255,0.00176791,623.1,0.000561,running,decelerating
18.7,6718990.0,5779390.0,5481230.0,1305150.0,8.48152e-07,0.000697447,0.00245393,0.00176048,0.0017616,0.00176196,0.00176731,626.961,0.00056,running,decelerating
18.705,6719650.0,5777010.0,5479000.0,1305090.0,8.48193e-07,0.000722847,0.0024787,0.00176002,0.00176115,0.0017615,0.00176685,626.537,0.000559,running,decelerating
18.71,6719660.0,5774090.0,5476270.0,1305020.0,8.48194e-07,0.000723409,0.0024787,0.00175946,0.00176059,0.00176094,0.00176629,625.244,0.000558,running,decelerating
18.715,6719460.0,5770980.0,5473360.0,1304960.0,8.48181e-07,0.000715657,0.0024704,0.00175886,0.00175999,0.00176035,0.00176568,625.244,0.000557,running,decelerating
18.72,6719400.0,5767980.0,5470560.0,1304890.0,8.48178e-07,0.000713497,0.00246767,0.00175828,0.00175941,0.00175977,0.0017651,625.149,0.000556,running,decelerating
18.725,6719400.0,5765000.0,5467780.0,1304840.0,8.48178e-07,0.000713464,0.00246706,0.0017577,0.00175884,0.0017592,0.00176452,626.01,0.000555,running,decelerating
18.73,6719420.0,5762040.0,5465000.0,1304780.0,8.48179e-07,0.000714039,0.00246706,0.00175713,0.00175827,0.00175863,0.00176395,628.634,0.000554,running,decelerating
18.735,6719870.0,5759410.0,5462550.0,1304730.0,8.48207e-07,0.000731501,0.00248389,0.00175662,0.00175776,0.00175812,0.00176344,628.634,0.000553,running,decelerating
18.74,6720030.0,5756540.0,5459870.0,1304680.0,8.48217e-07,0.00073762,0.00248941,0.00175606,0.00175721,0.00175756,0.00176288,631.436,0.000552,running,decelerating
18.745,6720510.0,5753910.0,5457410.0,1304640.0,8.48247e-07,0.000756237,0.00250739,0.00175555,0.0017567,0.00175706,0.00176237,630.26,0.000551,running,decelerating
18.75,6720530.0,5750890.0,5454590.0,1304590.0,8.48248e-07,0.000756824,0.00250738,0.00175496,0.00175612,0.00175647,0.00176178,626.673,0.00055,running,decelerating
18.755,6719950.0,5747360.0,5451290.0,1304530.0,8.48212e-07,0.000734336,0.00248437,0.00175428,0.00175543,0.00175579,0.00176109,626.673,0.000549,running,decelerating
18.76,6719760.0,5744160.0,5448290.0,1304480.0,8.482e-07,0.000727359,0.00247682,0.00175365,0.00175481,0.00175517,0.00176046,627.098,0.000548,running,decelerating
18.765,6719850.0,5741150.0,5445490.0,1304430.0,8.48206e-07,0.00073069,0.00247954,0.00175307,0.00175423,0.00175459,0.00175987,627.786,0.000547,running,decelerating
18.77,6719870.0,5738080.0,5442610.0,1304380.0,8.48207e-07,0.000731288,0.00247953,0.00175247,0.00175364,0.00175399,0.00175927,629.883,0.000546,running,decelerating
18.775,6720230.0,5735280.0,5439990.0,1304330.0,8.48229e-07,0.000745384,0.00249299,0.00175192,0.0017531,0.00175345,0.00175873,629.883,0.000545,running,decelerating
18.78,6720360.0,5732270.0,5437190.0,1304280.0,8.48238e-07,0.000750415,0.0024974,0.00175134,0.00175251,0.00175287,0.00175814,627.583,0.000544,running,decelerating
18.785,6719990.0,5728840.0,5433980.0,1304230.0,8.48215e-07,0.000736224,0.00248264,0.00175067,0.00175185,0.0017522,0.00175747,627.725,0.000543,running,decelerating
18.79,6720010.0,5725710.0,5431060.0,1304170.0,8.48216e-07,0.000736834,0.00248263,0.00175006,0.00175124,0.00175159,0.00175686,628.16,0.000542,running,decelerating
18.795,6720100.0,5722620.0,5428170.0,1304120.0,8.48221e-07,0.000740244,0.00248542,0.00174946,0.00175064,0.001751,0.00175625,628.16,0.000541,running,decelerating
18.8,6720140.0,5719490.0,5425240.0,1304070.0,8.48224e-07,0.000741776,0.00248633,0.00174885,0.00175004,0.00175039,0.00175564,628.844,0.00054,running,decelerating
18.805,6720270.0,5716410.0,5422360.0,1304020.0,8.48232e-07,0.000746797,0.00249071,0.00174825,0.00174944,0.00174979,0.00175503,629.016,0.000539,running,decelerating
18.81,6720290.0,5713230.0,5419390.0,1303970.0,8.48233e-07,0.000747419,0.00249071,0.00174762,0.00174882,0.00174917,0.00175441,629.54,0.000538,running,decelerating
18.815,6720390.0,5710100.0,5416460.0,1303920.0,8.48239e-07,0.000751414,0.00249406,0.00174701,0.00174821,0.00174856,0.0017538,629.54,0.000537,running,decelerating
18.82,6720430.0,5706910.0,5413480.0,1303860.0,8.48242e-07,0.000753147,0.00249516,0.00174639,0.00174759,0.00174794,0.00175317,623.6,0.000536,running,decelerating
18.825,6719460.0,5702870.0,5409710.0,1303800.0,8.48181e-07,0.000715566,0.00245705,0.0017456,0.00174681,0.00174716,0.00175238,624.964,0.000535,running,decelerating
18.83,6719470.0,5699630.0,5406680.0,1303740.0,8.48182e-07,0.000716199,0.00245705,0.00174497,0.00174618,0.00174653,0.00175175,629.12,0.000534,running,decelerating
18.835,6720190.0,5696940.0,5404170.0,1303700.0,8.48226e-07,0.000743582,0.00248371,0.00174444,0.00174565,0.001746,0.00175122,629.12,0.000533,running,decelerating
18.84,6720430.0,5693850.0,5401280.0,1303650.0,8.48242e-07,0.000752994,0.00249246,0.00174384,0.00174506,0.0017454,0.00175061,626.742,0.000532,running,decelerating
18.845,6720050.0,5690240.0,5397910.0,1303590.0,8.48218e-07,0.000738335,0.0024772,0.00174313,0.00174435,0.0017447,0.0017499,626.726,0.000531,running,decelerating
18.85,6720070.0,5686950.0,5394830.0,1303530.0,8.48219e-07,0.000738981,0.00247719,0.00174249,0.00174371,0.00174406,0.00174925,626.675,0.00053,running,decelerating
18.855,6720080.0,5683620.0,5391720.0,1303480.0,8.4822e-07,0.000739308,0.00247687,0.00174184,0.00174306,0.00174341,0.0017486,626.675,0.000529,running,decelerating
18.86,6720090.0,5680290.0,5388610.0,1303420.0,8.4822e-07,0.000739854,0.00247676,0.00174118,0.00174241,0.00174276,0.00174795,630.857,0.000528,running,decelerating
18.865,6720810.0,5677510.0,5386010.0,1303370.0,8.48265e-07,0.000767415,0.00250358,0.00174064,0.00174187,0.00174222,0.0017474,630.953,0.000527,running,decelerating
18.87,6720820.0,5674150.0,5382870.0,1303320.0,8.48266e-07,0.000768074,0.00250358,0.00173998,0.00174122,0.00174156,0.00174674,631.245,0.000526,running,decelerating
18.875,6720890.0,5670820.0,5379750.0,1303260.0,8.4827e-07,0.000770616,0.00250545,0.00173933,0.00174057,0.00174091,0.00174608,631.245,0.000525,running,decelerating
18.88,6720920.0,5667440.0,5376600.0,1303210.0,8.48272e-07,0.000771898,0.00250606,0.00173866,0.00173991,0.00174025,0.00174542,629.362,0.000524,running,decelerating
18.885,6720620.0,5663780.0,5373180.0,1303140.0,8.48254e-07,0.000760454,0.00249397,0.00173795,0.00173919,0.00173954,0.0017447,628.949,0.000523,running,decelerating
18.89,6720640.0,5660360.0,5369980.0,1303090.0,8.48255e-07,0.000761125,0.00249397,0.00173728,0.00173853,0.00173887,0.00174402,627.688,0.000522,running,decelerating
18.895,6720450.0,5656750.0,5366610.0,1303030.0,8.48243e-07,0.000753687,0.00248587,0.00173657,0.00173782,0.00173817,0.00174331,627.688,0.000521,running,decelerating
18.9,6720400.0,5653250.0,5363340.0,1302970.0,8.4824e-07,0.000751704,0.00248322,0.00173588,0.00173714,0.00173748,0.00174262,624.635,0.00052,running,decelerating
18.905,6719900.0,5649370.0,5359710.0,1302900.0,8.48209e-07,0.000732747,0.00246363,0.00173512,0.00173638,0.00173672,0.00174186,625.904,0.000519,running,decelerating
18.91,6719920.0,5645890.0,5356460.0,1302850.0,8.4821e-07,0.000733431,0.00246363,0.00173443,0.0017357,0.00173604,0.00174117,629.773,0.000518,running,decelerating
18.915,6720590.0,5642910.0,5353670.0,1302800.0,8.48251e-07,0.000759013,0.00248844,0.00173385,0.00173512,0.00173546,0.00174058,629.773,0.000517,running,decelerating
18.92,6720820.0,5639570.0,5350550.0,1302740.0,8.48266e-07,0.000767869,0.00249658,0.00173319,0.00173446,0.0017348,0.00173992,627.098,0.000516,running,decelerating
18.925,6720390.0,5635680.0,5346910.0,1302670.0,8.48239e-07,0.000751352,0.00247941,0.00173242,0.0017337,0.00173404,0.00173915,627.597,0.000515,running,decelerating
18.93,6720410.0,5632130.0,5343600.0,1302620.0,8.4824e-07,0.000752051,0.00247941,0.00173172,0.00173301,0.00173335,0.00173845,629.12,0.000514,running,decelerating
18.935,6720680.0,5628770.0,5340460.0,1302560.0,8.48257e-07,0.00076255,0.00248917,0.00173106,0.00173235,0.00173269,0.00173779,629.12,0.000513,running,decelerating
18.94,6720780.0,5625260.0,5337180.0,1302500.0,8.48264e-07,0.000766468,0.00249237,0.00173037,0.00173166,0.001732,0.00173709,623.128,0.000512,running,decelerating
18.945,6719800.0,5620870.0,5333070.0,1302430.0,8.48202e-07,0.000728627,0.00245393,0.00172951,0.0017308,0.00173114,0.00173622,624.716,0.000511,running,decelerating
18.95,6719820.0,5617260.0,5329700.0,1302370.0,8.48203e-07,0.000729339,0.00245392,0.00172879,0.00173009,0.00173043,0.00173551,629.555,0.00051,running,decelerating
18.955,6720640.0,5614280.0,5326910.0,1302320.0,8.48255e-07,0.000761194,0.00248497,0.0017282,0.0017295,0.00172984,0.00173492,629.555,0.000509,running,decelerating
18.96,6720930.0,5610850.0,5323710.0,1302260.0,8.48273e-07,0.000772127,0.00249515,0.00172753,0.00172883,0.00172917,0.00173424,624.495,0.000508,running,decelerating
18.965,6720100.0,5606510.0,5319660.0,1302180.0,8.48221e-07,0.000740295,0.00246268,0.00172667,0.00172798,0.00172832,0.00173338,625.565,0.000507,running,decelerating
18.97,6720120.0,5602840.0,5316220.0,1302120.0,8.48222e-07,0.000741021,0.00246268,0.00172595,0.00172726,0.00172759,0.00173265,628.826,0.000506,running,decelerating
18.975,6720680.0,5599570.0,5313170.0,1302070.0,8.48257e-07,0.000762734,0.00248359,0.0017253,0.00172662,0.00172695,0.001732,628.826,0.000505,running,decelerating
18.98,6720880.0,5596010.0,5309840.0,1302010.0,8.4827e-07,0.000770349,0.00249045,0.0017246,0.00172591,0.00172625,0.0017313,622.63,0.000504,running,decelerating
18.985,6719860.0,5591460.0,5305590.0,1301930.0,8.48206e-07,0.000731222,0.00245069,0.0017237,0.00172502,0.00172535,0.00173039,624.007,0.000503,running,decelerating
18.99,6719880.0,5587720.0,5302090.0,1301870.0,8.48208e-07,0.000731963,0.00245069,0.00172296,0.00172428,0.00172462,0.00172965,628.205,0.000502,running,decelerating
18.995,6720610.0,5584510.0,5299090.0,1301810.0,8.48253e-07,0.000759719,0.00247762,0.00172232,0.00172365,0.00172399,0.00172901,628.205,0.000501,running,decelerating
19.0,6720850.0,5580910.0,5295730.0,1301750.0,8.48268e-07,0.000769327,0.00248645,0.00172161,0.00172294,0.00172328,0.0017283,629.792,0.0005,running,decelerating
19.005,6721140.0,5577330.0,5292380.0,1301690.0,8.48286e-07,0.000780293,0.00249663,0.0017209,0.00172224,0.00172257,0.00172758,629.967,0.000499,running,decelerating
19.01,6721160.0,5573520.0,5288820.0,1301630.0,8.48287e-07,0.000781049,0.00249662,0.00172014,0.00172148,0.00172182,0.00172683,630.502,0.000498,running,decelerating
19.015,6721270.0,5569750.0,5285300.0,1301560.0,8.48294e-07,0.000785252,0.00250005,0.0017194,0.00172074,0.00172108,0.00172608,630.502,0.000497,running,decelerating
19.02,6721320.0,5565930.0,5281730.0,1301500.0,8.48297e-07,0.000787145,0.00250117,0.00171864,0.00171999,0.00172032,0.00172532,632.552,0.000496,running,decelerating
19.025,6721680.0,5562330.0,5278370.0,1301440.0,8.4832e-07,0.0008011,0.00251431,0.00171792,0.00171928,0.00171961,0.0017246,630.995,0.000495,running,decelerating
19.03,6721700.0,5558450.0,5274740.0,1301370.0,8.48321e-07,0.000801871,0.00251431,0.00171715,0.00171851,0.00171884,0.00172383,626.248,0.000494,running,decelerating
19.035,6720930.0,5553920.0,5270500.0,1301300.0,8.48273e-07,0.000772106,0.00248385,0.00171625,0.00171761,0.00171795,0.00172292,626.248,0.000493,running,decelerating
19.04,6720690.0,5549800.0,5266650.0,1301230.0,8.48258e-07,0.000762867,0.00247386,0.00171543,0.0017168,0.00171713,0.0017221,626.723,0.000492,running,decelerating
19.045,6720790.0,5545920.0,5263030.0,1301160.0,8.48264e-07,0.000766702,0.0024769,0.00171466,0.00171603,0.00171636,0.00172133,626.456,0.000491,running,decelerating
19.05,6720810.0,5541960.0,5259330.0,1301090.0,8.48265e-07,0.000767489,0.00247689,0.00171388,0.00171525,0.00171558,0.00172054,625.645,0.00049,running,decelerating
19.055,6720690.0,5537880.0,5255520.0,1301020.0,8.48258e-07,0.000763061,0.00247168,0.00171306,0.00171444,0.00171477,0.00171972,625.645,0.000489,running,decelerating
19.06,6720670.0,5533860.0,5251750.0,1300950.0,8.48257e-07,0.000762143,0.00246997,0.00171226,0.00171364,0.00171398,0.00171892,627.402,0.000488,running,decelerating
19.065,6720980.0,5530070.0,5248220.0,1300890.0,8.48276e-07,0.00077425,0.00248124,0.00171151,0.0017129,0.00171322,0.00171816,627.283,0.000487,running,decelerating
19.07,6721000.0,5526050.0,5244450.0,1300820.0,8.48277e-07,0.000775053,0.00248123,0.00171071,0.0017121,0.00171243,0.00171736,626.92,0.000486,running,decelerating
19.075,6720960.0,5521950.0,5240620.0,1300750.0,8.48275e-07,0.000773526,0.0024789,0.00170989,0.00171128,0.00171161,0.00171654,626.92,0.000485,running,decelerating
19.08,6720970.0,5517870.0,5236810.0,1300680.0,8.48275e-07,0.000773572,0.00247813,0.00170908,0.00171047,0.0017108,0.00171572,627.139,0.000484,running,decelerating
19.085,6721020.0,5513810.0,5233020.0,1300610.0,8.48279e-07,0.000775794,0.00247953,0.00170827,0.00170967,0.00171,0.00171491,627.699,0.000483,running,decelerating
19.09,6721040.0,5509700.0,5229180.0,1300540.0,8.4828e-07,0.000776614,0.00247952,0.00170745,0.00170885,0.00170918,0.00171408,629.405,0.000482,running,decelerating
19.095,6721350.0,5505800.0,5225530.0,1300480.0,8.48299e-07,0.000788419,0.00249047,0.00170667,0.00170808,0.0017084,0.0017133,629.405,0.000481,running,decelerating
19.1,6721470.0,5501730.0,5221730.0,1300410.0,8.48306e-07,0.000792848,0.00249405,0.00170585,0.00170727,0.0017076,0.00171249,628.687,0.00048,running,decelerating
19.105,6721370.0,5497470.0,5217750.0,1300330.0,8.483e-07,0.000789065,0.00248944,0.001705,0.00170642,0.00170675,0.00171163,629.483,0.000479,running,decelerating
19.11,6721390.0,5493290.0,5213840.0,1300260.0,8.48301e-07,0.000789902,0.00248944,0.00170417,0.00170559,0.00170592,0.00171079,631.907,0.000478,running,decelerating
19.115,6721820.0,5489400.0,5210210.0,1300200.0,8.48328e-07,0.000806344,0.00250499,0.00170339,0.00170482,0.00170514,0.00171001,631.907,0.000477,running,decelerating
19.12,6721970.0,5485280.0,5206360.0,1300130.0,8.48338e-07,0.000812306,0.00251008,0.00170256,0.001704,0.00170432,0.00170918,635.582,0.000476,running,decelerating
19.125,6722610.0,5481520.0,5202840.0,1300060.0,8.48377e-07,0.000836809,0.00253366,0.00170181,0.00170324,0.00170357,0.00170843,633.45,0.000475,running,decelerating
19.13,6722630.0,5477260.0,5198860.0,1299990.0,8.48379e-07,0.000837663,0.00253366,0.00170096,0.0017024,0.00170272,0.00170757,626.95,0.000474,running,decelerating
19.135,6721570.0,5472130.0,5194070.0,1299900.0,8.48312e-07,0.000796692,0.00249194,0.00169993,0.00170137,0.0017017,0.00170654,626.95,0.000473,running,decelerating
19.14,6721230.0,5467560.0,5189790.0,1299820.0,8.48292e-07,0.000783834,0.00247826,0.00169901,0.00170046,0.00170078,0.00170562,632.75,0.000472,running,decelerating
19.145,6722220.0,5463980.0,5186450.0,1299760.0,8.48353e-07,0.000822025,0.00251546,0.00169829,0.00169975,0.00170007,0.0017049,632.377,0.000471,running,decelerating
19.15,6722250.0,5459640.0,5182400.0,1299680.0,8.48355e-07,0.000822897,0.00251546,0.00169742,0.00169888,0.0016992,0.00170402,631.242,0.00047,running,decelerating
19.155,6722080.0,5455130.0,5178180.0,1299610.0,8.48344e-07,0.000816467,0.00250817,0.00169652,0.00169798,0.0016983,0.00170311,631.242,0.000469,running,decelerating
19.16,6722040.0,5450700.0,5174040.0,1299530.0,8.48342e-07,0.000814951,0.00250577,0.00169563,0.00169709,0.00169741,0.00170222,627.502,0.000468,running,decelerating
19.165,6721440.0,5445820.0,5169470.0,1299450.0,8.48305e-07,0.000791773,0.00248177,0.00169464,0.00169611,0.00169643,0.00170123,627.603,0.000467,running,decelerating
19.17,6721460.0,5441400.0,5165340.0,1299370.0,8.48306e-07,0.000792663,0.00248177,0.00169376,0.00169523,0.00169555,0.00170034,627.913,0.000466,running,decelerating
19.175,6721540.0,5436990.0,5161220.0,1299290.0,8.48311e-07,0.000795551,0.00248375,0.00169287,0.00169435,0.00169467,0.00169945,627.913,0.000465,running,decelerating
19.18,6721580.0,5432540.0,5157070.0,1299220.0,8.48313e-07,0.000797103,0.00248439,0.00169197,0.00169346,0.00169377,0.00169855,629.905,0.000464,running,decelerating
19.185,6721930.0,5428300.0,5153110.0,1299140.0,8.48335e-07,0.000810829,0.00249717,0.00169112,0.00169261,0.00169292,0.00169769,629.178,0.000463,running,decelerating
19.19,6721960.0,5423800.0,5148900.0,1299070.0,8.48337e-07,0.000811738,0.00249717,0.00169021,0.0016917,0.00169202,0.00169678,626.963,0.000462,running,decelerating
19.195,6721610.0,5418980.0,5144400.0,1298980.0,8.48315e-07,0.000798398,0.00248295,0.00168924,0.00169074,0.00169105,0.00169581,626.963,0.000461,running,decelerating
19.2,6721510.0,5414340.0,5140060.0,1298900.0,8.48309e-07,0.00079464,0.00247828,0.0016883,0.0016898,0.00169012,0.00169487,629.255,0.00046,running,decelerating
19.205,6721920.0,5410060.0,5136060.0,1298830.0,8.48335e-07,0.000810314,0.00249298,0.00168744,0.00168894,0.00168926,0.001694,628.229,0.000459,running,decelerating
19.21,6721940.0,5405470.0,5131770.0,1298750.0,8.48336e-07,0.000811243,0.00249297,0.00168651,0.00168802,0.00168834,0.00169307,625.098,0.000458,running,decelerating
19.215,6721440.0,5400450.0,5127080.0,1298660.0,8.48305e-07,0.000792032,0.00247288,0.0016855,0.00168701,0.00168733,0.00169205,625.098,0.000457,running,decelerating
19.22,6721300.0,5395690.0,5122630.0,1298580.0,8.48296e-07,0.000786362,0.00246629,0.00168453,0.00168605,0.00168637,0.00169108,626.311,0.000456,running,decelerating
19.225,6721520.0,5391180.0,5118410.0,1298500.0,8.4831e-07,0.00079511,0.00247406,0.00168362,0.00168514,0.00168546,0.00169017,627.338,0.000455,running,decelerating
19.23,6721550.0,5386500.0,5114040.0,1298420.0,8.48311e-07,0.000796058,0.00247406,0.00168267,0.0016842,0.00168452,0.00168922,630.469,0.000454,running,decelerating
19.235,6722100.0,5382190.0,5110010.0,1298340.0,8.48346e-07,0.000817164,0.00249414,0.0016818,0.00168333,0.00168365,0.00168834,630.469,0.000453,running,decelerating
19.24,6722290.0,5377600.0,5105720.0,1298260.0,8.48358e-07,0.000824731,0.00250073,0.00168087,0.00168241,0.00168272,0.00168741,628.415,0.000452,running,decelerating
19.245,6721980.0,5372590.0,5101040.0,1298180.0,8.48338e-07,0.000812476,0.00248754,0.00167985,0.00168139,0.00168171,0.00168639,628.331,0.000451,running,decelerating
19.25,6722000.0,5367820.0,5096580.0,1298090.0,8.4834e-07,0.000813444,0.00248754,0.00167889,0.00168043,0.00168074,0.00168542,628.074,0.00045,running,decelerating
19.255,6721980.0,5362990.0,5092070.0,1298010.0,8.48339e-07,0.000812765,0.00248588,0.00167791,0.00167946,0.00167977,0.00168443,628.074,0.000449,running,decelerating
19.26,6721990.0,5358170.0,5087560.0,1297920.0,8.48339e-07,0.000813201,0.00248533,0.00167693,0.00167848,0.00167879,0.00168345,627.709,0.000448,running,decelerating
19.265,6721960.0,5353280.0,5082990.0,1297840.0,8.48337e-07,0.000811838,0.00248299,0.00167593,0.00167749,0.0016778,0.00168245,626.793,0.000447,running,decelerating
19.27,6721980.0,5348420.0,5078450.0,1297750.0,8.48339e-07,0.000812827,0.00248298,0.00167494,0.00167651,0.00167682,0.00168146,624.001,0.000446,running,decelerating
19.275,6721540.0,5343180.0,5073550.0,1297660.0,8.48311e-07,0.000795854,0.00246506,0.00167388,0.00167545,0.00167576,0.00168039,624.001,0.000445,running,decelerating
19.28,6721420.0,5338160.0,5068860.0,1297570.0,8.48303e-07,0.00079096,0.00245918,0.00167286,0.00167443,0.00167474,0.00167936,628.384,0.000444,running,decelerating
19.285,6722180.0,5333770.0,5064760.0,1297500.0,8.4835e-07,0.000820176,0.0024873,0.00167196,0.00167354,0.00167385,0.00167847,627.798,0.000443,running,decelerating
19.29,6722200.0,5328820.0,5060130.0,1297410.0,8.48352e-07,0.000821186,0.00248729,0.00167095,0.00167254,0.00167284,0.00167745,626.01,0.000442,running,decelerating
19.295,6721930.0,5323610.0,5055260.0,1297320.0,8.48335e-07,0.000810698,0.00247581,0.00166989,0.00167148,0.00167179,0.00167639,626.01,0.000441,running,decelerating
19.3,6721860.0,5318540.0,5050520.0,1297230.0,8.48331e-07,0.000807945,0.00247204,0.00166886,0.00167045,0.00167075,0.00167535,631.212,0.00044,running,decelerating
19.305,6722750.0,5314160.0,5046430.0,1297150.0,8.48387e-07,0.000842453,0.00250542,0.00166796,0.00166956,0.00166986,0.00167445,631.2,0.000439,running,decelerating
19.31,6722780.0,5309110.0,5041710.0,1297060.0,8.48388e-07,0.000843485,0.00250541,0.00166693,0.00166853,0.00166884,0.00167341,631.162,0.000438,running,decelerating
19.315,6722800.0,5304020.0,5036960.0,1296970.0,8.4839e-07,0.000844281,0.00250516,0.00166589,0.0016675,0.0016678,0.00167237,631.162,0.000437,running,decelerating
19.32,6722830.0,5298930.0,5032190.0,1296880.0,8.48391e-07,0.000845244,0.00250507,0.00166484,0.00166646,0.00166676,0.00167132,628.705,0.000436,running,decelerating
19.325,6722440.0,5293490.0,5027110.0,1296790.0,8.48367e-07,0.000830481,0.0024893,0.00166373,0.00166535,0.00166565,0.00167021,628.701,0.000435,running,decelerating
19.33,6722470.0,5288350.0,5022300.0,1296700.0,8.48369e-07,0.000831535,0.0024893,0.00166268,0.0016643,0.0016646,0.00166915,628.69,0.000434,running,decelerating
19.335,6722500.0,5283170.0,5017460.0,1296610.0,8.4837e-07,0.000832528,0.00248922,0.00166162,0.00166324,0.00166355,0.00166808,628.69,0.000433,running,decelerating
19.34,6722520.0,5277970.0,5012610.0,1296510.0,8.48372e-07,0.000833571,0.00248919,0.00166055,0.00166218,0.00166249,0.00166701,631.957,0.000432,running,decelerating
19.345,6723100.0,5273150.0,5008100.0,1296430.0,8.48408e-07,0.000855667,0.00251014,0.00165956,0.0016612,0.0016615,0.00166602,630.794,0.000431,running,decelerating
19.35,6723130.0,5267900.0,5003190.0,1296340.0,8.4841e-07,0.000856744,0.00251013,0.00165848,0.00166013,0.00166043,0.00166494,627.249,0.00043,running,decelerating
19.355,6722560.0,5262190.0,4997850.0,1296230.0,8.48375e-07,0.000835016,0.00248738,0.00165731,0.00165896,0.00165926,0.00166376,627.249,0.000429,running,decelerating
19.36,6722400.0,5256750.0,4992770.0,1296140.0,8.48364e-07,0.000828622,0.00247992,0.00165619,0.00165784,0.00165814,0.00166264,629.397,0.000428,running,decelerating
19.365,6722780.0,5251680.0,4988030.0,1296050.0,8.48388e-07,0.000843542,0.00249369,0.00165515,0.00165681,0.00165711,0.00166159,629.896,0.000427,running,decelerating
19.37,6722810.0,5246330.0,4983040.0,1295950.0,8.4839e-07,0.000844644,0.00249368,0.00165405,0.00165571,0.00165601,0.00166049,631.42,0.000426,running,decelerating
19.375,6723090.0,5241140.0,4978180.0,1295860.0,8.48408e-07,0.000855559,0.00250345,0.00165298,0.00165465,0.00165494,0.00165941,631.42,0.000425,running,decelerating
19.38,6723210.0,5235800.0,4973190.0,1295760.0,8.48415e-07,0.000859889,0.00250665,0.00165188,0.00165355,0.00165385,0.00165831,628.535,0.000424,running,decelerating
19.385,6722750.0,5230010.0,4967780.0,1295660.0,8.48387e-07,0.000842441,0.00248813,0.00165069,0.00165236,0.00165266,0.00165711,628.826,0.000423,running,decelerating
19.39,6722780.0,5224560.0,4962690.0,1295560.0,8.48388e-07,0.000843567,0.00248813,0.00164956,0.00165124,0.00165154,0.00165598,629.714,0.000422,running,decelerating
19.395,6722960.0,5219180.0,4957660.0,1295470.0,8.48399e-07,0.000850416,0.00249382,0.00164845,0.00165014,0.00165043,0.00165487,629.714,0.000421,running,decelerating
19.4,6723040.0,5213720.0,4952550.0,1295370.0,8.48404e-07,0.000853428,0.00249568,0.00164732,0.00164901,0.00164931,0.00165373,623.824,0.00042,running,decelerating
19.405,6722080.0,5207460.0,4946710.0,1295260.0,8.48345e-07,0.000816669,0.00245788,0.00164603,0.00164772,0.00164802,0.00165243,624.691,0.000419,running,decelerating
19.41,6722110.0,5201910.0,4941520.0,1295160.0,8.48347e-07,0.00081782,0.00245787,0.00164488,0.00164658,0.00164687,0.00165128,627.335,0.000418,running,decelerating
19.415,6722590.0,5196630.0,4936590.0,1295060.0,8.48376e-07,0.000835995,0.00247483,0.00164378,0.00164549,0.00164579,0.00165018,627.335,0.000417,running,decelerating
19.42,6722760.0,5191130.0,4931440.0,1294970.0,8.48387e-07,0.000842739,0.00248039,0.00164264,0.00164436,0.00164465,0.00164904,627.048,0.000416,running,decelerating
19.425,6722740.0,5185450.0,4926130.0,1294860.0,8.48386e-07,0.000842062,0.00247854,0.00164147,0.00164318,0.00164347,0.00164786,627.604,0.000415,running,decelerating
19.43,6722770.0,5179780.0,4920840.0,1294760.0,8.48388e-07,0.000843239,0.00247853,0.00164029,0.00164201,0.0016423,0.00164668,629.301,0.000414,running,decelerating
19.435,6723090.0,5174280.0,4915700.0,1294660.0,8.48407e-07,0.000855345,0.00248941,0.00163915,0.00164088,0.00164117,0.00164553,629.301,0.000413,running,decelerating
19.44,6723210.0,5168630.0,4910410.0,1294560.0,8.48415e-07,0.000860117,0.00249297,0.00163797,0.00163971,0.00164,0.00164435,627.753,0.000412,running,decelerating
19.445,6722990.0,5162690.0,4904860.0,1294450.0,8.48401e-07,0.000851353,0.00248303,0.00163674,0.00163848,0.00163876,0.00164311,627.837,0.000411,running,decelerating
19.45,6723020.0,5156910.0,4899460.0,1294350.0,8.48403e-07,0.000852556,0.00248303,0.00163553,0.00163728,0.00163757,0.0016419,628.094,0.00041,running,decelerating
19.455,6723090.0,5151130.0,4894050.0,1294240.0,8.48408e-07,0.000855418,0.00248466,0.00163433,0.00163608,0.00163637,0.00164069,628.094,0.000409,running,decelerating
19.46,6723140.0,5145300.0,4888610.0,1294140.0,8.4841e-07,0.000857176,0.0024852,0.00163312,0.00163487,0.00163516,0.00163948,630.244,0.000408,running,decelerating
19.465,6723530.0,5139690.0,4883360.0,1294040.0,8.48435e-07,0.000872241,0.00249898,0.00163195,0.0016337,0.00163399,0.0016383,630.252,0.000407,running,decelerating
19.47,6723560.0,5133800.0,4877860.0,1293930.0,8.48437e-07,0.000873471,0.00249898,0.00163072,0.00163248,0.00163277,0.00163707,630.277,0.000406,running,decelerating
19.475,6723600.0,5127870.0,4872320.0,1293820.0,8.48439e-07,0.000874871,0.00249913,0.00162948,0.00163125,0.00163153,0.00163582,630.277,0.000405,running,decelerating
19.48,6723630.0,5121930.0,4866760.0,1293720.0,8.48441e-07,0.000876167,0.00249917,0.00162824,0.00163001,0.0016303,0.00163458,628.43,0.000404,running,decelerating
19.485,6723350.0,5115720.0,4860970.0,1293600.0,8.48424e-07,0.000865533,0.00248732,0.00162694,0.00162872,0.001629,0.00163327,628.642,0.000403,running,decelerating
19.49,6723390.0,5109720.0,4855350.0,1293490.0,8.48426e-07,0.000866791,0.00248731,0.00162568,0.00162747,0.00162775,0.00163201,629.289,0.000402,running,decelerating
19.495,6723530.0,5103750.0,4849770.0,1293390.0,8.48435e-07,0.000872221,0.00249145,0.00162443,0.00162622,0.00162651,0.00163076,629.289,0.000401,running,decelerating
19.5,6723600.0,5097710.0,4844130.0,1293280.0,8.48439e-07,0.000874859,0.0024928,0.00162316,0.00162496,0.00162524,0.00162949,627.636,0.0004,running,decelerating
19.505,6723350.0,5091410.0,4838240.0,1293160.0,8.48424e-07,0.000865505,0.00248219,0.00162184,0.00162365,0.00162393,0.00162816,628.203,0.000399,running,decelerating
19.51,6723390.0,5085290.0,4832520.0,1293050.0,8.48426e-07,0.000866792,0.00248219,0.00162056,0.00162237,0.00162265,0.00162687,629.929,0.000398,running,decelerating
19.515,6723710.0,5079330.0,4826950.0,1292940.0,8.48446e-07,0.000879198,0.00249325,0.00161931,0.00162112,0.0016214,0.00162561,629.929,0.000397,running,decelerating
19.52,6723840.0,5073210.0,4821230.0,1292830.0,8.48454e-07,0.000884144,0.00249688,0.00161802,0.00161984,0.00162012,0.00162432,629.133,0.000396,running,decelerating
19.525,6723740.0,5066900.0,4815330.0,1292710.0,8.48448e-07,0.000880334,0.00249177,0.00161669,0.00161851,0.00161879,0.00162299,629.14,0.000395,running,decelerating
19.53,6723770.0,5060650.0,4809500.0,1292600.0,8.4845e-07,0.00088165,0.00249176,0.00161537,0.0016172,0.00161748,0.00162167,629.16,0.000394,running,decelerating
19.535,6723810.0,5054370.0,4803630.0,1292480.0,8.48452e-07,0.000883106,0.00249188,0.00161405,0.00161589,0.00161616,0.00162034,629.16,0.000393,running,decelerating
19.54,6723850.0,5048070.0,4797730.0,1292370.0,8.48455e-07,0.000884479,0.00249191,0.00161272,0.00161456,0.00161484,0.001619,628.345,0.000392,running,decelerating
19.545,6723740.0,5041630.0,4791710.0,1292250.0,8.48448e-07,0.000880574,0.00248668,0.00161136,0.00161321,0.00161348,0.00161764,629.334,0.000391,running,decelerating
19.55,6723780.0,5035260.0,4785760.0,1292130.0,8.4845e-07,0.00088192,0.00248667,0.00161002,0.00161187,0.00161214,0.00161629,632.351,0.00039,running,decelerating
19.555,6724320.0,5029210.0,4780100.0,1292020.0,8.48484e-07,0.000902694,0.00250602,0.00160873,0.00161059,0.00161087,0.001615,632.351,0.000389,running,decelerating
19.56,6724520.0,5022890.0,4774200.0,1291900.0,8.48497e-07,0.000910425,0.00251236,0.0016074,0.00160926,0.00160954,0.00161366,628.808,0.000388,running,decelerating
19.565,6723960.0,5016010.0,4767770.0,1291780.0,8.48462e-07,0.000888993,0.00248962,0.00160594,0.00160781,0.00160808,0.0016122,628.804,0.000387,running,decelerating
19.57,6724000.0,5009520.0,4761700.0,1291660.0,8.48464e-07,0.00089037,0.00248961,0.00160457,0.00160644,0.00160671,0.00161082,628.791,0.000386,running,decelerating
19.575,6724030.0,5002980.0,4755590.0,1291530.0,8.48466e-07,0.000891674,0.00248952,0.00160318,0.00160506,0.00160533,0.00160943,628.791,0.000385,running,decelerating
19.58,6724070.0,4996430.0,4749470.0,1291410.0,8.48468e-07,0.00089304,0.00248948,0.00160179,0.00160367,0.00160394,0.00160803,627.48,0.000384,running,decelerating
19.585,6723890.0,4989680.0,4743160.0,1291290.0,8.48457e-07,0.000886007,0.00248106,0.00160035,0.00160224,0.00160251,0.00160659,628.103,0.000383,running,decelerating
19.59,6723920.0,4983060.0,4736970.0,1291160.0,8.48459e-07,0.000887416,0.00248105,0.00159894,0.00160084,0.00160111,0.00160518,630.002,0.000382,running,decelerating
19.595,6724280.0,4976620.0,4730950.0,1291050.0,8.48481e-07,0.000901058,0.00249323,0.00159757,0.00159947,0.00159974,0.0016038,630.002,0.000381,running,decelerating
19.6,6724420.0,4970000.0,4724770.0,1290920.0,8.4849e-07,0.000906492,0.00249722,0.00159616,0.00159807,0.00159834,0.00160238,626.829,0.00038,running,decelerating
19.605,6723920.0,4962920.0,4718140.0,1290790.0,8.48459e-07,0.000887505,0.00247685,0.00159465,0.00159656,0.00159683,0.00160087,627.125,0.000379,running,decelerating
19.61,6723960.0,4956170.0,4711840.0,1290660.0,8.48462e-07,0.000888947,0.00247684,0.00159321,0.00159513,0.0015954,0.00159942,628.028,0.000378,running,decelerating
19.615,6724150.0,4949480.0,4705580.0,1290540.0,8.48474e-07,0.00089621,0.00248262,0.00159178,0.00159371,0.00159397,0.00159799,628.028,0.000377,running,decelerating
19.62,6724240.0,4942690.0,4699240.0,1290410.0,8.48479e-07,0.000899574,0.00248451,0.00159033,0.00159226,0.00159253,0.00159653,628.336,0.000376,running,decelerating
19.625,6724330.0,4935870.0,4692860.0,1290280.0,8.48485e-07,0.000903027,0.00248648,0.00158887,0.00159081,0.00159107,0.00159506,628.622,0.000375,running,decelerating
19.63,6724370.0,4928990.0,4686430.0,1290160.0,8.48487e-07,0.000904503,0.00248647,0.0015874,0.00158934,0.0015896,0.00159358,629.494,0.000374,running,decelerating
19.635,6724550.0,4922160.0,4680050.0,1290030.0,8.48498e-07,0.0009116,0.00249206,0.00158593,0.00158788,0.00158814,0.00159211,629.494,0.000373,running,decelerating
19.64,6724640.0,4915240.0,4673580.0,1289900.0,8.48504e-07,0.000914933,0.00249388,0.00158445,0.0015864,0.00158666,0.00159062,629.635,0.000372,running,decelerating
19.645,6724700.0,4908260.0,4667060.0,1289770.0,8.48508e-07,0.000917349,0.00249478,0.00158295,0.00158491,0.00158517,0.00158912,629.874,0.000371,running,decelerating
19.65,6724740.0,4901240.0,4660500.0,1289630.0,8.4851e-07,0.000918859,0.00249477,0.00158144,0.0015834,0.00158367,0.00158761,630.601,0.00037,running,decelerating
19.655,6724900.0,4894260.0,4653970.0,1289500.0,8.4852e-07,0.00092506,0.00249943,0.00157994,0.00158191,0.00158217,0.0015861,630.601,0.000369,running,decelerating
19.66,6724980.0,4887200.0,4647380.0,1289370.0,8.48525e-07,0.000928122,0.00250095,0.00157842,0.00158039,0.00158065,0.00158457,630.78,0.000368,running,decelerating
19.665,6725050.0,4880090.0,4640730.0,1289230.0,8.4853e-07,0.000930818,0.00250209,0.00157688,0.00157886,0.00157912,0.00158303,630.98,0.000367,running,decelerating
19.67,6725090.0,4872930.0,4634040.0,1289100.0,8.48532e-07,0.000932363,0.00250208,0.00157534,0.00157733,0.00157759,0.00158148,631.587,0.000366,running,decelerating
19.675,6725230.0,4865800.0,4627370.0,1288960.0,8.48541e-07,0.000937832,0.00250597,0.0015738,0.00157579,0.00157605,0.00157993,631.587,0.000365,running,decelerating
19.68,6725300.0,4858590.0,4620630.0,1288830.0,8.48546e-07,0.000940678,0.00250724,0.00157224,0.00157424,0.0015745,0.00157837,632.055,0.000364,running,decelerating
19.685,6725420.0,4851370.0,4613880.0,1288690.0,8.48553e-07,0.000945267,0.00251023,0.00157068,0.00157268,0.00157294,0.0015768,632.069,0.000363,running,decelerating
19.69,6725460.0,4844070.0,4607060.0,1288550.0,8.48555e-07,0.000946849,0.00251022,0.00156909,0.00157111,0.00157136,0.00157522,632.112,0.000362,running,decelerating
19.695,6725510.0,4836730.0,4600200.0,1288410.0,8.48559e-07,0.00094872,0.00251049,0.0015675,0.00156952,0.00156978,0.00157362,632.112,0.000361,running,decelerating
19.7,6725560.0,4829370.0,4593320.0,1288270.0,8.48561e-07,0.000950412,0.00251057,0.0015659,0.00156793,0.00156818,0.00157201,620.856,0.00036,running,decelerating
19.705,6723720.0,4820720.0,4585230.0,1288100.0,8.48447e-07,0.000879563,0.00243834,0.00156403,0.00156606,0.00156631,0.00157013,622.425,0.000359,running,decelerating
19.71,6723760.0,4813280.0,4578280.0,1287960.0,8.48449e-07,0.000881182,0.00243833,0.00156241,0.00156444,0.0015647,0.0015685,627.209,0.000358,running,decelerating
19.715,6724600.0,4806310.0,4571770.0,1287830.0,8.48502e-07,0.000913612,0.00246901,0.00156089,0.00156293,0.00156319,0.00156698,627.209,0.000357,running,decelerating
19.72,6724910.0,4798970.0,4564910.0,1287690.0,8.48521e-07,0.000925352,0.00247907,0.00155929,0.00156134,0.00156159,0.00156537,628.583,0.000356,running,decelerating
19.725,6725180.0,4791560.0,4557980.0,1287550.0,8.48538e-07,0.000935849,0.00248788,0.00155767,0.00155973,0.00155998,0.00156375,627.896,0.000355,running,decelerating
19.73,6725220.0,4783980.0,4550890.0,1287400.0,8.4854e-07,0.000937507,0.00248787,0.00155602,0.00155808,0.00155833,0.00156209,625.801,0.000354,running,decelerating
19.735,6724920.0,4776110.0,4543540.0,1287250.0,8.48521e-07,0.000925689,0.00247441,0.0015543,0.00155636,0.00155661,0.00156036,625.801,0.000353,running,decelerating
19.74,6724840.0,4768380.0,4536320.0,1287100.0,8.48517e-07,0.000922942,0.00246999,0.00155261,0.00155468,0.00155493,0.00155866,626.842,0.000352,running,decelerating
19.745,6725060.0,4760780.0,4529220.0,1286950.0,8.4853e-07,0.000931334,0.00247666,0.00155094,0.00155302,0.00155327,0.00155699,626.773,0.000351,running,decelerating
19.75,6725110.0,4753050.0,4521990.0,1286800.0,8.48533e-07,0.000933031,0.00247665,0.00154925,0.00155133,0.00155158,0.00155529,626.562,0.00035,running,decelerating
19.755,6725120.0,4745240.0,4514690.0,1286650.0,8.48534e-07,0.000933384,0.00247529,0.00154753,0.00154962,0.00154987,0.00155357,626.562,0.000349,running,decelerating
19.76,6725150.0,4737430.0,4507380.0,1286500.0,8.48536e-07,0.000934657,0.00247484,0.00154581,0.00154791,0.00154816,0.00155185,628.774,0.000348,running,decelerating
19.765,6725560.0,4729800.0,4500260.0,1286350.0,8.48562e-07,0.000950632,0.00248902,0.00154414,0.00154624,0.00154648,0.00155016,628.418,0.000347,running,decelerating
19.77,6725610.0,4721920.0,4492890.0,1286200.0,8.48564e-07,0.00095237,0.00248901,0.0015424,0.00154451,0.00154475,0.00154842,627.33,0.000346,running,decelerating
19.775,6725470.0,4713870.0,4485360.0,1286040.0,8.48556e-07,0.00094712,0.00248202,0.00154062,0.00154274,0.00154298,0.00154664,627.33,0.000345,running,decelerating
19.78,6725460.0,4705870.0,4477880.0,1285890.0,8.48555e-07,0.000946583,0.00247972,0.00153886,0.00154098,0.00154122,0.00154486,627.156,0.000344,running,decelerating
19.785,6725470.0,4697830.0,4470380.0,1285730.0,8.48556e-07,0.000947233,0.00247859,0.00153708,0.00153921,0.00153945,0.00154308,627.469,0.000343,running,decelerating
19.79,6725520.0,4689800.0,4462860.0,1285570.0,8.48559e-07,0.000949013,0.00247858,0.00153531,0.00153744,0.00153768,0.0015413,628.425,0.000342,running,decelerating
19.795,6725730.0,4681810.0,4455390.0,1285410.0,8.48572e-07,0.000956961,0.00248471,0.00153353,0.00153567,0.00153591,0.00153952,628.425,0.000341,running,decelerating
19.8,6725830.0,4673720.0,4447840.0,1285260.0,8.48578e-07,0.000960781,0.00248671,0.00153174,0.00153389,0.00153413,0.00153772,628.44,0.00034,running,decelerating
19.805,6725880.0,4665550.0,4440200.0,1285100.0,8.48581e-07,0.000962693,0.00248679,0.00152993,0.00153208,0.00153232,0.0015359,628.406,0.000339,running,decelerating
19.81,6725920.0,4657360.0,4432540.0,1284930.0,8.48584e-07,0.000964516,0.00248678,0.00152811,0.00153026,0.0015305,0.00153407,628.301,0.000338,running,decelerating
19.815,6725950.0,4649100.0,4424820.0,1284770.0,8.48586e-07,0.000965677,0.0024861,0.00152627,0.00152843,0.00152867,0.00153223,628.301,0.000337,running,decelerating
19.82,6726000.0,4640820.0,4417080.0,1284610.0,8.48589e-07,0.0009673,0.00248586,0.00152443,0.0015266,0.00152683,0.00153038,627.959,0.000336,running,decelerating
19.825,6725990.0,4632460.0,4409270.0,1284440.0,8.48588e-07,0.000966957,0.00248366,0.00152256,0.00152474,0.00152497,0.00152851,628.121,0.000335,running,decelerating
19.83,6726040.0,4624100.0,4401460.0,1284280.0,8.48591e-07,0.000968824,0.00248365,0.0015207,0.00152288,0.00152311,0.00152663,628.617,0.000334,running,decelerating
19.835,6726170.0,4615740.0,4393640.0,1284110.0,8.48599e-07,0.000973896,0.00248682,0.00151883,0.00152101,0.00152125,0.00152476,628.617,0.000333,running,decelerating
19.84,6726240.0,4607330.0,4385780.0,1283940.0,8.48604e-07,0.000976832,0.00248785,0.00151694,0.00151914,0.00151937,0.00152287,630.464,0.000332,running,decelerating
19.845,6726600.0,4599030.0,4378020.0,1283780.0,8.48626e-07,0.000990628,0.00249969,0.00151508,0.00151728,0.00151751,0.001521,630.917,0.000331,running,decelerating
19.85,6726650.0,4590510.0,4370060.0,1283610.0,8.48629e-07,0.00099254,0.00249968,0.00151317,0.00151538,0.00151561,0.00151908,632.298,0.00033,running,decelerating
19.855,6726930.0,4582080.0,4362180.0,1283440.0,8.48647e-07,0.00100336,0.00250852,0.00151128,0.00151349,0.00151372,0.00151718,632.298,0.000329,running,decelerating
19.86,6727060.0,4573530.0,4354180.0,1283270.0,8.48655e-07,0.00100821,0.00251142,0.00150935,0.00151157,0.0015118,0.00151525,628.185,0.000328,running,decelerating
19.865,6726420.0,4564450.0,4345700.0,1283090.0,8.48615e-07,0.000983681,0.00248502,0.00150731,0.00150954,0.00150976,0.0015132,628.626,0.000327,running,decelerating
19.87,6726470.0,4555770.0,4337590.0,1282910.0,8.48618e-07,0.00098564,0.00248501,0.00150535,0.00150758,0.00150781,0.00151123,629.97,0.000326,running,decelerating
19.875,6726750.0,4547170.0,4329550.0,1282740.0,8.48635e-07,0.000996269,0.00249362,0.00150341,0.00150565,0.00150588,0.00150929,629.97,0.000325,running,decelerating
19.88,6726870.0,4538450.0,4321400.0,1282570.0,8.48643e-07,0.00100109,0.00249643,0.00150144,0.00150368,0.00150391,0.00150731,631.863,0.000324,running,decelerating
19.885,6727240.0,4529830.0,4313330.0,1282390.0,8.48666e-07,0.00101527,0.00250857,0.00149949,0.00150174,0.00150196,0.00150535,631.843,0.000323,running,decelerating
19.89,6727290.0,4520980.0,4305060.0,1282210.0,8.48669e-07,0.00101728,0.00250855,0.00149748,0.00149974,0.00149996,0.00150333,631.781,0.000322,running,decelerating
19.895,6727340.0,4512070.0,4296730.0,1282030.0,8.48672e-07,0.00101891,0.00250815,0.00149546,0.00149772,0.00149795,0.0015013,631.781,0.000321,running,decelerating
19.9,6727380.0,4503130.0,4288380.0,1281850.0,8.48675e-07,0.00102081,0.00250801,0.00149343,0.0014957,0.00149592,0.00149927,632.484,0.00032,running,decelerating
19.905,6727550.0,4494210.0,4280050.0,1281670.0,8.48686e-07,0.00102738,0.0025125,0.0014914,0.00149368,0.0014939,0.00149723,631.876,0.000319,running,decelerating
19.91,6727610.0,4485200.0,4271620.0,1281490.0,8.48689e-07,0.00102944,0.00251249,0.00148935,0.00149163,0.00149185,0.00149517,630.023,0.000318,running,decelerating
19.915,6727350.0,4475940.0,4262960.0,1281300.0,8.48673e-07,0.00101958,0.00250059,0.00148724,0.00148952,0.00148974,0.00149305,630.023,0.000317,running,decelerating
19.92,6727300.0,4466780.0,4254400.0,1281110.0,8.4867e-07,0.00101774,0.00249667,0.00148514,0.00148744,0.00148765,0.00149095,626.5,0.000316,running,decelerating
19.925,6726770.0,4457270.0,4245510.0,1280920.0,8.48637e-07,0.000997161,0.00247406,0.00148297,0.00148527,0.00148548,0.00148876,627.56,0.000315,running,decelerating
19.93,6726830.0,4448090.0,4236930.0,1280730.0,8.4864e-07,0.000999267,0.00247405,0.00148086,0.00148317,0.00148339,0.00148665,630.789,0.000314,running,decelerating
19.935,6727420.0,4439160.0,4228580.0,1280550.0,8.48677e-07,0.00102218,0.00249476,0.00147881,0.00148113,0.00148134,0.0014846,630.789,0.000313,running,decelerating
19.94,6727650.0,4429990.0,4220010.0,1280360.0,8.48692e-07,0.00103114,0.00250154,0.00147671,0.00147903,0.00147924,0.00148248,630.122,0.000312,running,decelerating
19.945,6727600.0,4420590.0,4211220.0,1280160.0,8.48688e-07,0.00102899,0.00249725,0.00147455,0.00147687,0.00147708,0.00148031,629.54,0.000311,running,decelerating
19.95,6727650.0,4411230.0,4202470.0,1279970.0,8.48692e-07,0.00103115,0.00249723,0.00147239,0.00147472,0.00147493,0.00147815,627.764,0.00031,running,decelerating
19.955,6727410.0,4401640.0,4193510.0,1279770.0,8.48677e-07,0.00102189,0.00248583,0.00147018,0.00147251,0.00147273,0.00147593,627.764,0.000309,running,decelerating
19.96,6727370.0,4392130.0,4184620.0,1279570.0,8.48674e-07,0.00102032,0.00248208,0.00146798,0.00147032,0.00147054,0.00147372,627.271,0.000308,running,decelerating
19.965,6727350.0,4382580.0,4175690.0,1279380.0,8.48673e-07,0.00101935,0.0024789,0.00146577,0.00146812,0.00146833,0.0014715,627.463,0.000307,running,decelerating
19.97,6727400.0,4373040.0,4166780.0,1279180.0,8.48676e-07,0.00102156,0.00247889,0.00146356,0.00146592,0.00146613,0.00146929,628.047,0.000306,running,decelerating
19.975,6727560.0,4363500.0,4157860.0,1278980.0,8.48686e-07,0.00102756,0.00248262,0.00146135,0.00146371,0.00146392,0.00146706,628.047,0.000305,running,decelerating
19.98,6727650.0,4353900.0,4148880.0,1278780.0,8.48692e-07,0.00103103,0.00248384,0.00145912,0.00146148,0.00146169,0.00146482,627.27,0.000304,running,decelerating
19.985,6727580.0,4344140.0,4139760.0,1278570.0,8.48687e-07,0.00102828,0.00247884,0.00145685,0.00145922,0.00145942,0.00146254,628.448,0.000303,running,decelerating
19.99,6727640.0,4334420.0,4130680.0,1278370.0,8.48691e-07,0.00103054,0.00247883,0.00145458,0.00145696,0.00145717,0.00146027,632.038,0.000302,running,decelerating
19.995,6728300.0,4324990.0,4121860.0,1278170.0,8.48732e-07,0.00105595,0.00250185,0.00145238,0.00145476,0.00145497,0.00145806,632.038,0.000301,running,decelerating
20.0,6728550.0,4315290.0,4112800.0,1277970.0,8.48748e-07,0.00106582,0.00250939,0.00145011,0.0014525,0.00145271,0.00145579,622.749,0.0003,running,decelerating
20.005,6727000.0,4314420.0,4111980.0,1277950.0,8.48651e-07,0.00100601,0.00244979,0.00144991,0.0014523,0.0014525,0.00145558,623.389,0.0003,running,slow2
20.01,6727000.0,4314420.0,4111980.0,1277950.0,8.48651e-07,0.00100601,0.00244979,0.00144991,0.0014523,0.0014525,0.00145558,625.341,0.0003,running,slow2
20.015,6727330.0,4314600.0,4112150.0,1277950.0,8.48672e-07,0.00101858,0.00246231,0.00144995,0.00145234,0.00145255,0.00145562,625.341,0.0003,running,slow2
20.02,6727430.0,4314670.0,4112210.0,1277960.0,8.48678e-07,0.0010227,0.00246642,0.00144997,0.00145236,0.00145256,0.00145564,631.829,0.0003,running,slow2
20.025,6728520.0,4315280.0,4112780.0,1277970.0,8.48746e-07,0.00106447,0.00250805,0.00145011,0.0014525,0.0014527,0.00145578,631.318,0.0003,running,slow2
20.03,6728520.0,4315280.0,4112780.0,1277970.0,8.48746e-07,0.00106447,0.00250805,0.00145011,0.0014525,0.0014527,0.00145578,629.762,0.0003,running,slow2
20.035,6728260.0,4315130.0,4112640.0,1277970.0,8.4873e-07,0.00105445,0.00249806,0.00145007,0.00145247,0.00145267,0.00145575,629.762,0.0003,running,slow2
20.04,6728170.0,4315080.0,4112600.0,1277960.0,8.48724e-07,0.00105117,0.00249478,0.00145006,0.00145245,0.00145266,0.00145574,628.114,0.0003,running,slow2
20.045,6727900.0,4314930.0,4112450.0,1277960.0,8.48707e-07,0.00104056,0.00248421,0.00145003,0.00145242,0.00145262,0.0014557,627.514,0.0003,running,slow2
20.05,6727900.0,4314930.0,4112450.0,1277960.0,8.48707e-07,0.00104056,0.00248421,0.00145003,0.00145242,0.00145262,0.0014557,625.684,0.0003,running,slow2
20.055,6727590.0,4314750.0,4112290.0,1277960.0,8.48688e-07,0.00102878,0.00247247,0.00144999,0.00145238,0.00145258,0.00145566,625.684,0.0003,running,slow2
20.06,6727490.0,4314700.0,4112240.0,1277960.0,8.48682e-07,0.00102491,0.00246862,0.00144997,0.00145236,0.00145257,0.00145564,626.997,0.0003,running,slow2
20.065,6727710.0,4314820.0,4112350.0,1277960.0,8.48695e-07,0.00103336,0.00247705,0.00145,0.00145239,0.0014526,0.00145567,626.777,0.0003,running,slow2
20.07,6727710.0,4314820.0,4112350.0,1277960.0,8.48695e-07,0.00103336,0.00247705,0.00145,0.00145239,0.0014526,0.00145567,626.106,0.0003,running,slow2
20.075,6727600.0,4314760.0,4112290.0,1277960.0,8.48688e-07,0.00102905,0.00247274,0.00144999,0.00145238,0.00145258,0.00145566,626.106,0.0003,running,slow2
20.08,6727560.0,4314740.0,4112270.0,1277960.0,8.48686e-07,0.00102763,0.00247133,0.00144998,0.00145237,0.00145258,0.00145565,628.515,0.0003,running,slow2
20.085,6727960.0,4314960.0,4112490.0,1277960.0,8.48711e-07,0.00104314,0.00248679,0.00145004,0.00145243,0.00145263,0.00145571,627.607,0.0003,running,slow2
20.09,6727960.0,4314960.0,4112490.0,1277960.0,8.48711e-07,0.00104314,0.00248679,0.00145003,0.00145243,0.00145263,0.00145571,624.838,0.0003,running,slow2
20.095,6727500.0,4314700.0,4112240.0,1277960.0,8.48682e-07,0.00102531,0.00246902,0.00144997,0.00145237,0.00145257,0.00145565,624.838,0.0003,running,slow2
20.1,6727350.0,4314620.0,4112160.0,1277960.0,8.48673e-07,0.00101946,0.00246319,0.00144995,0.00145235,0.00145255,0.00145563,625.902,0.0003,running,slow2
20.105,6727530.0,4314720.0,4112260.0,1277960.0,8.48684e-07,0.00102631,0.00247002,0.00144998,0.00145237,0.00145257,0.00145565,626.922,0.0003,running,slow2
20.11,6727530.0,4314720.0,4112260.0,1277960.0,8.48684e-07,0.00102631,0.00247002,0.00144998,0.00145237,0.00145257,0.00145565,630.03,0.0003,running,slow2
20.115,6728050.0,4315010.0,4112530.0,1277960.0,8.48716e-07,0.00104633,0.00248996,0.00145005,0.00145244,0.00145264,0.00145572,630.03,0.0003,running,slow2
20.12,6728220.0,4315110.0,4112620.0,1277970.0,8.48727e-07,0.00105289,0.00249651,0.00145007,0.00145246,0.00145266,0.00145574,628.79,0.0003,running,slow2
20.125,6728010.0,4314990.0,4112510.0,1277960.0,8.48714e-07,0.00104491,0.00248855,0.00145004,0.00145243,0.00145264,0.00145571,629.228,0.0003,running,slow2
20.13,6728010.0,4314990.0,4112510.0,1277960.0,8.48714e-07,0.00104491,0.00248855,0.00145004,0.00145243,0.00145264,0.00145571,630.565,0.0003,running,slow2
20.135,6728230.0,4315120.0,4112630.0,1277970.0,8.48728e-07,0.00105351,0.00249712,0.00145007,0.00145246,0.00145267,0.00145574,630.565,0.0003,running,slow2
20.14,6728310.0,4315160.0,4112670.0,1277970.0,8.48733e-07,0.00105634,0.00249994,0.00145008,0.00145247,0.00145268,0.00145575,627.875,0.0003,running,slow2
20.145,6727860.0,4314900.0,4112430.0,1277960.0,8.48705e-07,0.00103902,0.00248268,0.00145002,0.00145241,0.00145262,0.00145569,627.997,0.0003,running,slow2
20.15,6727860.0,4314900.0,4112430.0,1277960.0,8.48705e-07,0.00103902,0.00248268,0.00145002,0.00145241,0.00145262,0.00145569,628.367,0.0003,running,slow2
20.155,6727920.0,4314940.0,4112460.0,1277960.0,8.48708e-07,0.0010414,0.00248506,0.00145003,0.00145242,0.00145262,0.0014557,628.367,0.0003,running,slow2
20.16,6727940.0,4314950.0,4112470.0,1277960.0,8.4871e-07,0.00104219,0.00248584,0.00145003,0.00145242,0.00145263,0.0014557,626.247,0.0003,running,slow2
20.165,6727580.0,4314750.0,4112290.0,1277960.0,8.48688e-07,0.00102854,0.00247223,0.00144999,0.00145238,0.00145258,0.00145566,626.419,0.0003,running,slow2
20.17,6727580.0,4314750.0,4112290.0,1277960.0,8.48688e-07,0.00102854,0.00247223,0.00144999,0.00145238,0.00145258,0.00145566,626.944,0.0003,running,slow2
20.175,6727670.0,4314800.0,4112330.0,1277960.0,8.48693e-07,0.00103192,0.0024756,0.00145,0.00145239,0.00145259,0.00145567,626.944,0.0003,running,slow2
20.18,6727700.0,4314820.0,4112350.0,1277960.0,8.48695e-07,0.00103302,0.00247671,0.00145,0.00145239,0.0014526,0.00145567,628.773,0.0003,running,slow2
20.185,6728010.0,4314990.0,4112510.0,1277960.0,8.48714e-07,0.0010448,0.00248844,0.00145004,0.00145243,0.00145264,0.00145571,628.426,0.0003,running,slow2
20.19,6728010.0,4314990.0,4112510.0,1277960.0,8.48714e-07,0.0010448,0.00248844,0.00145004,0.00145243,0.00145264,0.00145571,627.371,0.0003,running,slow2
20.195,6727830.0,4314890.0,4112420.0,1277960.0,8.48703e-07,0.001038,0.00248167,0.00145002,0.00145241,0.00145261,0.00145569,627.371,0.0003,running,slow2
20.2,6727770.0,4314860.0,4112390.0,1277960.0,8.48699e-07,0.00103577,0.00247945,0.00145001,0.0014524,0.00145261,0.00145568,632.786,0.0003,running,slow2
20.205,6728680.0,4315370.0,4112860.0,1277970.0,8.48756e-07,0.00107064,0.00251419,0.00145013,0.00145252,0.00145272,0.0014558,631.061,0.0003,running,slow2
20.21,6728680.0,4315370.0,4112860.0,1277970.0,8.48756e-07,0.00107064,0.00251419,0.00145013,0.00145252,0.00145272,0.0014558,625.802,0.0003,running,slow2
20.215,6727800.0,4314870.0,4112400.0,1277960.0,8.48701e-07,0.00103678,0.00248045,0.00145001,0.0014524,0.00145261,0.00145569,625.802,0.0003,running,slow2
20.22,6727510.0,4314710.0,4112250.0,1277960.0,8.48683e-07,0.00102567,0.00246938,0.00144998,0.00145237,0.00145257,0.00145565,630.931,0.0003,running,slow2
20.225,6728370.0,4315190.0,4112700.0,1277970.0,8.48736e-07,0.0010587,0.00250229,0.00145009,0.00145248,0.00145268,0.00145576,629.515,0.0003,running,slow2
20.23,6728370.0,4315190.0,4112700.0,1277970.0,8.48736e-07,0.0010587,0.00250229,0.00145009,0.00145248,0.00145268,0.00145576,625.196,0.0003,running,slow2
20.235,6727650.0,4314790.0,4112320.0,1277960.0,8.48691e-07,0.00103089,0.00247458,0.00144999,0.00145238,0.00145259,0.00145567,625.196,0.0003,running,slow2
20.24,6727410.0,4314650.0,4112200.0,1277960.0,8.48677e-07,0.00102177,0.00246549,0.00144996,0.00145235,0.00145256,0.00145563,629.316,0.0003,running,slow2
20.245,6728100.0,4315040.0,4112560.0,1277970.0,8.4872e-07,0.0010483,0.00249193,0.00145005,0.00145244,0.00145265,0.00145572,629.869,0.0003,running,slow2
20.25,6728100.0,4315040.0,4112560.0,1277970.0,8.4872e-07,0.0010483,0.00249193,0.00145005,0.00145244,0.00145265,0.00145572,631.553,0.0003,running,slow2
20.255,6728380.0,4315200.0,4112710.0,1277970.0,8.48737e-07,0.00105914,0.00250273,0.00145009,0.00145248,0.00145268,0.00145576,631.553,0.0003,running,slow2
20.26,6728470.0,4315250.0,4112750.0,1277970.0,8.48743e-07,0.0010627,0.00250628,0.0014501,0.00145249,0.0014527,0.00145577,632.255,0.0003,running,slow2
20.265,6728590.0,4315320.0,4112820.0,1277970.0,8.4875e-07,0.00106722,0.00251078,0.00145012,0.00145251,0.00145271,0.00145579,630.657,0.0003,running,slow2
20.27,6728590.0,4315320.0,4112820.0,1277970.0,8.4875e-07,0.00106722,0.00251078,0.00145012,0.00145251,0.00145271,0.00145579,625.787,0.0003,running,slow2
20.275,6727770.0,4314860.0,4112390.0,1277960.0,8.48699e-07,0.00103586,0.00247953,0.00145001,0.0014524,0.00145261,0.00145568,625.787,0.0003,running,slow2
20.28,6727510.0,4314710.0,4112250.0,1277960.0,8.48683e-07,0.00102557,0.00246928,0.00144998,0.00145237,0.00145257,0.00145565,628.973,0.0003,running,slow2
20.285,6728040.0,4315010.0,4112530.0,1277970.0,8.48716e-07,0.00104609,0.00248972,0.00145004,0.00145244,0.00145264,0.00145572,629.081,0.0003,running,slow2
20.29,6728040.0,4315010.0,4112530.0,1277970.0,8.48716e-07,0.00104609,0.00248972,0.00145004,0.00145244,0.00145264,0.00145572,629.411,0.0003,running,slow2
20.295,6728100.0,4315040.0,4112560.0,1277970.0,8.48719e-07,0.00104821,0.00249184,0.00145005,0.00145244,0.00145265,0.00145572,629.411,0.0003,running,slow2
20.3,6728110.0,4315050.0,4112570.0,1277970.0,8.48721e-07,0.00104891,0.00249253,0.00145005,0.00145245,0.00145265,0.00145573,630.663,0.0003,running,slow2
20.305,6728320.0,4315170.0,4112680.0,1277970.0,8.48734e-07,0.00105697,0.00250057,0.00145008,0.00145247,0.00145268,0.00145575,630.395,0.0003,running,slow2
20.31,6728320.0,4315170.0,4112680.0,1277970.0,8.48734e-07,0.00105697,0.00250057,0.00145008,0.00145247,0.00145268,0.00145575,629.58,0.0003,running,slow2
20.315,6728190.0,4315090.0,4112600.0,1277970.0,8.48725e-07,0.00105172,0.00249533,0.00145006,0.00145246,0.00145266,0.00145574,629.58,0.0003,running,slow2
20.32,6728140.0,4315070.0,4112580.0,1277970.0,8.48722e-07,0.00104999,0.00249362,0.00145006,0.00145245,0.00145265,0.00145573,629.079,0.0003,running,slow2
20.325,6728060.0,4315020.0,4112540.0,1277970.0,8.48717e-07,0.00104677,0.00249041,0.00145005,0.00145244,0.00145264,0.00145572,628.947,0.0003,running,slow2
20.33,6728060.0,4315020.0,4112540.0,1277970.0,8.48717e-07,0.00104677,0.00249041,0.00145005,0.00145244,0.00145264,0.00145572,628.542,0.0003,running,slow2
20.335,6727990.0,4314980.0,4112500.0,1277970.0,8.48713e-07,0.00104417,0.00248781,0.00145004,0.00145243,0.00145263,0.00145571,628.542,0.0003,running,slow2
20.34,6727970.0,4314970.0,4112490.0,1277970.0,8.48711e-07,0.00104331,0.00248696,0.00145004,0.00145243,0.00145263,0.00145571,626.619,0.0003,running,slow2
20.345,6727650.0,4314790.0,4112320.0,1277960.0,8.48691e-07,0.00103093,0.00247462,0.00144999,0.00145238,0.00145259,0.00145567,627.339,0.0003,running,slow2
20.35,6727650.0,4314790.0,4112320.0,1277960.0,8.48691e-07,0.00103093,0.00247462,0.00144999,0.00145238,0.00145259,0.00145567,629.533,0.0003,running,slow2
20.355,6728010.0,4314990.0,4112510.0,1277970.0,8.48714e-07,0.00104506,0.0024887,0.00145004,0.00145243,0.00145264,0.00145571,629.533,0.0003,running,slow2
20.36,6728130.0,4315060.0,4112580.0,1277970.0,8.48722e-07,0.00104969,0.00249332,0.00145006,0.00145245,0.00145265,0.00145573,630.06,0.0003,running,slow2
20.365,6728220.0,4315110.0,4112620.0,1277970.0,8.48727e-07,0.00105309,0.0024967,0.00145007,0.00145246,0.00145266,0.00145574,630.149,0.0003,running,slow2
20.37,6728220.0,4315110.0,4112620.0,1277970.0,8.48727e-07,0.00105309,0.0024967,0.00145007,0.00145246,0.00145266,0.00145574,630.422,0.0003,running,slow2
20.375,6728270.0,4315140.0,4112650.0,1277970.0,8.4873e-07,0.00105484,0.00249845,0.00145007,0.00145247,0.00145267,0.00145575,630.422,0.0003,running,slow2
20.38,6728280.0,4315140.0,4112660.0,1277970.0,8.48731e-07,0.00105542,0.00249902,0.00145008,0.00145247,0.00145267,0.00145575,628.481,0.0003,running,slow2
20.385,6727960.0,4314960.0,4112480.0,1277970.0,8.48711e-07,0.00104292,0.00248657,0.00145003,0.00145243,0.00145263,0.00145571,629.691,0.0003,running,slow2
20.39,6727960.0,4314960.0,4112480.0,1277970.0,8.48711e-07,0.00104292,0.00248657,0.00145003,0.00145243,0.00145263,0.00145571,633.381,0.0003,running,slow2
20.395,6728570.0,4315310.0,4112810.0,1277970.0,8.48749e-07,0.00106668,0.00251024,0.00145011,0.00145251,0.00145271,0.00145579,633.381,0.0003,running,slow2
20.4,6728780.0,4315420.0,4112920.0,1277980.0,8.48762e-07,0.00107447,0.00251801,0.00145014,0.00145253,0.00145274,0.00145581,628.465,0.0003,running,slow2
20.405,6727960.0,4314960.0,4112480.0,1277970.0,8.48711e-07,0.00104282,0.00248647,0.00145003,0.00145242,0.00145263,0.00145571,628.409,0.0003,running,slow2
20.41,6727960.0,4314960.0,4112480.0,1277970.0,8.48711e-07,0.00104282,0.00248647,0.00145003,0.00145242,0.00145263,0.00145571,628.237,0.0003,running,slow2
20.415,6727930.0,4314940.0,4112470.0,1277970.0,8.48709e-07,0.00104171,0.00248536,0.00145003,0.00145242,0.00145262,0.0014557,628.237,0.0003,running,slow2
20.42,6727920.0,4314940.0,4112460.0,1277970.0,8.48708e-07,0.00104135,0.002485,0.00145003,0.00145242,0.00145262,0.0014557,625.946,0.0003,running,slow2
20.425,6727530.0,4314720.0,4112260.0,1277960.0,8.48684e-07,0.0010266,0.0024703,0.00144998,0.00145237,0.00145257,0.00145565,625.868,0.0003,running,slow2
20.43,6727530.0,4314720.0,4112260.0,1277960.0,8.48684e-07,0.0010266,0.0024703,0.00144998,0.00145237,0.00145257,0.00145565,625.631,0.0003,running,slow2
20.435,6727490.0,4314700.0,4112240.0,1277960.0,8.48682e-07,0.00102507,0.00246878,0.00144997,0.00145236,0.00145257,0.00145564,625.631,0.0003,running,slow2
20.44,6727480.0,4314690.0,4112230.0,1277960.0,8.48681e-07,0.00102457,0.00246828,0.00144997,0.00145236,0.00145257,0.00145564,633.365,0.0003,running,slow2
20.445,6728770.0,4315420.0,4112910.0,1277980.0,8.48762e-07,0.00107437,0.0025179,0.00145014,0.00145253,0.00145274,0.00145581,632.005,0.0003,running,slow2
20.45,6728770.0,4315420.0,4112910.0,1277980.0,8.48762e-07,0.00107437,0.0025179,0.00145014,0.00145253,0.00145274,0.00145581,627.86,0.0003,running,slow2
20.455,6728080.0,4315030.0,4112550.0,1277970.0,8.48719e-07,0.00104767,0.0024913,0.00145005,0.00145244,0.00145265,0.00145572,627.86,0.0003,running,slow2
20.46,6727850.0,4314900.0,4112430.0,1277970.0,8.48704e-07,0.00103892,0.00248258,0.00145002,0.00145241,0.00145262,0.00145569,624.527,0.0003,running,slow2
20.465,6727300.0,4314590.0,4112140.0,1277960.0,8.4867e-07,0.00101746,0.0024612,0.00144995,0.00145234,0.00145254,0.00145562,626.051,0.0003,running,slow2
20.47,6727300.0,4314590.0,4112140.0,1277960.0,8.4867e-07,0.00101746,0.0024612,0.00144995,0.00145234,0.00145254,0.00145562,630.695,0.0003,running,slow2
20.475,6728070.0,4315030.0,4112550.0,1277970.0,8.48718e-07,0.00104737,0.002491,0.00145005,0.00145244,0.00145264,0.00145572,630.695,0.0003,running,slow2
20.48,6728330.0,4315170.0,4112680.0,1277970.0,8.48734e-07,0.00105718,0.00250077,0.00145008,0.00145247,0.00145268,0.00145575,632.764,0.0003,running,slow2
20.485,6728670.0,4315370.0,4112860.0,1277980.0,8.48755e-07,0.0010705,0.00251405,0.00145013,0.00145252,0.00145272,0.0014558,632.074,0.0003,running,slow2
20.49,6728670.0,4315370.0,4112860.0,1277980.0,8.48755e-07,0.0010705,0.00251405,0.00145013,0.00145252,0.00145272,0.0014558,629.969,0.0003,running,slow2
20.495,6728320.0,4315170.0,4112680.0,1277970.0,8.48734e-07,0.00105695,0.00250054,0.00145008,0.00145247,0.00145268,0.00145575,629.969,0.0003,running,slow2
20.5,6728210.0,4315100.0,4112620.0,1277970.0,8.48726e-07,0.0010525,0.00249612,0.00145007,0.00145246,0.00145266,0.00145574,630.569,0.0003,running,slow2
20.505,6728310.0,4315160.0,4112670.0,1277970.0,8.48733e-07,0.00105637,0.00249997,0.00145008,0.00145247,0.00145267,0.00145575,629.914,0.0003,running,slow2
20.51,6728310.0,4315160.0,4112670.0,1277970.0,8.48733e-07,0.00105637,0.00249997,0.00145008,0.00145247,0.00145267,0.00145575,627.918,0.0003,running,slow2
20.515,6727970.0,4314970.0,4112490.0,1277970.0,8.48712e-07,0.00104351,0.00248716,0.00145004,0.00145243,0.00145263,0.00145571,627.918,0.0003,running,slow2
20.52,6727860.0,4314910.0,4112440.0,1277970.0,8.48705e-07,0.0010393,0.00248296,0.00145002,0.00145241,0.00145262,0.00145569,624.699,0.0003,running,slow2
20.525,6727330.0,4314610.0,4112150.0,1277960.0,8.48671e-07,0.00101857,0.0024623,0.00144995,0.00145234,0.00145255,0.00145562,625.808,0.0003,running,slow2
20.53,6727330.0,4314610.0,4112150.0,1277960.0,8.48671e-07,0.00101857,0.0024623,0.00144995,0.00145234,0.00145255,0.00145562,629.189,0.0003,running,slow2
20.535,6727890.0,4314930.0,4112450.0,1277970.0,8.48707e-07,0.00104034,0.00248399,0.00145002,0.00145242,0.00145262,0.0014557,629.189,0.0003,running,slow2
20.54,6728080.0,4315030.0,4112550.0,1277970.0,8.48718e-07,0.00104748,0.00249111,0.00145005,0.00145244,0.00145264,0.00145572,623.919,0.0003,running,slow2
20.545,6727200.0,4314530.0,4112080.0,1277960.0,8.48663e-07,0.00101355,0.0024573,0.00144993,0.00145232,0.00145253,0.00145561,625.677,0.0003,running,slow2
20.55,6727200.0,4314530.0,4112080.0,1277960.0,8.48663e-07,0.00101355,0.0024573,0.00144993,0.00145232,0.00145253,0.00145561,631.036,0.0003,running,slow2
20.555,6728090.0,4315040.0,4112560.0,1277970.0,8.48719e-07,0.00104806,0.00249168,0.00145005,0.00145244,0.00145265,0.00145572,631.036,0.0003,running,slow2
20.56,6728390.0,4315200.0,4112710.0,1277970.0,8.48737e-07,0.00105937,0.00250296,0.00145009,0.00145248,0.00145268,0.00145576,627.126,0.0003,running,slow2
20.565,6727730.0,4314840.0,4112370.0,1277970.0,8.48697e-07,0.00103419,0.00247787,0.00145,0.0014524,0.0014526,0.00145568,626.717,0.0003,running,slow2
20.57,6727730.0,4314840.0,4112370.0,1277970.0,8.48697e-07,0.00103419,0.00247787,0.00145,0.0014524,0.0014526,0.00145568,625.472,0.0003,running,slow2
20.575,6727520.0,4314720.0,4112260.0,1277960.0,8.48684e-07,0.00102618,0.00246988,0.00144998,0.00145237,0.00145257,0.00145565,625.472,0.0003,running,slow2
20.58,6727460.0,4314680.0,4112220.0,1277960.0,8.4868e-07,0.00102355,0.00246726,0.00144997,0.00145236,0.00145256,0.00145564,627.487,0.0003,running,slow2
20.585,6727790.0,4314870.0,4112400.0,1277970.0,8.48701e-07,0.00103652,0.00248019,0.00145001,0.0014524,0.00145261,0.00145568,626.68,0.0003,running,slow2
20.59,6727790.0,4314870.0,4112400.0,1277970.0,8.48701e-07,0.00103652,0.00248019,0.00145001,0.0014524,0.00145261,0.00145568,624.219,0.0003,running,slow2
20.595,6727380.0,4314640.0,4112180.0,1277960.0,8.48675e-07,0.00102067,0.0024644,0.00144996,0.00145235,0.00145255,0.00145563,624.219,0.0003,running,slow2
20.6,6727250.0,4314560.0,4112110.0,1277960.0,8.48666e-07,0.00101548,0.00245922,0.00144994,0.00145233,0.00145254,0.00145561,626.82,0.0003,running,slow2
20.605,6727680.0,4314810.0,4112340.0,1277970.0,8.48694e-07,0.00103223,0.00247591,0.00145,0.00145239,0.00145259,0.00145567,626.852,0.0003,running,slow2
20.61,6727680.0,4314810.0,4112340.0,1277970.0,8.48694e-07,0.00103223,0.00247591,0.00145,0.00145239,0.00145259,0.00145567,626.947,0.0003,running,slow2
20.615,6727700.0,4314820.0,4112350.0,1277970.0,8.48695e-07,0.00103284,0.00247652,0.00145,0.00145239,0.00145259,0.00145567,626.947,0.0003,running,slow2
20.62,6727700.0,4314820.0,4112350.0,1277970.0,8.48695e-07,0.00103304,0.00247672,0.00145,0.00145239,0.0014526,0.00145567,629.142,0.0003,running,slow2
20.625,6728070.0,4315030.0,4112540.0,1277970.0,8.48718e-07,0.00104717,0.00249081,0.00145005,0.00145244,0.00145264,0.00145572,629.935,0.0003,running,slow2
20.63,6728070.0,4315030.0,4112540.0,1277970.0,8.48718e-07,0.00104717,0.00249081,0.00145005,0.00145244,0.00145264,0.00145572,632.355,0.0003,running,slow2
20.635,6728470.0,4315250.0,4112760.0,1277970.0,8.48743e-07,0.00106276,0.00250633,0.0014501,0.00145249,0.0014527,0.00145577,632.355,0.0003,running,slow2
20.64,6728610.0,4315330.0,4112830.0,1277980.0,8.48751e-07,0.00106787,0.00251142,0.00145012,0.00145251,0.00145271,0.00145579,625.916,0.0003,running,slow2
20.645,6727530.0,4314720.0,4112260.0,1277960.0,8.48684e-07,0.0010264,0.00247011,0.00144998,0.00145237,0.00145257,0.00145565,626.931,0.0003,running,slow2
20.65,6727530.0,4314720.0,4112260.0,1277960.0,8.48684e-07,0.0010264,0.00247011,0.00144998,0.00145237,0.00145257,0.00145565,630.025,0.0003,running,slow2
20.655,6728050.0,4315010.0,4112530.0,1277970.0,8.48716e-07,0.00104633,0.00248996,0.00145004,0.00145244,0.00145264,0.00145572,630.025,0.0003,running,slow2
20.66,6728220.0,4315110.0,4112620.0,1277970.0,8.48727e-07,0.00105286,0.00249647,0.00145007,0.00145246,0.00145266,0.00145574,628.211,0.0003,running,slow2
20.665,6727910.0,4314940.0,4112460.0,1277970.0,8.48708e-07,0.00104118,0.00248483,0.00145003,0.00145242,0.00145262,0.0014557,627.826,0.0003,running,slow2
20.67,6727910.0,4314940.0,4112460.0,1277970.0,8.48708e-07,0.00104118,0.00248483,0.00145003,0.00145242,0.00145262,0.0014557,626.651,0.0003,running,slow2
20.675,6727720.0,4314830.0,4112360.0,1277970.0,8.48696e-07,0.00103362,0.0024773,0.00145,0.00145239,0.0014526,0.00145567,626.651,0.0003,running,slow2
20.68,6727650.0,4314790.0,4112330.0,1277970.0,8.48692e-07,0.00103114,0.00247482,0.00144999,0.00145238,0.00145259,0.00145567,626.631,0.0003,running,slow2
20.685,6727650.0,4314790.0,4112320.0,1277970.0,8.48692e-07,0.00103101,0.0024747,0.00144999,0.00145238,0.00145259,0.00145566,626.88,0.0003,running,slow2
20.69,6727650.0,4314790.0,4112320.0,1277970.0,8.48692e-07,0.00103101,0.0024747,0.00144999,0.00145238,0.00145259,0.00145566,627.64,0.0003,running,slow2
20.695,6727780.0,4314860.0,4112390.0,1277970.0,8.487e-07,0.0010359,0.00247957,0.00145001,0.0014524,0.0014526,0.00145568,627.64,0.0003,running,slow2
20.7,6727820.0,4314880.0,4112410.0,1277970.0,8.48702e-07,0.0010375,0.00248117,0.00145001,0.00145241,0.00145261,0.00145569,628.353,0.0003,running,slow2
20.705,6727940.0,4314950.0,4112480.0,1277970.0,8.4871e-07,0.0010421,0.00248574,0.00145003,0.00145242,0.00145263,0.0014557,628.881,0.0003,running,slow2
20.71,6727940.0,4314950.0,4112480.0,1277970.0,8.4871e-07,0.0010421,0.00248574,0.00145003,0.00145242,0.00145263,0.0014557,630.49,0.0003,running,slow2
20.715,6728210.0,4315100.0,4112620.0,1277970.0,8.48726e-07,0.00105246,0.00249607,0.00145007,0.00145246,0.00145266,0.00145574,630.49,0.0003,running,slow2
20.72,6728290.0,4315150.0,4112660.0,1277970.0,8.48732e-07,0.00105586,0.00249946,0.00145008,0.00145247,0.00145267,0.00145575,630.349,0.0003,running,slow2
20.725,6728270.0,4315140.0,4112650.0,1277970.0,8.4873e-07,0.00105495,0.00249855,0.00145007,0.00145247,0.00145267,0.00145575,630.833,0.0003,running,slow2
20.73,6728270.0,4315140.0,4112650.0,1277970.0,8.4873e-07,0.00105495,0.00249855,0.00145007,0.00145247,0.00145267,0.00145575,632.311,0.0003,running,slow2
20.735,6728520.0,4315280.0,4112780.0,1277980.0,8.48746e-07,0.00106446,0.00250803,0.00145011,0.0014525,0.0014527,0.00145578,632.311,0.0003,running,slow2
20.74,6728600.0,4315320.0,4112820.0,1277980.0,8.48751e-07,0.00106758,0.00251114,0.00145012,0.00145251,0.00145271,0.00145579,630.014,0.0003,running,slow2
20.745,6728210.0,4315110.0,4112620.0,1277970.0,8.48727e-07,0.00105279,0.0024964,0.00145007,0.00145246,0.00145266,0.00145574,630.672,0.0003,running,slow2
20.75,6728210.0,4315110.0,4112620.0,1277970.0,8.48727e-07,0.00105279,0.0024964,0.00145007,0.00145246,0.00145266,0.00145574,632.678,0.0003,running,slow2
20.755,6728550.0,4315300.0,4112800.0,1277980.0,8.48748e-07,0.00106571,0.00250927,0.00145011,0.0014525,0.00145271,0.00145578,632.678,0.0003,running,slow2
20.76,6728660.0,4315360.0,4112860.0,1277980.0,8.48755e-07,0.00106995,0.0025135,0.00145012,0.00145252,0.00145272,0.0014558,629.17,0.0003,running,slow2
20.765,6728070.0,4315030.0,4112550.0,1277970.0,8.48718e-07,0.00104736,0.00249099,0.00145005,0.00145244,0.00145264,0.00145572,629.5,0.0003,running,slow2
20.77,6728070.0,4315030.0,4112550.0,1277970.0,8.48718e-07,0.00104736,0.00249099,0.00145005,0.00145244,0.00145264,0.00145572,630.506,0.0003,running,slow2
20.775,6728240.0,4315120.0,4112640.0,1277970.0,8.48729e-07,0.00105384,0.00249744,0.00145007,0.00145246,0.00145267,0.00145574,630.506,0.0003,running,slow2
20.78,6728300.0,4315150.0,4112670.0,1277970.0,8.48732e-07,0.00105596,0.00249956,0.00145008,0.00145247,0.00145267,0.00145575,627.654,0.0003,running,slow2
20.785,6727820.0,4314890.0,4112410.0,1277970.0,8.48702e-07,0.0010376,0.00248126,0.00145002,0.00145241,0.00145261,0.00145569,628.948,0.0003,running,slow2
20.79,6727820.0,4314890.0,4112410.0,1277970.0,8.48702e-07,0.0010376,0.00248126,0.00145002,0.00145241,0.00145261,0.00145569,632.895,0.0003,running,slow2
20.795,6728480.0,4315260.0,4112760.0,1277980.0,8.48743e-07,0.00106301,0.00250658,0.0014501,0.00145249,0.0014527,0.00145577,632.895,0.0003,running,slow2
20.8,6728700.0,4315380.0,4112880.0,1277980.0,8.48757e-07,0.00107134,0.00251489,0.00145013,0.00145252,0.00145273,0.0014558,626.035,0.0003,running,slow2
20.805,6727550.0,4314730.0,4112270.0,1277970.0,8.48685e-07,0.00102717,0.00247087,0.00144998,0.00145237,0.00145257,0.00145565,626.563,0.0003,running,slow2
20.81,6727550.0,4314730.0,4112270.0,1277970.0,8.48685e-07,0.00102717,0.00247087,0.00144998,0.00145237,0.00145257,0.00145565,628.172,0.0003,running,slow2
20.815,6727820.0,4314890.0,4112410.0,1277970.0,8.48702e-07,0.00103753,0.0024812,0.00145001,0.00145241,0.00145261,0.00145569,628.172,0.0003,running,slow2
20.82,6727910.0,4314940.0,4112460.0,1277970.0,8.48708e-07,0.00104093,0.00248459,0.00145003,0.00145242,0.00145262,0.0014557,628.962,0.0003,running,slow2
20.825,6728040.0,4315010.0,4112530.0,1277970.0,8.48716e-07,0.00104602,0.00248966,0.00145004,0.00145244,0.00145264,0.00145572,628.461,0.0003,running,slow2
20.83,6728040.0,4315010.0,4112530.0,1277970.0,8.48716e-07,0.00104602,0.00248966,0.00145004,0.00145244,0.00145264,0.00145572,626.934,0.0003,running,slow2
20.835,6727780.0,4314870.0,4112400.0,1277970.0,8.487e-07,0.00103619,0.00247986,0.00145001,0.0014524,0.00145261,0.00145568,626.934,0.0003,running,slow2
20.84,6727700.0,4314820.0,4112350.0,1277970.0,8.48695e-07,0.00103296,0.00247664,0.00145,0.00145239,0.00145259,0.00145567,629.269,0.0003,running,slow2
20.845,6728090.0,4315040.0,4112560.0,1277970.0,8.48719e-07,0.00104799,0.00249162,0.00145005,0.00145244,0.00145265,0.00145572,628.559,0.0003,running,slow2
20.85,6728090.0,4315040.0,4112560.0,1277970.0,8.48719e-07,0.00104799,0.00249162,0.00145005,0.00145244,0.00145265,0.00145572,626.395,0.0003,running,slow2
20.855,6727730.0,4314840.0,4112370.0,1277970.0,8.48697e-07,0.00103406,0.00247774,0.00145,0.00145239,0.0014526,0.00145568,626.395,0.0003,running,slow2
20.86,6727610.0,4314770.0,4112300.0,1277970.0,8.48689e-07,0.00102949,0.00247319,0.00144999,0.00145238,0.00145258,0.00145566,629.508,0.0003,running,slow2
20.865,6728130.0,4315060.0,4112580.0,1277970.0,8.48722e-07,0.00104953,0.00249316,0.00145006,0.00145245,0.00145265,0.00145573,630.041,0.0003,running,slow2
20.87,6728130.0,4315060.0,4112580.0,1277970.0,8.48722e-07,0.00104953,0.00249316,0.00145006,0.00145245,0.00145265,0.00145573,631.668,0.0003,running,slow2
20.875,6728400.0,4315210.0,4112720.0,1277980.0,8.48738e-07,0.00106001,0.00250359,0.00145009,0.00145248,0.00145269,0.00145576,631.668,0.0003,running,slow2
20.88,6728490.0,4315260.0,4112770.0,1277980.0,8.48744e-07,0.00106344,0.00250702,0.0014501,0.00145249,0.0014527,0.00145578,625.208,0.0003,running,slow2
20.885,6727410.0,4314660.0,4112200.0,1277970.0,8.48677e-07,0.00102184,0.00246557,0.00144996,0.00145235,0.00145256,0.00145563,626.148,0.0003,running,slow2
20.89,6727410.0,4314660.0,4112200.0,1277970.0,8.48677e-07,0.00102184,0.00246557,0.00144996,0.00145235,0.00145256,0.00145563,629.017,0.0003,running,slow2
20.895,6727890.0,4314930.0,4112450.0,1277970.0,8.48707e-07,0.00104031,0.00248397,0.00145002,0.00145242,0.00145262,0.0014557,629.017,0.0003,running,slow2
20.9,6728050.0,4315020.0,4112530.0,1277970.0,8.48716e-07,0.00104637,0.00249,0.00145004,0.00145244,0.00145264,0.00145572,627.801,0.0003,running,slow2
20.905,6727840.0,4314900.0,4112430.0,1277970.0,8.48704e-07,0.00103854,0.0024822,0.00145002,0.00145241,0.00145261,0.00145569,628.543,0.0003,running,slow2
20.91,6727840.0,4314900.0,4112430.0,1277970.0,8.48704e-07,0.00103854,0.0024822,0.00145002,0.00145241,0.00145261,0.00145569,630.805,0.0003,running,slow2
20.915,6728220.0,4315110.0,4112630.0,1277980.0,8.48727e-07,0.00105311,0.00249672,0.00145007,0.00145246,0.00145266,0.00145574,630.805,0.0003,running,slow2
20.92,6728350.0,4315180.0,4112690.0,1277980.0,8.48735e-07,0.00105789,0.00250148,0.00145008,0.00145248,0.00145268,0.00145576,632.163,0.0003,running,slow2
20.925,6728570.0,4315310.0,4112810.0,1277980.0,8.48749e-07,0.00106663,0.00251019,0.00145011,0.00145251,0.00145271,0.00145579,631.5,0.0003,running,slow2
20.93,6728570.0,4315310.0,4112810.0,1277980.0,8.48749e-07,0.00106663,0.00251019,0.00145011,0.00145251,0.00145271,0.00145579,629.48,0.0003,running,slow2
20.935,6728240.0,4315120.0,4112630.0,1277980.0,8.48728e-07,0.00105362,0.00249723,0.00145007,0.00145246,0.00145266,0.00145574,629.48,0.0003,running,slow2
20.94,6728130.0,4315060.0,4112580.0,1277970.0,8.48721e-07,0.00104935,0.00249298,0.00145005,0.00145245,0.00145265,0.00145573,631.784,0.0003,running,slow2
20.945,6728510.0,4315280.0,4112780.0,1277980.0,8.48745e-07,0.00106419,0.00250776,0.00145011,0.0014525,0.0014527,0.00145578,631.308,0.0003,running,slow2
20.95,6728510.0,4315280.0,4112780.0,1277980.0,8.48745e-07,0.00106419,0.00250776,0.00145011,0.0014525,0.0014527,0.00145578,629.856,0.0003,running,slow2
20.955,6728270.0,4315140.0,4112650.0,1277980.0,8.4873e-07,0.00105484,0.00249844,0.00145007,0.00145247,0.00145267,0.00145575,629.856,0.0003,running,slow2
20.96,6728190.0,4315090.0,4112610.0,1277980.0,8.48725e-07,0.00105177,0.00249539,0.00145006,0.00145245,0.00145266,0.00145574,631.085,0.0003,running,slow2
20.965,6728390.0,4315210.0,4112720.0,1277980.0,8.48738e-07,0.00105969,0.00250328,0.00145009,0.00145248,0.00145269,0.00145576,630.683,0.0003,running,slow2
20.97,6728390.0,4315210.0,4112720.0,1277980.0,8.48738e-07,0.00105969,0.00250328,0.00145009,0.00145248,0.00145269,0.00145576,629.457,0.0003,running,slow2
20.975,6728190.0,4315090.0,4112610.0,1277980.0,8.48725e-07,0.00105179,0.00249541,0.00145006,0.00145245,0.00145266,0.00145574,629.457,0.0003,running,slow2
20.98,6728120.0,4315060.0,4112570.0,1277970.0,8.48721e-07,0.00104921,0.00249283,0.00145005,0.00145245,0.00145265,0.00145573,634.84,0.0003,running,slow2
20.985,6729020.0,4315560.0,4113050.0,1277990.0,8.48777e-07,0.00108386,0.00252736,0.00145017,0.00145256,0.00145277,0.00145585,633.492,0.0003,running,slow2
20.99,6729020.0,4315560.0,4113050.0,1277990.0,8.48777e-07,0.00108386,0.00252736,0.00145017,0.00145256,0.00145277,0.00145585,629.382,0.0003,running,slow2
20.995,6728330.0,4315180.0,4112690.0,1277980.0,8.48734e-07,0.0010574,0.002501,0.00145008,0.00145247,0.00145268,0.00145575,629.382,0.0003,running,slow2
21.0,6728110.0,4315050.0,4112570.0,1277970.0,8.4872e-07,0.00104872,0.00249235,0.00145005,0.00145244,0.00145265,0.00145573,625.082,0.0003,running,slow2
21.005,6727390.0,4314650.0,4112190.0,1277970.0,8.48675e-07,0.00102104,0.00246476,0.00144996,0.00145235,0.00145255,0.00145563,626.523,0.0003,running,slow2
21.01,6727390.0,4314650.0,4112190.0,1277970.0,8.48675e-07,0.00102104,0.00246476,0.00144996,0.00145235,0.00145255,0.00145563,630.917,0.0003,running,slow2
21.015,6728120.0,4315060.0,4112580.0,1277980.0,8.48721e-07,0.00104933,0.00249295,0.00145005,0.00145245,0.00145265,0.00145573,630.917,0.0003,running,slow2
21.02,6728370.0,4315190.0,4112700.0,1277980.0,8.48736e-07,0.00105861,0.0025022,0.00145009,0.00145248,0.00145268,0.00145576,629.998,0.0003,running,slow2
21.025,6728210.0,4315110.0,4112620.0,1277980.0,8.48727e-07,0.00105269,0.0024963,0.00145007,0.00145246,0.00145266,0.00145574,629.828,0.0003,running,slow2
21.03,6728210.0,4315110.0,4112620.0,1277980.0,8.48727e-07,0.00105269,0.0024963,0.00145007,0.00145246,0.00145266,0.00145574,629.308,0.0003,running,slow2
21.035,6728120.0,4315060.0,4112580.0,1277980.0,8.48721e-07,0.00104934,0.00249297,0.00145005,0.00145245,0.00145265,0.00145573,629.308,0.0003,running,slow2
21.04,6728100.0,4315040.0,4112560.0,1277970.0,8.48719e-07,0.00104825,0.00249187,0.00145005,0.00145244,0.00145265,0.00145572,627.598,0.0003,running,slow2
21.045,6727810.0,4314880.0,4112410.0,1277970.0,8.48702e-07,0.00103723,0.0024809,0.00145001,0.0014524,0.00145261,0.00145569,626.667,0.0003,running,slow2
21.05,6727810.0,4314880.0,4112410.0,1277970.0,8.48702e-07,0.00103723,0.0024809,0.00145001,0.0014524,0.00145261,0.00145569,623.83,0.0003,running,slow2
21.055,6727340.0,4314620.0,4112160.0,1277970.0,8.48672e-07,0.00101897,0.0024627,0.00144995,0.00145234,0.00145255,0.00145562,623.83,0.0003,running,slow2
21.06,6727180.0,4314530.0,4112080.0,1277960.0,8.48662e-07,0.00101297,0.00245672,0.00144993,0.00145232,0.00145253,0.0014556,626.99,0.0003,running,slow2
21.065,6727710.0,4314830.0,4112360.0,1277970.0,8.48695e-07,0.00103332,0.002477,0.00145,0.00145239,0.0014526,0.00145567,627.087,0.0003,running,slow2
21.07,6727710.0,4314830.0,4112360.0,1277970.0,8.48695e-07,0.00103332,0.002477,0.00145,0.00145239,0.0014526,0.00145567,627.382,0.0003,running,slow2
21.075,6727760.0,4314850.0,4112380.0,1277970.0,8.48698e-07,0.00103522,0.0024789,0.00145001,0.0014524,0.0014526,0.00145568,627.382,0.0003,running,slow2
21.08,6727770.0,4314860.0,4112390.0,1277970.0,8.48699e-07,0.00103585,0.00247952,0.00145001,0.0014524,0.0014526,0.00145568,627.15,0.0003,running,slow2
21.085,6727740.0,4314840.0,4112370.0,1277970.0,8.48697e-07,0.00103435,0.00247803,0.00145,0.0014524,0.0014526,0.00145568,627.751,0.0003,running,slow2
21.09,6727740.0,4314840.0,4112370.0,1277970.0,8.48697e-07,0.00103435,0.00247803,0.00145,0.0014524,0.0014526,0.00145568,629.582,0.0003,running,slow2
21.095,6728040.0,4315010.0,4112530.0,1277970.0,8.48716e-07,0.00104614,0.00248978,0.00145004,0.00145244,0.00145264,0.00145572,629.582,0.0003,running,slow2
21.1,6728140.0,4315070.0,4112590.0,1277980.0,8.48722e-07,0.00105001,0.00249363,0.00145006,0.00145245,0.00145265,0.00145573,625.952,0.0003,running,slow2
21.105,6727540.0,4314730.0,4112270.0,1277970.0,8.48685e-07,0.00102664,0.00247034,0.00144998,0.00145237,0.00145257,0.00145565,626.408,0.0003,running,slow2
21.11,6727540.0,4314730.0,4112270.0,1277970.0,8.48685e-07,0.00102664,0.00247034,0.00144998,0.00145237,0.00145257,0.00145565,627.801,0.0003,running,slow2
21.115,6727770.0,4314860.0,4112390.0,1277970.0,8.48699e-07,0.0010356,0.00247927,0.00145001,0.0014524,0.0014526,0.00145568,627.801,0.0003,running,slow2
21.12,6727840.0,4314900.0,4112430.0,1277970.0,8.48704e-07,0.00103854,0.00248221,0.00145002,0.00145241,0.00145261,0.00145569,629.363,0.0003,running,slow2
21.125,6728110.0,4315050.0,4112570.0,1277980.0,8.4872e-07,0.0010486,0.00249222,0.00145005,0.00145244,0.00145265,0.00145572,629.967,0.0003,running,slow2
21.13,6728110.0,4315050.0,4112570.0,1277980.0,8.4872e-07,0.0010486,0.00249222,0.00145005,0.00145244,0.00145265,0.00145572,631.808,0.0003,running,slow2
21.135,6728410.0,4315220.0,4112730.0,1277980.0,8.48739e-07,0.00106045,0.00250404,0.00145009,0.00145248,0.00145269,0.00145577,631.808,0.0003,running,slow2
21.14,6728510.0,4315280.0,4112780.0,1277980.0,8.48745e-07,0.00106434,0.00250791,0.00145011,0.0014525,0.0014527,0.00145578,627.036,0.0003,running,slow2
21.145,6727720.0,4314830.0,4112360.0,1277970.0,8.48696e-07,0.00103362,0.0024773,0.00145,0.00145239,0.0014526,0.00145567,628.459,0.0003,running,slow2
21.15,6727720.0,4314830.0,4112360.0,1277970.0,8.48696e-07,0.00103362,0.0024773,0.00145,0.00145239,0.0014526,0.00145567,632.798,0.0003,running,slow2
21.155,6728440.0,4315240.0,4112740.0,1277980.0,8.48741e-07,0.00106155,0.00250513,0.0014501,0.00145249,0.00145269,0.00145577,632.798,0.0003,running,slow2
21.16,6728680.0,4315370.0,4112870.0,1277980.0,8.48756e-07,0.00107072,0.00251427,0.00145013,0.00145252,0.00145272,0.0014558,626.33,0.0003,running,slow2
21.165,6727600.0,4314760.0,4112300.0,1277970.0,8.48688e-07,0.00102907,0.00247277,0.00144999,0.00145238,0.00145258,0.00145566,628.71,0.0003,running,slow2
21.17,6727600.0,4314760.0,4112300.0,1277970.0,8.48688e-07,0.00102907,0.00247277,0.00144999,0.00145238,0.00145258,0.00145566,635.964,0.0003,running,slow2
21.175,6728810.0,4315450.0,4112940.0,1277980.0,8.48764e-07,0.00107578,0.00251931,0.00145014,0.00145254,0.00145274,0.00145582,635.964,0.0003,running,slow2
21.18,6729210.0,4315670.0,4113150.0,1277990.0,8.48789e-07,0.0010911,0.00253458,0.0014502,0.00145259,0.00145279,0.00145587,629.438,0.0003,running,slow2
21.185,6728120.0,4315060.0,4112570.0,1277980.0,8.48721e-07,0.00104908,0.0024927,0.00145005,0.00145245,0.00145265,0.00145573,628.815,0.0003,running,slow2
21.19,6728120.0,4315060.0,4112570.0,1277980.0,8.48721e-07,0.00104908,0.0024927,0.00145005,0.00145245,0.00145265,0.00145573,626.915,0.0003,running,slow2
21.195,6727800.0,4314880.0,4112410.0,1277970.0,8.48701e-07,0.00103685,0.00248052,0.00145001,0.0014524,0.00145261,0.00145568,626.915,0.0003,running,slow2
21.2,6727700.0,4314820.0,4112350.0,1277970.0,8.48695e-07,0.00103284,0.00247652,0.00145,0.00145239,0.00145259,0.00145567,631.321,0.0003,running,slow2
21.205,6728430.0,4315230.0,4112740.0,1277980.0,8.4874e-07,0.00106121,0.00250479,0.00145009,0.00145249,0.00145269,0.00145577,631.235,0.0003,running,slow2
21.21,6728430.0,4315230.0,4112740.0,1277980.0,8.4874e-07,0.00106121,0.00250479,0.00145009,0.00145249,0.00145269,0.00145577,630.97,0.0003,running,slow2
21.215,6728390.0,4315210.0,4112720.0,1277980.0,8.48738e-07,0.00105951,0.00250309,0.00145009,0.00145248,0.00145268,0.00145576,630.97,0.0003,running,slow2
21.22,6728370.0,4315200.0,4112710.0,1277980.0,8.48737e-07,0.00105895,0.00250253,0.00145009,0.00145248,0.00145268,0.00145576,627.334,0.0003,running,slow2
21.225,6727770.0,4314860.0,4112390.0,1277970.0,8.48699e-07,0.00103553,0.00247921,0.00145001,0.0014524,0.0014526,0.00145568,628.057,0.0003,running,slow2
21.23,6727770.0,4314860.0,4112390.0,1277970.0,8.48699e-07,0.00103553,0.00247921,0.00145001,0.0014524,0.0014526,0.00145568,630.263,0.0003,running,slow2
21.235,6728140.0,4315070.0,4112580.0,1277980.0,8.48722e-07,0.00104974,0.00249336,0.00145006,0.00145245,0.00145265,0.00145573,630.263,0.0003,running,slow2
21.24,6728260.0,4315130.0,4112650.0,1277980.0,8.48729e-07,0.0010544,0.002498,0.00145007,0.00145246,0.00145267,0.00145574,625.903,0.0003,running,slow2
21.245,6727530.0,4314720.0,4112260.0,1277970.0,8.48684e-07,0.00102632,0.00247003,0.00144998,0.00145237,0.00145257,0.00145565,627.111,0.0003,running,slow2
21.25,6727530.0,4314720.0,4112260.0,1277970.0,8.48684e-07,0.00102632,0.00247003,0.00144998,0.00145237,0.00145257,0.00145565,630.794,0.0003,running,slow2
21.255,6728140.0,4315070.0,4112590.0,1277980.0,8.48722e-07,0.00105003,0.00249365,0.00145006,0.00145245,0.00145265,0.00145573,630.794,0.0003,running,slow2
21.26,6728340.0,4315180.0,4112690.0,1277980.0,8.48735e-07,0.00105781,0.0025014,0.00145008,0.00145247,0.00145268,0.00145576,628.148,0.0003,running,slow2
21.265,6727900.0,4314940.0,4112460.0,1277980.0,8.48707e-07,0.00104078,0.00248443,0.00145003,0.00145242,0.00145262,0.0014557,629.07,0.0003,running,slow2
21.27,6727900.0,4314940.0,4112460.0,1277980.0,8.48707e-07,0.00104078,0.00248443,0.00145003,0.00145242,0.00145262,0.0014557,631.878,0.0003,running,slow2
21.275,6728370.0,4315200.0,4112710.0,1277980.0,8.48737e-07,0.00105886,0.00250245,0.00145009,0.00145248,0.00145268,0.00145576,631.878,0.0003,running,slow2
21.28,6728530.0,4315290.0,4112790.0,1277980.0,8.48746e-07,0.0010648,0.00250836,0.00145011,0.0014525,0.0014527,0.00145578,628.212,0.0003,running,slow2
21.285,6727910.0,4314940.0,4112470.0,1277980.0,8.48708e-07,0.00104119,0.00248484,0.00145003,0.00145242,0.00145262,0.0014557,628.084,0.0003,running,slow2
21.29,6727910.0,4314940.0,4112470.0,1277980.0,8.48708e-07,0.00104119,0.00248484,0.00145003,0.00145242,0.00145262,0.0014557,627.695,0.0003,running,slow2
21.295,6727850.0,4314900.0,4112430.0,1277970.0,8.48704e-07,0.00103868,0.00248234,0.00145002,0.00145241,0.00145261,0.00145569,627.695,0.0003,running,slow2
21.3,6727830.0,4314890.0,4112420.0,1277970.0,8.48703e-07,0.00103786,0.00248152,0.00145002,0.00145241,0.00145261,0.00145569,631.634,0.0003,running,slow2
21.305,6728490.0,4315260.0,4112770.0,1277980.0,8.48744e-07,0.00106323,0.0025068,0.0014501,0.00145249,0.0014527,0.00145577,631.294,0.0003,running,slow2
21.31,6728490.0,4315260.0,4112770.0,1277980.0,8.48744e-07,0.00106323,0.0025068,0.0014501,0.00145249,0.0014527,0.00145577,630.255,0.0003,running,slow2
21.315,6728310.0,4315170.0,4112680.0,1277980.0,8.48733e-07,0.00105654,0.00250014,0.00145008,0.00145247,0.00145267,0.00145575,630.255,0.0003,running,slow2
21.32,6728250.0,4315130.0,4112650.0,1277980.0,8.48729e-07,0.00105435,0.00249795,0.00145007,0.00145246,0.00145267,0.00145574,629.187,0.0003,running,slow2
21.325,6728080.0,4315030.0,4112550.0,1277980.0,8.48718e-07,0.00104747,0.0024911,0.00145005,0.00145244,0.00145264,0.00145572,629.589,0.0003,running,slow2
21.33,6728080.0,4315030.0,4112550.0,1277980.0,8.48718e-07,0.00104747,0.0024911,0.00145005,0.00145244,0.00145264,0.00145572,630.813,0.0003,running,slow2
21.335,6728280.0,4315150.0,4112660.0,1277980.0,8.48731e-07,0.00105535,0.00249895,0.00145007,0.00145247,0.00145267,0.00145575,630.813,0.0003,running,slow2
21.34,6728350.0,4315190.0,4112700.0,1277980.0,8.48735e-07,0.00105794,0.00250153,0.00145008,0.00145248,0.00145268,0.00145576,628.977,0.0003,running,slow2
21.345,6728040.0,4315010.0,4112530.0,1277980.0,8.48716e-07,0.00104612,0.00248975,0.00145004,0.00145243,0.00145264,0.00145572,628.638,0.0003,running,slow2
21.35,6728040.0,4315010.0,4112530.0,1277980.0,8.48716e-07,0.00104612,0.00248975,0.00145004,0.00145243,0.00145264,0.00145572,627.602,0.0003,running,slow2
21.355,6727870.0,4314920.0,4112440.0,1277980.0,8.48705e-07,0.00103945,0.00248311,0.00145002,0.00145241,0.00145262,0.00145569,627.602,0.0003,running,slow2
21.36,6727810.0,4314880.0,4112410.0,1277980.0,8.48702e-07,0.00103726,0.00248093,0.00145001,0.0014524,0.00145261,0.00145569,628.697,0.0003,running,slow2
21.365,6727990.0,4314990.0,4112510.0,1277980.0,8.48713e-07,0.00104431,0.00248795,0.00145004,0.00145243,0.00145263,0.00145571,629.229,0.0003,running,slow2
21.37,6727990.0,4314990.0,4112510.0,1277980.0,8.48713e-07,0.00104431,0.00248795,0.00145004,0.00145243,0.00145263,0.00145571,630.851,0.0003,running,slow2
21.375,6728270.0,4315140.0,4112650.0,1277980.0,8.4873e-07,0.00105476,0.00249836,0.00145007,0.00145246,0.00145267,0.00145575,630.851,0.0003,running,slow2
21.38,6728350.0,4315190.0,4112700.0,1277980.0,8.48736e-07,0.00105819,0.00250178,0.00145008,0.00145248,0.00145268,0.00145576,632.576,0.0003,running,slow2
21.385,6728640.0,4315350.0,4112850.0,1277990.0,8.48753e-07,0.00106929,0.00251284,0.00145012,0.00145251,0.00145272,0.0014558,631.918,0.0003,running,slow2
21.39,6728640.0,4315350.0,4112850.0,1277990.0,8.48753e-07,0.00106929,0.00251284,0.00145012,0.00145251,0.00145272,0.0014558,629.912,0.0003,running,slow2
21.395,6728310.0,4315160.0,4112670.0,1277980.0,8.48733e-07,0.00105637,0.00249997,0.00145008,0.00145247,0.00145267,0.00145575,629.912,0.0003,running,slow2
21.4,6728200.0,4315100.0,4112620.0,1277980.0,8.48726e-07,0.00105213,0.00249575,0.00145006,0.00145246,0.00145266,0.00145574,626.722,0.0003,running,slow2
21.405,6727660.0,4314800.0,4112340.0,1277970.0,8.48693e-07,0.00103159,0.00247528,0.00144999,0.00145239,0.00145259,0.00145567,627.123,0.0003,running,slow2
21.41,6727660.0,4314800.0,4112340.0,1277970.0,8.48693e-07,0.00103159,0.00247528,0.00144999,0.00145239,0.00145259,0.00145567,628.344,0.0003,running,slow2
21.415,6727870.0,4314920.0,4112440.0,1277980.0,8.48705e-07,0.00103946,0.00248312,0.00145002,0.00145241,0.00145262,0.00145569,628.344,0.0003,running,slow2
21.42,6727940.0,4314950.0,4112480.0,1277980.0,8.48709e-07,0.00104204,0.00248569,0.00145003,0.00145242,0.00145262,0.0014557,628.109,0.0003,running,slow2
21.425,6727900.0,4314930.0,4112460.0,1277980.0,8.48707e-07,0.00104053,0.00248418,0.00145002,0.00145242,0.00145262,0.0014557,628.592,0.0003,running,slow2
21.43,6727900.0,4314930.0,4112460.0,1277980.0,8.48707e-07,0.00104053,0.00248418,0.00145002,0.00145242,0.00145262,0.0014557,630.065,0.0003,running,slow2
21.435,6728140.0,4315070.0,4112590.0,1277980.0,8.48722e-07,0.00105001,0.00249363,0.00145006,0.00145245,0.00145265,0.00145573,630.065,0.0003,running,slow2
21.44,6728220.0,4315120.0,4112630.0,1277980.0,8.48727e-07,0.00105312,0.00249673,0.00145007,0.00145246,0.00145266,0.00145574,632.759,0.0003,running,slow2
21.445,6728670.0,4315370.0,4112870.0,1277990.0,8.48755e-07,0.00107047,0.00251402,0.00145013,0.00145252,0.00145272,0.0014558,632.244,0.0003,running,slow2
21.45,6728670.0,4315370.0,4112870.0,1277990.0,8.48755e-07,0.00107047,0.00251402,0.00145013,0.00145252,0.00145272,0.0014558,630.672,0.0003,running,slow2
21.455,6728410.0,4315220.0,4112730.0,1277980.0,8.48739e-07,0.00106035,0.00250393,0.00145009,0.00145248,0.00145269,0.00145576,630.672,0.0003,running,slow2
21.46,6728320.0,4315170.0,4112680.0,1277980.0,8.48734e-07,0.00105703,0.00250062,0.00145008,0.00145247,0.00145268,0.00145575,625.426,0.0003,running,slow2
21.465,6727450.0,4314680.0,4112220.0,1277970.0,8.48679e-07,0.00102325,0.00246697,0.00144997,0.00145236,0.00145256,0.00145564,625.964,0.0003,running,slow2
21.47,6727450.0,4314680.0,4112220.0,1277970.0,8.48679e-07,0.00102325,0.00246697,0.00144997,0.00145236,0.00145256,0.00145564,627.604,0.0003,running,slow2
21.475,6727720.0,4314830.0,4112370.0,1277980.0,8.48696e-07,0.00103381,0.00247749,0.00145,0.00145239,0.0014526,0.00145567,627.604,0.0003,running,slow2
21.48,6727810.0,4314890.0,4112410.0,1277980.0,8.48702e-07,0.00103728,0.00248094,0.00145001,0.0014524,0.00145261,0.00145569,629.879,0.0003,running,slow2
21.485,6728190.0,4315100.0,4112610.0,1277980.0,8.48725e-07,0.00105192,0.00249554,0.00145006,0.00145245,0.00145266,0.00145574,629.314,0.0003,running,slow2
21.49,6728190.0,4315100.0,4112610.0,1277980.0,8.48725e-07,0.00105192,0.00249554,0.00145006,0.00145245,0.00145266,0.00145574,627.589,0.0003,running,slow2
21.495,6727900.0,4314940.0,4112460.0,1277980.0,8.48707e-07,0.00104082,0.00248448,0.00145003,0.00145242,0.00145262,0.0014557,627.589,0.0003,running,slow2
21.5,6727810.0,4314880.0,4112410.0,1277980.0,8.48702e-07,0.00103718,0.00248085,0.00145001,0.0014524,0.00145261,0.00145568,630.765,0.0003,running,slow2
21.505,6728340.0,4315180.0,4112690.0,1277980.0,8.48735e-07,0.00105763,0.00250122,0.00145008,0.00145247,0.00145268,0.00145575,630.308,0.0003,running,slow2
21.51,6728340.0,4315180.0,4112690.0,1277980.0,8.48735e-07,0.00105763,0.00250122,0.00145008,0.00145247,0.00145268,0.00145575,628.915,0.0003,running,slow2
21.515,6728110.0,4315050.0,4112570.0,1277980.0,8.4872e-07,0.00104866,0.00249228,0.00145005,0.00145244,0.00145265,0.00145572,628.915,0.0003,running,slow2
21.52,6728030.0,4315010.0,4112530.0,1277980.0,8.48715e-07,0.00104572,0.00248935,0.00145004,0.00145243,0.00145264,0.00145571,630.746,0.0003,running,slow2
21.525,6728340.0,4315180.0,4112690.0,1277980.0,8.48734e-07,0.00105751,0.0025011,0.00145008,0.00145247,0.00145268,0.00145575,631.097,0.0003,running,slow2
21.53,6728340.0,4315180.0,4112690.0,1277980.0,8.48734e-07,0.00105751,0.0025011,0.00145008,0.00145247,0.00145268,0.00145575,632.168,0.0003,running,slow2
21.535,6728520.0,4315280.0,4112780.0,1277990.0,8.48746e-07,0.0010644,0.00250797,0.0014501,0.0014525,0.0014527,0.00145578,632.168,0.0003,running,slow2
21.54,6728570.0,4315310.0,4112820.0,1277990.0,8.48749e-07,0.00106666,0.00251022,0.00145011,0.0014525,0.00145271,0.00145579,626.27,0.0003,running,slow2
21.545,6727590.0,4314760.0,4112300.0,1277970.0,8.48688e-07,0.00102869,0.00247238,0.00144998,0.00145238,0.00145258,0.00145566,627.412,0.0003,running,slow2
21.55,6727590.0,4314760.0,4112300.0,1277970.0,8.48688e-07,0.00102869,0.00247238,0.00144998,0.00145238,0.00145258,0.00145566,630.893,0.0003,running,slow2
21.555,6728170.0,4315090.0,4112600.0,1277980.0,8.48724e-07,0.0010511,0.00249472,0.00145006,0.00145245,0.00145266,0.00145573,630.893,0.0003,running,slow2
21.56,6728360.0,4315190.0,4112700.0,1277980.0,8.48736e-07,0.00105845,0.00250204,0.00145008,0.00145248,0.00145268,0.00145576,630.512,0.0003,running,slow2
21.565,6728300.0,4315160.0,4112670.0,1277980.0,8.48732e-07,0.001056,0.0024996,0.00145008,0.00145247,0.00145267,0.00145575,630.228,0.0003,running,slow2
21.57,6728300.0,4315160.0,4112670.0,1277980.0,8.48732e-07,0.001056,0.0024996,0.00145008,0.00145247,0.00145267,0.00145575,629.362,0.0003,running,slow2
21.575,6728150.0,4315080.0,4112590.0,1277980.0,8.48723e-07,0.00105042,0.00249404,0.00145006,0.00145245,0.00145265,0.00145573,629.362,0.0003,running,slow2
21.58,6728110.0,4315050.0,4112570.0,1277980.0,8.4872e-07,0.0010486,0.00249222,0.00145005,0.00145244,0.00145265,0.00145572,630.476,0.0003,running,slow2
21.585,6728290.0,4315160.0,4112670.0,1277980.0,8.48732e-07,0.00105577,0.00249937,0.00145008,0.00145247,0.00145267,0.00145575,629.352,0.0003,running,slow2
21.59,6728290.0,4315160.0,4112670.0,1277980.0,8.48732e-07,0.00105577,0.00249937,0.00145008,0.00145247,0.00145267,0.00145575,625.926,0.0003,running,slow2
21.595,6727720.0,4314830.0,4112370.0,1277980.0,8.48696e-07,0.00103371,0.00247738,0.00145,0.00145239,0.0014526,0.00145567,625.926,0.0003,running,slow2
21.6,6727530.0,4314730.0,4112270.0,1277970.0,8.48684e-07,0.00102647,0.00247017,0.00144998,0.00145237,0.00145257,0.00145565,629.446,0.0003,running,slow2
21.605,6728120.0,4315060.0,4112580.0,1277980.0,8.48721e-07,0.00104914,0.00249276,0.00145005,0.00145244,0.00145265,0.00145573,629.054,0.0003,running,slow2
21.61,6728120.0,4315060.0,4112580.0,1277980.0,8.48721e-07,0.00104914,0.00249276,0.00145005,0.00145244,0.00145265,0.00145573,627.857,0.0003,running,slow2
21.615,6727920.0,4314950.0,4112470.0,1277980.0,8.48708e-07,0.00104143,0.00248508,0.00145003,0.00145242,0.00145262,0.0014557,627.857,0.0003,running,slow2
21.62,6727850.0,4314910.0,4112440.0,1277980.0,8.48704e-07,0.00103891,0.00248256,0.00145002,0.00145241,0.00145261,0.00145569,628.227,0.0003,running,slow2
21.625,6727920.0,4314940.0,4112470.0,1277980.0,8.48708e-07,0.00104129,0.00248494,0.00145003,0.00145242,0.00145262,0.0014557,627.037,0.0003,running,slow2
21.63,6727920.0,4314940.0,4112470.0,1277980.0,8.48708e-07,0.00104129,0.00248494,0.00145003,0.00145242,0.00145262,0.0014557,623.407,0.0003,running,slow2
21.635,6727310.0,4314600.0,4112150.0,1277970.0,8.4867e-07,0.00101792,0.00246165,0.00144995,0.00145234,0.00145254,0.00145562,623.407,0.0003,running,slow2
21.64,6727110.0,4314490.0,4112050.0,1277970.0,8.48658e-07,0.00101025,0.00245401,0.00144992,0.00145231,0.00145252,0.00145559,634.004,0.0003,running,slow2
21.645,6728880.0,4315490.0,4112980.0,1277990.0,8.48768e-07,0.00107848,0.002522,0.00145015,0.00145254,0.00145275,0.00145583,631.902,0.0003,running,slow2
21.65,6728880.0,4315490.0,4112980.0,1277990.0,8.48768e-07,0.00107848,0.002522,0.00145015,0.00145254,0.00145275,0.00145583,625.494,0.0003,running,slow2
21.655,6727810.0,4314890.0,4112410.0,1277980.0,8.48702e-07,0.00103722,0.00248089,0.00145001,0.0014524,0.00145261,0.00145568,625.494,0.0003,running,slow2
21.66,6727460.0,4314690.0,4112230.0,1277970.0,8.4868e-07,0.00102369,0.0024674,0.00144997,0.00145236,0.00145256,0.00145564,626.562,0.0003,running,slow2
21.665,6727640.0,4314790.0,4112320.0,1277980.0,8.48691e-07,0.00103057,0.00247426,0.00144999,0.00145238,0.00145259,0.00145566,626.246,0.0003,running,slow2
21.67,6727640.0,4314790.0,4112320.0,1277980.0,8.48691e-07,0.00103057,0.00247426,0.00144999,0.00145238,0.00145259,0.00145566,625.283,0.0003,running,slow2
21.675,6727480.0,4314700.0,4112240.0,1277970.0,8.48681e-07,0.00102436,0.00246807,0.00144997,0.00145236,0.00145256,0.00145564,625.283,0.0003,running,slow2
21.68,6727420.0,4314670.0,4112210.0,1277970.0,8.48678e-07,0.00102233,0.00246605,0.00144996,0.00145235,0.00145256,0.00145563,630.331,0.0003,running,slow2
21.685,6728270.0,4315140.0,4112650.0,1277980.0,8.4873e-07,0.00105483,0.00249844,0.00145007,0.00145246,0.00145267,0.00145575,630.277,0.0003,running,slow2
21.69,6728270.0,4315140.0,4112650.0,1277980.0,8.4873e-07,0.00105483,0.00249844,0.00145007,0.00145246,0.00145267,0.00145575,630.11,0.0003,running,slow2
21.695,6728240.0,4315130.0,4112640.0,1277980.0,8.48728e-07,0.00105377,0.00249737,0.00145007,0.00145246,0.00145266,0.00145574,630.11,0.0003,running,slow2
21.7,6728230.0,4315120.0,4112640.0,1277980.0,8.48728e-07,0.00105341,0.00249702,0.00145007,0.00145246,0.00145266,0.00145574,630.125,0.0003,running,slow2
21.705,6728230.0,4315120.0,4112640.0,1277980.0,8.48728e-07,0.00105351,0.00249712,0.00145007,0.00145246,0.00145266,0.00145574,629.669,0.0003,running,slow2
21.71,6728230.0,4315120.0,4112640.0,1277980.0,8.48728e-07,0.00105351,0.00249712,0.00145007,0.00145246,0.00145266,0.00145574,628.277,0.0003,running,slow2
21.715,6728000.0,4314990.0,4112510.0,1277980.0,8.48713e-07,0.00104455,0.00248819,0.00145004,0.00145243,0.00145263,0.00145571,628.277,0.0003,running,slow2
21.72,6727920.0,4314950.0,4112470.0,1277980.0,8.48709e-07,0.00104161,0.00248526,0.00145003,0.00145242,0.00145262,0.0014557,630.034,0.0003,running,slow2
21.725,6728220.0,4315110.0,4112630.0,1277980.0,8.48727e-07,0.00105293,0.00249653,0.00145007,0.00145246,0.00145266,0.00145574,630.199,0.0003,running,slow2
21.73,6728220.0,4315110.0,4112630.0,1277980.0,8.48727e-07,0.00105293,0.00249653,0.00145007,0.00145246,0.00145266,0.00145574,630.701,0.0003,running,slow2
21.735,6728300.0,4315160.0,4112670.0,1277990.0,8.48732e-07,0.00105616,0.00249975,0.00145008,0.00145247,0.00145267,0.00145575,630.701,0.0003,running,slow2
21.74,6728330.0,4315180.0,4112690.0,1277990.0,8.48734e-07,0.00105722,0.00250081,0.00145008,0.00145247,0.00145268,0.00145575,627.633,0.0003,running,slow2
21.745,6727820.0,4314890.0,4112420.0,1277980.0,8.48702e-07,0.00103747,0.00248113,0.00145001,0.0014524,0.00145261,0.00145569,628.881,0.0003,running,slow2
21.75,6727820.0,4314890.0,4112420.0,1277980.0,8.48702e-07,0.00103747,0.00248113,0.00145001,0.0014524,0.00145261,0.00145569,632.685,0.0003,running,slow2
21.755,6728450.0,4315250.0,4112750.0,1277990.0,8.48742e-07,0.00106196,0.00250554,0.0014501,0.00145249,0.00145269,0.00145577,632.685,0.0003,running,slow2
21.76,6728660.0,4315360.0,4112860.0,1277990.0,8.48755e-07,0.00106999,0.00251354,0.00145012,0.00145252,0.00145272,0.0014558,629.182,0.0003,running,slow2
21.765,6728080.0,4315030.0,4112550.0,1277980.0,8.48718e-07,0.00104744,0.00249106,0.00145005,0.00145244,0.00145264,0.00145572,628.962,0.0003,running,slow2
21.77,6728080.0,4315030.0,4112550.0,1277980.0,8.48718e-07,0.00104744,0.00249106,0.00145005,0.00145244,0.00145264,0.00145572,628.292,0.0003,running,slow2
21.775,6727960.0,4314970.0,4112500.0,1277980.0,8.48711e-07,0.00104312,0.00248677,0.00145003,0.00145242,0.00145263,0.0014557,628.292,0.0003,running,slow2
21.78,6727930.0,4314950.0,4112480.0,1277980.0,8.48709e-07,0.00104171,0.00248536,0.00145003,0.00145242,0.00145262,0.0014557,625.946,0.0003,running,slow2
21.785,6727530.0,4314730.0,4112270.0,1277980.0,8.48684e-07,0.0010266,0.0024703,0.00144998,0.00145237,0.00145257,0.00145565,626.854,0.0003,running,slow2
21.79,6727530.0,4314730.0,4112270.0,1277980.0,8.48684e-07,0.0010266,0.0024703,0.00144998,0.00145237,0.00145257,0.00145565,629.623,0.0003,running,slow2
21.795,6728000.0,4314990.0,4112510.0,1277980.0,8.48713e-07,0.00104443,0.00248807,0.00145004,0.00145243,0.00145263,0.00145571,629.623,0.0003,running,slow2
21.8,6728150.0,4315080.0,4112590.0,1277980.0,8.48723e-07,0.00105028,0.0024939,0.00145006,0.00145245,0.00145265,0.00145573,628.654,0.0003,running,slow2
21.805,6727990.0,4314990.0,4112510.0,1277980.0,8.48713e-07,0.00104403,0.00248768,0.00145004,0.00145243,0.00145263,0.00145571,629.435,0.0003,running,slow2
21.81,6727990.0,4314990.0,4112510.0,1277980.0,8.48713e-07,0.00104403,0.00248768,0.00145004,0.00145243,0.00145263,0.00145571,631.815,0.0003,running,slow2
21.815,6728380.0,4315210.0,4112720.0,1277990.0,8.48737e-07,0.00105936,0.00250295,0.00145009,0.00145248,0.00145268,0.00145576,631.815,0.0003,running,slow2
21.82,6728520.0,4315280.0,4112790.0,1277990.0,8.48746e-07,0.00106439,0.00250796,0.0014501,0.0014525,0.0014527,0.00145578,627.341,0.0003,running,slow2
21.825,6727770.0,4314860.0,4112390.0,1277980.0,8.48699e-07,0.00103558,0.00247925,0.00145001,0.0014524,0.0014526,0.00145568,627.83,0.0003,running,slow2
21.83,6727770.0,4314860.0,4112390.0,1277980.0,8.48699e-07,0.00103558,0.00247925,0.00145001,0.0014524,0.0014526,0.00145568,629.322,0.0003,running,slow2
21.835,6728020.0,4315000.0,4112520.0,1277980.0,8.48715e-07,0.00104519,0.00248883,0.00145004,0.00145243,0.00145263,0.00145571,629.322,0.0003,running,slow2
21.84,6728100.0,4315050.0,4112570.0,1277980.0,8.4872e-07,0.00104834,0.00249197,0.00145005,0.00145244,0.00145265,0.00145572,628.898,0.0003,running,slow2
21.845,6728030.0,4315010.0,4112530.0,1277980.0,8.48715e-07,0.00104561,0.00248925,0.00145004,0.00145243,0.00145264,0.00145571,628.621,0.0003,running,slow2
21.85,6728030.0,4315010.0,4112530.0,1277980.0,8.48715e-07,0.00104561,0.00248925,0.00145004,0.00145243,0.00145264,0.00145571,627.774,0.0003,running,slow2
21.855,6727890.0,4314930.0,4112450.0,1277980.0,8.48706e-07,0.00104016,0.00248381,0.00145002,0.00145241,0.00145262,0.00145569,627.774,0.0003,running,slow2
21.86,6727840.0,4314900.0,4112430.0,1277980.0,8.48704e-07,0.00103837,0.00248203,0.00145002,0.00145241,0.00145261,0.00145569,628.176,0.0003,running,slow2
21.865,6727910.0,4314940.0,4112470.0,1277980.0,8.48708e-07,0.00104096,0.00248461,0.00145002,0.00145242,0.00145262,0.0014557,628.347,0.0003,running,slow2
21.87,6727910.0,4314940.0,4112470.0,1277980.0,8.48708e-07,0.00104096,0.00248461,0.00145002,0.00145242,0.00145262,0.0014557,628.868,0.0003,running,slow2
21.875,6727990.0,4314990.0,4112510.0,1277980.0,8.48713e-07,0.00104431,0.00248795,0.00145004,0.00145243,0.00145263,0.00145571,628.868,0.0003,running,slow2
21.88,6728020.0,4315010.0,4112530.0,1277980.0,8.48715e-07,0.00104541,0.00248905,0.00145004,0.00145243,0.00145264,0.00145571,626.545,0.0003,running,slow2
21.885,6727630.0,4314790.0,4112320.0,1277980.0,8.48691e-07,0.00103045,0.00247414,0.00144999,0.00145238,0.00145258,0.00145566,626.231,0.0003,running,slow2
21.89,6727630.0,4314790.0,4112320.0,1277980.0,8.48691e-07,0.00103045,0.00247414,0.00144999,0.00145238,0.00145258,0.00145566,625.275,0.0003,running,slow2
21.895,6727470.0,4314700.0,4112240.0,1277980.0,8.48681e-07,0.0010243,0.00246801,0.00144997,0.00145236,0.00145256,0.00145564,625.275,0.0003,running,slow2
21.9,6727420.0,4314670.0,4112210.0,1277980.0,8.48677e-07,0.00102228,0.002466,0.00144996,0.00145235,0.00145256,0.00145563,625.216,0.0003,running,slow2
21.905,6727410.0,4314660.0,4112210.0,1277980.0,8.48677e-07,0.0010219,0.00246562,0.00144996,0.00145235,0.00145256,0.00145563,625.924,0.0003,running,slow2
21.91,6727410.0,4314660.0,4112210.0,1277980.0,8.48677e-07,0.0010219,0.00246562,0.00144996,0.00145235,0.00145256,0.00145563,628.085,0.0003,running,slow2
21.915,6727770.0,4314870.0,4112400.0,1277980.0,8.48699e-07,0.00103581,0.00247948,0.00145001,0.0014524,0.0014526,0.00145568,628.085,0.0003,running,slow2
21.92,6727890.0,4314930.0,4112460.0,1277980.0,8.48707e-07,0.00104038,0.00248403,0.00145002,0.00145241,0.00145262,0.0014557,632.168,0.0003,running,slow2
21.925,6728570.0,4315320.0,4112820.0,1277990.0,8.48749e-07,0.00106667,0.00251023,0.00145011,0.0014525,0.00145271,0.00145579,630.654,0.0003,running,slow2
21.93,6728570.0,4315320.0,4112820.0,1277990.0,8.48749e-07,0.00106667,0.00251023,0.00145011,0.0014525,0.00145271,0.00145579,626.037,0.0003,running,slow2
21.935,6727800.0,4314880.0,4112410.0,1277980.0,8.48701e-07,0.00103694,0.0024806,0.00145001,0.0014524,0.00145261,0.00145568,626.037,0.0003,running,slow2
21.94,6727550.0,4314740.0,4112280.0,1277980.0,8.48685e-07,0.00102719,0.00247089,0.00144998,0.00145237,0.00145257,0.00145565,627.826,0.0003,running,slow2
21.945,6727850.0,4314910.0,4112440.0,1277980.0,8.48704e-07,0.00103871,0.00248237,0.00145002,0.00145241,0.00145261,0.00145569,627.373,0.0003,running,slow2
21.95,6727850.0,4314910.0,4112440.0,1277980.0,8.48704e-07,0.00103871,0.00248237,0.00145002,0.00145241,0.00145261,0.00145569,625.994,0.0003,running,slow2
21.955,6727620.0,4314780.0,4112310.0,1277980.0,8.4869e-07,0.00102982,0.00247351,0.00144999,0.00145238,0.00145258,0.00145566,625.994,0.0003,running,slow2
21.96,6727540.0,4314740.0,4112270.0,1277980.0,8.48685e-07,0.00102691,0.00247061,0.00144998,0.00145237,0.00145257,0.00145565,631.921,0.0003,running,slow2
21.965,6728530.0,4315290.0,4112800.0,1277990.0,8.48747e-07,0.00106507,0.00250864,0.00145011,0.0014525,0.0014527,0.00145578,630.611,0.0003,running,slow2
21.97,6728530.0,4315290.0,4112800.0,1277990.0,8.48747e-07,0.00106507,0.00250864,0.00145011,0.0014525,0.0014527,0.00145578,626.616,0.0003,running,slow2
21.975,6727870.0,4314920.0,4112440.0,1277980.0,8.48705e-07,0.00103935,0.00248301,0.00145002,0.00145241,0.00145261,0.00145569,626.616,0.0003,running,slow2
21.98,6727650.0,4314790.0,4112330.0,1277980.0,8.48691e-07,0.00103091,0.0024746,0.00144999,0.00145238,0.00145259,0.00145566,629.075,0.0003,running,slow2
21.985,6728060.0,4315030.0,4112550.0,1277980.0,8.48717e-07,0.00104675,0.00249038,0.00145004,0.00145244,0.00145264,0.00145572,628.656,0.0003,running,slow2
21.99,6728060.0,4315030.0,4112550.0,1277990.0,8.48717e-07,0.00104675,0.00249038,0.00145004,0.00145244,0.00145264,0.00145572,627.378,0.0003,running,slow2
21.995,6727840.0,4314910.0,4112430.0,1277980.0,8.48704e-07,0.00103852,0.00248218,0.00145002,0.00145241,0.00145261,0.00145569,627.378,0.0003,running,slow2
22.0,6727770.0,4314870.0,4112400.0,1277980.0,8.48699e-07,0.00103582,0.00247949,0.00145001,0.0014524,0.0014526,0.00145568,627.557,0.0003,running,slow2
22.005,6727800.0,4314880.0,4112410.0,1277980.0,8.48701e-07,0.00103697,0.00248064,0.00145001,0.0014524,0.00145261,0.00145568,628.746,0.0003,running,slow2
22.01,6727800.0,4314880.0,4112410.0,1277980.0,8.48701e-07,0.00103697,0.00248064,0.00145001,0.0014524,0.00145261,0.00145568,632.37,0.0003,running,slow2
22.015,6728410.0,4315220.0,4112730.0,1277990.0,8.48739e-07,0.00106031,0.00250389,0.00145009,0.00145248,0.00145269,0.00145576,632.37,0.0003,running,slow2
22.02,6728610.0,4315340.0,4112840.0,1277990.0,8.48751e-07,0.00106797,0.00251152,0.00145012,0.00145251,0.00145271,0.00145579,628.288,0.0003,running,slow2
22.025,6727930.0,4314950.0,4112480.0,1277980.0,8.48709e-07,0.00104168,0.00248533,0.00145003,0.00145242,0.00145262,0.0014557,629.534,0.0003,running,slow2
22.03,6727930.0,4314950.0,4112480.0,1277980.0,8.48709e-07,0.00104168,0.00248533,0.00145003,0.00145242,0.00145262,0.0014557,633.331,0.0003,running,slow2
22.035,6728560.0,4315310.0,4112810.0,1277990.0,8.48748e-07,0.00106613,0.00250969,0.00145011,0.0014525,0.00145271,0.00145578,633.331,0.0003,running,slow2
22.04,6728770.0,4315430.0,4112920.0,1277990.0,8.48761e-07,0.00107415,0.00251769,0.00145014,0.00145253,0.00145273,0.00145581,629.244,0.0003,running,slow2
22.045,6728090.0,4315040.0,4112560.0,1277990.0,8.48719e-07,0.00104784,0.00249147,0.00145005,0.00145244,0.00145264,0.00145572,629.578,0.0003,running,slow2
22.05,6728090.0,4315040.0,4112560.0,1277990.0,8.48719e-07,0.00104784,0.00249147,0.00145005,0.00145244,0.00145264,0.00145572,630.596,0.0003,running,slow2
22.055,6728260.0,4315140.0,4112650.0,1277990.0,8.48729e-07,0.00105439,0.00249799,0.00145007,0.00145246,0.00145267,0.00145574,630.596,0.0003,running,slow2
22.06,6728310.0,4315170.0,4112680.0,1277990.0,8.48733e-07,0.00105654,0.00250014,0.00145008,0.00145247,0.00145267,0.00145575,626.957,0.0003,running,slow2
22.065,6727700.0,4314830.0,4112360.0,1277980.0,8.48695e-07,0.00103311,0.00247679,0.00145,0.00145239,0.00145259,0.00145567,627.086,0.0003,running,slow2
22.07,6727700.0,4314830.0,4112360.0,1277980.0,8.48695e-07,0.00103311,0.00247679,0.00145,0.00145239,0.00145259,0.00145567,627.481,0.0003,running,slow2
22.075,6727770.0,4314860.0,4112390.0,1277980.0,8.48699e-07,0.00103565,0.00247932,0.00145001,0.0014524,0.0014526,0.00145568,627.481,0.0003,running,slow2
22.08,6727790.0,4314880.0,4112410.0,1277980.0,8.487e-07,0.00103648,0.00248015,0.00145001,0.0014524,0.0014526,0.00145568,627.939,0.0003,running,slow2
22.085,6727870.0,4314920.0,4112450.0,1277980.0,8.48705e-07,0.00103943,0.00248309,0.00145002,0.00145241,0.00145261,0.00145569,628.416,0.0003,running,slow2
22.09,6727870.0,4314920.0,4112450.0,1277980.0,8.48705e-07,0.00103943,0.00248309,0.00145002,0.00145241,0.00145261,0.00145569,629.869,0.0003,running,slow2
22.095,6728110.0,4315060.0,4112570.0,1277990.0,8.4872e-07,0.00104879,0.00249241,0.00145005,0.00145244,0.00145265,0.00145572,629.869,0.0003,running,slow2
22.1,6728190.0,4315100.0,4112620.0,1277990.0,8.48725e-07,0.00105186,0.00249547,0.00145006,0.00145245,0.00145266,0.00145573,628.813,0.0003,running,slow2
22.105,6728010.0,4315000.0,4112520.0,1277990.0,8.48714e-07,0.00104506,0.0024887,0.00145004,0.00145243,0.00145263,0.00145571,629.03,0.0003,running,slow2
22.11,6728010.0,4315000.0,4112520.0,1277990.0,8.48714e-07,0.00104506,0.0024887,0.00145004,0.00145243,0.00145263,0.00145571,629.693,0.0003,running,slow2
22.115,6728120.0,4315060.0,4112580.0,1277990.0,8.48721e-07,0.00104933,0.00249295,0.00145005,0.00145244,0.00145265,0.00145573,629.693,0.0003,running,slow2
22.12,6728160.0,4315080.0,4112600.0,1277990.0,8.48723e-07,0.00105073,0.00249434,0.00145006,0.00145245,0.00145265,0.00145573,626.378,0.0003,running,slow2
22.125,6727610.0,4314770.0,4112310.0,1277980.0,8.48689e-07,0.00102938,0.00247308,0.00144999,0.00145238,0.00145258,0.00145566,625.838,0.0003,running,slow2
22.13,6727610.0,4314770.0,4112310.0,1277980.0,8.48689e-07,0.00102938,0.00247308,0.00144999,0.00145238,0.00145258,0.00145566,624.19,0.0003,running,slow2
22.135,6727330.0,4314620.0,4112160.0,1277980.0,8.48672e-07,0.00101878,0.00246251,0.00144995,0.00145234,0.00145254,0.00145562,624.19,0.0003,running,slow2
22.14,6727240.0,4314570.0,4112120.0,1277980.0,8.48666e-07,0.0010153,0.00245904,0.00144994,0.00145233,0.00145253,0.00145561,624.992,0.0003,running,slow2
22.145,6727380.0,4314640.0,4112190.0,1277980.0,8.48675e-07,0.00102046,0.00246418,0.00144996,0.00145235,0.00145255,0.00145563,625.465,0.0003,running,slow2
22.15,6727380.0,4314640.0,4112190.0,1277980.0,8.48675e-07,0.00102046,0.00246418,0.00144996,0.00145235,0.00145255,0.00145563,626.908,0.0003,running,slow2
22.155,6727620.0,4314780.0,4112310.0,1277980.0,8.4869e-07,0.00102975,0.00247344,0.00144999,0.00145238,0.00145258,0.00145566,626.908,0.0003,running,slow2
22.16,6727700.0,4314820.0,4112360.0,1277980.0,8.48694e-07,0.00103279,0.00247647,0.00145,0.00145239,0.00145259,0.00145567,632.507,0.0003,running,slow2
22.165,6728630.0,4315350.0,4112850.0,1277990.0,8.48753e-07,0.00106885,0.0025124,0.00145012,0.00145251,0.00145271,0.00145579,631.836,0.0003,running,slow2
22.17,6728630.0,4315350.0,4112850.0,1277990.0,8.48753e-07,0.00106885,0.0025124,0.00145012,0.00145251,0.00145271,0.00145579,629.788,0.0003,running,slow2
22.175,6728290.0,4315160.0,4112670.0,1277990.0,8.48731e-07,0.00105566,0.00249926,0.00145007,0.00145247,0.00145267,0.00145575,629.788,0.0003,running,slow2
22.18,6728180.0,4315090.0,4112610.0,1277990.0,8.48724e-07,0.00105134,0.00249495,0.00145006,0.00145245,0.00145266,0.00145573,629.078,0.0003,running,slow2
22.185,6728060.0,4315030.0,4112550.0,1277990.0,8.48717e-07,0.00104677,0.0024904,0.00145004,0.00145244,0.00145264,0.00145572,628.546,0.0003,running,slow2
22.19,6728060.0,4315030.0,4112550.0,1277990.0,8.48717e-07,0.00104677,0.0024904,0.00145004,0.00145244,0.00145264,0.00145572,626.924,0.0003,running,slow2
22.195,6727790.0,4314870.0,4112400.0,1277980.0,8.487e-07,0.00103632,0.00247999,0.00145001,0.0014524,0.0014526,0.00145568,626.924,0.0003,running,slow2
22.2,6727700.0,4314820.0,4112360.0,1277980.0,8.48695e-07,0.0010329,0.00247658,0.00145,0.00145239,0.00145259,0.00145567,627.293,0.0003,running,slow2
22.205,6727760.0,4314860.0,4112390.0,1277980.0,8.48699e-07,0.00103528,0.00247895,0.00145001,0.0014524,0.0014526,0.00145568,627.755,0.0003,running,slow2
22.21,6727760.0,4314860.0,4112390.0,1277980.0,8.48699e-07,0.00103528,0.00247895,0.00145001,0.0014524,0.0014526,0.00145568,629.161,0.0003,running,slow2
22.215,6727990.0,4314990.0,4112510.0,1277990.0,8.48713e-07,0.00104433,0.00248797,0.00145004,0.00145243,0.00145263,0.00145571,629.161,0.0003,running,slow2
22.22,6728070.0,4315040.0,4112550.0,1277990.0,8.48718e-07,0.0010473,0.00249093,0.00145005,0.00145244,0.00145264,0.00145572,628.631,0.0003,running,slow2
22.225,6727980.0,4314990.0,4112510.0,1277990.0,8.48712e-07,0.00104389,0.00248753,0.00145003,0.00145243,0.00145263,0.00145571,627.933,0.0003,running,slow2
22.23,6727980.0,4314990.0,4112510.0,1277990.0,8.48712e-07,0.00104389,0.00248753,0.00145003,0.00145243,0.00145263,0.00145571,625.804,0.0003,running,slow2
22.235,6727630.0,4314790.0,4112320.0,1277980.0,8.4869e-07,0.00103018,0.00247387,0.00144999,0.00145238,0.00145258,0.00145566,625.804,0.0003,running,slow2
22.24,6727510.0,4314720.0,4112260.0,1277980.0,8.48683e-07,0.00102568,0.00246939,0.00144997,0.00145236,0.00145257,0.00145564,628.742,0.0003,running,slow2
22.245,6728000.0,4315000.0,4112520.0,1277990.0,8.48714e-07,0.0010446,0.00248824,0.00145004,0.00145243,0.00145263,0.00145571,628.962,0.0003,running,slow2
22.25,6728000.0,4315000.0,4112520.0,1277990.0,8.48714e-07,0.0010446,0.00248824,0.00145004,0.00145243,0.00145263,0.00145571,629.634,0.0003,running,slow2
22.255,6728110.0,4315060.0,4112580.0,1277990.0,8.48721e-07,0.00104893,0.00249255,0.00145005,0.00145244,0.00145265,0.00145572,629.634,0.0003,running,slow2
22.26,6728150.0,4315080.0,4112600.0,1277990.0,8.48723e-07,0.00105035,0.00249396,0.00145006,0.00145245,0.00145265,0.00145573,629.399,0.0003,running,slow2
22.265,6728110.0,4315060.0,4112580.0,1277990.0,8.4872e-07,0.00104883,0.00249246,0.00145005,0.00145244,0.00145265,0.00145572,628.742,0.0003,running,slow2
22.27,6728110.0,4315060.0,4112580.0,1277990.0,8.4872e-07,0.00104883,0.00249246,0.00145005,0.00145244,0.00145265,0.00145572,626.74,0.0003,running,slow2
22.275,6727780.0,4314870.0,4112400.0,1277980.0,8.487e-07,0.00103594,0.00247961,0.00145001,0.0014524,0.0014526,0.00145568,626.74,0.0003,running,slow2
22.28,6727670.0,4314810.0,4112340.0,1277980.0,8.48693e-07,0.00103171,0.0024754,0.00144999,0.00145238,0.00145259,0.00145566,629.109,0.0003,running,slow2
22.285,6728060.0,4315030.0,4112550.0,1277990.0,8.48717e-07,0.00104697,0.0024906,0.00145004,0.00145244,0.00145264,0.00145572,628.435,0.0003,running,slow2
22.29,6728060.0,4315030.0,4112550.0,1277990.0,8.48717e-07,0.00104697,0.0024906,0.00145004,0.00145244,0.00145264,0.00145572,626.379,0.0003,running,slow2
22.295,6727720.0,4314840.0,4112370.0,1277980.0,8.48696e-07,0.00103373,0.00247741,0.00145,0.00145239,0.00145259,0.00145567,626.379,0.0003,running,slow2
22.3,6727610.0,4314770.0,4112310.0,1277980.0,8.48689e-07,0.00102939,0.00247308,0.00144999,0.00145238,0.00145258,0.00145566,629.995,0.0003,running,slow2
22.305,6728210.0,4315110.0,4112630.0,1277990.0,8.48727e-07,0.00105267,0.00249628,0.00145006,0.00145246,0.00145266,0.00145574,629.712,0.0003,running,slow2
22.31,6728210.0,4315110.0,4112630.0,1277990.0,8.48727e-07,0.00105267,0.00249628,0.00145006,0.00145246,0.00145266,0.00145574,628.848,0.0003,running,slow2
22.315,6728070.0,4315030.0,4112550.0,1277990.0,8.48718e-07,0.00104711,0.00249074,0.00145005,0.00145244,0.00145264,0.00145572,628.848,0.0003,running,slow2
22.32,6728020.0,4315010.0,4112530.0,1277990.0,8.48715e-07,0.00104529,0.00248892,0.00145004,0.00145243,0.00145263,0.00145571,625.763,0.0003,running,slow2
22.325,6727500.0,4314720.0,4112260.0,1277980.0,8.48683e-07,0.00102542,0.00246913,0.00144997,0.00145236,0.00145257,0.00145564,626.452,0.0003,running,slow2
22.33,6727500.0,4314720.0,4112260.0,1277980.0,8.48683e-07,0.00102542,0.00246913,0.00144997,0.00145236,0.00145257,0.00145564,628.554,0.0003,running,slow2
22.335,6727860.0,4314910.0,4112440.0,1277990.0,8.48704e-07,0.00103895,0.00248261,0.00145002,0.00145241,0.00145261,0.00145569,628.554,0.0003,running,slow2
22.34,6727970.0,4314980.0,4112500.0,1277990.0,8.48712e-07,0.00104339,0.00248704,0.00145003,0.00145242,0.00145263,0.0014557,628.458,0.0003,running,slow2
22.345,6727950.0,4314970.0,4112490.0,1277990.0,8.48711e-07,0.00104278,0.00248642,0.00145003,0.00145242,0.00145263,0.0014557,628.098,0.0003,running,slow2
22.35,6727950.0,4314970.0,4112490.0,1277990.0,8.48711e-07,0.00104278,0.00248642,0.00145003,0.00145242,0.00145263,0.0014557,627.001,0.0003,running,slow2
22.355,6727770.0,4314870.0,4112400.0,1277990.0,8.48699e-07,0.00103571,0.00247938,0.00145001,0.0014524,0.0014526,0.00145568,627.001,0.0003,running,slow2
22.36,6727710.0,4314830.0,4112370.0,1277980.0,8.48695e-07,0.0010334,0.00247707,0.00145,0.00145239,0.00145259,0.00145567,624.861,0.0003,running,slow2
22.365,6727350.0,4314630.0,4112180.0,1277980.0,8.48673e-07,0.00101962,0.00246334,0.00144995,0.00145234,0.00145255,0.00145562,627.16,0.0003,running,slow2
22.37,6727350.0,4314630.0,4112180.0,1277980.0,8.48673e-07,0.00101962,0.00246334,0.00144995,0.00145234,0.00145255,0.00145562,634.167,0.0003,running,slow2
22.375,6728520.0,4315290.0,4112790.0,1277990.0,8.48746e-07,0.00106474,0.0025083,0.0014501,0.0014525,0.0014527,0.00145578,634.167,0.0003,running,slow2
22.38,6728910.0,4315510.0,4113000.0,1278000.0,8.4877e-07,0.00107953,0.00252305,0.00145016,0.00145255,0.00145275,0.00145583,627.113,0.0003,running,slow2
22.385,6727730.0,4314840.0,4112380.0,1277990.0,8.48697e-07,0.00103412,0.00247779,0.00145,0.00145239,0.0014526,0.00145567,626.967,0.0003,running,slow2
22.39,6727730.0,4314840.0,4112380.0,1277990.0,8.48697e-07,0.00103412,0.00247779,0.00145,0.00145239,0.0014526,0.00145567,626.522,0.0003,running,slow2
22.395,6727660.0,4314800.0,4112340.0,1277980.0,8.48692e-07,0.00103125,0.00247493,0.00144999,0.00145238,0.00145259,0.00145566,626.522,0.0003,running,slow2
22.4,6727630.0,4314790.0,4112320.0,1277980.0,8.4869e-07,0.00103031,0.002474,0.00144999,0.00145238,0.00145258,0.00145566,632.442,0.0003,running,slow2
22.405,6728620.0,4315340.0,4112840.0,1278000.0,8.48752e-07,0.00106843,0.00251198,0.00145012,0.00145251,0.00145271,0.00145579,632.016,0.0003,running,slow2
22.41,6728620.0,4315340.0,4112840.0,1278000.0,8.48752e-07,0.00106843,0.00251198,0.00145012,0.00145251,0.00145271,0.00145579,630.719,0.0003,running,slow2
22.415,6728400.0,4315220.0,4112730.0,1277990.0,8.48739e-07,0.00106007,0.00250366,0.00145009,0.00145248,0.00145268,0.00145576,630.719,0.0003,running,slow2
22.42,6728330.0,4315180.0,4112690.0,1277990.0,8.48734e-07,0.00105734,0.00250093,0.00145008,0.00145247,0.00145268,0.00145575,628.742,0.0003,running,slow2
22.425,6728000.0,4315000.0,4112520.0,1277990.0,8.48714e-07,0.0010446,0.00248824,0.00145004,0.00145243,0.00145263,0.00145571,629.031,0.0003,running,slow2
22.43,6728000.0,4315000.0,4112520.0,1277990.0,8.48714e-07,0.0010446,0.00248824,0.00145004,0.00145243,0.00145263,0.00145571,629.91,0.0003,running,slow2
22.435,6728150.0,4315080.0,4112600.0,1277990.0,8.48723e-07,0.00105027,0.00249389,0.00145006,0.00145245,0.00145265,0.00145573,629.91,0.0003,running,slow2
22.44,6728200.0,4315110.0,4112620.0,1277990.0,8.48726e-07,0.00105212,0.00249574,0.00145006,0.00145245,0.00145266,0.00145573,629.393,0.0003,running,slow2
22.445,6728110.0,4315060.0,4112580.0,1277990.0,8.4872e-07,0.00104879,0.00249242,0.00145005,0.00145244,0.00145265,0.00145572,629.489,0.0003,running,slow2
22.45,6728110.0,4315060.0,4112580.0,1277990.0,8.4872e-07,0.00104879,0.00249242,0.00145005,0.00145244,0.00145265,0.00145572,629.782,0.0003,running,slow2
22.455,6728160.0,4315090.0,4112600.0,1277990.0,8.48723e-07,0.00105068,0.0024943,0.00145006,0.00145245,0.00145265,0.00145573,629.782,0.0003,running,slow2
22.46,6728180.0,4315090.0,4112610.0,1277990.0,8.48724e-07,0.0010513,0.00249491,0.00145006,0.00145245,0.00145265,0.00145573,633.108,0.0003,running,slow2
22.465,6728730.0,4315410.0,4112900.0,1278000.0,8.48759e-07,0.00107271,0.00251625,0.00145013,0.00145252,0.00145273,0.00145581,632.111,0.0003,running,slow2
22.47,6728730.0,4315410.0,4112900.0,1278000.0,8.48759e-07,0.00107271,0.00251625,0.00145013,0.00145252,0.00145273,0.00145581,629.074,0.0003,running,slow2
22.475,6728220.0,4315120.0,4112640.0,1277990.0,8.48727e-07,0.00105315,0.00249676,0.00145007,0.00145246,0.00145266,0.00145574,629.074,0.0003,running,slow2
22.48,6728060.0,4315030.0,4112550.0,1277990.0,8.48717e-07,0.00104674,0.00249037,0.00145004,0.00145244,0.00145264,0.00145572,629.63,0.0003,running,slow2
22.485,6728150.0,4315080.0,4112600.0,1277990.0,8.48723e-07,0.00105032,0.00249394,0.00145006,0.00145245,0.00145265,0.00145573,630.398,0.0003,running,slow2
22.49,6728150.0,4315080.0,4112600.0,1277990.0,8.48723e-07,0.00105032,0.00249394,0.00145006,0.00145245,0.00145265,0.00145573,632.739,0.0003,running,slow2
22.495,6728540.0,4315300.0,4112800.0,1278000.0,8.48747e-07,0.0010654,0.00250896,0.00145011,0.0014525,0.0014527,0.00145578,632.739,0.0003,running,slow2
22.5,6728670.0,4315370.0,4112870.0,1278000.0,8.48755e-07,0.00107034,0.00251389,0.00145012,0.00145252,0.00145272,0.0014558,629.85,0.0003,running,slow2
22.505,6728190.0,4315100.0,4112620.0,1277990.0,8.48725e-07,0.00105174,0.00249535,0.00145006,0.00145245,0.00145266,0.00145573,628.939,0.0003,running,slow2
22.51,6728190.0,4315100.0,4112620.0,1277990.0,8.48725e-07,0.00105174,0.00249535,0.00145006,0.00145245,0.00145266,0.00145573,626.165,0.0003,running,slow2
22.515,6727720.0,4314840.0,4112370.0,1277990.0,8.48696e-07,0.00103387,0.00247754,0.00145,0.00145239,0.0014526,0.00145567,626.165,0.0003,running,slow2
22.52,6727570.0,4314750.0,4112290.0,1277990.0,8.48687e-07,0.00102801,0.0024717,0.00144998,0.00145237,0.00145258,0.00145565,627.727,0.0003,running,slow2
22.525,6727830.0,4314900.0,4112430.0,1277990.0,8.48703e-07,0.00103807,0.00248173,0.00145001,0.00145241,0.00145261,0.00145569,627.766,0.0003,running,slow2
22.53,6727830.0,4314900.0,4112430.0,1277990.0,8.48703e-07,0.00103807,0.00248173,0.00145001,0.00145241,0.00145261,0.00145569,627.887,0.0003,running,slow2
22.535,6727850.0,4314910.0,4112440.0,1277990.0,8.48704e-07,0.00103884,0.0024825,0.00145002,0.00145241,0.00145261,0.00145569,627.887,0.0003,running,slow2
22.54,6727860.0,4314920.0,4112440.0,1277990.0,8.48705e-07,0.0010391,0.00248276,0.00145002,0.00145241,0.00145261,0.00145569,626.3,0.0003,running,slow2
22.545,6727590.0,4314770.0,4112300.0,1277990.0,8.48688e-07,0.00102888,0.00247257,0.00144998,0.00145237,0.00145258,0.00145565,626.912,0.0003,running,slow2
22.55,6727590.0,4314770.0,4112300.0,1277990.0,8.48688e-07,0.00102888,0.00247257,0.00144998,0.00145237,0.00145258,0.00145565,628.778,0.0003,running,slow2
22.555,6727910.0,4314940.0,4112470.0,1277990.0,8.48708e-07,0.0010409,0.00248455,0.00145002,0.00145242,0.00145262,0.0014557,628.778,0.0003,running,slow2
22.56,6728010.0,4315000.0,4112520.0,1277990.0,8.48714e-07,0.00104484,0.00248847,0.00145004,0.00145243,0.00145263,0.00145571,627.032,0.0003,running,slow2
22.565,6727720.0,4314840.0,4112370.0,1277990.0,8.48696e-07,0.00103359,0.00247727,0.00145,0.00145239,0.00145259,0.00145567,627.029,0.0003,running,slow2
22.57,6727720.0,4314840.0,4112370.0,1277990.0,8.48696e-07,0.00103359,0.00247727,0.00145,0.00145239,0.00145259,0.00145567,627.021,0.0003,running,slow2
22.575,6727710.0,4314840.0,4112370.0,1277990.0,8.48696e-07,0.00103354,0.00247722,0.00145,0.00145239,0.00145259,0.00145567,627.021,0.0003,running,slow2
22.58,6727710.0,4314840.0,4112370.0,1277990.0,8.48696e-07,0.00103352,0.0024772,0.00145,0.00145239,0.00145259,0.00145567,628.46,0.0003,running,slow2
22.585,6727950.0,4314970.0,4112490.0,1277990.0,8.48711e-07,0.00104279,0.00248643,0.00145003,0.00145242,0.00145263,0.0014557,627.304,0.0003,running,slow2
22.59,6727950.0,4314970.0,4112490.0,1277990.0,8.48711e-07,0.00104279,0.00248643,0.00145003,0.00145242,0.00145263,0.0014557,623.78,0.0003,running,slow2
22.595,6727370.0,4314640.0,4112180.0,1277980.0,8.48674e-07,0.0010201,0.00246382,0.00144995,0.00145234,0.00145255,0.00145562,623.78,0.0003,running,slow2
22.6,6727170.0,4314530.0,4112080.0,1277980.0,8.48662e-07,0.00101265,0.0024564,0.00144993,0.00145232,0.00145252,0.0014556,630.771,0.0003,running,slow2
22.605,6728340.0,4315190.0,4112700.0,1278000.0,8.48735e-07,0.00105767,0.00250126,0.00145008,0.00145247,0.00145268,0.00145575,629.655,0.0003,running,slow2
22.61,6728340.0,4315190.0,4112700.0,1278000.0,8.48735e-07,0.00105767,0.00250126,0.00145008,0.00145247,0.00145268,0.00145575,626.254,0.0003,running,slow2
22.615,6727770.0,4314870.0,4112400.0,1277990.0,8.48699e-07,0.00103577,0.00247944,0.00145001,0.0014524,0.0014526,0.00145568,626.254,0.0003,running,slow2
22.62,6727590.0,4314760.0,4112300.0,1277990.0,8.48688e-07,0.00102858,0.00247228,0.00144998,0.00145237,0.00145258,0.00145565,629.585,0.0003,running,slow2
22.625,6728140.0,4315080.0,4112590.0,1277990.0,8.48722e-07,0.00105003,0.00249365,0.00145005,0.00145245,0.00145265,0.00145573,629.266,0.0003,running,slow2
22.63,6728140.0,4315080.0,4112590.0,1277990.0,8.48722e-07,0.00105003,0.00249365,0.00145005,0.00145245,0.00145265,0.00145573,628.293,0.0003,running,slow2
22.635,6727980.0,4314990.0,4112510.0,1277990.0,8.48712e-07,0.00104377,0.00248741,0.00145003,0.00145242,0.00145263,0.00145571,628.293,0.0003,running,slow2
22.64,6727930.0,4314960.0,4112480.0,1277990.0,8.48709e-07,0.00104171,0.00248536,0.00145003,0.00145242,0.00145262,0.0014557,626.787,0.0003,running,slow2
22.645,6727680.0,4314810.0,4112350.0,1277990.0,8.48693e-07,0.00103202,0.0024757,0.00144999,0.00145238,0.00145259,0.00145567,627.109,0.0003,running,slow2
22.65,6727680.0,4314810.0,4112350.0,1277990.0,8.48693e-07,0.00103202,0.0024757,0.00144999,0.00145238,0.00145259,0.00145567,628.09,0.0003,running,slow2
22.655,6727840.0,4314910.0,4112430.0,1277990.0,8.48703e-07,0.00103833,0.00248199,0.00145001,0.00145241,0.00145261,0.00145569,628.09,0.0003,running,slow2
22.66,6727890.0,4314940.0,4112460.0,1277990.0,8.48707e-07,0.0010404,0.00248406,0.00145002,0.00145241,0.00145262,0.00145569,629.239,0.0003,running,slow2
22.665,6728080.0,4315040.0,4112560.0,1277990.0,8.48719e-07,0.00104781,0.00249143,0.00145005,0.00145244,0.00145264,0.00145572,629.389,0.0003,running,slow2
22.67,6728080.0,4315040.0,4112560.0,1277990.0,8.48719e-07,0.00104781,0.00249143,0.00145005,0.00145244,0.00145264,0.00145572,629.847,0.0003,running,slow2
22.675,6728160.0,4315090.0,4112600.0,1277990.0,8.48724e-07,0.00105075,0.00249437,0.00145006,0.00145245,0.00145265,0.00145573,629.847,0.0003,running,slow2
22.68,6728190.0,4315100.0,4112620.0,1277990.0,8.48725e-07,0.00105172,0.00249533,0.00145006,0.00145245,0.00145266,0.00145573,628.108,0.0003,running,slow2
22.685,6727900.0,4314940.0,4112460.0,1277990.0,8.48707e-07,0.00104052,0.00248418,0.00145002,0.00145241,0.00145262,0.00145569,627.782,0.0003,running,slow2
22.69,6727900.0,4314940.0,4112460.0,1277990.0,8.48707e-07,0.00104052,0.00248418,0.00145002,0.00145241,0.00145262,0.00145569,626.788,0.0003,running,slow2
22.695,6727730.0,4314850.0,4112380.0,1277990.0,8.48697e-07,0.00103412,0.0024778,0.00145,0.00145239,0.0014526,0.00145567,626.788,0.0003,running,slow2
22.7,6727680.0,4314810.0,4112350.0,1277990.0,8.48693e-07,0.00103202,0.00247571,0.00144999,0.00145238,0.00145259,0.00145567,629.248,0.0003,running,slow2
22.705,6728090.0,4315050.0,4112560.0,1277990.0,8.48719e-07,0.00104786,0.00249149,0.00145005,0.00145244,0.00145264,0.00145572,629.212,0.0003,running,slow2
22.71,6728090.0,4315050.0,4112560.0,1277990.0,8.48719e-07,0.00104786,0.00249149,0.00145005,0.00145244,0.00145264,0.00145572,629.103,0.0003,running,slow2
22.715,6728070.0,4315040.0,4112560.0,1277990.0,8.48718e-07,0.00104716,0.00249079,0.00145004,0.00145244,0.00145264,0.00145572,629.103,0.0003,running,slow2
22.72,6728060.0,4315030.0,4112550.0,1277990.0,8.48717e-07,0.00104693,0.00249056,0.00145004,0.00145244,0.00145264,0.00145572,624.215,0.0003,running,slow2
22.725,6727250.0,4314570.0,4112120.0,1277980.0,8.48666e-07,0.00101546,0.0024592,0.00144994,0.00145233,0.00145253,0.00145561,625.286,0.0003,running,slow2
22.73,6727250.0,4314570.0,4112120.0,1277980.0,8.48666e-07,0.00101546,0.0024592,0.00144994,0.00145233,0.00145253,0.00145561,628.55,0.0003,running,slow2
22.735,6727790.0,4314880.0,4112410.0,1277990.0,8.487e-07,0.00103647,0.00248014,0.00145001,0.0014524,0.0014526,0.00145568,628.55,0.0003,running,slow2
22.74,6727970.0,4314980.0,4112500.0,1277990.0,8.48712e-07,0.00104337,0.00248701,0.00145003,0.00145242,0.00145263,0.0014557,625.253,0.0003,running,slow2
22.745,6727420.0,4314670.0,4112210.0,1277990.0,8.48677e-07,0.00102214,0.00246586,0.00144996,0.00145235,0.00145255,0.00145563,625.8,0.0003,running,slow2
22.75,6727420.0,4314670.0,4112210.0,1277990.0,8.48677e-07,0.00102214,0.00246586,0.00144996,0.00145235,0.00145255,0.00145563,627.465,0.0003,running,slow2
22.755,6727700.0,4314830.0,4112360.0,1277990.0,8.48695e-07,0.00103287,0.00247654,0.00145,0.00145239,0.00145259,0.00145567,627.465,0.0003,running,slow2
22.76,6727790.0,4314880.0,4112410.0,1277990.0,8.487e-07,0.00103638,0.00248005,0.00145001,0.0014524,0.0014526,0.00145568,628.533,0.0003,running,slow2
22.765,6727970.0,4314980.0,4112500.0,1277990.0,8.48711e-07,0.00104326,0.0024869,0.00145003,0.00145242,0.00145263,0.0014557,628.258,0.0003,running,slow2
22.77,6727970.0,4314980.0,4112500.0,1277990.0,8.48711e-07,0.00104326,0.0024869,0.00145003,0.00145242,0.00145263,0.0014557,627.42,0.0003,running,slow2
22.775,6727830.0,4314900.0,4112430.0,1277990.0,8.48703e-07,0.00103786,0.00248153,0.00145001,0.0014524,0.00145261,0.00145569,627.42,0.0003,running,slow2
22.78,6727780.0,4314870.0,4112400.0,1277990.0,8.487e-07,0.00103609,0.00247976,0.00145001,0.0014524,0.0014526,0.00145568,627.132,0.0003,running,slow2
22.785,6727730.0,4314850.0,4112380.0,1277990.0,8.48697e-07,0.00103424,0.00247791,0.00145,0.00145239,0.0014526,0.00145567,627.558,0.0003,running,slow2
22.79,6727730.0,4314850.0,4112380.0,1277990.0,8.48697e-07,0.00103424,0.00247791,0.00145,0.00145239,0.0014526,0.00145567,628.855,0.0003,running,slow2
22.795,6727950.0,4314970.0,4112490.0,1277990.0,8.4871e-07,0.00104259,0.00248624,0.00145003,0.00145242,0.00145262,0.0014557,628.855,0.0003,running,slow2
22.8,6728020.0,4315010.0,4112530.0,1277990.0,8.48715e-07,0.00104533,0.00248897,0.00145004,0.00145243,0.00145263,0.00145571,628.255,0.0003,running,slow2
22.805,6727920.0,4314950.0,4112480.0,1277990.0,8.48709e-07,0.00104147,0.00248512,0.00145003,0.00145242,0.00145262,0.0014557,628.436,0.0003,running,slow2
22.81,6727920.0,4314950.0,4112480.0,1277990.0,8.48709e-07,0.00104147,0.00248512,0.00145003,0.00145242,0.00145262,0.0014557,628.989,0.0003,running,slow2
22.815,6728010.0,4315000.0,4112530.0,1277990.0,8.48714e-07,0.00104503,0.00248866,0.00145004,0.00145243,0.00145263,0.00145571,628.989,0.0003,running,slow2
22.82,6728040.0,4315020.0,4112540.0,1277990.0,8.48716e-07,0.00104619,0.00248983,0.00145004,0.00145243,0.00145264,0.00145571,630.942,0.0003,running,slow2
22.825,6728370.0,4315210.0,4112710.0,1278000.0,8.48736e-07,0.00105877,0.00250236,0.00145008,0.00145248,0.00145268,0.00145576,630.888,0.0003,running,slow2
22.83,6728370.0,4315210.0,4112710.0,1278000.0,8.48736e-07,0.00105877,0.00250236,0.00145008,0.00145248,0.00145268,0.00145576,630.722,0.0003,running,slow2
22.835,6728340.0,4315190.0,4112700.0,1278000.0,8.48735e-07,0.0010577,0.00250129,0.00145008,0.00145247,0.00145268,0.00145575,630.722,0.0003,running,slow2
22.84,6728330.0,4315190.0,4112700.0,1278000.0,8.48734e-07,0.00105735,0.00250095,0.00145008,0.00145247,0.00145267,0.00145575,628.504,0.0003,running,slow2
22.845,6727960.0,4314980.0,4112500.0,1277990.0,8.48711e-07,0.00104307,0.00248672,0.00145003,0.00145242,0.00145263,0.0014557,628.67,0.0003,running,slow2
22.85,6727960.0,4314980.0,4112500.0,1277990.0,8.48711e-07,0.00104307,0.00248672,0.00145003,0.00145242,0.00145263,0.0014557,629.174,0.0003,running,slow2
22.855,6728050.0,4315020.0,4112540.0,1277990.0,8.48716e-07,0.00104632,0.00248995,0.00145004,0.00145243,0.00145264,0.00145571,629.174,0.0003,running,slow2
22.86,6728070.0,4315040.0,4112560.0,1277990.0,8.48718e-07,0.00104739,0.00249101,0.00145005,0.00145244,0.00145264,0.00145572,631.404,0.0003,running,slow2
22.865,6728450.0,4315250.0,4112760.0,1278000.0,8.48741e-07,0.00106174,0.00250532,0.00145009,0.00145249,0.00145269,0.00145577,630.578,0.0003,running,slow2
22.87,6728450.0,4315250.0,4112760.0,1278000.0,8.48741e-07,0.00106174,0.00250532,0.00145009,0.00145249,0.00145269,0.00145577,628.061,0.0003,running,slow2
22.875,6728030.0,4315010.0,4112530.0,1277990.0,8.48715e-07,0.00104554,0.00248917,0.00145004,0.00145243,0.00145263,0.00145571,628.061,0.0003,running,slow2
22.88,6727890.0,4314940.0,4112460.0,1277990.0,8.48706e-07,0.00104022,0.00248387,0.00145002,0.00145241,0.00145262,0.00145569,629.783,0.0003,running,slow2
22.885,6728180.0,4315100.0,4112610.0,1278000.0,8.48724e-07,0.00105131,0.00249492,0.00145006,0.00145245,0.00145265,0.00145573,629.559,0.0003,running,slow2
22.89,6728180.0,4315100.0,4112610.0,1278000.0,8.48724e-07,0.00105131,0.00249492,0.00145006,0.00145245,0.00145265,0.00145573,628.876,0.0003,running,slow2
22.895,6728060.0,4315030.0,4112550.0,1278000.0,8.48717e-07,0.00104691,0.00249054,0.00145004,0.00145244,0.00145264,0.00145572,628.876,0.0003,running,slow2
22.9,6728020.0,4315010.0,4112530.0,1277990.0,8.48715e-07,0.00104547,0.0024891,0.00145004,0.00145243,0.00145263,0.00145571,632.518,0.0003,running,slow2
22.905,6728630.0,4315350.0,4112850.0,1278000.0,8.48753e-07,0.00106892,0.00251247,0.00145012,0.00145251,0.00145271,0.00145579,631.09,0.0003,running,slow2
22.91,6728630.0,4315350.0,4112850.0,1278000.0,8.48753e-07,0.00106892,0.00251247,0.00145012,0.00145251,0.00145271,0.00145579,626.737,0.0003,running,slow2
22.915,6727910.0,4314940.0,4112470.0,1277990.0,8.48708e-07,0.00104089,0.00248454,0.00145002,0.00145241,0.00145262,0.0014557,626.737,0.0003,running,slow2
22.92,6727670.0,4314810.0,4112350.0,1277990.0,8.48693e-07,0.0010317,0.00247538,0.00144999,0.00145238,0.00145259,0.00145566,629.562,0.0003,running,slow2
22.925,6728140.0,4315080.0,4112590.0,1278000.0,8.48722e-07,0.00104988,0.0024935,0.00145005,0.00145245,0.00145265,0.00145573,629.642,0.0003,running,slow2
22.93,6728140.0,4315080.0,4112590.0,1278000.0,8.48722e-07,0.00104988,0.0024935,0.00145005,0.00145245,0.00145265,0.00145573,629.885,0.0003,running,slow2
22.935,6728180.0,4315100.0,4112610.0,1278000.0,8.48725e-07,0.00105145,0.00249506,0.00145006,0.00145245,0.00145265,0.00145573,629.885,0.0003,running,slow2
22.94,6728190.0,4315110.0,4112620.0,1278000.0,8.48725e-07,0.00105196,0.00249557,0.00145006,0.00145245,0.00145266,0.00145573,629.029,0.0003,running,slow2
22.945,6728050.0,4315030.0,4112550.0,1278000.0,8.48717e-07,0.00104646,0.00249009,0.00145004,0.00145243,0.00145264,0.00145571,628.838,0.0003,running,slow2
22.95,6728050.0,4315030.0,4112550.0,1278000.0,8.48717e-07,0.00104646,0.00249009,0.00145004,0.00145243,0.00145264,0.00145571,628.256,0.0003,running,slow2
22.955,6727950.0,4314970.0,4112500.0,1277990.0,8.48711e-07,0.0010427,0.00248635,0.00145003,0.00145242,0.00145262,0.0014557,628.256,0.0003,running,slow2
22.96,6727920.0,4314950.0,4112480.0,1277990.0,8.48709e-07,0.00104147,0.00248512,0.00145003,0.00145242,0.00145262,0.0014557,620.502,0.0003,running,slow2
22.965,6726630.0,4314220.0,4111800.0,1277980.0,8.48628e-07,0.000991549,0.00243537,0.00144986,0.00145225,0.00145245,0.00145553,623.19,0.0003,running,slow2
22.97,6726630.0,4314220.0,4111800.0,1277980.0,8.48628e-07,0.000991549,0.00243537,0.00144986,0.00145225,0.00145245,0.00145553,631.384,0.0003,running,slow2
22.975,6727990.0,4315000.0,4112520.0,1278000.0,8.48713e-07,0.00104431,0.00248795,0.00145003,0.00145243,0.00145263,0.00145571,631.384,0.0003,running,slow2
22.98,6728440.0,4315250.0,4112750.0,1278000.0,8.48741e-07,0.00106162,0.00250519,0.00145009,0.00145249,0.00145269,0.00145577,630.859,0.0003,running,slow2
22.985,6728360.0,4315200.0,4112710.0,1278000.0,8.48736e-07,0.00105824,0.00250183,0.00145008,0.00145247,0.00145268,0.00145575,630.012,0.0003,running,slow2
22.99,6728360.0,4315200.0,4112710.0,1278000.0,8.48736e-07,0.00105824,0.00250183,0.00145008,0.00145247,0.00145268,0.00145575,627.43,0.0003,running,slow2
22.995,6727920.0,4314960.0,4112480.0,1277990.0,8.48709e-07,0.00104161,0.00248526,0.00145003,0.00145242,0.00145262,0.0014557,627.43,0.0003,running,slow2
23.0,6727780.0,4314880.0,4112410.0,1277990.0,8.487e-07,0.00103616,0.00247983,0.00145001,0.0014524,0.0014526,0.00145568,626.184,0.0003,running,slow2
23.005,6727570.0,4314760.0,4112300.0,1277990.0,8.48687e-07,0.00102813,0.00247183,0.00144998,0.00145237,0.00145257,0.00145565,626.05,0.0003,running,slow2
23.01,6727570.0,4314760.0,4112300.0,1277990.0,8.48687e-07,0.00102813,0.00247183,0.00144998,0.00145237,0.00145257,0.00145565,625.643,0.0003,running,slow2
23.015,6727510.0,4314720.0,4112260.0,1277990.0,8.48683e-07,0.00102551,0.00246921,0.00144997,0.00145236,0.00145257,0.00145564,625.643,0.0003,running,slow2
23.02,6727480.0,4314710.0,4112250.0,1277990.0,8.48681e-07,0.00102465,0.00246836,0.00144997,0.00145236,0.00145256,0.00145564,628.393,0.0003,running,slow2
23.025,6727940.0,4314970.0,4112490.0,1278000.0,8.4871e-07,0.00104235,0.002486,0.00145003,0.00145242,0.00145262,0.0014557,628.041,0.0003,running,slow2
23.03,6727940.0,4314970.0,4112490.0,1278000.0,8.4871e-07,0.00104235,0.002486,0.00145003,0.00145242,0.00145262,0.0014557,626.971,0.0003,running,slow2
23.035,6727760.0,4314870.0,4112400.0,1277990.0,8.48699e-07,0.00103546,0.00247913,0.00145,0.0014524,0.0014526,0.00145568,626.971,0.0003,running,slow2
23.04,6727710.0,4314830.0,4112370.0,1277990.0,8.48695e-07,0.0010332,0.00247688,0.00145,0.00145239,0.00145259,0.00145567,630.37,0.0003,running,slow2
23.045,6728270.0,4315150.0,4112670.0,1278000.0,8.48731e-07,0.00105509,0.00249869,0.00145007,0.00145246,0.00145267,0.00145574,629.535,0.0003,running,slow2
23.05,6728270.0,4315150.0,4112670.0,1278000.0,8.48731e-07,0.00105509,0.00249869,0.00145007,0.00145246,0.00145267,0.00145574,626.989,0.0003,running,slow2
23.055,6727850.0,4314910.0,4112440.0,1277990.0,8.48704e-07,0.00103869,0.00248235,0.00145002,0.00145241,0.00145261,0.00145569,626.989,0.0003,running,slow2
23.06,6727710.0,4314840.0,4112370.0,1277990.0,8.48695e-07,0.00103331,0.00247699,0.00145,0.00145239,0.00145259,0.00145567,629.104,0.0003,running,slow2
23.065,6728060.0,4315030.0,4112550.0,1278000.0,8.48717e-07,0.00104693,0.00249056,0.00145004,0.00145244,0.00145264,0.00145572,629.346,0.0003,running,slow2
23.07,6728060.0,4315030.0,4112550.0,1278000.0,8.48717e-07,0.00104693,0.00249056,0.00145004,0.00145244,0.00145264,0.00145572,630.086,0.0003,running,slow2
23.075,6728190.0,4315100.0,4112620.0,1278000.0,8.48725e-07,0.0010517,0.00249531,0.00145006,0.00145245,0.00145266,0.00145573,630.086,0.0003,running,slow2
23.08,6728230.0,4315130.0,4112640.0,1278000.0,8.48728e-07,0.00105326,0.00249686,0.00145006,0.00145246,0.00145266,0.00145574,629.783,0.0003,running,slow2
23.085,6728180.0,4315100.0,4112610.0,1278000.0,8.48724e-07,0.0010513,0.00249492,0.00145006,0.00145245,0.00145265,0.00145573,629.297,0.0003,running,slow2
23.09,6728180.0,4315100.0,4112610.0,1278000.0,8.48724e-07,0.0010513,0.00249492,0.00145006,0.00145245,0.00145265,0.00145573,627.817,0.0003,running,slow2
23.095,6727930.0,4314960.0,4112480.0,1278000.0,8.48709e-07,0.00104177,0.00248542,0.00145003,0.00145242,0.00145262,0.0014557,627.817,0.0003,running,slow2
23.1,6727850.0,4314910.0,4112440.0,1277990.0,8.48704e-07,0.00103865,0.0024823,0.00145002,0.00145241,0.00145261,0.00145569,628.819,0.0003,running,slow2
23.105,6728010.0,4315010.0,4112530.0,1278000.0,8.48714e-07,0.0010451,0.00248874,0.00145004,0.00145243,0.00145263,0.00145571,629.759,0.0003,running,slow2
23.11,6728010.0,4315010.0,4112530.0,1278000.0,8.48714e-07,0.0010451,0.00248874,0.00145004,0.00145243,0.00145263,0.00145571,632.625,0.0003,running,slow2
23.115,6728490.0,4315280.0,4112780.0,1278000.0,8.48744e-07,0.00106355,0.00250712,0.0014501,0.00145249,0.0014527,0.00145577,632.625,0.0003,running,slow2
23.12,6728650.0,4315370.0,4112860.0,1278000.0,8.48754e-07,0.00106961,0.00251315,0.00145012,0.00145251,0.00145272,0.00145579,628.41,0.0003,running,slow2
23.125,6727950.0,4314970.0,4112490.0,1278000.0,8.4871e-07,0.00104247,0.00248611,0.00145003,0.00145242,0.00145262,0.0014557,627.879,0.0003,running,slow2
23.13,6727950.0,4314970.0,4112490.0,1278000.0,8.4871e-07,0.00104247,0.00248611,0.00145003,0.00145242,0.00145262,0.0014557,626.261,0.0003,running,slow2
23.135,6727680.0,4314820.0,4112350.0,1277990.0,8.48693e-07,0.00103205,0.00247573,0.00144999,0.00145238,0.00145259,0.00145566,626.261,0.0003,running,slow2
23.14,6727590.0,4314770.0,4112300.0,1277990.0,8.48688e-07,0.00102863,0.00247232,0.00144998,0.00145237,0.00145258,0.00145565,631.7,0.0003,running,slow2
23.145,6728500.0,4315280.0,4112780.0,1278000.0,8.48744e-07,0.00106365,0.00250722,0.0014501,0.00145249,0.0014527,0.00145577,630.35,0.0003,running,slow2
23.15,6728500.0,4315280.0,4112780.0,1278000.0,8.48744e-07,0.00106365,0.00250722,0.0014501,0.00145249,0.0014527,0.00145577,626.234,0.0003,running,slow2
23.155,6727810.0,4314890.0,4112420.0,1277990.0,8.48702e-07,0.00103715,0.00248081,0.00145001,0.0014524,0.00145261,0.00145568,626.234,0.0003,running,slow2
23.16,6727580.0,4314760.0,4112300.0,1277990.0,8.48687e-07,0.00102845,0.00247215,0.00144998,0.00145237,0.00145258,0.00145565,628.853,0.0003,running,slow2
23.165,6728020.0,4315010.0,4112530.0,1278000.0,8.48715e-07,0.00104532,0.00248895,0.00145004,0.00145243,0.00145263,0.00145571,629.43,0.0003,running,slow2
23.17,6728020.0,4315010.0,4112530.0,1278000.0,8.48715e-07,0.00104532,0.00248895,0.00145004,0.00145243,0.00145263,0.00145571,631.192,0.0003,running,slow2
23.175,6728310.0,4315180.0,4112690.0,1278000.0,8.48733e-07,0.00105666,0.00250025,0.00145008,0.00145247,0.00145267,0.00145575,631.192,0.0003,running,slow2
23.18,6728410.0,4315230.0,4112740.0,1278000.0,8.48739e-07,0.00106038,0.00250396,0.00145009,0.00145248,0.00145268,0.00145576,624.781,0.0003,running,slow2
23.185,6727340.0,4314630.0,4112170.0,1277990.0,8.48672e-07,0.0010191,0.00246283,0.00144995,0.00145234,0.00145254,0.00145562,625.119,0.0003,running,slow2
23.19,6727340.0,4314630.0,4112170.0,1277990.0,8.48672e-07,0.0010191,0.00246283,0.00144995,0.00145234,0.00145254,0.00145562,626.149,0.0003,running,slow2
23.195,6727510.0,4314720.0,4112270.0,1277990.0,8.48683e-07,0.00102573,0.00246944,0.00144997,0.00145236,0.00145257,0.00145564,626.149,0.0003,running,slow2
23.2,6727570.0,4314760.0,4112290.0,1277990.0,8.48687e-07,0.00102791,0.0024716,0.00144998,0.00145237,0.00145257,0.00145565,630.485,0.0003,running,slow2
23.205,6728290.0,4315160.0,4112680.0,1278000.0,8.48732e-07,0.00105583,0.00249942,0.00145007,0.00145247,0.00145267,0.00145575,629.644,0.0003,running,slow2
23.21,6728290.0,4315160.0,4112680.0,1278000.0,8.48732e-07,0.00105583,0.00249942,0.00145007,0.00145247,0.00145267,0.00145575,627.081,0.0003,running,slow2
23.215,6727860.0,4314920.0,4112450.0,1278000.0,8.48705e-07,0.00103932,0.00248298,0.00145002,0.00145241,0.00145261,0.00145569,627.081,0.0003,running,slow2
23.22,6727720.0,4314840.0,4112380.0,1277990.0,8.48696e-07,0.00103391,0.00247758,0.00145,0.00145239,0.00145259,0.00145567,625.743,0.0003,running,slow2
23.225,6727500.0,4314720.0,4112260.0,1277990.0,8.48682e-07,0.00102529,0.002469,0.00144997,0.00145236,0.00145256,0.00145564,625.414,0.0003,running,slow2
23.23,6727500.0,4314720.0,4112260.0,1277990.0,8.48682e-07,0.00102529,0.002469,0.00144997,0.00145236,0.00145256,0.00145564,624.413,0.0003,running,slow2
23.235,6727330.0,4314620.0,4112170.0,1277990.0,8.48672e-07,0.00101884,0.00246257,0.00144995,0.00145234,0.00145254,0.00145562,624.413,0.0003,running,slow2
23.24,6727280.0,4314590.0,4112140.0,1277990.0,8.48669e-07,0.00101673,0.00246047,0.00144994,0.00145233,0.00145254,0.00145561,626.704,0.0003,running,slow2
23.245,6727660.0,4314810.0,4112340.0,1277990.0,8.48692e-07,0.00103149,0.00247517,0.00144999,0.00145238,0.00145259,0.00145566,627.404,0.0003,running,slow2
23.25,6727660.0,4314810.0,4112340.0,1277990.0,8.48692e-07,0.00103149,0.00247517,0.00144999,0.00145238,0.00145259,0.00145566,629.538,0.0003,running,slow2
23.255,6728020.0,4315010.0,4112530.0,1278000.0,8.48715e-07,0.00104523,0.00248886,0.00145004,0.00145243,0.00145263,0.00145571,629.538,0.0003,running,slow2
23.26,6728130.0,4315080.0,4112590.0,1278000.0,8.48722e-07,0.00104973,0.00249335,0.00145005,0.00145244,0.00145265,0.00145573,628.919,0.0003,running,slow2
23.265,6728030.0,4315020.0,4112540.0,1278000.0,8.48715e-07,0.00104575,0.00248938,0.00145004,0.00145243,0.00145263,0.00145571,629.583,0.0003,running,slow2
23.27,6728030.0,4315020.0,4112540.0,1278000.0,8.48715e-07,0.00104575,0.00248938,0.00145004,0.00145243,0.00145263,0.00145571,631.607,0.0003,running,slow2
23.275,6728370.0,4315210.0,4112720.0,1278000.0,8.48736e-07,0.00105878,0.00250236,0.00145008,0.00145248,0.00145268,0.00145576,631.607,0.0003,running,slow2
23.28,6728480.0,4315270.0,4112780.0,1278000.0,8.48743e-07,0.00106305,0.00250662,0.0014501,0.00145249,0.00145269,0.00145577,625.789,0.0003,running,slow2
23.285,6727510.0,4314720.0,4112260.0,1277990.0,8.48683e-07,0.00102559,0.00246929,0.00144997,0.00145236,0.00145257,0.00145564,626.532,0.0003,running,slow2
23.29,6727510.0,4314720.0,4112260.0,1277990.0,8.48683e-07,0.00102559,0.00246929,0.00144997,0.00145236,0.00145257,0.00145564,628.798,0.0003,running,slow2
23.295,6727890.0,4314940.0,4112460.0,1278000.0,8.48706e-07,0.00104018,0.00248383,0.00145002,0.00145241,0.00145262,0.00145569,628.798,0.0003,running,slow2
23.3,6728010.0,4315010.0,4112530.0,1278000.0,8.48714e-07,0.00104497,0.0024886,0.00145004,0.00145243,0.00145263,0.00145571,630.71,0.0003,running,slow2
23.305,6728330.0,4315190.0,4112700.0,1278000.0,8.48734e-07,0.00105727,0.00250087,0.00145008,0.00145247,0.00145267,0.00145575,630.51,0.0003,running,slow2
23.31,6728330.0,4315190.0,4112700.0,1278000.0,8.48734e-07,0.00105727,0.00250087,0.00145008,0.00145247,0.00145267,0.00145575,629.903,0.0003,running,slow2
23.315,6728230.0,4315130.0,4112640.0,1278000.0,8.48728e-07,0.00105336,0.00249697,0.00145006,0.00145246,0.00145266,0.00145574,629.903,0.0003,running,slow2
23.32,6728200.0,4315110.0,4112630.0,1278000.0,8.48726e-07,0.00105208,0.00249569,0.00145006,0.00145245,0.00145266,0.00145573,630.96,0.0003,running,slow2
23.325,6728370.0,4315210.0,4112720.0,1278000.0,8.48737e-07,0.00105889,0.00250247,0.00145008,0.00145248,0.00145268,0.00145576,630.03,0.0003,running,slow2
23.33,6728370.0,4315210.0,4112720.0,1278000.0,8.48737e-07,0.00105889,0.00250247,0.00145008,0.00145248,0.00145268,0.00145576,627.193,0.0003,running,slow2
23.335,6727900.0,4314940.0,4112470.0,1278000.0,8.48707e-07,0.00104062,0.00248427,0.00145002,0.00145241,0.00145262,0.00145569,627.193,0.0003,running,slow2
23.34,6727740.0,4314860.0,4112390.0,1278000.0,8.48697e-07,0.00103463,0.0024783,0.00145,0.00145239,0.0014526,0.00145567,626.91,0.0003,running,slow2
23.345,6727700.0,4314830.0,4112360.0,1278000.0,8.48695e-07,0.00103281,0.00247649,0.00145,0.00145239,0.00145259,0.00145567,627.693,0.0003,running,slow2
23.35,6727700.0,4314830.0,4112360.0,1278000.0,8.48695e-07,0.00103281,0.00247649,0.00145,0.00145239,0.00145259,0.00145567,630.081,0.0003,running,slow2
23.355,6728090.0,4315050.0,4112570.0,1278000.0,8.48719e-07,0.00104818,0.00249181,0.00145005,0.00145244,0.00145264,0.00145572,630.081,0.0003,running,slow2
23.36,6728230.0,4315130.0,4112640.0,1278000.0,8.48728e-07,0.00105322,0.00249683,0.00145006,0.00145246,0.00145266,0.00145574,633.516,0.0003,running,slow2
23.365,6728800.0,4315450.0,4112940.0,1278010.0,8.48763e-07,0.00107535,0.00251887,0.00145014,0.00145253,0.00145274,0.00145581,631.687,0.0003,running,slow2
23.37,6728800.0,4315450.0,4112940.0,1278010.0,8.48763e-07,0.00107535,0.00251887,0.00145014,0.00145253,0.00145274,0.00145581,626.109,0.0003,running,slow2
23.375,6727870.0,4314930.0,4112450.0,1278000.0,8.48705e-07,0.00103943,0.00248309,0.00145002,0.00145241,0.00145261,0.00145569,626.109,0.0003,running,slow2
23.38,6727560.0,4314750.0,4112290.0,1277990.0,8.48686e-07,0.00102765,0.00247135,0.00144998,0.00145237,0.00145257,0.00145565,627.624,0.0003,running,slow2
23.385,6727820.0,4314900.0,4112430.0,1278000.0,8.48702e-07,0.00103741,0.00248107,0.00145001,0.0014524,0.00145261,0.00145568,628.804,0.0003,running,slow2
23.39,6727820.0,4314900.0,4112430.0,1278000.0,8.48702e-07,0.00103741,0.00248107,0.00145001,0.0014524,0.00145261,0.00145568,632.401,0.0003,running,slow2
23.395,6728420.0,4315230.0,4112740.0,1278000.0,8.48739e-07,0.00106057,0.00250415,0.00145009,0.00145248,0.00145268,0.00145576,632.401,0.0003,running,slow2
23.4,6728610.0,4315350.0,4112850.0,1278010.0,8.48752e-07,0.00106817,0.00251172,0.00145012,0.00145251,0.00145271,0.00145579,624.182,0.0003,running,slow2
23.405,6727240.0,4314570.0,4112120.0,1277990.0,8.48666e-07,0.00101525,0.00245899,0.00144994,0.00145233,0.00145253,0.00145561,624.105,0.0003,running,slow2
23.41,6727240.0,4314570.0,4112120.0,1277990.0,8.48666e-07,0.00101525,0.00245899,0.00144994,0.00145233,0.00145253,0.00145561,623.87,0.0003,running,slow2
23.415,6727200.0,4314550.0,4112100.0,1277990.0,8.48664e-07,0.00101373,0.00245748,0.00144993,0.00145232,0.00145253,0.0014556,623.87,0.0003,running,slow2
23.42,6727190.0,4314540.0,4112100.0,1277990.0,8.48663e-07,0.00101324,0.00245699,0.00144993,0.00145232,0.00145252,0.0014556,624.47,0.0003,running,slow2
23.425,6727290.0,4314600.0,4112150.0,1277990.0,8.48669e-07,0.0010171,0.00246084,0.00144994,0.00145233,0.00145254,0.00145561,625.44,0.0003,running,slow2
23.43,6727290.0,4314600.0,4112150.0,1277990.0,8.48669e-07,0.0010171,0.00246084,0.00144994,0.00145233,0.00145254,0.00145561,628.395,0.0003,running,slow2
23.435,6727780.0,4314880.0,4112410.0,1278000.0,8.487e-07,0.00103613,0.0024798,0.00145001,0.0014524,0.0014526,0.00145568,628.395,0.0003,running,slow2
23.44,6727940.0,4314970.0,4112490.0,1278000.0,8.4871e-07,0.00104237,0.00248601,0.00145003,0.00145242,0.00145262,0.0014557,627.889,0.0003,running,slow2
23.445,6727860.0,4314920.0,4112450.0,1278000.0,8.48705e-07,0.00103911,0.00248277,0.00145002,0.00145241,0.00145261,0.00145569,628.469,0.0003,running,slow2
23.45,6727860.0,4314920.0,4112450.0,1278000.0,8.48705e-07,0.00103911,0.00248277,0.00145002,0.00145241,0.00145261,0.00145569,630.237,0.0003,running,slow2
23.455,6728150.0,4315090.0,4112600.0,1278000.0,8.48723e-07,0.0010505,0.00249411,0.00145006,0.00145245,0.00145265,0.00145573,630.237,0.0003,running,slow2
23.46,6728250.0,4315140.0,4112660.0,1278000.0,8.48729e-07,0.00105423,0.00249783,0.00145007,0.00145246,0.00145266,0.00145574,630.569,0.0003,running,slow2
23.465,6728310.0,4315170.0,4112680.0,1278000.0,8.48733e-07,0.00105637,0.00249997,0.00145007,0.00145247,0.00145267,0.00145575,630.246,0.0003,running,slow2
23.47,6728310.0,4315170.0,4112680.0,1278000.0,8.48733e-07,0.00105637,0.00249997,0.00145007,0.00145247,0.00145267,0.00145575,629.259,0.0003,running,slow2
23.475,6728140.0,4315080.0,4112600.0,1278000.0,8.48722e-07,0.00105002,0.00249363,0.00145005,0.00145244,0.00145265,0.00145573,629.259,0.0003,running,slow2
23.48,6728090.0,4315050.0,4112570.0,1278000.0,8.48719e-07,0.00104793,0.00249156,0.00145005,0.00145244,0.00145264,0.00145572,625.633,0.0003,running,slow2
23.485,6727480.0,4314710.0,4112250.0,1277990.0,8.48681e-07,0.00102459,0.0024683,0.00144997,0.00145236,0.00145256,0.00145564,625.626,0.0003,running,slow2
23.49,6727480.0,4314710.0,4112250.0,1277990.0,8.48681e-07,0.00102459,0.0024683,0.00144997,0.00145236,0.00145256,0.00145564,625.602,0.0003,running,slow2
23.495,6727480.0,4314710.0,4112250.0,1277990.0,8.48681e-07,0.00102444,0.00246815,0.00144997,0.00145236,0.00145256,0.00145564,625.602,0.0003,running,slow2
23.5,6727480.0,4314710.0,4112250.0,1277990.0,8.48681e-07,0.00102439,0.0024681,0.00144997,0.00145236,0.00145256,0.00145564,629.952,0.0003,running,slow2
23.505,6728200.0,4315120.0,4112630.0,1278000.0,8.48726e-07,0.0010524,0.00249601,0.00145006,0.00145245,0.00145266,0.00145573,630.434,0.0003,running,slow2
23.51,6728200.0,4315120.0,4112630.0,1278000.0,8.48726e-07,0.0010524,0.00249601,0.00145006,0.00145245,0.00145266,0.00145573,631.903,0.0003,running,slow2
23.515,6728450.0,4315250.0,4112760.0,1278010.0,8.48741e-07,0.00106186,0.00250543,0.00145009,0.00145249,0.00145269,0.00145577,631.903,0.0003,running,slow2
23.52,6728530.0,4315300.0,4112800.0,1278010.0,8.48746e-07,0.00106496,0.00250852,0.0014501,0.0014525,0.0014527,0.00145578,626.616,0.0003,running,slow2
23.525,6727650.0,4314800.0,4112340.0,1278000.0,8.48691e-07,0.00103091,0.0024746,0.00144999,0.00145238,0.00145258,0.00145566,627.304,0.0003,running,slow2
23.53,6727650.0,4314800.0,4112340.0,1278000.0,8.48691e-07,0.00103091,0.0024746,0.00144999,0.00145238,0.00145258,0.00145566,629.404,0.0003,running,slow2
23.535,6728000.0,4315000.0,4112520.0,1278000.0,8.48713e-07,0.00104443,0.00248807,0.00145003,0.00145243,0.00145263,0.00145571,629.404,0.0003,running,slow2
23.54,6728110.0,4315060.0,4112580.0,1278000.0,8.4872e-07,0.00104887,0.00249249,0.00145005,0.00145244,0.00145264,0.00145572,625.989,0.0003,running,slow2
23.545,6727540.0,4314740.0,4112280.0,1278000.0,8.48685e-07,0.00102688,0.00247058,0.00144997,0.00145237,0.00145257,0.00145565,626.291,0.0003,running,slow2
23.55,6727540.0,4314740.0,4112280.0,1278000.0,8.48685e-07,0.00102688,0.00247058,0.00144997,0.00145237,0.00145257,0.00145565,627.21,0.0003,running,slow2
23.555,6727700.0,4314830.0,4112360.0,1278000.0,8.48695e-07,0.0010328,0.00247648,0.00144999,0.00145239,0.00145259,0.00145567,627.21,0.0003,running,slow2
23.56,6727750.0,4314860.0,4112390.0,1278000.0,8.48698e-07,0.00103474,0.00247842,0.00145,0.00145239,0.0014526,0.00145567,628.62,0.0003,running,slow2
23.565,6727980.0,4314990.0,4112510.0,1278000.0,8.48712e-07,0.00104382,0.00248746,0.00145003,0.00145242,0.00145263,0.0014557,627.577,0.0003,running,slow2
23.57,6727980.0,4314990.0,4112510.0,1278000.0,8.48712e-07,0.00104382,0.00248746,0.00145003,0.00145242,0.00145263,0.0014557,624.398,0.0003,running,slow2
23.575,6727450.0,4314690.0,4112230.0,1278000.0,8.48679e-07,0.00102335,0.00246706,0.00144996,0.00145235,0.00145256,0.00145563,624.398,0.0003,running,slow2
23.58,6727280.0,4314590.0,4112140.0,1277990.0,8.48668e-07,0.00101663,0.00246037,0.00144994,0.00145233,0.00145253,0.00145561,625.601,0.0003,running,slow2
23.585,6727480.0,4314710.0,4112250.0,1278000.0,8.48681e-07,0.00102438,0.00246809,0.00144997,0.00145236,0.00145256,0.00145564,625.785,0.0003,running,slow2
23.59,6727480.0,4314710.0,4112250.0,1278000.0,8.48681e-07,0.00102438,0.00246809,0.00144997,0.00145236,0.00145256,0.00145564,626.346,0.0003,running,slow2
23.595,6727570.0,4314760.0,4112300.0,1278000.0,8.48687e-07,0.00102799,0.00247169,0.00144998,0.00145237,0.00145257,0.00145565,626.346,0.0003,running,slow2
23.6,6727600.0,4314780.0,4112310.0,1278000.0,8.48689e-07,0.00102918,0.00247287,0.00144998,0.00145237,0.00145258,0.00145565,628.687,0.0003,running,slow2
23.605,6727990.0,4315000.0,4112520.0,1278000.0,8.48713e-07,0.00104425,0.00248789,0.00145003,0.00145243,0.00145263,0.00145571,628.551,0.0003,running,slow2
23.61,6727990.0,4315000.0,4112520.0,1278000.0,8.48713e-07,0.00104425,0.00248789,0.00145003,0.00145243,0.00145263,0.00145571,628.135,0.0003,running,slow2
23.615,6727920.0,4314960.0,4112480.0,1278000.0,8.48709e-07,0.00104158,0.00248522,0.00145002,0.00145242,0.00145262,0.0014557,628.135,0.0003,running,slow2
23.62,6727900.0,4314950.0,4112470.0,1278000.0,8.48707e-07,0.0010407,0.00248435,0.00145002,0.00145241,0.00145262,0.00145569,625.921,0.0003,running,slow2
23.625,6727530.0,4314740.0,4112280.0,1278000.0,8.48684e-07,0.00102644,0.00247015,0.00144997,0.00145236,0.00145257,0.00145564,626.462,0.0003,running,slow2
23.63,6727530.0,4314740.0,4112280.0,1278000.0,8.48684e-07,0.00102644,0.00247015,0.00144997,0.00145236,0.00145257,0.00145564,628.11,0.0003,running,slow2
23.635,6727810.0,4314890.0,4112420.0,1278000.0,8.48701e-07,0.00103706,0.00248072,0.00145001,0.0014524,0.0014526,0.00145568,628.11,0.0003,running,slow2
23.64,6727900.0,4314940.0,4112470.0,1278000.0,8.48707e-07,0.00104054,0.00248419,0.00145002,0.00145241,0.00145262,0.00145569,628.102,0.0003,running,slow2
23.645,6727890.0,4314940.0,4112470.0,1278000.0,8.48707e-07,0.00104048,0.00248413,0.00145002,0.00145241,0.00145262,0.00145569,628.922,0.0003,running,slow2
23.65,6727890.0,4314940.0,4112470.0,1278000.0,8.48707e-07,0.00104048,0.00248413,0.00145002,0.00145241,0.00145262,0.00145569,631.425,0.0003,running,slow2
23.655,6728310.0,4315180.0,4112690.0,1278010.0,8.48733e-07,0.00105659,0.00250019,0.00145008,0.00145247,0.00145267,0.00145575,631.425,0.0003,running,slow2
23.66,6728450.0,4315260.0,4112760.0,1278010.0,8.48742e-07,0.00106188,0.00250545,0.00145009,0.00145249,0.00145269,0.00145577,632.698,0.0003,running,slow2
23.665,6728660.0,4315380.0,4112870.0,1278010.0,8.48755e-07,0.00107008,0.00251363,0.00145012,0.00145251,0.00145272,0.00145579,631.699,0.0003,running,slow2
23.67,6728660.0,4315380.0,4112870.0,1278010.0,8.48755e-07,0.00107008,0.00251363,0.00145012,0.00145251,0.00145272,0.00145579,628.653,0.0003,running,slow2
23.675,6728150.0,4315090.0,4112610.0,1278000.0,8.48723e-07,0.00105047,0.00249408,0.00145005,0.00145245,0.00145265,0.00145573,628.653,0.0003,running,slow2
23.68,6727990.0,4314990.0,4112520.0,1278000.0,8.48713e-07,0.00104403,0.00248767,0.00145003,0.00145242,0.00145263,0.00145571,627.201,0.0003,running,slow2
23.685,6727740.0,4314860.0,4112390.0,1278000.0,8.48698e-07,0.00103468,0.00247836,0.00145,0.00145239,0.0014526,0.00145567,626.742,0.0003,running,slow2
23.69,6727740.0,4314860.0,4112390.0,1278000.0,8.48698e-07,0.00103468,0.00247836,0.00145,0.00145239,0.0014526,0.00145567,625.34,0.0003,running,slow2
23.695,6727510.0,4314730.0,4112270.0,1278000.0,8.48683e-07,0.00102566,0.00246937,0.00144997,0.00145236,0.00145257,0.00145564,625.34,0.0003,running,slow2
23.7,6727430.0,4314680.0,4112230.0,1278000.0,8.48678e-07,0.0010227,0.00246642,0.00144996,0.00145235,0.00145256,0.00145563,629.396,0.0003,running,slow2
23.705,6728110.0,4315060.0,4112580.0,1278000.0,8.4872e-07,0.00104882,0.00249244,0.00145005,0.00145244,0.00145264,0.00145572,629.475,0.0003,running,slow2
23.71,6728110.0,4315060.0,4112580.0,1278000.0,8.4872e-07,0.00104882,0.00249244,0.00145005,0.00145244,0.00145264,0.00145572,629.714,0.0003,running,slow2
23.715,6728150.0,4315090.0,4112600.0,1278010.0,8.48723e-07,0.00105036,0.00249398,0.00145005,0.00145245,0.00145265,0.00145573,629.714,0.0003,running,slow2
23.72,6728160.0,4315090.0,4112610.0,1278010.0,8.48724e-07,0.00105087,0.00249448,0.00145006,0.00145245,0.00145265,0.00145573,630.234,0.0003,running,slow2
23.725,6728250.0,4315140.0,4112660.0,1278010.0,8.48729e-07,0.00105421,0.00249782,0.00145007,0.00145246,0.00145266,0.00145574,630.23,0.0003,running,slow2
23.73,6728250.0,4315140.0,4112660.0,1278010.0,8.48729e-07,0.00105421,0.00249782,0.00145007,0.00145246,0.00145266,0.00145574,630.217,0.0003,running,slow2
23.735,6728250.0,4315140.0,4112660.0,1278010.0,8.48729e-07,0.00105413,0.00249773,0.00145007,0.00145246,0.00145266,0.00145574,630.217,0.0003,running,slow2
23.74,6728250.0,4315140.0,4112660.0,1278010.0,8.48729e-07,0.0010541,0.0024977,0.00145007,0.00145246,0.00145266,0.00145574,627.719,0.0003,running,slow2
23.745,6727830.0,4314910.0,4112440.0,1278000.0,8.48703e-07,0.00103802,0.00248168,0.00145001,0.0014524,0.00145261,0.00145568,628.814,0.0003,running,slow2
23.75,6727830.0,4314910.0,4112440.0,1278000.0,8.48703e-07,0.00103802,0.00248168,0.00145001,0.0014524,0.00145261,0.00145568,632.15,0.0003,running,slow2
23.755,6728390.0,4315220.0,4112730.0,1278010.0,8.48738e-07,0.0010595,0.00250309,0.00145009,0.00145248,0.00145268,0.00145576,632.15,0.0003,running,slow2
23.76,6728570.0,4315320.0,4112830.0,1278010.0,8.48749e-07,0.00106655,0.00251011,0.00145011,0.0014525,0.0014527,0.00145578,629.039,0.0003,running,slow2
23.765,6728050.0,4315030.0,4112550.0,1278000.0,8.48717e-07,0.00104652,0.00249015,0.00145004,0.00145243,0.00145264,0.00145571,629.838,0.0003,running,slow2
23.77,6728050.0,4315030.0,4112550.0,1278000.0,8.48717e-07,0.00104652,0.00249015,0.00145004,0.00145243,0.00145264,0.00145571,632.273,0.0003,running,slow2
23.775,6728460.0,4315260.0,4112770.0,1278010.0,8.48742e-07,0.0010622,0.00250577,0.00145009,0.00145249,0.00145269,0.00145577,632.273,0.0003,running,slow2
23.78,6728590.0,4315340.0,4112840.0,1278010.0,8.4875e-07,0.00106734,0.0025109,0.00145011,0.0014525,0.00145271,0.00145578,624.565,0.0003,running,slow2
23.785,6727300.0,4314610.0,4112160.0,1278000.0,8.4867e-07,0.00101771,0.00246144,0.00144994,0.00145233,0.00145254,0.00145561,625.793,0.0003,running,slow2
23.79,6727300.0,4314610.0,4112160.0,1278000.0,8.4867e-07,0.00101771,0.00246144,0.00144994,0.00145233,0.00145254,0.00145561,629.536,0.0003,running,slow2
23.795,6727930.0,4314960.0,4112490.0,1278000.0,8.48709e-07,0.00104181,0.00248546,0.00145003,0.00145242,0.00145262,0.0014557,629.536,0.0003,running,slow2
23.8,6728130.0,4315080.0,4112600.0,1278010.0,8.48722e-07,0.00104972,0.00249334,0.00145005,0.00145244,0.00145265,0.00145572,628.731,0.0003,running,slow2
23.805,6728000.0,4315000.0,4112530.0,1278000.0,8.48713e-07,0.00104454,0.00248817,0.00145003,0.00145243,0.00145263,0.00145571,629.155,0.0003,running,slow2
23.81,6728000.0,4315000.0,4112530.0,1278000.0,8.48713e-07,0.00104454,0.00248817,0.00145003,0.00145243,0.00145263,0.00145571,630.447,0.0003,running,slow2
23.815,6728220.0,4315120.0,4112640.0,1278010.0,8.48727e-07,0.00105286,0.00249646,0.00145006,0.00145245,0.00145266,0.00145574,630.447,0.0003,running,slow2
23.82,6728290.0,4315160.0,4112680.0,1278010.0,8.48731e-07,0.00105558,0.00249918,0.00145007,0.00145246,0.00145267,0.00145574,628.318,0.0003,running,slow2
23.825,6727930.0,4314960.0,4112490.0,1278000.0,8.48709e-07,0.00104188,0.00248552,0.00145003,0.00145242,0.00145262,0.0014557,628.819,0.0003,running,slow2
23.83,6727930.0,4314960.0,4112490.0,1278000.0,8.48709e-07,0.00104188,0.00248552,0.00145003,0.00145242,0.00145262,0.0014557,630.348,0.0003,running,slow2
23.835,6728190.0,4315110.0,4112620.0,1278010.0,8.48725e-07,0.00105172,0.00249533,0.00145006,0.00145245,0.00145265,0.00145573,630.348,0.0003,running,slow2
23.84,6728270.0,4315150.0,4112670.0,1278010.0,8.4873e-07,0.00105495,0.00249855,0.00145007,0.00145246,0.00145267,0.00145574,629.983,0.0003,running,slow2
23.845,6728210.0,4315120.0,4112640.0,1278010.0,8.48727e-07,0.00105259,0.0024962,0.00145006,0.00145245,0.00145266,0.00145573,629.347,0.0003,running,slow2
23.85,6728210.0,4315120.0,4112640.0,1278010.0,8.48727e-07,0.00105259,0.0024962,0.00145006,0.00145245,0.00145266,0.00145573,627.409,0.0003,running,slow2
23.855,6727890.0,4314940.0,4112470.0,1278000.0,8.48706e-07,0.00104012,0.00248377,0.00145002,0.00145241,0.00145261,0.00145569,627.409,0.0003,running,slow2
23.86,6727780.0,4314880.0,4112410.0,1278000.0,8.487e-07,0.00103603,0.00247969,0.00145001,0.0014524,0.0014526,0.00145568,629.41,0.0003,running,slow2
23.865,6728110.0,4315070.0,4112590.0,1278010.0,8.48721e-07,0.00104891,0.00249253,0.00145005,0.00145244,0.00145264,0.00145572,629.583,0.0003,running,slow2
23.87,6728110.0,4315070.0,4112590.0,1278010.0,8.48721e-07,0.00104891,0.00249253,0.00145005,0.00145244,0.00145264,0.00145572,630.112,0.0003,running,slow2
23.875,6728200.0,4315120.0,4112630.0,1278010.0,8.48726e-07,0.00105231,0.00249592,0.00145006,0.00145245,0.00145266,0.00145573,630.112,0.0003,running,slow2
23.88,6728230.0,4315130.0,4112650.0,1278010.0,8.48728e-07,0.00105343,0.00249703,0.00145006,0.00145246,0.00145266,0.00145574,630.102,0.0003,running,slow2
23.885,6728230.0,4315130.0,4112650.0,1278010.0,8.48728e-07,0.00105336,0.00249697,0.00145006,0.00145246,0.00145266,0.00145574,629.911,0.0003,running,slow2
23.89,6728230.0,4315130.0,4112650.0,1278010.0,8.48728e-07,0.00105336,0.00249697,0.00145006,0.00145246,0.00145266,0.00145574,629.33,0.0003,running,slow2
23.895,6728130.0,4315080.0,4112600.0,1278010.0,8.48722e-07,0.00104962,0.00249324,0.00145005,0.00145244,0.00145265,0.00145572,629.33,0.0003,running,slow2
23.9,6728100.0,4315060.0,4112580.0,1278010.0,8.4872e-07,0.00104839,0.00249201,0.00145005,0.00145244,0.00145264,0.00145572,628.12,0.0003,running,slow2
23.905,6727900.0,4314950.0,4112470.0,1278000.0,8.48707e-07,0.0010406,0.00248425,0.00145002,0.00145241,0.00145262,0.00145569,628.893,0.0003,running,slow2
23.91,6727900.0,4314950.0,4112470.0,1278000.0,8.48707e-07,0.0010406,0.00248425,0.00145002,0.00145241,0.00145262,0.00145569,631.25,0.0003,running,slow2
23.915,6728290.0,4315170.0,4112680.0,1278010.0,8.48732e-07,0.00105578,0.00249937,0.00145007,0.00145246,0.00145267,0.00145575,631.25,0.0003,running,slow2
23.92,6728420.0,4315240.0,4112750.0,1278010.0,8.4874e-07,0.00106075,0.00250433,0.00145009,0.00145248,0.00145268,0.00145576,632.005,0.0003,running,slow2
23.925,6728550.0,4315310.0,4112810.0,1278010.0,8.48748e-07,0.00106562,0.00250918,0.00145011,0.0014525,0.0014527,0.00145578,630.988,0.0003,running,slow2
23.93,6728550.0,4315310.0,4112810.0,1278010.0,8.48748e-07,0.00106562,0.00250918,0.00145011,0.0014525,0.0014527,0.00145578,627.885,0.0003,running,slow2
23.935,6728030.0,4315020.0,4112540.0,1278010.0,8.48715e-07,0.00104564,0.00248927,0.00145004,0.00145243,0.00145263,0.00145571,627.885,0.0003,running,slow2
23.94,6727860.0,4314920.0,4112450.0,1278000.0,8.48705e-07,0.00103909,0.00248274,0.00145002,0.00145241,0.00145261,0.00145569,630.605,0.0003,running,slow2
23.945,6728310.0,4315180.0,4112690.0,1278010.0,8.48733e-07,0.0010566,0.0025002,0.00145008,0.00145247,0.00145267,0.00145575,629.974,0.0003,running,slow2
23.95,6728310.0,4315180.0,4112690.0,1278010.0,8.48733e-07,0.0010566,0.0025002,0.00145007,0.00145247,0.00145267,0.00145575,628.05,0.0003,running,slow2
23.955,6727990.0,4315000.0,4112520.0,1278010.0,8.48713e-07,0.00104421,0.00248785,0.00145003,0.00145242,0.00145263,0.00145571,628.05,0.0003,running,slow2
23.96,6727890.0,4314940.0,4112470.0,1278000.0,8.48706e-07,0.00104015,0.0024838,0.00145002,0.00145241,0.00145261,0.00145569,632.895,0.0003,running,slow2
23.965,6728700.0,4315390.0,4112890.0,1278010.0,8.48757e-07,0.00107134,0.00251488,0.00145012,0.00145252,0.00145272,0.0014558,632.111,0.0003,running,slow2
23.97,6728700.0,4315390.0,4112890.0,1278010.0,8.48757e-07,0.00107134,0.00251488,0.00145012,0.00145252,0.00145272,0.0014558,629.723,0.0003,running,slow2
23.975,6728300.0,4315170.0,4112680.0,1278010.0,8.48732e-07,0.00105597,0.00249956,0.00145007,0.00145246,0.00145267,0.00145575,629.723,0.0003,running,slow2
23.98,6728170.0,4315100.0,4112610.0,1278010.0,8.48724e-07,0.00105092,0.00249454,0.00145006,0.00145245,0.00145265,0.00145573,628.805,0.0003,running,slow2
23.985,6728010.0,4315010.0,4112530.0,1278010.0,8.48714e-07,0.00104501,0.00248864,0.00145004,0.00145243,0.00145263,0.00145571,629.012,0.0003,running,slow2
23.99,6728010.0,4315010.0,4112530.0,1278010.0,8.48714e-07,0.00104501,0.00248864,0.00145004,0.00145243,0.00145263,0.00145571,629.645,0.0003,running,slow2
23.995,6728120.0,4315070.0,4112590.0,1278010.0,8.48721e-07,0.00104909,0.00249271,0.00145005,0.00145244,0.00145264,0.00145572,629.645,0.0003,running,slow2
24.0,6728150.0,4315090.0,4112610.0,1278010.0,8.48723e-07,0.00105042,0.00249404,0.00145005,0.00145245,0.00145265,0.00145573,627.507,0.0003,running,slow2
24.005,6727800.0,4314890.0,4112420.0,1278000.0,8.48701e-07,0.00103666,0.00248032,0.00145001,0.0014524,0.0014526,0.00145568,628.556,0.0003,running,slow2
24.01,6727800.0,4314890.0,4112420.0,1278000.0,8.48701e-07,0.00103666,0.00248032,0.00145001,0.0014524,0.0014526,0.00145568,631.754,0.0003,running,slow2
24.015,6728330.0,4315190.0,4112700.0,1278010.0,8.48734e-07,0.00105725,0.00250084,0.00145008,0.00145247,0.00145267,0.00145575,631.754,0.0003,running,slow2
24.02,6728510.0,4315290.0,4112790.0,1278010.0,8.48745e-07,0.001064,0.00250757,0.0014501,0.00145249,0.0014527,0.00145577,628.63,0.0003,running,slow2
24.025,6727980.0,4314990.0,4112520.0,1278010.0,8.48712e-07,0.00104389,0.00248752,0.00145003,0.00145242,0.00145263,0.0014557,629.076,0.0003,running,slow2
24.03,6727980.0,4314990.0,4112520.0,1278010.0,8.48712e-07,0.00104389,0.00248752,0.00145003,0.00145242,0.00145263,0.0014557,630.435,0.0003,running,slow2
24.035,6728210.0,4315120.0,4112640.0,1278010.0,8.48727e-07,0.00105264,0.00249624,0.00145006,0.00145245,0.00145266,0.00145573,630.435,0.0003,running,slow2
24.04,6728280.0,4315160.0,4112680.0,1278010.0,8.48731e-07,0.00105551,0.0024991,0.00145007,0.00145246,0.00145267,0.00145574,630.515,0.0003,running,slow2
24.045,6728300.0,4315170.0,4112680.0,1278010.0,8.48732e-07,0.00105602,0.00249962,0.00145007,0.00145246,0.00145267,0.00145575,630.146,0.0003,running,slow2
24.05,6728300.0,4315170.0,4112680.0,1278010.0,8.48732e-07,0.00105602,0.00249962,0.00145007,0.00145246,0.00145267,0.00145575,629.02,0.0003,running,slow2
24.055,6728110.0,4315070.0,4112580.0,1278010.0,8.4872e-07,0.00104878,0.0024924,0.00145005,0.00145244,0.00145264,0.00145572,629.02,0.0003,running,slow2
24.06,6728050.0,4315030.0,4112550.0,1278010.0,8.48716e-07,0.0010464,0.00249003,0.00145004,0.00145243,0.00145264,0.00145571,630.11,0.0003,running,slow2
24.065,6728230.0,4315130.0,4112650.0,1278010.0,8.48728e-07,0.00105341,0.00249702,0.00145006,0.00145246,0.00145266,0.00145574,629.726,0.0003,running,slow2
24.07,6728230.0,4315130.0,4112650.0,1278010.0,8.48728e-07,0.00105341,0.00249702,0.00145006,0.00145246,0.00145266,0.00145574,628.556,0.0003,running,slow2
24.075,6728030.0,4315020.0,4112540.0,1278010.0,8.48716e-07,0.00104588,0.00248951,0.00145004,0.00145243,0.00145263,0.00145571,628.556,0.0003,running,slow2
24.08,6727970.0,4314990.0,4112510.0,1278010.0,8.48712e-07,0.00104341,0.00248705,0.00145003,0.00145242,0.00145263,0.0014557,628.128,0.0003,running,slow2
24.085,6727900.0,4314950.0,4112470.0,1278010.0,8.48707e-07,0.00104065,0.0024843,0.00145002,0.00145241,0.00145262,0.00145569,628.44,0.0003,running,slow2
24.09,6727900.0,4314950.0,4112470.0,1278010.0,8.48707e-07,0.00104065,0.0024843,0.00145002,0.00145241,0.00145262,0.00145569,629.391,0.0003,running,slow2
24.095,6728060.0,4315040.0,4112560.0,1278010.0,8.48717e-07,0.00104678,0.00249041,0.00145004,0.00145243,0.00145264,0.00145571,629.391,0.0003,running,slow2
24.1,6728110.0,4315070.0,4112580.0,1278010.0,8.4872e-07,0.00104879,0.00249241,0.00145005,0.00145244,0.00145264,0.00145572,629.46,0.0003,running,slow2
24.105,6728120.0,4315070.0,4112590.0,1278010.0,8.48721e-07,0.00104923,0.00249285,0.00145005,0.00145244,0.00145265,0.00145572,627.973,0.0003,running,slow2
24.11,6728120.0,4315070.0,4112590.0,1278010.0,8.48721e-07,0.00104923,0.00249285,0.00145005,0.00145244,0.00145265,0.00145572,623.439,0.0003,running,slow2
24.115,6727360.0,4314650.0,4112190.0,1278000.0,8.48674e-07,0.00102004,0.00246376,0.00144995,0.00145234,0.00145255,0.00145562,623.439,0.0003,running,slow2
24.12,6727120.0,4314510.0,4112060.0,1278000.0,8.48658e-07,0.00101046,0.00245422,0.00144992,0.00145231,0.00145251,0.00145559,629.03,0.0003,running,slow2
24.125,6728050.0,4315030.0,4112550.0,1278010.0,8.48717e-07,0.00104646,0.00249009,0.00145004,0.00145243,0.00145264,0.00145571,628.881,0.0003,running,slow2
24.13,6728050.0,4315030.0,4112550.0,1278010.0,8.48717e-07,0.00104646,0.00249009,0.00145004,0.00145243,0.00145264,0.00145571,628.426,0.0003,running,slow2
24.135,6727970.0,4314990.0,4112510.0,1278010.0,8.48712e-07,0.00104353,0.00248717,0.00145003,0.00145242,0.00145263,0.0014557,628.426,0.0003,running,slow2
24.14,6727950.0,4314980.0,4112500.0,1278010.0,8.4871e-07,0.00104257,0.00248622,0.00145003,0.00145242,0.00145262,0.0014557,625.629,0.0003,running,slow2
24.145,6727480.0,4314710.0,4112250.0,1278000.0,8.48681e-07,0.00102456,0.00246827,0.00144997,0.00145236,0.00145256,0.00145564,626.096,0.0003,running,slow2
24.15,6727480.0,4314710.0,4112250.0,1278000.0,8.48681e-07,0.00102456,0.00246827,0.00144997,0.00145236,0.00145256,0.00145564,627.52,0.0003,running,slow2
24.155,6727720.0,4314850.0,4112380.0,1278000.0,8.48696e-07,0.00103373,0.00247741,0.00145,0.00145239,0.00145259,0.00145567,627.52,0.0003,running,slow2
24.16,6727800.0,4314890.0,4112420.0,1278010.0,8.48701e-07,0.00103674,0.0024804,0.00145001,0.0014524,0.0014526,0.00145568,627.137,0.0003,running,slow2
24.165,6727730.0,4314850.0,4112390.0,1278010.0,8.48697e-07,0.00103427,0.00247794,0.00145,0.00145239,0.00145259,0.00145567,627.132,0.0003,running,slow2
24.17,6727730.0,4314850.0,4112390.0,1278010.0,8.48697e-07,0.00103427,0.00247794,0.00145,0.00145239,0.00145259,0.00145567,627.118,0.0003,running,slow2
24.175,6727730.0,4314850.0,4112390.0,1278010.0,8.48697e-07,0.00103418,0.00247785,0.00145,0.00145239,0.00145259,0.00145567,627.118,0.0003,running,slow2
24.18,6727730.0,4314850.0,4112390.0,1278010.0,8.48697e-07,0.00103415,0.00247782,0.00145,0.00145239,0.00145259,0.00145567,628.04,0.0003,running,slow2
24.185,6727880.0,4314940.0,4112470.0,1278010.0,8.48706e-07,0.00104009,0.00248374,0.00145002,0.00145241,0.00145261,0.00145569,627.489,0.0003,running,slow2
24.19,6727880.0,4314940.0,4112470.0,1278010.0,8.48706e-07,0.00104009,0.00248374,0.00145002,0.00145241,0.00145261,0.00145569,625.811,0.0003,running,slow2
24.195,6727600.0,4314780.0,4112320.0,1278000.0,8.48689e-07,0.00102928,0.00247297,0.00144998,0.00145237,0.00145258,0.00145565,625.811,0.0003,running,slow2
24.2,6727510.0,4314730.0,4112270.0,1278000.0,8.48683e-07,0.00102574,0.00246944,0.00144997,0.00145236,0.00145256,0.00145564,629.158,0.0003,running,slow2
24.205,6728070.0,4315040.0,4112560.0,1278010.0,8.48718e-07,0.00104728,0.00249091,0.00145004,0.00145243,0.00145264,0.00145572,629.438,0.0003,running,slow2
24.21,6728070.0,4315040.0,4112560.0,1278010.0,8.48718e-07,0.00104728,0.00249091,0.00145004,0.00145243,0.00145264,0.00145572,630.292,0.0003,running,slow2
24.215,6728210.0,4315130.0,4112640.0,1278010.0,8.48727e-07,0.00105278,0.00249639,0.00145006,0.00145245,0.00145266,0.00145573,630.292,0.0003,running,slow2
24.22,6728260.0,4315150.0,4112660.0,1278010.0,8.4873e-07,0.00105459,0.00249819,0.00145007,0.00145246,0.00145266,0.00145574,629.744,0.0003,running,slow2
24.225,6728170.0,4315100.0,4112620.0,1278010.0,8.48724e-07,0.00105106,0.00249467,0.00145006,0.00145245,0.00145265,0.00145573,629.119,0.0003,running,slow2
24.23,6728170.0,4315100.0,4112620.0,1278010.0,8.48724e-07,0.00105106,0.00249467,0.00145006,0.00145245,0.00145265,0.00145573,627.213,0.0003,running,slow2
24.235,6727850.0,4314920.0,4112450.0,1278010.0,8.48704e-07,0.00103879,0.00248244,0.00145001,0.00145241,0.00145261,0.00145569,627.213,0.0003,running,slow2
24.24,6727750.0,4314860.0,4112390.0,1278010.0,8.48698e-07,0.00103476,0.00247843,0.00145,0.00145239,0.0014526,0.00145567,627.488,0.0003,running,slow2
24.245,6727790.0,4314890.0,4112420.0,1278010.0,8.48701e-07,0.00103653,0.00248019,0.00145001,0.0014524,0.0014526,0.00145568,628.36,0.0003,running,slow2
24.25,6727790.0,4314890.0,4112420.0,1278010.0,8.48701e-07,0.00103653,0.00248019,0.00145001,0.0014524,0.0014526,0.00145568,631.021,0.0003,running,slow2
24.255,6728240.0,4315140.0,4112650.0,1278010.0,8.48728e-07,0.00105366,0.00249726,0.00145006,0.00145246,0.00145266,0.00145574,631.021,0.0003,running,slow2
24.26,6728380.0,4315220.0,4112730.0,1278010.0,8.48737e-07,0.00105928,0.00250286,0.00145008,0.00145248,0.00145268,0.00145576,629.987,0.0003,running,slow2
24.265,6728210.0,4315120.0,4112640.0,1278010.0,8.48727e-07,0.00105262,0.00249623,0.00145006,0.00145245,0.00145266,0.00145573,629.721,0.0003,running,slow2
24.27,6728210.0,4315120.0,4112640.0,1278010.0,8.48727e-07,0.00105262,0.00249623,0.00145006,0.00145245,0.00145266,0.00145573,628.912,0.0003,running,slow2
24.275,6728070.0,4315050.0,4112570.0,1278010.0,8.48718e-07,0.00104741,0.00249104,0.00145004,0.00145243,0.00145264,0.00145572,628.912,0.0003,running,slow2
24.28,6728030.0,4315020.0,4112540.0,1278010.0,8.48715e-07,0.0010457,0.00248933,0.00145004,0.00145243,0.00145263,0.00145571,628.293,0.0003,running,slow2
24.285,6727930.0,4314960.0,4112490.0,1278010.0,8.48709e-07,0.00104172,0.00248536,0.00145002,0.00145242,0.00145262,0.0014557,628.672,0.0003,running,slow2
24.29,6727930.0,4314960.0,4112490.0,1278010.0,8.48709e-07,0.00104172,0.00248536,0.00145002,0.00145242,0.00145262,0.0014557,629.827,0.0003,running,slow2
24.295,6728120.0,4315070.0,4112590.0,1278010.0,8.48721e-07,0.00104915,0.00249277,0.00145005,0.00145244,0.00145264,0.00145572,629.827,0.0003,running,slow2
24.3,6728180.0,4315110.0,4112620.0,1278010.0,8.48725e-07,0.00105159,0.0024952,0.00145006,0.00145245,0.00145265,0.00145573,626.81,0.0003,running,slow2
24.305,6727680.0,4314820.0,4112360.0,1278010.0,8.48693e-07,0.00103217,0.00247585,0.00144999,0.00145238,0.00145259,0.00145566,626.502,0.0003,running,slow2
24.31,6727680.0,4314820.0,4112360.0,1278010.0,8.48693e-07,0.00103217,0.00247585,0.00144999,0.00145238,0.00145259,0.00145566,625.563,0.0003,running,slow2
24.315,6727520.0,4314740.0,4112280.0,1278000.0,8.48684e-07,0.00102612,0.00246982,0.00144997,0.00145236,0.00145257,0.00145564,625.563,0.0003,running,slow2
24.32,6727470.0,4314710.0,4112250.0,1278000.0,8.4868e-07,0.00102414,0.00246784,0.00144996,0.00145236,0.00145256,0.00145564,624.729,0.0003,running,slow2
24.325,6727330.0,4314630.0,4112180.0,1278000.0,8.48672e-07,0.00101877,0.0024625,0.00144995,0.00145234,0.00145254,0.00145562,626.121,0.0003,running,slow2
24.33,6727330.0,4314630.0,4112180.0,1278000.0,8.48672e-07,0.00101877,0.0024625,0.00144995,0.00145234,0.00145254,0.00145562,630.362,0.0003,running,slow2
24.335,6728040.0,4315030.0,4112550.0,1278010.0,8.48716e-07,0.00104608,0.00248971,0.00145004,0.00145243,0.00145263,0.00145571,630.362,0.0003,running,slow2
24.34,6728270.0,4315160.0,4112670.0,1278010.0,8.4873e-07,0.00105504,0.00249863,0.00145007,0.00145246,0.00145266,0.00145574,630.668,0.0003,running,slow2
24.345,6728320.0,4315190.0,4112700.0,1278010.0,8.48734e-07,0.00105701,0.0025006,0.00145008,0.00145247,0.00145267,0.00145575,629.909,0.0003,running,slow2
24.35,6728320.0,4315190.0,4112700.0,1278010.0,8.48734e-07,0.00105701,0.0025006,0.00145008,0.00145247,0.00145267,0.00145575,627.595,0.0003,running,slow2
24.355,6727940.0,4314970.0,4112490.0,1278010.0,8.4871e-07,0.00104211,0.00248575,0.00145003,0.00145242,0.00145262,0.0014557,627.595,0.0003,running,slow2
24.36,6727810.0,4314900.0,4112430.0,1278010.0,8.48702e-07,0.00103722,0.00248088,0.00145001,0.0014524,0.0014526,0.00145568,629.014,0.0003,running,slow2
24.365,6728050.0,4315030.0,4112550.0,1278010.0,8.48716e-07,0.00104636,0.00248999,0.00145004,0.00145243,0.00145263,0.00145571,628.182,0.0003,running,slow2
24.37,6728050.0,4315030.0,4112550.0,1278010.0,8.48716e-07,0.00104636,0.00248999,0.00145004,0.00145243,0.00145263,0.00145571,625.646,0.0003,running,slow2
24.375,6727620.0,4314790.0,4112330.0,1278010.0,8.4869e-07,0.00103003,0.00247371,0.00144998,0.00145238,0.00145258,0.00145566,625.646,0.0003,running,slow2
24.38,6727480.0,4314720.0,4112260.0,1278000.0,8.48681e-07,0.00102467,0.00246837,0.00144997,0.00145236,0.00145256,0.00145564,627.149,0.0003,running,slow2
24.385,6727740.0,4314860.0,4112390.0,1278010.0,8.48697e-07,0.00103435,0.00247802,0.00145,0.00145239,0.00145259,0.00145567,627.417,0.0003,running,slow2
24.39,6727740.0,4314860.0,4112390.0,1278010.0,8.48697e-07,0.00103435,0.00247802,0.00145,0.00145239,0.00145259,0.00145567,628.232,0.0003,running,slow2
24.395,6727870.0,4314930.0,4112460.0,1278010.0,8.48705e-07,0.0010396,0.00248325,0.00145002,0.00145241,0.00145261,0.00145569,628.232,0.0003,running,slow2
24.4,6727920.0,4314960.0,4112480.0,1278010.0,8.48708e-07,0.00104132,0.00248497,0.00145002,0.00145241,0.00145262,0.00145569,623.832,0.0003,running,slow2
24.405,6727180.0,4314540.0,4112100.0,1278000.0,8.48662e-07,0.00101299,0.00245674,0.00144993,0.00145232,0.00145252,0.0014556,624.785,0.0003,running,slow2
24.41,6727180.0,4314540.0,4112100.0,1278000.0,8.48662e-07,0.00101299,0.00245674,0.00144993,0.00145232,0.00145252,0.0014556,627.688,0.0003,running,slow2
24.415,6727670.0,4314820.0,4112350.0,1278010.0,8.48693e-07,0.00103169,0.00247537,0.00144999,0.00145238,0.00145258,0.00145566,627.688,0.0003,running,slow2
24.42,6727830.0,4314910.0,4112440.0,1278010.0,8.48703e-07,0.00103782,0.00248148,0.00145001,0.0014524,0.00145261,0.00145568,627.6,0.0003,running,slow2
24.425,6727810.0,4314900.0,4112430.0,1278010.0,8.48702e-07,0.00103726,0.00248092,0.00145001,0.0014524,0.0014526,0.00145568,627.949,0.0003,running,slow2
24.43,6727810.0,4314900.0,4112430.0,1278010.0,8.48702e-07,0.00103726,0.00248092,0.00145001,0.0014524,0.0014526,0.00145568,629.01,0.0003,running,slow2
24.435,6727990.0,4315000.0,4112520.0,1278010.0,8.48713e-07,0.00104409,0.00248773,0.00145003,0.00145242,0.00145263,0.0014557,629.01,0.0003,running,slow2
24.44,6728050.0,4315030.0,4112550.0,1278010.0,8.48716e-07,0.00104633,0.00248996,0.00145004,0.00145243,0.00145263,0.00145571,628.468,0.0003,running,slow2
24.445,6727960.0,4314980.0,4112510.0,1278010.0,8.48711e-07,0.00104284,0.00248648,0.00145003,0.00145242,0.00145262,0.0014557,628.331,0.0003,running,slow2
24.45,6727960.0,4314980.0,4112510.0,1278010.0,8.48711e-07,0.00104284,0.00248648,0.00145003,0.00145242,0.00145262,0.0014557,627.915,0.0003,running,slow2
24.455,6727890.0,4314940.0,4112470.0,1278010.0,8.48706e-07,0.00104016,0.00248381,0.00145002,0.00145241,0.00145261,0.00145569,627.915,0.0003,running,slow2
24.46,6727860.0,4314930.0,4112460.0,1278010.0,8.48705e-07,0.00103928,0.00248294,0.00145002,0.00145241,0.00145261,0.00145569,628.327,0.0003,running,slow2
24.465,6727930.0,4314970.0,4112490.0,1278010.0,8.48709e-07,0.00104194,0.00248558,0.00145002,0.00145242,0.00145262,0.0014557,627.456,0.0003,running,slow2
24.47,6727930.0,4314970.0,4112490.0,1278010.0,8.48709e-07,0.00104194,0.00248558,0.00145002,0.00145242,0.00145262,0.0014557,624.799,0.0003,running,slow2
24.475,6727490.0,4314720.0,4112260.0,1278010.0,8.48682e-07,0.00102483,0.00246853,0.00144997,0.00145236,0.00145256,0.00145564,624.799,0.0003,running,slow2
24.48,6727340.0,4314640.0,4112180.0,1278000.0,8.48673e-07,0.00101922,0.00246294,0.00144995,0.00145234,0.00145254,0.00145562,626.988,0.0003,running,slow2
24.485,6727710.0,4314840.0,4112380.0,1278010.0,8.48695e-07,0.00103331,0.00247699,0.00145,0.00145239,0.00145259,0.00145567,626.475,0.0003,running,slow2
24.49,6727710.0,4314840.0,4112380.0,1278010.0,8.48695e-07,0.00103331,0.00247699,0.00145,0.00145239,0.00145259,0.00145567,624.912,0.0003,running,slow2
24.495,6727450.0,4314690.0,4112240.0,1278010.0,8.48679e-07,0.00102325,0.00246696,0.00144996,0.00145235,0.00145256,0.00145563,624.912,0.0003,running,slow2
24.5,6727360.0,4314650.0,4112190.0,1278000.0,8.48674e-07,0.00101995,0.00246367,0.00144995,0.00145234,0.00145254,0.00145562,626.584,0.0003,running,slow2
24.505,6727640.0,4314800.0,4112340.0,1278010.0,8.48691e-07,0.00103071,0.0024744,0.00144999,0.00145238,0.00145258,0.00145566,627.474,0.0003,running,slow2
24.51,6727640.0,4314800.0,4112340.0,1278010.0,8.48691e-07,0.00103071,0.0024744,0.00144999,0.00145238,0.00145258,0.00145566,630.189,0.0003,running,slow2
24.515,6728090.0,4315060.0,4112580.0,1278010.0,8.48719e-07,0.00104819,0.00249181,0.00145005,0.00145244,0.00145264,0.00145572,630.189,0.0003,running,slow2
24.52,6728240.0,4315140.0,4112660.0,1278020.0,8.48729e-07,0.00105392,0.00249752,0.00145007,0.00145246,0.00145266,0.00145574,629.378,0.0003,running,slow2
24.525,6728110.0,4315070.0,4112590.0,1278010.0,8.4872e-07,0.0010487,0.00249232,0.00145005,0.00145244,0.00145264,0.00145572,629.114,0.0003,running,slow2
24.53,6728110.0,4315070.0,4112590.0,1278010.0,8.4872e-07,0.0010487,0.00249232,0.00145005,0.00145244,0.00145264,0.00145572,628.31,0.0003,running,slow2
24.535,6727970.0,4314990.0,4112520.0,1278010.0,8.48712e-07,0.00104352,0.00248716,0.00145003,0.00145242,0.00145263,0.0014557,628.31,0.0003,running,slow2
24.54,6727930.0,4314970.0,4112490.0,1278010.0,8.48709e-07,0.00104183,0.00248547,0.00145002,0.00145242,0.00145262,0.0014557,624.517,0.0003,running,slow2
24.545,6727300.0,4314610.0,4112160.0,1278000.0,8.4867e-07,0.0010174,0.00246113,0.00144994,0.00145233,0.00145254,0.00145561,626.179,0.0003,running,slow2
24.55,6727300.0,4314610.0,4112160.0,1278000.0,8.4867e-07,0.0010174,0.00246113,0.00144994,0.00145233,0.00145254,0.00145561,631.247,0.0003,running,slow2
24.555,6728140.0,4315090.0,4112600.0,1278010.0,8.48722e-07,0.00105003,0.00249365,0.00145005,0.00145244,0.00145265,0.00145572,631.247,0.0003,running,slow2
24.56,6728420.0,4315240.0,4112750.0,1278020.0,8.4874e-07,0.00106074,0.00250432,0.00145009,0.00145248,0.00145268,0.00145576,630.248,0.0003,running,slow2
24.565,6728250.0,4315150.0,4112660.0,1278020.0,8.48729e-07,0.00105431,0.00249791,0.00145007,0.00145246,0.00145266,0.00145574,630.381,0.0003,running,slow2
24.57,6728250.0,4315150.0,4112660.0,1278020.0,8.48729e-07,0.00105431,0.00249791,0.00145007,0.00145246,0.00145266,0.00145574,630.787,0.0003,running,slow2
24.575,6728320.0,4315190.0,4112700.0,1278020.0,8.48733e-07,0.00105692,0.00250051,0.00145008,0.00145247,0.00145267,0.00145575,630.787,0.0003,running,slow2
24.58,6728340.0,4315200.0,4112710.0,1278020.0,8.48735e-07,0.00105777,0.00250136,0.00145008,0.00145247,0.00145267,0.00145575,628.769,0.0003,running,slow2
24.585,6728010.0,4315010.0,4112530.0,1278010.0,8.48714e-07,0.00104478,0.00248841,0.00145003,0.00145243,0.00145263,0.00145571,629.296,0.0003,running,slow2
24.59,6728010.0,4315010.0,4112530.0,1278010.0,8.48714e-07,0.00104478,0.00248841,0.00145003,0.00145243,0.00145263,0.00145571,630.902,0.0003,running,slow2
24.595,6728270.0,4315160.0,4112670.0,1278020.0,8.48731e-07,0.00105512,0.00249872,0.00145007,0.00145246,0.00145266,0.00145574,630.902,0.0003,running,slow2
24.6,6728360.0,4315210.0,4112720.0,1278020.0,8.48736e-07,0.00105851,0.0025021,0.00145008,0.00145247,0.00145268,0.00145575,626.509,0.0003,running,slow2
24.605,6727630.0,4314800.0,4112330.0,1278010.0,8.4869e-07,0.00103023,0.00247391,0.00144998,0.00145238,0.00145258,0.00145566,626.682,0.0003,running,slow2
24.61,6727630.0,4314800.0,4112330.0,1278010.0,8.4869e-07,0.00103023,0.00247391,0.00144998,0.00145238,0.00145258,0.00145566,627.21,0.0003,running,slow2
24.615,6727720.0,4314850.0,4112380.0,1278010.0,8.48696e-07,0.00103363,0.0024773,0.00145,0.00145239,0.00145259,0.00145567,627.21,0.0003,running,slow2
24.62,6727750.0,4314860.0,4112400.0,1278010.0,8.48698e-07,0.00103474,0.00247841,0.00145,0.00145239,0.00145259,0.00145567,626.872,0.0003,running,slow2
24.625,6727690.0,4314830.0,4112370.0,1278010.0,8.48694e-07,0.00103257,0.00247624,0.00144999,0.00145238,0.00145259,0.00145566,628.08,0.0003,running,slow2
24.63,6727690.0,4314830.0,4112370.0,1278010.0,8.48694e-07,0.00103257,0.00247624,0.00144999,0.00145238,0.00145259,0.00145566,631.763,0.0003,running,slow2
24.635,6728300.0,4315180.0,4112690.0,1278020.0,8.48732e-07,0.00105628,0.00249987,0.00145007,0.00145246,0.00145267,0.00145575,631.763,0.0003,running,slow2
24.64,6728510.0,4315290.0,4112800.0,1278020.0,8.48745e-07,0.00106406,0.00250762,0.0014501,0.00145249,0.00145269,0.00145577,632.799,0.0003,running,slow2
24.645,6728680.0,4315390.0,4112890.0,1278020.0,8.48756e-07,0.00107073,0.00251427,0.00145012,0.00145251,0.00145272,0.0014558,631.805,0.0003,running,slow2
24.65,6728680.0,4315390.0,4112890.0,1278020.0,8.48756e-07,0.00107073,0.00251427,0.00145012,0.00145251,0.00145272,0.0014558,628.773,0.0003,running,slow2
24.655,6728170.0,4315100.0,4112620.0,1278020.0,8.48724e-07,0.00105121,0.00249482,0.00145006,0.00145245,0.00145265,0.00145573,628.773,0.0003,running,slow2
24.66,6728010.0,4315010.0,4112530.0,1278010.0,8.48714e-07,0.00104481,0.00248844,0.00145003,0.00145243,0.00145263,0.00145571,627.382,0.0003,running,slow2
24.665,6727770.0,4314880.0,4112410.0,1278010.0,8.48699e-07,0.00103585,0.00247952,0.00145,0.00145239,0.0014526,0.00145568,627.345,0.0003,running,slow2
24.67,6727770.0,4314880.0,4112410.0,1278010.0,8.48699e-07,0.00103585,0.00247952,0.00145,0.00145239,0.0014526,0.00145568,627.232,0.0003,running,slow2
24.675,6727760.0,4314870.0,4112400.0,1278010.0,8.48698e-07,0.00103512,0.00247879,0.00145,0.00145239,0.0014526,0.00145567,627.232,0.0003,running,slow2
24.68,6727750.0,4314870.0,4112400.0,1278010.0,8.48698e-07,0.00103488,0.00247855,0.00145,0.00145239,0.0014526,0.00145567,629.827,0.0003,running,slow2
24.685,6728180.0,4315110.0,4112630.0,1278020.0,8.48725e-07,0.00105159,0.0024952,0.00145006,0.00145245,0.00145265,0.00145573,628.023,0.0003,running,slow2
24.69,6728180.0,4315110.0,4112630.0,1278020.0,8.48725e-07,0.00105159,0.0024952,0.00145006,0.00145245,0.00145265,0.00145573,622.524,0.0003,running,slow2
24.695,6727260.0,4314590.0,4112140.0,1278010.0,8.48668e-07,0.00101619,0.00245992,0.00144994,0.00145233,0.00145253,0.00145561,622.524,0.0003,running,slow2
24.7,6726960.0,4314420.0,4111980.0,1278000.0,8.48649e-07,0.00100457,0.00244835,0.0014499,0.00145229,0.00145249,0.00145557,628.93,0.0003,running,slow2
24.705,6728030.0,4315030.0,4112550.0,1278010.0,8.48716e-07,0.00104582,0.00248945,0.00145004,0.00145243,0.00145263,0.00145571,629.363,0.0003,running,slow2
24.71,6728030.0,4315030.0,4112550.0,1278010.0,8.48716e-07,0.00104582,0.00248945,0.00145004,0.00145243,0.00145263,0.00145571,630.684,0.0003,running,slow2
24.715,6728250.0,4315150.0,4112660.0,1278020.0,8.48729e-07,0.00105432,0.00249792,0.00145007,0.00145246,0.00145266,0.00145574,630.684,0.0003,running,slow2
24.72,6728330.0,4315190.0,4112700.0,1278020.0,8.48734e-07,0.00105711,0.0025007,0.00145008,0.00145247,0.00145267,0.00145575,625.101,0.0003,running,slow2
24.725,6727390.0,4314670.0,4112210.0,1278010.0,8.48676e-07,0.00102117,0.00246488,0.00144995,0.00145234,0.00145255,0.00145563,625.003,0.0003,running,slow2
24.73,6727390.0,4314670.0,4112210.0,1278010.0,8.48676e-07,0.00102117,0.00246488,0.00144995,0.00145234,0.00145255,0.00145563,624.703,0.0003,running,slow2
24.735,6727340.0,4314640.0,4112180.0,1278010.0,8.48673e-07,0.00101923,0.00246296,0.00144995,0.00145234,0.00145254,0.00145562,624.703,0.0003,running,slow2
24.74,6727330.0,4314630.0,4112180.0,1278010.0,8.48672e-07,0.0010186,0.00246233,0.00144994,0.00145234,0.00145254,0.00145562,628.95,0.0003,running,slow2
24.745,6728040.0,4315030.0,4112550.0,1278020.0,8.48716e-07,0.00104595,0.00248958,0.00145004,0.00145243,0.00145263,0.00145571,628.879,0.0003,running,slow2
24.75,6728040.0,4315030.0,4112550.0,1278020.0,8.48716e-07,0.00104595,0.00248958,0.00145004,0.00145243,0.00145263,0.00145571,628.66,0.0003,running,slow2
24.755,6728000.0,4315010.0,4112530.0,1278010.0,8.48713e-07,0.00104454,0.00248817,0.00145003,0.00145242,0.00145263,0.00145571,628.66,0.0003,running,slow2
24.76,6727990.0,4315000.0,4112520.0,1278010.0,8.48713e-07,0.00104408,0.00248771,0.00145003,0.00145242,0.00145263,0.0014557,629.846,0.0003,running,slow2
24.765,6728190.0,4315110.0,4112630.0,1278020.0,8.48725e-07,0.00105171,0.00249532,0.00145006,0.00145245,0.00145265,0.00145573,629.443,0.0003,running,slow2
24.77,6728190.0,4315110.0,4112630.0,1278020.0,8.48725e-07,0.00105171,0.00249532,0.00145006,0.00145245,0.00145265,0.00145573,628.216,0.0003,running,slow2
24.775,6727980.0,4315000.0,4112520.0,1278010.0,8.48712e-07,0.00104381,0.00248745,0.00145003,0.00145242,0.00145263,0.0014557,628.216,0.0003,running,slow2
24.78,6727910.0,4314960.0,4112480.0,1278010.0,8.48708e-07,0.00104122,0.00248486,0.00145002,0.00145241,0.00145262,0.00145569,627.004,0.0003,running,slow2
24.785,6727710.0,4314840.0,4112380.0,1278010.0,8.48695e-07,0.00103341,0.00247709,0.00145,0.00145239,0.00145259,0.00145567,626.481,0.0003,running,slow2
24.79,6727710.0,4314840.0,4112380.0,1278010.0,8.48695e-07,0.00103341,0.00247709,0.00145,0.00145239,0.00145259,0.00145567,624.889,0.0003,running,slow2
24.795,6727450.0,4314700.0,4112240.0,1278010.0,8.48679e-07,0.00102316,0.00246687,0.00144996,0.00145235,0.00145256,0.00145563,624.889,0.0003,running,slow2
24.8,6727360.0,4314650.0,4112190.0,1278010.0,8.48673e-07,0.0010198,0.00246352,0.00144995,0.00145234,0.00145254,0.00145562,631.522,0.0003,running,slow2
24.805,6728470.0,4315270.0,4112780.0,1278020.0,8.48743e-07,0.00106251,0.00250608,0.00145009,0.00145249,0.00145269,0.00145577,630.808,0.0003,running,slow2
24.81,6728470.0,4315270.0,4112780.0,1278020.0,8.48743e-07,0.00106251,0.00250608,0.00145009,0.00145249,0.00145269,0.00145577,628.631,0.0003,running,slow2
24.815,6728100.0,4315070.0,4112580.0,1278020.0,8.4872e-07,0.00104849,0.00249211,0.00145005,0.00145244,0.00145264,0.00145572,628.631,0.0003,running,slow2
24.82,6727980.0,4315000.0,4112520.0,1278020.0,8.48712e-07,0.00104389,0.00248753,0.00145003,0.00145242,0.00145263,0.0014557,632.504,0.0003,running,slow2
24.825,6728630.0,4315360.0,4112860.0,1278020.0,8.48753e-07,0.00106883,0.00251238,0.00145012,0.00145251,0.00145271,0.00145579,630.678,0.0003,running,slow2
24.83,6728630.0,4315360.0,4112860.0,1278020.0,8.48753e-07,0.00106883,0.00251238,0.00145012,0.00145251,0.00145271,0.00145579,625.111,0.0003,running,slow2
24.835,6727700.0,4314840.0,4112370.0,1278010.0,8.48695e-07,0.00103298,0.00247666,0.00144999,0.00145238,0.00145259,0.00145567,625.111,0.0003,running,slow2
24.84,6727400.0,4314670.0,4112210.0,1278010.0,8.48676e-07,0.00102123,0.00246494,0.00144995,0.00145234,0.00145255,0.00145563,631.94,0.0003,running,slow2
24.845,6728540.0,4315310.0,4112810.0,1278020.0,8.48747e-07,0.0010652,0.00250876,0.0014501,0.00145249,0.0014527,0.00145578,630.954,0.0003,running,slow2
24.85,6728540.0,4315310.0,4112810.0,1278020.0,8.48747e-07,0.0010652,0.00250876,0.0014501,0.00145249,0.0014527,0.00145578,627.949,0.0003,running,slow2
24.855,6728030.0,4315030.0,4112550.0,1278020.0,8.48716e-07,0.00104585,0.00248948,0.00145004,0.00145243,0.00145263,0.00145571,627.949,0.0003,running,slow2
24.86,6727870.0,4314930.0,4112460.0,1278010.0,8.48705e-07,0.0010395,0.00248315,0.00145002,0.00145241,0.00145261,0.00145569,627.577,0.0003,running,slow2
24.865,6727810.0,4314900.0,4112430.0,1278010.0,8.48701e-07,0.00103711,0.00248077,0.00145001,0.0014524,0.0014526,0.00145568,628.016,0.0003,running,slow2
24.87,6727810.0,4314900.0,4112430.0,1278010.0,8.48701e-07,0.00103711,0.00248077,0.00145001,0.0014524,0.0014526,0.00145568,629.353,0.0003,running,slow2
24.875,6728030.0,4315030.0,4112550.0,1278020.0,8.48715e-07,0.00104572,0.00248935,0.00145004,0.00145243,0.00145263,0.00145571,629.353,0.0003,running,slow2
24.88,6728100.0,4315070.0,4112590.0,1278020.0,8.4872e-07,0.00104854,0.00249216,0.00145005,0.00145244,0.00145264,0.00145572,626.654,0.0003,running,slow2
24.885,6727650.0,4314810.0,4112350.0,1278010.0,8.48692e-07,0.00103117,0.00247485,0.00144999,0.00145238,0.00145258,0.00145566,626.555,0.0003,running,slow2
24.89,6727650.0,4314810.0,4112350.0,1278010.0,8.48692e-07,0.00103117,0.00247485,0.00144999,0.00145238,0.00145258,0.00145566,626.252,0.0003,running,slow2
24.895,6727600.0,4314780.0,4112320.0,1278010.0,8.48689e-07,0.00102921,0.0024729,0.00144998,0.00145237,0.00145258,0.00145565,626.252,0.0003,running,slow2
24.9,6727590.0,4314770.0,4112310.0,1278010.0,8.48688e-07,0.00102857,0.00247226,0.00144998,0.00145237,0.00145257,0.00145565,625.48,0.0003,running,slow2
24.905,6727460.0,4314700.0,4112250.0,1278010.0,8.4868e-07,0.0010236,0.00246731,0.00144996,0.00145235,0.00145256,0.00145563,626.373,0.0003,running,slow2
24.91,6727460.0,4314700.0,4112250.0,1278010.0,8.4868e-07,0.0010236,0.00246731,0.00144996,0.00145235,0.00145256,0.00145563,629.097,0.0003,running,slow2
24.915,6727910.0,4314960.0,4112480.0,1278020.0,8.48708e-07,0.00104114,0.00248479,0.00145002,0.00145241,0.00145262,0.00145569,629.097,0.0003,running,slow2
24.92,6728060.0,4315040.0,4112560.0,1278020.0,8.48717e-07,0.00104689,0.00249052,0.00145004,0.00145243,0.00145264,0.00145571,629.023,0.0003,running,slow2
24.925,6728050.0,4315040.0,4112560.0,1278020.0,8.48717e-07,0.00104642,0.00249004,0.00145004,0.00145243,0.00145263,0.00145571,628.513,0.0003,running,slow2
24.93,6728050.0,4315040.0,4112560.0,1278020.0,8.48717e-07,0.00104642,0.00249004,0.00145004,0.00145243,0.00145263,0.00145571,626.959,0.0003,running,slow2
24.935,6727790.0,4314890.0,4112420.0,1278010.0,8.487e-07,0.00103641,0.00248007,0.00145001,0.0014524,0.0014526,0.00145568,626.959,0.0003,running,slow2
24.94,6727700.0,4314840.0,4112380.0,1278010.0,8.48695e-07,0.00103313,0.0024768,0.00144999,0.00145239,0.00145259,0.00145567,627.417,0.0003,running,slow2
24.945,6727780.0,4314880.0,4112420.0,1278010.0,8.487e-07,0.00103608,0.00247974,0.00145,0.0014524,0.0014526,0.00145568,627.993,0.0003,running,slow2
24.95,6727780.0,4314880.0,4112420.0,1278010.0,8.487e-07,0.00103608,0.00247974,0.00145,0.0014524,0.0014526,0.00145568,629.746,0.0003,running,slow2
24.955,6728070.0,4315050.0,4112570.0,1278020.0,8.48718e-07,0.00104737,0.00249099,0.00145004,0.00145243,0.00145264,0.00145571,629.746,0.0003,running,slow2
24.96,6728170.0,4315100.0,4112620.0,1278020.0,8.48724e-07,0.00105107,0.00249468,0.00145005,0.00145245,0.00145265,0.00145573,630.454,0.0003,running,slow2
24.965,6728290.0,4315170.0,4112680.0,1278020.0,8.48731e-07,0.00105563,0.00249922,0.00145007,0.00145246,0.00145267,0.00145574,629.342,0.0003,running,slow2
24.97,6728290.0,4315170.0,4112680.0,1278020.0,8.48731e-07,0.00105563,0.00249922,0.00145007,0.00145246,0.00145267,0.00145574,625.953,0.0003,running,slow2
24.975,6727720.0,4314850.0,4112380.0,1278010.0,8.48696e-07,0.00103381,0.00247748,0.00145,0.00145239,0.00145259,0.00145567,625.953,0.0003,running,slow2
24.98,6727540.0,4314750.0,4112290.0,1278010.0,8.48685e-07,0.00102665,0.00247034,0.00144997,0.00145236,0.00145257,0.00145564,629.644,0.0003,running,slow2
24.985,6728150.0,4315090.0,4112610.0,1278020.0,8.48723e-07,0.00105041,0.00249403,0.00145005,0.00145244,0.00145265,0.00145573,629.136,0.0003,running,slow2
24.99,6728150.0,4315090.0,4112610.0,1278020.0,8.48723e-07,0.00105041,0.00249403,0.00145005,0.00145244,0.00145265,0.00145573,627.589,0.0003,running,slow2
24.995,6727890.0,4314950.0,4112480.0,1278020.0,8.48707e-07,0.00104045,0.0024841,0.00145002,0.00145241,0.00145261,0.00145569,627.589,0.0003,running,slow2
25.0,6727810.0,4314900.0,4112430.0,1278020.0,8.48702e-07,0.00103718,0.00248084,0.00145001,0.0014524,0.0014526,0.00145568,628.787,0.0003,running,slow2
25.005,6728010.0,4315010.0,4112540.0,1278020.0,8.48714e-07,0.0010449,0.00248853,0.00145003,0.00145243,0.00145263,0.00145571,628.071,0.0003,running,slow2
25.01,6728010.0,4315010.0,4112540.0,1278020.0,8.48714e-07,0.0010449,0.00248853,0.00145003,0.00145243,0.00145263,0.00145571,625.89,0.0003,running,slow2
25.015,6727640.0,4314810.0,4112340.0,1278010.0,8.48691e-07,0.00103085,0.00247453,0.00144999,0.00145238,0.00145258,0.00145566,625.89,0.0003,running,slow2
25.02,6727530.0,4314740.0,4112280.0,1278010.0,8.48684e-07,0.00102624,0.00246994,0.00144997,0.00145236,0.00145257,0.00145564,628.52,0.0003,running,slow2
25.025,6727960.0,4314990.0,4112510.0,1278020.0,8.48711e-07,0.00104318,0.00248682,0.00145003,0.00145242,0.00145262,0.0014557,628.476,0.0003,running,slow2
25.03,6727960.0,4314990.0,4112510.0,1278020.0,8.48711e-07,0.00104318,0.00248682,0.00145003,0.00145242,0.00145262,0.0014557,628.343,0.0003,running,slow2
25.035,6727940.0,4314980.0,4112500.0,1278020.0,8.4871e-07,0.00104232,0.00248596,0.00145002,0.00145242,0.00145262,0.0014557,628.343,0.0003,running,slow2
25.04,6727940.0,4314970.0,4112500.0,1278020.0,8.48709e-07,0.00104204,0.00248568,0.00145002,0.00145242,0.00145262,0.0014557,627.811,0.0003,running,slow2
25.045,6727850.0,4314920.0,4112450.0,1278020.0,8.48704e-07,0.00103861,0.00248227,0.00145001,0.0014524,0.00145261,0.00145568,626.911,0.0003,running,slow2
25.05,6727850.0,4314920.0,4112450.0,1278020.0,8.48704e-07,0.00103861,0.00248227,0.00145001,0.0014524,0.00145261,0.00145568,624.165,0.0003,running,slow2
25.055,6727390.0,4314660.0,4112210.0,1278010.0,8.48675e-07,0.00102094,0.00246466,0.00144995,0.00145234,0.00145255,0.00145562,624.165,0.0003,running,slow2
25.06,6727240.0,4314580.0,4112130.0,1278010.0,8.48666e-07,0.00101514,0.00245888,0.00144993,0.00145232,0.00145253,0.0014556,625.347,0.0003,running,slow2
25.065,6727430.0,4314690.0,4112230.0,1278010.0,8.48678e-07,0.00102275,0.00246646,0.00144996,0.00145235,0.00145255,0.00145563,626.782,0.0003,running,slow2
25.07,6727430.0,4314690.0,4112230.0,1278010.0,8.48678e-07,0.00102275,0.00246646,0.00144996,0.00145235,0.00145255,0.00145563,631.157,0.0003,running,slow2
25.075,6728170.0,4315100.0,4112620.0,1278020.0,8.48724e-07,0.00105092,0.00249453,0.00145005,0.00145245,0.00145265,0.00145573,631.157,0.0003,running,slow2
25.08,6728410.0,4315240.0,4112750.0,1278020.0,8.48739e-07,0.00106016,0.00250374,0.00145009,0.00145248,0.00145268,0.00145576,628.486,0.0003,running,slow2
25.085,6727960.0,4314990.0,4112510.0,1278020.0,8.48711e-07,0.00104296,0.0024866,0.00145003,0.00145242,0.00145262,0.0014557,628.527,0.0003,running,slow2
25.09,6727960.0,4314990.0,4112510.0,1278020.0,8.48711e-07,0.00104296,0.0024866,0.00145003,0.00145242,0.00145262,0.0014557,628.654,0.0003,running,slow2
25.095,6727980.0,4315000.0,4112520.0,1278020.0,8.48712e-07,0.00104377,0.00248741,0.00145003,0.00145242,0.00145263,0.0014557,628.654,0.0003,running,slow2
25.1,6727990.0,4315000.0,4112530.0,1278020.0,8.48713e-07,0.00104404,0.00248768,0.00145003,0.00145242,0.00145263,0.0014557,629.574,0.0003,running,slow2
25.105,6728140.0,4315090.0,4112610.0,1278020.0,8.48722e-07,0.00104996,0.00249358,0.00145005,0.00145244,0.00145265,0.00145572,629.25,0.0003,running,slow2
25.11,6728140.0,4315090.0,4112610.0,1278020.0,8.48722e-07,0.00104996,0.00249358,0.00145005,0.00145244,0.00145265,0.00145572,628.264,0.0003,running,slow2
25.115,6727980.0,4315000.0,4112520.0,1278020.0,8.48712e-07,0.00104361,0.00248725,0.00145003,0.00145242,0.00145262,0.0014557,628.264,0.0003,running,slow2
25.12,6727920.0,4314970.0,4112490.0,1278020.0,8.48709e-07,0.00104153,0.00248517,0.00145002,0.00145241,0.00145262,0.00145569,627.257,0.0003,running,slow2
25.125,6727750.0,4314870.0,4112400.0,1278020.0,8.48698e-07,0.00103505,0.00247872,0.00145,0.00145239,0.0014526,0.00145567,627.555,0.0003,running,slow2
25.13,6727750.0,4314870.0,4112400.0,1278020.0,8.48698e-07,0.00103505,0.00247872,0.00145,0.00145239,0.0014526,0.00145567,628.462,0.0003,running,slow2
25.135,6727910.0,4314960.0,4112480.0,1278020.0,8.48708e-07,0.00104089,0.00248454,0.00145002,0.00145241,0.00145262,0.00145569,628.462,0.0003,running,slow2
25.14,6727960.0,4314980.0,4112510.0,1278020.0,8.48711e-07,0.0010428,0.00248644,0.00145003,0.00145242,0.00145262,0.0014557,626.1,0.0003,running,slow2
25.145,6727560.0,4314760.0,4112300.0,1278010.0,8.48686e-07,0.00102759,0.00247129,0.00144997,0.00145237,0.00145257,0.00145565,626.486,0.0003,running,slow2
25.15,6727560.0,4314760.0,4112300.0,1278010.0,8.48686e-07,0.00102759,0.00247129,0.00144997,0.00145237,0.00145257,0.00145565,627.664,0.0003,running,slow2
25.155,6727760.0,4314870.0,4112400.0,1278020.0,8.48698e-07,0.00103518,0.00247885,0.00145,0.00145239,0.0014526,0.00145567,627.664,0.0003,running,slow2
25.16,6727820.0,4314910.0,4112440.0,1278020.0,8.48702e-07,0.00103767,0.00248133,0.00145001,0.0014524,0.0014526,0.00145568,625.739,0.0003,running,slow2
25.165,6727500.0,4314730.0,4112270.0,1278010.0,8.48682e-07,0.00102527,0.00246898,0.00144997,0.00145236,0.00145256,0.00145564,626.748,0.0003,running,slow2
25.17,6727500.0,4314730.0,4112270.0,1278010.0,8.48682e-07,0.00102527,0.00246898,0.00144997,0.00145236,0.00145256,0.00145564,629.823,0.0003,running,slow2
25.175,6728010.0,4315020.0,4112540.0,1278020.0,8.48714e-07,0.00104507,0.00248871,0.00145003,0.00145243,0.00145263,0.00145571,629.823,0.0003,running,slow2
25.18,6728180.0,4315110.0,4112630.0,1278020.0,8.48725e-07,0.00105157,0.00249518,0.00145006,0.00145245,0.00145265,0.00145573,632.289,0.0003,running,slow2
25.185,6728590.0,4315340.0,4112850.0,1278030.0,8.48751e-07,0.00106745,0.002511,0.00145011,0.0014525,0.00145271,0.00145578,631.97,0.0003,running,slow2
25.19,6728590.0,4315340.0,4112850.0,1278030.0,8.48751e-07,0.00106745,0.002511,0.00145011,0.0014525,0.00145271,0.00145578,630.998,0.0003,running,slow2
25.195,6728430.0,4315250.0,4112760.0,1278020.0,8.4874e-07,0.00106119,0.00250476,0.00145009,0.00145248,0.00145268,0.00145576,630.998,0.0003,running,slow2
25.2,6728380.0,4315220.0,4112730.0,1278020.0,8.48737e-07,0.00105913,0.00250271,0.00145008,0.00145247,0.00145268,0.00145575,629.153,0.0003,running,slow2
25.205,6728070.0,4315050.0,4112570.0,1278020.0,8.48718e-07,0.00104725,0.00249088,0.00145004,0.00145243,0.00145264,0.00145571,628.342,0.0003,running,slow2
25.21,6728070.0,4315050.0,4112570.0,1278020.0,8.48718e-07,0.00104725,0.00249088,0.00145004,0.00145243,0.00145264,0.00145571,625.869,0.0003,running,slow2
25.215,6727660.0,4314820.0,4112350.0,1278020.0,8.48692e-07,0.00103133,0.00247501,0.00144999,0.00145238,0.00145258,0.00145566,625.869,0.0003,running,slow2
25.22,6727520.0,4314740.0,4112280.0,1278010.0,8.48684e-07,0.00102611,0.00246981,0.00144997,0.00145236,0.00145256,0.00145564,631.77,0.0003,running,slow2
25.225,6728510.0,4315300.0,4112800.0,1278030.0,8.48745e-07,0.00106411,0.00250767,0.0014501,0.00145249,0.00145269,0.00145577,630.869,0.0003,running,slow2
25.23,6728510.0,4315300.0,4112800.0,1278030.0,8.48745e-07,0.00106411,0.00250767,0.0014501,0.00145249,0.00145269,0.00145577,628.119,0.0003,running,slow2
25.235,6728050.0,4315040.0,4112560.0,1278020.0,8.48716e-07,0.00104641,0.00249003,0.00145004,0.00145243,0.00145263,0.00145571,628.119,0.0003,running,slow2
25.24,6727900.0,4314950.0,4112480.0,1278020.0,8.48707e-07,0.0010406,0.00248425,0.00145002,0.00145241,0.00145261,0.00145569,627.551,0.0003,running,slow2
25.245,6727800.0,4314900.0,4112430.0,1278020.0,8.48701e-07,0.00103694,0.0024806,0.00145001,0.0014524,0.0014526,0.00145568,627.17,0.0003,running,slow2
25.25,6727800.0,4314900.0,4112430.0,1278020.0,8.48701e-07,0.00103694,0.0024806,0.00145001,0.0014524,0.0014526,0.00145568,626.008,0.0003,running,slow2
25.255,6727610.0,4314790.0,4112330.0,1278020.0,8.48689e-07,0.00102946,0.00247315,0.00144998,0.00145237,0.00145258,0.00145565,626.008,0.0003,running,slow2
25.26,6727550.0,4314750.0,4112290.0,1278020.0,8.48685e-07,0.00102701,0.0024707,0.00144997,0.00145236,0.00145257,0.00145564,629.984,0.0003,running,slow2
25.265,6728210.0,4315130.0,4112640.0,1278020.0,8.48727e-07,0.0010526,0.00249621,0.00145006,0.00145245,0.00145265,0.00145573,628.476,0.0003,running,slow2
25.27,6728210.0,4315130.0,4112640.0,1278020.0,8.48727e-07,0.0010526,0.00249621,0.00145006,0.00145245,0.00145265,0.00145573,623.877,0.0003,running,slow2
25.275,6727440.0,4314700.0,4112240.0,1278010.0,8.48679e-07,0.001023,0.00246671,0.00144996,0.00145235,0.00145255,0.00145563,623.877,0.0003,running,slow2
25.28,6727190.0,4314550.0,4112110.0,1278010.0,8.48663e-07,0.00101329,0.00245703,0.00144993,0.00145232,0.00145252,0.0014556,629.794,0.0003,running,slow2
25.285,6728180.0,4315110.0,4112630.0,1278020.0,8.48725e-07,0.00105138,0.00249499,0.00145006,0.00145245,0.00145265,0.00145573,628.78,0.0003,running,slow2
25.29,6728180.0,4315110.0,4112630.0,1278020.0,8.48725e-07,0.00105138,0.00249499,0.00145006,0.00145245,0.00145265,0.00145573,625.686,0.0003,running,slow2
25.295,6727660.0,4314820.0,4112350.0,1278020.0,8.48692e-07,0.00103147,0.00247515,0.00144999,0.00145238,0.00145258,0.00145566,625.686,0.0003,running,slow2
25.3,6727490.0,4314720.0,4112270.0,1278010.0,8.48682e-07,0.00102493,0.00246864,0.00144997,0.00145236,0.00145256,0.00145564,630.207,0.0003,running,slow2
25.305,6728250.0,4315150.0,4112660.0,1278020.0,8.48729e-07,0.00105404,0.00249764,0.00145006,0.00145246,0.00145266,0.00145574,629.925,0.0003,running,slow2
25.31,6728250.0,4315150.0,4112660.0,1278020.0,8.48729e-07,0.00105404,0.00249764,0.00145006,0.00145246,0.00145266,0.00145574,629.063,0.0003,running,slow2
25.315,6728100.0,4315070.0,4112590.0,1278020.0,8.4872e-07,0.0010485,0.00249212,0.00145005,0.00145244,0.00145264,0.00145572,629.063,0.0003,running,slow2
25.32,6728060.0,4315040.0,4112560.0,1278020.0,8.48717e-07,0.00104668,0.0024903,0.00145004,0.00145243,0.00145263,0.00145571,628.474,0.0003,running,slow2
25.325,6727960.0,4314990.0,4112510.0,1278020.0,8.48711e-07,0.00104288,0.00248652,0.00145003,0.00145242,0.00145262,0.0014557,628.08,0.0003,running,slow2
25.33,6727960.0,4314990.0,4112510.0,1278020.0,8.48711e-07,0.00104288,0.00248652,0.00145003,0.00145242,0.00145262,0.0014557,626.878,0.0003,running,slow2
25.335,6727760.0,4314870.0,4112400.0,1278020.0,8.48698e-07,0.00103514,0.00247881,0.00145,0.00145239,0.0014526,0.00145567,626.878,0.0003,running,slow2
25.34,6727690.0,4314840.0,4112370.0,1278020.0,8.48694e-07,0.00103261,0.00247628,0.00144999,0.00145238,0.00145259,0.00145566,629.457,0.0003,running,slow2
25.345,6728120.0,4315080.0,4112600.0,1278020.0,8.48721e-07,0.00104921,0.00249283,0.00145005,0.00145244,0.00145264,0.00145572,629.667,0.0003,running,slow2
25.35,6728120.0,4315080.0,4112600.0,1278020.0,8.48721e-07,0.00104921,0.00249283,0.00145005,0.00145244,0.00145264,0.00145572,630.309,0.0003,running,slow2
25.355,6728230.0,4315140.0,4112650.0,1278020.0,8.48728e-07,0.00105334,0.00249695,0.00145006,0.00145245,0.00145266,0.00145573,630.309,0.0003,running,slow2
25.36,6728260.0,4315160.0,4112670.0,1278020.0,8.4873e-07,0.0010547,0.0024983,0.00145007,0.00145246,0.00145266,0.00145574,631.149,0.0003,running,slow2
25.365,6728400.0,4315240.0,4112750.0,1278030.0,8.48739e-07,0.00106011,0.00250369,0.00145008,0.00145248,0.00145268,0.00145576,630.95,0.0003,running,slow2
25.37,6728400.0,4315240.0,4112750.0,1278030.0,8.48739e-07,0.00106011,0.00250369,0.00145008,0.00145248,0.00145268,0.00145576,630.343,0.0003,running,slow2
25.375,6728300.0,4315180.0,4112690.0,1278030.0,8.48732e-07,0.0010562,0.00249979,0.00145007,0.00145246,0.00145267,0.00145574,630.343,0.0003,running,slow2
25.38,6728270.0,4315160.0,4112680.0,1278030.0,8.4873e-07,0.00105492,0.00249852,0.00145007,0.00145246,0.00145266,0.00145574,628.167,0.0003,running,slow2
25.385,6727910.0,4314960.0,4112480.0,1278020.0,8.48708e-07,0.00104091,0.00248456,0.00145002,0.00145241,0.00145261,0.00145569,628.714,0.0003,running,slow2
25.39,6727910.0,4314960.0,4112480.0,1278020.0,8.48708e-07,0.00104091,0.00248456,0.00145002,0.00145241,0.00145261,0.00145569,630.38,0.0003,running,slow2
25.395,6728180.0,4315110.0,4112630.0,1278020.0,8.48725e-07,0.00105164,0.00249525,0.00145006,0.00145245,0.00145265,0.00145573,630.38,0.0003,running,slow2
25.4,6728280.0,4315170.0,4112680.0,1278030.0,8.48731e-07,0.00105516,0.00249875,0.00145007,0.00145246,0.00145266,0.00145574,631.22,0.0003,running,slow2
25.405,6728420.0,4315240.0,4112750.0,1278030.0,8.48739e-07,0.00106056,0.00250414,0.00145009,0.00145248,0.00145268,0.00145576,630.881,0.0003,running,slow2
25.41,6728420.0,4315240.0,4112750.0,1278030.0,8.48739e-07,0.00106056,0.00250414,0.00145009,0.00145248,0.00145268,0.00145576,629.846,0.0003,running,slow2
25.415,6728240.0,4315150.0,4112660.0,1278030.0,8.48729e-07,0.0010539,0.0024975,0.00145006,0.00145246,0.00145266,0.00145574,629.846,0.0003,running,slow2
25.42,6728190.0,4315120.0,4112630.0,1278020.0,8.48725e-07,0.00105172,0.00249533,0.00145006,0.00145245,0.00145265,0.00145573,627.3,0.0003,running,slow2
25.425,6727760.0,4314880.0,4112410.0,1278020.0,8.48699e-07,0.00103532,0.00247899,0.00145,0.00145239,0.0014526,0.00145567,626.7,0.0003,running,slow2
25.43,6727760.0,4314880.0,4112410.0,1278020.0,8.48699e-07,0.00103532,0.00247899,0.00145,0.00145239,0.0014526,0.00145567,624.872,0.0003,running,slow2
25.435,6727460.0,4314700.0,4112250.0,1278020.0,8.4868e-07,0.00102355,0.00246726,0.00144996,0.00145235,0.00145256,0.00145563,624.872,0.0003,running,slow2
25.44,6727360.0,4314650.0,4112190.0,1278010.0,8.48673e-07,0.00101969,0.00246341,0.00144995,0.00145234,0.00145254,0.00145562,629.354,0.0003,running,slow2
25.445,6728100.0,4315070.0,4112590.0,1278020.0,8.4872e-07,0.00104855,0.00249217,0.00145005,0.00145244,0.00145264,0.00145572,629.268,0.0003,running,slow2
25.45,6728100.0,4315070.0,4112590.0,1278020.0,8.4872e-07,0.00104855,0.00249217,0.00145005,0.00145244,0.00145264,0.00145572,629.007,0.0003,running,slow2
25.455,6728060.0,4315040.0,4112570.0,1278020.0,8.48717e-07,0.00104687,0.00249049,0.00145004,0.00145243,0.00145264,0.00145571,629.007,0.0003,running,slow2
25.46,6728050.0,4315040.0,4112560.0,1278020.0,8.48716e-07,0.00104631,0.00248994,0.00145004,0.00145243,0.00145263,0.00145571,628.956,0.0003,running,slow2
25.465,6728040.0,4315030.0,4112550.0,1278020.0,8.48716e-07,0.00104598,0.00248961,0.00145004,0.00145243,0.00145263,0.00145571,629.081,0.0003,running,slow2
25.47,6728040.0,4315030.0,4112550.0,1278020.0,8.48716e-07,0.00104598,0.00248961,0.00145004,0.00145243,0.00145263,0.00145571,629.462,0.0003,running,slow2
25.475,6728100.0,4315070.0,4112590.0,1278020.0,8.4872e-07,0.00104844,0.00249206,0.00145005,0.00145244,0.00145264,0.00145572,629.462,0.0003,running,slow2
25.48,6728120.0,4315080.0,4112600.0,1278020.0,8.48721e-07,0.00104924,0.00249286,0.00145005,0.00145244,0.00145264,0.00145572,631.467,0.0003,running,slow2
25.485,6728460.0,4315270.0,4112770.0,1278030.0,8.48742e-07,0.00106215,0.00250572,0.00145009,0.00145248,0.00145269,0.00145576,630.813,0.0003,running,slow2
25.49,6728460.0,4315270.0,4112770.0,1278030.0,8.48742e-07,0.00106215,0.00250572,0.00145009,0.00145248,0.00145269,0.00145576,628.821,0.0003,running,slow2
25.495,6728120.0,4315080.0,4112600.0,1278020.0,8.48721e-07,0.00104933,0.00249294,0.00145005,0.00145244,0.00145264,0.00145572,628.821,0.0003,running,slow2
25.5,6728020.0,4315020.0,4112540.0,1278020.0,8.48714e-07,0.00104512,0.00248875,0.00145003,0.00145243,0.00145263,0.00145571,624.513,0.0003,running,slow2
25.505,6727300.0,4314610.0,4112160.0,1278010.0,8.4867e-07,0.00101738,0.00246111,0.00144994,0.00145233,0.00145253,0.00145561,625.7,0.0003,running,slow2
25.51,6727300.0,4314610.0,4112160.0,1278010.0,8.4867e-07,0.00101738,0.00246111,0.00144994,0.00145233,0.00145253,0.00145561,629.319,0.0003,running,slow2
25.515,6727900.0,4314950.0,4112480.0,1278020.0,8.48707e-07,0.00104068,0.00248433,0.00145002,0.00145241,0.00145261,0.00145569,629.319,0.0003,running,slow2
25.52,6728100.0,4315070.0,4112590.0,1278020.0,8.4872e-07,0.00104832,0.00249194,0.00145004,0.00145244,0.00145264,0.00145572,627.438,0.0003,running,slow2
25.525,6727780.0,4314890.0,4112420.0,1278020.0,8.487e-07,0.00103621,0.00247987,0.00145,0.00145239,0.0014526,0.00145568,627.758,0.0003,running,slow2
25.53,6727780.0,4314890.0,4112420.0,1278020.0,8.487e-07,0.00103621,0.00247987,0.00145,0.00145239,0.0014526,0.00145568,628.736,0.0003,running,slow2
25.535,6727950.0,4314980.0,4112510.0,1278020.0,8.4871e-07,0.0010425,0.00248614,0.00145002,0.00145242,0.00145262,0.0014557,628.736,0.0003,running,slow2
25.54,6728000.0,4315010.0,4112530.0,1278020.0,8.48714e-07,0.00104457,0.0024882,0.00145003,0.00145242,0.00145263,0.0014557,626.307,0.0003,running,slow2
25.545,6727600.0,4314780.0,4112320.0,1278020.0,8.48688e-07,0.00102893,0.00247262,0.00144998,0.00145237,0.00145257,0.00145565,626.602,0.0003,running,slow2
25.55,6727600.0,4314780.0,4112320.0,1278020.0,8.48688e-07,0.00102893,0.00247262,0.00144998,0.00145237,0.00145257,0.00145565,627.503,0.0003,running,slow2
25.555,6727750.0,4314870.0,4112400.0,1278020.0,8.48698e-07,0.00103473,0.0024784,0.00145,0.00145239,0.00145259,0.00145567,627.503,0.0003,running,slow2
25.56,6727800.0,4314900.0,4112430.0,1278020.0,8.48701e-07,0.00103663,0.00248029,0.00145,0.0014524,0.0014526,0.00145568,628.943,0.0003,running,slow2
25.565,6728040.0,4315030.0,4112550.0,1278020.0,8.48716e-07,0.0010459,0.00248953,0.00145004,0.00145243,0.00145263,0.00145571,629.031,0.0003,running,slow2
25.57,6728040.0,4315030.0,4112550.0,1278020.0,8.48716e-07,0.0010459,0.00248953,0.00145004,0.00145243,0.00145263,0.00145571,629.3,0.0003,running,slow2
25.575,6728080.0,4315060.0,4112580.0,1278020.0,8.48718e-07,0.00104763,0.00249125,0.00145004,0.00145243,0.00145264,0.00145571,629.3,0.0003,running,slow2
25.58,6728100.0,4315060.0,4112580.0,1278030.0,8.48719e-07,0.0010482,0.00249182,0.00145004,0.00145244,0.00145264,0.00145572,628.525,0.0003,running,slow2
25.585,6727970.0,4314990.0,4112520.0,1278020.0,8.48711e-07,0.00104321,0.00248685,0.00145003,0.00145242,0.00145262,0.0014557,628.301,0.0003,running,slow2
25.59,6727970.0,4314990.0,4112520.0,1278020.0,8.48711e-07,0.00104321,0.00248685,0.00145003,0.00145242,0.00145262,0.0014557,627.621,0.0003,running,slow2
25.595,6727850.0,4314930.0,4112460.0,1278020.0,8.48704e-07,0.00103883,0.00248248,0.00145001,0.0014524,0.00145261,0.00145568,627.621,0.0003,running,slow2
25.6,6727810.0,4314910.0,4112440.0,1278020.0,8.48702e-07,0.00103739,0.00248105,0.00145001,0.0014524,0.0014526,0.00145568,628.066,0.0003,running,slow2
25.605,6727890.0,4314950.0,4112480.0,1278020.0,8.48707e-07,0.00104026,0.00248391,0.00145002,0.00145241,0.00145261,0.00145569,629.29,0.0003,running,slow2
25.61,6727890.0,4314950.0,4112480.0,1278020.0,8.48707e-07,0.00104026,0.00248391,0.00145002,0.00145241,0.00145261,0.00145569,633.022,0.0003,running,slow2
25.615,6728510.0,4315300.0,4112800.0,1278030.0,8.48745e-07,0.00106429,0.00250785,0.0014501,0.00145249,0.00145269,0.00145577,633.022,0.0003,running,slow2
25.62,6728720.0,4315420.0,4112910.0,1278030.0,8.48758e-07,0.00107217,0.0025157,0.00145013,0.00145252,0.00145272,0.0014558,624.635,0.0003,running,slow2
25.625,6727320.0,4314630.0,4112170.0,1278020.0,8.48671e-07,0.00101816,0.00246189,0.00144994,0.00145233,0.00145254,0.00145561,626.034,0.0003,running,slow2
25.63,6727320.0,4314630.0,4112170.0,1278020.0,8.48671e-07,0.00101816,0.00246189,0.00144994,0.00145233,0.00145254,0.00145561,630.299,0.0003,running,slow2
25.635,6728030.0,4315030.0,4112550.0,1278030.0,8.48715e-07,0.00104563,0.00248925,0.00145004,0.00145243,0.00145263,0.00145571,630.299,0.0003,running,slow2
25.64,6728260.0,4315160.0,4112670.0,1278030.0,8.4873e-07,0.00105463,0.00249823,0.00145007,0.00145246,0.00145266,0.00145574,628.187,0.0003,running,slow2
25.645,6727910.0,4314960.0,4112490.0,1278020.0,8.48708e-07,0.00104103,0.00248468,0.00145002,0.00145241,0.00145261,0.00145569,628.37,0.0003,running,slow2
25.65,6727910.0,4314960.0,4112490.0,1278020.0,8.48708e-07,0.00104103,0.00248468,0.00145002,0.00145241,0.00145261,0.00145569,628.928,0.0003,running,slow2
25.655,6728000.0,4315010.0,4112540.0,1278020.0,8.48714e-07,0.00104463,0.00248826,0.00145003,0.00145242,0.00145263,0.0014557,628.928,0.0003,running,slow2
25.66,6728030.0,4315030.0,4112550.0,1278030.0,8.48716e-07,0.00104581,0.00248944,0.00145004,0.00145243,0.00145263,0.00145571,628.292,0.0003,running,slow2
25.665,6727930.0,4314970.0,4112500.0,1278020.0,8.48709e-07,0.00104171,0.00248536,0.00145002,0.00145241,0.00145262,0.00145569,629.089,0.0003,running,slow2
25.67,6727930.0,4314970.0,4112500.0,1278020.0,8.48709e-07,0.00104171,0.00248536,0.00145002,0.00145241,0.00145262,0.00145569,631.518,0.0003,running,slow2
25.675,6728330.0,4315200.0,4112710.0,1278030.0,8.48734e-07,0.00105735,0.00250094,0.00145008,0.00145247,0.00145267,0.00145575,631.518,0.0003,running,slow2
25.68,6728470.0,4315270.0,4112780.0,1278030.0,8.48742e-07,0.00106248,0.00250605,0.00145009,0.00145248,0.00145269,0.00145577,628.982,0.0003,running,slow2
25.685,6728040.0,4315040.0,4112560.0,1278030.0,8.48716e-07,0.00104616,0.00248978,0.00145004,0.00145243,0.00145263,0.00145571,629.526,0.0003,running,slow2
25.69,6728040.0,4315040.0,4112560.0,1278030.0,8.48716e-07,0.00104616,0.00248978,0.00145004,0.00145243,0.00145263,0.00145571,631.186,0.0003,running,slow2
25.695,6728320.0,4315190.0,4112700.0,1278030.0,8.48733e-07,0.00105684,0.00250043,0.00145007,0.00145246,0.00145267,0.00145575,631.186,0.0003,running,slow2
25.7,6728410.0,4315240.0,4112750.0,1278030.0,8.48739e-07,0.00106034,0.00250392,0.00145009,0.00145248,0.00145268,0.00145576,626.672,0.0003,running,slow2
25.705,6727660.0,4314820.0,4112350.0,1278020.0,8.48692e-07,0.00103128,0.00247496,0.00144999,0.00145238,0.00145258,0.00145566,627.894,0.0003,running,slow2
25.71,6727660.0,4314820.0,4112350.0,1278020.0,8.48692e-07,0.00103128,0.00247496,0.00144999,0.00145238,0.00145258,0.00145566,631.62,0.0003,running,slow2
25.715,6728280.0,4315170.0,4112680.0,1278030.0,8.48731e-07,0.00105527,0.00249886,0.00145007,0.00145246,0.00145266,0.00145574,631.62,0.0003,running,slow2
25.72,6728480.0,4315280.0,4112790.0,1278030.0,8.48744e-07,0.00106314,0.0025067,0.00145009,0.00145249,0.00145269,0.00145577,628.85,0.0003,running,slow2
25.725,6728020.0,4315020.0,4112550.0,1278030.0,8.48715e-07,0.00104531,0.00248894,0.00145003,0.00145243,0.00145263,0.00145571,628.546,0.0003,running,slow2
25.73,6728020.0,4315020.0,4112550.0,1278030.0,8.48715e-07,0.00104531,0.00248894,0.00145003,0.00145243,0.00145263,0.00145571,627.616,0.0003,running,slow2
25.735,6727860.0,4314940.0,4112460.0,1278020.0,8.48705e-07,0.00103932,0.00248297,0.00145001,0.00145241,0.00145261,0.00145569,627.616,0.0003,running,slow2
25.74,6727810.0,4314910.0,4112440.0,1278020.0,8.48702e-07,0.00103736,0.00248102,0.00145001,0.0014524,0.0014526,0.00145568,629.336,0.0003,running,slow2
25.745,6728100.0,4315070.0,4112590.0,1278030.0,8.4872e-07,0.00104844,0.00249205,0.00145004,0.00145244,0.00145264,0.00145572,629.312,0.0003,running,slow2
25.75,6728100.0,4315070.0,4112590.0,1278030.0,8.4872e-07,0.00104844,0.00249205,0.00145004,0.00145244,0.00145264,0.00145572,629.237,0.0003,running,slow2
25.755,6728090.0,4315060.0,4112580.0,1278030.0,8.48719e-07,0.00104796,0.00249158,0.00145004,0.00145243,0.00145264,0.00145572,629.237,0.0003,running,slow2
25.76,6728080.0,4315060.0,4112580.0,1278030.0,8.48719e-07,0.0010478,0.00249142,0.00145004,0.00145243,0.00145264,0.00145571,627.778,0.0003,running,slow2
25.765,6727840.0,4314920.0,4112450.0,1278020.0,8.48704e-07,0.0010384,0.00248205,0.00145001,0.0014524,0.00145261,0.00145568,627.693,0.0003,running,slow2
25.77,6727840.0,4314920.0,4112450.0,1278020.0,8.48704e-07,0.0010384,0.00248205,0.00145001,0.0014524,0.00145261,0.00145568,627.436,0.0003,running,slow2
25.775,6727800.0,4314900.0,4112430.0,1278020.0,8.48701e-07,0.00103674,0.0024804,0.00145,0.0014524,0.0014526,0.00145568,627.436,0.0003,running,slow2
25.78,6727780.0,4314890.0,4112420.0,1278020.0,8.487e-07,0.0010362,0.00247986,0.00145,0.00145239,0.0014526,0.00145568,627.508,0.0003,running,slow2
25.785,6727800.0,4314900.0,4112430.0,1278020.0,8.48701e-07,0.00103666,0.00248033,0.00145,0.0014524,0.0014526,0.00145568,627.507,0.0003,running,slow2
25.79,6727800.0,4314900.0,4112430.0,1278020.0,8.48701e-07,0.00103666,0.00248033,0.00145,0.0014524,0.0014526,0.00145568,627.502,0.0003,running,slow2
25.795,6727800.0,4314900.0,4112430.0,1278020.0,8.48701e-07,0.00103663,0.00248029,0.00145,0.0014524,0.0014526,0.00145568,627.502,0.0003,running,slow2
25.8,6727790.0,4314900.0,4112430.0,1278020.0,8.48701e-07,0.00103662,0.00248029,0.00145,0.0014524,0.0014526,0.00145568,626.725,0.0003,running,slow2
25.805,6727660.0,4314820.0,4112360.0,1278020.0,8.48693e-07,0.00103162,0.0024753,0.00144999,0.00145238,0.00145258,0.00145566,628.015,0.0003,running,slow2
25.81,6727660.0,4314820.0,4112360.0,1278020.0,8.48693e-07,0.00103162,0.0024753,0.00144999,0.00145238,0.00145258,0.00145566,631.949,0.0003,running,slow2
25.815,6728320.0,4315190.0,4112710.0,1278030.0,8.48734e-07,0.00105695,0.00250054,0.00145007,0.00145247,0.00145267,0.00145575,631.949,0.0003,running,slow2
25.82,6728540.0,4315320.0,4112820.0,1278030.0,8.48747e-07,0.00106526,0.00250882,0.0014501,0.00145249,0.0014527,0.00145577,631.05,0.0003,running,slow2
25.825,6728390.0,4315230.0,4112740.0,1278030.0,8.48738e-07,0.00105947,0.00250305,0.00145008,0.00145247,0.00145268,0.00145575,630.467,0.0003,running,slow2
25.83,6728390.0,4315230.0,4112740.0,1278030.0,8.48738e-07,0.00105947,0.00250305,0.00145008,0.00145247,0.00145268,0.00145575,628.687,0.0003,running,slow2
25.835,6728090.0,4315060.0,4112580.0,1278030.0,8.48719e-07,0.00104802,0.00249164,0.00145004,0.00145243,0.00145264,0.00145572,628.687,0.0003,running,slow2
25.84,6727990.0,4315010.0,4112530.0,1278030.0,8.48713e-07,0.00104426,0.00248789,0.00145003,0.00145242,0.00145263,0.0014557,627.602,0.0003,running,slow2
25.845,6727810.0,4314910.0,4112440.0,1278020.0,8.48702e-07,0.00103727,0.00248093,0.00145001,0.0014524,0.0014526,0.00145568,627.527,0.0003,running,slow2
25.85,6727810.0,4314910.0,4112440.0,1278020.0,8.48702e-07,0.00103727,0.00248093,0.00145001,0.0014524,0.0014526,0.00145568,627.296,0.0003,running,slow2
25.855,6727770.0,4314880.0,4112420.0,1278020.0,8.48699e-07,0.00103578,0.00247945,0.00145,0.00145239,0.0014526,0.00145567,627.296,0.0003,running,slow2
25.86,6727760.0,4314880.0,4112410.0,1278020.0,8.48699e-07,0.0010353,0.00247896,0.00145,0.00145239,0.0014526,0.00145567,625.908,0.0003,running,slow2
25.865,6727530.0,4314750.0,4112290.0,1278020.0,8.48684e-07,0.00102636,0.00247006,0.00144997,0.00145236,0.00145256,0.00145564,626.829,0.0003,running,slow2
25.87,6727530.0,4314750.0,4112290.0,1278020.0,8.48684e-07,0.00102636,0.00247006,0.00144997,0.00145236,0.00145256,0.00145564,629.637,0.0003,running,slow2
25.875,6728000.0,4315010.0,4112530.0,1278030.0,8.48713e-07,0.00104444,0.00248808,0.00145003,0.00145242,0.00145263,0.0014557,629.637,0.0003,running,slow2
25.88,6728150.0,4315100.0,4112620.0,1278030.0,8.48723e-07,0.00105037,0.00249399,0.00145005,0.00145244,0.00145265,0.00145572,630.098,0.0003,running,slow2
25.885,6728230.0,4315140.0,4112660.0,1278030.0,8.48728e-07,0.00105334,0.00249694,0.00145006,0.00145245,0.00145266,0.00145573,630.344,0.0003,running,slow2
25.89,6728230.0,4315140.0,4112660.0,1278030.0,8.48728e-07,0.00105334,0.00249694,0.00145006,0.00145245,0.00145266,0.00145573,631.094,0.0003,running,slow2
25.895,6728350.0,4315210.0,4112720.0,1278030.0,8.48736e-07,0.00105817,0.00250175,0.00145008,0.00145247,0.00145267,0.00145575,631.094,0.0003,running,slow2
25.9,6728390.0,4315240.0,4112740.0,1278030.0,8.48738e-07,0.00105975,0.00250333,0.00145008,0.00145247,0.00145268,0.00145576,629.986,0.0003,running,slow2
25.905,6728210.0,4315130.0,4112650.0,1278030.0,8.48727e-07,0.00105262,0.00249623,0.00145006,0.00145245,0.00145265,0.00145573,629.313,0.0003,running,slow2
25.91,6728210.0,4315130.0,4112650.0,1278030.0,8.48727e-07,0.00105262,0.00249623,0.00145006,0.00145245,0.00145265,0.00145573,627.259,0.0003,running,slow2
25.915,6727870.0,4314940.0,4112470.0,1278030.0,8.48705e-07,0.0010394,0.00248305,0.00145001,0.00145241,0.00145261,0.00145569,627.259,0.0003,running,slow2
25.92,6727750.0,4314870.0,4112410.0,1278020.0,8.48698e-07,0.00103506,0.00247873,0.00145,0.00145239,0.00145259,0.00145567,629.353,0.0003,running,slow2
25.925,6728100.0,4315070.0,4112590.0,1278030.0,8.4872e-07,0.00104854,0.00249216,0.00145004,0.00145244,0.00145264,0.00145572,628.968,0.0003,running,slow2
25.93,6728100.0,4315070.0,4112590.0,1278030.0,8.4872e-07,0.00104854,0.00249216,0.00145004,0.00145244,0.00145264,0.00145572,627.793,0.0003,running,slow2
25.935,6727910.0,4314960.0,4112490.0,1278030.0,8.48708e-07,0.00104098,0.00248462,0.00145002,0.00145241,0.00145261,0.00145569,627.793,0.0003,running,slow2
25.94,6727840.0,4314920.0,4112450.0,1278030.0,8.48704e-07,0.0010385,0.00248215,0.00145001,0.0014524,0.00145261,0.00145568,626.953,0.0003,running,slow2
25.945,6727700.0,4314850.0,4112380.0,1278020.0,8.48695e-07,0.00103309,0.00247676,0.00144999,0.00145238,0.00145259,0.00145566,626.96,0.0003,running,slow2
25.95,6727700.0,4314850.0,4112380.0,1278020.0,8.48695e-07,0.00103309,0.00247676,0.00144999,0.00145238,0.00145259,0.00145566,626.984,0.0003,running,slow2
25.955,6727710.0,4314850.0,4112380.0,1278020.0,8.48695e-07,0.00103324,0.00247691,0.00144999,0.00145238,0.00145259,0.00145566,626.984,0.0003,running,slow2
25.96,6727710.0,4314850.0,4112380.0,1278020.0,8.48695e-07,0.00103329,0.00247696,0.00144999,0.00145238,0.00145259,0.00145566,627.31,0.0003,running,slow2
25.965,6727760.0,4314880.0,4112410.0,1278030.0,8.48699e-07,0.00103539,0.00247906,0.00145,0.00145239,0.0014526,0.00145567,627.009,0.0003,running,slow2
25.97,6727760.0,4314880.0,4112410.0,1278030.0,8.48699e-07,0.00103539,0.00247906,0.00145,0.00145239,0.0014526,0.00145567,626.091,0.0003,running,slow2
25.975,6727610.0,4314790.0,4112330.0,1278020.0,8.48689e-07,0.00102948,0.00247316,0.00144998,0.00145237,0.00145258,0.00145565,626.091,0.0003,running,slow2
25.98,6727560.0,4314760.0,4112300.0,1278020.0,8.48686e-07,0.00102754,0.00247123,0.00144997,0.00145236,0.00145257,0.00145565,624.314,0.0003,running,slow2
25.985,6727260.0,4314600.0,4112150.0,1278020.0,8.48667e-07,0.00101609,0.00245983,0.00144993,0.00145233,0.00145253,0.00145561,625.271,0.0003,running,slow2
25.99,6727260.0,4314600.0,4112150.0,1278020.0,8.48667e-07,0.00101609,0.00245983,0.00144993,0.00145233,0.00145253,0.00145561,628.188,0.0003,running,slow2
25.995,6727750.0,4314870.0,4112400.0,1278030.0,8.48698e-07,0.00103488,0.00247855,0.00145,0.00145239,0.00145259,0.00145567,628.188,0.0003,running,slow2
26.0,6727910.0,4314960.0,4112490.0,1278030.0,8.48708e-07,0.00104104,0.00248469,0.00145002,0.00145241,0.00145261,0.00145569,628.969,0.0003,running,slow2
26.005,6728040.0,4315040.0,4112560.0,1278030.0,8.48716e-07,0.00104607,0.0024897,0.00145004,0.00145243,0.00145263,0.00145571,629.038,0.0003,running,slow2
26.01,6728040.0,4315040.0,4112560.0,1278030.0,8.48716e-07,0.00104607,0.0024897,0.00145004,0.00145243,0.00145263,0.00145571,629.25,0.0003,running,slow2
26.015,6728080.0,4315060.0,4112580.0,1278030.0,8.48718e-07,0.00104743,0.00249105,0.00145004,0.00145243,0.00145264,0.00145571,629.25,0.0003,running,slow2
26.02,6728090.0,4315060.0,4112580.0,1278030.0,8.48719e-07,0.00104788,0.0024915,0.00145004,0.00145243,0.00145264,0.00145571,630.092,0.0003,running,slow2
26.025,6728230.0,4315140.0,4112660.0,1278030.0,8.48728e-07,0.0010533,0.0024969,0.00145006,0.00145245,0.00145266,0.00145573,629.916,0.0003,running,slow2
26.03,6728230.0,4315140.0,4112660.0,1278030.0,8.48728e-07,0.0010533,0.0024969,0.00145006,0.00145245,0.00145266,0.00145573,629.379,0.0003,running,slow2
26.035,6728140.0,4315090.0,4112610.0,1278030.0,8.48722e-07,0.00104984,0.00249346,0.00145005,0.00145244,0.00145264,0.00145572,629.379,0.0003,running,slow2
26.04,6728110.0,4315070.0,4112590.0,1278030.0,8.4872e-07,0.00104871,0.00249233,0.00145005,0.00145244,0.00145264,0.00145572,626.994,0.0003,running,slow2
26.045,6727710.0,4314850.0,4112380.0,1278030.0,8.48695e-07,0.00103335,0.00247702,0.00144999,0.00145238,0.00145259,0.00145566,627.678,0.0003,running,slow2
26.05,6727710.0,4314850.0,4112380.0,1278030.0,8.48695e-07,0.00103335,0.00247702,0.00144999,0.00145238,0.00145259,0.00145566,629.767,0.0003,running,slow2
26.055,6728060.0,4315050.0,4112570.0,1278030.0,8.48717e-07,0.0010468,0.00249042,0.00145004,0.00145243,0.00145263,0.00145571,629.767,0.0003,running,slow2
26.06,6728170.0,4315110.0,4112630.0,1278030.0,8.48724e-07,0.00105121,0.00249482,0.00145005,0.00145245,0.00145265,0.00145573,629.623,0.0003,running,slow2
26.065,6728150.0,4315100.0,4112620.0,1278030.0,8.48723e-07,0.00105028,0.0024939,0.00145005,0.00145244,0.00145265,0.00145572,628.221,0.0003,running,slow2
26.07,6728150.0,4315100.0,4112620.0,1278030.0,8.48723e-07,0.00105028,0.0024939,0.00145005,0.00145244,0.00145265,0.00145572,623.946,0.0003,running,slow2
26.075,6727430.0,4314700.0,4112240.0,1278020.0,8.48678e-07,0.00102276,0.00246647,0.00144996,0.00145235,0.00145255,0.00145563,623.946,0.0003,running,slow2
26.08,6727200.0,4314560.0,4112120.0,1278020.0,8.48664e-07,0.00101373,0.00245747,0.00144993,0.00145232,0.00145252,0.0014556,629.722,0.0003,running,slow2
26.085,6728170.0,4315110.0,4112620.0,1278030.0,8.48724e-07,0.00105092,0.00249453,0.00145005,0.00145244,0.00145265,0.00145573,629.7,0.0003,running,slow2
26.09,6728170.0,4315110.0,4112620.0,1278030.0,8.48724e-07,0.00105092,0.00249453,0.00145005,0.00145244,0.00145265,0.00145573,629.631,0.0003,running,slow2
26.095,6728150.0,4315100.0,4112620.0,1278030.0,8.48723e-07,0.00105048,0.00249409,0.00145005,0.00145244,0.00145265,0.00145572,629.631,0.0003,running,slow2
26.1,6728150.0,4315100.0,4112620.0,1278030.0,8.48723e-07,0.00105033,0.00249395,0.00145005,0.00145244,0.00145265,0.00145572,625.264,0.0003,running,slow2
26.105,6727420.0,4314690.0,4112230.0,1278020.0,8.48677e-07,0.00102221,0.00246592,0.00144996,0.00145235,0.00145255,0.00145563,625.824,0.0003,running,slow2
26.11,6727420.0,4314690.0,4112230.0,1278020.0,8.48677e-07,0.00102221,0.00246592,0.00144996,0.00145235,0.00145255,0.00145563,627.532,0.0003,running,slow2
26.115,6727710.0,4314850.0,4112380.0,1278030.0,8.48695e-07,0.00103321,0.00247689,0.00144999,0.00145238,0.00145259,0.00145566,627.532,0.0003,running,slow2
26.12,6727800.0,4314900.0,4112430.0,1278030.0,8.48701e-07,0.00103682,0.00248048,0.00145,0.0014524,0.0014526,0.00145568,628.381,0.0003,running,slow2
26.125,6727940.0,4314980.0,4112510.0,1278030.0,8.4871e-07,0.00104229,0.00248593,0.00145002,0.00145241,0.00145262,0.0014557,628.067,0.0003,running,slow2
26.13,6727940.0,4314980.0,4112510.0,1278030.0,8.4871e-07,0.00104229,0.00248593,0.00145002,0.00145241,0.00145262,0.0014557,627.109,0.0003,running,slow2
26.135,6727780.0,4314890.0,4112420.0,1278030.0,8.487e-07,0.00103612,0.00247978,0.00145,0.00145239,0.0014526,0.00145567,627.109,0.0003,running,slow2
26.14,6727730.0,4314860.0,4112390.0,1278030.0,8.48697e-07,0.00103409,0.00247776,0.00145,0.00145239,0.00145259,0.00145567,626.821,0.0003,running,slow2
26.145,6727680.0,4314830.0,4112370.0,1278030.0,8.48694e-07,0.00103224,0.00247592,0.00144999,0.00145238,0.00145258,0.00145566,626.833,0.0003,running,slow2
26.15,6727680.0,4314830.0,4112370.0,1278030.0,8.48694e-07,0.00103224,0.00247592,0.00144999,0.00145238,0.00145258,0.00145566,626.868,0.0003,running,slow2
26.155,6727690.0,4314840.0,4112370.0,1278030.0,8.48694e-07,0.00103247,0.00247614,0.00144999,0.00145238,0.00145258,0.00145566,626.868,0.0003,running,slow2
26.16,6727690.0,4314840.0,4112370.0,1278030.0,8.48694e-07,0.00103254,0.00247622,0.00144999,0.00145238,0.00145259,0.00145566,624.47,0.0003,running,slow2
26.165,6727290.0,4314610.0,4112160.0,1278020.0,8.48669e-07,0.0010171,0.00246083,0.00144994,0.00145233,0.00145253,0.00145561,625.179,0.0003,running,slow2
26.17,6727290.0,4314610.0,4112160.0,1278020.0,8.48669e-07,0.0010171,0.00246083,0.00144994,0.00145233,0.00145253,0.00145561,627.342,0.0003,running,slow2
26.175,6727650.0,4314820.0,4112350.0,1278030.0,8.48692e-07,0.00103103,0.00247471,0.00144998,0.00145238,0.00145258,0.00145566,627.342,0.0003,running,slow2
26.18,6727770.0,4314880.0,4112420.0,1278030.0,8.48699e-07,0.0010356,0.00247926,0.00145,0.00145239,0.0014526,0.00145567,629.89,0.0003,running,slow2
26.185,6728190.0,4315120.0,4112640.0,1278030.0,8.48726e-07,0.001052,0.00249561,0.00145006,0.00145245,0.00145265,0.00145573,629.034,0.0003,running,slow2
26.19,6728190.0,4315120.0,4112640.0,1278030.0,8.48726e-07,0.001052,0.00249561,0.00145006,0.00145245,0.00145265,0.00145573,626.427,0.0003,running,slow2
26.195,6727760.0,4314880.0,4112410.0,1278030.0,8.48698e-07,0.00103521,0.00247887,0.00145,0.00145239,0.00145259,0.00145567,626.427,0.0003,running,slow2
26.2,6727620.0,4314800.0,4112340.0,1278030.0,8.48689e-07,0.0010297,0.00247339,0.00144998,0.00145237,0.00145258,0.00145565,629.914,0.0003,running,slow2
26.205,6728200.0,4315130.0,4112640.0,1278030.0,8.48726e-07,0.00105216,0.00249576,0.00145006,0.00145245,0.00145265,0.00145573,629.162,0.0003,running,slow2
26.21,6728200.0,4315130.0,4112640.0,1278030.0,8.48726e-07,0.00105216,0.00249576,0.00145006,0.00145245,0.00145265,0.00145573,626.868,0.0003,running,slow2
26.215,6727810.0,4314910.0,4112440.0,1278030.0,8.48702e-07,0.00103739,0.00248105,0.00145001,0.0014524,0.0014526,0.00145568,626.868,0.0003,running,slow2
26.22,6727690.0,4314840.0,4112370.0,1278030.0,8.48694e-07,0.00103255,0.00247622,0.00144999,0.00145238,0.00145259,0.00145566,630.741,0.0003,running,slow2
26.225,6728340.0,4315200.0,4112710.0,1278040.0,8.48734e-07,0.00105748,0.00250107,0.00145007,0.00145247,0.00145267,0.00145575,629.63,0.0003,running,slow2
26.23,6728340.0,4315200.0,4112710.0,1278040.0,8.48734e-07,0.00105748,0.00250107,0.00145007,0.00145247,0.00145267,0.00145575,626.242,0.0003,running,slow2
26.235,6727770.0,4314880.0,4112420.0,1278030.0,8.48699e-07,0.00103567,0.00247933,0.00145,0.00145239,0.0014526,0.00145567,626.242,0.0003,running,slow2
26.24,6727580.0,4314780.0,4112320.0,1278030.0,8.48688e-07,0.00102851,0.0024722,0.00144998,0.00145237,0.00145257,0.00145565,629.78,0.0003,running,slow2
26.245,6728180.0,4315110.0,4112630.0,1278030.0,8.48724e-07,0.00105129,0.0024949,0.00145005,0.00145245,0.00145265,0.00145573,629.769,0.0003,running,slow2
26.25,6728180.0,4315110.0,4112630.0,1278030.0,8.48724e-07,0.00105129,0.0024949,0.00145005,0.00145245,0.00145265,0.00145573,629.736,0.0003,running,slow2
26.255,6728170.0,4315110.0,4112630.0,1278030.0,8.48724e-07,0.00105108,0.00249469,0.00145005,0.00145244,0.00145265,0.00145573,629.736,0.0003,running,slow2
26.26,6728170.0,4315110.0,4112630.0,1278030.0,8.48724e-07,0.00105101,0.00249462,0.00145005,0.00145244,0.00145265,0.00145573,625.491,0.0003,running,slow2
26.265,6727460.0,4314710.0,4112250.0,1278030.0,8.4868e-07,0.00102368,0.00246738,0.00144996,0.00145235,0.00145255,0.00145563,626.462,0.0003,running,slow2
26.27,6727460.0,4314710.0,4112250.0,1278030.0,8.4868e-07,0.00102368,0.00246738,0.00144996,0.00145235,0.00145255,0.00145563,629.424,0.0003,running,slow2
26.275,6727950.0,4314990.0,4112510.0,1278030.0,8.48711e-07,0.00104275,0.00248639,0.00145002,0.00145242,0.00145262,0.0014557,629.424,0.0003,running,slow2
26.28,6728120.0,4315080.0,4112600.0,1278030.0,8.48721e-07,0.001049,0.00249262,0.00145005,0.00145244,0.00145264,0.00145572,626.66,0.0003,running,slow2
26.285,6727650.0,4314820.0,4112360.0,1278030.0,8.48692e-07,0.0010312,0.00247488,0.00144999,0.00145238,0.00145258,0.00145566,627.686,0.0003,running,slow2
26.29,6727650.0,4314820.0,4112360.0,1278030.0,8.48692e-07,0.0010312,0.00247488,0.00144999,0.00145238,0.00145258,0.00145566,630.816,0.0003,running,slow2
26.295,6728180.0,4315110.0,4112630.0,1278030.0,8.48724e-07,0.00105135,0.00249496,0.00145005,0.00145245,0.00145265,0.00145573,630.816,0.0003,running,slow2
26.3,6728350.0,4315210.0,4112720.0,1278040.0,8.48735e-07,0.00105796,0.00250155,0.00145008,0.00145247,0.00145267,0.00145575,628.102,0.0003,running,slow2
26.305,6727900.0,4314960.0,4112480.0,1278030.0,8.48707e-07,0.00104049,0.00248413,0.00145002,0.00145241,0.00145261,0.00145569,627.72,0.0003,running,slow2
26.31,6727900.0,4314960.0,4112480.0,1278030.0,8.48707e-07,0.00104049,0.00248413,0.00145002,0.00145241,0.00145261,0.00145569,626.558,0.0003,running,slow2
26.315,6727700.0,4314850.0,4112380.0,1278030.0,8.48695e-07,0.001033,0.00247668,0.00144999,0.00145238,0.00145259,0.00145566,626.558,0.0003,running,slow2
26.32,6727640.0,4314810.0,4112350.0,1278030.0,8.48691e-07,0.00103055,0.00247423,0.00144998,0.00145237,0.00145258,0.00145565,630.115,0.0003,running,slow2
26.325,6728230.0,4315150.0,4112660.0,1278040.0,8.48728e-07,0.00105345,0.00249705,0.00145006,0.00145245,0.00145266,0.00145573,630.146,0.0003,running,slow2
26.33,6728230.0,4315150.0,4112660.0,1278040.0,8.48728e-07,0.00105345,0.00249705,0.00145006,0.00145245,0.00145266,0.00145573,630.244,0.0003,running,slow2
26.335,6728250.0,4315150.0,4112670.0,1278040.0,8.48729e-07,0.00105407,0.00249767,0.00145006,0.00145245,0.00145266,0.00145574,630.244,0.0003,running,slow2
26.34,6728250.0,4315160.0,4112670.0,1278040.0,8.48729e-07,0.00105428,0.00249788,0.00145006,0.00145246,0.00145266,0.00145574,623.462,0.0003,running,slow2
26.345,6727120.0,4314520.0,4112080.0,1278020.0,8.48659e-07,0.00101061,0.00245436,0.00144992,0.00145231,0.00145251,0.00145559,624.24,0.0003,running,slow2
26.35,6727120.0,4314520.0,4112080.0,1278020.0,8.48659e-07,0.00101061,0.00245436,0.00144992,0.00145231,0.00145251,0.00145559,626.613,0.0003,running,slow2
26.355,6727520.0,4314740.0,4112280.0,1278030.0,8.48683e-07,0.00102589,0.00246959,0.00144997,0.00145236,0.00145256,0.00145564,626.613,0.0003,running,slow2
26.36,6727650.0,4314820.0,4112350.0,1278030.0,8.48691e-07,0.0010309,0.00247458,0.00144998,0.00145238,0.00145258,0.00145566,626.743,0.0003,running,slow2
26.365,6727670.0,4314830.0,4112360.0,1278030.0,8.48693e-07,0.00103174,0.00247541,0.00144999,0.00145238,0.00145258,0.00145566,628.202,0.0003,running,slow2
26.37,6727670.0,4314830.0,4112360.0,1278030.0,8.48693e-07,0.00103174,0.00247541,0.00144999,0.00145238,0.00145258,0.00145566,632.652,0.0003,running,slow2
26.375,6728410.0,4315250.0,4112760.0,1278040.0,8.48739e-07,0.00106039,0.00250396,0.00145008,0.00145248,0.00145268,0.00145576,632.652,0.0003,running,slow2
26.38,6728660.0,4315380.0,4112880.0,1278040.0,8.48754e-07,0.00106979,0.00251333,0.00145012,0.00145251,0.00145271,0.00145579,628.292,0.0003,running,slow2
26.385,6727930.0,4314970.0,4112500.0,1278030.0,8.48709e-07,0.00104171,0.00248535,0.00145002,0.00145241,0.00145262,0.00145569,627.513,0.0003,running,slow2
26.39,6727930.0,4314970.0,4112500.0,1278030.0,8.48709e-07,0.00104171,0.00248535,0.00145002,0.00145241,0.00145262,0.00145569,625.138,0.0003,running,slow2
26.395,6727530.0,4314750.0,4112290.0,1278030.0,8.48684e-07,0.00102642,0.00247012,0.00144997,0.00145236,0.00145256,0.00145564,625.138,0.0003,running,slow2
26.4,6727400.0,4314680.0,4112220.0,1278030.0,8.48676e-07,0.0010214,0.00246512,0.00144995,0.00145234,0.00145255,0.00145562,630.149,0.0003,running,slow2
26.405,6728240.0,4315150.0,4112660.0,1278040.0,8.48728e-07,0.00105367,0.00249727,0.00145006,0.00145245,0.00145266,0.00145573,629.837,0.0003,running,slow2
26.41,6728240.0,4315150.0,4112660.0,1278040.0,8.48728e-07,0.00105367,0.00249727,0.00145006,0.00145245,0.00145266,0.00145573,628.885,0.0003,running,slow2
26.415,6728080.0,4315060.0,4112580.0,1278030.0,8.48718e-07,0.00104754,0.00249116,0.00145004,0.00145243,0.00145264,0.00145571,628.885,0.0003,running,slow2
26.42,6728030.0,4315030.0,4112550.0,1278030.0,8.48715e-07,0.00104553,0.00248916,0.00145003,0.00145243,0.00145263,0.00145571,631.948,0.0003,running,slow2
26.425,6728540.0,4315320.0,4112820.0,1278040.0,8.48747e-07,0.00106525,0.00250881,0.0014501,0.00145249,0.0014527,0.00145577,631.797,0.0003,running,slow2
26.43,6728540.0,4315320.0,4112820.0,1278040.0,8.48747e-07,0.00106525,0.00250881,0.0014501,0.00145249,0.0014527,0.00145577,631.339,0.0003,running,slow2
26.435,6728460.0,4315270.0,4112780.0,1278040.0,8.48742e-07,0.0010623,0.00250587,0.00145009,0.00145248,0.00145269,0.00145576,631.339,0.0003,running,slow2
26.44,6728440.0,4315260.0,4112770.0,1278040.0,8.48741e-07,0.00106133,0.00250491,0.00145009,0.00145248,0.00145268,0.00145576,628.766,0.0003,running,slow2
26.445,6728010.0,4315020.0,4112540.0,1278030.0,8.48714e-07,0.00104477,0.0024884,0.00145003,0.00145242,0.00145263,0.0014557,629.074,0.0003,running,slow2
26.45,6728010.0,4315020.0,4112540.0,1278030.0,8.48714e-07,0.00104477,0.0024884,0.00145003,0.00145242,0.00145263,0.0014557,630.011,0.0003,running,slow2
26.455,6728160.0,4315110.0,4112620.0,1278040.0,8.48724e-07,0.0010508,0.00249441,0.00145005,0.00145244,0.00145265,0.00145572,630.011,0.0003,running,slow2
26.46,6728210.0,4315140.0,4112650.0,1278040.0,8.48727e-07,0.00105278,0.00249638,0.00145006,0.00145245,0.00145265,0.00145573,627.706,0.0003,running,slow2
26.465,6727830.0,4314920.0,4112450.0,1278030.0,8.48703e-07,0.00103794,0.0024816,0.00145001,0.0014524,0.0014526,0.00145568,628.605,0.0003,running,slow2
26.47,6727830.0,4314920.0,4112450.0,1278030.0,8.48703e-07,0.00103794,0.0024816,0.00145001,0.0014524,0.0014526,0.00145568,631.346,0.0003,running,slow2
26.475,6728290.0,4315180.0,4112690.0,1278040.0,8.48731e-07,0.00105559,0.00249918,0.00145007,0.00145246,0.00145266,0.00145574,631.346,0.0003,running,slow2
26.48,6728440.0,4315260.0,4112770.0,1278040.0,8.48741e-07,0.00106138,0.00250495,0.00145009,0.00145248,0.00145268,0.00145576,631.998,0.0003,running,slow2
26.485,6728550.0,4315320.0,4112830.0,1278040.0,8.48747e-07,0.00106557,0.00250913,0.0014501,0.00145249,0.0014527,0.00145577,632.203,0.0003,running,slow2
26.49,6728550.0,4315320.0,4112830.0,1278040.0,8.48747e-07,0.00106557,0.00250913,0.0014501,0.00145249,0.0014527,0.00145577,632.827,0.0003,running,slow2
26.495,6728650.0,4315380.0,4112880.0,1278040.0,8.48754e-07,0.0010696,0.00251314,0.00145012,0.00145251,0.00145271,0.00145579,632.827,0.0003,running,slow2
26.5,6728680.0,4315400.0,4112900.0,1278040.0,8.48756e-07,0.00107092,0.00251445,0.00145012,0.00145251,0.00145272,0.00145579,627.138,0.0003,running,slow2
26.505,6727730.0,4314870.0,4112400.0,1278030.0,8.48697e-07,0.00103428,0.00247795,0.00145,0.00145239,0.00145259,0.00145567,627.447,0.0003,running,slow2
26.51,6727730.0,4314870.0,4112400.0,1278030.0,8.48697e-07,0.00103428,0.00247795,0.00145,0.00145239,0.00145259,0.00145567,628.388,0.0003,running,slow2
26.515,6727890.0,4314950.0,4112480.0,1278030.0,8.48707e-07,0.00104034,0.00248399,0.00145002,0.00145241,0.00145261,0.00145569,628.388,0.0003,running,slow2
26.52,6727940.0,4314980.0,4112510.0,1278030.0,8.4871e-07,0.00104233,0.00248597,0.00145002,0.00145241,0.00145262,0.0014557,629.877,0.0003,running,slow2
26.525,6728190.0,4315120.0,4112640.0,1278040.0,8.48725e-07,0.00105192,0.00249552,0.00145006,0.00145245,0.00145265,0.00145573,630.374,0.0003,running,slow2
26.53,6728190.0,4315120.0,4112640.0,1278040.0,8.48725e-07,0.00105192,0.00249552,0.00145006,0.00145245,0.00145265,0.00145573,631.89,0.0003,running,slow2
26.535,6728440.0,4315270.0,4112770.0,1278040.0,8.48741e-07,0.00106168,0.00250525,0.00145009,0.00145248,0.00145268,0.00145576,631.89,0.0003,running,slow2
26.54,6728530.0,4315310.0,4112820.0,1278040.0,8.48746e-07,0.00106488,0.00250844,0.0014501,0.00145249,0.00145269,0.00145577,630.468,0.0003,running,slow2
26.545,6728290.0,4315180.0,4112690.0,1278040.0,8.48732e-07,0.00105572,0.00249931,0.00145007,0.00145246,0.00145266,0.00145574,630.279,0.0003,running,slow2
26.55,6728290.0,4315180.0,4112690.0,1278040.0,8.48732e-07,0.00105572,0.00249931,0.00145007,0.00145246,0.00145266,0.00145574,629.703,0.0003,running,slow2
26.555,6728190.0,4315130.0,4112640.0,1278040.0,8.48726e-07,0.00105201,0.00249562,0.00145006,0.00145245,0.00145265,0.00145573,629.703,0.0003,running,slow2
26.56,6728160.0,4315110.0,4112630.0,1278040.0,8.48724e-07,0.0010508,0.00249441,0.00145005,0.00145244,0.00145265,0.00145572,630.733,0.0003,running,slow2
26.565,6728330.0,4315200.0,4112720.0,1278040.0,8.48734e-07,0.00105743,0.00250101,0.00145007,0.00145247,0.00145267,0.00145575,629.398,0.0003,running,slow2
26.57,6728330.0,4315200.0,4112720.0,1278040.0,8.48734e-07,0.00105743,0.00250101,0.00145007,0.00145247,0.00145267,0.00145575,625.327,0.0003,running,slow2
26.575,6727650.0,4314820.0,4112360.0,1278030.0,8.48692e-07,0.00103122,0.0024749,0.00144999,0.00145238,0.00145258,0.00145566,625.327,0.0003,running,slow2
26.58,6727430.0,4314700.0,4112240.0,1278030.0,8.48678e-07,0.00102262,0.00246633,0.00144996,0.00145235,0.00145255,0.00145563,626.547,0.0003,running,slow2
26.585,6727640.0,4314810.0,4112350.0,1278030.0,8.48691e-07,0.00103048,0.00247416,0.00144998,0.00145237,0.00145258,0.00145565,627.195,0.0003,running,slow2
26.59,6727640.0,4314810.0,4112350.0,1278030.0,8.48691e-07,0.00103048,0.00247416,0.00144998,0.00145237,0.00145258,0.00145565,629.173,0.0003,running,slow2
26.595,6727970.0,4315000.0,4112520.0,1278030.0,8.48711e-07,0.00104321,0.00248684,0.00145003,0.00145242,0.00145262,0.0014557,629.173,0.0003,running,slow2
26.6,6728070.0,4315060.0,4112580.0,1278040.0,8.48718e-07,0.00104738,0.00249101,0.00145004,0.00145243,0.00145264,0.00145571,627.916,0.0003,running,slow2
26.605,6727860.0,4314940.0,4112470.0,1278030.0,8.48705e-07,0.00103929,0.00248294,0.00145001,0.0014524,0.00145261,0.00145568,628.307,0.0003,running,slow2
26.61,6727860.0,4314940.0,4112470.0,1278030.0,8.48705e-07,0.00103929,0.00248294,0.00145001,0.0014524,0.00145261,0.00145568,629.499,0.0003,running,slow2
26.615,6728060.0,4315050.0,4112570.0,1278040.0,8.48717e-07,0.00104697,0.00249059,0.00145004,0.00145243,0.00145263,0.00145571,629.499,0.0003,running,slow2
26.62,6728130.0,4315090.0,4112610.0,1278040.0,8.48721e-07,0.00104949,0.0024931,0.00145005,0.00145244,0.00145264,0.00145572,627.934,0.0003,running,slow2
26.625,6727870.0,4314940.0,4112470.0,1278030.0,8.48705e-07,0.00103941,0.00248306,0.00145001,0.0014524,0.00145261,0.00145568,628.773,0.0003,running,slow2
26.63,6727870.0,4314940.0,4112470.0,1278030.0,8.48705e-07,0.00103941,0.00248306,0.00145001,0.0014524,0.00145261,0.00145568,631.331,0.0003,running,slow2
26.635,6728290.0,4315180.0,4112690.0,1278040.0,8.48732e-07,0.00105588,0.00249947,0.00145007,0.00145246,0.00145266,0.00145574,631.331,0.0003,running,slow2
26.64,6728430.0,4315260.0,4112770.0,1278040.0,8.48741e-07,0.00106128,0.00250485,0.00145009,0.00145248,0.00145268,0.00145576,628.004,0.0003,running,slow2
26.645,6727880.0,4314950.0,4112480.0,1278030.0,8.48706e-07,0.00103986,0.00248351,0.00145001,0.00145241,0.00145261,0.00145569,627.887,0.0003,running,slow2
26.65,6727880.0,4314950.0,4112480.0,1278030.0,8.48706e-07,0.00103986,0.00248351,0.00145001,0.00145241,0.00145261,0.00145569,627.533,0.0003,running,slow2
26.655,6727820.0,4314910.0,4112450.0,1278030.0,8.48702e-07,0.00103757,0.00248123,0.00145001,0.0014524,0.0014526,0.00145568,627.533,0.0003,running,slow2
26.66,6727800.0,4314900.0,4112430.0,1278030.0,8.48701e-07,0.00103682,0.00248048,0.00145,0.0014524,0.0014526,0.00145568,628.889,0.0003,running,slow2
26.665,6728030.0,4315030.0,4112550.0,1278040.0,8.48715e-07,0.00104555,0.00248918,0.00145003,0.00145243,0.00145263,0.00145571,629.751,0.0003,running,slow2
26.67,6728030.0,4315030.0,4112550.0,1278040.0,8.48715e-07,0.00104555,0.00248918,0.00145003,0.00145243,0.00145263,0.00145571,632.381,0.0003,running,slow2
26.675,6728470.0,4315280.0,4112790.0,1278040.0,8.48742e-07,0.00106249,0.00250605,0.00145009,0.00145248,0.00145269,0.00145576,632.381,0.0003,running,slow2
26.68,6728610.0,4315360.0,4112860.0,1278040.0,8.48751e-07,0.00106804,0.00251159,0.00145011,0.0014525,0.00145271,0.00145578,628.966,0.0003,running,slow2
26.685,6728040.0,4315040.0,4112560.0,1278040.0,8.48716e-07,0.00104605,0.00248968,0.00145004,0.00145243,0.00145263,0.00145571,629.429,0.0003,running,slow2
26.69,6728040.0,4315040.0,4112560.0,1278040.0,8.48716e-07,0.00104605,0.00248968,0.00145004,0.00145243,0.00145263,0.00145571,630.842,0.0003,running,slow2
26.695,6728280.0,4315170.0,4112690.0,1278040.0,8.48731e-07,0.00105515,0.00249874,0.00145007,0.00145246,0.00145266,0.00145574,630.842,0.0003,running,slow2
26.7,6728350.0,4315220.0,4112730.0,1278040.0,8.48735e-07,0.00105813,0.00250172,0.00145008,0.00145247,0.00145267,0.00145575,627.126,0.0003,running,slow2
26.705,6727730.0,4314870.0,4112400.0,1278030.0,8.48697e-07,0.0010342,0.00247787,0.00144999,0.00145239,0.00145259,0.00145567,626.895,0.0003,running,slow2
26.71,6727730.0,4314870.0,4112400.0,1278030.0,8.48697e-07,0.0010342,0.00247787,0.00144999,0.00145239,0.00145259,0.00145567,626.189,0.0003,running,slow2
26.715,6727610.0,4314800.0,4112340.0,1278030.0,8.48689e-07,0.00102966,0.00247335,0.00144998,0.00145237,0.00145257,0.00145565,626.189,0.0003,running,slow2
26.72,6727580.0,4314780.0,4112320.0,1278030.0,8.48687e-07,0.00102817,0.00247186,0.00144997,0.00145237,0.00145257,0.00145565,626.309,0.0003,running,slow2
26.725,6727600.0,4314790.0,4112330.0,1278030.0,8.48688e-07,0.00102895,0.00247263,0.00144998,0.00145237,0.00145257,0.00145565,626.98,0.0003,running,slow2
26.73,6727600.0,4314790.0,4112330.0,1278030.0,8.48688e-07,0.00102895,0.00247263,0.00144998,0.00145237,0.00145257,0.00145565,629.023,0.0003,running,slow2
26.735,6727940.0,4314980.0,4112510.0,1278040.0,8.4871e-07,0.0010421,0.00248574,0.00145002,0.00145241,0.00145262,0.00145569,629.023,0.0003,running,slow2
26.74,6728050.0,4315040.0,4112570.0,1278040.0,8.48717e-07,0.00104642,0.00249004,0.00145004,0.00145243,0.00145263,0.00145571,626.937,0.0003,running,slow2
26.745,6727700.0,4314850.0,4112380.0,1278030.0,8.48695e-07,0.00103299,0.00247666,0.00144999,0.00145238,0.00145259,0.00145566,627.259,0.0003,running,slow2
26.75,6727700.0,4314850.0,4112380.0,1278030.0,8.48695e-07,0.00103299,0.00247666,0.00144999,0.00145238,0.00145259,0.00145566,628.242,0.0003,running,slow2
26.755,6727860.0,4314940.0,4112470.0,1278040.0,8.48705e-07,0.00103932,0.00248297,0.00145001,0.0014524,0.00145261,0.00145568,628.242,0.0003,running,slow2
26.76,6727920.0,4314970.0,4112500.0,1278040.0,8.48708e-07,0.00104139,0.00248504,0.00145002,0.00145241,0.00145261,0.00145569,628.147,0.0003,running,slow2
26.765,6727900.0,4314960.0,4112490.0,1278040.0,8.48707e-07,0.00104078,0.00248443,0.00145002,0.00145241,0.00145261,0.00145569,627.54,0.0003,running,slow2
26.77,6727900.0,4314960.0,4112490.0,1278040.0,8.48707e-07,0.00104078,0.00248443,0.00145002,0.00145241,0.00145261,0.00145569,625.687,0.0003,running,slow2
26.775,6727590.0,4314790.0,4112330.0,1278030.0,8.48688e-07,0.00102885,0.00247254,0.00144998,0.00145237,0.00145257,0.00145565,625.687,0.0003,running,slow2
26.78,6727490.0,4314730.0,4112270.0,1278030.0,8.48682e-07,0.00102494,0.00246864,0.00144996,0.00145235,0.00145256,0.00145563,625.039,0.0003,running,slow2
26.785,6727380.0,4314670.0,4112220.0,1278030.0,8.48675e-07,0.00102077,0.00246448,0.00144995,0.00145234,0.00145254,0.00145562,626.664,0.0003,running,slow2
26.79,6727380.0,4314670.0,4112220.0,1278030.0,8.48675e-07,0.00102077,0.00246448,0.00144995,0.00145234,0.00145254,0.00145562,631.618,0.0003,running,slow2
26.795,6728210.0,4315140.0,4112650.0,1278040.0,8.48727e-07,0.00105267,0.00249627,0.00145006,0.00145245,0.00145265,0.00145573,631.618,0.0003,running,slow2
26.8,6728480.0,4315290.0,4112790.0,1278040.0,8.48744e-07,0.00106313,0.0025067,0.00145009,0.00145248,0.00145269,0.00145577,627.916,0.0003,running,slow2
26.805,6727860.0,4314940.0,4112470.0,1278040.0,8.48705e-07,0.00103929,0.00248294,0.00145001,0.0014524,0.00145261,0.00145568,627.845,0.0003,running,slow2
26.81,6727860.0,4314940.0,4112470.0,1278040.0,8.48705e-07,0.00103929,0.00248294,0.00145001,0.0014524,0.00145261,0.00145568,627.629,0.0003,running,slow2
26.815,6727830.0,4314920.0,4112450.0,1278040.0,8.48703e-07,0.0010379,0.00248155,0.00145001,0.0014524,0.0014526,0.00145568,627.629,0.0003,running,slow2
26.82,6727820.0,4314910.0,4112440.0,1278040.0,8.48702e-07,0.00103744,0.0024811,0.00145001,0.0014524,0.0014526,0.00145568,628.039,0.0003,running,slow2
26.825,6727880.0,4314950.0,4112480.0,1278040.0,8.48706e-07,0.00104009,0.00248373,0.00145001,0.00145241,0.00145261,0.00145569,627.012,0.0003,running,slow2
26.83,6727880.0,4314950.0,4112480.0,1278040.0,8.48706e-07,0.00104009,0.00248373,0.00145001,0.00145241,0.00145261,0.00145569,623.88,0.0003,running,slow2
26.835,6727360.0,4314660.0,4112210.0,1278030.0,8.48674e-07,0.00101992,0.00246364,0.00144995,0.00145234,0.00145254,0.00145562,623.88,0.0003,running,slow2
26.84,6727190.0,4314560.0,4112110.0,1278030.0,8.48663e-07,0.00101331,0.00245705,0.00144992,0.00145231,0.00145252,0.00145559,629.533,0.0003,running,slow2
26.845,6728130.0,4315090.0,4112610.0,1278040.0,8.48722e-07,0.00104971,0.00249332,0.00145005,0.00145244,0.00145264,0.00145572,629.118,0.0003,running,slow2
26.85,6728130.0,4315090.0,4112610.0,1278040.0,8.48722e-07,0.00104971,0.00249332,0.00145005,0.00145244,0.00145264,0.00145572,627.852,0.0003,running,slow2
26.855,6727920.0,4314970.0,4112500.0,1278040.0,8.48709e-07,0.00104155,0.0024852,0.00145002,0.00145241,0.00145261,0.00145569,627.852,0.0003,running,slow2
26.86,6727850.0,4314930.0,4112460.0,1278040.0,8.48704e-07,0.00103888,0.00248253,0.00145001,0.0014524,0.00145261,0.00145568,629.513,0.0003,running,slow2
26.865,6728130.0,4315090.0,4112610.0,1278040.0,8.48722e-07,0.00104958,0.00249319,0.00145005,0.00145244,0.00145264,0.00145572,628.751,0.0003,running,slow2
26.87,6728130.0,4315090.0,4112610.0,1278040.0,8.48722e-07,0.00104958,0.00249319,0.00145005,0.00145244,0.00145264,0.00145572,626.429,0.0003,running,slow2
26.875,6727740.0,4314870.0,4112410.0,1278040.0,8.48697e-07,0.00103462,0.00247829,0.00145,0.00145239,0.00145259,0.00145567,626.429,0.0003,running,slow2
26.88,6727620.0,4314800.0,4112340.0,1278030.0,8.4869e-07,0.00102972,0.0024734,0.00144998,0.00145237,0.00145257,0.00145565,618.888,0.0003,running,slow2
26.885,6726360.0,4314090.0,4111680.0,1278020.0,8.48611e-07,0.00098116,0.00242502,0.00144981,0.00145221,0.00145241,0.00145548,620.995,0.0003,running,slow2
26.89,6726360.0,4314090.0,4111680.0,1278020.0,8.48611e-07,0.000981161,0.00242502,0.00144981,0.00145221,0.00145241,0.00145548,627.421,0.0003,running,slow2
26.895,6727430.0,4314700.0,4112240.0,1278030.0,8.48678e-07,0.00102253,0.00246624,0.00144996,0.00145235,0.00145255,0.00145563,627.421,0.0003,running,slow2
26.9,6727780.0,4314890.0,4112430.0,1278040.0,8.487e-07,0.00103611,0.00247977,0.00145,0.00145239,0.0014526,0.00145567,627.664,0.0003,running,slow2
26.905,6727820.0,4314920.0,4112450.0,1278040.0,8.48702e-07,0.00103767,0.00248133,0.00145001,0.0014524,0.0014526,0.00145568,627.013,0.0003,running,slow2
26.91,6727820.0,4314920.0,4112450.0,1278040.0,8.48702e-07,0.00103767,0.00248133,0.00145001,0.0014524,0.0014526,0.00145568,625.027,0.0003,running,slow2
26.915,6727490.0,4314730.0,4112270.0,1278030.0,8.48682e-07,0.00102489,0.00246859,0.00144996,0.00145235,0.00145256,0.00145563,625.027,0.0003,running,slow2
26.92,6727380.0,4314670.0,4112220.0,1278030.0,8.48675e-07,0.00102069,0.00246441,0.00144995,0.00145234,0.00145254,0.00145562,630.113,0.0003,running,slow2
26.925,6728230.0,4315150.0,4112660.0,1278040.0,8.48728e-07,0.00105344,0.00249704,0.00145006,0.00145245,0.00145266,0.00145573,629.725,0.0003,running,slow2
26.93,6728230.0,4315150.0,4112660.0,1278040.0,8.48728e-07,0.00105344,0.00249704,0.00145006,0.00145245,0.00145266,0.00145573,628.543,0.0003,running,slow2
26.935,6728030.0,4315040.0,4112560.0,1278040.0,8.48716e-07,0.00104583,0.00248945,0.00145003,0.00145243,0.00145263,0.00145571,628.543,0.0003,running,slow2
26.94,6727970.0,4315000.0,4112530.0,1278040.0,8.48712e-07,0.00104333,0.00248697,0.00145003,0.00145242,0.00145262,0.0014557,630.48,0.0003,running,slow2
26.945,6728290.0,4315180.0,4112700.0,1278040.0,8.48732e-07,0.0010558,0.00249939,0.00145007,0.00145246,0.00145266,0.00145574,629.924,0.0003,running,slow2
26.95,6728290.0,4315180.0,4112700.0,1278040.0,8.48732e-07,0.0010558,0.00249939,0.00145007,0.00145246,0.00145266,0.00145574,628.228,0.0003,running,slow2
26.955,6728010.0,4315020.0,4112550.0,1278040.0,8.48714e-07,0.00104488,0.00248851,0.00145003,0.00145242,0.00145263,0.0014557,628.228,0.0003,running,slow2
26.96,6727920.0,4314970.0,4112500.0,1278040.0,8.48708e-07,0.0010413,0.00248495,0.00145002,0.00145241,0.00145261,0.00145569,624.89,0.0003,running,slow2
26.965,6727360.0,4314660.0,4112200.0,1278030.0,8.48673e-07,0.00101981,0.00246352,0.00144995,0.00145234,0.00145254,0.00145562,626.51,0.0003,running,slow2
26.97,6727360.0,4314660.0,4112200.0,1278030.0,8.48673e-07,0.00101981,0.00246352,0.00144995,0.00145234,0.00145254,0.00145562,631.449,0.0003,running,slow2
26.975,6728180.0,4315120.0,4112640.0,1278040.0,8.48725e-07,0.00105161,0.00249521,0.00145005,0.00145245,0.00145265,0.00145573,631.449,0.0003,running,slow2
26.98,6728450.0,4315270.0,4112780.0,1278040.0,8.48742e-07,0.00106204,0.00250561,0.00145009,0.00145248,0.00145268,0.00145576,627.266,0.0003,running,slow2
26.985,6727760.0,4314880.0,4112410.0,1278040.0,8.48698e-07,0.00103511,0.00247877,0.00145,0.00145239,0.00145259,0.00145567,627.453,0.0003,running,slow2
26.99,6727760.0,4314880.0,4112410.0,1278040.0,8.48698e-07,0.00103511,0.00247877,0.00145,0.00145239,0.00145259,0.00145567,628.024,0.0003,running,slow2
26.995,6727850.0,4314930.0,4112460.0,1278040.0,8.48704e-07,0.00103878,0.00248243,0.00145001,0.0014524,0.00145261,0.00145568,628.024,0.0003,running,slow2
27.0,6727880.0,4314950.0,4112480.0,1278040.0,8.48706e-07,0.00103999,0.00248363,0.00145001,0.00145241,0.00145261,0.00145569,626.369,0.0003,running,slow2
27.005,6727610.0,4314800.0,4112330.0,1278040.0,8.48689e-07,0.00102933,0.00247302,0.00144998,0.00145237,0.00145257,0.00145565,626.494,0.0003,running,slow2
27.01,6727610.0,4314800.0,4112330.0,1278040.0,8.48689e-07,0.00102933,0.00247302,0.00144998,0.00145237,0.00145257,0.00145565,626.872,0.0003,running,slow2
27.015,6727670.0,4314830.0,4112370.0,1278040.0,8.48693e-07,0.00103177,0.00247545,0.00144999,0.00145238,0.00145258,0.00145566,626.872,0.0003,running,slow2
27.02,6727690.0,4314840.0,4112380.0,1278040.0,8.48694e-07,0.00103257,0.00247625,0.00144999,0.00145238,0.00145258,0.00145566,626.233,0.0003,running,slow2
27.025,6727580.0,4314780.0,4112320.0,1278040.0,8.48687e-07,0.00102845,0.00247214,0.00144997,0.00145237,0.00145257,0.00145565,626.678,0.0003,running,slow2
27.03,6727580.0,4314780.0,4112320.0,1278040.0,8.48687e-07,0.00102845,0.00247214,0.00144997,0.00145237,0.00145257,0.00145565,628.036,0.0003,running,slow2
27.035,6727810.0,4314910.0,4112440.0,1278040.0,8.48702e-07,0.0010372,0.00248086,0.00145,0.0014524,0.0014526,0.00145568,628.036,0.0003,running,slow2
27.04,6727880.0,4314950.0,4112480.0,1278040.0,8.48706e-07,0.00104007,0.00248371,0.00145001,0.00145241,0.00145261,0.00145569,626.656,0.0003,running,slow2
27.045,6727650.0,4314820.0,4112360.0,1278040.0,8.48692e-07,0.00103118,0.00247486,0.00144998,0.00145238,0.00145258,0.00145566,625.935,0.0003,running,slow2
27.05,6727650.0,4314820.0,4112360.0,1278040.0,8.48692e-07,0.00103118,0.00247486,0.00144998,0.00145238,0.00145258,0.00145566,623.736,0.0003,running,slow2
27.055,6727290.0,4314620.0,4112170.0,1278030.0,8.48669e-07,0.00101702,0.00246075,0.00144994,0.00145233,0.00145253,0.00145561,623.736,0.0003,running,slow2
27.06,6727170.0,4314550.0,4112100.0,1278030.0,8.48661e-07,0.00101238,0.00245612,0.00144992,0.00145231,0.00145252,0.00145559,629.011,0.0003,running,slow2
27.065,6728050.0,4315040.0,4112570.0,1278040.0,8.48716e-07,0.00104634,0.00248997,0.00145004,0.00145243,0.00145263,0.00145571,628.924,0.0003,running,slow2
27.07,6728050.0,4315040.0,4112570.0,1278040.0,8.48716e-07,0.00104634,0.00248997,0.00145004,0.00145243,0.00145263,0.00145571,628.657,0.0003,running,slow2
27.075,6728000.0,4315020.0,4112540.0,1278040.0,8.48714e-07,0.00104463,0.00248826,0.00145003,0.00145242,0.00145263,0.0014557,628.657,0.0003,running,slow2
27.08,6727990.0,4315010.0,4112540.0,1278040.0,8.48713e-07,0.00104406,0.0024877,0.00145003,0.00145242,0.00145262,0.0014557,625.767,0.0003,running,slow2
27.085,6727500.0,4314740.0,4112280.0,1278030.0,8.48683e-07,0.00102546,0.00246916,0.00144996,0.00145236,0.00145256,0.00145564,627.309,0.0003,running,slow2
27.09,6727500.0,4314740.0,4112280.0,1278030.0,8.48683e-07,0.00102546,0.00246916,0.00144996,0.00145236,0.00145256,0.00145564,632.009,0.0003,running,slow2
27.095,6728290.0,4315180.0,4112700.0,1278040.0,8.48732e-07,0.00105572,0.00249931,0.00145007,0.00145246,0.00145266,0.00145574,632.009,0.0003,running,slow2
27.1,6728550.0,4315330.0,4112830.0,1278050.0,8.48748e-07,0.00106565,0.0025092,0.0014501,0.00145249,0.0014527,0.00145577,632.103,0.0003,running,slow2
27.105,6728560.0,4315340.0,4112840.0,1278050.0,8.48749e-07,0.00106625,0.00250981,0.0014501,0.00145249,0.0014527,0.00145578,630.748,0.0003,running,slow2
27.11,6728560.0,4315340.0,4112840.0,1278050.0,8.48749e-07,0.00106625,0.00250981,0.0014501,0.00145249,0.0014527,0.00145578,626.619,0.0003,running,slow2
27.115,6727870.0,4314950.0,4112480.0,1278040.0,8.48706e-07,0.00103966,0.00248331,0.00145001,0.0014524,0.00145261,0.00145568,626.619,0.0003,running,slow2
27.12,6727650.0,4314820.0,4112360.0,1278040.0,8.48691e-07,0.00103094,0.00247462,0.00144998,0.00145237,0.00145258,0.00145566,626.619,0.0003,running,slow2
27.125,6727650.0,4314820.0,4112360.0,1278040.0,8.48691e-07,0.00103094,0.00247462,0.00144998,0.00145237,0.00145258,0.00145566,627.294,0.0003,running,slow2
27.13,6727650.0,4314820.0,4112360.0,1278040.0,8.48691e-07,0.00103094,0.00247462,0.00144998,0.00145237,0.00145258,0.00145566,629.354,0.0003,running,slow2
27.135,6727990.0,4315010.0,4112540.0,1278040.0,8.48713e-07,0.0010442,0.00248783,0.00145003,0.00145242,0.00145262,0.0014557,629.354,0.0003,running,slow2
27.14,6728100.0,4315080.0,4112600.0,1278040.0,8.4872e-07,0.00104855,0.00249217,0.00145004,0.00145243,0.00145264,0.00145572,629.287,0.0003,running,slow2
27.145,6728090.0,4315070.0,4112590.0,1278040.0,8.48719e-07,0.00104812,0.00249174,0.00145004,0.00145243,0.00145264,0.00145571,628.768,0.0003,running,slow2
27.15,6728090.0,4315070.0,4112590.0,1278040.0,8.48719e-07,0.00104812,0.00249174,0.00145004,0.00145243,0.00145264,0.00145571,627.184,0.0003,running,slow2
27.155,6727830.0,4314920.0,4112450.0,1278040.0,8.48703e-07,0.00103793,0.00248158,0.00145001,0.0014524,0.0014526,0.00145568,627.184,0.0003,running,slow2
27.16,6727740.0,4314870.0,4112410.0,1278040.0,8.48697e-07,0.00103458,0.00247825,0.00145,0.00145239,0.00145259,0.00145567,628.375,0.0003,running,slow2
27.165,6727940.0,4314990.0,4112510.0,1278040.0,8.4871e-07,0.00104225,0.00248589,0.00145002,0.00145241,0.00145262,0.00145569,628.519,0.0003,running,slow2
27.17,6727940.0,4314990.0,4112510.0,1278040.0,8.4871e-07,0.00104225,0.00248589,0.00145002,0.00145241,0.00145262,0.00145569,628.96,0.0003,running,slow2
27.175,6728010.0,4315030.0,4112550.0,1278040.0,8.48714e-07,0.00104508,0.00248871,0.00145003,0.00145242,0.00145263,0.0014557,628.96,0.0003,running,slow2
27.18,6728040.0,4315040.0,4112560.0,1278040.0,8.48716e-07,0.00104601,0.00248964,0.00145003,0.00145243,0.00145263,0.00145571,628.712,0.0003,running,slow2
27.185,6728000.0,4315020.0,4112540.0,1278040.0,8.48713e-07,0.00104442,0.00248805,0.00145003,0.00145242,0.00145262,0.0014557,628.567,0.0003,running,slow2
27.19,6728000.0,4315020.0,4112540.0,1278040.0,8.48713e-07,0.00104442,0.00248805,0.00145003,0.00145242,0.00145262,0.0014557,628.127,0.0003,running,slow2
27.195,6727920.0,4314980.0,4112500.0,1278040.0,8.48709e-07,0.00104158,0.00248522,0.00145002,0.00145241,0.00145261,0.00145569,628.127,0.0003,running,slow2
27.2,6727900.0,4314960.0,4112490.0,1278040.0,8.48707e-07,0.00104065,0.00248429,0.00145002,0.00145241,0.00145261,0.00145569,629.248,0.0003,running,slow2
27.205,6728090.0,4315070.0,4112590.0,1278040.0,8.48719e-07,0.00104787,0.00249149,0.00145004,0.00145243,0.00145264,0.00145571,629.141,0.0003,running,slow2
27.21,6728090.0,4315070.0,4112590.0,1278040.0,8.48719e-07,0.00104787,0.00249149,0.00145004,0.00145243,0.00145264,0.00145571,628.814,0.0003,running,slow2
27.215,6728030.0,4315040.0,4112560.0,1278040.0,8.48715e-07,0.00104576,0.00248939,0.00145003,0.00145242,0.00145263,0.00145571,628.814,0.0003,running,slow2
27.22,6728010.0,4315030.0,4112550.0,1278040.0,8.48714e-07,0.00104508,0.0024887,0.00145003,0.00145242,0.00145263,0.0014557,626.422,0.0003,running,slow2
27.225,6727610.0,4314800.0,4112340.0,1278040.0,8.48689e-07,0.00102967,0.00247336,0.00144998,0.00145237,0.00145257,0.00145565,626.893,0.0003,running,slow2
27.23,6727610.0,4314800.0,4112340.0,1278040.0,8.48689e-07,0.00102967,0.00247336,0.00144998,0.00145237,0.00145257,0.00145565,628.328,0.0003,running,slow2
27.235,6727850.0,4314940.0,4112470.0,1278040.0,8.48704e-07,0.00103891,0.00248257,0.00145001,0.0014524,0.00145261,0.00145568,628.328,0.0003,running,slow2
27.24,6727930.0,4314980.0,4112510.0,1278040.0,8.48709e-07,0.00104195,0.00248559,0.00145002,0.00145241,0.00145262,0.00145569,631.765,0.0003,running,slow2
27.245,6728510.0,4315300.0,4112810.0,1278050.0,8.48745e-07,0.00106408,0.00250764,0.0014501,0.00145249,0.00145269,0.00145577,629.503,0.0003,running,slow2
27.25,6728510.0,4315300.0,4112810.0,1278050.0,8.48745e-07,0.00106408,0.00250764,0.0014501,0.00145249,0.00145269,0.00145577,622.607,0.0003,running,slow2
27.255,6727350.0,4314660.0,4112200.0,1278030.0,8.48673e-07,0.00101967,0.00246339,0.00144994,0.00145234,0.00145254,0.00145562,622.607,0.0003,running,slow2
27.26,6726980.0,4314440.0,4112000.0,1278030.0,8.4865e-07,0.00100511,0.00244888,0.0014499,0.00145229,0.00145249,0.00145557,623.216,0.0003,running,slow2
27.265,6727080.0,4314500.0,4112060.0,1278030.0,8.48656e-07,0.00100903,0.00245279,0.00144991,0.0014523,0.0014525,0.00145558,624.653,0.0003,running,slow2
27.27,6727080.0,4314500.0,4112060.0,1278030.0,8.48656e-07,0.00100903,0.00245279,0.00144991,0.0014523,0.0014525,0.00145558,629.033,0.0003,running,slow2
27.275,6727810.0,4314910.0,4112440.0,1278040.0,8.48702e-07,0.00103723,0.00248089,0.00145,0.0014524,0.0014526,0.00145568,629.033,0.0003,running,slow2
27.28,6728050.0,4315050.0,4112570.0,1278040.0,8.48717e-07,0.00104648,0.00249011,0.00145004,0.00145243,0.00145263,0.00145571,628.941,0.0003,running,slow2
27.285,6728040.0,4315040.0,4112560.0,1278040.0,8.48716e-07,0.00104589,0.00248952,0.00145003,0.00145243,0.00145263,0.00145571,628.106,0.0003,running,slow2
27.29,6728040.0,4315040.0,4112560.0,1278040.0,8.48716e-07,0.00104589,0.00248952,0.00145003,0.00145243,0.00145263,0.00145571,625.563,0.0003,running,slow2
27.295,6727610.0,4314800.0,4112340.0,1278040.0,8.48689e-07,0.00102951,0.0024732,0.00144998,0.00145237,0.00145257,0.00145565,625.563,0.0003,running,slow2
27.3,6727470.0,4314720.0,4112270.0,1278040.0,8.4868e-07,0.00102414,0.00246784,0.00144996,0.00145235,0.00145255,0.00145563,628.991,0.0003,running,slow2
27.305,6728040.0,4315040.0,4112570.0,1278040.0,8.48716e-07,0.00104621,0.00248984,0.00145003,0.00145243,0.00145263,0.00145571,629.058,0.0003,running,slow2
27.31,6728040.0,4315040.0,4112570.0,1278040.0,8.48716e-07,0.00104621,0.00248984,0.00145003,0.00145243,0.00145263,0.00145571,629.261,0.0003,running,slow2
27.315,6728080.0,4315060.0,4112580.0,1278040.0,8.48718e-07,0.00104752,0.00249114,0.00145004,0.00145243,0.00145263,0.00145571,629.261,0.0003,running,slow2
27.32,6728090.0,4315070.0,4112590.0,1278040.0,8.48719e-07,0.00104795,0.00249157,0.00145004,0.00145243,0.00145264,0.00145571,626.978,0.0003,running,slow2
27.325,6727710.0,4314850.0,4112390.0,1278040.0,8.48695e-07,0.00103325,0.00247692,0.00144999,0.00145238,0.00145259,0.00145566,627.09,0.0003,running,slow2
27.33,6727710.0,4314860.0,4112390.0,1278040.0,8.48695e-07,0.00103325,0.00247692,0.00144999,0.00145238,0.00145259,0.00145566,627.43,0.0003,running,slow2
27.335,6727760.0,4314890.0,4112420.0,1278040.0,8.48699e-07,0.00103544,0.00247911,0.00145,0.00145239,0.00145259,0.00145567,627.43,0.0003,running,slow2
27.34,6727780.0,4314900.0,4112430.0,1278040.0,8.487e-07,0.00103616,0.00247982,0.00145,0.00145239,0.0014526,0.00145567,629.301,0.0003,running,slow2
27.345,6728100.0,4315070.0,4112590.0,1278040.0,8.48719e-07,0.00104821,0.00249183,0.00145004,0.00145243,0.00145264,0.00145571,629.446,0.0003,running,slow2
27.35,6728100.0,4315070.0,4112590.0,1278040.0,8.48719e-07,0.00104821,0.00249183,0.00145004,0.00145243,0.00145264,0.00145571,629.885,0.0003,running,slow2
27.355,6728170.0,4315110.0,4112630.0,1278050.0,8.48724e-07,0.00105104,0.00249465,0.00145005,0.00145244,0.00145265,0.00145572,629.885,0.0003,running,slow2
27.36,6728190.0,4315130.0,4112650.0,1278050.0,8.48725e-07,0.00105197,0.00249557,0.00145005,0.00145245,0.00145265,0.00145573,629.918,0.0003,running,slow2
27.365,6728200.0,4315130.0,4112650.0,1278050.0,8.48726e-07,0.00105218,0.00249578,0.00145005,0.00145245,0.00145265,0.00145573,629.406,0.0003,running,slow2
27.37,6728200.0,4315130.0,4112650.0,1278050.0,8.48726e-07,0.00105218,0.00249578,0.00145005,0.00145245,0.00145265,0.00145573,627.846,0.0003,running,slow2
27.375,6727940.0,4314980.0,4112510.0,1278040.0,8.4871e-07,0.00104213,0.00248577,0.00145002,0.00145241,0.00145262,0.00145569,627.846,0.0003,running,slow2
27.38,6727850.0,4314940.0,4112470.0,1278040.0,8.48704e-07,0.00103884,0.00248249,0.00145001,0.0014524,0.0014526,0.00145568,626.82,0.0003,running,slow2
27.385,6727680.0,4314840.0,4112380.0,1278040.0,8.48694e-07,0.00103224,0.00247591,0.00144999,0.00145238,0.00145258,0.00145566,628.088,0.0003,running,slow2
27.39,6727680.0,4314840.0,4112380.0,1278040.0,8.48694e-07,0.00103224,0.00247591,0.00144999,0.00145238,0.00145258,0.00145566,631.955,0.0003,running,slow2
27.395,6728330.0,4315200.0,4112720.0,1278050.0,8.48734e-07,0.00105713,0.00250072,0.00145007,0.00145246,0.00145267,0.00145574,631.955,0.0003,running,slow2
27.4,6728540.0,4315320.0,4112830.0,1278050.0,8.48747e-07,0.0010653,0.00250886,0.0014501,0.00145249,0.0014527,0.00145577,629.355,0.0003,running,slow2
27.405,6728100.0,4315080.0,4112600.0,1278050.0,8.4872e-07,0.00104856,0.00249218,0.00145004,0.00145243,0.00145264,0.00145572,629.499,0.0003,running,slow2
27.41,6728100.0,4315080.0,4112600.0,1278050.0,8.4872e-07,0.00104856,0.00249218,0.00145004,0.00145243,0.00145264,0.00145572,629.936,0.0003,running,slow2
27.415,6728180.0,4315120.0,4112640.0,1278050.0,8.48725e-07,0.00105138,0.00249498,0.00145005,0.00145244,0.00145265,0.00145572,629.936,0.0003,running,slow2
27.42,6728200.0,4315130.0,4112650.0,1278050.0,8.48726e-07,0.0010523,0.0024959,0.00145006,0.00145245,0.00145265,0.00145573,634.158,0.0003,running,slow2
27.425,6728910.0,4315530.0,4113020.0,1278060.0,8.4877e-07,0.00107949,0.00252299,0.00145015,0.00145254,0.00145274,0.00145582,632.87,0.0003,running,slow2
27.43,6728910.0,4315530.0,4113020.0,1278060.0,8.4877e-07,0.00107949,0.00252299,0.00145015,0.00145254,0.00145274,0.00145582,628.943,0.0003,running,slow2
27.435,6728250.0,4315160.0,4112680.0,1278050.0,8.48729e-07,0.0010542,0.0024978,0.00145006,0.00145245,0.00145266,0.00145573,628.943,0.0003,running,slow2
27.44,6728040.0,4315040.0,4112560.0,1278050.0,8.48716e-07,0.00104591,0.00248953,0.00145003,0.00145243,0.00145263,0.00145571,626.94,0.0003,running,slow2
27.445,6727700.0,4314850.0,4112390.0,1278040.0,8.48695e-07,0.00103301,0.00247668,0.00144999,0.00145238,0.00145258,0.00145566,628.078,0.0003,running,slow2
27.45,6727700.0,4314850.0,4112390.0,1278040.0,8.48695e-07,0.00103301,0.00247668,0.00144999,0.00145238,0.00145258,0.00145566,631.549,0.0003,running,slow2
27.455,6728280.0,4315180.0,4112690.0,1278050.0,8.48731e-07,0.00105535,0.00249895,0.00145007,0.00145246,0.00145266,0.00145574,631.549,0.0003,running,slow2
27.46,6728470.0,4315290.0,4112790.0,1278050.0,8.48743e-07,0.00106268,0.00250625,0.00145009,0.00145248,0.00145269,0.00145576,630.827,0.0003,running,slow2
27.465,6728350.0,4315220.0,4112730.0,1278050.0,8.48735e-07,0.00105804,0.00250162,0.00145007,0.00145247,0.00145267,0.00145575,629.595,0.0003,running,slow2
27.47,6728350.0,4315220.0,4112730.0,1278050.0,8.48735e-07,0.00105804,0.00250162,0.00145007,0.00145247,0.00145267,0.00145575,625.837,0.0003,running,slow2
27.475,6727720.0,4314860.0,4112400.0,1278040.0,8.48696e-07,0.00103384,0.00247751,0.00144999,0.00145238,0.00145259,0.00145566,625.837,0.0003,running,slow2
27.48,6727520.0,4314750.0,4112290.0,1278040.0,8.48683e-07,0.00102591,0.00246961,0.00144997,0.00145236,0.00145256,0.00145564,628.653,0.0003,running,slow2
27.485,6727990.0,4315010.0,4112540.0,1278050.0,8.48713e-07,0.00104404,0.00248767,0.00145003,0.00145242,0.00145262,0.0014557,628.835,0.0003,running,slow2
27.49,6727990.0,4315010.0,4112540.0,1278050.0,8.48713e-07,0.00104404,0.00248767,0.00145003,0.00145242,0.00145262,0.0014557,629.39,0.0003,running,slow2
27.495,6728080.0,4315070.0,4112590.0,1278050.0,8.48718e-07,0.00104761,0.00249123,0.00145004,0.00145243,0.00145263,0.00145571,629.39,0.0003,running,slow2
27.5,6728110.0,4315080.0,4112600.0,1278050.0,8.4872e-07,0.00104878,0.0024924,0.00145004,0.00145243,0.00145264,0.00145572,626.727,0.0003,running,slow2
27.505,6727670.0,4314830.0,4112370.0,1278040.0,8.48693e-07,0.00103164,0.00247531,0.00144999,0.00145238,0.00145258,0.00145566,626.624,0.0003,running,slow2
27.51,6727670.0,4314830.0,4112370.0,1278040.0,8.48693e-07,0.00103164,0.00247531,0.00144999,0.00145238,0.00145258,0.00145566,626.308,0.0003,running,slow2
27.515,6727610.0,4314800.0,4112340.0,1278040.0,8.48689e-07,0.0010296,0.00247329,0.00144998,0.00145237,0.00145257,0.00145565,626.308,0.0003,running,slow2
27.52,6727600.0,4314790.0,4112330.0,1278040.0,8.48688e-07,0.00102894,0.00247262,0.00144998,0.00145237,0.00145257,0.00145565,629.704,0.0003,running,slow2
27.525,6728160.0,4315110.0,4112630.0,1278050.0,8.48724e-07,0.00105081,0.00249441,0.00145005,0.00145244,0.00145265,0.00145572,628.905,0.0003,running,slow2
27.53,6728160.0,4315110.0,4112630.0,1278050.0,8.48724e-07,0.00105081,0.00249441,0.00145005,0.00145244,0.00145265,0.00145572,626.47,0.0003,running,slow2
27.535,6727760.0,4314880.0,4112420.0,1278040.0,8.48698e-07,0.00103513,0.00247879,0.00145,0.00145239,0.00145259,0.00145567,626.47,0.0003,running,slow2
27.54,6727620.0,4314810.0,4112350.0,1278040.0,8.4869e-07,0.00102998,0.00247367,0.00144998,0.00145237,0.00145257,0.00145565,628.163,0.0003,running,slow2
27.545,6727910.0,4314970.0,4112500.0,1278040.0,8.48708e-07,0.00104089,0.00248453,0.00145002,0.00145241,0.00145261,0.00145569,628.644,0.0003,running,slow2
27.55,6727910.0,4314970.0,4112500.0,1278040.0,8.48708e-07,0.00104089,0.00248453,0.00145002,0.00145241,0.00145261,0.00145569,630.11,0.0003,running,slow2
27.555,6728150.0,4315110.0,4112620.0,1278050.0,8.48723e-07,0.00105032,0.00249393,0.00145005,0.00145244,0.00145264,0.00145572,630.11,0.0003,running,slow2
27.56,6728230.0,4315150.0,4112670.0,1278050.0,8.48728e-07,0.00105342,0.00249702,0.00145006,0.00145245,0.00145265,0.00145573,626.758,0.0003,running,slow2
27.565,6727670.0,4314840.0,4112370.0,1278040.0,8.48693e-07,0.00103184,0.00247551,0.00144999,0.00145238,0.00145258,0.00145566,626.922,0.0003,running,slow2
27.57,6727670.0,4314840.0,4112370.0,1278040.0,8.48693e-07,0.00103184,0.00247551,0.00144999,0.00145238,0.00145258,0.00145566,627.421,0.0003,running,slow2
27.575,6727750.0,4314880.0,4112420.0,1278040.0,8.48698e-07,0.00103505,0.00247872,0.00145,0.00145239,0.00145259,0.00145567,627.421,0.0003,running,slow2
27.58,6727780.0,4314900.0,4112430.0,1278040.0,8.487e-07,0.00103611,0.00247977,0.00145,0.00145239,0.0014526,0.00145567,632.259,0.0003,running,slow2
27.585,6728590.0,4315350.0,4112860.0,1278050.0,8.4875e-07,0.00106726,0.00251081,0.00145011,0.0014525,0.0014527,0.00145578,631.452,0.0003,running,slow2
27.59,6728590.0,4315350.0,4112860.0,1278050.0,8.4875e-07,0.00106726,0.00251081,0.00145011,0.0014525,0.0014527,0.00145578,628.991,0.0003,running,slow2
27.595,6728180.0,4315120.0,4112640.0,1278050.0,8.48725e-07,0.00105141,0.00249502,0.00145005,0.00145244,0.00145265,0.00145572,628.991,0.0003,running,slow2
27.6,6728040.0,4315050.0,4112570.0,1278050.0,8.48716e-07,0.00104622,0.00248984,0.00145003,0.00145243,0.00145263,0.00145571,628.573,0.0003,running,slow2
27.605,6727970.0,4315010.0,4112530.0,1278050.0,8.48712e-07,0.00104352,0.00248716,0.00145003,0.00145242,0.00145262,0.0014557,627.794,0.0003,running,slow2
27.61,6727970.0,4315010.0,4112530.0,1278050.0,8.48712e-07,0.00104352,0.00248716,0.00145003,0.00145242,0.00145262,0.0014557,625.42,0.0003,running,slow2
27.615,6727580.0,4314780.0,4112320.0,1278040.0,8.48687e-07,0.00102824,0.00247192,0.00144997,0.00145236,0.00145257,0.00145565,625.42,0.0003,running,slow2
27.62,6727450.0,4314710.0,4112250.0,1278040.0,8.48679e-07,0.00102322,0.00246693,0.00144996,0.00145235,0.00145255,0.00145563,632.476,0.0003,running,slow2
27.625,6728630.0,4315370.0,4112870.0,1278050.0,8.48752e-07,0.00106865,0.0025122,0.00145011,0.0014525,0.00145271,0.00145578,632.001,0.0003,running,slow2
27.63,6728630.0,4315370.0,4112870.0,1278050.0,8.48752e-07,0.00106865,0.0025122,0.00145011,0.0014525,0.00145271,0.00145578,630.555,0.0003,running,slow2
27.635,6728380.0,4315240.0,4112750.0,1278050.0,8.48737e-07,0.00105934,0.00250292,0.00145008,0.00145247,0.00145267,0.00145575,630.555,0.0003,running,slow2
27.64,6728300.0,4315190.0,4112710.0,1278050.0,8.48732e-07,0.00105628,0.00249987,0.00145007,0.00145246,0.00145266,0.00145574,628.496,0.0003,running,slow2
27.645,6727960.0,4315000.0,4112520.0,1278050.0,8.48711e-07,0.00104303,0.00248666,0.00145002,0.00145242,0.00145262,0.0014557,628.453,0.0003,running,slow2
27.65,6727960.0,4315000.0,4112520.0,1278050.0,8.48711e-07,0.00104303,0.00248666,0.00145002,0.00145241,0.00145262,0.0014557,628.322,0.0003,running,slow2
27.655,6727940.0,4314990.0,4112510.0,1278050.0,8.4871e-07,0.00104219,0.00248582,0.00145002,0.00145241,0.00145262,0.00145569,628.322,0.0003,running,slow2
27.66,6727930.0,4314980.0,4112510.0,1278050.0,8.48709e-07,0.00104191,0.00248555,0.00145002,0.00145241,0.00145261,0.00145569,630.556,0.0003,running,slow2
27.665,6728310.0,4315190.0,4112710.0,1278050.0,8.48732e-07,0.00105629,0.00249988,0.00145007,0.00145246,0.00145266,0.00145574,630.865,0.0003,running,slow2
27.67,6728310.0,4315190.0,4112710.0,1278050.0,8.48732e-07,0.00105629,0.00249988,0.00145007,0.00145246,0.00145266,0.00145574,631.806,0.0003,running,slow2
27.675,6728460.0,4315280.0,4112790.0,1278050.0,8.48742e-07,0.00106235,0.00250592,0.00145009,0.00145248,0.00145268,0.00145576,631.806,0.0003,running,slow2
27.68,6728510.0,4315310.0,4112820.0,1278050.0,8.48745e-07,0.00106434,0.0025079,0.0014501,0.00145249,0.00145269,0.00145577,629.443,0.0003,running,slow2
27.685,6728120.0,4315090.0,4112610.0,1278050.0,8.48721e-07,0.00104912,0.00249274,0.00145004,0.00145244,0.00145264,0.00145572,629.723,0.0003,running,slow2
27.69,6728120.0,4315090.0,4112610.0,1278050.0,8.48721e-07,0.00104912,0.00249274,0.00145004,0.00145244,0.00145264,0.00145572,630.576,0.0003,running,slow2
27.695,6728260.0,4315170.0,4112680.0,1278050.0,8.4873e-07,0.00105462,0.00249821,0.00145006,0.00145245,0.00145266,0.00145574,630.576,0.0003,running,slow2
27.7,6728310.0,4315200.0,4112710.0,1278050.0,8.48733e-07,0.00105642,0.00250001,0.00145007,0.00145246,0.00145266,0.00145574,628.752,0.0003,running,slow2
27.705,6728000.0,4315020.0,4112550.0,1278050.0,8.48714e-07,0.00104468,0.00248831,0.00145003,0.00145242,0.00145262,0.0014557,629.388,0.0003,running,slow2
27.71,6728000.0,4315020.0,4112550.0,1278050.0,8.48714e-07,0.00104468,0.00248831,0.00145003,0.00145242,0.00145262,0.0014557,631.329,0.0003,running,slow2
27.715,6728330.0,4315210.0,4112720.0,1278050.0,8.48734e-07,0.00105717,0.00250076,0.00145007,0.00145246,0.00145267,0.00145574,631.329,0.0003,running,slow2
27.72,6728430.0,4315270.0,4112770.0,1278050.0,8.48741e-07,0.00106127,0.00250484,0.00145009,0.00145248,0.00145268,0.00145576,625.773,0.0003,running,slow2
27.725,6727510.0,4314740.0,4112290.0,1278040.0,8.48683e-07,0.00102549,0.00246919,0.00144996,0.00145236,0.00145256,0.00145564,626.64,0.0003,running,slow2
27.73,6727510.0,4314740.0,4112290.0,1278040.0,8.48683e-07,0.00102549,0.00246919,0.00144996,0.00145236,0.00145256,0.00145564,629.284,0.0003,running,slow2
27.735,6727950.0,4314990.0,4112520.0,1278050.0,8.4871e-07,0.00104252,0.00248615,0.00145002,0.00145241,0.00145262,0.00145569,629.284,0.0003,running,slow2
27.74,6728090.0,4315070.0,4112590.0,1278050.0,8.48719e-07,0.0010481,0.00249172,0.00145004,0.00145243,0.00145264,0.00145571,628.413,0.0003,running,slow2
27.745,6727950.0,4314990.0,4112520.0,1278050.0,8.4871e-07,0.00104249,0.00248613,0.00145002,0.00145241,0.00145262,0.00145569,628.719,0.0003,running,slow2
27.75,6727950.0,4314990.0,4112520.0,1278050.0,8.4871e-07,0.00104249,0.00248613,0.00145002,0.00145241,0.00145262,0.00145569,629.654,0.0003,running,slow2
27.755,6728100.0,4315080.0,4112600.0,1278050.0,8.4872e-07,0.00104851,0.00249212,0.00145004,0.00145243,0.00145264,0.00145571,629.654,0.0003,running,slow2
27.76,6728150.0,4315110.0,4112630.0,1278050.0,8.48723e-07,0.00105048,0.00249409,0.00145005,0.00145244,0.00145264,0.00145572,628.306,0.0003,running,slow2
27.765,6727930.0,4314980.0,4112510.0,1278050.0,8.48709e-07,0.00104181,0.00248545,0.00145002,0.00145241,0.00145261,0.00145569,628.712,0.0003,running,slow2
27.77,6727930.0,4314980.0,4112510.0,1278050.0,8.48709e-07,0.00104181,0.00248545,0.00145002,0.00145241,0.00145261,0.00145569,629.95,0.0003,running,slow2
27.775,6728140.0,4315100.0,4112620.0,1278050.0,8.48722e-07,0.00104978,0.00249339,0.00145005,0.00145244,0.00145264,0.00145572,629.95,0.0003,running,slow2
27.78,6728200.0,4315140.0,4112650.0,1278050.0,8.48726e-07,0.00105239,0.00249599,0.00145006,0.00145245,0.00145265,0.00145573,625.126,0.0003,running,slow2
27.785,6727400.0,4314680.0,4112230.0,1278040.0,8.48676e-07,0.00102133,0.00246504,0.00144995,0.00145234,0.00145254,0.00145562,625.877,0.0003,running,slow2
27.79,6727400.0,4314680.0,4112230.0,1278040.0,8.48676e-07,0.00102133,0.00246504,0.00144995,0.00145234,0.00145254,0.00145562,628.167,0.0003,running,slow2
27.795,6727780.0,4314900.0,4112430.0,1278050.0,8.487e-07,0.00103607,0.00247973,0.00145,0.00145239,0.00145259,0.00145567,628.167,0.0003,running,slow2
27.8,6727910.0,4314970.0,4112500.0,1278050.0,8.48708e-07,0.00104091,0.00248455,0.00145002,0.00145241,0.00145261,0.00145569,626.194,0.0003,running,slow2
27.805,6727580.0,4314780.0,4112320.0,1278040.0,8.48687e-07,0.00102821,0.00247189,0.00144997,0.00145236,0.00145257,0.00145564,627.189,0.0003,running,slow2
27.81,6727580.0,4314780.0,4112320.0,1278040.0,8.48687e-07,0.00102821,0.00247189,0.00144997,0.00145236,0.00145257,0.00145564,630.221,0.0003,running,slow2
27.815,6728080.0,4315070.0,4112590.0,1278050.0,8.48719e-07,0.00104773,0.00249135,0.00145004,0.00145243,0.00145263,0.00145571,630.221,0.0003,running,slow2
27.82,6728250.0,4315160.0,4112680.0,1278050.0,8.48729e-07,0.00105413,0.00249773,0.00145006,0.00145245,0.00145266,0.00145573,628.906,0.0003,running,slow2
27.825,6728030.0,4315040.0,4112560.0,1278050.0,8.48715e-07,0.00104567,0.0024893,0.00145003,0.00145242,0.00145263,0.0014557,628.635,0.0003,running,slow2
27.83,6728030.0,4315040.0,4112560.0,1278050.0,8.48715e-07,0.00104567,0.0024893,0.00145003,0.00145242,0.00145263,0.0014557,627.809,0.0003,running,slow2
27.835,6727890.0,4314960.0,4112490.0,1278050.0,8.48707e-07,0.00104035,0.00248399,0.00145001,0.00145241,0.00145261,0.00145569,627.809,0.0003,running,slow2
27.84,6727850.0,4314940.0,4112470.0,1278050.0,8.48704e-07,0.0010386,0.00248225,0.00145001,0.0014524,0.0014526,0.00145568,631.564,0.0003,running,slow2
27.845,6728470.0,4315290.0,4112800.0,1278050.0,8.48743e-07,0.00106278,0.00250635,0.00145009,0.00145248,0.00145269,0.00145576,631.865,0.0003,running,slow2
27.85,6728470.0,4315290.0,4112800.0,1278050.0,8.48743e-07,0.00106278,0.00250635,0.00145009,0.00145248,0.00145269,0.00145576,632.781,0.0003,running,slow2
27.855,6728630.0,4315380.0,4112880.0,1278060.0,8.48753e-07,0.00106868,0.00251223,0.00145011,0.0014525,0.00145271,0.00145578,632.781,0.0003,running,slow2
27.86,6728680.0,4315400.0,4112900.0,1278060.0,8.48756e-07,0.00107062,0.00251415,0.00145012,0.00145251,0.00145271,0.00145579,630.251,0.0003,running,slow2
27.865,6728250.0,4315170.0,4112680.0,1278050.0,8.48729e-07,0.00105433,0.00249793,0.00145006,0.00145245,0.00145266,0.00145573,630.625,0.0003,running,slow2
27.87,6728250.0,4315170.0,4112680.0,1278050.0,8.48729e-07,0.00105433,0.00249793,0.00145006,0.00145245,0.00145266,0.00145573,631.763,0.0003,running,slow2
27.875,6728440.0,4315270.0,4112780.0,1278050.0,8.48741e-07,0.00106166,0.00250523,0.00145009,0.00145248,0.00145268,0.00145576,631.763,0.0003,running,slow2
27.88,6728510.0,4315310.0,4112810.0,1278060.0,8.48745e-07,0.00106407,0.00250763,0.00145009,0.00145249,0.00145269,0.00145577,627.722,0.0003,running,slow2
27.885,6727830.0,4314930.0,4112460.0,1278050.0,8.48703e-07,0.00103804,0.0024817,0.00145001,0.0014524,0.0014526,0.00145568,627.104,0.0003,running,slow2
27.89,6727830.0,4314930.0,4112460.0,1278050.0,8.48703e-07,0.00103804,0.0024817,0.00145001,0.0014524,0.0014526,0.00145568,625.22,0.0003,running,slow2
27.895,6727520.0,4314750.0,4112290.0,1278040.0,8.48683e-07,0.00102591,0.00246961,0.00144997,0.00145236,0.00145256,0.00145564,625.22,0.0003,running,slow2
27.9,6727410.0,4314690.0,4112240.0,1278040.0,8.48677e-07,0.00102194,0.00246565,0.00144995,0.00145234,0.00145255,0.00145562,629.6,0.0003,running,slow2
27.905,6728150.0,4315100.0,4112620.0,1278050.0,8.48723e-07,0.00105014,0.00249375,0.00145005,0.00145244,0.00145264,0.00145572,629.64,0.0003,running,slow2
27.91,6728150.0,4315100.0,4112620.0,1278050.0,8.48723e-07,0.00105014,0.00249375,0.00145005,0.00145244,0.00145264,0.00145572,629.763,0.0003,running,slow2
27.915,6728170.0,4315120.0,4112630.0,1278050.0,8.48724e-07,0.00105093,0.00249453,0.00145005,0.00145244,0.00145265,0.00145572,629.763,0.0003,running,slow2
27.92,6728170.0,4315120.0,4112640.0,1278050.0,8.48724e-07,0.00105118,0.00249479,0.00145005,0.00145244,0.00145265,0.00145572,631.091,0.0003,running,slow2
27.925,6728390.0,4315240.0,4112750.0,1278050.0,8.48738e-07,0.00105974,0.00250331,0.00145008,0.00145247,0.00145268,0.00145575,630.437,0.0003,running,slow2
27.93,6728390.0,4315240.0,4112750.0,1278050.0,8.48738e-07,0.00105974,0.00250331,0.00145008,0.00145247,0.00145268,0.00145575,628.442,0.0003,running,slow2
27.935,6728060.0,4315060.0,4112580.0,1278050.0,8.48717e-07,0.00104689,0.00249052,0.00145004,0.00145243,0.00145263,0.00145571,628.442,0.0003,running,slow2
27.94,6727950.0,4315000.0,4112520.0,1278050.0,8.4871e-07,0.00104268,0.00248632,0.00145002,0.00145241,0.00145262,0.00145569,628.299,0.0003,running,slow2
27.945,6727930.0,4314980.0,4112510.0,1278050.0,8.48709e-07,0.00104176,0.0024854,0.00145002,0.00145241,0.00145261,0.00145569,628.382,0.0003,running,slow2
27.95,6727930.0,4314980.0,4112510.0,1278050.0,8.48709e-07,0.00104176,0.0024854,0.00145002,0.00145241,0.00145261,0.00145569,628.634,0.0003,running,slow2
27.955,6727970.0,4315010.0,4112530.0,1278050.0,8.48712e-07,0.00104338,0.00248702,0.00145002,0.00145242,0.00145262,0.0014557,628.634,0.0003,running,slow2
27.96,6727980.0,4315010.0,4112540.0,1278050.0,8.48712e-07,0.00104391,0.00248755,0.00145003,0.00145242,0.00145262,0.0014557,626.102,0.0003,running,slow2
27.965,6727560.0,4314780.0,4112320.0,1278050.0,8.48686e-07,0.00102761,0.0024713,0.00144997,0.00145236,0.00145257,0.00145564,626.41,0.0003,running,slow2
27.97,6727560.0,4314780.0,4112320.0,1278050.0,8.48686e-07,0.00102761,0.0024713,0.00144997,0.00145236,0.00145257,0.00145564,627.35,0.0003,running,slow2
27.975,6727720.0,4314860.0,4112400.0,1278050.0,8.48696e-07,0.00103366,0.00247733,0.00144999,0.00145238,0.00145259,0.00145566,627.35,0.0003,running,slow2
27.98,6727770.0,4314890.0,4112430.0,1278050.0,8.48699e-07,0.00103565,0.00247931,0.00145,0.00145239,0.00145259,0.00145567,628.628,0.0003,running,slow2
27.985,6727980.0,4315010.0,4112540.0,1278050.0,8.48712e-07,0.00104388,0.00248751,0.00145003,0.00145242,0.00145262,0.0014557,628.227,0.0003,running,slow2
27.99,6727980.0,4315010.0,4112540.0,1278050.0,8.48712e-07,0.00104388,0.00248751,0.00145003,0.00145242,0.00145262,0.0014557,627.006,0.0003,running,slow2
27.995,6727780.0,4314900.0,4112430.0,1278050.0,8.487e-07,0.00103601,0.00247967,0.00145,0.00145239,0.00145259,0.00145567,627.006,0.0003,running,slow2
28.0,6727710.0,4314860.0,4112400.0,1278050.0,8.48696e-07,0.00103343,0.0024771,0.00144999,0.00145238,0.00145259,0.00145566,630.596,0.0003,running,slow2
28.005,6728310.0,4315200.0,4112710.0,1278050.0,8.48733e-07,0.00105655,0.00250014,0.00145007,0.00145246,0.00145266,0.00145574,630.559,0.0003,running,slow2
28.01,6728310.0,4315200.0,4112710.0,1278050.0,8.48733e-07,0.00105655,0.00250014,0.00145007,0.00145246,0.00145266,0.00145574,630.448,0.0003,running,slow2
28.015,6728290.0,4315190.0,4112700.0,1278050.0,8.48732e-07,0.00105583,0.00249942,0.00145007,0.00145246,0.00145266,0.00145574,630.448,0.0003,running,slow2
28.02,6728290.0,4315180.0,4112700.0,1278050.0,8.48731e-07,0.0010556,0.00249919,0.00145007,0.00145246,0.00145266,0.00145574,630.123,0.0003,running,slow2
28.025,6728230.0,4315150.0,4112670.0,1278050.0,8.48728e-07,0.00105351,0.0024971,0.00145006,0.00145245,0.00145265,0.00145573,630.652,0.0003,running,slow2
28.03,6728230.0,4315150.0,4112670.0,1278050.0,8.48728e-07,0.00105351,0.0024971,0.00145006,0.00145245,0.00145265,0.00145573,632.262,0.0003,running,slow2
28.035,6728500.0,4315310.0,4112810.0,1278060.0,8.48745e-07,0.00106388,0.00250744,0.00145009,0.00145249,0.00145269,0.00145577,632.262,0.0003,running,slow2
28.04,6728590.0,4315360.0,4112860.0,1278060.0,8.4875e-07,0.00106728,0.00251083,0.00145011,0.0014525,0.0014527,0.00145578,630.973,0.0003,running,slow2
28.045,6728370.0,4315230.0,4112740.0,1278060.0,8.48737e-07,0.00105898,0.00250256,0.00145008,0.00145247,0.00145267,0.00145575,629.422,0.0003,running,slow2
28.05,6728370.0,4315230.0,4112740.0,1278060.0,8.48737e-07,0.00105898,0.00250256,0.00145008,0.00145247,0.00145267,0.00145575,624.691,0.0003,running,slow2
28.055,6727580.0,4314790.0,4112330.0,1278050.0,8.48688e-07,0.00102852,0.00247221,0.00144997,0.00145236,0.00145257,0.00145565,624.691,0.0003,running,slow2
28.06,6727330.0,4314640.0,4112190.0,1278040.0,8.48671e-07,0.00101853,0.00246225,0.00144994,0.00145233,0.00145253,0.00145561,627.634,0.0003,running,slow2
28.065,6727820.0,4314920.0,4112450.0,1278050.0,8.48702e-07,0.00103748,0.00248113,0.00145,0.0014524,0.0014526,0.00145568,626.751,0.0003,running,slow2
28.07,6727820.0,4314920.0,4112450.0,1278050.0,8.48702e-07,0.00103748,0.00248113,0.00145,0.0014524,0.0014526,0.00145568,624.06,0.0003,running,slow2
28.075,6727370.0,4314670.0,4112210.0,1278040.0,8.48674e-07,0.00102015,0.00246386,0.00144995,0.00145234,0.00145254,0.00145562,624.06,0.0003,running,slow2
28.08,6727220.0,4314580.0,4112140.0,1278040.0,8.48665e-07,0.00101446,0.0024582,0.00144993,0.00145232,0.00145252,0.0014556,630.046,0.0003,running,slow2
28.085,6728220.0,4315150.0,4112660.0,1278050.0,8.48727e-07,0.00105301,0.00249661,0.00145006,0.00145245,0.00145265,0.00145573,629.582,0.0003,running,slow2
28.09,6728220.0,4315150.0,4112660.0,1278050.0,8.48727e-07,0.00105301,0.00249661,0.00145006,0.00145245,0.00145265,0.00145573,628.169,0.0003,running,slow2
28.095,6727980.0,4315010.0,4112540.0,1278050.0,8.48712e-07,0.00104391,0.00248754,0.00145003,0.00145242,0.00145262,0.0014557,628.169,0.0003,running,slow2
28.1,6727910.0,4314970.0,4112500.0,1278050.0,8.48708e-07,0.00104092,0.00248456,0.00145002,0.00145241,0.00145261,0.00145569,627.138,0.0003,running,slow2
28.105,6727730.0,4314870.0,4112410.0,1278050.0,8.48697e-07,0.00103429,0.00247795,0.00144999,0.00145238,0.00145259,0.00145567,627.896,0.0003,running,slow2
28.11,6727730.0,4314870.0,4112410.0,1278050.0,8.48697e-07,0.00103429,0.00247795,0.00144999,0.00145238,0.00145259,0.00145567,630.206,0.0003,running,slow2
28.115,6728120.0,4315090.0,4112610.0,1278050.0,8.48721e-07,0.00104916,0.00249277,0.00145004,0.00145244,0.00145264,0.00145572,630.206,0.0003,running,slow2
28.12,6728250.0,4315160.0,4112680.0,1278060.0,8.48729e-07,0.00105404,0.00249763,0.00145006,0.00145245,0.00145266,0.00145573,629.728,0.0003,running,slow2
28.125,6728170.0,4315120.0,4112640.0,1278050.0,8.48724e-07,0.00105096,0.00249457,0.00145005,0.00145244,0.00145265,0.00145572,629.269,0.0003,running,slow2
28.13,6728170.0,4315120.0,4112640.0,1278050.0,8.48724e-07,0.00105096,0.00249457,0.00145005,0.00145244,0.00145265,0.00145572,627.873,0.0003,running,slow2
28.135,6727930.0,4314990.0,4112510.0,1278050.0,8.48709e-07,0.00104196,0.0024856,0.00145002,0.00145241,0.00145261,0.00145569,627.873,0.0003,running,slow2
28.14,6727860.0,4314940.0,4112470.0,1278050.0,8.48705e-07,0.00103901,0.00248266,0.00145001,0.0014524,0.0014526,0.00145568,629.934,0.0003,running,slow2
28.145,6728200.0,4315140.0,4112650.0,1278050.0,8.48726e-07,0.00105229,0.00249589,0.00145005,0.00145245,0.00145265,0.00145573,630.24,0.0003,running,slow2
28.15,6728200.0,4315140.0,4112650.0,1278050.0,8.48726e-07,0.00105229,0.00249589,0.00145005,0.00145245,0.00145265,0.00145573,631.17,0.0003,running,slow2
28.155,6728360.0,4315220.0,4112740.0,1278060.0,8.48736e-07,0.00105828,0.00250186,0.00145007,0.00145247,0.00145267,0.00145575,631.17,0.0003,running,slow2
28.16,6728410.0,4315250.0,4112760.0,1278060.0,8.48739e-07,0.00106025,0.00250382,0.00145008,0.00145247,0.00145268,0.00145575,630.005,0.0003,running,slow2
28.165,6728210.0,4315140.0,4112660.0,1278060.0,8.48727e-07,0.00105274,0.00249634,0.00145006,0.00145245,0.00145265,0.00145573,629.787,0.0003,running,slow2
28.17,6728210.0,4315140.0,4112660.0,1278060.0,8.48727e-07,0.00105274,0.00249634,0.00145006,0.00145245,0.00145265,0.00145573,629.123,0.0003,running,slow2
28.175,6728100.0,4315080.0,4112600.0,1278050.0,8.4872e-07,0.00104847,0.00249208,0.00145004,0.00145243,0.00145264,0.00145571,629.123,0.0003,running,slow2
28.18,6728070.0,4315060.0,4112580.0,1278050.0,8.48718e-07,0.00104706,0.00249069,0.00145004,0.00145243,0.00145263,0.00145571,630.561,0.0003,running,slow2
28.185,6728310.0,4315200.0,4112710.0,1278060.0,8.48733e-07,0.00105632,0.00249991,0.00145007,0.00145246,0.00145266,0.00145574,629.705,0.0003,running,slow2
28.19,6728310.0,4315200.0,4112710.0,1278060.0,8.48733e-07,0.00105632,0.00249991,0.00145007,0.00145246,0.00145266,0.00145574,627.097,0.0003,running,slow2
28.195,6727870.0,4314950.0,4112480.0,1278050.0,8.48705e-07,0.00103953,0.00248318,0.00145001,0.0014524,0.00145261,0.00145568,627.097,0.0003,running,slow2
28.2,6727730.0,4314870.0,4112400.0,1278050.0,8.48696e-07,0.00103402,0.00247769,0.00144999,0.00145238,0.00145259,0.00145566,623.435,0.0003,running,slow2
28.205,6727120.0,4314530.0,4112080.0,1278040.0,8.48658e-07,0.00101044,0.00245419,0.00144991,0.0014523,0.00145251,0.00145558,624.627,0.0003,running,slow2
28.21,6727120.0,4314530.0,4112080.0,1278040.0,8.48658e-07,0.00101044,0.00245419,0.00144991,0.0014523,0.00145251,0.00145558,628.26,0.0003,running,slow2
28.215,6727720.0,4314870.0,4112400.0,1278050.0,8.48696e-07,0.00103383,0.0024775,0.00144999,0.00145238,0.00145259,0.00145566,628.26,0.0003,running,slow2
28.22,6727920.0,4314980.0,4112510.0,1278050.0,8.48709e-07,0.00104151,0.00248515,0.00145002,0.00145241,0.00145261,0.00145569,628.209,0.0003,running,slow2
28.225,6727910.0,4314980.0,4112500.0,1278050.0,8.48708e-07,0.00104118,0.00248482,0.00145002,0.00145241,0.00145261,0.00145569,628.213,0.0003,running,slow2
28.23,6727910.0,4314980.0,4112500.0,1278050.0,8.48708e-07,0.00104118,0.00248482,0.00145002,0.00145241,0.00145261,0.00145569,628.225,0.0003,running,slow2
28.235,6727920.0,4314980.0,4112500.0,1278050.0,8.48708e-07,0.00104126,0.0024849,0.00145002,0.00145241,0.00145261,0.00145569,628.225,0.0003,running,slow2
28.24,6727920.0,4314980.0,4112500.0,1278050.0,8.48708e-07,0.00104128,0.00248492,0.00145002,0.00145241,0.00145261,0.00145569,626.143,0.0003,running,slow2
28.245,6727570.0,4314780.0,4112320.0,1278050.0,8.48687e-07,0.00102788,0.00247157,0.00144997,0.00145236,0.00145257,0.00145564,626.606,0.0003,running,slow2
28.25,6727570.0,4314780.0,4112320.0,1278050.0,8.48687e-07,0.00102788,0.00247157,0.00144997,0.00145236,0.00145257,0.00145564,628.015,0.0003,running,slow2
28.255,6727800.0,4314910.0,4112450.0,1278050.0,8.48701e-07,0.00103696,0.00248061,0.00145,0.00145239,0.0014526,0.00145567,628.015,0.0003,running,slow2
28.26,6727880.0,4314960.0,4112490.0,1278050.0,8.48706e-07,0.00103993,0.00248358,0.00145001,0.0014524,0.00145261,0.00145568,628.617,0.0003,running,slow2
28.265,6727980.0,4315010.0,4112540.0,1278050.0,8.48712e-07,0.00104381,0.00248744,0.00145003,0.00145242,0.00145262,0.0014557,628.914,0.0003,running,slow2
28.27,6727980.0,4315010.0,4112540.0,1278050.0,8.48712e-07,0.00104381,0.00248744,0.00145003,0.00145242,0.00145262,0.0014557,629.819,0.0003,running,slow2
28.275,6728130.0,4315100.0,4112620.0,1278060.0,8.48722e-07,0.00104963,0.00249325,0.00145005,0.00145244,0.00145264,0.00145572,629.819,0.0003,running,slow2
28.28,6728180.0,4315130.0,4112640.0,1278060.0,8.48725e-07,0.00105155,0.00249515,0.00145005,0.00145244,0.00145265,0.00145572,627.842,0.0003,running,slow2
28.285,6727850.0,4314940.0,4112470.0,1278050.0,8.48704e-07,0.00103882,0.00248247,0.00145001,0.0014524,0.0014526,0.00145568,628.995,0.0003,running,slow2
28.29,6727850.0,4314940.0,4112470.0,1278050.0,8.48704e-07,0.00103882,0.00248247,0.00145001,0.0014524,0.0014526,0.00145568,632.509,0.0003,running,slow2
28.295,6728440.0,4315270.0,4112780.0,1278060.0,8.48741e-07,0.00106145,0.00250502,0.00145009,0.00145248,0.00145268,0.00145576,632.509,0.0003,running,slow2
28.3,6728630.0,4315380.0,4112880.0,1278060.0,8.48753e-07,0.00106887,0.00251241,0.00145011,0.0014525,0.00145271,0.00145578,623.61,0.0003,running,slow2
28.305,6727140.0,4314540.0,4112100.0,1278040.0,8.4866e-07,0.00101157,0.00245532,0.00144992,0.00145231,0.00145251,0.00145559,624.294,0.0003,running,slow2
28.31,6727140.0,4314540.0,4112100.0,1278040.0,8.4866e-07,0.00101157,0.00245532,0.00144992,0.00145231,0.00145251,0.00145559,626.378,0.0003,running,slow2
28.315,6727490.0,4314740.0,4112280.0,1278050.0,8.48682e-07,0.00102499,0.00246869,0.00144996,0.00145235,0.00145256,0.00145563,626.378,0.0003,running,slow2
28.32,6727610.0,4314800.0,4112340.0,1278050.0,8.48689e-07,0.00102939,0.00247308,0.00144998,0.00145237,0.00145257,0.00145565,625.622,0.0003,running,slow2
28.325,6727480.0,4314730.0,4112280.0,1278050.0,8.48681e-07,0.00102452,0.00246822,0.00144996,0.00145235,0.00145255,0.00145563,626.637,0.0003,running,slow2
28.33,6727480.0,4314730.0,4112280.0,1278050.0,8.48681e-07,0.00102452,0.00246822,0.00144996,0.00145235,0.00145255,0.00145563,629.732,0.0003,running,slow2
28.335,6728000.0,4315020.0,4112550.0,1278050.0,8.48713e-07,0.00104445,0.00248808,0.00145003,0.00145242,0.00145262,0.0014557,629.732,0.0003,running,slow2
28.34,6728170.0,4315120.0,4112640.0,1278060.0,8.48724e-07,0.00105099,0.0024946,0.00145005,0.00145244,0.00145264,0.00145572,629.569,0.0003,running,slow2
28.345,6728140.0,4315100.0,4112620.0,1278060.0,8.48722e-07,0.00104994,0.00249355,0.00145005,0.00145244,0.00145264,0.00145572,629.714,0.0003,running,slow2
28.35,6728140.0,4315100.0,4112620.0,1278060.0,8.48722e-07,0.00104994,0.00249355,0.00145005,0.00145244,0.00145264,0.00145572,630.154,0.0003,running,slow2
28.355,6728210.0,4315150.0,4112660.0,1278060.0,8.48727e-07,0.00105277,0.00249637,0.00145006,0.00145245,0.00145265,0.00145573,630.154,0.0003,running,slow2
28.36,6728240.0,4315160.0,4112670.0,1278060.0,8.48728e-07,0.0010537,0.0024973,0.00145006,0.00145245,0.00145265,0.00145573,631.37,0.0003,running,slow2
28.365,6728440.0,4315270.0,4112780.0,1278060.0,8.48741e-07,0.00106153,0.0025051,0.00145009,0.00145248,0.00145268,0.00145576,629.867,0.0003,running,slow2
28.37,6728440.0,4315270.0,4112780.0,1278060.0,8.48741e-07,0.00106153,0.0025051,0.00145009,0.00145248,0.00145268,0.00145576,625.288,0.0003,running,slow2
28.375,6727680.0,4314840.0,4112380.0,1278050.0,8.48693e-07,0.00103204,0.00247572,0.00144999,0.00145238,0.00145258,0.00145566,625.288,0.0003,running,slow2
28.38,6727420.0,4314700.0,4112250.0,1278050.0,8.48678e-07,0.00102237,0.00246608,0.00144995,0.00145234,0.00145255,0.00145562,626.172,0.0003,running,slow2
28.385,6727570.0,4314780.0,4112320.0,1278050.0,8.48687e-07,0.00102807,0.00247175,0.00144997,0.00145236,0.00145257,0.00145564,627.148,0.0003,running,slow2
28.39,6727570.0,4314780.0,4112320.0,1278050.0,8.48687e-07,0.00102807,0.00247175,0.00144997,0.00145236,0.00145257,0.00145564,630.123,0.0003,running,slow2
28.395,6728070.0,4315060.0,4112590.0,1278060.0,8.48718e-07,0.00104722,0.00249084,0.00145004,0.00145243,0.00145263,0.00145571,630.123,0.0003,running,slow2
28.4,6728230.0,4315160.0,4112670.0,1278060.0,8.48728e-07,0.0010535,0.0024971,0.00145006,0.00145245,0.00145265,0.00145573,626.845,0.0003,running,slow2
28.405,6727690.0,4314850.0,4112380.0,1278050.0,8.48694e-07,0.0010324,0.00247607,0.00144999,0.00145238,0.00145258,0.00145566,627.175,0.0003,running,slow2
28.41,6727690.0,4314850.0,4112380.0,1278050.0,8.48694e-07,0.0010324,0.00247607,0.00144999,0.00145238,0.00145258,0.00145566,628.18,0.0003,running,slow2
28.415,6727850.0,4314940.0,4112470.0,1278050.0,8.48704e-07,0.00103887,0.00248252,0.00145001,0.0014524,0.0014526,0.00145568,628.18,0.0003,running,slow2
28.42,6727910.0,4314970.0,4112500.0,1278050.0,8.48708e-07,0.00104099,0.00248464,0.00145002,0.00145241,0.00145261,0.00145569,630.401,0.0003,running,slow2
28.425,6728280.0,4315180.0,4112700.0,1278060.0,8.48731e-07,0.00105529,0.00249888,0.00145006,0.00145246,0.00145266,0.00145574,629.335,0.0003,running,slow2
28.43,6728280.0,4315180.0,4112700.0,1278060.0,8.48731e-07,0.00105529,0.00249888,0.00145006,0.00145246,0.00145266,0.00145574,626.086,0.0003,running,slow2
28.435,6727740.0,4314880.0,4112410.0,1278050.0,8.48697e-07,0.00103437,0.00247804,0.00144999,0.00145238,0.00145259,0.00145566,626.086,0.0003,running,slow2
28.44,6727560.0,4314780.0,4112320.0,1278050.0,8.48686e-07,0.00102751,0.0024712,0.00144997,0.00145236,0.00145256,0.00145564,624.127,0.0003,running,slow2
28.445,6727230.0,4314590.0,4112150.0,1278050.0,8.48666e-07,0.0010149,0.00245863,0.00144993,0.00145232,0.00145252,0.0014556,625.195,0.0003,running,slow2
28.45,6727230.0,4314590.0,4112150.0,1278050.0,8.48666e-07,0.0010149,0.00245863,0.00144993,0.00145232,0.00145252,0.0014556,628.451,0.0003,running,slow2
28.455,6727780.0,4314900.0,4112430.0,1278050.0,8.48699e-07,0.00103586,0.00247952,0.00145,0.00145239,0.00145259,0.00145567,628.451,0.0003,running,slow2
28.46,6727950.0,4315000.0,4112530.0,1278060.0,8.48711e-07,0.00104274,0.00248638,0.00145002,0.00145241,0.00145262,0.00145569,626.062,0.0003,running,slow2
28.465,6727550.0,4314770.0,4112320.0,1278050.0,8.48686e-07,0.00102736,0.00247105,0.00144997,0.00145236,0.00145256,0.00145564,626.417,0.0003,running,slow2
28.47,6727550.0,4314770.0,4112320.0,1278050.0,8.48686e-07,0.00102736,0.00247105,0.00144997,0.00145236,0.00145256,0.00145564,627.5,0.0003,running,slow2
28.475,6727740.0,4314880.0,4112410.0,1278050.0,8.48697e-07,0.00103433,0.002478,0.00144999,0.00145238,0.00145259,0.00145566,627.5,0.0003,running,slow2
28.48,6727790.0,4314910.0,4112440.0,1278050.0,8.48701e-07,0.00103662,0.00248027,0.00145,0.00145239,0.0014526,0.00145567,625.629,0.0003,running,slow2
28.485,6727480.0,4314730.0,4112280.0,1278050.0,8.48681e-07,0.00102457,0.00246827,0.00144996,0.00145235,0.00145255,0.00145563,626.242,0.0003,running,slow2
28.49,6727480.0,4314730.0,4112280.0,1278050.0,8.48681e-07,0.00102457,0.00246827,0.00144996,0.00145235,0.00145255,0.00145563,628.114,0.0003,running,slow2
28.495,6727790.0,4314910.0,4112440.0,1278050.0,8.48701e-07,0.00103662,0.00248027,0.00145,0.00145239,0.0014526,0.00145567,628.114,0.0003,running,slow2
28.5,6727900.0,4314970.0,4112500.0,1278060.0,8.48707e-07,0.00104057,0.00248421,0.00145001,0.00145241,0.00145261,0.00145569,627.569,0.0003,running,slow2
28.505,6727810.0,4314920.0,4112450.0,1278050.0,8.48701e-07,0.00103706,0.00248072,0.00145,0.00145239,0.0014526,0.00145567,626.967,0.0003,running,slow2
28.51,6727810.0,4314920.0,4112450.0,1278050.0,8.48701e-07,0.00103706,0.00248072,0.00145,0.00145239,0.0014526,0.00145567,625.132,0.0003,running,slow2
28.515,6727500.0,4314740.0,4112290.0,1278050.0,8.48682e-07,0.00102524,0.00246894,0.00144996,0.00145235,0.00145256,0.00145563,625.132,0.0003,running,slow2
28.52,6727400.0,4314690.0,4112230.0,1278050.0,8.48676e-07,0.00102137,0.00246508,0.00144995,0.00145234,0.00145254,0.00145562,628.454,0.0003,running,slow2
28.525,6727950.0,4315000.0,4112530.0,1278060.0,8.48711e-07,0.00104276,0.00248639,0.00145002,0.00145241,0.00145262,0.00145569,628.775,0.0003,running,slow2
28.53,6727950.0,4315000.0,4112530.0,1278060.0,8.48711e-07,0.00104276,0.00248639,0.00145002,0.00145241,0.00145262,0.00145569,629.754,0.0003,running,slow2
28.535,6728120.0,4315090.0,4112610.0,1278060.0,8.48721e-07,0.00104906,0.00249267,0.00145004,0.00145243,0.00145264,0.00145572,629.754,0.0003,running,slow2
28.54,6728170.0,4315120.0,4112640.0,1278060.0,8.48724e-07,0.00105113,0.00249473,0.00145005,0.00145244,0.00145265,0.00145572,627.413,0.0003,running,slow2
28.545,6727780.0,4314900.0,4112430.0,1278050.0,8.487e-07,0.00103606,0.00247971,0.00145,0.00145239,0.00145259,0.00145567,626.903,0.0003,running,slow2
28.55,6727780.0,4314900.0,4112430.0,1278050.0,8.487e-07,0.00103606,0.00247971,0.00145,0.00145239,0.00145259,0.00145567,625.349,0.0003,running,slow2
28.555,6727520.0,4314760.0,4112300.0,1278050.0,8.48684e-07,0.00102605,0.00246974,0.00144996,0.00145236,0.00145256,0.00145564,625.349,0.0003,running,slow2
28.56,6727440.0,4314710.0,4112250.0,1278050.0,8.48678e-07,0.00102277,0.00246647,0.00144995,0.00145234,0.00145255,0.00145562,630.356,0.0003,running,slow2
28.565,6728270.0,4315180.0,4112690.0,1278060.0,8.4873e-07,0.001055,0.0024986,0.00145006,0.00145245,0.00145266,0.00145574,629.556,0.0003,running,slow2
28.57,6728270.0,4315180.0,4112690.0,1278060.0,8.4873e-07,0.001055,0.0024986,0.00145006,0.00145245,0.00145266,0.00145574,627.118,0.0003,running,slow2
28.575,6727860.0,4314950.0,4112480.0,1278060.0,8.48705e-07,0.00103931,0.00248295,0.00145001,0.0014524,0.0014526,0.00145568,627.118,0.0003,running,slow2
28.58,6727730.0,4314870.0,4112410.0,1278050.0,8.48697e-07,0.00103416,0.00247782,0.00144999,0.00145238,0.00145259,0.00145566,629.234,0.0003,running,slow2
28.585,6728080.0,4315070.0,4112590.0,1278060.0,8.48719e-07,0.00104778,0.0024914,0.00145004,0.00145243,0.00145263,0.00145571,629.049,0.0003,running,slow2
28.59,6728080.0,4315070.0,4112590.0,1278060.0,8.48719e-07,0.00104778,0.0024914,0.00145004,0.00145243,0.00145263,0.00145571,628.485,0.0003,running,slow2
28.595,6727990.0,4315020.0,4112550.0,1278060.0,8.48713e-07,0.00104415,0.00248778,0.00145003,0.00145242,0.00145262,0.0014557,628.485,0.0003,running,slow2
28.6,6727960.0,4315000.0,4112530.0,1278060.0,8.48711e-07,0.00104296,0.00248659,0.00145002,0.00145241,0.00145262,0.00145569,630.943,0.0003,running,slow2
28.605,6728370.0,4315230.0,4112750.0,1278060.0,8.48737e-07,0.00105879,0.00250236,0.00145008,0.00145247,0.00145267,0.00145575,630.888,0.0003,running,slow2
28.61,6728370.0,4315230.0,4112750.0,1278060.0,8.48737e-07,0.00105879,0.00250236,0.00145008,0.00145247,0.00145267,0.00145575,630.721,0.0003,running,slow2
28.615,6728340.0,4315220.0,4112730.0,1278060.0,8.48735e-07,0.00105771,0.00250129,0.00145007,0.00145246,0.00145267,0.00145574,630.721,0.0003,running,slow2
28.62,6728330.0,4315210.0,4112730.0,1278060.0,8.48734e-07,0.00105736,0.00250094,0.00145007,0.00145246,0.00145267,0.00145574,629.756,0.0003,running,slow2
28.625,6728170.0,4315120.0,4112640.0,1278060.0,8.48724e-07,0.00105114,0.00249474,0.00145005,0.00145244,0.00145264,0.00145572,629.005,0.0003,running,slow2
28.63,6728170.0,4315120.0,4112640.0,1278060.0,8.48724e-07,0.00105114,0.00249474,0.00145005,0.00145244,0.00145264,0.00145572,626.717,0.0003,running,slow2
28.635,6727790.0,4314910.0,4112440.0,1278060.0,8.487e-07,0.00103641,0.00248006,0.00145,0.00145239,0.00145259,0.00145567,626.717,0.0003,running,slow2
28.64,6727660.0,4314840.0,4112370.0,1278050.0,8.48693e-07,0.00103157,0.00247525,0.00144998,0.00145237,0.00145258,0.00145565,629.014,0.0003,running,slow2
28.645,6728050.0,4315050.0,4112580.0,1278060.0,8.48716e-07,0.00104636,0.00248998,0.00145003,0.00145242,0.00145263,0.00145571,628.825,0.0003,running,slow2
28.65,6728050.0,4315050.0,4112580.0,1278060.0,8.48716e-07,0.00104636,0.00248998,0.00145003,0.00145242,0.00145263,0.00145571,628.25,0.0003,running,slow2
28.655,6727950.0,4315000.0,4112530.0,1278060.0,8.4871e-07,0.00104266,0.00248629,0.00145002,0.00145241,0.00145262,0.00145569,628.25,0.0003,running,slow2
28.66,6727920.0,4314980.0,4112510.0,1278060.0,8.48708e-07,0.00104144,0.00248508,0.00145002,0.00145241,0.00145261,0.00145569,631.439,0.0003,running,slow2
28.665,6728450.0,4315280.0,4112790.0,1278060.0,8.48742e-07,0.00106198,0.00250554,0.00145009,0.00145248,0.00145268,0.00145576,630.848,0.0003,running,slow2
28.67,6728450.0,4315280.0,4112790.0,1278060.0,8.48742e-07,0.00106198,0.00250554,0.00145009,0.00145248,0.00145268,0.00145576,629.048,0.0003,running,slow2
28.675,6728150.0,4315110.0,4112630.0,1278060.0,8.48723e-07,0.00105039,0.002494,0.00145005,0.00145244,0.00145264,0.00145572,629.048,0.0003,running,slow2
28.68,6728050.0,4315060.0,4112580.0,1278060.0,8.48717e-07,0.00104659,0.00249021,0.00145003,0.00145243,0.00145263,0.00145571,626.653,0.0003,running,slow2
28.685,6727650.0,4314830.0,4112370.0,1278050.0,8.48692e-07,0.00103116,0.00247484,0.00144998,0.00145237,0.00145258,0.00145565,626.825,0.0003,running,slow2
28.69,6727650.0,4314830.0,4112370.0,1278050.0,8.48692e-07,0.00103116,0.00247484,0.00144998,0.00145237,0.00145258,0.00145565,627.351,0.0003,running,slow2
28.695,6727740.0,4314880.0,4112410.0,1278060.0,8.48697e-07,0.00103455,0.00247821,0.00144999,0.00145238,0.00145259,0.00145567,627.351,0.0003,running,slow2
28.7,6727770.0,4314900.0,4112430.0,1278060.0,8.48699e-07,0.00103566,0.00247932,0.00145,0.00145239,0.00145259,0.00145567,629.746,0.0003,running,slow2
28.705,6728170.0,4315120.0,4112640.0,1278060.0,8.48724e-07,0.00105108,0.00249469,0.00145005,0.00145244,0.00145264,0.00145572,629.719,0.0003,running,slow2
28.71,6728170.0,4315120.0,4112640.0,1278060.0,8.48724e-07,0.00105108,0.00249469,0.00145005,0.00145244,0.00145264,0.00145572,629.635,0.0003,running,slow2
28.715,6728160.0,4315110.0,4112630.0,1278060.0,8.48723e-07,0.00105054,0.00249415,0.00145005,0.00145244,0.00145264,0.00145572,629.635,0.0003,running,slow2
28.72,6728150.0,4315110.0,4112630.0,1278060.0,8.48723e-07,0.00105036,0.00249397,0.00145005,0.00145244,0.00145264,0.00145572,628.726,0.0003,running,slow2
28.725,6728000.0,4315030.0,4112550.0,1278060.0,8.48713e-07,0.00104451,0.00248814,0.00145003,0.00145242,0.00145262,0.0014557,629.711,0.0003,running,slow2
28.73,6728000.0,4315030.0,4112550.0,1278060.0,8.48713e-07,0.00104451,0.00248814,0.00145003,0.00145242,0.00145262,0.0014557,632.711,0.0003,running,slow2
28.735,6728500.0,4315310.0,4112810.0,1278060.0,8.48745e-07,0.00106383,0.00250739,0.00145009,0.00145248,0.00145269,0.00145577,632.711,0.0003,running,slow2
28.74,6728670.0,4315400.0,4112900.0,1278070.0,8.48755e-07,0.00107017,0.00251371,0.00145011,0.00145251,0.00145271,0.00145579,630.643,0.0003,running,slow2
28.745,6728320.0,4315210.0,4112720.0,1278060.0,8.48733e-07,0.00105686,0.00250044,0.00145007,0.00145246,0.00145266,0.00145574,630.105,0.0003,running,slow2
28.75,6728320.0,4315210.0,4112720.0,1278060.0,8.48733e-07,0.00105686,0.00250044,0.00145007,0.00145246,0.00145266,0.00145574,628.464,0.0003,running,slow2
28.755,6728050.0,4315050.0,4112580.0,1278060.0,8.48716e-07,0.00104629,0.00248991,0.00145003,0.00145242,0.00145263,0.00145571,628.464,0.0003,running,slow2
28.76,6727960.0,4315000.0,4112530.0,1278060.0,8.48711e-07,0.00104282,0.00248646,0.00145002,0.00145241,0.00145262,0.00145569,625.736,0.0003,running,slow2
28.765,6727500.0,4314750.0,4112290.0,1278050.0,8.48682e-07,0.00102525,0.00246895,0.00144996,0.00145235,0.00145256,0.00145563,626.788,0.0003,running,slow2
28.77,6727500.0,4314750.0,4112290.0,1278050.0,8.48682e-07,0.00102525,0.00246895,0.00144996,0.00145235,0.00145256,0.00145563,629.998,0.0003,running,slow2
28.775,6728040.0,4315050.0,4112570.0,1278060.0,8.48716e-07,0.00104592,0.00248955,0.00145003,0.00145242,0.00145263,0.0014557,629.998,0.0003,running,slow2
28.78,6728210.0,4315150.0,4112660.0,1278060.0,8.48727e-07,0.0010527,0.0024963,0.00145005,0.00145245,0.00145265,0.00145573,630.342,0.0003,running,slow2
28.785,6728270.0,4315180.0,4112690.0,1278060.0,8.4873e-07,0.00105492,0.00249851,0.00145006,0.00145245,0.00145266,0.00145573,629.781,0.0003,running,slow2
28.79,6728270.0,4315180.0,4112690.0,1278060.0,8.4873e-07,0.00105492,0.00249851,0.00145006,0.00145245,0.00145266,0.00145573,628.071,0.0003,running,slow2
28.795,6727980.0,4315020.0,4112540.0,1278060.0,8.48712e-07,0.0010439,0.00248754,0.00145002,0.00145242,0.00145262,0.0014557,628.071,0.0003,running,slow2
28.8,6727890.0,4314970.0,4112490.0,1278060.0,8.48707e-07,0.00104029,0.00248394,0.00145001,0.0014524,0.00145261,0.00145568,625.301,0.0003,running,slow2
28.805,6727430.0,4314700.0,4112250.0,1278050.0,8.48678e-07,0.00102246,0.00246617,0.00144995,0.00145234,0.00145255,0.00145562,626.021,0.0003,running,slow2
28.81,6727430.0,4314700.0,4112250.0,1278050.0,8.48678e-07,0.00102246,0.00246617,0.00144995,0.00145234,0.00145255,0.00145562,628.215,0.0003,running,slow2
28.815,6727790.0,4314910.0,4112440.0,1278060.0,8.48701e-07,0.00103659,0.00248024,0.00145,0.00145239,0.0014526,0.00145567,628.215,0.0003,running,slow2
28.82,6727910.0,4314980.0,4112510.0,1278060.0,8.48708e-07,0.00104122,0.00248486,0.00145002,0.00145241,0.00145261,0.00145569,628.2,0.0003,running,slow2
28.825,6727910.0,4314980.0,4112510.0,1278060.0,8.48708e-07,0.00104112,0.00248476,0.00145002,0.00145241,0.00145261,0.00145569,628.654,0.0003,running,slow2
28.83,6727910.0,4314980.0,4112510.0,1278060.0,8.48708e-07,0.00104112,0.00248476,0.00145002,0.00145241,0.00145261,0.00145569,630.037,0.0003,running,slow2
28.835,6728140.0,4315110.0,4112630.0,1278060.0,8.48722e-07,0.00105003,0.00249364,0.00145005,0.00145244,0.00145264,0.00145572,630.037,0.0003,running,slow2
28.84,6728220.0,4315150.0,4112670.0,1278060.0,8.48727e-07,0.00105295,0.00249655,0.00145006,0.00145245,0.00145265,0.00145573,631.523,0.0003,running,slow2
28.845,6728470.0,4315290.0,4112800.0,1278070.0,8.48743e-07,0.00106252,0.00250608,0.00145009,0.00145248,0.00145268,0.00145576,631.956,0.0003,running,slow2
28.85,6728470.0,4315290.0,4112800.0,1278070.0,8.48743e-07,0.00106252,0.00250608,0.00145009,0.00145248,0.00145268,0.00145576,633.277,0.0003,running,slow2
28.855,6728690.0,4315410.0,4112910.0,1278070.0,8.48756e-07,0.00107102,0.00251456,0.00145012,0.00145251,0.00145271,0.00145579,633.277,0.0003,running,slow2
28.86,6728760.0,4315460.0,4112950.0,1278070.0,8.48761e-07,0.00107382,0.00251734,0.00145013,0.00145252,0.00145272,0.0014558,629.054,0.0003,running,slow2
28.865,6728050.0,4315060.0,4112580.0,1278060.0,8.48717e-07,0.00104662,0.00249025,0.00145003,0.00145243,0.00145263,0.00145571,629.046,0.0003,running,slow2
28.87,6728050.0,4315060.0,4112580.0,1278060.0,8.48717e-07,0.00104662,0.00249025,0.00145003,0.00145243,0.00145263,0.00145571,629.022,0.0003,running,slow2
28.875,6728050.0,4315060.0,4112580.0,1278060.0,8.48717e-07,0.00104647,0.00249009,0.00145003,0.00145242,0.00145263,0.00145571,629.022,0.0003,running,slow2
28.88,6728050.0,4315050.0,4112580.0,1278060.0,8.48717e-07,0.00104642,0.00249004,0.00145003,0.00145242,0.00145263,0.00145571,628.379,0.0003,running,slow2
28.885,6727940.0,4314990.0,4112520.0,1278060.0,8.4871e-07,0.00104228,0.00248592,0.00145002,0.00145241,0.00145261,0.00145569,628.565,0.0003,running,slow2
28.89,6727940.0,4314990.0,4112520.0,1278060.0,8.4871e-07,0.00104228,0.00248592,0.00145002,0.00145241,0.00145261,0.00145569,629.131,0.0003,running,slow2
28.895,6728040.0,4315050.0,4112570.0,1278060.0,8.48716e-07,0.00104592,0.00248955,0.00145003,0.00145242,0.00145263,0.0014557,629.131,0.0003,running,slow2
28.9,6728070.0,4315070.0,4112590.0,1278060.0,8.48718e-07,0.00104712,0.00249074,0.00145004,0.00145243,0.00145263,0.00145571,631.782,0.0003,running,slow2
28.905,6728510.0,4315310.0,4112820.0,1278070.0,8.48745e-07,0.00106419,0.00250775,0.00145009,0.00145249,0.00145269,0.00145577,631.268,0.0003,running,slow2
28.91,6728510.0,4315310.0,4112820.0,1278070.0,8.48745e-07,0.00106419,0.00250775,0.00145009,0.00145249,0.00145269,0.00145577,629.7,0.0003,running,slow2
28.915,6728250.0,4315170.0,4112680.0,1278060.0,8.48729e-07,0.00105409,0.00249769,0.00145006,0.00145245,0.00145265,0.00145573,629.7,0.0003,running,slow2
28.92,6728160.0,4315120.0,4112640.0,1278060.0,8.48724e-07,0.00105078,0.00249439,0.00145005,0.00145244,0.00145264,0.00145572,627.14,0.0003,running,slow2
28.925,6727730.0,4314880.0,4112410.0,1278060.0,8.48697e-07,0.0010343,0.00247796,0.00144999,0.00145238,0.00145259,0.00145566,627.032,0.0003,running,slow2
28.93,6727730.0,4314880.0,4112410.0,1278060.0,8.48697e-07,0.0010343,0.00247796,0.00144999,0.00145238,0.00145259,0.00145566,626.703,0.0003,running,slow2
28.935,6727680.0,4314850.0,4112380.0,1278060.0,8.48693e-07,0.00103218,0.00247585,0.00144998,0.00145238,0.00145258,0.00145566,626.703,0.0003,running,slow2
28.94,6727660.0,4314840.0,4112370.0,1278060.0,8.48692e-07,0.00103148,0.00247516,0.00144998,0.00145237,0.00145258,0.00145565,629.351,0.0003,running,slow2
28.945,6728100.0,4315090.0,4112610.0,1278060.0,8.4872e-07,0.00104854,0.00249215,0.00145004,0.00145243,0.00145264,0.00145571,629.367,0.0003,running,slow2
28.95,6728100.0,4315090.0,4112610.0,1278060.0,8.4872e-07,0.00104854,0.00249215,0.00145004,0.00145243,0.00145264,0.00145571,629.416,0.0003,running,slow2
28.955,6728110.0,4315090.0,4112610.0,1278060.0,8.4872e-07,0.00104885,0.00249247,0.00145004,0.00145243,0.00145264,0.00145571,629.416,0.0003,running,slow2
28.96,6728110.0,4315090.0,4112610.0,1278060.0,8.48721e-07,0.00104896,0.00249257,0.00145004,0.00145243,0.00145264,0.00145571,627.942,0.0003,running,slow2
28.965,6727870.0,4314950.0,4112480.0,1278060.0,8.48705e-07,0.00103946,0.00248311,0.00145001,0.0014524,0.0014526,0.00145568,628.193,0.0003,running,slow2
28.97,6727870.0,4314950.0,4112480.0,1278060.0,8.48705e-07,0.00103946,0.00248311,0.00145001,0.0014524,0.0014526,0.00145568,628.958,0.0003,running,slow2
28.975,6728000.0,4315030.0,4112550.0,1278060.0,8.48713e-07,0.00104439,0.00248802,0.00145003,0.00145242,0.00145262,0.0014557,628.958,0.0003,running,slow2
28.98,6728040.0,4315050.0,4112570.0,1278060.0,8.48716e-07,0.001046,0.00248963,0.00145003,0.00145242,0.00145263,0.0014557,631.326,0.0003,running,slow2
28.985,6728430.0,4315270.0,4112780.0,1278070.0,8.4874e-07,0.00106125,0.00250482,0.00145008,0.00145248,0.00145268,0.00145576,630.146,0.0003,running,slow2
28.99,6728430.0,4315270.0,4112780.0,1278070.0,8.4874e-07,0.00106125,0.00250482,0.00145008,0.00145248,0.00145268,0.00145576,626.549,0.0003,running,slow2
28.995,6727830.0,4314930.0,4112460.0,1278060.0,8.48703e-07,0.00103809,0.00248174,0.00145,0.0014524,0.0014526,0.00145568,626.549,0.0003,running,slow2
29.0,6727640.0,4314820.0,4112360.0,1278060.0,8.48691e-07,0.00103049,0.00247417,0.00144998,0.00145237,0.00145257,0.00145565,627.345,0.0003,running,slow2
29.005,6727770.0,4314900.0,4112430.0,1278060.0,8.48699e-07,0.00103562,0.00247928,0.00145,0.00145239,0.00145259,0.00145567,628.933,0.0003,running,slow2
29.01,6727770.0,4314900.0,4112430.0,1278060.0,8.48699e-07,0.00103562,0.00247928,0.00145,0.00145239,0.00145259,0.00145567,633.775,0.0003,running,slow2
29.015,6728580.0,4315350.0,4112860.0,1278070.0,8.48749e-07,0.0010668,0.00251035,0.0014501,0.00145249,0.0014527,0.00145578,633.775,0.0003,running,slow2
29.02,6728840.0,4315500.0,4113000.0,1278070.0,8.48766e-07,0.00107702,0.00252053,0.00145014,0.00145253,0.00145273,0.00145581,631.403,0.0003,running,slow2
29.025,6728450.0,4315280.0,4112790.0,1278070.0,8.48741e-07,0.00106175,0.00250532,0.00145008,0.00145248,0.00145268,0.00145576,630.727,0.0003,running,slow2
29.03,6728450.0,4315280.0,4112790.0,1278070.0,8.48741e-07,0.00106175,0.00250532,0.00145008,0.00145248,0.00145268,0.00145576,628.665,0.0003,running,slow2
29.035,6728100.0,4315090.0,4112610.0,1278060.0,8.4872e-07,0.00104847,0.00249209,0.00145004,0.00145243,0.00145264,0.00145571,628.665,0.0003,running,slow2
29.04,6727990.0,4315020.0,4112550.0,1278060.0,8.48713e-07,0.00104412,0.00248775,0.00145003,0.00145242,0.00145262,0.0014557,627.018,0.0003,running,slow2
29.045,6727710.0,4314870.0,4112400.0,1278060.0,8.48696e-07,0.00103352,0.00247718,0.00144999,0.00145238,0.00145258,0.00145566,628.502,0.0003,running,slow2
29.05,6727710.0,4314870.0,4112400.0,1278060.0,8.48696e-07,0.00103352,0.00247718,0.00144999,0.00145238,0.00145258,0.00145566,633.023,0.0003,running,slow2
29.055,6728470.0,4315290.0,4112800.0,1278070.0,8.48743e-07,0.00106263,0.0025062,0.00145009,0.00145248,0.00145268,0.00145576,633.023,0.0003,running,slow2
29.06,6728720.0,4315430.0,4112930.0,1278070.0,8.48758e-07,0.00107218,0.00251571,0.00145012,0.00145251,0.00145272,0.00145579,630.042,0.0003,running,slow2
29.065,6728220.0,4315150.0,4112670.0,1278070.0,8.48727e-07,0.00105298,0.00249658,0.00145006,0.00145245,0.00145265,0.00145573,629.726,0.0003,running,slow2
29.07,6728220.0,4315150.0,4112670.0,1278070.0,8.48727e-07,0.00105298,0.00249658,0.00145006,0.00145245,0.00145265,0.00145573,628.763,0.0003,running,slow2
29.075,6728060.0,4315060.0,4112580.0,1278060.0,8.48717e-07,0.00104678,0.0024904,0.00145003,0.00145243,0.00145263,0.00145571,628.763,0.0003,running,slow2
29.08,6728010.0,4315030.0,4112560.0,1278060.0,8.48714e-07,0.00104475,0.00248838,0.00145003,0.00145242,0.00145262,0.0014557,628.212,0.0003,running,slow2
29.085,6727910.0,4314980.0,4112510.0,1278060.0,8.48708e-07,0.0010412,0.00248484,0.00145002,0.00145241,0.00145261,0.00145569,628.806,0.0003,running,slow2
29.09,6727910.0,4314980.0,4112510.0,1278060.0,8.48708e-07,0.0010412,0.00248484,0.00145002,0.00145241,0.00145261,0.00145569,630.616,0.0003,running,slow2
29.095,6728220.0,4315150.0,4112670.0,1278070.0,8.48727e-07,0.00105286,0.00249646,0.00145005,0.00145245,0.00145265,0.00145573,630.616,0.0003,running,slow2
29.1,6728320.0,4315210.0,4112720.0,1278070.0,8.48733e-07,0.00105668,0.00250027,0.00145007,0.00145246,0.00145266,0.00145574,628.763,0.0003,running,slow2
29.105,6728010.0,4315030.0,4112560.0,1278060.0,8.48714e-07,0.00104475,0.00248837,0.00145003,0.00145242,0.00145262,0.0014557,629.46,0.0003,running,slow2
29.11,6728010.0,4315030.0,4112560.0,1278060.0,8.48714e-07,0.00104475,0.00248837,0.00145003,0.00145242,0.00145262,0.0014557,631.587,0.0003,running,slow2
29.115,6728360.0,4315230.0,4112740.0,1278070.0,8.48736e-07,0.00105844,0.00250202,0.00145007,0.00145247,0.00145267,0.00145575,631.587,0.0003,running,slow2
29.12,6728480.0,4315300.0,4112800.0,1278070.0,8.48743e-07,0.00106293,0.00250649,0.00145009,0.00145248,0.00145268,0.00145576,630.046,0.0003,running,slow2
29.125,6728220.0,4315150.0,4112670.0,1278070.0,8.48727e-07,0.00105301,0.00249661,0.00145006,0.00145245,0.00145265,0.00145573,629.318,0.0003,running,slow2
29.13,6728220.0,4315150.0,4112670.0,1278070.0,8.48727e-07,0.00105301,0.00249661,0.00145006,0.00145245,0.00145265,0.00145573,627.099,0.0003,running,slow2
29.135,6727850.0,4314940.0,4112470.0,1278060.0,8.48704e-07,0.00103872,0.00248237,0.00145001,0.0014524,0.0014526,0.00145568,627.099,0.0003,running,slow2
29.14,6727730.0,4314880.0,4112410.0,1278060.0,8.48696e-07,0.00103404,0.0024777,0.00144999,0.00145238,0.00145259,0.00145566,627.571,0.0003,running,slow2
29.145,6727810.0,4314920.0,4112450.0,1278060.0,8.48701e-07,0.00103708,0.00248073,0.00145,0.00145239,0.0014526,0.00145567,627.608,0.0003,running,slow2
29.15,6727810.0,4314920.0,4112450.0,1278060.0,8.48701e-07,0.00103708,0.00248073,0.00145,0.00145239,0.0014526,0.00145567,627.719,0.0003,running,slow2
29.155,6727830.0,4314930.0,4112460.0,1278060.0,8.48703e-07,0.00103779,0.00248144,0.00145,0.00145239,0.0014526,0.00145568,627.719,0.0003,running,slow2
29.16,6727830.0,4314930.0,4112460.0,1278060.0,8.48703e-07,0.00103803,0.00248168,0.00145,0.0014524,0.0014526,0.00145568,630.684,0.0003,running,slow2
29.165,6728330.0,4315210.0,4112730.0,1278070.0,8.48734e-07,0.00105712,0.0025007,0.00145007,0.00145246,0.00145266,0.00145574,629.554,0.0003,running,slow2
29.17,6728330.0,4315210.0,4112730.0,1278070.0,8.48734e-07,0.00105712,0.0025007,0.00145007,0.00145246,0.00145266,0.00145574,626.111,0.0003,running,slow2
29.175,6727750.0,4314890.0,4112420.0,1278060.0,8.48698e-07,0.00103494,0.00247861,0.00144999,0.00145239,0.00145259,0.00145567,626.111,0.0003,running,slow2
29.18,6727560.0,4314780.0,4112320.0,1278060.0,8.48686e-07,0.00102767,0.00247136,0.00144997,0.00145236,0.00145256,0.00145564,629.278,0.0003,running,slow2
29.185,6728090.0,4315080.0,4112600.0,1278070.0,8.48719e-07,0.00104807,0.00249168,0.00145004,0.00145243,0.00145263,0.00145571,628.929,0.0003,running,slow2
29.19,6728090.0,4315080.0,4112600.0,1278070.0,8.48719e-07,0.00104807,0.00249168,0.00145004,0.00145243,0.00145263,0.00145571,627.863,0.0003,running,slow2
29.195,6727910.0,4314980.0,4112510.0,1278060.0,8.48708e-07,0.0010412,0.00248484,0.00145002,0.00145241,0.00145261,0.00145569,627.863,0.0003,running,slow2
29.2,6727860.0,4314950.0,4112480.0,1278060.0,8.48704e-07,0.00103895,0.0024826,0.00145001,0.0014524,0.0014526,0.00145568,628.427,0.0003,running,slow2
29.205,6727950.0,4315000.0,4112530.0,1278060.0,8.4871e-07,0.00104258,0.00248622,0.00145002,0.00145241,0.00145261,0.00145569,629.253,0.0003,running,slow2
29.21,6727950.0,4315000.0,4112530.0,1278060.0,8.4871e-07,0.00104258,0.00248622,0.00145002,0.00145241,0.00145261,0.00145569,631.772,0.0003,running,slow2
29.215,6728370.0,4315240.0,4112750.0,1278070.0,8.48737e-07,0.0010588,0.00250238,0.00145007,0.00145247,0.00145267,0.00145575,631.772,0.0003,running,slow2
29.22,6728510.0,4315320.0,4112820.0,1278070.0,8.48745e-07,0.00106412,0.00250768,0.00145009,0.00145248,0.00145269,0.00145577,628.859,0.0003,running,slow2
29.225,6728020.0,4315040.0,4112570.0,1278060.0,8.48715e-07,0.00104537,0.00248899,0.00145003,0.00145242,0.00145262,0.0014557,628.903,0.0003,running,slow2
29.23,6728020.0,4315040.0,4112570.0,1278060.0,8.48715e-07,0.00104537,0.00248899,0.00145003,0.00145242,0.00145262,0.0014557,629.038,0.0003,running,slow2
29.235,6728040.0,4315050.0,4112580.0,1278070.0,8.48716e-07,0.00104623,0.00248986,0.00145003,0.00145242,0.00145263,0.0014557,629.038,0.0003,running,slow2
29.24,6728050.0,4315060.0,4112580.0,1278070.0,8.48717e-07,0.00104652,0.00249014,0.00145003,0.00145242,0.00145263,0.00145571,629.801,0.0003,running,slow2
29.245,6728180.0,4315130.0,4112650.0,1278070.0,8.48725e-07,0.00105143,0.00249503,0.00145005,0.00145244,0.00145265,0.00145572,628.459,0.0003,running,slow2
29.25,6728180.0,4315130.0,4112650.0,1278070.0,8.48725e-07,0.00105143,0.00249503,0.00145005,0.00145244,0.00145265,0.00145572,624.368,0.0003,running,slow2
29.255,6727500.0,4314750.0,4112290.0,1278060.0,8.48682e-07,0.00102509,0.00246879,0.00144996,0.00145235,0.00145256,0.00145563,624.368,0.0003,running,slow2
29.26,6727270.0,4314620.0,4112170.0,1278060.0,8.48668e-07,0.00101645,0.00246018,0.00144993,0.00145232,0.00145253,0.0014556,629.447,0.0003,running,slow2
29.265,6728120.0,4315100.0,4112620.0,1278070.0,8.48721e-07,0.00104915,0.00249276,0.00145004,0.00145243,0.00145264,0.00145571,629.226,0.0003,running,slow2
29.27,6728120.0,4315100.0,4112620.0,1278070.0,8.48721e-07,0.00104915,0.00249276,0.00145004,0.00145243,0.00145264,0.00145571,628.554,0.0003,running,slow2
29.275,6728010.0,4315030.0,4112560.0,1278070.0,8.48714e-07,0.00104482,0.00248845,0.00145003,0.00145242,0.00145262,0.0014557,628.554,0.0003,running,slow2
29.28,6727970.0,4315010.0,4112540.0,1278060.0,8.48712e-07,0.0010434,0.00248703,0.00145002,0.00145241,0.00145262,0.00145569,625.198,0.0003,running,slow2
29.285,6727410.0,4314700.0,4112240.0,1278060.0,8.48677e-07,0.00102179,0.0024655,0.00144995,0.00145234,0.00145254,0.00145562,625.317,0.0003,running,slow2
29.29,6727410.0,4314700.0,4112240.0,1278060.0,8.48677e-07,0.00102179,0.0024655,0.00144995,0.00145234,0.00145254,0.00145562,625.681,0.0003,running,slow2
29.295,6727470.0,4314730.0,4112280.0,1278060.0,8.4868e-07,0.00102414,0.00246784,0.00144996,0.00145235,0.00145255,0.00145563,625.681,0.0003,running,slow2
29.3,6727490.0,4314740.0,4112290.0,1278060.0,8.48682e-07,0.00102491,0.0024686,0.00144996,0.00145235,0.00145255,0.00145563,626.883,0.0003,running,slow2
29.305,6727690.0,4314860.0,4112390.0,1278060.0,8.48694e-07,0.00103264,0.00247631,0.00144999,0.00145238,0.00145258,0.00145566,627.49,0.0003,running,slow2
29.31,6727690.0,4314860.0,4112390.0,1278060.0,8.48694e-07,0.00103264,0.00247631,0.00144999,0.00145238,0.00145258,0.00145566,629.342,0.0003,running,slow2
29.315,6728000.0,4315030.0,4112550.0,1278070.0,8.48714e-07,0.00104457,0.00248819,0.00145003,0.00145242,0.00145262,0.0014557,629.342,0.0003,running,slow2
29.32,6728100.0,4315090.0,4112610.0,1278070.0,8.4872e-07,0.00104848,0.00249209,0.00145004,0.00145243,0.00145263,0.00145571,626.091,0.0003,running,slow2
29.325,6727560.0,4314780.0,4112320.0,1278060.0,8.48686e-07,0.00102754,0.00247123,0.00144997,0.00145236,0.00145256,0.00145564,625.909,0.0003,running,slow2
29.33,6727560.0,4314780.0,4112320.0,1278060.0,8.48686e-07,0.00102754,0.00247123,0.00144997,0.00145236,0.00145256,0.00145564,625.357,0.0003,running,slow2
29.335,6727470.0,4314730.0,4112270.0,1278060.0,8.4868e-07,0.00102398,0.00246768,0.00144996,0.00145235,0.00145255,0.00145563,625.357,0.0003,running,slow2
29.34,6727440.0,4314710.0,4112260.0,1278060.0,8.48678e-07,0.00102282,0.00246652,0.00144995,0.00145234,0.00145255,0.00145562,628.654,0.0003,running,slow2
29.345,6727990.0,4315020.0,4112550.0,1278070.0,8.48713e-07,0.00104405,0.00248768,0.00145002,0.00145242,0.00145262,0.0014557,629.171,0.0003,running,slow2
29.35,6727990.0,4315020.0,4112550.0,1278070.0,8.48713e-07,0.00104405,0.00248768,0.00145002,0.00145242,0.00145262,0.0014557,630.747,0.0003,running,slow2
29.355,6728250.0,4315170.0,4112690.0,1278070.0,8.48729e-07,0.00105419,0.00249779,0.00145006,0.00145245,0.00145265,0.00145573,630.747,0.0003,running,slow2
29.36,6728340.0,4315220.0,4112730.0,1278070.0,8.48734e-07,0.00105752,0.0025011,0.00145007,0.00145246,0.00145267,0.00145574,628.608,0.0003,running,slow2
29.365,6727980.0,4315020.0,4112540.0,1278070.0,8.48712e-07,0.00104375,0.00248738,0.00145002,0.00145241,0.00145262,0.0014557,628.55,0.0003,running,slow2
29.37,6727980.0,4315020.0,4112540.0,1278070.0,8.48712e-07,0.00104375,0.00248738,0.00145002,0.00145241,0.00145262,0.0014557,628.371,0.0003,running,slow2
29.375,6727950.0,4315000.0,4112530.0,1278070.0,8.4871e-07,0.0010426,0.00248624,0.00145002,0.00145241,0.00145261,0.00145569,628.371,0.0003,running,slow2
29.38,6727940.0,4315000.0,4112520.0,1278070.0,8.4871e-07,0.00104222,0.00248586,0.00145002,0.00145241,0.00145261,0.00145569,627.235,0.0003,running,slow2
29.385,6727750.0,4314890.0,4112420.0,1278060.0,8.48698e-07,0.00103491,0.00247857,0.00144999,0.00145238,0.00145259,0.00145567,627.292,0.0003,running,slow2
29.39,6727750.0,4314890.0,4112420.0,1278060.0,8.48698e-07,0.00103491,0.00247857,0.00144999,0.00145238,0.00145259,0.00145567,627.465,0.0003,running,slow2
29.395,6727780.0,4314910.0,4112440.0,1278060.0,8.487e-07,0.00103602,0.00247968,0.00145,0.00145239,0.00145259,0.00145567,627.465,0.0003,running,slow2
29.4,6727790.0,4314910.0,4112440.0,1278060.0,8.487e-07,0.00103639,0.00248005,0.00145,0.00145239,0.00145259,0.00145567,628.07,0.0003,running,slow2
29.405,6727890.0,4314970.0,4112500.0,1278070.0,8.48707e-07,0.00104028,0.00248393,0.00145001,0.0014524,0.00145261,0.00145568,627.85,0.0003,running,slow2
29.41,6727890.0,4314970.0,4112500.0,1278070.0,8.48707e-07,0.00104028,0.00248393,0.00145001,0.0014524,0.00145261,0.00145568,627.18,0.0003,running,slow2
29.415,6727780.0,4314900.0,4112440.0,1278060.0,8.487e-07,0.00103597,0.00247963,0.00145,0.00145239,0.00145259,0.00145567,627.18,0.0003,running,slow2
29.42,6727740.0,4314880.0,4112420.0,1278060.0,8.48697e-07,0.00103456,0.00247822,0.00144999,0.00145238,0.00145259,0.00145566,627.659,0.0003,running,slow2
29.425,6727820.0,4314930.0,4112460.0,1278060.0,8.48702e-07,0.00103764,0.0024813,0.00145,0.00145239,0.0014526,0.00145567,628.427,0.0003,running,slow2
29.43,6727820.0,4314930.0,4112460.0,1278060.0,8.48702e-07,0.00103764,0.0024813,0.00145,0.00145239,0.0014526,0.00145567,630.765,0.0003,running,slow2
29.435,6728210.0,4315150.0,4112670.0,1278070.0,8.48727e-07,0.0010527,0.0024963,0.00145005,0.00145245,0.00145265,0.00145573,630.765,0.0003,running,slow2
29.44,6728340.0,4315220.0,4112730.0,1278070.0,8.48735e-07,0.00105764,0.00250122,0.00145007,0.00145246,0.00145267,0.00145574,627.94,0.0003,running,slow2
29.445,6727870.0,4314960.0,4112490.0,1278070.0,8.48705e-07,0.00103945,0.00248309,0.00145001,0.0014524,0.0014526,0.00145568,628.064,0.0003,running,slow2
29.45,6727870.0,4314960.0,4112490.0,1278070.0,8.48705e-07,0.00103945,0.00248309,0.00145001,0.0014524,0.0014526,0.00145568,628.441,0.0003,running,slow2
29.455,6727930.0,4314990.0,4112520.0,1278070.0,8.48709e-07,0.00104188,0.00248552,0.00145002,0.00145241,0.00145261,0.00145569,628.441,0.0003,running,slow2
29.46,6727950.0,4315000.0,4112530.0,1278070.0,8.4871e-07,0.00104268,0.00248631,0.00145002,0.00145241,0.00145261,0.00145569,630.903,0.0003,running,slow2
29.465,6728360.0,4315230.0,4112750.0,1278070.0,8.48736e-07,0.00105853,0.00250211,0.00145007,0.00145247,0.00145267,0.00145575,629.217,0.0003,running,slow2
29.47,6728360.0,4315230.0,4112750.0,1278070.0,8.48736e-07,0.00105853,0.00250211,0.00145007,0.00145247,0.00145267,0.00145575,624.077,0.0003,running,slow2
29.475,6727500.0,4314750.0,4112290.0,1278060.0,8.48683e-07,0.00102543,0.00246913,0.00144996,0.00145235,0.00145256,0.00145563,624.077,0.0003,running,slow2
29.48,6727220.0,4314590.0,4112150.0,1278060.0,8.48665e-07,0.00101458,0.00245831,0.00144992,0.00145232,0.00145252,0.0014556,631.439,0.0003,running,slow2
29.485,6728450.0,4315290.0,4112790.0,1278070.0,8.48742e-07,0.00106198,0.00250554,0.00145009,0.00145248,0.00145268,0.00145576,630.814,0.0003,running,slow2
29.49,6728450.0,4315290.0,4112790.0,1278070.0,8.48742e-07,0.00106198,0.00250554,0.00145009,0.00145248,0.00145268,0.00145576,628.911,0.0003,running,slow2
29.495,6728130.0,4315110.0,4112630.0,1278070.0,8.48722e-07,0.00104972,0.00249333,0.00145004,0.00145244,0.00145264,0.00145572,628.911,0.0003,running,slow2
29.5,6728030.0,4315050.0,4112570.0,1278070.0,8.48715e-07,0.0010457,0.00248932,0.00145003,0.00145242,0.00145263,0.0014557,629.604,0.0003,running,slow2
29.505,6728150.0,4315110.0,4112630.0,1278070.0,8.48723e-07,0.00105016,0.00249377,0.00145004,0.00145244,0.00145264,0.00145572,628.963,0.0003,running,slow2
29.51,6728150.0,4315110.0,4112630.0,1278070.0,8.48723e-07,0.00105016,0.00249377,0.00145004,0.00145244,0.00145264,0.00145572,627.011,0.0003,running,slow2
29.515,6727820.0,4314930.0,4112460.0,1278070.0,8.48702e-07,0.00103759,0.00248125,0.00145,0.00145239,0.0014526,0.00145567,627.011,0.0003,running,slow2
29.52,6727710.0,4314870.0,4112400.0,1278060.0,8.48696e-07,0.00103347,0.00247714,0.00144999,0.00145238,0.00145258,0.00145566,631.371,0.0003,running,slow2
29.525,6728440.0,4315280.0,4112790.0,1278070.0,8.48741e-07,0.00106154,0.00250511,0.00145008,0.00145248,0.00145268,0.00145576,630.572,0.0003,running,slow2
29.53,6728440.0,4315280.0,4112790.0,1278070.0,8.48741e-07,0.00106154,0.00250511,0.00145008,0.00145248,0.00145268,0.00145576,628.137,0.0003,running,slow2
29.535,6728030.0,4315050.0,4112570.0,1278070.0,8.48716e-07,0.00104586,0.00248948,0.00145003,0.00145242,0.00145263,0.0014557,628.137,0.0003,running,slow2
29.54,6727900.0,4314970.0,4112500.0,1278070.0,8.48707e-07,0.00104072,0.00248436,0.00145001,0.0014524,0.00145261,0.00145569,630.632,0.0003,running,slow2
29.545,6728320.0,4315210.0,4112720.0,1278070.0,8.48733e-07,0.00105678,0.00250037,0.00145007,0.00145246,0.00145266,0.00145574,630.121,0.0003,running,slow2
29.55,6728320.0,4315210.0,4112720.0,1278070.0,8.48733e-07,0.00105678,0.00250037,0.00145007,0.00145246,0.00145266,0.00145574,628.564,0.0003,running,slow2
29.555,6728060.0,4315060.0,4112590.0,1278070.0,8.48717e-07,0.00104676,0.00249038,0.00145003,0.00145242,0.00145263,0.00145571,628.564,0.0003,running,slow2
29.56,6727970.0,4315020.0,4112540.0,1278070.0,8.48712e-07,0.00104347,0.0024871,0.00145002,0.00145241,0.00145262,0.00145569,625.903,0.0003,running,slow2
29.565,6727530.0,4314760.0,4112310.0,1278060.0,8.48684e-07,0.00102633,0.00247003,0.00144996,0.00145236,0.00145256,0.00145564,626.568,0.0003,running,slow2
29.57,6727530.0,4314760.0,4112310.0,1278060.0,8.48684e-07,0.00102633,0.00247003,0.00144996,0.00145236,0.00145256,0.00145564,628.597,0.0003,running,slow2
29.575,6727870.0,4314960.0,4112490.0,1278070.0,8.48705e-07,0.00103939,0.00248304,0.00145001,0.0014524,0.0014526,0.00145568,628.597,0.0003,running,slow2
29.58,6727980.0,4315020.0,4112540.0,1278070.0,8.48712e-07,0.00104368,0.00248731,0.00145002,0.00145241,0.00145262,0.0014557,628.118,0.0003,running,slow2
29.585,6727900.0,4314970.0,4112500.0,1278070.0,8.48707e-07,0.0010406,0.00248424,0.00145001,0.0014524,0.00145261,0.00145568,629.655,0.0003,running,slow2
29.59,6727900.0,4314970.0,4112500.0,1278070.0,8.48707e-07,0.0010406,0.00248424,0.00145001,0.0014524,0.00145261,0.00145568,634.342,0.0003,running,slow2
29.595,6728680.0,4315410.0,4112910.0,1278080.0,8.48756e-07,0.00107077,0.00251431,0.00145011,0.00145251,0.00145271,0.00145579,634.342,0.0003,running,slow2
29.6,6728940.0,4315560.0,4113050.0,1278080.0,8.48772e-07,0.00108067,0.00252417,0.00145015,0.00145254,0.00145274,0.00145582,628.738,0.0003,running,slow2
29.605,6728000.0,4315030.0,4112560.0,1278070.0,8.48714e-07,0.00104459,0.00248822,0.00145003,0.00145242,0.00145262,0.0014557,628.17,0.0003,running,slow2
29.61,6728000.0,4315030.0,4112560.0,1278070.0,8.48714e-07,0.00104459,0.00248822,0.00145003,0.00145242,0.00145262,0.0014557,626.438,0.0003,running,slow2
29.615,6727710.0,4314870.0,4112400.0,1278070.0,8.48696e-07,0.00103344,0.0024771,0.00144999,0.00145238,0.00145258,0.00145566,626.438,0.0003,running,slow2
29.62,6727620.0,4314820.0,4112350.0,1278060.0,8.4869e-07,0.00102978,0.00247346,0.00144998,0.00145237,0.00145257,0.00145565,626.798,0.0003,running,slow2
29.625,6727680.0,4314850.0,4112390.0,1278070.0,8.48693e-07,0.0010321,0.00247577,0.00144998,0.00145237,0.00145258,0.00145566,627.889,0.0003,running,slow2
29.63,6727680.0,4314850.0,4112390.0,1278070.0,8.48693e-07,0.0010321,0.00247577,0.00144998,0.00145237,0.00145258,0.00145566,631.215,0.0003,running,slow2
29.635,6728230.0,4315160.0,4112680.0,1278070.0,8.48728e-07,0.00105351,0.00249711,0.00145006,0.00145245,0.00145265,0.00145573,631.215,0.0003,running,slow2
29.64,6728420.0,4315260.0,4112770.0,1278070.0,8.48739e-07,0.00106054,0.00250411,0.00145008,0.00145247,0.00145268,0.00145575,631.209,0.0003,running,slow2
29.645,6728410.0,4315260.0,4112770.0,1278070.0,8.48739e-07,0.0010605,0.00250407,0.00145008,0.00145247,0.00145268,0.00145575,631.052,0.0003,running,slow2
29.65,6728410.0,4315260.0,4112770.0,1278070.0,8.48739e-07,0.0010605,0.00250407,0.00145008,0.00145247,0.00145268,0.00145575,630.576,0.0003,running,slow2
29.655,6728330.0,4315220.0,4112730.0,1278070.0,8.48734e-07,0.00105743,0.00250101,0.00145007,0.00145246,0.00145266,0.00145574,630.576,0.0003,running,slow2
29.66,6728310.0,4315200.0,4112720.0,1278070.0,8.48733e-07,0.00105642,0.00250001,0.00145007,0.00145246,0.00145266,0.00145574,630.403,0.0003,running,slow2
29.665,6728280.0,4315190.0,4112700.0,1278070.0,8.48731e-07,0.00105531,0.0024989,0.00145006,0.00145245,0.00145266,0.00145573,629.646,0.0003,running,slow2
29.67,6728280.0,4315190.0,4112700.0,1278070.0,8.48731e-07,0.00105531,0.0024989,0.00145006,0.00145245,0.00145266,0.00145573,627.336,0.0003,running,slow2
29.675,6727890.0,4314970.0,4112500.0,1278070.0,8.48707e-07,0.00104044,0.00248408,0.00145001,0.0014524,0.00145261,0.00145568,627.336,0.0003,running,slow2
29.68,6727770.0,4314900.0,4112430.0,1278070.0,8.48699e-07,0.00103556,0.00247922,0.00145,0.00145239,0.00145259,0.00145567,628.773,0.0003,running,slow2
29.685,6728010.0,4315040.0,4112560.0,1278070.0,8.48714e-07,0.00104482,0.00248844,0.00145003,0.00145242,0.00145262,0.0014557,628.754,0.0003,running,slow2
29.69,6728010.0,4315040.0,4112560.0,1278070.0,8.48714e-07,0.00104482,0.00248844,0.00145003,0.00145242,0.00145262,0.0014557,628.697,0.0003,running,slow2
29.695,6728000.0,4315030.0,4112560.0,1278070.0,8.48713e-07,0.00104444,0.00248807,0.00145003,0.00145242,0.00145262,0.0014557,628.697,0.0003,running,slow2
29.7,6727990.0,4315030.0,4112550.0,1278070.0,8.48713e-07,0.00104432,0.00248795,0.00145002,0.00145242,0.00145262,0.0014557,630.027,0.0003,running,slow2
29.705,6728220.0,4315150.0,4112670.0,1278070.0,8.48727e-07,0.00105289,0.00249649,0.00145005,0.00145245,0.00145265,0.00145573,630.514,0.0003,running,slow2
29.71,6728220.0,4315150.0,4112670.0,1278070.0,8.48727e-07,0.00105289,0.00249649,0.00145005,0.00145245,0.00145265,0.00145573,631.998,0.0003,running,slow2
29.715,6728460.0,4315290.0,4112800.0,1278080.0,8.48742e-07,0.00106245,0.00250601,0.00145009,0.00145248,0.00145268,0.00145576,631.998,0.0003,running,slow2
29.72,6728550.0,4315340.0,4112840.0,1278080.0,8.48747e-07,0.00106558,0.00250913,0.0014501,0.00145249,0.00145269,0.00145577,630.805,0.0003,running,slow2
29.725,6728350.0,4315230.0,4112740.0,1278070.0,8.48735e-07,0.0010579,0.00250148,0.00145007,0.00145246,0.00145267,0.00145574,630.656,0.0003,running,slow2
29.73,6728350.0,4315230.0,4112740.0,1278070.0,8.48735e-07,0.0010579,0.00250148,0.00145007,0.00145246,0.00145267,0.00145574,630.199,0.0003,running,slow2
29.735,6728270.0,4315180.0,4112700.0,1278070.0,8.4873e-07,0.00105496,0.00249855,0.00145006,0.00145245,0.00145266,0.00145573,630.199,0.0003,running,slow2
29.74,6728250.0,4315170.0,4112690.0,1278070.0,8.48729e-07,0.001054,0.00249759,0.00145006,0.00145245,0.00145265,0.00145573,630.02,0.0003,running,slow2
29.745,6728220.0,4315150.0,4112670.0,1278070.0,8.48727e-07,0.00105285,0.00249644,0.00145005,0.00145245,0.00145265,0.00145573,629.198,0.0003,running,slow2
29.75,6728220.0,4315150.0,4112670.0,1278070.0,8.48727e-07,0.00105285,0.00249644,0.00145005,0.00145245,0.00145265,0.00145573,626.69,0.0003,running,slow2
29.755,6727800.0,4314920.0,4112450.0,1278070.0,8.48701e-07,0.0010367,0.00248035,0.00145,0.00145239,0.00145259,0.00145567,626.69,0.0003,running,slow2
29.76,6727660.0,4314840.0,4112380.0,1278070.0,8.48692e-07,0.0010314,0.00247508,0.00144998,0.00145237,0.00145258,0.00145565,628.974,0.0003,running,slow2
29.765,6728040.0,4315050.0,4112580.0,1278070.0,8.48716e-07,0.00104611,0.00248973,0.00145003,0.00145242,0.00145263,0.0014557,628.038,0.0003,running,slow2
29.77,6728040.0,4315050.0,4112580.0,1278070.0,8.48716e-07,0.00104611,0.00248973,0.00145003,0.00145242,0.00145263,0.0014557,625.186,0.0003,running,slow2
29.775,6727560.0,4314790.0,4112330.0,1278070.0,8.48686e-07,0.00102774,0.00247143,0.00144997,0.00145236,0.00145256,0.00145564,625.186,0.0003,running,slow2
29.78,6727410.0,4314700.0,4112250.0,1278060.0,8.48677e-07,0.00102172,0.00246542,0.00144995,0.00145234,0.00145254,0.00145562,631.138,0.0003,running,slow2
29.785,6728400.0,4315260.0,4112770.0,1278080.0,8.48739e-07,0.00106004,0.00250361,0.00145008,0.00145247,0.00145267,0.00145575,629.751,0.0003,running,slow2
29.79,6728400.0,4315260.0,4112770.0,1278080.0,8.48739e-07,0.00106004,0.00250361,0.00145008,0.00145247,0.00145267,0.00145575,625.522,0.0003,running,slow2
29.795,6727700.0,4314860.0,4112400.0,1278070.0,8.48695e-07,0.00103281,0.00247648,0.00144999,0.00145238,0.00145258,0.00145566,625.522,0.0003,running,slow2
29.8,6727460.0,4314730.0,4112270.0,1278060.0,8.4868e-07,0.00102388,0.00246758,0.00144996,0.00145235,0.00145255,0.00145563,626.115,0.0003,running,slow2
29.805,6727560.0,4314790.0,4112330.0,1278070.0,8.48686e-07,0.0010277,0.00247139,0.00144997,0.00145236,0.00145256,0.00145564,626.305,0.0003,running,slow2
29.81,6727560.0,4314790.0,4112330.0,1278070.0,8.48686e-07,0.0010277,0.00247139,0.00144997,0.00145236,0.00145256,0.00145564,626.886,0.0003,running,slow2
29.815,6727660.0,4314840.0,4112380.0,1278070.0,8.48692e-07,0.00103144,0.00247511,0.00144998,0.00145237,0.00145258,0.00145565,626.886,0.0003,running,slow2
29.82,6727690.0,4314860.0,4112390.0,1278070.0,8.48694e-07,0.00103266,0.00247633,0.00144999,0.00145238,0.00145258,0.00145566,629.047,0.0003,running,slow2
29.825,6728050.0,4315060.0,4112580.0,1278070.0,8.48717e-07,0.00104658,0.0024902,0.00145003,0.00145242,0.00145263,0.0014557,628.678,0.0003,running,slow2
29.83,6728050.0,4315060.0,4112580.0,1278070.0,8.48717e-07,0.00104658,0.0024902,0.00145003,0.00145242,0.00145263,0.0014557,627.553,0.0003,running,slow2
29.835,6727870.0,4314960.0,4112490.0,1278070.0,8.48705e-07,0.00103933,0.00248298,0.00145001,0.0014524,0.0014526,0.00145568,627.553,0.0003,running,slow2
29.84,6727800.0,4314920.0,4112450.0,1278070.0,8.48701e-07,0.00103696,0.00248061,0.00145,0.00145239,0.00145259,0.00145567,624.05,0.0003,running,slow2
29.845,6727220.0,4314590.0,4112150.0,1278060.0,8.48665e-07,0.0010144,0.00245813,0.00144992,0.00145231,0.00145252,0.00145559,624.242,0.0003,running,slow2
29.85,6727220.0,4314590.0,4112150.0,1278060.0,8.48665e-07,0.0010144,0.00245813,0.00144992,0.00145231,0.00145252,0.00145559,624.829,0.0003,running,slow2
29.855,6727320.0,4314650.0,4112200.0,1278060.0,8.48671e-07,0.00101818,0.0024619,0.00144994,0.00145233,0.00145253,0.00145561,624.829,0.0003,running,slow2
29.86,6727350.0,4314670.0,4112210.0,1278060.0,8.48673e-07,0.00101942,0.00246314,0.00144994,0.00145233,0.00145253,0.00145561,628.842,0.0003,running,slow2
29.865,6728020.0,4315040.0,4112570.0,1278070.0,8.48715e-07,0.00104526,0.00248889,0.00145003,0.00145242,0.00145262,0.0014557,628.469,0.0003,running,slow2
29.87,6728020.0,4315040.0,4112570.0,1278070.0,8.48715e-07,0.00104526,0.00248889,0.00145003,0.00145242,0.00145262,0.0014557,627.332,0.0003,running,slow2
29.875,6727830.0,4314940.0,4112470.0,1278070.0,8.48703e-07,0.00103794,0.00248159,0.00145,0.00145239,0.0014526,0.00145567,627.332,0.0003,running,slow2
29.88,6727770.0,4314900.0,4112430.0,1278070.0,8.48699e-07,0.00103553,0.00247919,0.00144999,0.00145239,0.00145259,0.00145567,627.655,0.0003,running,slow2
29.885,6727820.0,4314930.0,4112460.0,1278070.0,8.48702e-07,0.00103762,0.00248127,0.00145,0.00145239,0.0014526,0.00145567,627.131,0.0003,running,slow2
29.89,6727820.0,4314930.0,4112460.0,1278070.0,8.48702e-07,0.00103762,0.00248127,0.00145,0.00145239,0.0014526,0.00145567,625.533,0.0003,running,slow2
29.895,6727550.0,4314780.0,4112320.0,1278070.0,8.48686e-07,0.00102733,0.00247101,0.00144997,0.00145236,0.00145256,0.00145564,625.533,0.0003,running,slow2
29.9,6727470.0,4314730.0,4112280.0,1278070.0,8.4868e-07,0.00102395,0.00246765,0.00144996,0.00145235,0.00145255,0.00145563,625.549,0.0003,running,slow2
29.905,6727470.0,4314730.0,4112280.0,1278070.0,8.4868e-07,0.00102406,0.00246776,0.00144996,0.00145235,0.00145255,0.00145563,625.354,0.0003,running,slow2
29.91,6727470.0,4314730.0,4112280.0,1278070.0,8.4868e-07,0.00102406,0.00246776,0.00144996,0.00145235,0.00145255,0.00145563,624.76,0.0003,running,slow2
29.915,6727370.0,4314680.0,4112230.0,1278060.0,8.48674e-07,0.00102023,0.00246394,0.00144994,0.00145233,0.00145254,0.00145561,624.76,0.0003,running,slow2
29.92,6727340.0,4314660.0,4112210.0,1278060.0,8.48672e-07,0.00101898,0.00246269,0.00144994,0.00145233,0.00145253,0.00145561,628.868,0.0003,running,slow2
29.925,6728020.0,4315050.0,4112570.0,1278070.0,8.48715e-07,0.00104543,0.00248905,0.00145003,0.00145242,0.00145262,0.0014557,629.652,0.0003,running,slow2
29.93,6728020.0,4315050.0,4112570.0,1278070.0,8.48715e-07,0.00104543,0.00248905,0.00145003,0.00145242,0.00145262,0.0014557,632.042,0.0003,running,slow2
29.935,6728420.0,4315270.0,4112780.0,1278080.0,8.4874e-07,0.00106082,0.00250438,0.00145008,0.00145247,0.00145268,0.00145575,632.042,0.0003,running,slow2
29.94,6728550.0,4315340.0,4112850.0,1278080.0,8.48748e-07,0.00106586,0.00250941,0.0014501,0.00145249,0.00145269,0.00145577,629.506,0.0003,running,slow2
29.945,6728130.0,4315110.0,4112630.0,1278070.0,8.48722e-07,0.00104953,0.00249314,0.00145004,0.00145243,0.00145264,0.00145571,629.385,0.0003,running,slow2
29.95,6728130.0,4315110.0,4112630.0,1278070.0,8.48722e-07,0.00104953,0.00249314,0.00145004,0.00145243,0.00145264,0.00145571,629.016,0.0003,running,slow2
29.955,6728070.0,4315070.0,4112590.0,1278070.0,8.48718e-07,0.00104716,0.00249078,0.00145003,0.00145243,0.00145263,0.00145571,629.016,0.0003,running,slow2
29.96,6728050.0,4315060.0,4112580.0,1278070.0,8.48716e-07,0.00104638,0.00249,0.00145003,0.00145242,0.00145263,0.0014557,630.807,0.0003,running,slow2
29.965,6728350.0,4315230.0,4112740.0,1278080.0,8.48735e-07,0.00105791,0.00250149,0.00145007,0.00145246,0.00145267,0.00145574,630.838,0.0003,running,slow2
29.97,6728350.0,4315230.0,4112740.0,1278080.0,8.48735e-07,0.00105791,0.00250149,0.00145007,0.00145246,0.00145267,0.00145574,630.93,0.0003,running,slow2
29.975,6728360.0,4315240.0,4112750.0,1278080.0,8.48736e-07,0.00105851,0.00250209,0.00145007,0.00145246,0.00145267,0.00145575,630.93,0.0003,running,slow2
29.98,6728370.0,4315240.0,4112750.0,1278080.0,8.48736e-07,0.00105871,0.00250228,0.00145007,0.00145246,0.00145267,0.00145575,628.438,0.0003,running,slow2
29.985,6727950.0,4315010.0,4112530.0,1278070.0,8.4871e-07,0.00104266,0.00248629,0.00145002,0.00145241,0.00145261,0.00145569,628.797,0.0003,running,slow2
29.99,6727950.0,4315010.0,4112530.0,1278070.0,8.4871e-07,0.00104266,0.00248629,0.00145002,0.00145241,0.00145261,0.00145569,629.89,0.0003,running,slow2
29.995,6728130.0,4315110.0,4112630.0,1278070.0,8.48722e-07,0.0010497,0.00249331,0.00145004,0.00145243,0.00145264,0.00145572,629.89,0.0003,running,slow2
30.0,6728190.0,4315140.0,4112660.0,1278080.0,8.48726e-07,0.00105201,0.00249561,0.00145005,0.00145244,0.00145265,0.00145572,627.407,0.0003,running,slow2
