t,p_Pump,p_FMU,p_Shut,p_Combustion,Flow_PRV,Flow_Bypass,Flow_Pump,Flow_Engine1,Flow_Engine2,Flow_Engine3,Flow_Engine4,RPM_Motor,Signal_Throttle
0.0,250.819,-250.814,-250.814,-250.811,1.01724e-07,-2.04555e-09,9.63538e-08,0.0,-3.06721e-09,-3.06721e-09,-3.06721e-09,0.0,0.0002
0.005,250.819,-250.814,-250.814,-250.811,1.01724e-07,-2.04555e-09,9.63538e-08,0.0,-3.06721e-09,-3.06721e-09,-3.06721e-09,0.0,0.0002
0.01,250.819,-250.814,-250.814,-250.811,1.01724e-07,-2.04555e-09,9.63538e-08,0.0,-3.06721e-09,-3.06721e-09,-3.06721e-09,0.0,0.0002
0.015,250.819,-250.814,-250.814,-250.811,1.01724e-07,-2.04555e-09,9.63538e-08,0.0,-3.06721e-09,-3.06721e-09,-3.06721e-09,0.0,0.0002
0.02,250.819,-250.814,-250.814,-250.811,1.01724e-07,-2.04555e-09,9.63538e-08,0.0,-3.06721e-09,-3.06721e-09,-3.06721e-09,0.0,0.0002
0.025,250.819,-250.814,-250.814,-250.811,1.01724e-07,-2.04555e-09,9.63538e-08,0.0,-3.06721e-09,-3.06721e-09,-3.06721e-09,0.0,0.0002
0.03,250.819,-250.814,-250.814,-250.811,1.01724e-07,-2.04555e-09,9.63538e-08,0.0,-3.06721e-09,-3.06721e-09,-3.06721e-09,0.0,0.0002
0.035,250.819,-250.814,-250.814,-250.811,1.01724e-07,-2.04555e-09,9.63538e-08,0.0,-3.06721e-09,-3.06721e-09,-3.06721e-09,0.0,0.0002
0.04,250.819,-250.814,-250.814,-250.811,1.01724e-07,-2.04555e-09,9.63538e-08,0.0,-3.06721e-09,-3.06721e-09,-3.06721e-09,0.0,0.0002
0.045,250.819,-250.814,-250.814,-250.811,1.01724e-07,-2.04555e-09,9.63538e-08,0.0,-3.06721e-09,-3.06721e-09,-3.06721e-09,0.0,0.0002
0.05,250.819,-250.814,-250.814,-250.811,1.01724e-07,-2.04555e-09,9.63538e-08,0.0,-3.06721e-09,-3.06721e-09,-3.06721e-09,0.0,0.0002
0.055,250.819,-250.814,-250.814,-250.811,1.01724e-07,-2.04555e-09,9.63538e-08,0.0,-3.06721e-09,-3.06721e-09,-3.06721e-09,0.0,0.0002
0.06,250.819,-250.814,-250.814,-250.811,1.01724e-07,-2.04555e-09,9.63538e-08,0.0,-3.06721e-09,-3.06721e-09,-3.06721e-09,0.0,0.0002
0.065,250.819,-250.814,-250.814,-250.811,1.01724e-07,-2.04555e-09,9.63538e-08,0.0,-3.06721e-09,-3.06721e-09,-3.06721e-09,0.0,0.0002
0.07,250.819,-250.814,-250.814,-250.811,1.01724e-07,-2.04555e-09,9.63538e-08,0.0,-3.06721e-09,-3.06721e-09,-3.06721e-09,0.0,0.0002
0.075,250.819,-250.814,-250.814,-250.811,1.01724e-07,-2.04555e-09,9.63538e-08,0.0,-3.06721e-09,-3.06721e-09,-3.06721e-09,0.0,0.0002
0.08,250.819,-250.814,-250.814,-250.811,1.01724e-07,-2.04555e-09,9.63538e-08,0.0,-3.06721e-09,-3.06721e-09,-3.06721e-09,0.0,0.0002
0.085,250.819,-250.814,-250.814,-250.811,1.01724e-07,-2.04555e-09,9.63538e-08,0.0,-3.06721e-09,-3.06721e-09,-3.06721e-09,0.0,0.0002
0.09,250.819,-250.814,-250.814,-250.811,1.01724e-07,-2.04555e-09,9.63538e-08,0.0,-3.06721e-09,-3.06721e-09,-3.06721e-09,0.0,0.0002
0.095,250.819,-250.814,-250.814,-250.811,1.01724e-07,-2.04555e-09,9.63538e-08,0.0,-3.06721e-09,-3.06721e-09,-3.06721e-09,0.0,0.0002
0.1,250.819,-250.814,-250.814,-250.811,1.01724e-07,-2.04555e-09,9.63538e-08,0.0,-3.06721e-09,-3.06721e-09,-3.06721e-09,0.0,0.0002
0.105,250.819,-250.814,-250.814,-250.811,1.01724e-07,-2.04555e-09,9.63538e-08,0.0,-3.06721e-09,-3.06721e-09,-3.06721e-09,0.0,0.0002
0.11,250.819,-250.814,-250.814,-250.811,1.01724e-07,-2.04555e-09,9.63538e-08,0.0,-3.06721e-09,-3.06721e-09,-3.06721e-09,0.0,0.0002
0.115,250.819,-250.814,-250.814,-250.811,1.01724e-07,-2.04555e-09,9.63538e-08,0.0,-3.06721e-09,-3.06721e-09,-3.06721e-09,0.0,0.0002
0.12,250.819,-250.814,-250.814,-250.811,1.01724e-07,-2.04555e-09,9.63538e-08,0.0,-3.06721e-09,-3.06721e-09,-3.06721e-09,0.0,0.0002
0.125,250.819,-250.814,-250.814,-250.811,1.01724e-07,-2.04555e-09,9.63538e-08,0.0,-3.06721e-09,-3.06721e-09,-3.06721e-09,0.0,0.0002
0.13,250.819,-250.814,-250.814,-250.811,1.01724e-07,-2.04555e-09,9.63538e-08,0.0,-3.06721e-09,-3.06721e-09,-3.06721e-09,0.0,0.0002
0.135,250.819,-250.814,-250.814,-250.811,1.01724e-07,-2.04555e-09,9.63538e-08,0.0,-3.06721e-09,-3.06721e-09,-3.06721e-09,0.0,0.0002
0.14,250.819,-250.814,-250.814,-250.811,1.01724e-07,-2.04555e-09,9.63538e-08,0.0,-3.06721e-09,-3.06721e-09,-3.06721e-09,0.0,0.0002
0.145,250.819,-250.814,-250.814,-250.811,1.01724e-07,-2.04555e-09,9.63538e-08,0.0,-3.06721e-09,-3.06721e-09,-3.06721e-09,0.0,0.0002
0.15,250.819,-250.814,-250.814,-250.811,1.01724e-07,-2.04555e-09,9.63538e-08,0.0,-3.06721e-09,-3.06721e-09,-3.06721e-09,0.0,0.0002
0.155,250.819,-250.814,-250.814,-250.811,1.01724e-07,-2.04555e-09,9.63538e-08,0.0,-3.06721e-09,-3.06721e-09,-3.06721e-09,0.0,0.0002
0.16,250.819,-250.814,-250.814,-250.811,1.01724e-07,-2.04555e-09,9.63538e-08,0.0,-3.06721e-09,-3.06721e-09,-3.06721e-09,0.0,0.0002
0.165,250.819,-250.814,-250.814,-250.811,1.01724e-07,-2.04555e-09,9.63538e-08,0.0,-3.06721e-09,-3.06721e-09,-3.06721e-09,0.0,0.0002
0.17,250.819,-250.814,-250.814,-250.811,1.01724e-07,-2.04555e-09,9.63538e-08,0.0,-3.06721e-09,-3.06721e-09,-3.06721e-09,0.0,0.0002
0.175,250.819,-250.814,-250.814,-250.811,1.01724e-07,-2.04555e-09,9.63538e-08,0.0,-3.06721e-09,-3.06721e-09,-3.06721e-09,0.0,0.0002
0.18,250.819,-250.814,-250.814,-250.811,1.01724e-07,-2.04555e-09,9.63538e-08,0.0,-3.06721e-09,-3.06721e-09,-3.06721e-09,0.0,0.0002
0.185,250.819,-250.814,-250.814,-250.811,1.01724e-07,-2.04555e-09,9.63538e-08,0.0,-3.06721e-09,-3.06721e-09,-3.06721e-09,0.0,0.0002
0.19,250.819,-250.814,-250.814,-250.811,1.01724e-07,-2.04555e-09,9.63538e-08,0.0,-3.06721e-09,-3.06721e-09,-3.06721e-09,0.0,0.0002
0.195,250.819,-250.814,-250.814,-250.811,1.01724e-07,-2.04555e-09,9.63538e-08,0.0,-3.06721e-09,-3.06721e-09,-3.06721e-09,0.0,0.0002
0.2,250.819,-250.814,-250.814,-250.811,1.01724e-07,-2.04555e-09,9.63538e-08,0.0,-3.06721e-09,-3.06721e-09,-3.06721e-09,0.0,0.0002
0.205,250.819,-250.814,-250.814,-250.811,1.01724e-07,-2.04555e-09,9.63538e-08,0.0,-3.06721e-09,-3.06721e-09,-3.06721e-09,0.0,0.0002
0.21,250.819,-250.814,-250.814,-250.811,1.01724e-07,-2.04555e-09,9.63538e-08,0.0,-3.06721e-09,-3.06721e-09,-3.06721e-09,0.0,0.0002
0.215,250.819,-250.814,-250.814,-250.811,1.01724e-07,-2.04555e-09,9.63538e-08,0.0,-3.06721e-09,-3.06721e-09,-3.06721e-09,0.0,0.0002
0.22,250.819,-250.814,-250.814,-250.811,1.01724e-07,-2.04555e-09,9.63538e-08,0.0,-3.06721e-09,-3.06721e-09,-3.06721e-09,0.0,0.0002
0.225,250.819,-250.814,-250.814,-250.811,1.01724e-07,-2.04555e-09,9.63538e-08,0.0,-3.06721e-09,-3.06721e-09,-3.06721e-09,0.0,0.0002
0.23,250.819,-250.814,-250.814,-250.811,1.01724e-07,-2.04555e-09,9.63538e-08,0.0,-3.06721e-09,-3.06721e-09,-3.06721e-09,0.0,0.0002
0.235,250.819,-250.814,-250.814,-250.811,1.01724e-07,-2.04555e-09,9.63538e-08,0.0,-3.06721e-09,-3.06721e-09,-3.06721e-09,0.0,0.0002
0.24,250.819,-250.814,-250.814,-250.811,1.01724e-07,-2.04555e-09,9.63538e-08,0.0,-3.06721e-09,-3.06721e-09,-3.06721e-09,0.0,0.0002
0.245,250.819,-250.814,-250.814,-250.811,1.01724e-07,-2.04555e-09,9.63538e-08,0.0,-3.06721e-09,-3.06721e-09,-3.06721e-09,0.0,0.0002
0.25,250.819,-250.814,-250.814,-250.811,1.01724e-07,-2.04555e-09,9.63538e-08,0.0,-3.06721e-09,-3.06721e-09,-3.06721e-09,0.0,0.0002
0.255,250.819,-250.814,-250.814,-250.811,1.01724e-07,-2.04555e-09,9.63538e-08,0.0,-3.06721e-09,-3.06721e-09,-3.06721e-09,0.0,0.0002
0.26,250.819,-250.814,-250.814,-250.811,1.01724e-07,-2.04555e-09,9.63538e-08,0.0,-3.06721e-09,-3.06721e-09,-3.06721e-09,0.0,0.0002
0.265,250.819,-250.814,-250.814,-250.811,1.01724e-07,-2.04555e-09,9.63538e-08,0.0,-3.06721e-09,-3.06721e-09,-3.06721e-09,0.0,0.0002
0.27,250.819,-250.814,-250.814,-250.811,1.01724e-07,-2.04555e-09,9.63538e-08,0.0,-3.06721e-09,-3.06721e-09,-3.06721e-09,0.0,0.0002
0.275,250.819,-250.814,-250.814,-250.811,1.01724e-07,-2.04555e-09,9.63538e-08,0.0,-3.06721e-09,-3.06721e-09,-3.06721e-09,0.0,0.0002
0.28,250.819,-250.814,-250.814,-250.811,1.01724e-07,-2.04555e-09,9.63538e-08,0.0,-3.06721e-09,-3.06721e-09,-3.06721e-09,0.0,0.0002
0.285,250.819,-250.814,-250.814,-250.811,1.01724e-07,-2.04555e-09,9.63538e-08,0.0,-3.06721e-09,-3.06721e-09,-3.06721e-09,0.0,0.0002
0.29,250.819,-250.814,-250.814,-250.811,1.01724e-07,-2.04555e-09,9.63538e-08,0.0,-3.06721e-09,-3.06721e-09,-3.06721e-09,0.0,0.0002
0.295,250.819,-250.814,-250.814,-250.811,1.01724e-07,-2.04555e-09,9.63538e-08,0.0,-3.06721e-09,-3.06721e-09,-3.06721e-09,0.0,0.0002
0.3,250.819,-250.814,-250.814,-250.811,1.01724e-07,-2.04555e-09,9.63538e-08,0.0,-3.06721e-09,-3.06721e-09,-3.06721e-09,0.0,0.0002
0.305,250.819,-250.814,-250.814,-250.811,1.01724e-07,-2.04555e-09,9.63538e-08,0.0,-3.06721e-09,-3.06721e-09,-3.06721e-09,0.0,0.0002
0.31,250.819,-250.814,-250.814,-250.811,1.01724e-07,-2.04555e-09,9.63538e-08,0.0,-3.06721e-09,-3.06721e-09,-3.06721e-09,0.0,0.0002
0.315,250.819,-250.814,-250.814,-250.811,1.01724e-07,-2.04555e-09,9.63538e-08,0.0,-3.06721e-09,-3.06721e-09,-3.06721e-09,0.0,0.0002
0.32,250.819,-250.814,-250.814,-250.811,1.01724e-07,-2.04555e-09,9.63538e-08,0.0,-3.06721e-09,-3.06721e-09,-3.06721e-09,0.0,0.0002
0.325,250.819,-250.814,-250.814,-250.811,1.01724e-07,-2.04555e-09,9.63538e-08,0.0,-3.06721e-09,-3.06721e-09,-3.06721e-09,0.0,0.0002
0.33,250.819,-250.814,-250.814,-250.811,1.01724e-07,-2.04555e-09,9.63538e-08,0.0,-3.06721e-09,-3.06721e-09,-3.06721e-09,0.0,0.0002
0.335,250.819,-250.814,-250.814,-250.811,1.01724e-07,-2.04555e-09,9.63538e-08,0.0,-3.06721e-09,-3.06721e-09,-3.06721e-09,0.0,0.0002
0.34,250.819,-250.814,-250.814,-250.811,1.01724e-07,-2.04555e-09,9.63538e-08,0.0,-3.06721e-09,-3.06721e-09,-3.06721e-09,0.0,0.0002
0.345,250.819,-250.814,-250.814,-250.811,1.01724e-07,-2.04555e-09,9.63538e-08,0.0,-3.06721e-09,-3.06721e-09,-3.06721e-09,0.0,0.0002
0.35,250.819,-250.814,-250.814,-250.811,1.01724e-07,-2.04555e-09,9.63538e-08,0.0,-3.06721e-09,-3.06721e-09,-3.06721e-09,0.0,0.0002
0.355,250.819,-250.814,-250.814,-250.811,1.01724e-07,-2.04555e-09,9.63538e-08,0.0,-3.06721e-09,-3.06721e-09,-3.06721e-09,0.0,0.0002
0.36,250.819,-250.814,-250.814,-250.811,1.01724e-07,-2.04555e-09,9.63538e-08,0.0,-3.06721e-09,-3.06721e-09,-3.06721e-09,0.0,0.0002
0.365,250.819,-250.814,-250.814,-250.811,1.01724e-07,-2.04555e-09,9.63538e-08,0.0,-3.06721e-09,-3.06721e-09,-3.06721e-09,0.0,0.0002
0.37,250.819,-250.814,-250.814,-250.811,1.01724e-07,-2.04555e-09,9.63538e-08,0.0,-3.06721e-09,-3.06721e-09,-3.06721e-09,0.0,0.0002
0.375,250.819,-250.814,-250.814,-250.811,1.01724e-07,-2.04555e-09,9.63538e-08,0.0,-3.06721e-09,-3.06721e-09,-3.06721e-09,0.0,0.0002
0.38,250.819,-250.814,-250.814,-250.811,1.01724e-07,-2.04555e-09,9.63538e-08,0.0,-3.06721e-09,-3.06721e-09,-3.06721e-09,0.0,0.0002
0.385,250.819,-250.814,-250.814,-250.811,1.01724e-07,-2.04555e-09,9.63538e-08,0.0,-3.06721e-09,-3.06721e-09,-3.06721e-09,0.0,0.0002
0.39,250.819,-250.814,-250.814,-250.811,1.01724e-07,-2.04555e-09,9.63538e-08,0.0,-3.06721e-09,-3.06721e-09,-3.06721e-09,0.0,0.0002
0.395,250.819,-250.814,-250.814,-250.811,1.01724e-07,-2.04555e-09,9.63538e-08,0.0,-3.06721e-09,-3.06721e-09,-3.06721e-09,0.0,0.0002
0.4,250.819,-250.814,-250.814,-250.811,1.01724e-07,-2.04555e-09,9.63538e-08,0.0,-3.06721e-09,-3.06721e-09,-3.06721e-09,0.0,0.0002
0.405,250.819,-250.814,-250.814,-250.811,1.01724e-07,-2.04555e-09,9.63538e-08,0.0,-3.06721e-09,-3.06721e-09,-3.06721e-09,0.0,0.0002
0.41,250.819,-250.814,-250.814,-250.811,1.01724e-07,-2.04555e-09,9.63538e-08,0.0,-3.06721e-09,-3.06721e-09,-3.06721e-09,0.0,0.0002
0.415,250.819,-250.814,-250.814,-250.811,1.01724e-07,-2.04555e-09,9.63538e-08,0.0,-3.06721e-09,-3.06721e-09,-3.06721e-09,0.0,0.0002
0.42,250.819,-250.814,-250.814,-250.811,1.01724e-07,-2.04555e-09,9.63538e-08,0.0,-3.06721e-09,-3.06721e-09,-3.06721e-09,0.0,0.0002
0.425,250.819,-250.814,-250.814,-250.811,1.01724e-07,-2.04555e-09,9.63538e-08,0.0,-3.06721e-09,-3.06721e-09,-3.06721e-09,0.0,0.0002
0.43,250.819,-250.814,-250.814,-250.811,1.01724e-07,-2.04555e-09,9.63538e-08,0.0,-3.06721e-09,-3.06721e-09,-3.06721e-09,0.0,0.0002
0.435,250.819,-250.814,-250.814,-250.811,1.01724e-07,-2.04555e-09,9.63538e-08,0.0,-3.06721e-09,-3.06721e-09,-3.06721e-09,0.0,0.0002
0.44,250.819,-250.814,-250.814,-250.811,1.01724e-07,-2.04555e-09,9.63538e-08,0.0,-3.06721e-09,-3.06721e-09,-3.06721e-09,0.0,0.0002
0.445,250.819,-250.814,-250.814,-250.811,1.01724e-07,-2.04555e-09,9.63538e-08,0.0,-3.06721e-09,-3.06721e-09,-3.06721e-09,0.0,0.0002
0.45,250.819,-250.814,-250.814,-250.811,1.01724e-07,-2.04555e-09,9.63538e-08,0.0,-3.06721e-09,-3.06721e-09,-3.06721e-09,0.0,0.0002
0.455,250.819,-250.814,-250.814,-250.811,1.01724e-07,-2.04555e-09,9.63538e-08,0.0,-3.06721e-09,-3.06721e-09,-3.06721e-09,0.0,0.0002
0.46,250.819,-250.814,-250.814,-250.811,1.01724e-07,-2.04555e-09,9.63538e-08,0.0,-3.06721e-09,-3.06721e-09,-3.06721e-09,0.0,0.0002
0.465,250.819,-250.814,-250.814,-250.811,1.01724e-07,-2.04555e-09,9.63538e-08,0.0,-3.06721e-09,-3.06721e-09,-3.06721e-09,0.0,0.0002
0.47,250.819,-250.814,-250.814,-250.811,1.01724e-07,-2.04555e-09,9.63538e-08,0.0,-3.06721e-09,-3.06721e-09,-3.06721e-09,0.0,0.0002
0.475,250.819,-250.814,-250.814,-250.811,1.01724e-07,-2.04555e-09,9.63538e-08,0.0,-3.06721e-09,-3.06721e-09,-3.06721e-09,0.0,0.0002
0.48,250.819,-250.814,-250.814,-250.811,1.01724e-07,-2.04555e-09,9.63538e-08,0.0,-3.06721e-09,-3.06721e-09,-3.06721e-09,0.0,0.0002
0.485,250.819,-250.814,-250.814,-250.811,1.01724e-07,-2.04555e-09,9.63538e-08,0.0,-3.06721e-09,-3.06721e-09,-3.06721e-09,0.0,0.0002
0.49,250.819,-250.814,-250.814,-250.811,1.01724e-07,-2.04555e-09,9.63538e-08,0.0,-3.06721e-09,-3.06721e-09,-3.06721e-09,0.0,0.0002
0.495,250.819,-250.814,-250.814,-250.811,1.01724e-07,-2.04555e-09,9.63538e-08,0.0,-3.06721e-09,-3.06721e-09,-3.06721e-09,0.0,0.0002
0.5,250.819,-250.814,-250.814,-250.811,1.01724e-07,-2.04555e-09,9.63538e-08,0.0,-3.06721e-09,-3.06721e-09,-3.06721e-09,0.0,0.0002
0.505,250.819,-250.814,-250.814,-250.811,1.01724e-07,-2.04555e-09,9.63538e-08,0.0,-3.06721e-09,-3.06721e-09,-3.06721e-09,0.0,0.0002
0.51,250.819,-250.814,-250.814,-250.811,1.01724e-07,-2.04555e-09,9.63538e-08,0.0,-3.06721e-09,-3.06721e-09,-3.06721e-09,0.0,0.0002
0.515,250.819,-250.814,-250.814,-250.811,1.01724e-07,-2.04555e-09,9.63538e-08,0.0,-3.06721e-09,-3.06721e-09,-3.06721e-09,0.0,0.0002
0.52,250.819,-250.814,-250.814,-250.811,1.01724e-07,-2.04555e-09,9.63538e-08,0.0,-3.06721e-09,-3.06721e-09,-3.06721e-09,0.0,0.0002
0.525,250.819,-250.814,-250.814,-250.811,1.01724e-07,-2.04555e-09,9.63538e-08,0.0,-3.06721e-09,-3.06721e-09,-3.06721e-09,0.0,0.0002
0.53,250.819,-250.814,-250.814,-250.811,1.01724e-07,-2.04555e-09,9.63538e-08,0.0,-3.06721e-09,-3.06721e-09,-3.06721e-09,0.0,0.0002
0.535,250.819,-250.814,-250.814,-250.811,1.01724e-07,-2.04555e-09,9.63538e-08,0.0,-3.06721e-09,-3.06721e-09,-3.06721e-09,0.0,0.0002
0.54,250.819,-250.814,-250.814,-250.811,1.01724e-07,-2.04555e-09,9.63538e-08,0.0,-3.06721e-09,-3.06721e-09,-3.06721e-09,0.0,0.0002
0.545,250.819,-250.814,-250.814,-250.811,1.01724e-07,-2.04555e-09,9.63538e-08,0.0,-3.06721e-09,-3.06721e-09,-3.06721e-09,0.0,0.0002
0.55,250.819,-250.814,-250.814,-250.811,1.01724e-07,-2.04555e-09,9.63538e-08,0.0,-3.06721e-09,-3.06721e-09,-3.06721e-09,0.0,0.0002
0.555,250.819,-250.814,-250.814,-250.811,1.01724e-07,-2.04555e-09,9.63538e-08,0.0,-3.06721e-09,-3.06721e-09,-3.06721e-09,0.0,0.0002
0.56,250.819,-250.814,-250.814,-250.811,1.01724e-07,-2.04555e-09,9.63538e-08,0.0,-3.06721e-09,-3.06721e-09,-3.06721e-09,0.0,0.0002
0.565,250.819,-250.814,-250.814,-250.811,1.01724e-07,-2.04555e-09,9.63538e-08,0.0,-3.06721e-09,-3.06721e-09,-3.06721e-09,0.0,0.0002
0.57,250.819,-250.814,-250.814,-250.811,1.01724e-07,-2.04555e-09,9.63538e-08,0.0,-3.06721e-09,-3.06721e-09,-3.06721e-09,0.0,0.0002
0.575,250.819,-250.814,-250.814,-250.811,1.01724e-07,-2.04555e-09,9.63538e-08,0.0,-3.06721e-09,-3.06721e-09,-3.06721e-09,0.0,0.0002
0.58,250.819,-250.814,-250.814,-250.811,1.01724e-07,-2.04555e-09,9.63538e-08,0.0,-3.06721e-09,-3.06721e-09,-3.06721e-09,0.0,0.0002
0.585,250.819,-250.814,-250.814,-250.811,1.01724e-07,-2.04555e-09,9.63538e-08,0.0,-3.06721e-09,-3.06721e-09,-3.06721e-09,0.0,0.0002
0.59,250.819,-250.814,-250.814,-250.811,1.01724e-07,-2.04555e-09,9.63538e-08,0.0,-3.06721e-09,-3.06721e-09,-3.06721e-09,0.0,0.0002
0.595,250.819,-250.814,-250.814,-250.811,1.01724e-07,-2.04555e-09,9.63538e-08,0.0,-3.06721e-09,-3.06721e-09,-3.06721e-09,0.0,0.0002
0.6,250.819,-250.814,-250.814,-250.811,1.01724e-07,-2.04555e-09,9.63538e-08,0.0,-3.06721e-09,-3.06721e-09,-3.06721e-09,0.0,0.0002
0.605,250.819,-250.814,-250.814,-250.811,1.01724e-07,-2.04555e-09,9.63538e-08,0.0,-3.06721e-09,-3.06721e-09,-3.06721e-09,0.0,0.0002
0.61,250.819,-250.814,-250.814,-250.811,1.01724e-07,-2.04555e-09,9.63538e-08,0.0,-3.06721e-09,-3.06721e-09,-3.06721e-09,0.0,0.0002
0.615,250.819,-250.814,-250.814,-250.811,1.01724e-07,-2.04555e-09,9.63538e-08,0.0,-3.06721e-09,-3.06721e-09,-3.06721e-09,0.0,0.0002
0.62,250.819,-250.814,-250.814,-250.811,1.01724e-07,-2.04555e-09,9.63538e-08,0.0,-3.06721e-09,-3.06721e-09,-3.06721e-09,0.0,0.0002
0.625,250.819,-250.814,-250.814,-250.811,1.01724e-07,-2.04555e-09,9.63538e-08,0.0,-3.06721e-09,-3.06721e-09,-3.06721e-09,0.0,0.0002
0.63,250.819,-250.814,-250.814,-250.811,1.01724e-07,-2.04555e-09,9.63538e-08,0.0,-3.06721e-09,-3.06721e-09,-3.06721e-09,0.0,0.0002
0.635,250.819,-250.814,-250.814,-250.811,1.01724e-07,-2.04555e-09,9.63538e-08,0.0,-3.06721e-09,-3.06721e-09,-3.06721e-09,0.0,0.0002
0.64,250.819,-250.814,-250.814,-250.811,1.01724e-07,-2.04555e-09,9.63538e-08,0.0,-3.06721e-09,-3.06721e-09,-3.06721e-09,0.0,0.0002
0.645,250.819,-250.814,-250.814,-250.811,1.01724e-07,-2.04555e-09,9.63538e-08,0.0,-3.06721e-09,-3.06721e-09,-3.06721e-09,0.0,0.0002
0.65,250.819,-250.814,-250.814,-250.811,1.01724e-07,-2.04555e-09,9.63538e-08,0.0,-3.06721e-09,-3.06721e-09,-3.06721e-09,0.0,0.0002
0.655,250.819,-250.814,-250.814,-250.811,1.01724e-07,-2.04555e-09,9.63538e-08,0.0,-3.06721e-09,-3.06721e-09,-3.06721e-09,0.0,0.0002
0.66,250.819,-250.814,-250.814,-250.811,1.01724e-07,-2.04555e-09,9.63538e-08,0.0,-3.06721e-09,-3.06721e-09,-3.06721e-09,0.0,0.0002
0.665,250.819,-250.814,-250.814,-250.811,1.01724e-07,-2.04555e-09,9.63538e-08,0.0,-3.06721e-09,-3.06721e-09,-3.06721e-09,0.0,0.0002
0.67,250.819,-250.814,-250.814,-250.811,1.01724e-07,-2.04555e-09,9.63538e-08,0.0,-3.06721e-09,-3.06721e-09,-3.06721e-09,0.0,0.0002
0.675,250.819,-250.814,-250.814,-250.811,1.01724e-07,-2.04555e-09,9.63538e-08,0.0,-3.06721e-09,-3.06721e-09,-3.06721e-09,0.0,0.0002
0.68,250.819,-250.814,-250.814,-250.811,1.01724e-07,-2.04555e-09,9.63538e-08,0.0,-3.06721e-09,-3.06721e-09,-3.06721e-09,0.0,0.0002
0.685,250.819,-250.814,-250.814,-250.811,1.01724e-07,-2.04555e-09,9.63538e-08,0.0,-3.06721e-09,-3.06721e-09,-3.06721e-09,0.0,0.0002
0.69,250.819,-250.814,-250.814,-250.811,1.01724e-07,-2.04555e-09,9.63538e-08,0.0,-3.06721e-09,-3.06721e-09,-3.06721e-09,0.0,0.0002
0.695,250.819,-250.814,-250.814,-250.811,1.01724e-07,-2.04555e-09,9.63538e-08,0.0,-3.06721e-09,-3.06721e-09,-3.06721e-09,0.0,0.0002
0.7,250.819,-250.814,-250.814,-250.811,1.01724e-07,-2.04555e-09,9.63538e-08,0.0,-3.06721e-09,-3.06721e-09,-3.06721e-09,0.0,0.0002
0.705,250.819,-250.814,-250.814,-250.811,1.01724e-07,-2.04555e-09,9.63538e-08,0.0,-3.06721e-09,-3.06721e-09,-3.06721e-09,0.0,0.0002
0.71,250.819,-250.814,-250.814,-250.811,1.01724e-07,-2.04555e-09,9.63538e-08,0.0,-3.06721e-09,-3.06721e-09,-3.06721e-09,0.0,0.0002
0.715,250.819,-250.814,-250.814,-250.811,1.01724e-07,-2.04555e-09,9.63538e-08,0.0,-3.06721e-09,-3.06721e-09,-3.06721e-09,0.0,0.0002
0.72,250.819,-250.814,-250.814,-250.811,1.01724e-07,-2.04555e-09,9.63538e-08,0.0,-3.06721e-09,-3.06721e-09,-3.06721e-09,0.0,0.0002
0.725,250.819,-250.814,-250.814,-250.811,1.01724e-07,-2.04555e-09,9.63538e-08,0.0,-3.06721e-09,-3.06721e-09,-3.06721e-09,0.0,0.0002
0.73,250.819,-250.814,-250.814,-250.811,1.01724e-07,-2.04555e-09,9.63538e-08,0.0,-3.06721e-09,-3.06721e-09,-3.06721e-09,0.0,0.0002
0.735,250.819,-250.814,-250.814,-250.811,1.01724e-07,-2.04555e-09,9.63538e-08,0.0,-3.06721e-09,-3.06721e-09,-3.06721e-09,0.0,0.0002
0.74,250.819,-250.814,-250.814,-250.811,1.01724e-07,-2.04555e-09,9.63538e-08,0.0,-3.06721e-09,-3.06721e-09,-3.06721e-09,0.0,0.0002
0.745,250.819,-250.814,-250.814,-250.811,1.01724e-07,-2.04555e-09,9.63538e-08,0.0,-3.06721e-09,-3.06721e-09,-3.06721e-09,0.0,0.0002
0.75,250.819,-250.814,-250.814,-250.811,1.01724e-07,-2.04555e-09,9.63538e-08,0.0,-3.06721e-09,-3.06721e-09,-3.06721e-09,0.0,0.0002
0.755,250.819,-250.814,-250.814,-250.811,1.01724e-07,-2.04555e-09,9.63538e-08,0.0,-3.06721e-09,-3.06721e-09,-3.06721e-09,0.0,0.0002
0.76,250.819,-250.814,-250.814,-250.811,1.01724e-07,-2.04555e-09,9.63538e-08,0.0,-3.06721e-09,-3.06721e-09,-3.06721e-09,0.0,0.0002
0.765,250.819,-250.814,-250.814,-250.811,1.01724e-07,-2.04555e-09,9.63538e-08,0.0,-3.06721e-09,-3.06721e-09,-3.06721e-09,0.0,0.0002
0.77,250.819,-250.814,-250.814,-250.811,1.01724e-07,-2.04555e-09,9.63538e-08,0.0,-3.06721e-09,-3.06721e-09,-3.06721e-09,0.0,0.0002
0.775,250.819,-250.814,-250.814,-250.811,1.01724e-07,-2.04555e-09,9.63538e-08,0.0,-3.06721e-09,-3.06721e-09,-3.06721e-09,0.0,0.0002
0.78,250.819,-250.814,-250.814,-250.811,1.01724e-07,-2.04555e-09,9.63538e-08,0.0,-3.06721e-09,-3.06721e-09,-3.06721e-09,0.0,0.0002
0.785,250.819,-250.814,-250.814,-250.811,1.01724e-07,-2.04555e-09,9.63538e-08,0.0,-3.06721e-09,-3.06721e-09,-3.06721e-09,0.0,0.0002
0.79,250.819,-250.814,-250.814,-250.811,1.01724e-07,-2.04555e-09,9.63538e-08,0.0,-3.06721e-09,-3.06721e-09,-3.06721e-09,0.0,0.0002
0.795,250.819,-250.814,-250.814,-250.811,1.01724e-07,-2.04555e-09,9.63538e-08,0.0,-3.06721e-09,-3.06721e-09,-3.06721e-09,0.0,0.0002
0.8,250.819,-250.814,-250.814,-250.811,1.01724e-07,-2.04555e-09,9.63538e-08,0.0,-3.06721e-09,-3.06721e-09,-3.06721e-09,0.0,0.0002
0.805,250.819,-250.814,-250.814,-250.811,1.01724e-07,-2.04555e-09,9.63538e-08,0.0,-3.06721e-09,-3.06721e-09,-3.06721e-09,0.0,0.0002
0.81,250.819,-250.814,-250.814,-250.811,1.01724e-07,-2.04555e-09,9.63538e-08,0.0,-3.06721e-09,-3.06721e-09,-3.06721e-09,0.0,0.0002
0.815,250.819,-250.814,-250.814,-250.811,1.01724e-07,-2.04555e-09,9.63538e-08,0.0,-3.06721e-09,-3.06721e-09,-3.06721e-09,0.0,0.0002
0.82,250.819,-250.814,-250.814,-250.811,1.01724e-07,-2.04555e-09,9.63538e-08,0.0,-3.06721e-09,-3.06721e-09,-3.06721e-09,0.0,0.0002
0.825,250.819,-250.814,-250.814,-250.811,1.01724e-07,-2.04555e-09,9.63538e-08,0.0,-3.06721e-09,-3.06721e-09,-3.06721e-09,0.0,0.0002
0.83,250.819,-250.814,-250.814,-250.811,1.01724e-07,-2.04555e-09,9.63538e-08,0.0,-3.06721e-09,-3.06721e-09,-3.06721e-09,0.0,0.0002
0.835,250.819,-250.814,-250.814,-250.811,1.01724e-07,-2.04555e-09,9.63538e-08,0.0,-3.06721e-09,-3.06721e-09,-3.06721e-09,0.0,0.0002
0.84,250.819,-250.814,-250.814,-250.811,1.01724e-07,-2.04555e-09,9.63538e-08,0.0,-3.06721e-09,-3.06721e-09,-3.06721e-09,0.0,0.0002
0.845,250.819,-250.814,-250.814,-250.811,1.01724e-07,-2.04555e-09,9.63538e-08,0.0,-3.06721e-09,-3.06721e-09,-3.06721e-09,0.0,0.0002
0.85,250.819,-250.814,-250.814,-250.811,1.01724e-07,-2.04555e-09,9.63538e-08,0.0,-3.06721e-09,-3.06721e-09,-3.06721e-09,0.0,0.0002
0.855,250.819,-250.814,-250.814,-250.811,1.01724e-07,-2.04555e-09,9.63538e-08,0.0,-3.06721e-09,-3.06721e-09,-3.06721e-09,0.0,0.0002
0.86,250.819,-250.814,-250.814,-250.811,1.01724e-07,-2.04555e-09,9.63538e-08,0.0,-3.06721e-09,-3.06721e-09,-3.06721e-09,0.0,0.0002
0.865,250.819,-250.814,-250.814,-250.811,1.01724e-07,-2.04555e-09,9.63538e-08,0.0,-3.06721e-09,-3.06721e-09,-3.06721e-09,0.0,0.0002
0.87,250.819,-250.814,-250.814,-250.811,1.01724e-07,-2.04555e-09,9.63538e-08,0.0,-3.06721e-09,-3.06721e-09,-3.06721e-09,0.0,0.0002
0.875,250.819,-250.814,-250.814,-250.811,1.01724e-07,-2.04555e-09,9.63538e-08,0.0,-3.06721e-09,-3.06721e-09,-3.06721e-09,0.0,0.0002
0.88,250.819,-250.814,-250.814,-250.811,1.01724e-07,-2.04555e-09,9.63538e-08,0.0,-3.06721e-09,-3.06721e-09,-3.06721e-09,0.0,0.0002
0.885,250.819,-250.814,-250.814,-250.811,1.01724e-07,-2.04555e-09,9.63538e-08,0.0,-3.06721e-09,-3.06721e-09,-3.06721e-09,0.0,0.0002
0.89,250.819,-250.814,-250.814,-250.811,1.01724e-07,-2.04555e-09,9.63538e-08,0.0,-3.06721e-09,-3.06721e-09,-3.06721e-09,0.0,0.0002
0.895,250.819,-250.814,-250.814,-250.811,1.01724e-07,-2.04555e-09,9.63538e-08,0.0,-3.06721e-09,-3.06721e-09,-3.06721e-09,0.0,0.0002
0.9,250.819,-250.814,-250.814,-250.811,1.01724e-07,-2.04555e-09,9.63538e-08,0.0,-3.06721e-09,-3.06721e-09,-3.06721e-09,0.0,0.0002
0.905,250.819,-250.814,-250.814,-250.811,1.01724e-07,-2.04555e-09,9.63538e-08,0.0,-3.06721e-09,-3.06721e-09,-3.06721e-09,0.0,0.0002
0.91,250.819,-250.814,-250.814,-250.811,1.01724e-07,-2.04555e-09,9.63538e-08,0.0,-3.06721e-09,-3.06721e-09,-3.06721e-09,0.0,0.0002
0.915,250.819,-250.814,-250.814,-250.811,1.01724e-07,-2.04555e-09,9.63538e-08,0.0,-3.06721e-09,-3.06721e-09,-3.06721e-09,0.0,0.0002
0.92,250.819,-250.814,-250.814,-250.811,1.01724e-07,-2.04555e-09,9.63538e-08,0.0,-3.06721e-09,-3.06721e-09,-3.06721e-09,0.0,0.0002
0.925,250.819,-250.814,-250.814,-250.811,1.01724e-07,-2.04555e-09,9.63538e-08,0.0,-3.06721e-09,-3.06721e-09,-3.06721e-09,0.0,0.0002
0.93,250.819,-250.814,-250.814,-250.811,1.01724e-07,-2.04555e-09,9.63538e-08,0.0,-3.06721e-09,-3.06721e-09,-3.06721e-09,0.0,0.0002
0.935,250.819,-250.814,-250.814,-250.811,1.01724e-07,-2.04555e-09,9.63538e-08,0.0,-3.06721e-09,-3.06721e-09,-3.06721e-09,0.0,0.0002
0.94,250.819,-250.814,-250.814,-250.811,1.01724e-07,-2.04555e-09,9.63538e-08,0.0,-3.06721e-09,-3.06721e-09,-3.06721e-09,0.0,0.0002
0.945,250.819,-250.814,-250.814,-250.811,1.01724e-07,-2.04555e-09,9.63538e-08,0.0,-3.06721e-09,-3.06721e-09,-3.06721e-09,0.0,0.0002
0.95,250.819,-250.814,-250.814,-250.811,1.01724e-07,-2.04555e-09,9.63538e-08,0.0,-3.06721e-09,-3.06721e-09,-3.06721e-09,0.0,0.0002
0.955,250.819,-250.814,-250.814,-250.811,1.01724e-07,-2.04555e-09,9.63538e-08,0.0,-3.06721e-09,-3.06721e-09,-3.06721e-09,0.0,0.0002
0.96,250.819,-250.814,-250.814,-250.811,1.01724e-07,-2.04555e-09,9.63538e-08,0.0,-3.06721e-09,-3.06721e-09,-3.06721e-09,0.0,0.0002
0.965,250.819,-250.814,-250.814,-250.811,1.01724e-07,-2.04555e-09,9.63538e-08,0.0,-3.06721e-09,-3.06721e-09,-3.06721e-09,0.0,0.0002
0.97,250.819,-250.814,-250.814,-250.811,1.01724e-07,-2.04555e-09,9.63538e-08,0.0,-3.06721e-09,-3.06721e-09,-3.06721e-09,0.0,0.0002
0.975,250.819,-250.814,-250.814,-250.811,1.01724e-07,-2.04555e-09,9.63538e-08,0.0,-3.06721e-09,-3.06721e-09,-3.06721e-09,0.0,0.0002
0.98,250.819,-250.814,-250.814,-250.811,1.01724e-07,-2.04555e-09,9.63538e-08,0.0,-3.06721e-09,-3.06721e-09,-3.06721e-09,0.0,0.0002
0.985,250.819,-250.814,-250.814,-250.811,1.01724e-07,-2.04555e-09,9.63538e-08,0.0,-3.06721e-09,-3.06721e-09,-3.06721e-09,0.0,0.0002
0.99,250.819,-250.814,-250.814,-250.811,1.01724e-07,-2.04555e-09,9.63538e-08,0.0,-3.06721e-09,-3.06721e-09,-3.06721e-09,0.0,0.0002
0.995,250.819,-250.814,-250.814,-250.811,1.01724e-07,-2.04555e-09,9.63538e-08,0.0,-3.06721e-09,-3.06721e-09,-3.06721e-09,0.0,0.0002
1.0,250.819,-250.814,-250.814,-250.811,1.01724e-07,-2.04555e-09,9.63538e-08,0.0,-3.06721e-09,-3.06721e-09,-3.06721e-09,0.0,0.0002
1.005,250.819,-250.814,-250.814,-250.811,1.01724e-07,-2.04555e-09,9.63538e-08,0.0,-3.06721e-09,-3.06721e-09,-3.06721e-09,0.0,0.0002
1.01,250.819,-250.814,-250.814,-250.811,1.01724e-07,-2.04555e-09,9.63538e-08,0.0,-3.06721e-09,-3.06721e-09,-3.06721e-09,0.0,0.0002
1.015,250.819,-250.814,-250.814,-250.811,1.01724e-07,-2.04555e-09,9.63538e-08,0.0,-3.06721e-09,-3.06721e-09,-3.06721e-09,0.0,0.0002
1.02,250.819,-250.814,-250.814,-250.811,1.01724e-07,-2.04555e-09,9.63538e-08,0.0,-3.06721e-09,-3.06721e-09,-3.06721e-09,0.0,0.0002
1.025,250.819,-250.814,-250.814,-250.811,1.01724e-07,-2.04555e-09,9.63538e-08,0.0,-3.06721e-09,-3.06721e-09,-3.06721e-09,0.0,0.0002
1.03,250.819,-250.814,-250.814,-250.811,1.01724e-07,-2.04555e-09,9.63538e-08,0.0,-3.06721e-09,-3.06721e-09,-3.06721e-09,0.0,0.0002
1.035,250.819,-250.814,-250.814,-250.811,1.01724e-07,-2.04555e-09,9.63538e-08,0.0,-3.06721e-09,-3.06721e-09,-3.06721e-09,0.0,0.0002
1.04,250.819,-250.814,-250.814,-250.811,1.01724e-07,-2.04555e-09,9.63538e-08,0.0,-3.06721e-09,-3.06721e-09,-3.06721e-09,0.0,0.0002
1.045,250.819,-250.814,-250.814,-250.811,1.01724e-07,-2.04555e-09,9.63538e-08,0.0,-3.06721e-09,-3.06721e-09,-3.06721e-09,0.0,0.0002
1.05,250.819,-250.814,-250.814,-250.811,1.01724e-07,-2.04555e-09,9.63538e-08,0.0,-3.06721e-09,-3.06721e-09,-3.06721e-09,0.0,0.0002
1.055,250.819,-250.814,-250.814,-250.811,1.01724e-07,-2.04555e-09,9.63538e-08,0.0,-3.06721e-09,-3.06721e-09,-3.06721e-09,0.0,0.0002
1.06,250.819,-250.814,-250.814,-250.811,1.01724e-07,-2.04555e-09,9.63538e-08,0.0,-3.06721e-09,-3.06721e-09,-3.06721e-09,0.0,0.0002
1.065,250.819,-250.814,-250.814,-250.811,1.01724e-07,-2.04555e-09,9.63538e-08,0.0,-3.06721e-09,-3.06721e-09,-3.06721e-09,0.0,0.0002
1.07,250.819,-250.814,-250.814,-250.811,1.01724e-07,-2.04555e-09,9.63538e-08,0.0,-3.06721e-09,-3.06721e-09,-3.06721e-09,0.0,0.0002
1.075,250.819,-250.814,-250.814,-250.811,1.01724e-07,-2.04555e-09,9.63538e-08,0.0,-3.06721e-09,-3.06721e-09,-3.06721e-09,0.0,0.0002
1.08,250.819,-250.814,-250.814,-250.811,1.01724e-07,-2.04555e-09,9.63538e-08,0.0,-3.06721e-09,-3.06721e-09,-3.06721e-09,0.0,0.0002
1.085,250.819,-250.814,-250.814,-250.811,1.01724e-07,-2.04555e-09,9.63538e-08,0.0,-3.06721e-09,-3.06721e-09,-3.06721e-09,0.0,0.0002
1.09,250.819,-250.814,-250.814,-250.811,1.01724e-07,-2.04555e-09,9.63538e-08,0.0,-3.06721e-09,-3.06721e-09,-3.06721e-09,0.0,0.0002
1.095,250.819,-250.814,-250.814,-250.811,1.01724e-07,-2.04555e-09,9.63538e-08,0.0,-3.06721e-09,-3.06721e-09,-3.06721e-09,0.0,0.0002
1.1,250.819,-250.814,-250.814,-250.811,1.01724e-07,-2.04555e-09,9.63538e-08,0.0,-3.06721e-09,-3.06721e-09,-3.06721e-09,0.0,0.0002
1.105,250.819,-250.814,-250.814,-250.811,1.01724e-07,-2.04555e-09,9.63538e-08,0.0,-3.06721e-09,-3.06721e-09,-3.06721e-09,0.0,0.0002
1.11,250.819,-250.814,-250.814,-250.811,1.01724e-07,-2.04555e-09,9.63538e-08,0.0,-3.06721e-09,-3.06721e-09,-3.06721e-09,0.0,0.0002
1.115,250.819,-250.814,-250.814,-250.811,1.01724e-07,-2.04555e-09,9.63538e-08,0.0,-3.06721e-09,-3.06721e-09,-3.06721e-09,0.0,0.0002
1.12,250.819,-250.814,-250.814,-250.811,1.01724e-07,-2.04555e-09,9.63538e-08,0.0,-3.06721e-09,-3.06721e-09,-3.06721e-09,0.0,0.0002
1.125,250.819,-250.814,-250.814,-250.811,1.01724e-07,-2.04555e-09,9.63538e-08,0.0,-3.06721e-09,-3.06721e-09,-3.06721e-09,0.0,0.0002
1.13,250.819,-250.814,-250.814,-250.811,1.01724e-07,-2.04555e-09,9.63538e-08,0.0,-3.06721e-09,-3.06721e-09,-3.06721e-09,0.0,0.0002
1.135,250.819,-250.814,-250.814,-250.811,1.01724e-07,-2.04555e-09,9.63538e-08,0.0,-3.06721e-09,-3.06721e-09,-3.06721e-09,0.0,0.0002
1.14,250.819,-250.814,-250.814,-250.811,1.01724e-07,-2.04555e-09,9.63538e-08,0.0,-3.06721e-09,-3.06721e-09,-3.06721e-09,0.0,0.0002
1.145,250.819,-250.814,-250.814,-250.811,1.01724e-07,-2.04555e-09,9.63538e-08,0.0,-3.06721e-09,-3.06721e-09,-3.06721e-09,0.0,0.0002
1.15,250.819,-250.814,-250.814,-250.811,1.01724e-07,-2.04555e-09,9.63538e-08,0.0,-3.06721e-09,-3.06721e-09,-3.06721e-09,0.0,0.0002
1.155,250.819,-250.814,-250.814,-250.811,1.01724e-07,-2.04555e-09,9.63538e-08,0.0,-3.06721e-09,-3.06721e-09,-3.06721e-09,0.0,0.0002
1.16,250.819,-250.814,-250.814,-250.811,1.01724e-07,-2.04555e-09,9.63538e-08,0.0,-3.06721e-09,-3.06721e-09,-3.06721e-09,0.0,0.0002
1.165,250.819,-250.814,-250.814,-250.811,1.01724e-07,-2.04555e-09,9.63538e-08,0.0,-3.06721e-09,-3.06721e-09,-3.06721e-09,0.0,0.0002
1.17,250.819,-250.814,-250.814,-250.811,1.01724e-07,-2.04555e-09,9.63538e-08,0.0,-3.06721e-09,-3.06721e-09,-3.06721e-09,0.0,0.0002
1.175,250.819,-250.814,-250.814,-250.811,1.01724e-07,-2.04555e-09,9.63538e-08,0.0,-3.06721e-09,-3.06721e-09,-3.06721e-09,0.0,0.0002
1.18,250.819,-250.814,-250.814,-250.811,1.01724e-07,-2.04555e-09,9.63538e-08,0.0,-3.06721e-09,-3.06721e-09,-3.06721e-09,0.0,0.0002
1.185,250.819,-250.814,-250.814,-250.811,1.01724e-07,-2.04555e-09,9.63538e-08,0.0,-3.06721e-09,-3.06721e-09,-3.06721e-09,0.0,0.0002
1.19,250.819,-250.814,-250.814,-250.811,1.01724e-07,-2.04555e-09,9.63538e-08,0.0,-3.06721e-09,-3.06721e-09,-3.06721e-09,0.0,0.0002
1.195,250.819,-250.814,-250.814,-250.811,1.01724e-07,-2.04555e-09,9.63538e-08,0.0,-3.06721e-09,-3.06721e-09,-3.06721e-09,0.0,0.0002
1.2,250.819,-250.814,-250.814,-250.811,1.01724e-07,-2.04555e-09,9.63538e-08,0.0,-3.06721e-09,-3.06721e-09,-3.06721e-09,0.0,0.0002
1.205,250.819,-250.814,-250.814,-250.811,1.01724e-07,-2.04555e-09,9.63538e-08,0.0,-3.06721e-09,-3.06721e-09,-3.06721e-09,0.0,0.0002
1.21,250.819,-250.814,-250.814,-250.811,1.01724e-07,-2.04555e-09,9.63538e-08,0.0,-3.06721e-09,-3.06721e-09,-3.06721e-09,0.0,0.0002
1.215,250.819,-250.814,-250.814,-250.811,1.01724e-07,-2.04555e-09,9.63538e-08,0.0,-3.06721e-09,-3.06721e-09,-3.06721e-09,0.0,0.0002
1.22,250.819,-250.814,-250.814,-250.811,1.01724e-07,-2.04555e-09,9.63538e-08,0.0,-3.06721e-09,-3.06721e-09,-3.06721e-09,0.0,0.0002
1.225,250.819,-250.814,-250.814,-250.811,1.01724e-07,-2.04555e-09,9.63538e-08,0.0,-3.06721e-09,-3.06721e-09,-3.06721e-09,0.0,0.0002
1.23,250.819,-250.814,-250.814,-250.811,1.01724e-07,-2.04555e-09,9.63538e-08,0.0,-3.06721e-09,-3.06721e-09,-3.06721e-09,0.0,0.0002
1.235,250.819,-250.814,-250.814,-250.811,1.01724e-07,-2.04555e-09,9.63538e-08,0.0,-3.06721e-09,-3.06721e-09,-3.06721e-09,0.0,0.0002
1.24,250.819,-250.814,-250.814,-250.811,1.01724e-07,-2.04555e-09,9.63538e-08,0.0,-3.06721e-09,-3.06721e-09,-3.06721e-09,0.0,0.0002
1.245,250.819,-250.814,-250.814,-250.811,1.01724e-07,-2.04555e-09,9.63538e-08,0.0,-3.06721e-09,-3.06721e-09,-3.06721e-09,0.0,0.0002
1.25,250.819,-250.814,-250.814,-250.811,1.01724e-07,-2.04555e-09,9.63538e-08,0.0,-3.06721e-09,-3.06721e-09,-3.06721e-09,0.0,0.0002
1.255,250.819,-250.814,-250.814,-250.811,1.01724e-07,-2.04555e-09,9.63538e-08,0.0,-3.06721e-09,-3.06721e-09,-3.06721e-09,0.0,0.0002
1.26,250.819,-250.814,-250.814,-250.811,1.01724e-07,-2.04555e-09,9.63538e-08,0.0,-3.06721e-09,-3.06721e-09,-3.06721e-09,0.0,0.0002
1.265,250.819,-250.814,-250.814,-250.811,1.01724e-07,-2.04555e-09,9.63538e-08,0.0,-3.06721e-09,-3.06721e-09,-3.06721e-09,0.0,0.0002
1.27,250.819,-250.814,-250.814,-250.811,1.01724e-07,-2.04555e-09,9.63538e-08,0.0,-3.06721e-09,-3.06721e-09,-3.06721e-09,0.0,0.0002
1.275,250.819,-250.814,-250.814,-250.811,1.01724e-07,-2.04555e-09,9.63538e-08,0.0,-3.06721e-09,-3.06721e-09,-3.06721e-09,0.0,0.0002
1.28,250.819,-250.814,-250.814,-250.811,1.01724e-07,-2.04555e-09,9.63538e-08,0.0,-3.06721e-09,-3.06721e-09,-3.06721e-09,0.0,0.0002
1.285,250.819,-250.814,-250.814,-250.811,1.01724e-07,-2.04555e-09,9.63538e-08,0.0,-3.06721e-09,-3.06721e-09,-3.06721e-09,0.0,0.0002
1.29,250.819,-250.814,-250.814,-250.811,1.01724e-07,-2.04555e-09,9.63538e-08,0.0,-3.06721e-09,-3.06721e-09,-3.06721e-09,0.0,0.0002
1.295,250.819,-250.814,-250.814,-250.811,1.01724e-07,-2.04555e-09,9.63538e-08,0.0,-3.06721e-09,-3.06721e-09,-3.06721e-09,0.0,0.0002
1.3,250.819,-250.814,-250.814,-250.811,1.01724e-07,-2.04555e-09,9.63538e-08,0.0,-3.06721e-09,-3.06721e-09,-3.06721e-09,0.0,0.0002
1.305,250.819,-250.814,-250.814,-250.811,1.01724e-07,-2.04555e-09,9.63538e-08,0.0,-3.06721e-09,-3.06721e-09,-3.06721e-09,0.0,0.0002
1.31,250.819,-250.814,-250.814,-250.811,1.01724e-07,-2.04555e-09,9.63538e-08,0.0,-3.06721e-09,-3.06721e-09,-3.06721e-09,0.0,0.0002
1.315,250.819,-250.814,-250.814,-250.811,1.01724e-07,-2.04555e-09,9.63538e-08,0.0,-3.06721e-09,-3.06721e-09,-3.06721e-09,0.0,0.0002
1.32,250.819,-250.814,-250.814,-250.811,1.01724e-07,-2.04555e-09,9.63538e-08,0.0,-3.06721e-09,-3.06721e-09,-3.06721e-09,0.0,0.0002
1.325,250.819,-250.814,-250.814,-250.811,1.01724e-07,-2.04555e-09,9.63538e-08,0.0,-3.06721e-09,-3.06721e-09,-3.06721e-09,0.0,0.0002
1.33,250.819,-250.814,-250.814,-250.811,1.01724e-07,-2.04555e-09,9.63538e-08,0.0,-3.06721e-09,-3.06721e-09,-3.06721e-09,0.0,0.0002
1.335,250.819,-250.814,-250.814,-250.811,1.01724e-07,-2.04555e-09,9.63538e-08,0.0,-3.06721e-09,-3.06721e-09,-3.06721e-09,0.0,0.0002
1.34,250.819,-250.814,-250.814,-250.811,1.01724e-07,-2.04555e-09,9.63538e-08,0.0,-3.06721e-09,-3.06721e-09,-3.06721e-09,0.0,0.0002
1.345,250.819,-250.814,-250.814,-250.811,1.01724e-07,-2.04555e-09,9.63538e-08,0.0,-3.06721e-09,-3.06721e-09,-3.06721e-09,0.0,0.0002
1.35,250.819,-250.814,-250.814,-250.811,1.01724e-07,-2.04555e-09,9.63538e-08,0.0,-3.06721e-09,-3.06721e-09,-3.06721e-09,0.0,0.0002
1.355,250.819,-250.814,-250.814,-250.811,1.01724e-07,-2.04555e-09,9.63538e-08,0.0,-3.06721e-09,-3.06721e-09,-3.06721e-09,0.0,0.0002
1.36,250.819,-250.814,-250.814,-250.811,1.01724e-07,-2.04555e-09,9.63538e-08,0.0,-3.06721e-09,-3.06721e-09,-3.06721e-09,0.0,0.0002
1.365,250.819,-250.814,-250.814,-250.811,1.01724e-07,-2.04555e-09,9.63538e-08,0.0,-3.06721e-09,-3.06721e-09,-3.06721e-09,0.0,0.0002
1.37,250.819,-250.814,-250.814,-250.811,1.01724e-07,-2.04555e-09,9.63538e-08,0.0,-3.06721e-09,-3.06721e-09,-3.06721e-09,0.0,0.0002
1.375,250.819,-250.814,-250.814,-250.811,1.01724e-07,-2.04555e-09,9.63538e-08,0.0,-3.06721e-09,-3.06721e-09,-3.06721e-09,0.0,0.0002
1.38,250.819,-250.814,-250.814,-250.811,1.01724e-07,-2.04555e-09,9.63538e-08,0.0,-3.06721e-09,-3.06721e-09,-3.06721e-09,0.0,0.0002
1.385,250.819,-250.814,-250.814,-250.811,1.01724e-07,-2.04555e-09,9.63538e-08,0.0,-3.06721e-09,-3.06721e-09,-3.06721e-09,0.0,0.0002
1.39,250.819,-250.814,-250.814,-250.811,1.01724e-07,-2.04555e-09,9.63538e-08,0.0,-3.06721e-09,-3.06721e-09,-3.06721e-09,0.0,0.0002
1.395,250.819,-250.814,-250.814,-250.811,1.01724e-07,-2.04555e-09,9.63538e-08,0.0,-3.06721e-09,-3.06721e-09,-3.06721e-09,0.0,0.0002
1.4,250.819,-250.814,-250.814,-250.811,1.01724e-07,-2.04555e-09,9.63538e-08,0.0,-3.06721e-09,-3.06721e-09,-3.06721e-09,0.0,0.0002
1.405,250.819,-250.814,-250.814,-250.811,1.01724e-07,-2.04555e-09,9.63538e-08,0.0,-3.06721e-09,-3.06721e-09,-3.06721e-09,0.0,0.0002
1.41,250.819,-250.814,-250.814,-250.811,1.01724e-07,-2.04555e-09,9.63538e-08,0.0,-3.06721e-09,-3.06721e-09,-3.06721e-09,0.0,0.0002
1.415,250.819,-250.814,-250.814,-250.811,1.01724e-07,-2.04555e-09,9.63538e-08,0.0,-3.06721e-09,-3.06721e-09,-3.06721e-09,0.0,0.0002
1.42,250.819,-250.814,-250.814,-250.811,1.01724e-07,-2.04555e-09,9.63538e-08,0.0,-3.06721e-09,-3.06721e-09,-3.06721e-09,0.0,0.0002
1.425,250.819,-250.814,-250.814,-250.811,1.01724e-07,-2.04555e-09,9.63538e-08,0.0,-3.06721e-09,-3.06721e-09,-3.06721e-09,0.0,0.0002
1.43,250.819,-250.814,-250.814,-250.811,1.01724e-07,-2.04555e-09,9.63538e-08,0.0,-3.06721e-09,-3.06721e-09,-3.06721e-09,0.0,0.0002
1.435,250.819,-250.814,-250.814,-250.811,1.01724e-07,-2.04555e-09,9.63538e-08,0.0,-3.06721e-09,-3.06721e-09,-3.06721e-09,0.0,0.0002
1.44,250.819,-250.814,-250.814,-250.811,1.01724e-07,-2.04555e-09,9.63538e-08,0.0,-3.06721e-09,-3.06721e-09,-3.06721e-09,0.0,0.0002
1.445,250.819,-250.814,-250.814,-250.811,1.01724e-07,-2.04555e-09,9.63538e-08,0.0,-3.06721e-09,-3.06721e-09,-3.06721e-09,0.0,0.0002
1.45,250.819,-250.814,-250.814,-250.811,1.01724e-07,-2.04555e-09,9.63538e-08,0.0,-3.06721e-09,-3.06721e-09,-3.06721e-09,0.0,0.0002
1.455,250.819,-250.814,-250.814,-250.811,1.01724e-07,-2.04555e-09,9.63538e-08,0.0,-3.06721e-09,-3.06721e-09,-3.06721e-09,0.0,0.0002
1.46,250.819,-250.814,-250.814,-250.811,1.01724e-07,-2.04555e-09,9.63538e-08,0.0,-3.06721e-09,-3.06721e-09,-3.06721e-09,0.0,0.0002
1.465,250.819,-250.814,-250.814,-250.811,1.01724e-07,-2.04555e-09,9.63538e-08,0.0,-3.06721e-09,-3.06721e-09,-3.06721e-09,0.0,0.0002
1.47,250.819,-250.814,-250.814,-250.811,1.01724e-07,-2.04555e-09,9.63538e-08,0.0,-3.06721e-09,-3.06721e-09,-3.06721e-09,0.0,0.0002
1.475,250.819,-250.814,-250.814,-250.811,1.01724e-07,-2.04555e-09,9.63538e-08,0.0,-3.06721e-09,-3.06721e-09,-3.06721e-09,0.0,0.0002
1.48,250.819,-250.814,-250.814,-250.811,1.01724e-07,-2.04555e-09,9.63538e-08,0.0,-3.06721e-09,-3.06721e-09,-3.06721e-09,0.0,0.0002
1.485,250.819,-250.814,-250.814,-250.811,1.01724e-07,-2.04555e-09,9.63538e-08,0.0,-3.06721e-09,-3.06721e-09,-3.06721e-09,0.0,0.0002
1.49,250.819,-250.814,-250.814,-250.811,1.01724e-07,-2.04555e-09,9.63538e-08,0.0,-3.06721e-09,-3.06721e-09,-3.06721e-09,0.0,0.0002
1.495,250.819,-250.814,-250.814,-250.811,1.01724e-07,-2.04555e-09,9.63538e-08,0.0,-3.06721e-09,-3.06721e-09,-3.06721e-09,0.0,0.0002
1.5,250.819,-250.814,-250.814,-250.811,1.01724e-07,-2.04555e-09,9.63538e-08,0.0,-3.06721e-09,-3.06721e-09,-3.06721e-09,0.0,0.0002
1.505,250.819,-250.814,-250.814,-250.811,1.01724e-07,-2.04555e-09,9.63538e-08,0.0,-3.06721e-09,-3.06721e-09,-3.06721e-09,0.0,0.0002
1.51,250.819,-250.814,-250.814,-250.811,1.01724e-07,-2.04555e-09,9.63538e-08,0.0,-3.06721e-09,-3.06721e-09,-3.06721e-09,0.0,0.0002
1.515,250.819,-250.814,-250.814,-250.811,1.01724e-07,-2.04555e-09,9.63538e-08,0.0,-3.06721e-09,-3.06721e-09,-3.06721e-09,0.0,0.0002
1.52,250.819,-250.814,-250.814,-250.811,1.01724e-07,-2.04555e-09,9.63538e-08,0.0,-3.06721e-09,-3.06721e-09,-3.06721e-09,0.0,0.0002
1.525,250.819,-250.814,-250.814,-250.811,1.01724e-07,-2.04555e-09,9.63538e-08,0.0,-3.06721e-09,-3.06721e-09,-3.06721e-09,0.0,0.0002
1.53,250.819,-250.814,-250.814,-250.811,1.01724e-07,-2.04555e-09,9.63538e-08,0.0,-3.06721e-09,-3.06721e-09,-3.06721e-09,0.0,0.0002
1.535,250.819,-250.814,-250.814,-250.811,1.01724e-07,-2.04555e-09,9.63538e-08,0.0,-3.06721e-09,-3.06721e-09,-3.06721e-09,0.0,0.0002
1.54,250.819,-250.814,-250.814,-250.811,1.01724e-07,-2.04555e-09,9.63538e-08,0.0,-3.06721e-09,-3.06721e-09,-3.06721e-09,0.0,0.0002
1.545,250.819,-250.814,-250.814,-250.811,1.01724e-07,-2.04555e-09,9.63538e-08,0.0,-3.06721e-09,-3.06721e-09,-3.06721e-09,0.0,0.0002
1.55,250.819,-250.814,-250.814,-250.811,1.01724e-07,-2.04555e-09,9.63538e-08,0.0,-3.06721e-09,-3.06721e-09,-3.06721e-09,0.0,0.0002
1.555,250.819,-250.814,-250.814,-250.811,1.01724e-07,-2.04555e-09,9.63538e-08,0.0,-3.06721e-09,-3.06721e-09,-3.06721e-09,0.0,0.0002
1.56,250.819,-250.814,-250.814,-250.811,1.01724e-07,-2.04555e-09,9.63538e-08,0.0,-3.06721e-09,-3.06721e-09,-3.06721e-09,0.0,0.0002
1.565,250.819,-250.814,-250.814,-250.811,1.01724e-07,-2.04555e-09,9.63538e-08,0.0,-3.06721e-09,-3.06721e-09,-3.06721e-09,0.0,0.0002
1.57,250.819,-250.814,-250.814,-250.811,1.01724e-07,-2.04555e-09,9.63538e-08,0.0,-3.06721e-09,-3.06721e-09,-3.06721e-09,0.0,0.0002
1.575,250.819,-250.814,-250.814,-250.811,1.01724e-07,-2.04555e-09,9.63538e-08,0.0,-3.06721e-09,-3.06721e-09,-3.06721e-09,0.0,0.0002
1.58,250.819,-250.814,-250.814,-250.811,1.01724e-07,-2.04555e-09,9.63538e-08,0.0,-3.06721e-09,-3.06721e-09,-3.06721e-09,0.0,0.0002
1.585,250.819,-250.814,-250.814,-250.811,1.01724e-07,-2.04555e-09,9.63538e-08,0.0,-3.06721e-09,-3.06721e-09,-3.06721e-09,0.0,0.0002
1.59,250.819,-250.814,-250.814,-250.811,1.01724e-07,-2.04555e-09,9.63538e-08,0.0,-3.06721e-09,-3.06721e-09,-3.06721e-09,0.0,0.0002
1.595,250.819,-250.814,-250.814,-250.811,1.01724e-07,-2.04555e-09,9.63538e-08,0.0,-3.06721e-09,-3.06721e-09,-3.06721e-09,0.0,0.0002
1.6,250.819,-250.814,-250.814,-250.811,1.01724e-07,-2.04555e-09,9.63538e-08,0.0,-3.06721e-09,-3.06721e-09,-3.06721e-09,0.0,0.0002
1.605,250.819,-250.814,-250.814,-250.811,1.01724e-07,-2.04555e-09,9.63538e-08,0.0,-3.06721e-09,-3.06721e-09,-3.06721e-09,0.0,0.0002
1.61,250.819,-250.814,-250.814,-250.811,1.01724e-07,-2.04555e-09,9.63538e-08,0.0,-3.06721e-09,-3.06721e-09,-3.06721e-09,0.0,0.0002
1.615,250.819,-250.814,-250.814,-250.811,1.01724e-07,-2.04555e-09,9.63538e-08,0.0,-3.06721e-09,-3.06721e-09,-3.06721e-09,0.0,0.0002
1.62,250.819,-250.814,-250.814,-250.811,1.01724e-07,-2.04555e-09,9.63538e-08,0.0,-3.06721e-09,-3.06721e-09,-3.06721e-09,0.0,0.0002
1.625,250.819,-250.814,-250.814,-250.811,1.01724e-07,-2.04555e-09,9.63538e-08,0.0,-3.06721e-09,-3.06721e-09,-3.06721e-09,0.0,0.0002
1.63,250.819,-250.814,-250.814,-250.811,1.01724e-07,-2.04555e-09,9.63538e-08,0.0,-3.06721e-09,-3.06721e-09,-3.06721e-09,0.0,0.0002
1.635,250.819,-250.814,-250.814,-250.811,1.01724e-07,-2.04555e-09,9.63538e-08,0.0,-3.06721e-09,-3.06721e-09,-3.06721e-09,0.0,0.0002
1.64,250.819,-250.814,-250.814,-250.811,1.01724e-07,-2.04555e-09,9.63538e-08,0.0,-3.06721e-09,-3.06721e-09,-3.06721e-09,0.0,0.0002
1.645,250.819,-250.814,-250.814,-250.811,1.01724e-07,-2.04555e-09,9.63538e-08,0.0,-3.06721e-09,-3.06721e-09,-3.06721e-09,0.0,0.0002
1.65,250.819,-250.814,-250.814,-250.811,1.01724e-07,-2.04555e-09,9.63538e-08,0.0,-3.06721e-09,-3.06721e-09,-3.06721e-09,0.0,0.0002
1.655,250.819,-250.814,-250.814,-250.811,1.01724e-07,-2.04555e-09,9.63538e-08,0.0,-3.06721e-09,-3.06721e-09,-3.06721e-09,0.0,0.0002
1.66,250.819,-250.814,-250.814,-250.811,1.01724e-07,-2.04555e-09,9.63538e-08,0.0,-3.06721e-09,-3.06721e-09,-3.06721e-09,0.0,0.0002
1.665,250.819,-250.814,-250.814,-250.811,1.01724e-07,-2.04555e-09,9.63538e-08,0.0,-3.06721e-09,-3.06721e-09,-3.06721e-09,0.0,0.0002
1.67,250.819,-250.814,-250.814,-250.811,1.01724e-07,-2.04555e-09,9.63538e-08,0.0,-3.06721e-09,-3.06721e-09,-3.06721e-09,0.0,0.0002
1.675,250.819,-250.814,-250.814,-250.811,1.01724e-07,-2.04555e-09,9.63538e-08,0.0,-3.06721e-09,-3.06721e-09,-3.06721e-09,0.0,0.0002
1.68,250.819,-250.814,-250.814,-250.811,1.01724e-07,-2.04555e-09,9.63538e-08,0.0,-3.06721e-09,-3.06721e-09,-3.06721e-09,0.0,0.0002
1.685,250.819,-250.814,-250.814,-250.811,1.01724e-07,-2.04555e-09,9.63538e-08,0.0,-3.06721e-09,-3.06721e-09,-3.06721e-09,0.0,0.0002
1.69,250.819,-250.814,-250.814,-250.811,1.01724e-07,-2.04555e-09,9.63538e-08,0.0,-3.06721e-09,-3.06721e-09,-3.06721e-09,0.0,0.0002
1.695,250.819,-250.814,-250.814,-250.811,1.01724e-07,-2.04555e-09,9.63538e-08,0.0,-3.06721e-09,-3.06721e-09,-3.06721e-09,0.0,0.0002
1.7,250.819,-250.814,-250.814,-250.811,1.01724e-07,-2.04555e-09,9.63538e-08,0.0,-3.06721e-09,-3.06721e-09,-3.06721e-09,0.0,0.0002
1.705,250.819,-250.814,-250.814,-250.811,1.01724e-07,-2.04555e-09,9.63538e-08,0.0,-3.06721e-09,-3.06721e-09,-3.06721e-09,0.0,0.0002
1.71,250.819,-250.814,-250.814,-250.811,1.01724e-07,-2.04555e-09,9.63538e-08,0.0,-3.06721e-09,-3.06721e-09,-3.06721e-09,0.0,0.0002
1.715,250.819,-250.814,-250.814,-250.811,1.01724e-07,-2.04555e-09,9.63538e-08,0.0,-3.06721e-09,-3.06721e-09,-3.06721e-09,0.0,0.0002
1.72,250.819,-250.814,-250.814,-250.811,1.01724e-07,-2.04555e-09,9.63538e-08,0.0,-3.06721e-09,-3.06721e-09,-3.06721e-09,0.0,0.0002
1.725,250.819,-250.814,-250.814,-250.811,1.01724e-07,-2.04555e-09,9.63538e-08,0.0,-3.06721e-09,-3.06721e-09,-3.06721e-09,0.0,0.0002
1.73,250.819,-250.814,-250.814,-250.811,1.01724e-07,-2.04555e-09,9.63538e-08,0.0,-3.06721e-09,-3.06721e-09,-3.06721e-09,0.0,0.0002
1.735,250.819,-250.814,-250.814,-250.811,1.01724e-07,-2.04555e-09,9.63538e-08,0.0,-3.06721e-09,-3.06721e-09,-3.06721e-09,0.0,0.0002
1.74,250.819,-250.814,-250.814,-250.811,1.01724e-07,-2.04555e-09,9.63538e-08,0.0,-3.06721e-09,-3.06721e-09,-3.06721e-09,0.0,0.0002
1.745,250.819,-250.814,-250.814,-250.811,1.01724e-07,-2.04555e-09,9.63538e-08,0.0,-3.06721e-09,-3.06721e-09,-3.06721e-09,0.0,0.0002
1.75,250.819,-250.814,-250.814,-250.811,1.01724e-07,-2.04555e-09,9.63538e-08,0.0,-3.06721e-09,-3.06721e-09,-3.06721e-09,0.0,0.0002
1.755,250.819,-250.814,-250.814,-250.811,1.01724e-07,-2.04555e-09,9.63538e-08,0.0,-3.06721e-09,-3.06721e-09,-3.06721e-09,0.0,0.0002
1.76,250.819,-250.814,-250.814,-250.811,1.01724e-07,-2.04555e-09,9.63538e-08,0.0,-3.06721e-09,-3.06721e-09,-3.06721e-09,0.0,0.0002
1.765,250.819,-250.814,-250.814,-250.811,1.01724e-07,-2.04555e-09,9.63538e-08,0.0,-3.06721e-09,-3.06721e-09,-3.06721e-09,0.0,0.0002
1.77,250.819,-250.814,-250.814,-250.811,1.01724e-07,-2.04555e-09,9.63538e-08,0.0,-3.06721e-09,-3.06721e-09,-3.06721e-09,0.0,0.0002
1.775,250.819,-250.814,-250.814,-250.811,1.01724e-07,-2.04555e-09,9.63538e-08,0.0,-3.06721e-09,-3.06721e-09,-3.06721e-09,0.0,0.0002
1.78,250.819,-250.814,-250.814,-250.811,1.01724e-07,-2.04555e-09,9.63538e-08,0.0,-3.06721e-09,-3.06721e-09,-3.06721e-09,0.0,0.0002
1.785,250.819,-250.814,-250.814,-250.811,1.01724e-07,-2.04555e-09,9.63538e-08,0.0,-3.06721e-09,-3.06721e-09,-3.06721e-09,0.0,0.0002
1.79,250.819,-250.814,-250.814,-250.811,1.01724e-07,-2.04555e-09,9.63538e-08,0.0,-3.06721e-09,-3.06721e-09,-3.06721e-09,0.0,0.0002
1.795,250.819,-250.814,-250.814,-250.811,1.01724e-07,-2.04555e-09,9.63538e-08,0.0,-3.06721e-09,-3.06721e-09,-3.06721e-09,0.0,0.0002
1.8,250.819,-250.814,-250.814,-250.811,1.01724e-07,-2.04555e-09,9.63538e-08,0.0,-3.06721e-09,-3.06721e-09,-3.06721e-09,0.0,0.0002
1.805,250.819,-250.814,-250.814,-250.811,1.01724e-07,-2.04555e-09,9.63538e-08,0.0,-3.06721e-09,-3.06721e-09,-3.06721e-09,0.0,0.0002
1.81,250.819,-250.814,-250.814,-250.811,1.01724e-07,-2.04555e-09,9.63538e-08,0.0,-3.06721e-09,-3.06721e-09,-3.06721e-09,0.0,0.0002
1.815,250.819,-250.814,-250.814,-250.811,1.01724e-07,-2.04555e-09,9.63538e-08,0.0,-3.06721e-09,-3.06721e-09,-3.06721e-09,0.0,0.0002
1.82,250.819,-250.814,-250.814,-250.811,1.01724e-07,-2.04555e-09,9.63538e-08,0.0,-3.06721e-09,-3.06721e-09,-3.06721e-09,0.0,0.0002
1.825,250.819,-250.814,-250.814,-250.811,1.01724e-07,-2.04555e-09,9.63538e-08,0.0,-3.06721e-09,-3.06721e-09,-3.06721e-09,0.0,0.0002
1.83,250.819,-250.814,-250.814,-250.811,1.01724e-07,-2.04555e-09,9.63538e-08,0.0,-3.06721e-09,-3.06721e-09,-3.06721e-09,0.0,0.0002
1.835,250.819,-250.814,-250.814,-250.811,1.01724e-07,-2.04555e-09,9.63538e-08,0.0,-3.06721e-09,-3.06721e-09,-3.06721e-09,0.0,0.0002
1.84,250.819,-250.814,-250.814,-250.811,1.01724e-07,-2.04555e-09,9.63538e-08,0.0,-3.06721e-09,-3.06721e-09,-3.06721e-09,0.0,0.0002
1.845,250.819,-250.814,-250.814,-250.811,1.01724e-07,-2.04555e-09,9.63538e-08,0.0,-3.06721e-09,-3.06721e-09,-3.06721e-09,0.0,0.0002
1.85,250.819,-250.814,-250.814,-250.811,1.01724e-07,-2.04555e-09,9.63538e-08,0.0,-3.06721e-09,-3.06721e-09,-3.06721e-09,0.0,0.0002
1.855,250.819,-250.814,-250.814,-250.811,1.01724e-07,-2.04555e-09,9.63538e-08,0.0,-3.06721e-09,-3.06721e-09,-3.06721e-09,0.0,0.0002
1.86,250.819,-250.814,-250.814,-250.811,1.01724e-07,-2.04555e-09,9.63538e-08,0.0,-3.06721e-09,-3.06721e-09,-3.06721e-09,0.0,0.0002
1.865,250.819,-250.814,-250.814,-250.811,1.01724e-07,-2.04555e-09,9.63538e-08,0.0,-3.06721e-09,-3.06721e-09,-3.06721e-09,0.0,0.0002
1.87,250.819,-250.814,-250.814,-250.811,1.01724e-07,-2.04555e-09,9.63538e-08,0.0,-3.06721e-09,-3.06721e-09,-3.06721e-09,0.0,0.0002
1.875,250.819,-250.814,-250.814,-250.811,1.01724e-07,-2.04555e-09,9.63538e-08,0.0,-3.06721e-09,-3.06721e-09,-3.06721e-09,0.0,0.0002
1.88,250.819,-250.814,-250.814,-250.811,1.01724e-07,-2.04555e-09,9.63538e-08,0.0,-3.06721e-09,-3.06721e-09,-3.06721e-09,0.0,0.0002
1.885,250.819,-250.814,-250.814,-250.811,1.01724e-07,-2.04555e-09,9.63538e-08,0.0,-3.06721e-09,-3.06721e-09,-3.06721e-09,0.0,0.0002
1.89,250.819,-250.814,-250.814,-250.811,1.01724e-07,-2.04555e-09,9.63538e-08,0.0,-3.06721e-09,-3.06721e-09,-3.06721e-09,0.0,0.0002
1.895,250.819,-250.814,-250.814,-250.811,1.01724e-07,-2.04555e-09,9.63538e-08,0.0,-3.06721e-09,-3.06721e-09,-3.06721e-09,0.0,0.0002
1.9,250.819,-250.814,-250.814,-250.811,1.01724e-07,-2.04555e-09,9.63538e-08,0.0,-3.06721e-09,-3.06721e-09,-3.06721e-09,0.0,0.0002
1.905,250.819,-250.814,-250.814,-250.811,1.01724e-07,-2.04555e-09,9.63538e-08,0.0,-3.06721e-09,-3.06721e-09,-3.06721e-09,0.0,0.0002
1.91,250.819,-250.814,-250.814,-250.811,1.01724e-07,-2.04555e-09,9.63538e-08,0.0,-3.06721e-09,-3.06721e-09,-3.06721e-09,0.0,0.0002
1.915,250.819,-250.814,-250.814,-250.811,1.01724e-07,-2.04555e-09,9.63538e-08,0.0,-3.06721e-09,-3.06721e-09,-3.06721e-09,0.0,0.0002
1.92,250.819,-250.814,-250.814,-250.811,1.01724e-07,-2.04555e-09,9.63538e-08,0.0,-3.06721e-09,-3.06721e-09,-3.06721e-09,0.0,0.0002
1.925,250.819,-250.814,-250.814,-250.811,1.01724e-07,-2.04555e-09,9.63538e-08,0.0,-3.06721e-09,-3.06721e-09,-3.06721e-09,0.0,0.0002
1.93,250.819,-250.814,-250.814,-250.811,1.01724e-07,-2.04555e-09,9.63538e-08,0.0,-3.06721e-09,-3.06721e-09,-3.06721e-09,0.0,0.0002
1.935,250.819,-250.814,-250.814,-250.811,1.01724e-07,-2.04555e-09,9.63538e-08,0.0,-3.06721e-09,-3.06721e-09,-3.06721e-09,0.0,0.0002
1.94,250.819,-250.814,-250.814,-250.811,1.01724e-07,-2.04555e-09,9.63538e-08,0.0,-3.06721e-09,-3.06721e-09,-3.06721e-09,0.0,0.0002
1.945,250.819,-250.814,-250.814,-250.811,1.01724e-07,-2.04555e-09,9.63538e-08,0.0,-3.06721e-09,-3.06721e-09,-3.06721e-09,0.0,0.0002
1.95,250.819,-250.814,-250.814,-250.811,1.01724e-07,-2.04555e-09,9.63538e-08,0.0,-3.06721e-09,-3.06721e-09,-3.06721e-09,0.0,0.0002
1.955,250.819,-250.814,-250.814,-250.811,1.01724e-07,-2.04555e-09,9.63538e-08,0.0,-3.06721e-09,-3.06721e-09,-3.06721e-09,0.0,0.0002
1.96,250.819,-250.814,-250.814,-250.811,1.01724e-07,-2.04555e-09,9.63538e-08,0.0,-3.06721e-09,-3.06721e-09,-3.06721e-09,0.0,0.0002
1.965,250.819,-250.814,-250.814,-250.811,1.01724e-07,-2.04555e-09,9.63538e-08,0.0,-3.06721e-09,-3.06721e-09,-3.06721e-09,0.0,0.0002
1.97,250.819,-250.814,-250.814,-250.811,1.01724e-07,-2.04555e-09,9.63538e-08,0.0,-3.06721e-09,-3.06721e-09,-3.06721e-09,0.0,0.0002
1.975,250.819,-250.814,-250.814,-250.811,1.01724e-07,-2.04555e-09,9.63538e-08,0.0,-3.06721e-09,-3.06721e-09,-3.06721e-09,0.0,0.0002
1.98,250.819,-250.814,-250.814,-250.811,1.01724e-07,-2.04555e-09,9.63538e-08,0.0,-3.06721e-09,-3.06721e-09,-3.06721e-09,0.0,0.0002
1.985,250.819,-250.814,-250.814,-250.811,1.01724e-07,-2.04555e-09,9.63538e-08,0.0,-3.06721e-09,-3.06721e-09,-3.06721e-09,0.0,0.0002
1.99,250.819,-250.814,-250.814,-250.811,1.01724e-07,-2.04555e-09,9.63538e-08,0.0,-3.06721e-09,-3.06721e-09,-3.06721e-09,0.0,0.0002
1.995,250.819,-250.814,-250.814,-250.811,1.01724e-07,-2.04555e-09,9.63538e-08,0.0,-3.06721e-09,-3.06721e-09,-3.06721e-09,0.0,0.0002
2.0,250.819,-250.814,-250.814,-250.811,1.01724e-07,-2.04555e-09,9.63538e-08,0.0,-3.06721e-09,-3.06721e-09,-3.06721e-09,0.0,0.0002
2.005,250.819,-250.814,-250.814,-250.811,1.01724e-07,-2.04555e-09,9.63538e-08,0.0,-3.06721e-09,-3.06721e-09,-3.06721e-09,0.0,0.0002
2.01,250.819,-250.814,-250.814,-250.811,1.01724e-07,-2.04555e-09,9.63538e-08,0.0,-3.06721e-09,-3.06721e-09,-3.06721e-09,0.0,0.0002
2.015,250.819,-250.814,-250.814,-250.811,1.01724e-07,-2.04555e-09,9.63538e-08,0.0,-3.06721e-09,-3.06721e-09,-3.06721e-09,0.0,0.0002
2.02,250.819,-250.814,-250.814,-250.811,1.01724e-07,-2.04555e-09,9.63538e-08,0.0,-3.06721e-09,-3.06721e-09,-3.06721e-09,0.0,0.0002
2.025,250.819,-250.814,-250.814,-250.811,1.01724e-07,-2.04555e-09,9.63538e-08,0.0,-3.06721e-09,-3.06721e-09,-3.06721e-09,0.0,0.0002
2.03,250.819,-250.814,-250.814,-250.811,1.01724e-07,-2.04555e-09,9.63538e-08,0.0,-3.06721e-09,-3.06721e-09,-3.06721e-09,0.0,0.0002
2.035,250.819,-250.814,-250.814,-250.811,1.01724e-07,-2.04555e-09,9.63538e-08,0.0,-3.06721e-09,-3.06721e-09,-3.06721e-09,0.0,0.0002
2.04,250.819,-250.814,-250.814,-250.811,1.01724e-07,-2.04555e-09,9.63538e-08,0.0,-3.06721e-09,-3.06721e-09,-3.06721e-09,0.0,0.0002
2.045,250.819,-250.814,-250.814,-250.811,1.01724e-07,-2.04555e-09,9.63538e-08,0.0,-3.06721e-09,-3.06721e-09,-3.06721e-09,0.0,0.0002
2.05,250.819,-250.814,-250.814,-250.811,1.01724e-07,-2.04555e-09,9.63538e-08,0.0,-3.06721e-09,-3.06721e-09,-3.06721e-09,0.0,0.0002
2.055,250.819,-250.814,-250.814,-250.811,1.01724e-07,-2.04555e-09,9.63538e-08,0.0,-3.06721e-09,-3.06721e-09,-3.06721e-09,0.0,0.0002
2.06,250.819,-250.814,-250.814,-250.811,1.01724e-07,-2.04555e-09,9.63538e-08,0.0,-3.06721e-09,-3.06721e-09,-3.06721e-09,0.0,0.0002
2.065,250.819,-250.814,-250.814,-250.811,1.01724e-07,-2.04555e-09,9.63538e-08,0.0,-3.06721e-09,-3.06721e-09,-3.06721e-09,0.0,0.0002
2.07,250.819,-250.814,-250.814,-250.811,1.01724e-07,-2.04555e-09,9.63538e-08,0.0,-3.06721e-09,-3.06721e-09,-3.06721e-09,0.0,0.0002
2.075,250.819,-250.814,-250.814,-250.811,1.01724e-07,-2.04555e-09,9.63538e-08,0.0,-3.06721e-09,-3.06721e-09,-3.06721e-09,0.0,0.0002
2.08,250.819,-250.814,-250.814,-250.811,1.01724e-07,-2.04555e-09,9.63538e-08,0.0,-3.06721e-09,-3.06721e-09,-3.06721e-09,0.0,0.0002
2.085,250.819,-250.814,-250.814,-250.811,1.01724e-07,-2.04555e-09,9.63538e-08,0.0,-3.06721e-09,-3.06721e-09,-3.06721e-09,0.0,0.0002
2.09,250.819,-250.814,-250.814,-250.811,1.01724e-07,-2.04555e-09,9.63538e-08,0.0,-3.06721e-09,-3.06721e-09,-3.06721e-09,0.0,0.0002
2.095,250.819,-250.814,-250.814,-250.811,1.01724e-07,-2.04555e-09,9.63538e-08,0.0,-3.06721e-09,-3.06721e-09,-3.06721e-09,0.0,0.0002
2.1,250.819,-250.814,-250.814,-250.811,1.01724e-07,-2.04555e-09,9.63538e-08,0.0,-3.06721e-09,-3.06721e-09,-3.06721e-09,0.0,0.0002
2.105,250.819,-250.814,-250.814,-250.811,1.01724e-07,-2.04555e-09,9.63538e-08,0.0,-3.06721e-09,-3.06721e-09,-3.06721e-09,0.0,0.0002
2.11,250.819,-250.814,-250.814,-250.811,1.01724e-07,-2.04555e-09,9.63538e-08,0.0,-3.06721e-09,-3.06721e-09,-3.06721e-09,0.0,0.0002
2.115,250.819,-250.814,-250.814,-250.811,1.01724e-07,-2.04555e-09,9.63538e-08,0.0,-3.06721e-09,-3.06721e-09,-3.06721e-09,0.0,0.0002
2.12,250.819,-250.814,-250.814,-250.811,1.01724e-07,-2.04555e-09,9.63538e-08,0.0,-3.06721e-09,-3.06721e-09,-3.06721e-09,0.0,0.0002
2.125,250.819,-250.814,-250.814,-250.811,1.01724e-07,-2.04555e-09,9.63538e-08,0.0,-3.06721e-09,-3.06721e-09,-3.06721e-09,0.0,0.0002
2.13,250.819,-250.814,-250.814,-250.811,1.01724e-07,-2.04555e-09,9.63538e-08,0.0,-3.06721e-09,-3.06721e-09,-3.06721e-09,0.0,0.0002
2.135,250.819,-250.814,-250.814,-250.811,1.01724e-07,-2.04555e-09,9.63538e-08,0.0,-3.06721e-09,-3.06721e-09,-3.06721e-09,0.0,0.0002
2.14,250.819,-250.814,-250.814,-250.811,1.01724e-07,-2.04555e-09,9.63538e-08,0.0,-3.06721e-09,-3.06721e-09,-3.06721e-09,0.0,0.0002
2.145,250.819,-250.814,-250.814,-250.811,1.01724e-07,-2.04555e-09,9.63538e-08,0.0,-3.06721e-09,-3.06721e-09,-3.06721e-09,0.0,0.0002
2.15,250.819,-250.814,-250.814,-250.811,1.01724e-07,-2.04555e-09,9.63538e-08,0.0,-3.06721e-09,-3.06721e-09,-3.06721e-09,0.0,0.0002
2.155,250.819,-250.814,-250.814,-250.811,1.01724e-07,-2.04555e-09,9.63538e-08,0.0,-3.06721e-09,-3.06721e-09,-3.06721e-09,0.0,0.0002
2.16,250.819,-250.814,-250.814,-250.811,1.01724e-07,-2.04555e-09,9.63538e-08,0.0,-3.06721e-09,-3.06721e-09,-3.06721e-09,0.0,0.0002
2.165,250.819,-250.814,-250.814,-250.811,1.01724e-07,-2.04555e-09,9.63538e-08,0.0,-3.06721e-09,-3.06721e-09,-3.06721e-09,0.0,0.0002
2.17,250.819,-250.814,-250.814,-250.811,1.01724e-07,-2.04555e-09,9.63538e-08,0.0,-3.06721e-09,-3.06721e-09,-3.06721e-09,0.0,0.0002
2.175,250.819,-250.814,-250.814,-250.811,1.01724e-07,-2.04555e-09,9.63538e-08,0.0,-3.06721e-09,-3.06721e-09,-3.06721e-09,0.0,0.0002
2.18,250.819,-250.814,-250.814,-250.811,1.01724e-07,-2.04555e-09,9.63538e-08,0.0,-3.06721e-09,-3.06721e-09,-3.06721e-09,0.0,0.0002
2.185,250.819,-250.814,-250.814,-250.811,1.01724e-07,-2.04555e-09,9.63538e-08,0.0,-3.06721e-09,-3.06721e-09,-3.06721e-09,0.0,0.0002
2.19,250.819,-250.814,-250.814,-250.811,1.01724e-07,-2.04555e-09,9.63538e-08,0.0,-3.06721e-09,-3.06721e-09,-3.06721e-09,0.0,0.0002
2.195,250.819,-250.814,-250.814,-250.811,1.01724e-07,-2.04555e-09,9.63538e-08,0.0,-3.06721e-09,-3.06721e-09,-3.06721e-09,0.0,0.0002
2.2,250.819,-250.814,-250.814,-250.811,1.01724e-07,-2.04555e-09,9.63538e-08,0.0,-3.06721e-09,-3.06721e-09,-3.06721e-09,0.0,0.0002
2.205,250.819,-250.814,-250.814,-250.811,1.01724e-07,-2.04555e-09,9.63538e-08,0.0,-3.06721e-09,-3.06721e-09,-3.06721e-09,0.0,0.0002
2.21,250.819,-250.814,-250.814,-250.811,1.01724e-07,-2.04555e-09,9.63538e-08,0.0,-3.06721e-09,-3.06721e-09,-3.06721e-09,0.0,0.0002
2.215,250.819,-250.814,-250.814,-250.811,1.01724e-07,-2.04555e-09,9.63538e-08,0.0,-3.06721e-09,-3.06721e-09,-3.06721e-09,0.0,0.0002
2.22,250.819,-250.814,-250.814,-250.811,1.01724e-07,-2.04555e-09,9.63538e-08,0.0,-3.06721e-09,-3.06721e-09,-3.06721e-09,0.0,0.0002
2.225,250.819,-250.814,-250.814,-250.811,1.01724e-07,-2.04555e-09,9.63538e-08,0.0,-3.06721e-09,-3.06721e-09,-3.06721e-09,0.0,0.0002
2.23,250.819,-250.814,-250.814,-250.811,1.01724e-07,-2.04555e-09,9.63538e-08,0.0,-3.06721e-09,-3.06721e-09,-3.06721e-09,0.0,0.0002
2.235,250.819,-250.814,-250.814,-250.811,1.01724e-07,-2.04555e-09,9.63538e-08,0.0,-3.06721e-09,-3.06721e-09,-3.06721e-09,0.0,0.0002
2.24,250.819,-250.814,-250.814,-250.811,1.01724e-07,-2.04555e-09,9.63538e-08,0.0,-3.06721e-09,-3.06721e-09,-3.06721e-09,0.0,0.0002
2.245,250.819,-250.814,-250.814,-250.811,1.01724e-07,-2.04555e-09,9.63538e-08,0.0,-3.06721e-09,-3.06721e-09,-3.06721e-09,0.0,0.0002
2.25,250.819,-250.814,-250.814,-250.811,1.01724e-07,-2.04555e-09,9.63538e-08,0.0,-3.06721e-09,-3.06721e-09,-3.06721e-09,0.0,0.0002
2.255,250.819,-250.814,-250.814,-250.811,1.01724e-07,-2.04555e-09,9.63538e-08,0.0,-3.06721e-09,-3.06721e-09,-3.06721e-09,0.0,0.0002
2.26,250.819,-250.814,-250.814,-250.811,1.01724e-07,-2.04555e-09,9.63538e-08,0.0,-3.06721e-09,-3.06721e-09,-3.06721e-09,0.0,0.0002
2.265,250.819,-250.814,-250.814,-250.811,1.01724e-07,-2.04555e-09,9.63538e-08,0.0,-3.06721e-09,-3.06721e-09,-3.06721e-09,0.0,0.0002
2.27,250.819,-250.814,-250.814,-250.811,1.01724e-07,-2.04555e-09,9.63538e-08,0.0,-3.06721e-09,-3.06721e-09,-3.06721e-09,0.0,0.0002
2.275,250.819,-250.814,-250.814,-250.811,1.01724e-07,-2.04555e-09,9.63538e-08,0.0,-3.06721e-09,-3.06721e-09,-3.06721e-09,0.0,0.0002
2.28,250.819,-250.814,-250.814,-250.811,1.01724e-07,-2.04555e-09,9.63538e-08,0.0,-3.06721e-09,-3.06721e-09,-3.06721e-09,0.0,0.0002
2.285,250.819,-250.814,-250.814,-250.811,1.01724e-07,-2.04555e-09,9.63538e-08,0.0,-3.06721e-09,-3.06721e-09,-3.06721e-09,0.0,0.0002
2.29,250.819,-250.814,-250.814,-250.811,1.01724e-07,-2.04555e-09,9.63538e-08,0.0,-3.06721e-09,-3.06721e-09,-3.06721e-09,0.0,0.0002
2.295,250.819,-250.814,-250.814,-250.811,1.01724e-07,-2.04555e-09,9.63538e-08,0.0,-3.06721e-09,-3.06721e-09,-3.06721e-09,0.0,0.0002
2.3,250.819,-250.814,-250.814,-250.811,1.01724e-07,-2.04555e-09,9.63538e-08,0.0,-3.06721e-09,-3.06721e-09,-3.06721e-09,0.0,0.0002
2.305,250.819,-250.814,-250.814,-250.811,1.01724e-07,-2.04555e-09,9.63538e-08,0.0,-3.06721e-09,-3.06721e-09,-3.06721e-09,0.0,0.0002
2.31,250.819,-250.814,-250.814,-250.811,1.01724e-07,-2.04555e-09,9.63538e-08,0.0,-3.06721e-09,-3.06721e-09,-3.06721e-09,0.0,0.0002
2.315,250.819,-250.814,-250.814,-250.811,1.01724e-07,-2.04555e-09,9.63538e-08,0.0,-3.06721e-09,-3.06721e-09,-3.06721e-09,0.0,0.0002
2.32,250.819,-250.814,-250.814,-250.811,1.01724e-07,-2.04555e-09,9.63538e-08,0.0,-3.06721e-09,-3.06721e-09,-3.06721e-09,0.0,0.0002
2.325,250.819,-250.814,-250.814,-250.811,1.01724e-07,-2.04555e-09,9.63538e-08,0.0,-3.06721e-09,-3.06721e-09,-3.06721e-09,0.0,0.0002
2.33,250.819,-250.814,-250.814,-250.811,1.01724e-07,-2.04555e-09,9.63538e-08,0.0,-3.06721e-09,-3.06721e-09,-3.06721e-09,0.0,0.0002
2.335,250.819,-250.814,-250.814,-250.811,1.01724e-07,-2.04555e-09,9.63538e-08,0.0,-3.06721e-09,-3.06721e-09,-3.06721e-09,0.0,0.0002
2.34,250.819,-250.814,-250.814,-250.811,1.01724e-07,-2.04555e-09,9.63538e-08,0.0,-3.06721e-09,-3.06721e-09,-3.06721e-09,0.0,0.0002
2.345,250.819,-250.814,-250.814,-250.811,1.01724e-07,-2.04555e-09,9.63538e-08,0.0,-3.06721e-09,-3.06721e-09,-3.06721e-09,0.0,0.0002
2.35,250.819,-250.814,-250.814,-250.811,1.01724e-07,-2.04555e-09,9.63538e-08,0.0,-3.06721e-09,-3.06721e-09,-3.06721e-09,0.0,0.0002
2.355,250.819,-250.814,-250.814,-250.811,1.01724e-07,-2.04555e-09,9.63538e-08,0.0,-3.06721e-09,-3.06721e-09,-3.06721e-09,0.0,0.0002
2.36,250.819,-250.814,-250.814,-250.811,1.01724e-07,-2.04555e-09,9.63538e-08,0.0,-3.06721e-09,-3.06721e-09,-3.06721e-09,0.0,0.0002
2.365,250.819,-250.814,-250.814,-250.811,1.01724e-07,-2.04555e-09,9.63538e-08,0.0,-3.06721e-09,-3.06721e-09,-3.06721e-09,0.0,0.0002
2.37,250.819,-250.814,-250.814,-250.811,1.01724e-07,-2.04555e-09,9.63538e-08,0.0,-3.06721e-09,-3.06721e-09,-3.06721e-09,0.0,0.0002
2.375,250.819,-250.814,-250.814,-250.811,1.01724e-07,-2.04555e-09,9.63538e-08,0.0,-3.06721e-09,-3.06721e-09,-3.06721e-09,0.0,0.0002
2.38,250.819,-250.814,-250.814,-250.811,1.01724e-07,-2.04555e-09,9.63538e-08,0.0,-3.06721e-09,-3.06721e-09,-3.06721e-09,0.0,0.0002
2.385,250.819,-250.814,-250.814,-250.811,1.01724e-07,-2.04555e-09,9.63538e-08,0.0,-3.06721e-09,-3.06721e-09,-3.06721e-09,0.0,0.0002
2.39,250.819,-250.814,-250.814,-250.811,1.01724e-07,-2.04555e-09,9.63538e-08,0.0,-3.06721e-09,-3.06721e-09,-3.06721e-09,0.0,0.0002
2.395,250.819,-250.814,-250.814,-250.811,1.01724e-07,-2.04555e-09,9.63538e-08,0.0,-3.06721e-09,-3.06721e-09,-3.06721e-09,0.0,0.0002
2.4,250.819,-250.814,-250.814,-250.811,1.01724e-07,-2.04555e-09,9.63538e-08,0.0,-3.06721e-09,-3.06721e-09,-3.06721e-09,0.0,0.0002
2.405,250.819,-250.814,-250.814,-250.811,1.01724e-07,-2.04555e-09,9.63538e-08,0.0,-3.06721e-09,-3.06721e-09,-3.06721e-09,0.0,0.0002
2.41,250.819,-250.814,-250.814,-250.811,1.01724e-07,-2.04555e-09,9.63538e-08,0.0,-3.06721e-09,-3.06721e-09,-3.06721e-09,0.0,0.0002
2.415,250.819,-250.814,-250.814,-250.811,1.01724e-07,-2.04555e-09,9.63538e-08,0.0,-3.06721e-09,-3.06721e-09,-3.06721e-09,0.0,0.0002
2.42,250.819,-250.814,-250.814,-250.811,1.01724e-07,-2.04555e-09,9.63538e-08,0.0,-3.06721e-09,-3.06721e-09,-3.06721e-09,0.0,0.0002
2.425,250.819,-250.814,-250.814,-250.811,1.01724e-07,-2.04555e-09,9.63538e-08,0.0,-3.06721e-09,-3.06721e-09,-3.06721e-09,0.0,0.0002
2.43,250.819,-250.814,-250.814,-250.811,1.01724e-07,-2.04555e-09,9.63538e-08,0.0,-3.06721e-09,-3.06721e-09,-3.06721e-09,0.0,0.0002
2.435,250.819,-250.814,-250.814,-250.811,1.01724e-07,-2.04555e-09,9.63538e-08,0.0,-3.06721e-09,-3.06721e-09,-3.06721e-09,0.0,0.0002
2.44,250.819,-250.814,-250.814,-250.811,1.01724e-07,-2.04555e-09,9.63538e-08,0.0,-3.06721e-09,-3.06721e-09,-3.06721e-09,0.0,0.0002
2.445,250.819,-250.814,-250.814,-250.811,1.01724e-07,-2.04555e-09,9.63538e-08,0.0,-3.06721e-09,-3.06721e-09,-3.06721e-09,0.0,0.0002
2.45,250.819,-250.814,-250.814,-250.811,1.01724e-07,-2.04555e-09,9.63538e-08,0.0,-3.06721e-09,-3.06721e-09,-3.06721e-09,0.0,0.0002
2.455,250.819,-250.814,-250.814,-250.811,1.01724e-07,-2.04555e-09,9.63538e-08,0.0,-3.06721e-09,-3.06721e-09,-3.06721e-09,0.0,0.0002
2.46,250.819,-250.814,-250.814,-250.811,1.01724e-07,-2.04555e-09,9.63538e-08,0.0,-3.06721e-09,-3.06721e-09,-3.06721e-09,0.0,0.0002
2.465,250.819,-250.814,-250.814,-250.811,1.01724e-07,-2.04555e-09,9.63538e-08,0.0,-3.06721e-09,-3.06721e-09,-3.06721e-09,0.0,0.0002
2.47,250.819,-250.814,-250.814,-250.811,1.01724e-07,-2.04555e-09,9.63538e-08,0.0,-3.06721e-09,-3.06721e-09,-3.06721e-09,0.0,0.0002
2.475,250.819,-250.814,-250.814,-250.811,1.01724e-07,-2.04555e-09,9.63538e-08,0.0,-3.06721e-09,-3.06721e-09,-3.06721e-09,0.0,0.0002
2.48,250.819,-250.814,-250.814,-250.811,1.01724e-07,-2.04555e-09,9.63538e-08,0.0,-3.06721e-09,-3.06721e-09,-3.06721e-09,0.0,0.0002
2.485,250.819,-250.814,-250.814,-250.811,1.01724e-07,-2.04555e-09,9.63538e-08,0.0,-3.06721e-09,-3.06721e-09,-3.06721e-09,0.0,0.0002
2.49,250.819,-250.814,-250.814,-250.811,1.01724e-07,-2.04555e-09,9.63538e-08,0.0,-3.06721e-09,-3.06721e-09,-3.06721e-09,0.0,0.0002
2.495,250.819,-250.814,-250.814,-250.811,1.01724e-07,-2.04555e-09,9.63538e-08,0.0,-3.06721e-09,-3.06721e-09,-3.06721e-09,0.0,0.0002
2.5,250.819,-250.814,-250.814,-250.811,1.01724e-07,-2.04555e-09,9.63538e-08,0.0,-3.06721e-09,-3.06721e-09,-3.06721e-09,0.0,0.0002
2.505,250.819,-250.814,-250.814,-250.811,1.01724e-07,-2.04555e-09,9.63538e-08,0.0,-3.06721e-09,-3.06721e-09,-3.06721e-09,0.0,0.0002
2.51,250.819,-250.814,-250.814,-250.811,1.01724e-07,-2.04555e-09,9.63538e-08,0.0,-3.06721e-09,-3.06721e-09,-3.06721e-09,0.0,0.0002
2.515,250.819,-250.814,-250.814,-250.811,1.01724e-07,-2.04555e-09,9.63538e-08,0.0,-3.06721e-09,-3.06721e-09,-3.06721e-09,0.0,0.0002
2.52,250.819,-250.814,-250.814,-250.811,1.01724e-07,-2.04555e-09,9.63538e-08,0.0,-3.06721e-09,-3.06721e-09,-3.06721e-09,0.0,0.0002
2.525,250.819,-250.814,-250.814,-250.811,1.01724e-07,-2.04555e-09,9.63538e-08,0.0,-3.06721e-09,-3.06721e-09,-3.06721e-09,0.0,0.0002
2.53,250.819,-250.814,-250.814,-250.811,1.01724e-07,-2.04555e-09,9.63538e-08,0.0,-3.06721e-09,-3.06721e-09,-3.06721e-09,0.0,0.0002
2.535,250.819,-250.814,-250.814,-250.811,1.01724e-07,-2.04555e-09,9.63538e-08,0.0,-3.06721e-09,-3.06721e-09,-3.06721e-09,0.0,0.0002
2.54,250.819,-250.814,-250.814,-250.811,1.01724e-07,-2.04555e-09,9.63538e-08,0.0,-3.06721e-09,-3.06721e-09,-3.06721e-09,0.0,0.0002
2.545,250.819,-250.814,-250.814,-250.811,1.01724e-07,-2.04555e-09,9.63538e-08,0.0,-3.06721e-09,-3.06721e-09,-3.06721e-09,0.0,0.0002
2.55,250.819,-250.814,-250.814,-250.811,1.01724e-07,-2.04555e-09,9.63538e-08,0.0,-3.06721e-09,-3.06721e-09,-3.06721e-09,0.0,0.0002
2.555,250.819,-250.814,-250.814,-250.811,1.01724e-07,-2.04555e-09,9.63538e-08,0.0,-3.06721e-09,-3.06721e-09,-3.06721e-09,0.0,0.0002
2.56,250.819,-250.814,-250.814,-250.811,1.01724e-07,-2.04555e-09,9.63538e-08,0.0,-3.06721e-09,-3.06721e-09,-3.06721e-09,0.0,0.0002
2.565,250.819,-250.814,-250.814,-250.811,1.01724e-07,-2.04555e-09,9.63538e-08,0.0,-3.06721e-09,-3.06721e-09,-3.06721e-09,0.0,0.0002
2.57,250.819,-250.814,-250.814,-250.811,1.01724e-07,-2.04555e-09,9.63538e-08,0.0,-3.06721e-09,-3.06721e-09,-3.06721e-09,0.0,0.0002
2.575,250.819,-250.814,-250.814,-250.811,1.01724e-07,-2.04555e-09,9.63538e-08,0.0,-3.06721e-09,-3.06721e-09,-3.06721e-09,0.0,0.0002
2.58,250.819,-250.814,-250.814,-250.811,1.01724e-07,-2.04555e-09,9.63538e-08,0.0,-3.06721e-09,-3.06721e-09,-3.06721e-09,0.0,0.0002
2.585,250.819,-250.814,-250.814,-250.811,1.01724e-07,-2.04555e-09,9.63538e-08,0.0,-3.06721e-09,-3.06721e-09,-3.06721e-09,0.0,0.0002
2.59,250.819,-250.814,-250.814,-250.811,1.01724e-07,-2.04555e-09,9.63538e-08,0.0,-3.06721e-09,-3.06721e-09,-3.06721e-09,0.0,0.0002
2.595,250.819,-250.814,-250.814,-250.811,1.01724e-07,-2.04555e-09,9.63538e-08,0.0,-3.06721e-09,-3.06721e-09,-3.06721e-09,0.0,0.0002
2.6,250.819,-250.814,-250.814,-250.811,1.01724e-07,-2.04555e-09,9.63538e-08,0.0,-3.06721e-09,-3.06721e-09,-3.06721e-09,0.0,0.0002
2.605,250.819,-250.814,-250.814,-250.811,1.01724e-07,-2.04555e-09,9.63538e-08,0.0,-3.06721e-09,-3.06721e-09,-3.06721e-09,0.0,0.0002
2.61,250.819,-250.814,-250.814,-250.811,1.01724e-07,-2.04555e-09,9.63538e-08,0.0,-3.06721e-09,-3.06721e-09,-3.06721e-09,0.0,0.0002
2.615,250.819,-250.814,-250.814,-250.811,1.01724e-07,-2.04555e-09,9.63538e-08,0.0,-3.06721e-09,-3.06721e-09,-3.06721e-09,0.0,0.0002
2.62,250.819,-250.814,-250.814,-250.811,1.01724e-07,-2.04555e-09,9.63538e-08,0.0,-3.06721e-09,-3.06721e-09,-3.06721e-09,0.0,0.0002
2.625,250.819,-250.814,-250.814,-250.811,1.01724e-07,-2.04555e-09,9.63538e-08,0.0,-3.06721e-09,-3.06721e-09,-3.06721e-09,0.0,0.0002
2.63,250.819,-250.814,-250.814,-250.811,1.01724e-07,-2.04555e-09,9.63538e-08,0.0,-3.06721e-09,-3.06721e-09,-3.06721e-09,0.0,0.0002
2.635,250.819,-250.814,-250.814,-250.811,1.01724e-07,-2.04555e-09,9.63538e-08,0.0,-3.06721e-09,-3.06721e-09,-3.06721e-09,0.0,0.0002
2.64,250.819,-250.814,-250.814,-250.811,1.01724e-07,-2.04555e-09,9.63538e-08,0.0,-3.06721e-09,-3.06721e-09,-3.06721e-09,0.0,0.0002
2.645,250.819,-250.814,-250.814,-250.811,1.01724e-07,-2.04555e-09,9.63538e-08,0.0,-3.06721e-09,-3.06721e-09,-3.06721e-09,0.0,0.0002
2.65,250.819,-250.814,-250.814,-250.811,1.01724e-07,-2.04555e-09,9.63538e-08,0.0,-3.06721e-09,-3.06721e-09,-3.06721e-09,0.0,0.0002
2.655,250.819,-250.814,-250.814,-250.811,1.01724e-07,-2.04555e-09,9.63538e-08,0.0,-3.06721e-09,-3.06721e-09,-3.06721e-09,0.0,0.0002
2.66,250.819,-250.814,-250.814,-250.811,1.01724e-07,-2.04555e-09,9.63538e-08,0.0,-3.06721e-09,-3.06721e-09,-3.06721e-09,0.0,0.0002
2.665,250.819,-250.814,-250.814,-250.811,1.01724e-07,-2.04555e-09,9.63538e-08,0.0,-3.06721e-09,-3.06721e-09,-3.06721e-09,0.0,0.0002
2.67,250.819,-250.814,-250.814,-250.811,1.01724e-07,-2.04555e-09,9.63538e-08,0.0,-3.06721e-09,-3.06721e-09,-3.06721e-09,0.0,0.0002
2.675,250.819,-250.814,-250.814,-250.811,1.01724e-07,-2.04555e-09,9.63538e-08,0.0,-3.06721e-09,-3.06721e-09,-3.06721e-09,0.0,0.0002
2.68,250.819,-250.814,-250.814,-250.811,1.01724e-07,-2.04555e-09,9.63538e-08,0.0,-3.06721e-09,-3.06721e-09,-3.06721e-09,0.0,0.0002
2.685,250.819,-250.814,-250.814,-250.811,1.01724e-07,-2.04555e-09,9.63538e-08,0.0,-3.06721e-09,-3.06721e-09,-3.06721e-09,0.0,0.0002
2.69,250.819,-250.814,-250.814,-250.811,1.01724e-07,-2.04555e-09,9.63538e-08,0.0,-3.06721e-09,-3.06721e-09,-3.06721e-09,0.0,0.0002
2.695,250.819,-250.814,-250.814,-250.811,1.01724e-07,-2.04555e-09,9.63538e-08,0.0,-3.06721e-09,-3.06721e-09,-3.06721e-09,0.0,0.0002
2.7,250.819,-250.814,-250.814,-250.811,1.01724e-07,-2.04555e-09,9.63538e-08,0.0,-3.06721e-09,-3.06721e-09,-3.06721e-09,0.0,0.0002
2.705,250.819,-250.814,-250.814,-250.811,1.01724e-07,-2.04555e-09,9.63538e-08,0.0,-3.06721e-09,-3.06721e-09,-3.06721e-09,0.0,0.0002
2.71,250.819,-250.814,-250.814,-250.811,1.01724e-07,-2.04555e-09,9.63538e-08,0.0,-3.06721e-09,-3.06721e-09,-3.06721e-09,0.0,0.0002
2.715,250.819,-250.814,-250.814,-250.811,1.01724e-07,-2.04555e-09,9.63538e-08,0.0,-3.06721e-09,-3.06721e-09,-3.06721e-09,0.0,0.0002
2.72,250.819,-250.814,-250.814,-250.811,1.01724e-07,-2.04555e-09,9.63538e-08,0.0,-3.06721e-09,-3.06721e-09,-3.06721e-09,0.0,0.0002
2.725,250.819,-250.814,-250.814,-250.811,1.01724e-07,-2.04555e-09,9.63538e-08,0.0,-3.06721e-09,-3.06721e-09,-3.06721e-09,0.0,0.0002
2.73,250.819,-250.814,-250.814,-250.811,1.01724e-07,-2.04555e-09,9.63538e-08,0.0,-3.06721e-09,-3.06721e-09,-3.06721e-09,0.0,0.0002
2.735,250.819,-250.814,-250.814,-250.811,1.01724e-07,-2.04555e-09,9.63538e-08,0.0,-3.06721e-09,-3.06721e-09,-3.06721e-09,0.0,0.0002
2.74,250.819,-250.814,-250.814,-250.811,1.01724e-07,-2.04555e-09,9.63538e-08,0.0,-3.06721e-09,-3.06721e-09,-3.06721e-09,0.0,0.0002
2.745,250.819,-250.814,-250.814,-250.811,1.01724e-07,-2.04555e-09,9.63538e-08,0.0,-3.06721e-09,-3.06721e-09,-3.06721e-09,0.0,0.0002
2.75,250.819,-250.814,-250.814,-250.811,1.01724e-07,-2.04555e-09,9.63538e-08,0.0,-3.06721e-09,-3.06721e-09,-3.06721e-09,0.0,0.0002
2.755,250.819,-250.814,-250.814,-250.811,1.01724e-07,-2.04555e-09,9.63538e-08,0.0,-3.06721e-09,-3.06721e-09,-3.06721e-09,0.0,0.0002
2.76,250.819,-250.814,-250.814,-250.811,1.01724e-07,-2.04555e-09,9.63538e-08,0.0,-3.06721e-09,-3.06721e-09,-3.06721e-09,0.0,0.0002
2.765,250.819,-250.814,-250.814,-250.811,1.01724e-07,-2.04555e-09,9.63538e-08,0.0,-3.06721e-09,-3.06721e-09,-3.06721e-09,0.0,0.0002
2.77,250.819,-250.814,-250.814,-250.811,1.01724e-07,-2.04555e-09,9.63538e-08,0.0,-3.06721e-09,-3.06721e-09,-3.06721e-09,0.0,0.0002
2.775,250.819,-250.814,-250.814,-250.811,1.01724e-07,-2.04555e-09,9.63538e-08,0.0,-3.06721e-09,-3.06721e-09,-3.06721e-09,0.0,0.0002
2.78,250.819,-250.814,-250.814,-250.811,1.01724e-07,-2.04555e-09,9.63538e-08,0.0,-3.06721e-09,-3.06721e-09,-3.06721e-09,0.0,0.0002
2.785,250.819,-250.814,-250.814,-250.811,1.01724e-07,-2.04555e-09,9.63538e-08,0.0,-3.06721e-09,-3.06721e-09,-3.06721e-09,0.0,0.0002
2.79,250.819,-250.814,-250.814,-250.811,1.01724e-07,-2.04555e-09,9.63538e-08,0.0,-3.06721e-09,-3.06721e-09,-3.06721e-09,0.0,0.0002
2.795,250.819,-250.814,-250.814,-250.811,1.01724e-07,-2.04555e-09,9.63538e-08,0.0,-3.06721e-09,-3.06721e-09,-3.06721e-09,0.0,0.0002
2.8,250.819,-250.814,-250.814,-250.811,1.01724e-07,-2.04555e-09,9.63538e-08,0.0,-3.06721e-09,-3.06721e-09,-3.06721e-09,0.0,0.0002
2.805,250.819,-250.814,-250.814,-250.811,1.01724e-07,-2.04555e-09,9.63538e-08,0.0,-3.06721e-09,-3.06721e-09,-3.06721e-09,0.0,0.0002
2.81,250.819,-250.814,-250.814,-250.811,1.01724e-07,-2.04555e-09,9.63538e-08,0.0,-3.06721e-09,-3.06721e-09,-3.06721e-09,0.0,0.0002
2.815,250.819,-250.814,-250.814,-250.811,1.01724e-07,-2.04555e-09,9.63538e-08,0.0,-3.06721e-09,-3.06721e-09,-3.06721e-09,0.0,0.0002
2.82,250.819,-250.814,-250.814,-250.811,1.01724e-07,-2.04555e-09,9.63538e-08,0.0,-3.06721e-09,-3.06721e-09,-3.06721e-09,0.0,0.0002
2.825,250.819,-250.814,-250.814,-250.811,1.01724e-07,-2.04555e-09,9.63538e-08,0.0,-3.06721e-09,-3.06721e-09,-3.06721e-09,0.0,0.0002
2.83,250.819,-250.814,-250.814,-250.811,1.01724e-07,-2.04555e-09,9.63538e-08,0.0,-3.06721e-09,-3.06721e-09,-3.06721e-09,0.0,0.0002
2.835,250.819,-250.814,-250.814,-250.811,1.01724e-07,-2.04555e-09,9.63538e-08,0.0,-3.06721e-09,-3.06721e-09,-3.06721e-09,0.0,0.0002
2.84,250.819,-250.814,-250.814,-250.811,1.01724e-07,-2.04555e-09,9.63538e-08,0.0,-3.06721e-09,-3.06721e-09,-3.06721e-09,0.0,0.0002
2.845,250.819,-250.814,-250.814,-250.811,1.01724e-07,-2.04555e-09,9.63538e-08,0.0,-3.06721e-09,-3.06721e-09,-3.06721e-09,0.0,0.0002
2.85,250.819,-250.814,-250.814,-250.811,1.01724e-07,-2.04555e-09,9.63538e-08,0.0,-3.06721e-09,-3.06721e-09,-3.06721e-09,0.0,0.0002
2.855,250.819,-250.814,-250.814,-250.811,1.01724e-07,-2.04555e-09,9.63538e-08,0.0,-3.06721e-09,-3.06721e-09,-3.06721e-09,0.0,0.0002
2.86,250.819,-250.814,-250.814,-250.811,1.01724e-07,-2.04555e-09,9.63538e-08,0.0,-3.06721e-09,-3.06721e-09,-3.06721e-09,0.0,0.0002
2.865,250.819,-250.814,-250.814,-250.811,1.01724e-07,-2.04555e-09,9.63538e-08,0.0,-3.06721e-09,-3.06721e-09,-3.06721e-09,0.0,0.0002
2.87,250.819,-250.814,-250.814,-250.811,1.01724e-07,-2.04555e-09,9.63538e-08,0.0,-3.06721e-09,-3.06721e-09,-3.06721e-09,0.0,0.0002
2.875,250.819,-250.814,-250.814,-250.811,1.01724e-07,-2.04555e-09,9.63538e-08,0.0,-3.06721e-09,-3.06721e-09,-3.06721e-09,0.0,0.0002
2.88,250.819,-250.814,-250.814,-250.811,1.01724e-07,-2.04555e-09,9.63538e-08,0.0,-3.06721e-09,-3.06721e-09,-3.06721e-09,0.0,0.0002
2.885,250.819,-250.814,-250.814,-250.811,1.01724e-07,-2.04555e-09,9.63538e-08,0.0,-3.06721e-09,-3.06721e-09,-3.06721e-09,0.0,0.0002
2.89,250.819,-250.814,-250.814,-250.811,1.01724e-07,-2.04555e-09,9.63538e-08,0.0,-3.06721e-09,-3.06721e-09,-3.06721e-09,0.0,0.0002
2.895,250.819,-250.814,-250.814,-250.811,1.01724e-07,-2.04555e-09,9.63538e-08,0.0,-3.06721e-09,-3.06721e-09,-3.06721e-09,0.0,0.0002
2.9,250.819,-250.814,-250.814,-250.811,1.01724e-07,-2.04555e-09,9.63538e-08,0.0,-3.06721e-09,-3.06721e-09,-3.06721e-09,0.0,0.0002
2.905,250.819,-250.814,-250.814,-250.811,1.01724e-07,-2.04555e-09,9.63538e-08,0.0,-3.06721e-09,-3.06721e-09,-3.06721e-09,0.0,0.0002
2.91,250.819,-250.814,-250.814,-250.811,1.01724e-07,-2.04555e-09,9.63538e-08,0.0,-3.06721e-09,-3.06721e-09,-3.06721e-09,0.0,0.0002
2.915,250.819,-250.814,-250.814,-250.811,1.01724e-07,-2.04555e-09,9.63538e-08,0.0,-3.06721e-09,-3.06721e-09,-3.06721e-09,0.0,0.0002
2.92,250.819,-250.814,-250.814,-250.811,1.01724e-07,-2.04555e-09,9.63538e-08,0.0,-3.06721e-09,-3.06721e-09,-3.06721e-09,0.0,0.0002
2.925,250.819,-250.814,-250.814,-250.811,1.01724e-07,-2.04555e-09,9.63538e-08,0.0,-3.06721e-09,-3.06721e-09,-3.06721e-09,0.0,0.0002
2.93,250.819,-250.814,-250.814,-250.811,1.01724e-07,-2.04555e-09,9.63538e-08,0.0,-3.06721e-09,-3.06721e-09,-3.06721e-09,0.0,0.0002
2.935,250.819,-250.814,-250.814,-250.811,1.01724e-07,-2.04555e-09,9.63538e-08,0.0,-3.06721e-09,-3.06721e-09,-3.06721e-09,0.0,0.0002
2.94,250.819,-250.814,-250.814,-250.811,1.01724e-07,-2.04555e-09,9.63538e-08,0.0,-3.06721e-09,-3.06721e-09,-3.06721e-09,0.0,0.0002
2.945,250.819,-250.814,-250.814,-250.811,1.01724e-07,-2.04555e-09,9.63538e-08,0.0,-3.06721e-09,-3.06721e-09,-3.06721e-09,0.0,0.0002
2.95,250.819,-250.814,-250.814,-250.811,1.01724e-07,-2.04555e-09,9.63538e-08,0.0,-3.06721e-09,-3.06721e-09,-3.06721e-09,0.0,0.0002
2.955,250.819,-250.814,-250.814,-250.811,1.01724e-07,-2.04555e-09,9.63538e-08,0.0,-3.06721e-09,-3.06721e-09,-3.06721e-09,0.0,0.0002
2.96,250.819,-250.814,-250.814,-250.811,1.01724e-07,-2.04555e-09,9.63538e-08,0.0,-3.06721e-09,-3.06721e-09,-3.06721e-09,0.0,0.0002
2.965,250.819,-250.814,-250.814,-250.811,1.01724e-07,-2.04555e-09,9.63538e-08,0.0,-3.06721e-09,-3.06721e-09,-3.06721e-09,0.0,0.0002
2.97,250.819,-250.814,-250.814,-250.811,1.01724e-07,-2.04555e-09,9.63538e-08,0.0,-3.06721e-09,-3.06721e-09,-3.06721e-09,0.0,0.0002
2.975,250.819,-250.814,-250.814,-250.811,1.01724e-07,-2.04555e-09,9.63538e-08,0.0,-3.06721e-09,-3.06721e-09,-3.06721e-09,0.0,0.0002
2.98,250.819,-250.814,-250.814,-250.811,1.01724e-07,-2.04555e-09,9.63538e-08,0.0,-3.06721e-09,-3.06721e-09,-3.06721e-09,0.0,0.0002
2.985,250.819,-250.814,-250.814,-250.811,1.01724e-07,-2.04555e-09,9.63538e-08,0.0,-3.06721e-09,-3.06721e-09,-3.06721e-09,0.0,0.0002
2.99,250.819,-250.814,-250.814,-250.811,1.01724e-07,-2.04555e-09,9.63538e-08,0.0,-3.06721e-09,-3.06721e-09,-3.06721e-09,0.0,0.0002
2.995,250.819,-250.814,-250.814,-250.811,1.01724e-07,-2.04555e-09,9.63538e-08,0.0,-3.06721e-09,-3.06721e-09,-3.06721e-09,0.0,0.0002
3.0,250.819,-250.814,-250.814,-250.811,1.01724e-07,-2.04555e-09,9.63538e-08,0.0,-3.06721e-09,-3.06721e-09,-3.06721e-09,0.0,0.0002
3.005,250.819,-250.814,-250.814,-250.811,1.01724e-07,-2.04555e-09,9.63538e-08,0.0,-3.06721e-09,-3.06721e-09,-3.06721e-09,0.0,0.0002
3.01,250.819,-250.814,-250.814,-250.811,1.01724e-07,-2.04555e-09,9.63538e-08,0.0,-3.06721e-09,-3.06721e-09,-3.06721e-09,0.0,0.0002
3.015,250.819,-250.814,-250.814,-250.811,1.01724e-07,-2.04555e-09,9.63538e-08,0.0,-3.06721e-09,-3.06721e-09,-3.06721e-09,0.0,0.0002
3.02,250.819,-250.814,-250.814,-250.811,1.01724e-07,-2.04555e-09,9.63538e-08,0.0,-3.06721e-09,-3.06721e-09,-3.06721e-09,0.0,0.0002
3.025,250.819,-250.814,-250.814,-250.811,1.01724e-07,-2.04555e-09,9.63538e-08,0.0,-3.06721e-09,-3.06721e-09,-3.06721e-09,0.0,0.0002
3.03,250.819,-250.814,-250.814,-250.811,1.01724e-07,-2.04555e-09,9.63538e-08,0.0,-3.06721e-09,-3.06721e-09,-3.06721e-09,0.0,0.0002
3.035,250.819,-250.814,-250.814,-250.811,1.01724e-07,-2.04555e-09,9.63538e-08,0.0,-3.06721e-09,-3.06721e-09,-3.06721e-09,0.0,0.0002
3.04,250.819,-250.814,-250.814,-250.811,1.01724e-07,-2.04555e-09,9.63538e-08,0.0,-3.06721e-09,-3.06721e-09,-3.06721e-09,0.0,0.0002
3.045,250.819,-250.814,-250.814,-250.811,1.01724e-07,-2.04555e-09,9.63538e-08,0.0,-3.06721e-09,-3.06721e-09,-3.06721e-09,0.0,0.0002
3.05,250.819,-250.814,-250.814,-250.811,1.01724e-07,-2.04555e-09,9.63538e-08,0.0,-3.06721e-09,-3.06721e-09,-3.06721e-09,0.0,0.0002
3.055,250.819,-250.814,-250.814,-250.811,1.01724e-07,-2.04555e-09,9.63538e-08,0.0,-3.06721e-09,-3.06721e-09,-3.06721e-09,0.0,0.0002
3.06,250.819,-250.814,-250.814,-250.811,1.01724e-07,-2.04555e-09,9.63538e-08,0.0,-3.06721e-09,-3.06721e-09,-3.06721e-09,0.0,0.0002
3.065,250.819,-250.814,-250.814,-250.811,1.01724e-07,-2.04555e-09,9.63538e-08,0.0,-3.06721e-09,-3.06721e-09,-3.06721e-09,0.0,0.0002
3.07,250.819,-250.814,-250.814,-250.811,1.01724e-07,-2.04555e-09,9.63538e-08,0.0,-3.06721e-09,-3.06721e-09,-3.06721e-09,0.0,0.0002
3.075,250.819,-250.814,-250.814,-250.811,1.01724e-07,-2.04555e-09,9.63538e-08,0.0,-3.06721e-09,-3.06721e-09,-3.06721e-09,0.0,0.0002
3.08,250.819,-250.814,-250.814,-250.811,1.01724e-07,-2.04555e-09,9.63538e-08,0.0,-3.06721e-09,-3.06721e-09,-3.06721e-09,0.0,0.0002
3.085,250.819,-250.814,-250.814,-250.811,1.01724e-07,-2.04555e-09,9.63538e-08,0.0,-3.06721e-09,-3.06721e-09,-3.06721e-09,0.0,0.0002
3.09,250.819,-250.814,-250.814,-250.811,1.01724e-07,-2.04555e-09,9.63538e-08,0.0,-3.06721e-09,-3.06721e-09,-3.06721e-09,0.0,0.0002
3.095,250.819,-250.814,-250.814,-250.811,1.01724e-07,-2.04555e-09,9.63538e-08,0.0,-3.06721e-09,-3.06721e-09,-3.06721e-09,0.0,0.0002
3.1,250.819,-250.814,-250.814,-250.811,1.01724e-07,-2.04555e-09,9.63538e-08,0.0,-3.06721e-09,-3.06721e-09,-3.06721e-09,0.0,0.0002
3.105,250.819,-250.814,-250.814,-250.811,1.01724e-07,-2.04555e-09,9.63538e-08,0.0,-3.06721e-09,-3.06721e-09,-3.06721e-09,0.0,0.0002
3.11,250.819,-250.814,-250.814,-250.811,1.01724e-07,-2.04555e-09,9.63538e-08,0.0,-3.06721e-09,-3.06721e-09,-3.06721e-09,0.0,0.0002
3.115,250.819,-250.814,-250.814,-250.811,1.01724e-07,-2.04555e-09,9.63538e-08,0.0,-3.06721e-09,-3.06721e-09,-3.06721e-09,0.0,0.0002
3.12,250.819,-250.814,-250.814,-250.811,1.01724e-07,-2.04555e-09,9.63538e-08,0.0,-3.06721e-09,-3.06721e-09,-3.06721e-09,0.0,0.0002
3.125,250.819,-250.814,-250.814,-250.811,1.01724e-07,-2.04555e-09,9.63538e-08,0.0,-3.06721e-09,-3.06721e-09,-3.06721e-09,0.0,0.0002
3.13,250.819,-250.814,-250.814,-250.811,1.01724e-07,-2.04555e-09,9.63538e-08,0.0,-3.06721e-09,-3.06721e-09,-3.06721e-09,0.0,0.0002
3.135,250.819,-250.814,-250.814,-250.811,1.01724e-07,-2.04555e-09,9.63538e-08,0.0,-3.06721e-09,-3.06721e-09,-3.06721e-09,0.0,0.0002
3.14,250.819,-250.814,-250.814,-250.811,1.01724e-07,-2.04555e-09,9.63538e-08,0.0,-3.06721e-09,-3.06721e-09,-3.06721e-09,0.0,0.0002
3.145,250.819,-250.814,-250.814,-250.811,1.01724e-07,-2.04555e-09,9.63538e-08,0.0,-3.06721e-09,-3.06721e-09,-3.06721e-09,0.0,0.0002
3.15,250.819,-250.814,-250.814,-250.811,1.01724e-07,-2.04555e-09,9.63538e-08,0.0,-3.06721e-09,-3.06721e-09,-3.06721e-09,0.0,0.0002
3.155,250.819,-250.814,-250.814,-250.811,1.01724e-07,-2.04555e-09,9.63538e-08,0.0,-3.06721e-09,-3.06721e-09,-3.06721e-09,0.0,0.0002
3.16,250.819,-250.814,-250.814,-250.811,1.01724e-07,-2.04555e-09,9.63538e-08,0.0,-3.06721e-09,-3.06721e-09,-3.06721e-09,0.0,0.0002
3.165,250.819,-250.814,-250.814,-250.811,1.01724e-07,-2.04555e-09,9.63538e-08,0.0,-3.06721e-09,-3.06721e-09,-3.06721e-09,0.0,0.0002
3.17,250.819,-250.814,-250.814,-250.811,1.01724e-07,-2.04555e-09,9.63538e-08,0.0,-3.06721e-09,-3.06721e-09,-3.06721e-09,0.0,0.0002
3.175,250.819,-250.814,-250.814,-250.811,1.01724e-07,-2.04555e-09,9.63538e-08,0.0,-3.06721e-09,-3.06721e-09,-3.06721e-09,0.0,0.0002
3.18,250.819,-250.814,-250.814,-250.811,1.01724e-07,-2.04555e-09,9.63538e-08,0.0,-3.06721e-09,-3.06721e-09,-3.06721e-09,0.0,0.0002
3.185,250.819,-250.814,-250.814,-250.811,1.01724e-07,-2.04555e-09,9.63538e-08,0.0,-3.06721e-09,-3.06721e-09,-3.06721e-09,0.0,0.0002
3.19,250.819,-250.814,-250.814,-250.811,1.01724e-07,-2.04555e-09,9.63538e-08,0.0,-3.06721e-09,-3.06721e-09,-3.06721e-09,0.0,0.0002
3.195,250.819,-250.814,-250.814,-250.811,1.01724e-07,-2.04555e-09,9.63538e-08,0.0,-3.06721e-09,-3.06721e-09,-3.06721e-09,0.0,0.0002
3.2,250.819,-250.814,-250.814,-250.811,1.01724e-07,-2.04555e-09,9.63538e-08,0.0,-3.06721e-09,-3.06721e-09,-3.06721e-09,0.0,0.0002
3.205,250.819,-250.814,-250.814,-250.811,1.01724e-07,-2.04555e-09,9.63538e-08,0.0,-3.06721e-09,-3.06721e-09,-3.06721e-09,0.0,0.0002
3.21,250.819,-250.814,-250.814,-250.811,1.01724e-07,-2.04555e-09,9.63538e-08,0.0,-3.06721e-09,-3.06721e-09,-3.06721e-09,0.0,0.0002
3.215,250.819,-250.814,-250.814,-250.811,1.01724e-07,-2.04555e-09,9.63538e-08,0.0,-3.06721e-09,-3.06721e-09,-3.06721e-09,0.0,0.0002
3.22,250.819,-250.814,-250.814,-250.811,1.01724e-07,-2.04555e-09,9.63538e-08,0.0,-3.06721e-09,-3.06721e-09,-3.06721e-09,0.0,0.0002
3.225,250.819,-250.814,-250.814,-250.811,1.01724e-07,-2.04555e-09,9.63538e-08,0.0,-3.06721e-09,-3.06721e-09,-3.06721e-09,0.0,0.0002
3.23,250.819,-250.814,-250.814,-250.811,1.01724e-07,-2.04555e-09,9.63538e-08,0.0,-3.06721e-09,-3.06721e-09,-3.06721e-09,0.0,0.0002
3.235,250.819,-250.814,-250.814,-250.811,1.01724e-07,-2.04555e-09,9.63538e-08,0.0,-3.06721e-09,-3.06721e-09,-3.06721e-09,0.0,0.0002
3.24,250.819,-250.814,-250.814,-250.811,1.01724e-07,-2.04555e-09,9.63538e-08,0.0,-3.06721e-09,-3.06721e-09,-3.06721e-09,0.0,0.0002
3.245,250.819,-250.814,-250.814,-250.811,1.01724e-07,-2.04555e-09,9.63538e-08,0.0,-3.06721e-09,-3.06721e-09,-3.06721e-09,0.0,0.0002
3.25,250.819,-250.814,-250.814,-250.811,1.01724e-07,-2.04555e-09,9.63538e-08,0.0,-3.06721e-09,-3.06721e-09,-3.06721e-09,0.0,0.0002
3.255,250.819,-250.814,-250.814,-250.811,1.01724e-07,-2.04555e-09,9.63538e-08,0.0,-3.06721e-09,-3.06721e-09,-3.06721e-09,0.0,0.0002
3.26,250.819,-250.814,-250.814,-250.811,1.01724e-07,-2.04555e-09,9.63538e-08,0.0,-3.06721e-09,-3.06721e-09,-3.06721e-09,0.0,0.0002
3.265,250.819,-250.814,-250.814,-250.811,1.01724e-07,-2.04555e-09,9.63538e-08,0.0,-3.06721e-09,-3.06721e-09,-3.06721e-09,0.0,0.0002
3.27,250.819,-250.814,-250.814,-250.811,1.01724e-07,-2.04555e-09,9.63538e-08,0.0,-3.06721e-09,-3.06721e-09,-3.06721e-09,0.0,0.0002
3.275,250.819,-250.814,-250.814,-250.811,1.01724e-07,-2.04555e-09,9.63538e-08,0.0,-3.06721e-09,-3.06721e-09,-3.06721e-09,0.0,0.0002
3.28,250.819,-250.814,-250.814,-250.811,1.01724e-07,-2.04555e-09,9.63538e-08,0.0,-3.06721e-09,-3.06721e-09,-3.06721e-09,0.0,0.0002
3.285,250.819,-250.814,-250.814,-250.811,1.01724e-07,-2.04555e-09,9.63538e-08,0.0,-3.06721e-09,-3.06721e-09,-3.06721e-09,0.0,0.0002
3.29,250.819,-250.814,-250.814,-250.811,1.01724e-07,-2.04555e-09,9.63538e-08,0.0,-3.06721e-09,-3.06721e-09,-3.06721e-09,0.0,0.0002
3.295,250.819,-250.814,-250.814,-250.811,1.01724e-07,-2.04555e-09,9.63538e-08,0.0,-3.06721e-09,-3.06721e-09,-3.06721e-09,0.0,0.0002
3.3,250.819,-250.814,-250.814,-250.811,1.01724e-07,-2.04555e-09,9.63538e-08,0.0,-3.06721e-09,-3.06721e-09,-3.06721e-09,0.0,0.0002
3.305,250.819,-250.814,-250.814,-250.811,1.01724e-07,-2.04555e-09,9.63538e-08,0.0,-3.06721e-09,-3.06721e-09,-3.06721e-09,0.0,0.0002
3.31,250.819,-250.814,-250.814,-250.811,1.01724e-07,-2.04555e-09,9.63538e-08,0.0,-3.06721e-09,-3.06721e-09,-3.06721e-09,0.0,0.0002
3.315,250.819,-250.814,-250.814,-250.811,1.01724e-07,-2.04555e-09,9.63538e-08,0.0,-3.06721e-09,-3.06721e-09,-3.06721e-09,0.0,0.0002
3.32,250.819,-250.814,-250.814,-250.811,1.01724e-07,-2.04555e-09,9.63538e-08,0.0,-3.06721e-09,-3.06721e-09,-3.06721e-09,0.0,0.0002
3.325,250.819,-250.814,-250.814,-250.811,1.01724e-07,-2.04555e-09,9.63538e-08,0.0,-3.06721e-09,-3.06721e-09,-3.06721e-09,0.0,0.0002
3.33,250.819,-250.814,-250.814,-250.811,1.01724e-07,-2.04555e-09,9.63538e-08,0.0,-3.06721e-09,-3.06721e-09,-3.06721e-09,0.0,0.0002
3.335,250.819,-250.814,-250.814,-250.811,1.01724e-07,-2.04555e-09,9.63538e-08,0.0,-3.06721e-09,-3.06721e-09,-3.06721e-09,0.0,0.0002
3.34,250.819,-250.814,-250.814,-250.811,1.01724e-07,-2.04555e-09,9.63538e-08,0.0,-3.06721e-09,-3.06721e-09,-3.06721e-09,0.0,0.0002
3.345,250.819,-250.814,-250.814,-250.811,1.01724e-07,-2.04555e-09,9.63538e-08,0.0,-3.06721e-09,-3.06721e-09,-3.06721e-09,0.0,0.0002
3.35,250.819,-250.814,-250.814,-250.811,1.01724e-07,-2.04555e-09,9.63538e-08,0.0,-3.06721e-09,-3.06721e-09,-3.06721e-09,0.0,0.0002
3.355,250.819,-250.814,-250.814,-250.811,1.01724e-07,-2.04555e-09,9.63538e-08,0.0,-3.06721e-09,-3.06721e-09,-3.06721e-09,0.0,0.0002
3.36,250.819,-250.814,-250.814,-250.811,1.01724e-07,-2.04555e-09,9.63538e-08,0.0,-3.06721e-09,-3.06721e-09,-3.06721e-09,0.0,0.0002
3.365,250.819,-250.814,-250.814,-250.811,1.01724e-07,-2.04555e-09,9.63538e-08,0.0,-3.06721e-09,-3.06721e-09,-3.06721e-09,0.0,0.0002
3.37,250.819,-250.814,-250.814,-250.811,1.01724e-07,-2.04555e-09,9.63538e-08,0.0,-3.06721e-09,-3.06721e-09,-3.06721e-09,0.0,0.0002
3.375,250.819,-250.814,-250.814,-250.811,1.01724e-07,-2.04555e-09,9.63538e-08,0.0,-3.06721e-09,-3.06721e-09,-3.06721e-09,0.0,0.0002
3.38,250.819,-250.814,-250.814,-250.811,1.01724e-07,-2.04555e-09,9.63538e-08,0.0,-3.06721e-09,-3.06721e-09,-3.06721e-09,0.0,0.0002
3.385,250.819,-250.814,-250.814,-250.811,1.01724e-07,-2.04555e-09,9.63538e-08,0.0,-3.06721e-09,-3.06721e-09,-3.06721e-09,0.0,0.0002
3.39,250.819,-250.814,-250.814,-250.811,1.01724e-07,-2.04555e-09,9.63538e-08,0.0,-3.06721e-09,-3.06721e-09,-3.06721e-09,0.0,0.0002
3.395,250.819,-250.814,-250.814,-250.811,1.01724e-07,-2.04555e-09,9.63538e-08,0.0,-3.06721e-09,-3.06721e-09,-3.06721e-09,0.0,0.0002
3.4,250.819,-250.814,-250.814,-250.811,1.01724e-07,-2.04555e-09,9.63538e-08,0.0,-3.06721e-09,-3.06721e-09,-3.06721e-09,0.0,0.0002
3.405,250.819,-250.814,-250.814,-250.811,1.01724e-07,-2.04555e-09,9.63538e-08,0.0,-3.06721e-09,-3.06721e-09,-3.06721e-09,0.0,0.0002
3.41,250.819,-250.814,-250.814,-250.811,1.01724e-07,-2.04555e-09,9.63538e-08,0.0,-3.06721e-09,-3.06721e-09,-3.06721e-09,0.0,0.0002
3.415,250.819,-250.814,-250.814,-250.811,1.01724e-07,-2.04555e-09,9.63538e-08,0.0,-3.06721e-09,-3.06721e-09,-3.06721e-09,0.0,0.0002
3.42,250.819,-250.814,-250.814,-250.811,1.01724e-07,-2.04555e-09,9.63538e-08,0.0,-3.06721e-09,-3.06721e-09,-3.06721e-09,0.0,0.0002
3.425,250.819,-250.814,-250.814,-250.811,1.01724e-07,-2.04555e-09,9.63538e-08,0.0,-3.06721e-09,-3.06721e-09,-3.06721e-09,0.0,0.0002
3.43,250.819,-250.814,-250.814,-250.811,1.01724e-07,-2.04555e-09,9.63538e-08,0.0,-3.06721e-09,-3.06721e-09,-3.06721e-09,0.0,0.0002
3.435,250.819,-250.814,-250.814,-250.811,1.01724e-07,-2.04555e-09,9.63538e-08,0.0,-3.06721e-09,-3.06721e-09,-3.06721e-09,0.0,0.0002
3.44,250.819,-250.814,-250.814,-250.811,1.01724e-07,-2.04555e-09,9.63538e-08,0.0,-3.06721e-09,-3.06721e-09,-3.06721e-09,0.0,0.0002
3.445,250.819,-250.814,-250.814,-250.811,1.01724e-07,-2.04555e-09,9.63538e-08,0.0,-3.06721e-09,-3.06721e-09,-3.06721e-09,0.0,0.0002
3.45,250.819,-250.814,-250.814,-250.811,1.01724e-07,-2.04555e-09,9.63538e-08,0.0,-3.06721e-09,-3.06721e-09,-3.06721e-09,0.0,0.0002
3.455,250.819,-250.814,-250.814,-250.811,1.01724e-07,-2.04555e-09,9.63538e-08,0.0,-3.06721e-09,-3.06721e-09,-3.06721e-09,0.0,0.0002
3.46,250.819,-250.814,-250.814,-250.811,1.01724e-07,-2.04555e-09,9.63538e-08,0.0,-3.06721e-09,-3.06721e-09,-3.06721e-09,0.0,0.0002
3.465,250.819,-250.814,-250.814,-250.811,1.01724e-07,-2.04555e-09,9.63538e-08,0.0,-3.06721e-09,-3.06721e-09,-3.06721e-09,0.0,0.0002
3.47,250.819,-250.814,-250.814,-250.811,1.01724e-07,-2.04555e-09,9.63538e-08,0.0,-3.06721e-09,-3.06721e-09,-3.06721e-09,0.0,0.0002
3.475,250.819,-250.814,-250.814,-250.811,1.01724e-07,-2.04555e-09,9.63538e-08,0.0,-3.06721e-09,-3.06721e-09,-3.06721e-09,0.0,0.0002
3.48,250.819,-250.814,-250.814,-250.811,1.01724e-07,-2.04555e-09,9.63538e-08,0.0,-3.06721e-09,-3.06721e-09,-3.06721e-09,0.0,0.0002
3.485,250.819,-250.814,-250.814,-250.811,1.01724e-07,-2.04555e-09,9.63538e-08,0.0,-3.06721e-09,-3.06721e-09,-3.06721e-09,0.0,0.0002
3.49,250.819,-250.814,-250.814,-250.811,1.01724e-07,-2.04555e-09,9.63538e-08,0.0,-3.06721e-09,-3.06721e-09,-3.06721e-09,0.0,0.0002
3.495,250.819,-250.814,-250.814,-250.811,1.01724e-07,-2.04555e-09,9.63538e-08,0.0,-3.06721e-09,-3.06721e-09,-3.06721e-09,0.0,0.0002
3.5,250.819,-250.814,-250.814,-250.811,1.01724e-07,-2.04555e-09,9.63538e-08,0.0,-3.06721e-09,-3.06721e-09,-3.06721e-09,0.0,0.0002
3.505,250.819,-250.814,-250.814,-250.811,1.01724e-07,-2.04555e-09,9.63538e-08,0.0,-3.06721e-09,-3.06721e-09,-3.06721e-09,0.0,0.0002
3.51,250.819,-250.814,-250.814,-250.811,1.01724e-07,-2.04555e-09,9.63538e-08,0.0,-3.06721e-09,-3.06721e-09,-3.06721e-09,0.0,0.0002
3.515,250.819,-250.814,-250.814,-250.811,1.01724e-07,-2.04555e-09,9.63538e-08,0.0,-3.06721e-09,-3.06721e-09,-3.06721e-09,0.0,0.0002
3.52,250.819,-250.814,-250.814,-250.811,1.01724e-07,-2.04555e-09,9.63538e-08,0.0,-3.06721e-09,-3.06721e-09,-3.06721e-09,0.0,0.0002
3.525,250.819,-250.814,-250.814,-250.811,1.01724e-07,-2.04555e-09,9.63538e-08,0.0,-3.06721e-09,-3.06721e-09,-3.06721e-09,0.0,0.0002
3.53,250.819,-250.814,-250.814,-250.811,1.01724e-07,-2.04555e-09,9.63538e-08,0.0,-3.06721e-09,-3.06721e-09,-3.06721e-09,0.0,0.0002
3.535,250.819,-250.814,-250.814,-250.811,1.01724e-07,-2.04555e-09,9.63538e-08,0.0,-3.06721e-09,-3.06721e-09,-3.06721e-09,0.0,0.0002
3.54,250.819,-250.814,-250.814,-250.811,1.01724e-07,-2.04555e-09,9.63538e-08,0.0,-3.06721e-09,-3.06721e-09,-3.06721e-09,0.0,0.0002
3.545,250.819,-250.814,-250.814,-250.811,1.01724e-07,-2.04555e-09,9.63538e-08,0.0,-3.06721e-09,-3.06721e-09,-3.06721e-09,0.0,0.0002
3.55,250.819,-250.814,-250.814,-250.811,1.01724e-07,-2.04555e-09,9.63538e-08,0.0,-3.06721e-09,-3.06721e-09,-3.06721e-09,0.0,0.0002
3.555,250.819,-250.814,-250.814,-250.811,1.01724e-07,-2.04555e-09,9.63538e-08,0.0,-3.06721e-09,-3.06721e-09,-3.06721e-09,0.0,0.0002
3.56,250.819,-250.814,-250.814,-250.811,1.01724e-07,-2.04555e-09,9.63538e-08,0.0,-3.06721e-09,-3.06721e-09,-3.06721e-09,0.0,0.0002
3.565,250.819,-250.814,-250.814,-250.811,1.01724e-07,-2.04555e-09,9.63538e-08,0.0,-3.06721e-09,-3.06721e-09,-3.06721e-09,0.0,0.0002
3.57,250.819,-250.814,-250.814,-250.811,1.01724e-07,-2.04555e-09,9.63538e-08,0.0,-3.06721e-09,-3.06721e-09,-3.06721e-09,0.0,0.0002
3.575,250.819,-250.814,-250.814,-250.811,1.01724e-07,-2.04555e-09,9.63538e-08,0.0,-3.06721e-09,-3.06721e-09,-3.06721e-09,0.0,0.0002
3.58,250.819,-250.814,-250.814,-250.811,1.01724e-07,-2.04555e-09,9.63538e-08,0.0,-3.06721e-09,-3.06721e-09,-3.06721e-09,0.0,0.0002
3.585,250.819,-250.814,-250.814,-250.811,1.01724e-07,-2.04555e-09,9.63538e-08,0.0,-3.06721e-09,-3.06721e-09,-3.06721e-09,0.0,0.0002
3.59,250.819,-250.814,-250.814,-250.811,1.01724e-07,-2.04555e-09,9.63538e-08,0.0,-3.06721e-09,-3.06721e-09,-3.06721e-09,0.0,0.0002
3.595,250.819,-250.814,-250.814,-250.811,1.01724e-07,-2.04555e-09,9.63538e-08,0.0,-3.06721e-09,-3.06721e-09,-3.06721e-09,0.0,0.0002
3.6,250.819,-250.814,-250.814,-250.811,1.01724e-07,-2.04555e-09,9.63538e-08,0.0,-3.06721e-09,-3.06721e-09,-3.06721e-09,0.0,0.0002
3.605,250.819,-250.814,-250.814,-250.811,1.01724e-07,-2.04555e-09,9.63538e-08,0.0,-3.06721e-09,-3.06721e-09,-3.06721e-09,0.0,0.0002
3.61,250.819,-250.814,-250.814,-250.811,1.01724e-07,-2.04555e-09,9.63538e-08,0.0,-3.06721e-09,-3.06721e-09,-3.06721e-09,0.0,0.0002
3.615,250.819,-250.814,-250.814,-250.811,1.01724e-07,-2.04555e-09,9.63538e-08,0.0,-3.06721e-09,-3.06721e-09,-3.06721e-09,0.0,0.0002
3.62,250.819,-250.814,-250.814,-250.811,1.01724e-07,-2.04555e-09,9.63538e-08,0.0,-3.06721e-09,-3.06721e-09,-3.06721e-09,0.0,0.0002
3.625,250.819,-250.814,-250.814,-250.811,1.01724e-07,-2.04555e-09,9.63538e-08,0.0,-3.06721e-09,-3.06721e-09,-3.06721e-09,0.0,0.0002
3.63,250.819,-250.814,-250.814,-250.811,1.01724e-07,-2.04555e-09,9.63538e-08,0.0,-3.06721e-09,-3.06721e-09,-3.06721e-09,0.0,0.0002
3.635,250.819,-250.814,-250.814,-250.811,1.01724e-07,-2.04555e-09,9.63538e-08,0.0,-3.06721e-09,-3.06721e-09,-3.06721e-09,0.0,0.0002
3.64,250.819,-250.814,-250.814,-250.811,1.01724e-07,-2.04555e-09,9.63538e-08,0.0,-3.06721e-09,-3.06721e-09,-3.06721e-09,0.0,0.0002
3.645,250.819,-250.814,-250.814,-250.811,1.01724e-07,-2.04555e-09,9.63538e-08,0.0,-3.06721e-09,-3.06721e-09,-3.06721e-09,0.0,0.0002
3.65,250.819,-250.814,-250.814,-250.811,1.01724e-07,-2.04555e-09,9.63538e-08,0.0,-3.06721e-09,-3.06721e-09,-3.06721e-09,0.0,0.0002
3.655,250.819,-250.814,-250.814,-250.811,1.01724e-07,-2.04555e-09,9.63538e-08,0.0,-3.06721e-09,-3.06721e-09,-3.06721e-09,0.0,0.0002
3.66,250.819,-250.814,-250.814,-250.811,1.01724e-07,-2.04555e-09,9.63538e-08,0.0,-3.06721e-09,-3.06721e-09,-3.06721e-09,0.0,0.0002
3.665,250.819,-250.814,-250.814,-250.811,1.01724e-07,-2.04555e-09,9.63538e-08,0.0,-3.06721e-09,-3.06721e-09,-3.06721e-09,0.0,0.0002
3.67,250.819,-250.814,-250.814,-250.811,1.01724e-07,-2.04555e-09,9.63538e-08,0.0,-3.06721e-09,-3.06721e-09,-3.06721e-09,0.0,0.0002
3.675,250.819,-250.814,-250.814,-250.811,1.01724e-07,-2.04555e-09,9.63538e-08,0.0,-3.06721e-09,-3.06721e-09,-3.06721e-09,0.0,0.0002
3.68,250.819,-250.814,-250.814,-250.811,1.01724e-07,-2.04555e-09,9.63538e-08,0.0,-3.06721e-09,-3.06721e-09,-3.06721e-09,0.0,0.0002
3.685,250.819,-250.814,-250.814,-250.811,1.01724e-07,-2.04555e-09,9.63538e-08,0.0,-3.06721e-09,-3.06721e-09,-3.06721e-09,0.0,0.0002
3.69,250.819,-250.814,-250.814,-250.811,1.01724e-07,-2.04555e-09,9.63538e-08,0.0,-3.06721e-09,-3.06721e-09,-3.06721e-09,0.0,0.0002
3.695,250.819,-250.814,-250.814,-250.811,1.01724e-07,-2.04555e-09,9.63538e-08,0.0,-3.06721e-09,-3.06721e-09,-3.06721e-09,0.0,0.0002
3.7,250.819,-250.814,-250.814,-250.811,1.01724e-07,-2.04555e-09,9.63538e-08,0.0,-3.06721e-09,-3.06721e-09,-3.06721e-09,0.0,0.0002
3.705,250.819,-250.814,-250.814,-250.811,1.01724e-07,-2.04555e-09,9.63538e-08,0.0,-3.06721e-09,-3.06721e-09,-3.06721e-09,0.0,0.0002
3.71,250.819,-250.814,-250.814,-250.811,1.01724e-07,-2.04555e-09,9.63538e-08,0.0,-3.06721e-09,-3.06721e-09,-3.06721e-09,0.0,0.0002
3.715,250.819,-250.814,-250.814,-250.811,1.01724e-07,-2.04555e-09,9.63538e-08,0.0,-3.06721e-09,-3.06721e-09,-3.06721e-09,0.0,0.0002
3.72,250.819,-250.814,-250.814,-250.811,1.01724e-07,-2.04555e-09,9.63538e-08,0.0,-3.06721e-09,-3.06721e-09,-3.06721e-09,0.0,0.0002
3.725,250.819,-250.814,-250.814,-250.811,1.01724e-07,-2.04555e-09,9.63538e-08,0.0,-3.06721e-09,-3.06721e-09,-3.06721e-09,0.0,0.0002
3.73,250.819,-250.814,-250.814,-250.811,1.01724e-07,-2.04555e-09,9.63538e-08,0.0,-3.06721e-09,-3.06721e-09,-3.06721e-09,0.0,0.0002
3.735,250.819,-250.814,-250.814,-250.811,1.01724e-07,-2.04555e-09,9.63538e-08,0.0,-3.06721e-09,-3.06721e-09,-3.06721e-09,0.0,0.0002
3.74,250.819,-250.814,-250.814,-250.811,1.01724e-07,-2.04555e-09,9.63538e-08,0.0,-3.06721e-09,-3.06721e-09,-3.06721e-09,0.0,0.0002
3.745,250.819,-250.814,-250.814,-250.811,1.01724e-07,-2.04555e-09,9.63538e-08,0.0,-3.06721e-09,-3.06721e-09,-3.06721e-09,0.0,0.0002
3.75,250.819,-250.814,-250.814,-250.811,1.01724e-07,-2.04555e-09,9.63538e-08,0.0,-3.06721e-09,-3.06721e-09,-3.06721e-09,0.0,0.0002
3.755,250.819,-250.814,-250.814,-250.811,1.01724e-07,-2.04555e-09,9.63538e-08,0.0,-3.06721e-09,-3.06721e-09,-3.06721e-09,0.0,0.0002
3.76,250.819,-250.814,-250.814,-250.811,1.01724e-07,-2.04555e-09,9.63538e-08,0.0,-3.06721e-09,-3.06721e-09,-3.06721e-09,0.0,0.0002
3.765,250.819,-250.814,-250.814,-250.811,1.01724e-07,-2.04555e-09,9.63538e-08,0.0,-3.06721e-09,-3.06721e-09,-3.06721e-09,0.0,0.0002
3.77,250.819,-250.814,-250.814,-250.811,1.01724e-07,-2.04555e-09,9.63538e-08,0.0,-3.06721e-09,-3.06721e-09,-3.06721e-09,0.0,0.0002
3.775,250.819,-250.814,-250.814,-250.811,1.01724e-07,-2.04555e-09,9.63538e-08,0.0,-3.06721e-09,-3.06721e-09,-3.06721e-09,0.0,0.0002
3.78,250.819,-250.814,-250.814,-250.811,1.01724e-07,-2.04555e-09,9.63538e-08,0.0,-3.06721e-09,-3.06721e-09,-3.06721e-09,0.0,0.0002
3.785,250.819,-250.814,-250.814,-250.811,1.01724e-07,-2.04555e-09,9.63538e-08,0.0,-3.06721e-09,-3.06721e-09,-3.06721e-09,0.0,0.0002
3.79,250.819,-250.814,-250.814,-250.811,1.01724e-07,-2.04555e-09,9.63538e-08,0.0,-3.06721e-09,-3.06721e-09,-3.06721e-09,0.0,0.0002
3.795,250.819,-250.814,-250.814,-250.811,1.01724e-07,-2.04555e-09,9.63538e-08,0.0,-3.06721e-09,-3.06721e-09,-3.06721e-09,0.0,0.0002
3.8,250.819,-250.814,-250.814,-250.811,1.01724e-07,-2.04555e-09,9.63538e-08,0.0,-3.06721e-09,-3.06721e-09,-3.06721e-09,0.0,0.0002
3.805,250.819,-250.814,-250.814,-250.811,1.01724e-07,-2.04555e-09,9.63538e-08,0.0,-3.06721e-09,-3.06721e-09,-3.06721e-09,0.0,0.0002
3.81,250.819,-250.814,-250.814,-250.811,1.01724e-07,-2.04555e-09,9.63538e-08,0.0,-3.06721e-09,-3.06721e-09,-3.06721e-09,0.0,0.0002
3.815,250.819,-250.814,-250.814,-250.811,1.01724e-07,-2.04555e-09,9.63538e-08,0.0,-3.06721e-09,-3.06721e-09,-3.06721e-09,0.0,0.0002
3.82,250.819,-250.814,-250.814,-250.811,1.01724e-07,-2.04555e-09,9.63538e-08,0.0,-3.06721e-09,-3.06721e-09,-3.06721e-09,0.0,0.0002
3.825,250.819,-250.814,-250.814,-250.811,1.01724e-07,-2.04555e-09,9.63538e-08,0.0,-3.06721e-09,-3.06721e-09,-3.06721e-09,0.0,0.0002
3.83,250.819,-250.814,-250.814,-250.811,1.01724e-07,-2.04555e-09,9.63538e-08,0.0,-3.06721e-09,-3.06721e-09,-3.06721e-09,0.0,0.0002
3.835,250.819,-250.814,-250.814,-250.811,1.01724e-07,-2.04555e-09,9.63538e-08,0.0,-3.06721e-09,-3.06721e-09,-3.06721e-09,0.0,0.0002
3.84,250.819,-250.814,-250.814,-250.811,1.01724e-07,-2.04555e-09,9.63538e-08,0.0,-3.06721e-09,-3.06721e-09,-3.06721e-09,0.0,0.0002
3.845,250.819,-250.814,-250.814,-250.811,1.01724e-07,-2.04555e-09,9.63538e-08,0.0,-3.06721e-09,-3.06721e-09,-3.06721e-09,0.0,0.0002
3.85,250.819,-250.814,-250.814,-250.811,1.01724e-07,-2.04555e-09,9.63538e-08,0.0,-3.06721e-09,-3.06721e-09,-3.06721e-09,0.0,0.0002
3.855,250.819,-250.814,-250.814,-250.811,1.01724e-07,-2.04555e-09,9.63538e-08,0.0,-3.06721e-09,-3.06721e-09,-3.06721e-09,0.0,0.0002
3.86,250.819,-250.814,-250.814,-250.811,1.01724e-07,-2.04555e-09,9.63538e-08,0.0,-3.06721e-09,-3.06721e-09,-3.06721e-09,0.0,0.0002
3.865,250.819,-250.814,-250.814,-250.811,1.01724e-07,-2.04555e-09,9.63538e-08,0.0,-3.06721e-09,-3.06721e-09,-3.06721e-09,0.0,0.0002
3.87,250.819,-250.814,-250.814,-250.811,1.01724e-07,-2.04555e-09,9.63538e-08,0.0,-3.06721e-09,-3.06721e-09,-3.06721e-09,0.0,0.0002
3.875,250.819,-250.814,-250.814,-250.811,1.01724e-07,-2.04555e-09,9.63538e-08,0.0,-3.06721e-09,-3.06721e-09,-3.06721e-09,0.0,0.0002
3.88,250.819,-250.814,-250.814,-250.811,1.01724e-07,-2.04555e-09,9.63538e-08,0.0,-3.06721e-09,-3.06721e-09,-3.06721e-09,0.0,0.0002
3.885,250.819,-250.814,-250.814,-250.811,1.01724e-07,-2.04555e-09,9.63538e-08,0.0,-3.06721e-09,-3.06721e-09,-3.06721e-09,0.0,0.0002
3.89,250.819,-250.814,-250.814,-250.811,1.01724e-07,-2.04555e-09,9.63538e-08,0.0,-3.06721e-09,-3.06721e-09,-3.06721e-09,0.0,0.0002
3.895,250.819,-250.814,-250.814,-250.811,1.01724e-07,-2.04555e-09,9.63538e-08,0.0,-3.06721e-09,-3.06721e-09,-3.06721e-09,0.0,0.0002
3.9,250.819,-250.814,-250.814,-250.811,1.01724e-07,-2.04555e-09,9.63538e-08,0.0,-3.06721e-09,-3.06721e-09,-3.06721e-09,0.0,0.0002
3.905,250.819,-250.814,-250.814,-250.811,1.01724e-07,-2.04555e-09,9.63538e-08,0.0,-3.06721e-09,-3.06721e-09,-3.06721e-09,0.0,0.0002
3.91,250.819,-250.814,-250.814,-250.811,1.01724e-07,-2.04555e-09,9.63538e-08,0.0,-3.06721e-09,-3.06721e-09,-3.06721e-09,0.0,0.0002
3.915,250.819,-250.814,-250.814,-250.811,1.01724e-07,-2.04555e-09,9.63538e-08,0.0,-3.06721e-09,-3.06721e-09,-3.06721e-09,0.0,0.0002
3.92,250.819,-250.814,-250.814,-250.811,1.01724e-07,-2.04555e-09,9.63538e-08,0.0,-3.06721e-09,-3.06721e-09,-3.06721e-09,0.0,0.0002
3.925,250.819,-250.814,-250.814,-250.811,1.01724e-07,-2.04555e-09,9.63538e-08,0.0,-3.06721e-09,-3.06721e-09,-3.06721e-09,0.0,0.0002
3.93,250.819,-250.814,-250.814,-250.811,1.01724e-07,-2.04555e-09,9.63538e-08,0.0,-3.06721e-09,-3.06721e-09,-3.06721e-09,0.0,0.0002
3.935,250.819,-250.814,-250.814,-250.811,1.01724e-07,-2.04555e-09,9.63538e-08,0.0,-3.06721e-09,-3.06721e-09,-3.06721e-09,0.0,0.0002
3.94,250.819,-250.814,-250.814,-250.811,1.01724e-07,-2.04555e-09,9.63538e-08,0.0,-3.06721e-09,-3.06721e-09,-3.06721e-09,0.0,0.0002
3.945,250.819,-250.814,-250.814,-250.811,1.01724e-07,-2.04555e-09,9.63538e-08,0.0,-3.06721e-09,-3.06721e-09,-3.06721e-09,0.0,0.0002
3.95,250.819,-250.814,-250.814,-250.811,1.01724e-07,-2.04555e-09,9.63538e-08,0.0,-3.06721e-09,-3.06721e-09,-3.06721e-09,0.0,0.0002
3.955,250.819,-250.814,-250.814,-250.811,1.01724e-07,-2.04555e-09,9.63538e-08,0.0,-3.06721e-09,-3.06721e-09,-3.06721e-09,0.0,0.0002
3.96,250.819,-250.814,-250.814,-250.811,1.01724e-07,-2.04555e-09,9.63538e-08,0.0,-3.06721e-09,-3.06721e-09,-3.06721e-09,0.0,0.0002
3.965,250.819,-250.814,-250.814,-250.811,1.01724e-07,-2.04555e-09,9.63538e-08,0.0,-3.06721e-09,-3.06721e-09,-3.06721e-09,0.0,0.0002
3.97,250.819,-250.814,-250.814,-250.811,1.01724e-07,-2.04555e-09,9.63538e-08,0.0,-3.06721e-09,-3.06721e-09,-3.06721e-09,0.0,0.0002
3.975,250.819,-250.814,-250.814,-250.811,1.01724e-07,-2.04555e-09,9.63538e-08,0.0,-3.06721e-09,-3.06721e-09,-3.06721e-09,0.0,0.0002
3.98,250.819,-250.814,-250.814,-250.811,1.01724e-07,-2.04555e-09,9.63538e-08,0.0,-3.06721e-09,-3.06721e-09,-3.06721e-09,0.0,0.0002
3.985,250.819,-250.814,-250.814,-250.811,1.01724e-07,-2.04555e-09,9.63538e-08,0.0,-3.06721e-09,-3.06721e-09,-3.06721e-09,0.0,0.0002
3.99,250.819,-250.814,-250.814,-250.811,1.01724e-07,-2.04555e-09,9.63538e-08,0.0,-3.06721e-09,-3.06721e-09,-3.06721e-09,0.0,0.0002
3.995,250.819,-250.814,-250.814,-250.811,1.01724e-07,-2.04555e-09,9.63538e-08,0.0,-3.06721e-09,-3.06721e-09,-3.06721e-09,0.0,0.0002
4.0,250.819,-250.814,-250.814,-250.811,1.01724e-07,-2.04555e-09,9.63538e-08,0.0,-3.06721e-09,-3.06721e-09,-3.06721e-09,0.0,0.0002
4.005,250.819,-250.814,-250.814,-250.811,1.01724e-07,-2.04555e-09,9.63538e-08,0.0,-3.06721e-09,-3.06721e-09,-3.06721e-09,0.0,0.0002
4.01,250.819,-250.814,-250.814,-250.811,1.01724e-07,-2.04555e-09,9.63538e-08,0.0,-3.06721e-09,-3.06721e-09,-3.06721e-09,0.0,0.0002
4.015,250.819,-250.814,-250.814,-250.811,1.01724e-07,-2.04555e-09,9.63538e-08,0.0,-3.06721e-09,-3.06721e-09,-3.06721e-09,0.0,0.0002
4.02,250.819,-250.814,-250.814,-250.811,1.01724e-07,-2.04555e-09,9.63538e-08,0.0,-3.06721e-09,-3.06721e-09,-3.06721e-09,0.0,0.0002
4.025,250.819,-250.814,-250.814,-250.811,1.01724e-07,-2.04555e-09,9.63538e-08,0.0,-3.06721e-09,-3.06721e-09,-3.06721e-09,0.0,0.0002
4.03,250.819,-250.814,-250.814,-250.811,1.01724e-07,-2.04555e-09,9.63538e-08,0.0,-3.06721e-09,-3.06721e-09,-3.06721e-09,0.0,0.0002
4.035,250.819,-250.814,-250.814,-250.811,1.01724e-07,-2.04555e-09,9.63538e-08,0.0,-3.06721e-09,-3.06721e-09,-3.06721e-09,0.0,0.0002
4.04,250.819,-250.814,-250.814,-250.811,1.01724e-07,-2.04555e-09,9.63538e-08,0.0,-3.06721e-09,-3.06721e-09,-3.06721e-09,0.0,0.0002
4.045,250.819,-250.814,-250.814,-250.811,1.01724e-07,-2.04555e-09,9.63538e-08,0.0,-3.06721e-09,-3.06721e-09,-3.06721e-09,0.0,0.0002
4.05,250.819,-250.814,-250.814,-250.811,1.01724e-07,-2.04555e-09,9.63538e-08,0.0,-3.06721e-09,-3.06721e-09,-3.06721e-09,0.0,0.0002
4.055,250.819,-250.814,-250.814,-250.811,1.01724e-07,-2.04555e-09,9.63538e-08,0.0,-3.06721e-09,-3.06721e-09,-3.06721e-09,0.0,0.0002
4.06,250.819,-250.814,-250.814,-250.811,1.01724e-07,-2.04555e-09,9.63538e-08,0.0,-3.06721e-09,-3.06721e-09,-3.06721e-09,0.0,0.0002
4.065,250.819,-250.814,-250.814,-250.811,1.01724e-07,-2.04555e-09,9.63538e-08,0.0,-3.06721e-09,-3.06721e-09,-3.06721e-09,0.0,0.0002
4.07,250.819,-250.814,-250.814,-250.811,1.01724e-07,-2.04555e-09,9.63538e-08,0.0,-3.06721e-09,-3.06721e-09,-3.06721e-09,0.0,0.0002
4.075,250.819,-250.814,-250.814,-250.811,1.01724e-07,-2.04555e-09,9.63538e-08,0.0,-3.06721e-09,-3.06721e-09,-3.06721e-09,0.0,0.0002
4.08,250.819,-250.814,-250.814,-250.811,1.01724e-07,-2.04555e-09,9.63538e-08,0.0,-3.06721e-09,-3.06721e-09,-3.06721e-09,0.0,0.0002
4.085,250.819,-250.814,-250.814,-250.811,1.01724e-07,-2.04555e-09,9.63538e-08,0.0,-3.06721e-09,-3.06721e-09,-3.06721e-09,0.0,0.0002
4.09,250.819,-250.814,-250.814,-250.811,1.01724e-07,-2.04555e-09,9.63538e-08,0.0,-3.06721e-09,-3.06721e-09,-3.06721e-09,0.0,0.0002
4.095,250.819,-250.814,-250.814,-250.811,1.01724e-07,-2.04555e-09,9.63538e-08,0.0,-3.06721e-09,-3.06721e-09,-3.06721e-09,0.0,0.0002
4.1,250.819,-250.814,-250.814,-250.811,1.01724e-07,-2.04555e-09,9.63538e-08,0.0,-3.06721e-09,-3.06721e-09,-3.06721e-09,0.0,0.0002
4.105,250.819,-250.814,-250.814,-250.811,1.01724e-07,-2.04555e-09,9.63538e-08,0.0,-3.06721e-09,-3.06721e-09,-3.06721e-09,0.0,0.0002
4.11,250.819,-250.814,-250.814,-250.811,1.01724e-07,-2.04555e-09,9.63538e-08,0.0,-3.06721e-09,-3.06721e-09,-3.06721e-09,0.0,0.0002
4.115,250.819,-250.814,-250.814,-250.811,1.01724e-07,-2.04555e-09,9.63538e-08,0.0,-3.06721e-09,-3.06721e-09,-3.06721e-09,0.0,0.0002
4.12,250.819,-250.814,-250.814,-250.811,1.01724e-07,-2.04555e-09,9.63538e-08,0.0,-3.06721e-09,-3.06721e-09,-3.06721e-09,0.0,0.0002
4.125,250.819,-250.814,-250.814,-250.811,1.01724e-07,-2.04555e-09,9.63538e-08,0.0,-3.06721e-09,-3.06721e-09,-3.06721e-09,0.0,0.0002
4.13,250.819,-250.814,-250.814,-250.811,1.01724e-07,-2.04555e-09,9.63538e-08,0.0,-3.06721e-09,-3.06721e-09,-3.06721e-09,0.0,0.0002
4.135,250.819,-250.814,-250.814,-250.811,1.01724e-07,-2.04555e-09,9.63538e-08,0.0,-3.06721e-09,-3.06721e-09,-3.06721e-09,0.0,0.0002
4.14,250.819,-250.814,-250.814,-250.811,1.01724e-07,-2.04555e-09,9.63538e-08,0.0,-3.06721e-09,-3.06721e-09,-3.06721e-09,0.0,0.0002
4.145,250.819,-250.814,-250.814,-250.811,1.01724e-07,-2.04555e-09,9.63538e-08,0.0,-3.06721e-09,-3.06721e-09,-3.06721e-09,0.0,0.0002
4.15,250.819,-250.814,-250.814,-250.811,1.01724e-07,-2.04555e-09,9.63538e-08,0.0,-3.06721e-09,-3.06721e-09,-3.06721e-09,0.0,0.0002
4.155,250.819,-250.814,-250.814,-250.811,1.01724e-07,-2.04555e-09,9.63538e-08,0.0,-3.06721e-09,-3.06721e-09,-3.06721e-09,0.0,0.0002
4.16,250.819,-250.814,-250.814,-250.811,1.01724e-07,-2.04555e-09,9.63538e-08,0.0,-3.06721e-09,-3.06721e-09,-3.06721e-09,0.0,0.0002
4.165,250.819,-250.814,-250.814,-250.811,1.01724e-07,-2.04555e-09,9.63538e-08,0.0,-3.06721e-09,-3.06721e-09,-3.06721e-09,0.0,0.0002
4.17,250.819,-250.814,-250.814,-250.811,1.01724e-07,-2.04555e-09,9.63538e-08,0.0,-3.06721e-09,-3.06721e-09,-3.06721e-09,0.0,0.0002
4.175,250.819,-250.814,-250.814,-250.811,1.01724e-07,-2.04555e-09,9.63538e-08,0.0,-3.06721e-09,-3.06721e-09,-3.06721e-09,0.0,0.0002
4.18,250.819,-250.814,-250.814,-250.811,1.01724e-07,-2.04555e-09,9.63538e-08,0.0,-3.06721e-09,-3.06721e-09,-3.06721e-09,0.0,0.0002
4.185,250.819,-250.814,-250.814,-250.811,1.01724e-07,-2.04555e-09,9.63538e-08,0.0,-3.06721e-09,-3.06721e-09,-3.06721e-09,0.0,0.0002
4.19,250.819,-250.814,-250.814,-250.811,1.01724e-07,-2.04555e-09,9.63538e-08,0.0,-3.06721e-09,-3.06721e-09,-3.06721e-09,0.0,0.0002
4.195,250.819,-250.814,-250.814,-250.811,1.01724e-07,-2.04555e-09,9.63538e-08,0.0,-3.06721e-09,-3.06721e-09,-3.06721e-09,0.0,0.0002
4.2,250.819,-250.814,-250.814,-250.811,1.01724e-07,-2.04555e-09,9.63538e-08,0.0,-3.06721e-09,-3.06721e-09,-3.06721e-09,0.0,0.0002
4.205,250.819,-250.814,-250.814,-250.811,1.01724e-07,-2.04555e-09,9.63538e-08,0.0,-3.06721e-09,-3.06721e-09,-3.06721e-09,0.0,0.0002
4.21,250.819,-250.814,-250.814,-250.811,1.01724e-07,-2.04555e-09,9.63538e-08,0.0,-3.06721e-09,-3.06721e-09,-3.06721e-09,0.0,0.0002
4.215,250.819,-250.814,-250.814,-250.811,1.01724e-07,-2.04555e-09,9.63538e-08,0.0,-3.06721e-09,-3.06721e-09,-3.06721e-09,0.0,0.0002
4.22,250.819,-250.814,-250.814,-250.811,1.01724e-07,-2.04555e-09,9.63538e-08,0.0,-3.06721e-09,-3.06721e-09,-3.06721e-09,0.0,0.0002
4.225,250.819,-250.814,-250.814,-250.811,1.01724e-07,-2.04555e-09,9.63538e-08,0.0,-3.06721e-09,-3.06721e-09,-3.06721e-09,0.0,0.0002
4.23,250.819,-250.814,-250.814,-250.811,1.01724e-07,-2.04555e-09,9.63538e-08,0.0,-3.06721e-09,-3.06721e-09,-3.06721e-09,0.0,0.0002
4.235,250.819,-250.814,-250.814,-250.811,1.01724e-07,-2.04555e-09,9.63538e-08,0.0,-3.06721e-09,-3.06721e-09,-3.06721e-09,0.0,0.0002
4.24,250.819,-250.814,-250.814,-250.811,1.01724e-07,-2.04555e-09,9.63538e-08,0.0,-3.06721e-09,-3.06721e-09,-3.06721e-09,0.0,0.0002
4.245,250.819,-250.814,-250.814,-250.811,1.01724e-07,-2.04555e-09,9.63538e-08,0.0,-3.06721e-09,-3.06721e-09,-3.06721e-09,0.0,0.0002
4.25,250.819,-250.814,-250.814,-250.811,1.01724e-07,-2.04555e-09,9.63538e-08,0.0,-3.06721e-09,-3.06721e-09,-3.06721e-09,0.0,0.0002
4.255,250.819,-250.814,-250.814,-250.811,1.01724e-07,-2.04555e-09,9.63538e-08,0.0,-3.06721e-09,-3.06721e-09,-3.06721e-09,0.0,0.0002
4.26,250.819,-250.814,-250.814,-250.811,1.01724e-07,-2.04555e-09,9.63538e-08,0.0,-3.06721e-09,-3.06721e-09,-3.06721e-09,0.0,0.0002
4.265,250.819,-250.814,-250.814,-250.811,1.01724e-07,-2.04555e-09,9.63538e-08,0.0,-3.06721e-09,-3.06721e-09,-3.06721e-09,0.0,0.0002
4.27,250.819,-250.814,-250.814,-250.811,1.01724e-07,-2.04555e-09,9.63538e-08,0.0,-3.06721e-09,-3.06721e-09,-3.06721e-09,0.0,0.0002
4.275,250.819,-250.814,-250.814,-250.811,1.01724e-07,-2.04555e-09,9.63538e-08,0.0,-3.06721e-09,-3.06721e-09,-3.06721e-09,0.0,0.0002
4.28,250.819,-250.814,-250.814,-250.811,1.01724e-07,-2.04555e-09,9.63538e-08,0.0,-3.06721e-09,-3.06721e-09,-3.06721e-09,0.0,0.0002
4.285,250.819,-250.814,-250.814,-250.811,1.01724e-07,-2.04555e-09,9.63538e-08,0.0,-3.06721e-09,-3.06721e-09,-3.06721e-09,0.0,0.0002
4.29,250.819,-250.814,-250.814,-250.811,1.01724e-07,-2.04555e-09,9.63538e-08,0.0,-3.06721e-09,-3.06721e-09,-3.06721e-09,0.0,0.0002
4.295,250.819,-250.814,-250.814,-250.811,1.01724e-07,-2.04555e-09,9.63538e-08,0.0,-3.06721e-09,-3.06721e-09,-3.06721e-09,0.0,0.0002
4.3,250.819,-250.814,-250.814,-250.811,1.01724e-07,-2.04555e-09,9.63538e-08,0.0,-3.06721e-09,-3.06721e-09,-3.06721e-09,0.0,0.0002
4.305,250.819,-250.814,-250.814,-250.811,1.01724e-07,-2.04555e-09,9.63538e-08,0.0,-3.06721e-09,-3.06721e-09,-3.06721e-09,0.0,0.0002
4.31,250.819,-250.814,-250.814,-250.811,1.01724e-07,-2.04555e-09,9.63538e-08,0.0,-3.06721e-09,-3.06721e-09,-3.06721e-09,0.0,0.0002
4.315,250.819,-250.814,-250.814,-250.811,1.01724e-07,-2.04555e-09,9.63538e-08,0.0,-3.06721e-09,-3.06721e-09,-3.06721e-09,0.0,0.0002
4.32,250.819,-250.814,-250.814,-250.811,1.01724e-07,-2.04555e-09,9.63538e-08,0.0,-3.06721e-09,-3.06721e-09,-3.06721e-09,0.0,0.0002
4.325,250.819,-250.814,-250.814,-250.811,1.01724e-07,-2.04555e-09,9.63538e-08,0.0,-3.06721e-09,-3.06721e-09,-3.06721e-09,0.0,0.0002
4.33,250.819,-250.814,-250.814,-250.811,1.01724e-07,-2.04555e-09,9.63538e-08,0.0,-3.06721e-09,-3.06721e-09,-3.06721e-09,0.0,0.0002
4.335,250.819,-250.814,-250.814,-250.811,1.01724e-07,-2.04555e-09,9.63538e-08,0.0,-3.06721e-09,-3.06721e-09,-3.06721e-09,0.0,0.0002
4.34,250.819,-250.814,-250.814,-250.811,1.01724e-07,-2.04555e-09,9.63538e-08,0.0,-3.06721e-09,-3.06721e-09,-3.06721e-09,0.0,0.0002
4.345,250.819,-250.814,-250.814,-250.811,1.01724e-07,-2.04555e-09,9.63538e-08,0.0,-3.06721e-09,-3.06721e-09,-3.06721e-09,0.0,0.0002
4.35,250.819,-250.814,-250.814,-250.811,1.01724e-07,-2.04555e-09,9.63538e-08,0.0,-3.06721e-09,-3.06721e-09,-3.06721e-09,0.0,0.0002
4.355,250.819,-250.814,-250.814,-250.811,1.01724e-07,-2.04555e-09,9.63538e-08,0.0,-3.06721e-09,-3.06721e-09,-3.06721e-09,0.0,0.0002
4.36,250.819,-250.814,-250.814,-250.811,1.01724e-07,-2.04555e-09,9.63538e-08,0.0,-3.06721e-09,-3.06721e-09,-3.06721e-09,0.0,0.0002
4.365,250.819,-250.814,-250.814,-250.811,1.01724e-07,-2.04555e-09,9.63538e-08,0.0,-3.06721e-09,-3.06721e-09,-3.06721e-09,0.0,0.0002
4.37,250.819,-250.814,-250.814,-250.811,1.01724e-07,-2.04555e-09,9.63538e-08,0.0,-3.06721e-09,-3.06721e-09,-3.06721e-09,0.0,0.0002
4.375,250.819,-250.814,-250.814,-250.811,1.01724e-07,-2.04555e-09,9.63538e-08,0.0,-3.06721e-09,-3.06721e-09,-3.06721e-09,0.0,0.0002
4.38,250.819,-250.814,-250.814,-250.811,1.01724e-07,-2.04555e-09,9.63538e-08,0.0,-3.06721e-09,-3.06721e-09,-3.06721e-09,0.0,0.0002
4.385,250.819,-250.814,-250.814,-250.811,1.01724e-07,-2.04555e-09,9.63538e-08,0.0,-3.06721e-09,-3.06721e-09,-3.06721e-09,0.0,0.0002
4.39,250.819,-250.814,-250.814,-250.811,1.01724e-07,-2.04555e-09,9.63538e-08,0.0,-3.06721e-09,-3.06721e-09,-3.06721e-09,0.0,0.0002
4.395,250.819,-250.814,-250.814,-250.811,1.01724e-07,-2.04555e-09,9.63538e-08,0.0,-3.06721e-09,-3.06721e-09,-3.06721e-09,0.0,0.0002
4.4,250.819,-250.814,-250.814,-250.811,1.01724e-07,-2.04555e-09,9.63538e-08,0.0,-3.06721e-09,-3.06721e-09,-3.06721e-09,0.0,0.0002
4.405,250.819,-250.814,-250.814,-250.811,1.01724e-07,-2.04555e-09,9.63538e-08,0.0,-3.06721e-09,-3.06721e-09,-3.06721e-09,0.0,0.0002
4.41,250.819,-250.814,-250.814,-250.811,1.01724e-07,-2.04555e-09,9.63538e-08,0.0,-3.06721e-09,-3.06721e-09,-3.06721e-09,0.0,0.0002
4.415,250.819,-250.814,-250.814,-250.811,1.01724e-07,-2.04555e-09,9.63538e-08,0.0,-3.06721e-09,-3.06721e-09,-3.06721e-09,0.0,0.0002
4.42,250.819,-250.814,-250.814,-250.811,1.01724e-07,-2.04555e-09,9.63538e-08,0.0,-3.06721e-09,-3.06721e-09,-3.06721e-09,0.0,0.0002
4.425,250.819,-250.814,-250.814,-250.811,1.01724e-07,-2.04555e-09,9.63538e-08,0.0,-3.06721e-09,-3.06721e-09,-3.06721e-09,0.0,0.0002
4.43,250.819,-250.814,-250.814,-250.811,1.01724e-07,-2.04555e-09,9.63538e-08,0.0,-3.06721e-09,-3.06721e-09,-3.06721e-09,0.0,0.0002
4.435,250.819,-250.814,-250.814,-250.811,1.01724e-07,-2.04555e-09,9.63538e-08,0.0,-3.06721e-09,-3.06721e-09,-3.06721e-09,0.0,0.0002
4.44,250.819,-250.814,-250.814,-250.811,1.01724e-07,-2.04555e-09,9.63538e-08,0.0,-3.06721e-09,-3.06721e-09,-3.06721e-09,0.0,0.0002
4.445,250.819,-250.814,-250.814,-250.811,1.01724e-07,-2.04555e-09,9.63538e-08,0.0,-3.06721e-09,-3.06721e-09,-3.06721e-09,0.0,0.0002
4.45,250.819,-250.814,-250.814,-250.811,1.01724e-07,-2.04555e-09,9.63538e-08,0.0,-3.06721e-09,-3.06721e-09,-3.06721e-09,0.0,0.0002
4.455,250.819,-250.814,-250.814,-250.811,1.01724e-07,-2.04555e-09,9.63538e-08,0.0,-3.06721e-09,-3.06721e-09,-3.06721e-09,0.0,0.0002
4.46,250.819,-250.814,-250.814,-250.811,1.01724e-07,-2.04555e-09,9.63538e-08,0.0,-3.06721e-09,-3.06721e-09,-3.06721e-09,0.0,0.0002
4.465,250.819,-250.814,-250.814,-250.811,1.01724e-07,-2.04555e-09,9.63538e-08,0.0,-3.06721e-09,-3.06721e-09,-3.06721e-09,0.0,0.0002
4.47,250.819,-250.814,-250.814,-250.811,1.01724e-07,-2.04555e-09,9.63538e-08,0.0,-3.06721e-09,-3.06721e-09,-3.06721e-09,0.0,0.0002
4.475,250.819,-250.814,-250.814,-250.811,1.01724e-07,-2.04555e-09,9.63538e-08,0.0,-3.06721e-09,-3.06721e-09,-3.06721e-09,0.0,0.0002
4.48,250.819,-250.814,-250.814,-250.811,1.01724e-07,-2.04555e-09,9.63538e-08,0.0,-3.06721e-09,-3.06721e-09,-3.06721e-09,0.0,0.0002
4.485,250.819,-250.814,-250.814,-250.811,1.01724e-07,-2.04555e-09,9.63538e-08,0.0,-3.06721e-09,-3.06721e-09,-3.06721e-09,0.0,0.0002
4.49,250.819,-250.814,-250.814,-250.811,1.01724e-07,-2.04555e-09,9.63538e-08,0.0,-3.06721e-09,-3.06721e-09,-3.06721e-09,0.0,0.0002
4.495,250.819,-250.814,-250.814,-250.811,1.01724e-07,-2.04555e-09,9.63538e-08,0.0,-3.06721e-09,-3.06721e-09,-3.06721e-09,0.0,0.0002
4.5,250.819,-250.814,-250.814,-250.811,1.01724e-07,-2.04555e-09,9.63538e-08,0.0,-3.06721e-09,-3.06721e-09,-3.06721e-09,0.0,0.0002
4.505,250.819,-250.814,-250.814,-250.811,1.01724e-07,-2.04555e-09,9.63538e-08,0.0,-3.06721e-09,-3.06721e-09,-3.06721e-09,0.0,0.0002
4.51,250.819,-250.814,-250.814,-250.811,1.01724e-07,-2.04555e-09,9.63538e-08,0.0,-3.06721e-09,-3.06721e-09,-3.06721e-09,0.0,0.0002
4.515,250.819,-250.814,-250.814,-250.811,1.01724e-07,-2.04555e-09,9.63538e-08,0.0,-3.06721e-09,-3.06721e-09,-3.06721e-09,0.0,0.0002
4.52,250.819,-250.814,-250.814,-250.811,1.01724e-07,-2.04555e-09,9.63538e-08,0.0,-3.06721e-09,-3.06721e-09,-3.06721e-09,0.0,0.0002
4.525,250.819,-250.814,-250.814,-250.811,1.01724e-07,-2.04555e-09,9.63538e-08,0.0,-3.06721e-09,-3.06721e-09,-3.06721e-09,0.0,0.0002
4.53,250.819,-250.814,-250.814,-250.811,1.01724e-07,-2.04555e-09,9.63538e-08,0.0,-3.06721e-09,-3.06721e-09,-3.06721e-09,0.0,0.0002
4.535,250.819,-250.814,-250.814,-250.811,1.01724e-07,-2.04555e-09,9.63538e-08,0.0,-3.06721e-09,-3.06721e-09,-3.06721e-09,0.0,0.0002
4.54,250.819,-250.814,-250.814,-250.811,1.01724e-07,-2.04555e-09,9.63538e-08,0.0,-3.06721e-09,-3.06721e-09,-3.06721e-09,0.0,0.0002
4.545,250.819,-250.814,-250.814,-250.811,1.01724e-07,-2.04555e-09,9.63538e-08,0.0,-3.06721e-09,-3.06721e-09,-3.06721e-09,0.0,0.0002
4.55,250.819,-250.814,-250.814,-250.811,1.01724e-07,-2.04555e-09,9.63538e-08,0.0,-3.06721e-09,-3.06721e-09,-3.06721e-09,0.0,0.0002
4.555,250.819,-250.814,-250.814,-250.811,1.01724e-07,-2.04555e-09,9.63538e-08,0.0,-3.06721e-09,-3.06721e-09,-3.06721e-09,0.0,0.0002
4.56,250.819,-250.814,-250.814,-250.811,1.01724e-07,-2.04555e-09,9.63538e-08,0.0,-3.06721e-09,-3.06721e-09,-3.06721e-09,0.0,0.0002
4.565,250.819,-250.814,-250.814,-250.811,1.01724e-07,-2.04555e-09,9.63538e-08,0.0,-3.06721e-09,-3.06721e-09,-3.06721e-09,0.0,0.0002
4.57,250.819,-250.814,-250.814,-250.811,1.01724e-07,-2.04555e-09,9.63538e-08,0.0,-3.06721e-09,-3.06721e-09,-3.06721e-09,0.0,0.0002
4.575,250.819,-250.814,-250.814,-250.811,1.01724e-07,-2.04555e-09,9.63538e-08,0.0,-3.06721e-09,-3.06721e-09,-3.06721e-09,0.0,0.0002
4.58,250.819,-250.814,-250.814,-250.811,1.01724e-07,-2.04555e-09,9.63538e-08,0.0,-3.06721e-09,-3.06721e-09,-3.06721e-09,0.0,0.0002
4.585,250.819,-250.814,-250.814,-250.811,1.01724e-07,-2.04555e-09,9.63538e-08,0.0,-3.06721e-09,-3.06721e-09,-3.06721e-09,0.0,0.0002
4.59,250.819,-250.814,-250.814,-250.811,1.01724e-07,-2.04555e-09,9.63538e-08,0.0,-3.06721e-09,-3.06721e-09,-3.06721e-09,0.0,0.0002
4.595,250.819,-250.814,-250.814,-250.811,1.01724e-07,-2.04555e-09,9.63538e-08,0.0,-3.06721e-09,-3.06721e-09,-3.06721e-09,0.0,0.0002
4.6,250.819,-250.814,-250.814,-250.811,1.01724e-07,-2.04555e-09,9.63538e-08,0.0,-3.06721e-09,-3.06721e-09,-3.06721e-09,0.0,0.0002
4.605,250.819,-250.814,-250.814,-250.811,1.01724e-07,-2.04555e-09,9.63538e-08,0.0,-3.06721e-09,-3.06721e-09,-3.06721e-09,0.0,0.0002
4.61,250.819,-250.814,-250.814,-250.811,1.01724e-07,-2.04555e-09,9.63538e-08,0.0,-3.06721e-09,-3.06721e-09,-3.06721e-09,0.0,0.0002
4.615,250.819,-250.814,-250.814,-250.811,1.01724e-07,-2.04555e-09,9.63538e-08,0.0,-3.06721e-09,-3.06721e-09,-3.06721e-09,0.0,0.0002
4.62,250.819,-250.814,-250.814,-250.811,1.01724e-07,-2.04555e-09,9.63538e-08,0.0,-3.06721e-09,-3.06721e-09,-3.06721e-09,0.0,0.0002
4.625,250.819,-250.814,-250.814,-250.811,1.01724e-07,-2.04555e-09,9.63538e-08,0.0,-3.06721e-09,-3.06721e-09,-3.06721e-09,0.0,0.0002
4.63,250.819,-250.814,-250.814,-250.811,1.01724e-07,-2.04555e-09,9.63538e-08,0.0,-3.06721e-09,-3.06721e-09,-3.06721e-09,0.0,0.0002
4.635,250.819,-250.814,-250.814,-250.811,1.01724e-07,-2.04555e-09,9.63538e-08,0.0,-3.06721e-09,-3.06721e-09,-3.06721e-09,0.0,0.0002
4.64,250.819,-250.814,-250.814,-250.811,1.01724e-07,-2.04555e-09,9.63538e-08,0.0,-3.06721e-09,-3.06721e-09,-3.06721e-09,0.0,0.0002
4.645,250.819,-250.814,-250.814,-250.811,1.01724e-07,-2.04555e-09,9.63538e-08,0.0,-3.06721e-09,-3.06721e-09,-3.06721e-09,0.0,0.0002
4.65,250.819,-250.814,-250.814,-250.811,1.01724e-07,-2.04555e-09,9.63538e-08,0.0,-3.06721e-09,-3.06721e-09,-3.06721e-09,0.0,0.0002
4.655,250.819,-250.814,-250.814,-250.811,1.01724e-07,-2.04555e-09,9.63538e-08,0.0,-3.06721e-09,-3.06721e-09,-3.06721e-09,0.0,0.0002
4.66,250.819,-250.814,-250.814,-250.811,1.01724e-07,-2.04555e-09,9.63538e-08,0.0,-3.06721e-09,-3.06721e-09,-3.06721e-09,0.0,0.0002
4.665,250.819,-250.814,-250.814,-250.811,1.01724e-07,-2.04555e-09,9.63538e-08,0.0,-3.06721e-09,-3.06721e-09,-3.06721e-09,0.0,0.0002
4.67,250.819,-250.814,-250.814,-250.811,1.01724e-07,-2.04555e-09,9.63538e-08,0.0,-3.06721e-09,-3.06721e-09,-3.06721e-09,0.0,0.0002
4.675,250.819,-250.814,-250.814,-250.811,1.01724e-07,-2.04555e-09,9.63538e-08,0.0,-3.06721e-09,-3.06721e-09,-3.06721e-09,0.0,0.0002
4.68,250.819,-250.814,-250.814,-250.811,1.01724e-07,-2.04555e-09,9.63538e-08,0.0,-3.06721e-09,-3.06721e-09,-3.06721e-09,0.0,0.0002
4.685,250.819,-250.814,-250.814,-250.811,1.01724e-07,-2.04555e-09,9.63538e-08,0.0,-3.06721e-09,-3.06721e-09,-3.06721e-09,0.0,0.0002
4.69,250.819,-250.814,-250.814,-250.811,1.01724e-07,-2.04555e-09,9.63538e-08,0.0,-3.06721e-09,-3.06721e-09,-3.06721e-09,0.0,0.0002
4.695,250.819,-250.814,-250.814,-250.811,1.01724e-07,-2.04555e-09,9.63538e-08,0.0,-3.06721e-09,-3.06721e-09,-3.06721e-09,0.0,0.0002
4.7,250.819,-250.814,-250.814,-250.811,1.01724e-07,-2.04555e-09,9.63538e-08,0.0,-3.06721e-09,-3.06721e-09,-3.06721e-09,0.0,0.0002
4.705,250.819,-250.814,-250.814,-250.811,1.01724e-07,-2.04555e-09,9.63538e-08,0.0,-3.06721e-09,-3.06721e-09,-3.06721e-09,0.0,0.0002
4.71,250.819,-250.814,-250.814,-250.811,1.01724e-07,-2.04555e-09,9.63538e-08,0.0,-3.06721e-09,-3.06721e-09,-3.06721e-09,0.0,0.0002
4.715,250.819,-250.814,-250.814,-250.811,1.01724e-07,-2.04555e-09,9.63538e-08,0.0,-3.06721e-09,-3.06721e-09,-3.06721e-09,0.0,0.0002
4.72,250.819,-250.814,-250.814,-250.811,1.01724e-07,-2.04555e-09,9.63538e-08,0.0,-3.06721e-09,-3.06721e-09,-3.06721e-09,0.0,0.0002
4.725,250.819,-250.814,-250.814,-250.811,1.01724e-07,-2.04555e-09,9.63538e-08,0.0,-3.06721e-09,-3.06721e-09,-3.06721e-09,0.0,0.0002
4.73,250.819,-250.814,-250.814,-250.811,1.01724e-07,-2.04555e-09,9.63538e-08,0.0,-3.06721e-09,-3.06721e-09,-3.06721e-09,0.0,0.0002
4.735,250.819,-250.814,-250.814,-250.811,1.01724e-07,-2.04555e-09,9.63538e-08,0.0,-3.06721e-09,-3.06721e-09,-3.06721e-09,0.0,0.0002
4.74,250.819,-250.814,-250.814,-250.811,1.01724e-07,-2.04555e-09,9.63538e-08,0.0,-3.06721e-09,-3.06721e-09,-3.06721e-09,0.0,0.0002
4.745,250.819,-250.814,-250.814,-250.811,1.01724e-07,-2.04555e-09,9.63538e-08,0.0,-3.06721e-09,-3.06721e-09,-3.06721e-09,0.0,0.0002
4.75,250.819,-250.814,-250.814,-250.811,1.01724e-07,-2.04555e-09,9.63538e-08,0.0,-3.06721e-09,-3.06721e-09,-3.06721e-09,0.0,0.0002
4.755,250.819,-250.814,-250.814,-250.811,1.01724e-07,-2.04555e-09,9.63538e-08,0.0,-3.06721e-09,-3.06721e-09,-3.06721e-09,0.0,0.0002
4.76,250.819,-250.814,-250.814,-250.811,1.01724e-07,-2.04555e-09,9.63538e-08,0.0,-3.06721e-09,-3.06721e-09,-3.06721e-09,0.0,0.0002
4.765,250.819,-250.814,-250.814,-250.811,1.01724e-07,-2.04555e-09,9.63538e-08,0.0,-3.06721e-09,-3.06721e-09,-3.06721e-09,0.0,0.0002
4.77,250.819,-250.814,-250.814,-250.811,1.01724e-07,-2.04555e-09,9.63538e-08,0.0,-3.06721e-09,-3.06721e-09,-3.06721e-09,0.0,0.0002
4.775,250.819,-250.814,-250.814,-250.811,1.01724e-07,-2.04555e-09,9.63538e-08,0.0,-3.06721e-09,-3.06721e-09,-3.06721e-09,0.0,0.0002
4.78,250.819,-250.814,-250.814,-250.811,1.01724e-07,-2.04555e-09,9.63538e-08,0.0,-3.06721e-09,-3.06721e-09,-3.06721e-09,0.0,0.0002
4.785,250.819,-250.814,-250.814,-250.811,1.01724e-07,-2.04555e-09,9.63538e-08,0.0,-3.06721e-09,-3.06721e-09,-3.06721e-09,0.0,0.0002
4.79,250.819,-250.814,-250.814,-250.811,1.01724e-07,-2.04555e-09,9.63538e-08,0.0,-3.06721e-09,-3.06721e-09,-3.06721e-09,0.0,0.0002
4.795,250.819,-250.814,-250.814,-250.811,1.01724e-07,-2.04555e-09,9.63538e-08,0.0,-3.06721e-09,-3.06721e-09,-3.06721e-09,0.0,0.0002
4.8,250.819,-250.814,-250.814,-250.811,1.01724e-07,-2.04555e-09,9.63538e-08,0.0,-3.06721e-09,-3.06721e-09,-3.06721e-09,0.0,0.0002
4.805,250.819,-250.814,-250.814,-250.811,1.01724e-07,-2.04555e-09,9.63538e-08,0.0,-3.06721e-09,-3.06721e-09,-3.06721e-09,0.0,0.0002
4.81,250.819,-250.814,-250.814,-250.811,1.01724e-07,-2.04555e-09,9.63538e-08,0.0,-3.06721e-09,-3.06721e-09,-3.06721e-09,0.0,0.0002
4.815,250.819,-250.814,-250.814,-250.811,1.01724e-07,-2.04555e-09,9.63538e-08,0.0,-3.06721e-09,-3.06721e-09,-3.06721e-09,0.0,0.0002
4.82,250.819,-250.814,-250.814,-250.811,1.01724e-07,-2.04555e-09,9.63538e-08,0.0,-3.06721e-09,-3.06721e-09,-3.06721e-09,0.0,0.0002
4.825,250.819,-250.814,-250.814,-250.811,1.01724e-07,-2.04555e-09,9.63538e-08,0.0,-3.06721e-09,-3.06721e-09,-3.06721e-09,0.0,0.0002
4.83,250.819,-250.814,-250.814,-250.811,1.01724e-07,-2.04555e-09,9.63538e-08,0.0,-3.06721e-09,-3.06721e-09,-3.06721e-09,0.0,0.0002
4.835,250.819,-250.814,-250.814,-250.811,1.01724e-07,-2.04555e-09,9.63538e-08,0.0,-3.06721e-09,-3.06721e-09,-3.06721e-09,0.0,0.0002
4.84,250.819,-250.814,-250.814,-250.811,1.01724e-07,-2.04555e-09,9.63538e-08,0.0,-3.06721e-09,-3.06721e-09,-3.06721e-09,0.0,0.0002
4.845,250.819,-250.814,-250.814,-250.811,1.01724e-07,-2.04555e-09,9.63538e-08,0.0,-3.06721e-09,-3.06721e-09,-3.06721e-09,0.0,0.0002
4.85,250.819,-250.814,-250.814,-250.811,1.01724e-07,-2.04555e-09,9.63538e-08,0.0,-3.06721e-09,-3.06721e-09,-3.06721e-09,0.0,0.0002
4.855,250.819,-250.814,-250.814,-250.811,1.01724e-07,-2.04555e-09,9.63538e-08,0.0,-3.06721e-09,-3.06721e-09,-3.06721e-09,0.0,0.0002
4.86,250.819,-250.814,-250.814,-250.811,1.01724e-07,-2.04555e-09,9.63538e-08,0.0,-3.06721e-09,-3.06721e-09,-3.06721e-09,0.0,0.0002
4.865,250.819,-250.814,-250.814,-250.811,1.01724e-07,-2.04555e-09,9.63538e-08,0.0,-3.06721e-09,-3.06721e-09,-3.06721e-09,0.0,0.0002
4.87,250.819,-250.814,-250.814,-250.811,1.01724e-07,-2.04555e-09,9.63538e-08,0.0,-3.06721e-09,-3.06721e-09,-3.06721e-09,0.0,0.0002
4.875,250.819,-250.814,-250.814,-250.811,1.01724e-07,-2.04555e-09,9.63538e-08,0.0,-3.06721e-09,-3.06721e-09,-3.06721e-09,0.0,0.0002
4.88,250.819,-250.814,-250.814,-250.811,1.01724e-07,-2.04555e-09,9.63538e-08,0.0,-3.06721e-09,-3.06721e-09,-3.06721e-09,0.0,0.0002
4.885,250.819,-250.814,-250.814,-250.811,1.01724e-07,-2.04555e-09,9.63538e-08,0.0,-3.06721e-09,-3.06721e-09,-3.06721e-09,0.0,0.0002
4.89,250.819,-250.814,-250.814,-250.811,1.01724e-07,-2.04555e-09,9.63538e-08,0.0,-3.06721e-09,-3.06721e-09,-3.06721e-09,0.0,0.0002
4.895,250.819,-250.814,-250.814,-250.811,1.01724e-07,-2.04555e-09,9.63538e-08,0.0,-3.06721e-09,-3.06721e-09,-3.06721e-09,0.0,0.0002
4.9,250.819,-250.814,-250.814,-250.811,1.01724e-07,-2.04555e-09,9.63538e-08,0.0,-3.06721e-09,-3.06721e-09,-3.06721e-09,0.0,0.0002
4.905,250.819,-250.814,-250.814,-250.811,1.01724e-07,-2.04555e-09,9.63538e-08,0.0,-3.06721e-09,-3.06721e-09,-3.06721e-09,0.0,0.0002
4.91,250.819,-250.814,-250.814,-250.811,1.01724e-07,-2.04555e-09,9.63538e-08,0.0,-3.06721e-09,-3.06721e-09,-3.06721e-09,0.0,0.0002
4.915,250.819,-250.814,-250.814,-250.811,1.01724e-07,-2.04555e-09,9.63538e-08,0.0,-3.06721e-09,-3.06721e-09,-3.06721e-09,0.0,0.0002
4.92,250.819,-250.814,-250.814,-250.811,1.01724e-07,-2.04555e-09,9.63538e-08,0.0,-3.06721e-09,-3.06721e-09,-3.06721e-09,0.0,0.0002
4.925,250.819,-250.814,-250.814,-250.811,1.01724e-07,-2.04555e-09,9.63538e-08,0.0,-3.06721e-09,-3.06721e-09,-3.06721e-09,0.0,0.0002
4.93,250.819,-250.814,-250.814,-250.811,1.01724e-07,-2.04555e-09,9.63538e-08,0.0,-3.06721e-09,-3.06721e-09,-3.06721e-09,0.0,0.0002
4.935,250.819,-250.814,-250.814,-250.811,1.01724e-07,-2.04555e-09,9.63538e-08,0.0,-3.06721e-09,-3.06721e-09,-3.06721e-09,0.0,0.0002
4.94,250.819,-250.814,-250.814,-250.811,1.01724e-07,-2.04555e-09,9.63538e-08,0.0,-3.06721e-09,-3.06721e-09,-3.06721e-09,0.0,0.0002
4.945,250.819,-250.814,-250.814,-250.811,1.01724e-07,-2.04555e-09,9.63538e-08,0.0,-3.06721e-09,-3.06721e-09,-3.06721e-09,0.0,0.0002
4.95,250.819,-250.814,-250.814,-250.811,1.01724e-07,-2.04555e-09,9.63538e-08,0.0,-3.06721e-09,-3.06721e-09,-3.06721e-09,0.0,0.0002
4.955,250.819,-250.814,-250.814,-250.811,1.01724e-07,-2.04555e-09,9.63538e-08,0.0,-3.06721e-09,-3.06721e-09,-3.06721e-09,0.0,0.0002
4.96,250.819,-250.814,-250.814,-250.811,1.01724e-07,-2.04555e-09,9.63538e-08,0.0,-3.06721e-09,-3.06721e-09,-3.06721e-09,0.0,0.0002
4.965,250.819,-250.814,-250.814,-250.811,1.01724e-07,-2.04555e-09,9.63538e-08,0.0,-3.06721e-09,-3.06721e-09,-3.06721e-09,0.0,0.0002
4.97,250.819,-250.814,-250.814,-250.811,1.01724e-07,-2.04555e-09,9.63538e-08,0.0,-3.06721e-09,-3.06721e-09,-3.06721e-09,0.0,0.0002
4.975,250.819,-250.814,-250.814,-250.811,1.01724e-07,-2.04555e-09,9.63538e-08,0.0,-3.06721e-09,-3.06721e-09,-3.06721e-09,0.0,0.0002
4.98,250.819,-250.814,-250.814,-250.811,1.01724e-07,-2.04555e-09,9.63538e-08,0.0,-3.06721e-09,-3.06721e-09,-3.06721e-09,0.0,0.0002
4.985,250.819,-250.814,-250.814,-250.811,1.01724e-07,-2.04555e-09,9.63538e-08,0.0,-3.06721e-09,-3.06721e-09,-3.06721e-09,0.0,0.0002
4.99,250.819,-250.814,-250.814,-250.811,1.01724e-07,-2.04555e-09,9.63538e-08,0.0,-3.06721e-09,-3.06721e-09,-3.06721e-09,0.0,0.0002
4.995,250.819,-250.814,-250.814,-250.811,1.01724e-07,-2.04555e-09,9.63538e-08,0.0,-3.06721e-09,-3.06721e-09,-3.06721e-09,0.0,0.0002
5.0,250.819,-250.814,-250.814,-250.811,1.01724e-07,-2.04555e-09,9.63538e-08,0.0,-3.06721e-09,-3.06721e-09,-3.06721e-09,0.0,0.0002
5.005,41676.8,41676.8,41676.8,41676.8,1.21398e-07,6.55375e-08,1.83548e-07,0.0,-2.99248e-09,-2.99248e-09,-2.99248e-09,2.5,0.0002
5.01,98807.2,98807.2,98807.2,98807.2,1.4413e-07,1.01751e-07,2.42406e-07,0.0,-2.88815e-09,-2.88815e-09,-2.88815e-09,5.89723,0.0002
5.015,140873.0,140873.0,140873.0,140873.0,1.58712e-07,1.21423e-07,2.76604e-07,0.0,-2.80884e-09,-2.80884e-09,-2.80884e-09,8.39723,0.0002
5.02,182948.0,182948.0,182948.0,182948.0,1.72137e-07,1.38476e-07,3.07036e-07,0.0,-2.72738e-09,-2.72738e-09,-2.72738e-09,12.3914,0.0002
5.025,250187.0,250187.0,250187.0,250187.0,1.91417e-07,1.61644e-07,3.49429e-07,0.0,-2.5908e-09,-2.5908e-09,-2.5908e-09,14.8914,0.0002
5.03,292277.0,292277.0,292277.0,292277.0,2.02836e-07,1.75046e-07,3.74223e-07,0.0,-2.50264e-09,-2.50264e-09,-2.50264e-09,21.0107,0.0002
5.035,395320.0,395320.0,395320.0,395320.0,2.27894e-07,2.03416e-07,4.27625e-07,0.0,-2.26747e-09,-2.26747e-09,-2.26747e-09,21.7904,0.0002
5.04,437422.0,437422.0,437422.0,437422.0,2.37542e-07,2.14162e-07,4.4802e-07,0.0,-2.16561e-09,-2.16561e-09,-2.16561e-09,21.499,0.0002
5.045,432514.0,432514.0,432514.0,432514.0,2.3645e-07,2.12955e-07,4.4572e-07,0.0,-2.17792e-09,-2.17792e-09,-2.17792e-09,23.999,0.0002
5.05,445646.0,445646.0,445646.0,445646.0,2.39359e-07,2.16167e-07,4.51843e-07,0.0,-2.14477e-09,-2.14477e-09,-2.14477e-09,22.1616,0.0002
5.055,414702.0,414702.0,414702.0,414702.0,2.32333e-07,2.08361e-07,4.3701e-07,0.0,-2.22041e-09,-2.22041e-09,-2.22041e-09,26.4273,0.0002
5.06,456805.0,456805.0,456805.0,456805.0,2.41801e-07,2.18858e-07,4.56978e-07,0.0,-2.11612e-09,-2.11612e-09,-2.11612e-09,31.7926,0.0002
5.065,547172.0,547172.0,547172.0,547172.0,2.60333e-07,2.39016e-07,4.95728e-07,0.0,-1.8531e-09,-1.8531e-09,-1.8531e-09,34.2926,0.0002
5.07,619022.0,619022.0,619022.0,619022.0,2.74867e-07,2.54788e-07,5.2609e-07,0.0,-1.63634e-09,-1.63634e-09,-1.63634e-09,35.0111,0.0002
5.075,631126.0,631126.0,631126.0,631126.0,2.77106e-07,2.57181e-07,5.30743e-07,0.0,-1.58918e-09,-1.58918e-09,-1.58918e-09,37.7183,0.0002
5.08,673238.0,673238.0,673238.0,673238.0,2.85066e-07,2.65716e-07,5.473e-07,0.0,-1.43644e-09,-1.43644e-09,-1.43644e-09,40.5545,0.0002
5.085,721014.0,721014.0,721014.0,721014.0,2.93682e-07,2.74893e-07,5.65208e-07,0.0,-1.22239e-09,-1.22239e-09,-1.22239e-09,43.0545,0.0002
5.09,766618.0,766618.0,766618.0,766618.0,3.01825e-07,2.83555e-07,5.82134e-07,0.0,-1.0055e-09,-1.0055e-09,-1.0055e-09,46.779,0.0002
5.095,829362.0,829362.0,829362.0,829362.0,3.12533e-07,2.94878e-07,6.04437e-07,0.0,-6.0699e-10,-6.0699e-10,-6.0699e-10,48.9366,0.0002
5.1,871478.0,871478.0,871478.0,871478.0,3.196e-07,3.02335e-07,6.19175e-07,0.0,-3.08385e-10,-3.08385e-10,-3.08385e-10,50.8811,0.0002
5.105,904236.0,904236.0,904236.0,904236.0,3.24927e-07,3.07937e-07,6.30303e-07,0.0,-4.31918e-11,-4.31918e-11,-4.31918e-11,53.3811,0.0002
5.11,940586.0,940586.0,940586.0,940586.0,3.30794e-07,3.141e-07,6.42555e-07,0.0,2.50381e-10,2.50381e-10,2.50381e-10,52.9159,0.0002
5.115,932749.0,932749.0,932749.0,932749.0,3.29502e-07,3.12739e-07,6.39848e-07,0.0,1.80621e-10,1.80621e-10,1.80621e-10,54.5838,0.0002
5.12,974868.0,974868.0,974868.0,974868.0,3.36209e-07,3.19776e-07,6.5384e-07,0.0,5.12354e-10,5.12354e-10,5.12354e-10,55.7335,0.0002
5.125,994238.0,994238.0,994238.0,994238.0,3.39222e-07,3.22929e-07,6.60102e-07,0.0,6.45882e-10,6.45882e-10,6.45882e-10,58.2335,0.0002
5.13,1011110.0,1011060.0,1011060.0,1011040.0,3.41841e-07,3.25669e-07,4.97474e-06,0.0,4.30996e-06,4.30996e-06,4.30996e-06,64.8631,0.0002
5.135,1025480.0,1020520.0,1020350.0,1018000.0,3.44048e-07,3.27976e-07,4.23455e-05,0.0,4.16764e-05,4.16764e-05,4.16765e-05,67.3631,0.0002
5.14,1033170.0,1024670.0,1024380.0,1020360.0,3.45222e-07,3.29203e-07,5.55698e-05,0.0,5.48986e-05,5.48986e-05,5.48988e-05,65.5311,0.0002
5.145,1027450.0,1021600.0,1021400.0,1018640.0,3.44348e-07,3.2829e-07,4.59124e-05,0.0,4.52428e-05,4.52428e-05,4.52429e-05,69.3606,0.0002
5.15,1035430.0,1025840.0,1025510.0,1020970.0,3.45568e-07,3.29564e-07,5.9021e-05,0.0,5.83492e-05,5.83492e-05,5.83495e-05,80.1456,0.0002
5.155,1082830.0,1047570.0,1046370.0,1029690.0,3.52707e-07,3.37013e-07,0.0001106,0.0,0.000109917,0.000109917,0.000109919,82.6456,0.0002
5.16,1101620.0,1055820.0,1054260.0,1032590.0,3.55514e-07,3.3994e-07,0.00012816,0.0,0.000127474,0.000127474,0.000127477,77.7445,0.0002
5.165,1076350.0,1044930.0,1043860.0,1029000.0,3.51749e-07,3.36015e-07,0.000106155,0.0,0.000105473,0.000105473,0.000105475,80.5166,0.0002
5.17,1088860.0,1050380.0,1049070.0,1030870.0,3.53619e-07,3.37965e-07,0.000117524,0.0,0.00011684,0.00011684,0.000116842,84.712,0.0002
5.175,1111710.0,1060030.0,1058280.0,1033830.0,3.57004e-07,3.41492e-07,0.000135894,0.0,0.000135206,0.000135206,0.000135209,87.212,0.0002
5.18,1127570.0,1066610.0,1064540.0,1035710.0,3.59339e-07,3.43922e-07,0.000147742,0.0,0.00014705,0.00014705,0.000147055,90.2148,0.0002
5.185,1145770.0,1074030.0,1071590.0,1037660.0,3.61997e-07,3.46688e-07,0.000160179,0.0,0.000159484,0.000159485,0.00015949,92.2465,0.0002
5.19,1161460.0,1080350.0,1077600.0,1039230.0,3.64274e-07,3.49056e-07,0.00017033,0.0,0.000169633,0.000169633,0.000169639,91.828,0.0002
5.195,1158790.0,1079280.0,1076580.0,1038970.0,3.63888e-07,3.48655e-07,0.000168647,0.0,0.000167951,0.000167951,0.000167957,94.328,0.0002
5.2,1171890.0,1084510.0,1081550.0,1040210.0,3.65779e-07,3.50621e-07,0.000176762,0.0,0.000176064,0.000176064,0.000176071,98.6147,0.0002
5.205,1200640.0,1095870.0,1092310.0,1042740.0,3.69895e-07,3.54896e-07,0.000193459,0.0,0.000192757,0.000192757,0.000192767,101.262,0.0002
5.21,1217980.0,1102650.0,1098730.0,1044170.0,3.72358e-07,3.57452e-07,0.000202978,0.0,0.000202273,0.000202274,0.000202285,104.68,0.0002
5.215,1242490.0,1112140.0,1107710.0,1046050.0,3.75807e-07,3.6103e-07,0.000215684,0.0,0.000214977,0.000214977,0.00021499,107.18,0.0002
5.22,1261880.0,1119610.0,1114780.0,1047470.0,3.78518e-07,3.63841e-07,0.000225366,0.0,0.000224657,0.000224658,0.000224673,107.596,0.0002
5.225,1265000.0,1120800.0,1115910.0,1047690.0,3.78952e-07,3.6429e-07,0.000226857,0.0,0.000226147,0.000226148,0.000226164,110.296,0.0002
5.23,1283800.0,1127990.0,1122700.0,1048990.0,3.81558e-07,3.6699e-07,0.000235814,0.0,0.000235103,0.000235104,0.000235121,114.039,0.0002
5.235,1312720.0,1138980.0,1133070.0,1050880.0,3.85527e-07,3.71099e-07,0.000248925,0.0,0.000248211,0.000248213,0.000248233,116.539,0.0002
5.24,1333950.0,1147000.0,1140650.0,1052210.0,3.8842e-07,3.74092e-07,0.00025824,0.0,0.000257525,0.000257527,0.000257549,119.131,0.0002
5.245,1354770.0,1154830.0,1148040.0,1053460.0,3.91233e-07,3.77001e-07,0.000267017,0.0,0.000266301,0.000266303,0.000266327,122.242,0.0002
5.25,1375110.0,1162460.0,1155240.0,1054630.0,3.93965e-07,3.79825e-07,0.00027538,0.0,0.000274662,0.000274664,0.000274691,128.551,0.0002
5.255,1427960.0,1182130.0,1173780.0,1057490.0,4.00961e-07,3.87047e-07,0.000295911,0.0,0.000295191,0.000295193,0.000295226,131.051,0.0002
5.26,1454440.0,1191960.0,1183040.0,1058860.0,4.04436e-07,3.90634e-07,0.00030587,0.0,0.000305149,0.000305152,0.000305188,127.284,0.0002
5.265,1422270.0,1180030.0,1171810.0,1057200.0,4.00221e-07,3.86285e-07,0.000293847,0.0,0.000293127,0.00029313,0.000293162,130.165,0.0002
5.27,1443550.0,1187930.0,1179240.0,1058310.0,4.03014e-07,3.89167e-07,0.000301853,0.0,0.000301133,0.000301135,0.00030117,135.038,0.0002
5.275,1485870.0,1203550.0,1193960.0,1060400.0,4.08504e-07,3.94827e-07,0.000317129,0.0,0.000316408,0.00031641,0.000316451,137.538,0.0002
5.28,1511210.0,1212880.0,1202750.0,1061610.0,4.11766e-07,3.98188e-07,0.000326037,0.0,0.000325316,0.000325319,0.000325363,136.932,0.0002
5.285,1505860.0,1210910.0,1200900.0,1061350.0,4.11079e-07,3.97481e-07,0.000324174,0.0,0.000323453,0.000323456,0.000323499,139.652,0.0002
5.29,1528090.0,1219080.0,1208580.0,1062390.0,4.13921e-07,4.00408e-07,0.000331812,0.0,0.000331091,0.000331094,0.00033114,143.52,0.0002
5.295,1563010.0,1231860.0,1220610.0,1063940.0,4.18338e-07,4.04955e-07,0.000343431,0.0,0.00034271,0.000342713,0.000342764,146.02,0.0002
5.3,1587790.0,1240920.0,1229140.0,1065020.0,4.21453e-07,4.0816e-07,0.000351508,0.0,0.000350787,0.000350791,0.000350846,146.137,0.0002
5.305,1588880.0,1241310.0,1229510.0,1065070.0,4.21588e-07,4.08298e-07,0.000351846,0.0,0.000351126,0.000351129,0.000351184,149.273,0.0002
5.31,1611920.0,1249710.0,1237410.0,1066040.0,4.24459e-07,4.11251e-07,0.000359176,0.0,0.000358456,0.00035846,0.000358518,155.741,0.0002
5.315,1672580.0,1271740.0,1258130.0,1068470.0,4.31914e-07,4.18912e-07,0.00037773,0.0,0.000377012,0.000377017,0.000377084,158.241,0.0002
5.32,1702300.0,1282510.0,1268250.0,1069630.0,4.35536e-07,4.22631e-07,0.000386612,0.0,0.000385895,0.0003859,0.000385972,164.186,0.0002
5.325,1759600.0,1303210.0,1287700.0,1071760.0,4.42413e-07,4.29688e-07,0.000403071,0.0,0.000402357,0.000402363,0.000402444,165.912,0.0002
5.33,1783960.0,1311990.0,1295960.0,1072640.0,4.45308e-07,4.32657e-07,0.00040989,0.0,0.000409178,0.000409184,0.000409269,163.585,0.0002
5.335,1761280.0,1303820.0,1288270.0,1071820.0,4.42614e-07,4.29894e-07,0.000403547,0.0,0.000402833,0.000402838,0.00040292,166.085,0.0002
5.34,1778080.0,1309870.0,1293970.0,1072430.0,4.44612e-07,4.31943e-07,0.000408258,0.0,0.000407545,0.000407551,0.000407635,167.26,0.0002
5.345,1789590.0,1314010.0,1297860.0,1072840.0,4.45972e-07,4.33337e-07,0.00041144,0.0,0.000410728,0.000410734,0.00041082,169.908,0.0002
5.35,1814150.0,1322850.0,1306160.0,1073700.0,4.48867e-07,4.36305e-07,0.000418182,0.0,0.000417471,0.000417478,0.000417568,173.333,0.0002
5.355,1848100.0,1335050.0,1317620.0,1074860.0,4.52833e-07,4.40368e-07,0.000427305,0.0,0.000426597,0.000426604,0.0004267,175.833,0.0002
5.36,1874510.0,1344520.0,1326520.0,1075740.0,4.55899e-07,4.43508e-07,0.0004343,0.0,0.000433594,0.000433601,0.000433702,179.8,0.0002
5.365,1914410.0,1358820.0,1339940.0,1077050.0,4.60488e-07,4.48207e-07,0.000444641,0.0,0.000443939,0.000443946,0.000444054,182.443,0.0002
5.37,1939730.0,1367880.0,1348450.0,1077850.0,4.63378e-07,4.51164e-07,0.000451094,0.0,0.000450395,0.000450402,0.000450515,185.832,0.0002
5.375,1974300.0,1380230.0,1360050.0,1078930.0,4.67292e-07,4.55167e-07,0.000459743,0.0,0.000459047,0.000459055,0.000459174,188.332,0.0002
5.38,2001390.0,1389900.0,1369130.0,1079770.0,4.70341e-07,4.58285e-07,0.000466436,0.0,0.000465743,0.000465751,0.000465875,193.724,0.0002
5.385,2057180.0,1409780.0,1387790.0,1081430.0,4.7655e-07,4.64631e-07,0.000479899,0.0,0.000479213,0.000479222,0.000479357,195.098,0.0002
5.39,2083220.0,1419050.0,1396490.0,1082190.0,4.79424e-07,4.67567e-07,0.000486071,0.0,0.000485388,0.000485398,0.000485537,190.582,0.0002
5.395,2036270.0,1402330.0,1380800.0,1080810.0,4.74229e-07,4.62259e-07,0.000474881,0.0,0.000474192,0.000474201,0.000474332,193.082,0.0002
5.4,2050490.0,1407400.0,1385550.0,1081240.0,4.75812e-07,4.63876e-07,0.000478311,0.0,0.000477623,0.000477633,0.000477766,199.892,0.0002
5.405,2121680.0,1432730.0,1409320.0,1083290.0,4.83633e-07,4.71866e-07,0.000495033,0.0,0.000494355,0.000494365,0.000494513,203.23,0.0002
5.41,2148030.0,1442080.0,1418100.0,1084030.0,4.86497e-07,4.7479e-07,0.000501092,0.0,0.000500417,0.000500428,0.00050058,210.954,0.0002
5.415,2230230.0,1471240.0,1445450.0,1086260.0,4.95313e-07,4.83784e-07,0.00051949,0.0,0.000518827,0.000518839,0.000519008,213.454,0.0002
5.42,2265970.0,1483890.0,1457320.0,1087210.0,4.99115e-07,4.87661e-07,0.000527364,0.0,0.000526707,0.000526719,0.000526896,208.862,0.0002
5.425,2216750.0,1466460.0,1440970.0,1085910.0,4.93888e-07,4.8233e-07,0.000516553,0.0,0.000515889,0.0005159,0.000516067,211.593,0.0002
5.43,2243500.0,1475940.0,1449860.0,1086620.0,4.96735e-07,4.85235e-07,0.000522457,0.0,0.000521797,0.000521808,0.00052198,215.534,0.0002
5.435,2285910.0,1490950.0,1463940.0,1087730.0,5.01214e-07,4.89801e-07,0.000531669,0.0,0.000531016,0.000531028,0.000531208,218.034,0.0002
5.44,2315420.0,1501390.0,1473730.0,1088490.0,5.04311e-07,4.92958e-07,0.000538008,0.0,0.000537359,0.000537372,0.000537559,218.972,0.0002
5.445,2325590.0,1504980.0,1477100.0,1088750.0,5.05373e-07,4.94039e-07,0.000540168,0.0,0.000539521,0.000539534,0.000539723,221.681,0.0002
5.45,2352750.0,1514580.0,1486110.0,1089430.0,5.082e-07,4.9692e-07,0.000545911,0.0,0.000545268,0.000545282,0.000545476,225.484,0.0002
5.455,2394290.0,1529250.0,1499860.0,1090460.0,5.12488e-07,5.01288e-07,0.000554563,0.0,0.000553928,0.000553942,0.000554146,227.984,0.0002
5.46,2423990.0,1539730.0,1509680.0,1091190.0,5.15537e-07,5.04393e-07,0.000560687,0.0,0.000560057,0.000560071,0.000560282,229.695,0.0002
5.465,2442810.0,1546370.0,1515910.0,1091640.0,5.17458e-07,5.06348e-07,0.000564524,0.0,0.000563899,0.000563913,0.000564127,232.14,0.0002
5.47,2470380.0,1556090.0,1525020.0,1092300.0,5.20261e-07,5.09202e-07,0.00057011,0.0,0.000569489,0.000569504,0.000569725,234.294,0.0002
5.475,2494220.0,1564490.0,1532900.0,1092870.0,5.22671e-07,5.11654e-07,0.00057489,0.0,0.000574274,0.00057429,0.000574516,236.794,0.0002
5.48,2521340.0,1574040.0,1541850.0,1093500.0,5.25401e-07,5.14432e-07,0.000580289,0.0,0.000579678,0.000579694,0.000579926,244.409,0.0002
5.485,2606400.0,1603960.0,1569900.0,1095440.0,5.33868e-07,5.23044e-07,0.000596895,0.0,0.000596302,0.000596319,0.00059657,245.947,0.0002
5.49,2634480.0,1613830.0,1579150.0,1096070.0,5.36636e-07,5.25858e-07,0.000602284,0.0,0.000601697,0.000601714,0.000601972,242.448,0.0002
5.495,2595210.0,1600030.0,1566210.0,1095190.0,5.3276e-07,5.21917e-07,0.000594731,0.0,0.000594136,0.000594153,0.000594402,244.948,0.0002
5.5,2612440.0,1606080.0,1571890.0,1095580.0,5.34465e-07,5.23651e-07,0.000598061,0.0,0.000597469,0.000597486,0.000597739,250.91,0.0002
5.505,2679600.0,1629680.0,1594010.0,1097060.0,5.4105e-07,5.30345e-07,0.000610836,0.0,0.00061026,0.000610278,0.000610546,252.74,0.0002
5.51,2707890.0,1639610.0,1603320.0,1097680.0,5.43802e-07,5.33141e-07,0.000616145,0.0,0.000615575,0.000615593,0.000615869,251.062,0.0002
5.515,2688890.0,1632940.0,1597060.0,1097260.0,5.41956e-07,5.31265e-07,0.000612586,0.0,0.000612011,0.000612029,0.0006123,253.562,0.0002
5.52,2709610.0,1640220.0,1603880.0,1097710.0,5.43969e-07,5.3331e-07,0.000616466,0.0,0.000615896,0.000615915,0.00061619,259.751,0.0002
5.525,2780010.0,1664910.0,1627030.0,1099210.0,5.50751e-07,5.402e-07,0.000629469,0.0,0.000628915,0.000628935,0.000629227,262.333,0.0002
5.53,2808570.0,1674930.0,1636410.0,1099810.0,5.5348e-07,5.42972e-07,0.000634674,0.0,0.000634127,0.000634147,0.000634447,265.345,0.0002
5.535,2843090.0,1687020.0,1647740.0,1100520.0,5.56758e-07,5.463e-07,0.0006409,0.0,0.000640362,0.000640382,0.00064069,267.845,0.0002
5.54,2872750.0,1697410.0,1657470.0,1101130.0,5.59563e-07,5.49147e-07,0.000646212,0.0,0.000645682,0.000645703,0.000646018,269.349,0.0002
5.545,2890080.0,1703480.0,1663160.0,1101480.0,5.61192e-07,5.50801e-07,0.000649289,0.0,0.000648763,0.000648784,0.000649104,272.846,0.0002
5.55,2918910.0,1713570.0,1672620.0,1102060.0,5.63897e-07,5.53546e-07,0.000654388,0.0,0.000653869,0.000653891,0.000654217,281.562,0.0002
5.555,3020070.0,1748950.0,1705760.0,1104040.0,5.73269e-07,5.63053e-07,0.000671925,0.0,0.000671434,0.000671457,0.000671809,284.062,0.0002
5.56,3060790.0,1763190.0,1719090.0,1104830.0,5.77016e-07,5.66854e-07,0.000678911,0.0,0.00067843,0.000678454,0.000678816,281.294,0.0002
5.565,3028500.0,1751900.0,1708520.0,1104210.0,5.74055e-07,5.63852e-07,0.000673404,0.0,0.000672914,0.000672937,0.000673292,283.882,0.0002
5.57,3057660.0,1762090.0,1718070.0,1104770.0,5.76729e-07,5.66563e-07,0.000678379,0.0,0.000677897,0.000677921,0.000678283,286.932,0.0002
5.575,3093330.0,1774550.0,1729740.0,1105450.0,5.79981e-07,5.69861e-07,0.000684409,0.0,0.000683937,0.000683961,0.000684332,289.432,0.0002
5.58,3123660.0,1785150.0,1739660.0,1106020.0,5.82735e-07,5.72652e-07,0.000689503,0.0,0.00068904,0.000689065,0.000689444,290.208,0.0002
5.585,3132780.0,1788330.0,1742650.0,1106190.0,5.83559e-07,5.73488e-07,0.000691023,0.0,0.000690563,0.000690588,0.000690969,292.391,0.0002
5.59,3162160.0,1798590.0,1752250.0,1106740.0,5.8621e-07,5.76175e-07,0.000695912,0.0,0.00069546,0.000695485,0.000695874,292.913,0.0002
5.595,3168300.0,1800730.0,1754260.0,1106850.0,5.86763e-07,5.76735e-07,0.000696928,0.0,0.000696478,0.000696504,0.000696894,295.413,0.0002
5.6,3194020.0,1809710.0,1762670.0,1107330.0,5.8907e-07,5.79073e-07,0.000701171,0.0,0.000700728,0.000700754,0.000701152,301.091,0.0002
5.605,3261150.0,1833130.0,1784600.0,1108550.0,5.95051e-07,5.85133e-07,0.000712125,0.0,0.000711702,0.000711729,0.000712145,303.64,0.0002
5.61,3290800.0,1843460.0,1794280.0,1109080.0,5.97674e-07,5.8779e-07,0.000716913,0.0,0.000716499,0.000716527,0.00071695,306.447,0.0002
5.615,3324150.0,1855090.0,1805160.0,1109670.0,6.00611e-07,5.90764e-07,0.000722257,0.0,0.000721854,0.000721882,0.000722314,308.947,0.0002
5.62,3354500.0,1865660.0,1815070.0,1110210.0,6.03272e-07,5.93459e-07,0.000727092,0.0,0.000726698,0.000726727,0.000727167,310.389,0.0002
5.625,3371700.0,1871660.0,1820680.0,1110510.0,6.04773e-07,5.9498e-07,0.000729814,0.0,0.000729425,0.000729455,0.0007299,313.671,0.0002
5.63,3401550.0,1882050.0,1830420.0,1111030.0,6.07373e-07,5.97612e-07,0.000734521,0.0,0.000734142,0.000734172,0.000734625,321.043,0.0002
5.635,3489950.0,1912830.0,1859230.0,1112540.0,6.14997e-07,6.05329e-07,0.00074826,0.0,0.00074791,0.000747942,0.000748419,323.543,0.0002
5.64,3529400.0,1926550.0,1872080.0,1113200.0,6.18379e-07,6.08752e-07,0.00075434,0.0,0.000754003,0.000754036,0.000754524,323.194,0.0002
5.645,3525200.0,1925100.0,1870720.0,1113130.0,6.18021e-07,6.08389e-07,0.000753696,0.0,0.000753358,0.00075339,0.000753877,325.531,0.0002
5.65,3555330.0,1935580.0,1880530.0,1113630.0,6.20588e-07,6.10987e-07,0.000758298,0.0,0.00075797,0.000758003,0.000758499,327.014,0.0002
5.655,3573230.0,1941800.0,1886360.0,1113930.0,6.22108e-07,6.12525e-07,0.000761018,0.0,0.000760695,0.000760728,0.000761229,329.514,0.0002
5.66,3601460.0,1951620.0,1895550.0,1114400.0,6.24499e-07,6.14944e-07,0.00076529,0.0,0.000764977,0.000765011,0.00076552,327.648,0.0002
5.665,3578910.0,1943780.0,1888210.0,1114030.0,6.2259e-07,6.13012e-07,0.000761878,0.0,0.000761558,0.000761591,0.000762094,330.483,0.0002
5.67,3609130.0,1954290.0,1898050.0,1114520.0,6.25146e-07,6.15599e-07,0.000766445,0.0,0.000766135,0.000766169,0.00076668,335.071,0.0002
5.675,3664730.0,1973620.0,1916140.0,1115430.0,6.2982e-07,6.20326e-07,0.000774769,0.0,0.000774478,0.000774513,0.00077504,337.571,0.0002
5.68,3699150.0,1985580.0,1927340.0,1115980.0,6.327e-07,6.23239e-07,0.000779889,0.0,0.00077961,0.000779646,0.000780183,336.556,0.0002
5.685,3686820.0,1981290.0,1923330.0,1115790.0,6.3167e-07,6.22197e-07,0.000778059,0.0,0.000777776,0.000777811,0.000778345,339.37,0.0002
5.69,3717220.0,1991850.0,1933220.0,1116270.0,6.34205e-07,6.24761e-07,0.000782559,0.0,0.000782287,0.000782322,0.000782864,343.826,0.0002
5.695,3771520.0,2010720.0,1950880.0,1117130.0,6.38705e-07,6.29311e-07,0.000790525,0.0,0.000790273,0.00079031,0.000790867,346.326,0.0002
5.7,3805870.0,2022650.0,1962040.0,1117680.0,6.4154e-07,6.32177e-07,0.000795534,0.0,0.000795294,0.000795332,0.000795899,352.53,0.0002
5.705,3881860.0,2049030.0,1986730.0,1118850.0,6.4776e-07,6.38464e-07,0.000806489,0.0,0.000806277,0.000806316,0.000806906,354.311,0.0002
5.71,3912550.0,2059680.0,1996700.0,1119330.0,6.50256e-07,6.40987e-07,0.000810874,0.0,0.000810674,0.000810713,0.000811312,352.327,0.0002
5.715,3888190.0,2051220.0,1988790.0,1118950.0,6.48276e-07,6.38986e-07,0.000807396,0.0,0.000807186,0.000807225,0.000807817,354.827,0.0002
5.72,3910050.0,2058810.0,1995890.0,1119290.0,6.50053e-07,6.40782e-07,0.000810518,0.0,0.000810317,0.000810356,0.000810954,355.074,0.0002
5.725,3913090.0,2059860.0,1996880.0,1119330.0,6.50299e-07,6.41031e-07,0.000810949,0.0,0.000810749,0.000810788,0.000811388,358.401,0.0002
5.73,3943820.0,2070530.0,2006860.0,1119800.0,6.5279e-07,6.43547e-07,0.000815317,0.0,0.000815128,0.000815168,0.000815777,366.057,0.0002
5.735,4038240.0,2103280.0,2037510.0,1121220.0,6.60374e-07,6.51209e-07,0.000828571,0.0,0.000828419,0.000828461,0.000829098,368.557,0.0002
5.74,4079360.0,2117530.0,2050850.0,1121830.0,6.63659e-07,6.54528e-07,0.000834301,0.0,0.000834166,0.000834208,0.000834858,367.096,0.0002
5.745,4061290.0,2111270.0,2044990.0,1121560.0,6.6222e-07,6.53074e-07,0.000831794,0.0,0.000831651,0.000831693,0.000832337,370.18,0.0002
5.75,4092230.0,2122000.0,2055030.0,1122020.0,6.64682e-07,6.55561e-07,0.000836082,0.0,0.000835951,0.000835994,0.000836647,376.316,0.0002
5.755,4168380.0,2148390.0,2079730.0,1123130.0,6.70698e-07,6.61637e-07,0.00084653,0.0,0.00084643,0.000846474,0.000847151,378.816,0.0002
5.76,4206710.0,2161670.0,2092160.0,1123680.0,6.73712e-07,6.64681e-07,0.000851755,0.0,0.000851671,0.000851716,0.000852405,376.181,0.0002
5.765,4173940.0,2150310.0,2081530.0,1123210.0,6.71139e-07,6.62082e-07,0.000847296,0.0,0.000847199,0.000847243,0.000847922,379.24,0.0002
5.77,4205030.0,2161080.0,2091610.0,1123660.0,6.73581e-07,6.64548e-07,0.000851527,0.0,0.000851442,0.000851487,0.000852175,385.218,0.0002
5.775,4279560.0,2186900.0,2115770.0,1124720.0,6.79393e-07,6.70416e-07,0.000861573,0.0,0.000861519,0.000861565,0.000862276,387.718,0.0002
5.78,4317750.0,2200120.0,2128140.0,1125260.0,6.82358e-07,6.73409e-07,0.000866689,0.0,0.00086665,0.000866698,0.000867421,389.849,0.0002
5.785,4344400.0,2209350.0,2136780.0,1125630.0,6.84416e-07,6.75487e-07,0.000870234,0.0,0.000870207,0.000870255,0.000870986,392.128,0.0002
5.79,4375700.0,2220190.0,2146920.0,1126070.0,6.86828e-07,6.7792e-07,0.000874382,0.0,0.000874369,0.000874417,0.000875159,393.254,0.0002
5.795,4389810.0,2225070.0,2151490.0,1126260.0,6.87911e-07,6.79013e-07,0.000876245,0.0,0.000876237,0.000876286,0.000877032,395.754,0.0002
5.8,4418400.0,2234960.0,2160750.0,1126660.0,6.90102e-07,6.81225e-07,0.000880008,0.0,0.000880012,0.000880062,0.000880817,400.253,0.0002
5.805,4474930.0,2254520.0,2179050.0,1127430.0,6.94413e-07,6.85575e-07,0.000887399,0.0,0.000887428,0.000887479,0.000888252,402.304,0.0002
5.81,4506390.0,2265410.0,2189230.0,1127860.0,6.96801e-07,6.87984e-07,0.000891488,0.0,0.000891531,0.000891582,0.000892365,402.003,0.0002
5.815,4502600.0,2264100.0,2188010.0,1127810.0,6.96514e-07,6.87695e-07,0.000890997,0.0,0.000891038,0.000891089,0.000891871,404.503,0.0002
5.82,4528430.0,2273030.0,2196370.0,1128160.0,6.98469e-07,6.89667e-07,0.000894341,0.0,0.000894393,0.000894445,0.000895235,411.252,0.0002
5.825,4613600.0,2302490.0,2223930.0,1129300.0,7.04878e-07,6.96133e-07,0.00090528,0.0,0.000905371,0.000905424,0.000906242,413.578,0.0002
5.83,4645220.0,2313420.0,2234160.0,1129710.0,7.07243e-07,6.98518e-07,0.000909309,0.0,0.000909414,0.000909468,0.000910296,414.999,0.0002
5.835,4663190.0,2319640.0,2239970.0,1129950.0,7.08584e-07,6.99871e-07,0.000911591,0.0,0.000911704,0.000911758,0.000912592,417.499,0.0002
5.84,4692670.0,2329820.0,2249500.0,1130340.0,7.10778e-07,7.02083e-07,0.000915321,0.0,0.000915447,0.000915502,0.000916346,421.076,0.0002
5.845,4738050.0,2345510.0,2264180.0,1130930.0,7.14141e-07,7.05474e-07,0.000921032,0.0,0.000921179,0.000921235,0.000922094,423.2,0.0002
5.85,4769790.0,2356480.0,2274440.0,1131340.0,7.16485e-07,7.07838e-07,0.000925009,0.0,0.000925171,0.000925228,0.000926097,423.358,0.0002
5.855,4771790.0,2357170.0,2275090.0,1131370.0,7.16632e-07,7.07986e-07,0.000925258,0.0,0.000925421,0.000925478,0.000926348,425.858,0.0002
5.86,4798790.0,2366500.0,2283820.0,1131720.0,7.18619e-07,7.0999e-07,0.000928626,0.0,0.000928801,0.000928859,0.000929737,429.747,0.0002
5.865,4848300.0,2383610.0,2299820.0,1132350.0,7.22248e-07,7.13649e-07,0.000934766,0.0,0.000934965,0.000935024,0.000935919,432.233,0.0002
5.87,4880160.0,2394610.0,2310120.0,1132750.0,7.24575e-07,7.15994e-07,0.000938699,0.0,0.000938913,0.000938972,0.000939878,434.649,0.0002
5.875,4910980.0,2405260.0,2320080.0,1133140.0,7.26817e-07,7.18255e-07,0.000942485,0.0,0.000942714,0.000942774,0.00094369,437.149,0.0002
5.88,4942730.0,2416220.0,2330330.0,1133540.0,7.29121e-07,7.20577e-07,0.000946373,0.0,0.000946617,0.000946677,0.000947604,438.818,0.0002
5.885,4964070.0,2423590.0,2337230.0,1133810.0,7.30665e-07,7.22133e-07,0.000948974,0.0,0.000949229,0.000949289,0.000950223,441.627,0.0002
5.89,4996050.0,2434630.0,2347560.0,1134210.0,7.32973e-07,7.2446e-07,0.000952863,0.0,0.000953132,0.000953194,0.000954139,446.055,0.0002
5.895,5052770.0,2454210.0,2365870.0,1134910.0,7.37047e-07,7.28566e-07,0.000959714,0.0,0.000960012,0.000960075,0.000961039,448.555,0.0002
5.9,5088790.0,2466650.0,2377510.0,1135360.0,7.39627e-07,7.31165e-07,0.000964048,0.0,0.000964363,0.000964426,0.000965403,451.515,0.0002
5.905,5126810.0,2479770.0,2389780.0,1135820.0,7.42336e-07,7.33895e-07,0.000968594,0.0,0.000968928,0.000968992,0.000969982,453.847,0.0002
5.91,5158940.0,2490860.0,2400160.0,1136210.0,7.4462e-07,7.36196e-07,0.000972422,0.0,0.000972772,0.000972837,0.000973838,455.301,0.0002
5.915,5177640.0,2497310.0,2406190.0,1136440.0,7.45945e-07,7.37531e-07,0.000974642,0.0,0.000975002,0.000975067,0.000976074,457.801,0.0002
5.92,5207660.0,2507670.0,2415880.0,1136800.0,7.48068e-07,7.3967e-07,0.000978196,0.0,0.000978571,0.000978637,0.000979654,459.717,0.0002
5.925,5232350.0,2516190.0,2423850.0,1137100.0,7.49809e-07,7.41424e-07,0.000981109,0.0,0.000981496,0.000981562,0.000982588,461.588,0.0002
5.93,5264580.0,2527310.0,2434250.0,1137480.0,7.52077e-07,7.43709e-07,0.000984899,0.0,0.000985303,0.00098537,0.000986407,460.164,0.0002
5.935,5246220.0,2520980.0,2428320.0,1137260.0,7.50786e-07,7.42408e-07,0.000982741,0.0,0.000983135,0.000983203,0.000984233,462.664,0.0002
5.94,5270340.0,2529300.0,2436110.0,1137550.0,7.52481e-07,7.44116e-07,0.000985575,0.0,0.000985981,0.000986049,0.000987088,467.874,0.0002
5.945,5337620.0,2552500.0,2457820.0,1138350.0,7.57189e-07,7.48859e-07,0.000993433,0.0,0.000993874,0.000993943,0.000995006,470.374,0.0002
5.95,5369940.0,2563650.0,2468240.0,1138730.0,7.59442e-07,7.51127e-07,0.000997188,0.0,0.000997645,0.000997715,0.000998789,472.873,0.0002
5.955,5402290.0,2574810.0,2478680.0,1139110.0,7.61688e-07,7.5339e-07,0.00100093,0.0,0.0010014,0.00100147,0.00100256,475.373,0.0002
5.96,5434660.0,2585970.0,2489120.0,1139480.0,7.63931e-07,7.55649e-07,0.00100466,0.0,0.00100515,0.00100522,0.00100632,481.762,0.0002
5.965,5517540.0,2614540.0,2515840.0,1140440.0,7.69641e-07,7.61399e-07,0.00101415,0.0,0.00101469,0.00101476,0.00101589,484.339,0.0002
5.97,5550020.0,2625740.0,2526310.0,1140810.0,7.71868e-07,7.63641e-07,0.00101785,0.0,0.0010184,0.00101847,0.00101961,487.317,0.0002
5.975,5588740.0,2639080.0,2538800.0,1141260.0,7.74514e-07,7.66305e-07,0.00102223,0.0,0.00102281,0.00102288,0.00102403,489.817,0.0002
5.98,5622270.0,2650640.0,2549610.0,1141640.0,7.76799e-07,7.68606e-07,0.00102602,0.0,0.00102661,0.00102669,0.00102785,489.42,0.0002
5.985,5617120.0,2648860.0,2547940.0,1141580.0,7.76448e-07,7.68252e-07,0.00102544,0.0,0.00102603,0.0010261,0.00102726,491.635,0.0002
5.99,5649680.0,2660080.0,2558440.0,1141950.0,7.78661e-07,7.7048e-07,0.0010291,0.0,0.00102971,0.00102978,0.00103096,492.354,0.0002
5.995,5659050.0,2663310.0,2561460.0,1142050.0,7.79296e-07,7.7112e-07,0.00103015,0.0,0.00103076,0.00103084,0.00103202,494.854,0.0002
6.0,5687910.0,2673260.0,2570760.0,1142380.0,7.81251e-07,7.73088e-07,0.00103339,0.0,0.00103401,0.00103409,0.00103528,501.78,0.0002
6.005,5778340.0,2704410.0,2599900.0,1143380.0,7.87343e-07,7.79221e-07,0.00104345,0.0,0.00104413,0.00104421,0.00104543,503.993,0.0002
6.01,5811020.0,2715670.0,2610430.0,1143740.0,7.89535e-07,7.81426e-07,0.00104706,0.0,0.00104776,0.00104784,0.00104907,504.703,0.0002
6.015,5820310.0,2718870.0,2613420.0,1143850.0,7.90156e-07,7.82052e-07,0.00104809,0.0,0.00104879,0.00104887,0.00105011,507.203,0.0002
6.02,5849270.0,2728850.0,2622750.0,1144170.0,7.92091e-07,7.83999e-07,0.00105128,0.0,0.00105199,0.00105207,0.00105332,512.291,0.0002
6.025,5915940.0,2751810.0,2644220.0,1144890.0,7.96526e-07,7.88463e-07,0.00105858,0.0,0.00105933,0.00105942,0.00106069,514.566,0.0002
6.03,5948730.0,2763100.0,2654780.0,1145250.0,7.98699e-07,7.9065e-07,0.00106215,0.0,0.00106293,0.00106301,0.00106429,515.659,0.0002
6.035,5963080.0,2768040.0,2659400.0,1145400.0,7.99648e-07,7.91604e-07,0.00106371,0.0,0.00106449,0.00106458,0.00106587,518.159,0.0002
6.04,5992940.0,2778320.0,2669020.0,1145730.0,8.01619e-07,7.93588e-07,0.00106695,0.0,0.00106775,0.00106783,0.00106913,515.678,0.0002
6.045,5960370.0,2767110.0,2658530.0,1145380.0,7.99469e-07,7.91424e-07,0.00106342,0.0,0.0010642,0.00106428,0.00106557,518.564,0.0002
6.05,5993190.0,2778410.0,2669100.0,1145730.0,8.01636e-07,7.93605e-07,0.00106698,0.0,0.00106778,0.00106786,0.00106916,523.469,0.0002
6.055,6057670.0,2800610.0,2689860.0,1146420.0,8.05874e-07,7.97869e-07,0.00107394,0.0,0.00107477,0.00107486,0.00107618,525.969,0.0002
6.06,6095640.0,2813680.0,2702080.0,1146820.0,8.08363e-07,8.00373e-07,0.00107802,0.0,0.00107887,0.00107896,0.0010803,530.449,0.0002
6.065,6154660.0,2833990.0,2721080.0,1147450.0,8.12212e-07,8.04246e-07,0.00108432,0.0,0.00108522,0.0010853,0.00108666,532.927,0.0002
6.07,6187620.0,2845340.0,2731690.0,1147800.0,8.14355e-07,8.06401e-07,0.00108783,0.0,0.00108874,0.00108883,0.0010902,535.293,0.0002
6.075,6218830.0,2856080.0,2741730.0,1148120.0,8.16378e-07,8.08437e-07,0.00109114,0.0,0.00109207,0.00109216,0.00109354,537.793,0.0002
6.08,6251550.0,2867340.0,2752260.0,1148460.0,8.18495e-07,8.10566e-07,0.0010946,0.0,0.00109555,0.00109564,0.00109704,538.491,0.0002
6.085,6260780.0,2870520.0,2755230.0,1148560.0,8.1909e-07,8.11164e-07,0.00109557,0.0,0.00109653,0.00109662,0.00109802,541.474,0.0002
6.09,6293820.0,2881880.0,2765860.0,1148900.0,8.2122e-07,8.13307e-07,0.00109905,0.0,0.00110003,0.00110012,0.00110153,546.982,0.0002
6.095,6366690.0,2906960.0,2789310.0,1149650.0,8.25895e-07,8.1801e-07,0.00110668,0.0,0.0011077,0.00110779,0.00110923,549.482,0.0002
6.1,6406180.0,2920540.0,2802010.0,1150060.0,8.28422e-07,8.20551e-07,0.0011108,0.0,0.00111184,0.00111194,0.00111339,552.177,0.0002
6.105,6441910.0,2932830.0,2813500.0,1150420.0,8.30698e-07,8.2284e-07,0.00111451,0.0,0.00111557,0.00111567,0.00111714,554.205,0.0002
6.11,6475060.0,2944240.0,2824170.0,1150760.0,8.32806e-07,8.2496e-07,0.00111794,0.0,0.00111903,0.00111912,0.0011206,553.762,0.0002
6.115,6469190.0,2942220.0,2822280.0,1150700.0,8.32434e-07,8.24585e-07,0.00111734,0.0,0.00111841,0.00111851,0.00111999,556.262,0.0002
6.12,6496100.0,2951470.0,2830930.0,1150970.0,8.34141e-07,8.26302e-07,0.00112011,0.0,0.00112121,0.00112131,0.0011228,556.178,0.0002
6.125,6494990.0,2951090.0,2830580.0,1150960.0,8.3407e-07,8.26231e-07,0.00112,0.0,0.00112109,0.00112119,0.00112268,559.104,0.0002
6.13,6528180.0,2962510.0,2841250.0,1151300.0,8.36172e-07,8.28344e-07,0.00112342,0.0,0.00112453,0.00112463,0.00112613,564.256,0.0002
6.135,6596660.0,2986060.0,2863270.0,1151980.0,8.40489e-07,8.32686e-07,0.00113043,0.0,0.00113159,0.00113169,0.00113322,566.756,0.0002
6.14,6635580.0,2999440.0,2875780.0,1152370.0,8.42936e-07,8.35145e-07,0.00113441,0.0,0.00113559,0.00113569,0.00113723,568.469,0.0002
6.145,6658380.0,3007280.0,2883120.0,1152600.0,8.44364e-07,8.36582e-07,0.00113673,0.0,0.00113792,0.00113802,0.00113958,570.914,0.0002
6.15,6691680.0,3018730.0,2893820.0,1152930.0,8.46447e-07,8.38676e-07,0.0011401,0.0,0.00114132,0.00114142,0.00114299,573.074,0.0002
6.155,6700910.0,3021900.0,2896790.0,1153020.0,8.47024e-07,1.00202e-05,0.00115016,0.0,0.00114226,0.00114236,0.00114393,575.574,0.0002
6.16,6701500.0,3022110.0,2896980.0,1153030.0,8.47061e-07,2.59828e-05,0.00116607,0.0,0.00114232,0.00114242,0.00114399,579.973,0.0002
6.165,6702250.0,3022370.0,2897220.0,1153030.0,8.47108e-07,5.42085e-05,0.00119418,0.0,0.0011424,0.0011425,0.00114407,582.365,0.0002
6.17,6702670.0,3022510.0,2897350.0,1153040.0,8.47134e-07,7.0255e-05,0.00121015,0.0,0.00114244,0.00114254,0.00114411,584.71,0.0002
6.175,6703060.0,3022650.0,2897480.0,1153040.0,8.47158e-07,8.53054e-05,0.00122514,0.0,0.00114248,0.00114258,0.00114415,587.21,0.0002
6.18,6703460.0,3022780.0,2897610.0,1153050.0,8.47183e-07,0.00010066,0.00124043,0.0,0.00114252,0.00114262,0.0011442,592.566,0.0002
6.185,6704360.0,3023090.0,2897900.0,1153050.0,8.47239e-07,0.00013504,0.00127466,0.0,0.00114261,0.00114271,0.00114429,595.994,0.0002
6.19,6704780.0,3023230.0,2898030.0,1153060.0,8.47265e-07,0.000151087,0.00129064,0.0,0.00114265,0.00114276,0.00114433,599.83,0.0002
6.195,6705420.0,3023460.0,2898240.0,1153060.0,8.47305e-07,0.00017571,0.00131516,0.0,0.00114272,0.00114282,0.0011444,602.33,0.0002
6.2,6705990.0,3023650.0,2898420.0,1153070.0,8.47341e-07,0.000197713,0.00133707,0.0,0.00114278,0.00114288,0.00114445,596.49,0.0002
6.205,6705010.0,3023320.0,2898110.0,1153060.0,8.4728e-07,0.000160228,0.00129974,0.0,0.00114268,0.00114278,0.00114435,598.575,0.0002
6.21,6705430.0,3023460.0,2898240.0,1153070.0,8.47306e-07,0.000176275,0.00131572,0.0,0.00114272,0.00114282,0.0011444,600.478,0.0002
6.215,6705750.0,3023570.0,2898340.0,1153070.0,8.47326e-07,0.000188486,0.00132788,0.0,0.00114275,0.00114286,0.00114443,602.978,0.0002
6.22,6706100.0,3023690.0,2898460.0,1153070.0,8.47348e-07,0.000201869,0.0013412,0.0,0.00114279,0.00114289,0.00114447,608.571,0.0002
6.225,6707030.0,3024010.0,2898760.0,1153080.0,8.47406e-07,0.000237767,0.00137695,0.0,0.00114288,0.00114299,0.00114456,610.444,0.0002
6.23,6707450.0,3024150.0,2898890.0,1153090.0,8.47432e-07,0.000253814,0.00139293,0.0,0.00114293,0.00114303,0.0011446,612.042,0.0002
6.235,6707720.0,3024250.0,2898980.0,1153090.0,8.47449e-07,0.000264072,0.00140314,0.0,0.00114295,0.00114306,0.00114463,614.542,0.0002
6.24,6708030.0,3024350.0,2899080.0,1153090.0,8.47468e-07,0.000276098,0.00141511,0.0,0.00114299,0.00114309,0.00114466,618.468,0.0002
6.245,6708690.0,3024580.0,2899290.0,1153100.0,8.47509e-07,0.000301297,0.00144021,0.0,0.00114305,0.00114316,0.00114473,621.24,0.0002
6.25,6709100.0,3024720.0,2899420.0,1153100.0,8.47535e-07,0.000317344,0.00145618,0.0,0.0011431,0.0011432,0.00114477,624.132,0.0002
6.255,6709600.0,3024900.0,2899580.0,1153110.0,8.47567e-07,0.000336599,0.00147536,0.0,0.00114315,0.00114325,0.00114482,626.632,0.0002
6.26,6709770.0,3024950.0,2899640.0,1153110.0,8.47577e-07,0.000342914,0.00148164,0.0,0.00114316,0.00114327,0.00114484,628.74,0.0002
6.265,6709980.0,3025030.0,2899710.0,1153110.0,8.4759e-07,0.000351184,0.00148988,0.0,0.00114318,0.00114329,0.00114486,628.03,0.0002
6.27,6709980.0,3025030.0,2899710.0,1153110.0,8.4759e-07,0.000351184,0.00148988,0.0,0.00114318,0.00114329,0.00114486,625.864,0.0002
6.275,6709620.0,3024900.0,2899590.0,1153110.0,8.47568e-07,0.000337283,0.00147604,0.0,0.00114315,0.00114325,0.00114483,625.864,0.0002
6.28,6709500.0,3024860.0,2899550.0,1153110.0,8.4756e-07,0.000332724,0.0014715,0.0,0.00114314,0.00114324,0.00114481,629.54,0.0002
6.285,6710120.0,3025070.0,2899750.0,1153110.0,8.47599e-07,0.000356318,0.00149499,0.0,0.0011432,0.0011433,0.00114488,629.266,0.0002
6.29,6710120.0,3025070.0,2899750.0,1153110.0,8.47599e-07,0.000356318,0.00149499,0.0,0.0011432,0.0011433,0.00114488,628.43,0.0002
6.295,6709980.0,3025020.0,2899700.0,1153110.0,8.4759e-07,0.00035095,0.00148965,0.0,0.00114318,0.00114329,0.00114486,628.43,0.0002
6.3,6709930.0,3025010.0,2899690.0,1153110.0,8.47587e-07,0.000349189,0.00148789,0.0,0.00114318,0.00114328,0.00114486,627.972,0.0002
6.305,6709860.0,3024980.0,2899670.0,1153110.0,8.47582e-07,0.000346254,0.00148497,0.0,0.00114317,0.00114327,0.00114485,626.696,0.0002
6.31,6709860.0,3024980.0,2899670.0,1153110.0,8.47582e-07,0.000346254,0.00148497,0.0,0.00114317,0.00114327,0.00114485,622.806,0.0002
6.315,6709210.0,3024760.0,2899460.0,1153100.0,8.47542e-07,0.000321284,0.00146011,0.0,0.00114311,0.00114321,0.00114478,622.806,0.0002
6.32,6708990.0,3024690.0,2899390.0,1153100.0,8.47528e-07,0.000313094,0.00145195,0.0,0.00114308,0.00114319,0.00114476,631.974,0.0002
6.325,6710520.0,3025210.0,2899880.0,1153120.0,8.47624e-07,0.000371939,0.00151054,0.0,0.00114324,0.00114334,0.00114492,631.326,0.0002
6.33,6710520.0,3025210.0,2899880.0,1153120.0,8.47624e-07,0.000371939,0.00151054,0.0,0.00114324,0.00114334,0.00114492,629.352,0.0002
6.335,6710190.0,3025100.0,2899770.0,1153110.0,8.47603e-07,0.000359268,0.00149793,0.0,0.00114321,0.00114331,0.00114488,629.352,0.0002
6.34,6710090.0,3025060.0,2899740.0,1153110.0,8.47597e-07,0.000355111,0.00149379,0.0,0.0011432,0.0011433,0.00114487,628.379,0.0002
6.345,6709920.0,3025010.0,2899690.0,1153110.0,8.47586e-07,0.000348866,0.00148757,0.0,0.00114318,0.00114328,0.00114486,628.242,0.0002
6.35,6709920.0,3025010.0,2899690.0,1153110.0,8.47586e-07,0.000348866,0.00148757,0.0,0.00114318,0.00114328,0.00114486,627.822,0.0002
6.355,6709850.0,3024980.0,2899670.0,1153110.0,8.47582e-07,0.000346174,0.00148489,0.0,0.00114317,0.00114327,0.00114485,627.822,0.0002
6.36,6709830.0,3024970.0,2899660.0,1153110.0,8.47581e-07,0.000345291,0.00148401,0.0,0.00114317,0.00114327,0.00114485,630.476,0.0002
6.365,6710270.0,3025130.0,2899800.0,1153110.0,8.47608e-07,0.000362327,0.00150097,0.0,0.00114321,0.00114332,0.00114489,628.876,0.0002
6.37,6710270.0,3025130.0,2899800.0,1153110.0,8.47608e-07,0.000362327,0.00150097,0.0,0.00114321,0.00114332,0.00114489,623.995,0.0002
6.375,6709460.0,3024850.0,2899540.0,1153110.0,8.47557e-07,0.000331001,0.00146978,0.0,0.00114313,0.00114323,0.00114481,623.995,0.0002
6.38,6709190.0,3024750.0,2899450.0,1153100.0,8.47541e-07,0.000320726,0.00145955,0.0,0.0011431,0.00114321,0.00114478,628.047,0.0002
6.385,6709870.0,3024990.0,2899670.0,1153110.0,8.47583e-07,0.000346731,0.00148544,0.0,0.00114317,0.00114328,0.00114485,629.119,0.0002
6.39,6709870.0,3024990.0,2899670.0,1153110.0,8.47583e-07,0.000346731,0.00148544,0.0,0.00114317,0.00114328,0.00114485,632.388,0.0002
6.395,6710410.0,3025170.0,2899850.0,1153120.0,8.47617e-07,0.000367716,0.00150634,0.0,0.00114323,0.00114333,0.00114491,632.388,0.0002
6.4,6710590.0,3025240.0,2899900.0,1153120.0,8.47628e-07,0.000374599,0.00151319,0.0,0.00114325,0.00114335,0.00114492,626.326,0.0002
6.405,6709580.0,3024890.0,2899580.0,1153110.0,8.47565e-07,0.000335689,0.00147445,0.0,0.00114314,0.00114325,0.00114482,627.628,0.0002
6.41,6709580.0,3024890.0,2899580.0,1153110.0,8.47565e-07,0.000335689,0.00147445,0.0,0.00114314,0.00114325,0.00114482,631.598,0.0002
6.415,6710240.0,3025120.0,2899790.0,1153110.0,8.47606e-07,0.000361168,0.00149982,0.0,0.00114321,0.00114331,0.00114489,631.598,0.0002
6.42,6710460.0,3025190.0,2899860.0,1153120.0,8.4762e-07,0.000369525,0.00150814,0.0,0.00114323,0.00114334,0.00114491,630.581,0.0002
6.425,6710290.0,3025130.0,2899810.0,1153110.0,8.47609e-07,0.000362996,0.00150164,0.0,0.00114322,0.00114332,0.00114489,630.166,0.0002
6.43,6710290.0,3025130.0,2899810.0,1153110.0,8.47609e-07,0.000362996,0.00150164,0.0,0.00114322,0.00114332,0.00114489,628.903,0.0002
6.435,6710080.0,3025060.0,2899740.0,1153110.0,8.47596e-07,0.000354889,0.00149357,0.0,0.00114319,0.0011433,0.00114487,628.903,0.0002
6.44,6710010.0,3025040.0,2899720.0,1153110.0,8.47592e-07,0.00035223,0.00149092,0.0,0.00114319,0.00114329,0.00114486,627.957,0.0002
6.445,6709850.0,3024980.0,2899670.0,1153110.0,8.47582e-07,0.000346155,0.00148487,0.0,0.00114317,0.00114327,0.00114485,629.284,0.0002
6.45,6709850.0,3024980.0,2899670.0,1153110.0,8.47582e-07,0.000346155,0.00148487,0.0,0.00114317,0.00114327,0.00114485,633.329,0.0002
6.455,6710530.0,3025210.0,2899880.0,1153120.0,8.47624e-07,0.000372121,0.00151072,0.0,0.00114324,0.00114334,0.00114492,633.329,0.0002
6.46,6710750.0,3025290.0,2899950.0,1153120.0,8.47638e-07,0.000380638,0.0015192,0.0,0.00114326,0.00114337,0.00114494,628.929,0.0002
6.465,6710020.0,3025040.0,2899720.0,1153110.0,8.47592e-07,0.000352393,0.00149108,0.0,0.00114319,0.00114329,0.00114487,628.984,0.0002
6.47,6710020.0,3025040.0,2899720.0,1153110.0,8.47592e-07,0.000352393,0.00149108,0.0,0.00114319,0.00114329,0.00114487,629.151,0.0002
6.475,6710040.0,3025050.0,2899730.0,1153110.0,8.47594e-07,0.000353469,0.00149215,0.0,0.00114319,0.00114329,0.00114487,629.151,0.0002
6.48,6710050.0,3025050.0,2899730.0,1153110.0,8.47595e-07,0.000353822,0.0014925,0.0,0.00114319,0.00114329,0.00114487,632.012,0.0002
6.485,6710530.0,3025210.0,2899880.0,1153120.0,8.47624e-07,0.000372186,0.00151079,0.0,0.00114324,0.00114334,0.00114492,631.624,0.0002
6.49,6710530.0,3025210.0,2899880.0,1153120.0,8.47624e-07,0.000372186,0.00151079,0.0,0.00114324,0.00114334,0.00114492,630.438,0.0002
6.495,6710330.0,3025150.0,2899820.0,1153120.0,8.47612e-07,0.000364578,0.00150321,0.0,0.00114322,0.00114332,0.0011449,630.438,0.0002
6.5,6710270.0,3025120.0,2899800.0,1153120.0,8.47608e-07,0.000362082,0.00150073,0.0,0.00114321,0.00114332,0.00114489,627.834,0.0002
6.505,6709830.0,3024980.0,2899660.0,1153110.0,8.47581e-07,0.000345366,0.00148408,0.0,0.00114317,0.00114327,0.00114485,628.238,0.0002
6.51,6709830.0,3024980.0,2899660.0,1153110.0,8.47581e-07,0.000345366,0.00148408,0.0,0.00114317,0.00114327,0.00114485,629.471,0.0002
6.515,6710040.0,3025050.0,2899730.0,1153110.0,8.47594e-07,0.00035328,0.00149197,0.0,0.00114319,0.00114329,0.00114487,629.471,0.0002
6.52,6710110.0,3025070.0,2899750.0,1153110.0,8.47598e-07,0.000355876,0.00149455,0.0,0.0011432,0.0011433,0.00114487,629.396,0.0002
6.525,6710090.0,3025060.0,2899740.0,1153110.0,8.47597e-07,0.000355395,0.00149407,0.0,0.0011432,0.0011433,0.00114487,629.749,0.0002
6.53,6710090.0,3025070.0,2899740.0,1153110.0,8.47597e-07,0.000355395,0.00149407,0.0,0.0011432,0.0011433,0.00114487,630.822,0.0002
6.535,6710270.0,3025130.0,2899800.0,1153120.0,8.47608e-07,0.000362285,0.00150093,0.0,0.00114321,0.00114332,0.00114489,630.822,0.0002
6.54,6710330.0,3025150.0,2899820.0,1153120.0,8.47612e-07,0.000364545,0.00150318,0.0,0.00114322,0.00114332,0.0011449,629.372,0.0002
6.545,6710090.0,3025060.0,2899740.0,1153110.0,8.47597e-07,0.000355236,0.00149391,0.0,0.0011432,0.0011433,0.00114487,629.232,0.0002
6.55,6710090.0,3025060.0,2899740.0,1153110.0,8.47597e-07,0.000355236,0.00149391,0.0,0.0011432,0.0011433,0.00114487,628.807,0.0002
6.555,6710020.0,3025040.0,2899720.0,1153110.0,8.47592e-07,0.000352509,0.0014912,0.0,0.00114319,0.00114329,0.00114487,628.807,0.0002
6.56,6710000.0,3025030.0,2899710.0,1153110.0,8.47591e-07,0.000351615,0.00149031,0.0,0.00114319,0.00114329,0.00114486,629.466,0.0002
6.565,6710110.0,3025070.0,2899750.0,1153110.0,8.47598e-07,0.000355841,0.00149451,0.0,0.0011432,0.0011433,0.00114487,630.441,0.0002
6.57,6710110.0,3025070.0,2899750.0,1153110.0,8.47598e-07,0.000355841,0.00149451,0.0,0.0011432,0.0011433,0.00114487,633.414,0.0002
6.575,6710600.0,3025240.0,2899910.0,1153120.0,8.47629e-07,0.000374922,0.00151351,0.0,0.00114325,0.00114335,0.00114493,633.414,0.0002
6.58,6710760.0,3025300.0,2899960.0,1153120.0,8.47639e-07,0.000381181,0.00151975,0.0,0.00114326,0.00114337,0.00114494,627.935,0.0002
6.585,6709850.0,3024980.0,2899670.0,1153110.0,8.47582e-07,0.000346016,0.00148473,0.0,0.00114317,0.00114327,0.00114485,627.959,0.0002
6.59,6709850.0,3024980.0,2899670.0,1153110.0,8.47582e-07,0.000346016,0.00148473,0.0,0.00114317,0.00114327,0.00114485,628.031,0.0002
6.595,6709860.0,3024990.0,2899670.0,1153110.0,8.47583e-07,0.000346478,0.00148519,0.0,0.00114317,0.00114327,0.00114485,628.031,0.0002
6.6,6709870.0,3024990.0,2899670.0,1153110.0,8.47583e-07,0.00034663,0.00148534,0.0,0.00114317,0.00114328,0.00114485,627.324,0.0002
6.605,6709750.0,3024950.0,2899630.0,1153110.0,8.47575e-07,0.000342092,0.00148082,0.0,0.00114316,0.00114326,0.00114484,627.19,0.0002
6.61,6709750.0,3024950.0,2899630.0,1153110.0,8.47575e-07,0.000342092,0.00148082,0.0,0.00114316,0.00114326,0.00114484,626.783,0.0002
6.615,6709680.0,3024920.0,2899610.0,1153110.0,8.47571e-07,0.000339476,0.00147822,0.0,0.00114315,0.00114326,0.00114483,626.783,0.0002
6.62,6709660.0,3024920.0,2899600.0,1153110.0,8.4757e-07,0.000338618,0.00147737,0.0,0.00114315,0.00114325,0.00114483,627.029,0.0002
6.625,6709700.0,3024930.0,2899620.0,1153110.0,8.47572e-07,0.0003402,0.00147894,0.0,0.00114316,0.00114326,0.00114483,627.821,0.0002
6.63,6709700.0,3024930.0,2899620.0,1153110.0,8.47572e-07,0.0003402,0.00147894,0.0,0.00114316,0.00114326,0.00114483,630.235,0.0002
6.635,6710100.0,3025070.0,2899750.0,1153110.0,8.47598e-07,0.000355694,0.00149437,0.0,0.0011432,0.0011433,0.00114487,630.235,0.0002
6.64,6710230.0,3025110.0,2899790.0,1153120.0,8.47606e-07,0.000360775,0.00149943,0.0,0.00114321,0.00114331,0.00114489,629.721,0.0002
6.645,6710150.0,3025080.0,2899760.0,1153120.0,8.476e-07,0.000357477,0.00149614,0.0,0.0011432,0.0011433,0.00114488,630.226,0.0002
6.65,6710150.0,3025080.0,2899760.0,1153120.0,8.476e-07,0.000357477,0.00149614,0.0,0.0011432,0.0011433,0.00114488,631.766,0.0002
6.655,6710410.0,3025170.0,2899840.0,1153120.0,8.47616e-07,0.000367361,0.00150598,0.0,0.00114323,0.00114333,0.0011449,631.766,0.0002
6.66,6710490.0,3025200.0,2899870.0,1153120.0,8.47622e-07,0.000370602,0.00150921,0.0,0.00114324,0.00114334,0.00114491,626.103,0.0002
6.665,6709540.0,3024880.0,2899570.0,1153110.0,8.47563e-07,0.000334254,0.00147302,0.0,0.00114314,0.00114324,0.00114482,627.85,0.0002
6.67,6709540.0,3024880.0,2899570.0,1153110.0,8.47563e-07,0.000334254,0.00147302,0.0,0.00114314,0.00114324,0.00114482,633.175,0.0002
6.675,6710430.0,3025180.0,2899850.0,1153120.0,8.47618e-07,0.000368439,0.00150706,0.0,0.00114323,0.00114333,0.00114491,633.175,0.0002
6.68,6710720.0,3025280.0,2899950.0,1153120.0,8.47636e-07,0.000379652,0.00151822,0.0,0.00114326,0.00114336,0.00114494,625.597,0.0002
6.685,6709460.0,3024850.0,2899540.0,1153110.0,8.47557e-07,0.00033101,0.00146979,0.0,0.00114313,0.00114323,0.00114481,625.534,0.0002
6.69,6709460.0,3024850.0,2899540.0,1153110.0,8.47557e-07,0.00033101,0.00146979,0.0,0.00114313,0.00114323,0.00114481,625.343,0.0002
6.695,6709430.0,3024840.0,2899530.0,1153110.0,8.47555e-07,0.00032978,0.00146857,0.0,0.00114313,0.00114323,0.0011448,625.343,0.0002
6.7,6709420.0,3024830.0,2899530.0,1153110.0,8.47555e-07,0.000329377,0.00146816,0.0,0.00114313,0.00114323,0.0011448,629.393,0.0002
6.705,6710090.0,3025070.0,2899740.0,1153120.0,8.47597e-07,0.000355376,0.00149405,0.0,0.0011432,0.0011433,0.00114487,629.302,0.0002
6.71,6710090.0,3025070.0,2899740.0,1153120.0,8.47597e-07,0.000355376,0.00149405,0.0,0.0011432,0.0011433,0.00114487,629.022,0.0002
6.715,6710050.0,3025050.0,2899730.0,1153120.0,8.47594e-07,0.000353582,0.00149227,0.0,0.00114319,0.00114329,0.00114487,629.022,0.0002
6.72,6710030.0,3025040.0,2899720.0,1153110.0,8.47593e-07,0.000352993,0.00149168,0.0,0.00114319,0.00114329,0.00114487,632.078,0.0002
6.725,6710540.0,3025220.0,2899890.0,1153120.0,8.47625e-07,0.000372606,0.00151121,0.0,0.00114324,0.00114334,0.00114492,631.118,0.0002
6.73,6710540.0,3025220.0,2899890.0,1153120.0,8.47625e-07,0.000372606,0.00151121,0.0,0.00114324,0.00114334,0.00114492,628.191,0.0002
6.735,6710050.0,3025050.0,2899730.0,1153120.0,8.47595e-07,0.000353822,0.0014925,0.0,0.00114319,0.00114329,0.00114487,628.191,0.0002
6.74,6709890.0,3025000.0,2899680.0,1153110.0,8.47585e-07,0.000347661,0.00148637,0.0,0.00114318,0.00114328,0.00114485,627.281,0.0002
6.745,6709740.0,3024940.0,2899630.0,1153110.0,8.47575e-07,0.000341817,0.00148055,0.0,0.00114316,0.00114326,0.00114484,626.73,0.0002
6.75,6709740.0,3024940.0,2899630.0,1153110.0,8.47575e-07,0.000341817,0.00148055,0.0,0.00114316,0.00114326,0.00114484,625.051,0.0002
6.755,6709460.0,3024850.0,2899540.0,1153110.0,8.47558e-07,0.000331041,0.00146982,0.0,0.00114313,0.00114323,0.00114481,625.051,0.0002
6.76,6709370.0,3024820.0,2899510.0,1153110.0,8.47552e-07,0.000327506,0.0014663,0.0,0.00114312,0.00114322,0.0011448,632.0,0.0002
6.765,6710530.0,3025220.0,2899880.0,1153120.0,8.47624e-07,0.000372109,0.00151071,0.0,0.00114324,0.00114334,0.00114492,631.242,0.0002
6.77,6710530.0,3025220.0,2899880.0,1153120.0,8.47624e-07,0.000372109,0.00151071,0.0,0.00114324,0.00114334,0.00114492,628.929,0.0002
6.775,6710140.0,3025080.0,2899760.0,1153120.0,8.476e-07,0.000357262,0.00149593,0.0,0.0011432,0.0011433,0.00114488,628.929,0.0002
6.78,6710020.0,3025040.0,2899720.0,1153120.0,8.47592e-07,0.000352392,0.00149108,0.0,0.00114319,0.00114329,0.00114487,629.193,0.0002
6.785,6710060.0,3025050.0,2899730.0,1153120.0,8.47595e-07,0.000354092,0.00149277,0.0,0.00114319,0.00114329,0.00114487,628.835,0.0002
6.79,6710060.0,3025050.0,2899730.0,1153120.0,8.47595e-07,0.000354092,0.00149277,0.0,0.00114319,0.00114329,0.00114487,627.744,0.0002
6.795,6709880.0,3024990.0,2899680.0,1153110.0,8.47584e-07,0.000347089,0.0014858,0.0,0.00114317,0.00114328,0.00114485,627.744,0.0002
6.8,6709820.0,3024970.0,2899660.0,1153110.0,8.4758e-07,0.000344792,0.00148351,0.0,0.00114317,0.00114327,0.00114484,631.443,0.0002
6.805,6710440.0,3025180.0,2899850.0,1153120.0,8.47618e-07,0.00036853,0.00150715,0.0,0.00114323,0.00114333,0.00114491,629.987,0.0002
6.81,6710440.0,3025180.0,2899850.0,1153120.0,8.47618e-07,0.00036853,0.00150715,0.0,0.00114323,0.00114333,0.00114491,625.547,0.0002
6.815,6709690.0,3024930.0,2899620.0,1153110.0,8.47572e-07,0.000340033,0.00147877,0.0,0.00114315,0.00114326,0.00114483,625.547,0.0002
6.82,6709450.0,3024850.0,2899540.0,1153110.0,8.47557e-07,0.000330686,0.00146947,0.0,0.00114313,0.00114323,0.00114481,629.81,0.0002
6.825,6710160.0,3025090.0,2899770.0,1153120.0,8.47601e-07,0.000358053,0.00149672,0.0,0.0011432,0.00114331,0.00114488,629.941,0.0002
6.83,6710160.0,3025090.0,2899770.0,1153120.0,8.47601e-07,0.000358053,0.00149672,0.0,0.0011432,0.00114331,0.00114488,630.34,0.0002
6.835,6710230.0,3025110.0,2899790.0,1153120.0,8.47606e-07,0.000360613,0.00149927,0.0,0.00114321,0.00114331,0.00114489,630.34,0.0002
6.84,6710250.0,3025120.0,2899800.0,1153120.0,8.47607e-07,0.000361453,0.0015001,0.0,0.00114321,0.00114331,0.00114489,627.308,0.0002
6.845,6709750.0,3024950.0,2899630.0,1153110.0,8.47575e-07,0.000341991,0.00148072,0.0,0.00114316,0.00114326,0.00114484,628.153,0.0002
6.85,6709750.0,3024950.0,2899630.0,1153110.0,8.47575e-07,0.000341991,0.00148072,0.0,0.00114316,0.00114326,0.00114484,630.729,0.0002
6.855,6710180.0,3025090.0,2899770.0,1153120.0,8.47602e-07,0.000358524,0.00149719,0.0,0.0011432,0.00114331,0.00114488,630.729,0.0002
6.86,6710320.0,3025140.0,2899820.0,1153120.0,8.47611e-07,0.000363946,0.00150258,0.0,0.00114322,0.00114332,0.0011449,629.095,0.0002
6.865,6710040.0,3025050.0,2899730.0,1153120.0,8.47594e-07,0.000353459,0.00149214,0.0,0.00114319,0.00114329,0.00114487,630.67,0.0002
6.87,6710040.0,3025050.0,2899730.0,1153120.0,8.47594e-07,0.000353459,0.00149214,0.0,0.00114319,0.00114329,0.00114487,635.474,0.0002
6.875,6710850.0,3025330.0,2899990.0,1153120.0,8.47644e-07,0.000384293,0.00152284,0.0,0.00114327,0.00114337,0.00114495,635.474,0.0002
6.88,6711110.0,3025420.0,2900070.0,1153130.0,8.4766e-07,0.000394407,0.00153291,0.0,0.0011433,0.0011434,0.00114498,631.738,0.0002
6.885,6710480.0,3025200.0,2899870.0,1153120.0,8.47621e-07,0.000370426,0.00150904,0.0,0.00114324,0.00114334,0.00114491,630.86,0.0002
6.89,6710480.0,3025200.0,2899870.0,1153120.0,8.47621e-07,0.000370426,0.00150904,0.0,0.00114324,0.00114334,0.00114491,628.185,0.0002
6.895,6710040.0,3025050.0,2899730.0,1153120.0,8.47594e-07,0.000353253,0.00149194,0.0,0.00114319,0.00114329,0.00114487,628.185,0.0002
6.9,6709890.0,3025000.0,2899680.0,1153120.0,8.47584e-07,0.00034762,0.00148633,0.0,0.00114317,0.00114328,0.00114485,627.979,0.0002
6.905,6709860.0,3024990.0,2899670.0,1153110.0,8.47582e-07,0.000346298,0.00148501,0.0,0.00114317,0.00114327,0.00114485,627.806,0.0002
6.91,6709860.0,3024990.0,2899670.0,1153110.0,8.47582e-07,0.000346298,0.00148501,0.0,0.00114317,0.00114327,0.00114485,627.277,0.0002
6.915,6709770.0,3024960.0,2899640.0,1153110.0,8.47577e-07,0.000342905,0.00148163,0.0,0.00114316,0.00114327,0.00114484,627.277,0.0002
6.92,6709740.0,3024950.0,2899630.0,1153110.0,8.47575e-07,0.000341793,0.00148053,0.0,0.00114316,0.00114326,0.00114484,626.934,0.0002
6.925,6709680.0,3024930.0,2899610.0,1153110.0,8.47571e-07,0.000339588,0.00147833,0.0,0.00114315,0.00114326,0.00114483,626.793,0.0002
6.93,6709680.0,3024930.0,2899610.0,1153110.0,8.47571e-07,0.000339588,0.00147833,0.0,0.00114315,0.00114326,0.00114483,626.365,0.0002
6.935,6709610.0,3024900.0,2899590.0,1153110.0,8.47567e-07,0.000336839,0.00147559,0.0,0.00114315,0.00114325,0.00114482,626.365,0.0002
6.94,6709590.0,3024890.0,2899580.0,1153110.0,8.47565e-07,0.000335938,0.0014747,0.0,0.00114314,0.00114325,0.00114482,627.125,0.0002
6.945,6709710.0,3024940.0,2899620.0,1153110.0,8.47573e-07,0.000340815,0.00147955,0.0,0.00114316,0.00114326,0.00114483,627.63,0.0002
6.95,6709710.0,3024940.0,2899620.0,1153110.0,8.47573e-07,0.000340815,0.00147955,0.0,0.00114316,0.00114326,0.00114483,629.171,0.0002
6.955,6709970.0,3025030.0,2899710.0,1153120.0,8.47589e-07,0.000350703,0.0014894,0.0,0.00114318,0.00114329,0.00114486,629.171,0.0002
6.96,6710060.0,3025050.0,2899730.0,1153120.0,8.47595e-07,0.000353946,0.00149263,0.0,0.00114319,0.00114329,0.00114487,627.168,0.0002
6.965,6709720.0,3024940.0,2899630.0,1153110.0,8.47574e-07,0.000341095,0.00147983,0.0,0.00114316,0.00114326,0.00114483,627.335,0.0002
6.97,6709720.0,3024940.0,2899630.0,1153110.0,8.47574e-07,0.000341095,0.00147983,0.0,0.00114316,0.00114326,0.00114483,627.841,0.0002
6.975,6709810.0,3024970.0,2899650.0,1153110.0,8.47579e-07,0.000344347,0.00148307,0.0,0.00114317,0.00114327,0.00114484,627.841,0.0002
6.98,6709830.0,3024980.0,2899660.0,1153120.0,8.47581e-07,0.000345414,0.00148413,0.0,0.00114317,0.00114327,0.00114485,629.79,0.0002
6.985,6710160.0,3025090.0,2899770.0,1153120.0,8.47601e-07,0.000357924,0.00149659,0.0,0.0011432,0.0011433,0.00114488,629.713,0.0002
6.99,6710160.0,3025090.0,2899770.0,1153120.0,8.47601e-07,0.000357924,0.00149659,0.0,0.0011432,0.0011433,0.00114488,629.479,0.0002
6.995,6710120.0,3025080.0,2899750.0,1153120.0,8.47599e-07,0.000356419,0.00149509,0.0,0.0011432,0.0011433,0.00114488,629.479,0.0002
7.0,6710110.0,3025070.0,2899750.0,1153120.0,8.47598e-07,0.000355926,0.0014946,0.0,0.0011432,0.0011433,0.00114487,624.494,0.0002
7.005,6709270.0,3024790.0,2899480.0,1153110.0,8.47546e-07,0.000323925,0.00146274,0.0,0.00114311,0.00114321,0.00114479,624.88,0.0002
7.01,6709270.0,3024790.0,2899480.0,1153110.0,8.47546e-07,0.000323925,0.00146274,0.0,0.00114311,0.00114321,0.00114479,626.057,0.0002
7.015,6709470.0,3024850.0,2899550.0,1153110.0,8.47558e-07,0.00033148,0.00147026,0.0,0.00114313,0.00114323,0.00114481,626.057,0.0002
7.02,6709540.0,3024880.0,2899570.0,1153110.0,8.47562e-07,0.000333958,0.00147273,0.0,0.00114314,0.00114324,0.00114482,632.461,0.0002
7.025,6710610.0,3025240.0,2899910.0,1153120.0,8.47629e-07,0.000375064,0.00151365,0.0,0.00114325,0.00114335,0.00114493,631.23,0.0002
7.03,6710610.0,3025240.0,2899910.0,1153120.0,8.47629e-07,0.000375064,0.00151365,0.0,0.00114325,0.00114335,0.00114493,627.479,0.0002
7.035,6709980.0,3025030.0,2899710.0,1153120.0,8.4759e-07,0.000350985,0.00148968,0.0,0.00114318,0.00114329,0.00114486,627.479,0.0002
7.04,6709770.0,3024960.0,2899640.0,1153120.0,8.47577e-07,0.000343087,0.00148182,0.0,0.00114316,0.00114327,0.00114484,629.573,0.0002
7.045,6710120.0,3025080.0,2899760.0,1153120.0,8.47599e-07,0.000356527,0.0014952,0.0,0.0011432,0.0011433,0.00114488,629.075,0.0002
7.05,6710120.0,3025080.0,2899760.0,1153120.0,8.47599e-07,0.000356527,0.0014952,0.0,0.0011432,0.0011433,0.00114488,627.556,0.0002
7.055,6709870.0,3024990.0,2899670.0,1153120.0,8.47583e-07,0.000346779,0.00148549,0.0,0.00114317,0.00114328,0.00114485,627.556,0.0002
7.06,6709790.0,3024960.0,2899650.0,1153120.0,8.47578e-07,0.000343582,0.00148231,0.0,0.00114316,0.00114327,0.00114484,628.488,0.0002
7.065,6709940.0,3025020.0,2899700.0,1153120.0,8.47588e-07,0.000349564,0.00148826,0.0,0.00114318,0.00114328,0.00114486,627.748,0.0002
7.07,6709940.0,3025020.0,2899700.0,1153120.0,8.47588e-07,0.000349564,0.00148826,0.0,0.00114318,0.00114328,0.00114486,625.49,0.0002
7.075,6709570.0,3024890.0,2899580.0,1153110.0,8.47564e-07,0.000335076,0.00147384,0.0,0.00114314,0.00114324,0.00114482,625.49,0.0002
7.08,6709440.0,3024840.0,2899540.0,1153110.0,8.47556e-07,0.000330324,0.00146911,0.0,0.00114313,0.00114323,0.00114481,626.49,0.0002
7.085,6709610.0,3024900.0,2899590.0,1153110.0,8.47567e-07,0.00033674,0.0014755,0.0,0.00114315,0.00114325,0.00114482,626.458,0.0002
7.09,6709610.0,3024900.0,2899590.0,1153110.0,8.47567e-07,0.00033674,0.0014755,0.0,0.00114315,0.00114325,0.00114482,626.361,0.0002
7.095,6709590.0,3024900.0,2899590.0,1153110.0,8.47566e-07,0.000336115,0.00147487,0.0,0.00114314,0.00114325,0.00114482,626.361,0.0002
7.1,6709590.0,3024890.0,2899580.0,1153110.0,8.47565e-07,0.000335909,0.00147467,0.0,0.00114314,0.00114325,0.00114482,626.616,0.0002
7.105,6709630.0,3024910.0,2899600.0,1153110.0,8.47568e-07,0.000337549,0.0014763,0.0,0.00114315,0.00114325,0.00114483,628.003,0.0002
7.11,6709630.0,3024910.0,2899600.0,1153110.0,8.47568e-07,0.000337549,0.0014763,0.0,0.00114315,0.00114325,0.00114483,632.23,0.0002
7.115,6710340.0,3025150.0,2899820.0,1153120.0,8.47612e-07,0.000364686,0.00150332,0.0,0.00114322,0.00114332,0.0011449,632.23,0.0002
7.12,6710570.0,3025230.0,2899900.0,1153120.0,8.47627e-07,0.000373586,0.00151218,0.0,0.00114324,0.00114335,0.00114492,632.444,0.0002
7.125,6710600.0,3025240.0,2899910.0,1153120.0,8.47629e-07,0.000374958,0.00151355,0.0,0.00114325,0.00114335,0.00114492,630.945,0.0002
7.13,6710600.0,3025240.0,2899910.0,1153120.0,8.47629e-07,0.000374958,0.00151355,0.0,0.00114325,0.00114335,0.00114492,626.376,0.0002
7.135,6709840.0,3024980.0,2899670.0,1153120.0,8.47581e-07,0.000345629,0.00148435,0.0,0.00114317,0.00114327,0.00114485,626.376,0.0002
7.14,6709590.0,3024900.0,2899580.0,1153110.0,8.47566e-07,0.000336009,0.00147477,0.0,0.00114314,0.00114325,0.00114482,628.467,0.0002
7.145,6709940.0,3025020.0,2899700.0,1153120.0,8.47587e-07,0.000349429,0.00148813,0.0,0.00114318,0.00114328,0.00114486,629.192,0.0002
7.15,6709940.0,3025020.0,2899700.0,1153120.0,8.47587e-07,0.000349429,0.00148813,0.0,0.00114318,0.00114328,0.00114486,631.403,0.0002
7.155,6710310.0,3025140.0,2899820.0,1153120.0,8.4761e-07,0.000363619,0.00150226,0.0,0.00114322,0.00114332,0.00114489,631.403,0.0002
7.16,6710430.0,3025180.0,2899850.0,1153120.0,8.47618e-07,0.000368273,0.00150689,0.0,0.00114323,0.00114333,0.00114491,628.812,0.0002
7.165,6710000.0,3025040.0,2899720.0,1153120.0,8.47591e-07,0.000351644,0.00149034,0.0,0.00114319,0.00114329,0.00114486,628.134,0.0002
7.17,6710000.0,3025040.0,2899720.0,1153120.0,8.47591e-07,0.000351644,0.00149034,0.0,0.00114319,0.00114329,0.00114486,626.068,0.0002
7.175,6709650.0,3024920.0,2899600.0,1153120.0,8.47569e-07,0.000338384,0.00147713,0.0,0.00114315,0.00114325,0.00114483,626.068,0.0002
7.18,6709540.0,3024880.0,2899570.0,1153110.0,8.47562e-07,0.000334034,0.0014728,0.0,0.00114314,0.00114324,0.00114482,627.762,0.0002
7.185,6709820.0,3024970.0,2899660.0,1153120.0,8.4758e-07,0.000344903,0.00148362,0.0,0.00114317,0.00114327,0.00114484,628.318,0.0002
7.19,6709820.0,3024970.0,2899660.0,1153120.0,8.4758e-07,0.000344903,0.00148362,0.0,0.00114317,0.00114327,0.00114484,630.012,0.0002
7.195,6710100.0,3025070.0,2899750.0,1153120.0,8.47598e-07,0.000355781,0.00149445,0.0,0.0011432,0.0011433,0.00114487,630.012,0.0002
7.2,6710200.0,3025100.0,2899780.0,1153120.0,8.47603e-07,0.00035935,0.00149801,0.0,0.00114321,0.00114331,0.00114488,628.388,0.0002
7.205,6709930.0,3025010.0,2899690.0,1153120.0,8.47587e-07,0.000348926,0.00148763,0.0,0.00114318,0.00114328,0.00114486,627.549,0.0002
7.21,6709930.0,3025010.0,2899690.0,1153120.0,8.47587e-07,0.000348926,0.00148763,0.0,0.00114318,0.00114328,0.00114486,624.989,0.0002
7.215,6709500.0,3024860.0,2899560.0,1153110.0,8.4756e-07,0.000332495,0.00147127,0.0,0.00114313,0.00114324,0.00114481,624.989,0.0002
7.22,6709360.0,3024820.0,2899510.0,1153110.0,8.47551e-07,0.000327106,0.0014659,0.0,0.00114312,0.00114322,0.0011448,625.778,0.0002
7.225,6709490.0,3024860.0,2899550.0,1153110.0,8.47559e-07,0.000332169,0.00147094,0.0,0.00114313,0.00114324,0.00114481,626.667,0.0002
7.23,6709490.0,3024860.0,2899550.0,1153110.0,8.47559e-07,0.000332169,0.00147094,0.0,0.00114313,0.00114324,0.00114481,629.377,0.0002
7.235,6709940.0,3025020.0,2899700.0,1153120.0,8.47588e-07,0.000349567,0.00148827,0.0,0.00114318,0.00114328,0.00114486,629.377,0.0002
7.24,6710090.0,3025070.0,2899750.0,1153120.0,8.47597e-07,0.000355273,0.00149395,0.0,0.00114319,0.0011433,0.00114487,626.926,0.0002
7.245,6709680.0,3024930.0,2899620.0,1153120.0,8.47571e-07,0.000339539,0.00147828,0.0,0.00114315,0.00114326,0.00114483,626.921,0.0002
7.25,6709680.0,3024930.0,2899620.0,1153120.0,8.47571e-07,0.000339539,0.00147828,0.0,0.00114315,0.00114326,0.00114483,626.905,0.0002
7.255,6709680.0,3024930.0,2899610.0,1153120.0,8.47571e-07,0.000339437,0.00147818,0.0,0.00114315,0.00114326,0.00114483,626.905,0.0002
7.26,6709680.0,3024930.0,2899610.0,1153120.0,8.47571e-07,0.000339404,0.00147815,0.0,0.00114315,0.00114326,0.00114483,625.022,0.0002
7.265,6709360.0,3024820.0,2899510.0,1153110.0,8.47551e-07,0.000327316,0.00146611,0.0,0.00114312,0.00114322,0.0011448,625.409,0.0002
7.27,6709360.0,3024820.0,2899510.0,1153110.0,8.47551e-07,0.000327316,0.00146611,0.0,0.00114312,0.00114322,0.0011448,626.591,0.0002
7.275,6709560.0,3024890.0,2899580.0,1153120.0,8.47564e-07,0.000334902,0.00147366,0.0,0.00114314,0.00114324,0.00114482,626.591,0.0002
7.28,6709630.0,3024910.0,2899600.0,1153120.0,8.47568e-07,0.00033739,0.00147614,0.0,0.00114315,0.00114325,0.00114482,626.66,0.0002
7.285,6709640.0,3024910.0,2899600.0,1153120.0,8.47569e-07,0.000337831,0.00147658,0.0,0.00114315,0.00114325,0.00114483,626.484,0.0002
7.29,6709640.0,3024910.0,2899600.0,1153120.0,8.47569e-07,0.000337831,0.00147658,0.0,0.00114315,0.00114325,0.00114483,625.946,0.0002
7.295,6709550.0,3024880.0,2899570.0,1153120.0,8.47563e-07,0.00033438,0.00147315,0.0,0.00114314,0.00114324,0.00114482,625.946,0.0002
7.3,6709520.0,3024870.0,2899560.0,1153110.0,8.47561e-07,0.000333248,0.00147202,0.0,0.00114314,0.00114324,0.00114481,628.106,0.0002
7.305,6709880.0,3025000.0,2899680.0,1153120.0,8.47584e-07,0.000347116,0.00148583,0.0,0.00114317,0.00114328,0.00114485,628.317,0.0002
7.31,6709880.0,3025000.0,2899680.0,1153120.0,8.47584e-07,0.000347116,0.00148583,0.0,0.00114317,0.00114328,0.00114485,628.96,0.0002
7.315,6709990.0,3025030.0,2899710.0,1153120.0,8.4759e-07,0.000351239,0.00148993,0.0,0.00114318,0.00114329,0.00114486,628.96,0.0002
7.32,6710020.0,3025040.0,2899720.0,1153120.0,8.47593e-07,0.000352592,0.00149128,0.0,0.00114319,0.00114329,0.00114487,629.565,0.0002
7.325,6710120.0,3025080.0,2899760.0,1153120.0,8.47599e-07,0.000356478,0.00149515,0.0,0.0011432,0.0011433,0.00114488,629.657,0.0002
7.33,6710120.0,3025080.0,2899760.0,1153120.0,8.47599e-07,0.000356478,0.00149515,0.0,0.0011432,0.0011433,0.00114488,629.938,0.0002
7.335,6710170.0,3025100.0,2899770.0,1153120.0,8.47602e-07,0.000358282,0.00149694,0.0,0.0011432,0.00114331,0.00114488,629.938,0.0002
7.34,6710180.0,3025100.0,2899780.0,1153120.0,8.47603e-07,0.000358873,0.00149753,0.0,0.0011432,0.00114331,0.00114488,631.768,0.0002
7.345,6710490.0,3025210.0,2899880.0,1153120.0,8.47622e-07,0.000370617,0.00150923,0.0,0.00114324,0.00114334,0.00114491,630.528,0.0002
7.35,6710490.0,3025210.0,2899880.0,1153120.0,8.47622e-07,0.000370617,0.00150923,0.0,0.00114324,0.00114334,0.00114491,626.75,0.0002
7.355,6709860.0,3024990.0,2899670.0,1153120.0,8.47582e-07,0.000346364,0.00148508,0.0,0.00114317,0.00114327,0.00114485,626.75,0.0002
7.36,6709650.0,3024920.0,2899610.0,1153120.0,8.4757e-07,0.000338409,0.00147716,0.0,0.00114315,0.00114325,0.00114483,626.821,0.0002
7.365,6709660.0,3024920.0,2899610.0,1153120.0,8.4757e-07,0.000338865,0.00147761,0.0,0.00114315,0.00114325,0.00114483,628.285,0.0002
7.37,6709660.0,3024920.0,2899610.0,1153120.0,8.4757e-07,0.000338865,0.00147761,0.0,0.00114315,0.00114325,0.00114483,632.747,0.0002
7.375,6710410.0,3025180.0,2899850.0,1153120.0,8.47617e-07,0.000367508,0.00150613,0.0,0.00114323,0.00114333,0.0011449,632.747,0.0002
7.38,6710650.0,3025260.0,2899930.0,1153130.0,8.47632e-07,0.000376902,0.00151548,0.0,0.00114325,0.00114335,0.00114493,625.699,0.0002
7.385,6709480.0,3024860.0,2899550.0,1153120.0,8.47559e-07,0.000331663,0.00147044,0.0,0.00114313,0.00114323,0.00114481,625.628,0.0002
7.39,6709480.0,3024860.0,2899550.0,1153120.0,8.47559e-07,0.000331663,0.00147044,0.0,0.00114313,0.00114323,0.00114481,625.411,0.0002
7.395,6709440.0,3024850.0,2899540.0,1153120.0,8.47556e-07,0.000330273,0.00146906,0.0,0.00114313,0.00114323,0.00114481,625.411,0.0002
7.4,6709430.0,3024840.0,2899530.0,1153110.0,8.47556e-07,0.000329817,0.0014686,0.0,0.00114313,0.00114323,0.0011448,629.866,0.0002
7.405,6710170.0,3025100.0,2899770.0,1153120.0,8.47602e-07,0.000358411,0.00149707,0.0,0.0011432,0.00114331,0.00114488,629.035,0.0002
7.41,6710170.0,3025100.0,2899770.0,1153120.0,8.47602e-07,0.000358411,0.00149707,0.0,0.0011432,0.00114331,0.00114488,626.502,0.0002
7.415,6709750.0,3024950.0,2899640.0,1153120.0,8.47576e-07,0.000342152,0.00148088,0.0,0.00114316,0.00114326,0.00114484,626.502,0.0002
7.42,6709610.0,3024900.0,2899590.0,1153120.0,8.47567e-07,0.000336819,0.00147557,0.0,0.00114315,0.00114325,0.00114482,630.099,0.0002
7.425,6710210.0,3025110.0,2899790.0,1153120.0,8.47604e-07,0.000359907,0.00149856,0.0,0.00114321,0.00114331,0.00114488,629.892,0.0002
7.43,6710210.0,3025110.0,2899790.0,1153120.0,8.47604e-07,0.000359907,0.00149856,0.0,0.00114321,0.00114331,0.00114488,629.259,0.0002
7.435,6710110.0,3025070.0,2899750.0,1153120.0,8.47598e-07,0.000355845,0.00149452,0.0,0.0011432,0.0011433,0.00114487,629.259,0.0002
7.44,6710070.0,3025060.0,2899740.0,1153120.0,8.47596e-07,0.000354513,0.00149319,0.0,0.00114319,0.0011433,0.00114487,629.151,0.0002
7.445,6710050.0,3025060.0,2899740.0,1153120.0,8.47595e-07,0.000353823,0.0014925,0.0,0.00114319,0.00114329,0.00114487,629.048,0.0002
7.45,6710050.0,3025060.0,2899740.0,1153120.0,8.47595e-07,0.000353823,0.0014925,0.0,0.00114319,0.00114329,0.00114487,628.733,0.0002
7.455,6710000.0,3025040.0,2899720.0,1153120.0,8.47591e-07,0.000351803,0.00149049,0.0,0.00114319,0.00114329,0.00114486,628.733,0.0002
7.46,6709980.0,3025030.0,2899710.0,1153120.0,8.4759e-07,0.00035114,0.00148983,0.0,0.00114318,0.00114329,0.00114486,627.986,0.0002
7.465,6709860.0,3024990.0,2899670.0,1153120.0,8.47582e-07,0.000346345,0.00148506,0.0,0.00114317,0.00114327,0.00114485,628.537,0.0002
7.47,6709860.0,3024990.0,2899670.0,1153120.0,8.47582e-07,0.000346345,0.00148506,0.0,0.00114317,0.00114327,0.00114485,630.215,0.0002
7.475,6710140.0,3025090.0,2899760.0,1153120.0,8.476e-07,0.000357118,0.00149579,0.0,0.0011432,0.0011433,0.00114488,630.215,0.0002
7.48,6710230.0,3025120.0,2899790.0,1153120.0,8.47606e-07,0.000360652,0.0014993,0.0,0.00114321,0.00114331,0.00114489,631.109,0.0002
7.485,6710380.0,3025170.0,2899840.0,1153130.0,8.47615e-07,0.000366388,0.00150502,0.0,0.00114322,0.00114333,0.0011449,630.724,0.0002
7.49,6710380.0,3025170.0,2899840.0,1153130.0,8.47615e-07,0.000366388,0.00150502,0.0,0.00114322,0.00114333,0.0011449,629.552,0.0002
7.495,6710180.0,3025100.0,2899780.0,1153120.0,8.47603e-07,0.000358863,0.00149752,0.0,0.0011432,0.00114331,0.00114488,629.552,0.0002
7.5,6710120.0,3025080.0,2899760.0,1153120.0,8.47599e-07,0.000356395,0.00149507,0.0,0.0011432,0.0011433,0.00114488,628.675,0.0002
7.505,6709970.0,3025030.0,2899710.0,1153120.0,8.4759e-07,0.000350763,0.00148946,0.0,0.00114318,0.00114329,0.00114486,628.853,0.0002
7.51,6709970.0,3025030.0,2899710.0,1153120.0,8.4759e-07,0.000350763,0.00148946,0.0,0.00114318,0.00114329,0.00114486,629.395,0.0002
7.515,6710060.0,3025060.0,2899740.0,1153120.0,8.47595e-07,0.000354244,0.00149292,0.0,0.00114319,0.00114329,0.00114487,629.395,0.0002
7.52,6710090.0,3025070.0,2899750.0,1153120.0,8.47597e-07,0.000355386,0.00149406,0.0,0.00114319,0.0011433,0.00114487,626.733,0.0002
7.525,6709650.0,3024920.0,2899610.0,1153120.0,8.47569e-07,0.0003383,0.00147705,0.0,0.00114315,0.00114325,0.00114483,626.952,0.0002
7.53,6709650.0,3024920.0,2899610.0,1153120.0,8.47569e-07,0.0003383,0.00147705,0.0,0.00114315,0.00114325,0.00114483,627.62,0.0002
7.535,6709760.0,3024960.0,2899640.0,1153120.0,8.47576e-07,0.000342588,0.00148132,0.0,0.00114316,0.00114326,0.00114484,627.62,0.0002
7.54,6709800.0,3024970.0,2899650.0,1153120.0,8.47579e-07,0.000343994,0.00148272,0.0,0.00114316,0.00114327,0.00114484,628.106,0.0002
7.545,6709880.0,3025000.0,2899680.0,1153120.0,8.47584e-07,0.000347115,0.00148583,0.0,0.00114317,0.00114328,0.00114485,627.592,0.0002
7.55,6709880.0,3025000.0,2899680.0,1153120.0,8.47584e-07,0.000347115,0.00148583,0.0,0.00114317,0.00114328,0.00114485,626.023,0.0002
7.555,6709620.0,3024910.0,2899600.0,1153120.0,8.47567e-07,0.000337047,0.0014758,0.0,0.00114315,0.00114325,0.00114482,626.023,0.0002
7.56,6709530.0,3024880.0,2899570.0,1153120.0,8.47562e-07,0.000333745,0.00147251,0.0,0.00114314,0.00114324,0.00114481,628.355,0.0002
7.565,6709920.0,3025010.0,2899690.0,1153120.0,8.47586e-07,0.000348712,0.00148742,0.0,0.00114318,0.00114328,0.00114485,627.733,0.0002
7.57,6709920.0,3025010.0,2899690.0,1153120.0,8.47586e-07,0.000348712,0.00148742,0.0,0.00114318,0.00114328,0.00114485,625.837,0.0002
7.575,6709600.0,3024900.0,2899590.0,1153120.0,8.47566e-07,0.000336542,0.0014753,0.0,0.00114314,0.00114325,0.00114482,625.837,0.0002
7.58,6709500.0,3024870.0,2899560.0,1153120.0,8.4756e-07,0.00033255,0.00147132,0.0,0.00114313,0.00114324,0.00114481,629.302,0.0002
7.585,6710080.0,3025070.0,2899740.0,1153120.0,8.47596e-07,0.000354789,0.00149347,0.0,0.00114319,0.0011433,0.00114487,629.359,0.0002
7.59,6710080.0,3025070.0,2899740.0,1153120.0,8.47596e-07,0.000354789,0.00149347,0.0,0.00114319,0.0011433,0.00114487,629.531,0.0002
7.595,6710110.0,3025080.0,2899750.0,1153120.0,8.47598e-07,0.000355898,0.00149457,0.0,0.0011432,0.0011433,0.00114487,629.531,0.0002
7.6,6710120.0,3025080.0,2899760.0,1153120.0,8.47598e-07,0.000356262,0.00149493,0.0,0.0011432,0.0011433,0.00114487,629.503,0.0002
7.605,6710110.0,3025080.0,2899760.0,1153120.0,8.47598e-07,0.00035608,0.00149475,0.0,0.0011432,0.0011433,0.00114487,629.069,0.0002
7.61,6710110.0,3025080.0,2899760.0,1153120.0,8.47598e-07,0.00035608,0.00149475,0.0,0.0011432,0.0011433,0.00114487,627.746,0.0002
7.615,6709890.0,3025000.0,2899680.0,1153120.0,8.47584e-07,0.000347589,0.0014863,0.0,0.00114317,0.00114328,0.00114485,627.746,0.0002
7.62,6709820.0,3024980.0,2899660.0,1153120.0,8.4758e-07,0.000344804,0.00148352,0.0,0.00114317,0.00114327,0.00114484,629.014,0.0002
7.625,6710030.0,3025050.0,2899730.0,1153120.0,8.47593e-07,0.000352941,0.00149163,0.0,0.00114319,0.00114329,0.00114487,628.365,0.0002
7.63,6710030.0,3025050.0,2899730.0,1153120.0,8.47593e-07,0.000352941,0.00149163,0.0,0.00114319,0.00114329,0.00114487,626.388,0.0002
7.635,6709700.0,3024940.0,2899620.0,1153120.0,8.47572e-07,0.000340247,0.00147899,0.0,0.00114315,0.00114326,0.00114483,626.388,0.0002
7.64,6709590.0,3024900.0,2899590.0,1153120.0,8.47566e-07,0.000336084,0.00147484,0.0,0.00114314,0.00114325,0.00114482,627.769,0.0002
7.645,6709820.0,3024980.0,2899660.0,1153120.0,8.4758e-07,0.000344951,0.00148367,0.0,0.00114317,0.00114327,0.00114484,627.694,0.0002
7.65,6709820.0,3024980.0,2899660.0,1153120.0,8.4758e-07,0.000344951,0.00148367,0.0,0.00114317,0.00114327,0.00114484,627.465,0.0002
7.655,6709780.0,3024960.0,2899650.0,1153120.0,8.47578e-07,0.00034348,0.00148221,0.0,0.00114316,0.00114327,0.00114484,627.465,0.0002
7.66,6709770.0,3024960.0,2899650.0,1153120.0,8.47577e-07,0.000342997,0.00148173,0.0,0.00114316,0.00114326,0.00114484,632.91,0.0002
7.665,6710680.0,3025270.0,2899940.0,1153130.0,8.47634e-07,0.000377946,0.00151652,0.0,0.00114325,0.00114336,0.00114493,632.371,0.0002
7.67,6710680.0,3025270.0,2899940.0,1153130.0,8.47634e-07,0.000377946,0.00151652,0.0,0.00114325,0.00114336,0.00114493,630.729,0.0002
7.675,6710410.0,3025180.0,2899850.0,1153130.0,8.47617e-07,0.000367407,0.00150603,0.0,0.00114323,0.00114333,0.0011449,630.729,0.0002
7.68,6710320.0,3025150.0,2899820.0,1153130.0,8.47611e-07,0.00036395,0.00150259,0.0,0.00114322,0.00114332,0.00114489,630.681,0.0002
7.685,6710310.0,3025150.0,2899820.0,1153130.0,8.4761e-07,0.000363643,0.00150228,0.0,0.00114322,0.00114332,0.00114489,629.536,0.0002
7.69,6710310.0,3025150.0,2899820.0,1153130.0,8.4761e-07,0.000363643,0.00150228,0.0,0.00114322,0.00114332,0.00114489,626.046,0.0002
7.695,6709730.0,3024950.0,2899630.0,1153120.0,8.47574e-07,0.000341239,0.00147997,0.0,0.00114316,0.00114326,0.00114483,626.046,0.0002
7.7,6709530.0,3024880.0,2899570.0,1153120.0,8.47562e-07,0.00033389,0.00147266,0.0,0.00114314,0.00114324,0.00114482,631.804,0.0002
7.705,6710500.0,3025210.0,2899880.0,1153130.0,8.47622e-07,0.000370849,0.00150946,0.0,0.00114324,0.00114334,0.00114491,630.518,0.0002
7.71,6710500.0,3025210.0,2899880.0,1153130.0,8.47622e-07,0.000370849,0.00150946,0.0,0.00114324,0.00114334,0.00114491,626.596,0.0002
7.715,6709840.0,3024980.0,2899670.0,1153120.0,8.47581e-07,0.000345679,0.0014844,0.0,0.00114317,0.00114327,0.00114485,626.596,0.0002
7.72,6709630.0,3024910.0,2899600.0,1153120.0,8.47568e-07,0.000337423,0.00147617,0.0,0.00114315,0.00114325,0.00114482,626.896,0.0002
7.725,6709680.0,3024930.0,2899620.0,1153120.0,8.47571e-07,0.000339346,0.00147809,0.0,0.00114315,0.00114325,0.00114483,627.937,0.0002
7.73,6709680.0,3024930.0,2899620.0,1153120.0,8.47571e-07,0.000339346,0.00147809,0.0,0.00114315,0.00114325,0.00114483,631.11,0.0002
7.735,6710210.0,3025110.0,2899790.0,1153130.0,8.47604e-07,0.000359712,0.00149837,0.0,0.00114321,0.00114331,0.00114488,631.11,0.0002
7.74,6710380.0,3025170.0,2899840.0,1153130.0,8.47615e-07,0.000366393,0.00150502,0.0,0.00114322,0.00114333,0.0011449,627.362,0.0002
7.745,6709750.0,3024960.0,2899640.0,1153120.0,8.47576e-07,0.000342338,0.00148107,0.0,0.00114316,0.00114326,0.00114484,626.817,0.0002
7.75,6709750.0,3024960.0,2899640.0,1153120.0,8.47576e-07,0.000342338,0.00148107,0.0,0.00114316,0.00114326,0.00114484,625.155,0.0002
7.755,6709480.0,3024860.0,2899550.0,1153120.0,8.47559e-07,0.000331672,0.00147045,0.0,0.00114313,0.00114323,0.00114481,625.155,0.0002
7.76,6709390.0,3024830.0,2899520.0,1153120.0,8.47553e-07,0.000328174,0.00146697,0.0,0.00114312,0.00114323,0.0011448,627.335,0.0002
7.765,6709750.0,3024950.0,2899640.0,1153120.0,8.47576e-07,0.000342165,0.0014809,0.0,0.00114316,0.00114326,0.00114484,627.686,0.0002
7.77,6709750.0,3024950.0,2899640.0,1153120.0,8.47576e-07,0.000342165,0.0014809,0.0,0.00114316,0.00114326,0.00114484,628.757,0.0002
7.775,6709930.0,3025020.0,2899700.0,1153120.0,8.47587e-07,0.00034904,0.00148774,0.0,0.00114318,0.00114328,0.00114486,628.757,0.0002
7.78,6709990.0,3025040.0,2899720.0,1153120.0,8.4759e-07,0.000351295,0.00148999,0.0,0.00114318,0.00114329,0.00114486,628.727,0.0002
7.785,6709980.0,3025030.0,2899710.0,1153120.0,8.4759e-07,0.000351096,0.00148979,0.0,0.00114318,0.00114329,0.00114486,629.011,0.0002
7.79,6709980.0,3025030.0,2899710.0,1153120.0,8.4759e-07,0.000351096,0.00148979,0.0,0.00114318,0.00114329,0.00114486,629.876,0.0002
7.795,6710130.0,3025080.0,2899760.0,1153130.0,8.47599e-07,0.000356654,0.00149532,0.0,0.0011432,0.0011433,0.00114488,629.876,0.0002
7.8,6710170.0,3025100.0,2899780.0,1153130.0,8.47602e-07,0.000358477,0.00149714,0.0,0.0011432,0.00114331,0.00114488,629.1,0.0002
7.805,6710040.0,3025060.0,2899740.0,1153120.0,8.47594e-07,0.000353496,0.00149218,0.0,0.00114319,0.00114329,0.00114487,628.165,0.0002
7.81,6710040.0,3025060.0,2899740.0,1153120.0,8.47594e-07,0.000353496,0.00149218,0.0,0.00114319,0.00114329,0.00114487,625.314,0.0002
7.815,6709570.0,3024890.0,2899580.0,1153120.0,8.47564e-07,0.000335196,0.00147396,0.0,0.00114314,0.00114324,0.00114482,625.314,0.0002
7.82,6709410.0,3024840.0,2899530.0,1153120.0,8.47555e-07,0.000329193,0.00146798,0.0,0.00114313,0.00114323,0.0011448,625.62,0.0002
7.825,6709460.0,3024860.0,2899550.0,1153120.0,8.47558e-07,0.000331155,0.00146993,0.0,0.00114313,0.00114323,0.00114481,626.283,0.0002
7.83,6709460.0,3024860.0,2899550.0,1153120.0,8.47558e-07,0.000331155,0.00146993,0.0,0.00114313,0.00114323,0.00114481,628.304,0.0002
7.835,6709800.0,3024970.0,2899660.0,1153120.0,8.47579e-07,0.000344129,0.00148285,0.0,0.00114316,0.00114327,0.00114484,628.304,0.0002
7.84,6709910.0,3025010.0,2899690.0,1153120.0,8.47586e-07,0.000348385,0.00148709,0.0,0.00114318,0.00114328,0.00114485,629.839,0.0002
7.845,6710170.0,3025100.0,2899780.0,1153130.0,8.47602e-07,0.000358239,0.0014969,0.0,0.0011432,0.0011433,0.00114488,629.721,0.0002
7.85,6710170.0,3025100.0,2899780.0,1153130.0,8.47602e-07,0.000358239,0.0014969,0.0,0.0011432,0.0011433,0.00114488,629.362,0.0002
7.855,6710110.0,3025080.0,2899760.0,1153130.0,8.47598e-07,0.000355932,0.0014946,0.0,0.0011432,0.0011433,0.00114487,629.362,0.0002
7.86,6710090.0,3025070.0,2899750.0,1153130.0,8.47597e-07,0.000355175,0.00149385,0.0,0.00114319,0.0011433,0.00114487,627.4,0.0002
7.865,6709760.0,3024960.0,2899640.0,1153120.0,8.47576e-07,0.000342579,0.00148131,0.0,0.00114316,0.00114326,0.00114484,628.049,0.0002
7.87,6709760.0,3024960.0,2899640.0,1153120.0,8.47576e-07,0.000342579,0.00148131,0.0,0.00114316,0.00114326,0.00114484,630.029,0.0002
7.875,6710090.0,3025070.0,2899750.0,1153130.0,8.47597e-07,0.000355289,0.00149396,0.0,0.00114319,0.0011433,0.00114487,630.029,0.0002
7.88,6710200.0,3025110.0,2899790.0,1153130.0,8.47604e-07,0.000359457,0.00149811,0.0,0.00114321,0.00114331,0.00114488,631.549,0.0002
7.885,6710450.0,3025200.0,2899870.0,1153130.0,8.47619e-07,0.000369211,0.00150783,0.0,0.00114323,0.00114333,0.00114491,630.787,0.0002
7.89,6710450.0,3025200.0,2899870.0,1153130.0,8.47619e-07,0.000369211,0.00150783,0.0,0.00114323,0.00114333,0.00114491,628.464,0.0002
7.895,6710070.0,3025060.0,2899740.0,1153130.0,8.47595e-07,0.0003543,0.00149298,0.0,0.00114319,0.00114329,0.00114487,628.464,0.0002
7.9,6709940.0,3025020.0,2899700.0,1153120.0,8.47587e-07,0.000349409,0.00148811,0.0,0.00114318,0.00114328,0.00114486,623.265,0.0002
7.905,6709070.0,3024720.0,2899420.0,1153120.0,8.47533e-07,0.000316043,0.00145489,0.0,0.00114309,0.00114319,0.00114477,624.844,0.0002
7.91,6709070.0,3024720.0,2899420.0,1153120.0,8.47533e-07,0.000316043,0.00145489,0.0,0.00114309,0.00114319,0.00114477,629.657,0.0002
7.915,6709870.0,3025000.0,2899680.0,1153120.0,8.47583e-07,0.000346934,0.00148564,0.0,0.00114317,0.00114327,0.00114485,629.657,0.0002
7.92,6710140.0,3025090.0,2899770.0,1153130.0,8.476e-07,0.000357066,0.00149573,0.0,0.0011432,0.0011433,0.00114488,624.844,0.0002
7.925,6709330.0,3024810.0,2899510.0,1153120.0,8.4755e-07,0.000326174,0.00146497,0.0,0.00114312,0.00114322,0.00114479,625.688,0.0002
7.93,6709330.0,3024810.0,2899510.0,1153120.0,8.4755e-07,0.000326174,0.00146497,0.0,0.00114312,0.00114322,0.00114479,628.261,0.0002
7.935,6709760.0,3024960.0,2899650.0,1153120.0,8.47576e-07,0.000342691,0.00148142,0.0,0.00114316,0.00114326,0.00114484,628.261,0.0002
7.94,6709900.0,3025010.0,2899690.0,1153120.0,8.47585e-07,0.000348108,0.00148681,0.0,0.00114318,0.00114328,0.00114485,626.44,0.0002
7.945,6709600.0,3024900.0,2899590.0,1153120.0,8.47566e-07,0.000336421,0.00147518,0.0,0.00114314,0.00114325,0.00114482,626.886,0.0002
7.95,6709600.0,3024900.0,2899590.0,1153120.0,8.47566e-07,0.000336421,0.00147518,0.0,0.00114314,0.00114325,0.00114482,628.243,0.0002
7.955,6709830.0,3024980.0,2899670.0,1153120.0,8.4758e-07,0.000345135,0.00148385,0.0,0.00114317,0.00114327,0.00114484,628.243,0.0002
7.96,6709900.0,3025010.0,2899690.0,1153120.0,8.47585e-07,0.000347993,0.0014867,0.0,0.00114317,0.00114328,0.00114485,627.669,0.0002
7.965,6709810.0,3024970.0,2899660.0,1153120.0,8.47579e-07,0.000344306,0.00148303,0.0,0.00114317,0.00114327,0.00114484,627.808,0.0002
7.97,6709810.0,3024970.0,2899660.0,1153120.0,8.47579e-07,0.000344306,0.00148303,0.0,0.00114317,0.00114327,0.00114484,628.233,0.0002
7.975,6709880.0,3025000.0,2899680.0,1153120.0,8.47584e-07,0.000347035,0.00148575,0.0,0.00114317,0.00114328,0.00114485,628.233,0.0002
7.98,6709900.0,3025010.0,2899690.0,1153120.0,8.47585e-07,0.000347931,0.00148664,0.0,0.00114317,0.00114328,0.00114485,629.146,0.0002
7.985,6710050.0,3025060.0,2899740.0,1153130.0,8.47594e-07,0.000353791,0.00149247,0.0,0.00114319,0.00114329,0.00114487,629.011,0.0002
7.99,6710050.0,3025060.0,2899740.0,1153130.0,8.47594e-07,0.000353791,0.00149247,0.0,0.00114319,0.00114329,0.00114487,628.6,0.0002
7.995,6709980.0,3025040.0,2899720.0,1153130.0,8.4759e-07,0.000351151,0.00148984,0.0,0.00114318,0.00114329,0.00114486,628.6,0.0002
8.0,6709960.0,3025030.0,2899710.0,1153130.0,8.47589e-07,0.000350285,0.00148898,0.0,0.00114318,0.00114328,0.00114486,626.855,0.0002
8.005,6709670.0,3024930.0,2899620.0,1153120.0,8.47571e-07,0.000339084,0.00147783,0.0,0.00114315,0.00114325,0.00114483,627.917,0.0002
8.01,6709670.0,3024930.0,2899620.0,1153120.0,8.47571e-07,0.000339084,0.00147783,0.0,0.00114315,0.00114325,0.00114483,631.156,0.0002
8.015,6710210.0,3025110.0,2899790.0,1153130.0,8.47604e-07,0.000359874,0.00149853,0.0,0.00114321,0.00114331,0.00114488,631.156,0.0002
8.02,6710390.0,3025170.0,2899850.0,1153130.0,8.47615e-07,0.000366694,0.00150532,0.0,0.00114322,0.00114333,0.0011449,628.97,0.0002
8.025,6710020.0,3025050.0,2899730.0,1153130.0,8.47593e-07,0.000352656,0.00149134,0.0,0.00114319,0.00114329,0.00114486,629.105,0.0002
8.03,6710020.0,3025050.0,2899730.0,1153130.0,8.47593e-07,0.000352656,0.00149134,0.0,0.00114319,0.00114329,0.00114486,629.519,0.0002
8.035,6710090.0,3025070.0,2899750.0,1153130.0,8.47597e-07,0.000355313,0.00149399,0.0,0.00114319,0.0011433,0.00114487,629.519,0.0002
8.04,6710110.0,3025080.0,2899760.0,1153130.0,8.47598e-07,0.000356184,0.00149485,0.0,0.0011432,0.0011433,0.00114487,631.545,0.0002
8.045,6710450.0,3025200.0,2899870.0,1153130.0,8.47619e-07,0.000369186,0.0015078,0.0,0.00114323,0.00114333,0.00114491,630.85,0.0002
8.05,6710450.0,3025200.0,2899870.0,1153130.0,8.47619e-07,0.000369186,0.0015078,0.0,0.00114323,0.00114333,0.00114491,628.731,0.0002
8.055,6710100.0,3025080.0,2899750.0,1153130.0,8.47597e-07,0.000355585,0.00149426,0.0,0.00114319,0.0011433,0.00114487,628.731,0.0002
8.06,6709980.0,3025040.0,2899720.0,1153130.0,8.4759e-07,0.000351124,0.00148982,0.0,0.00114318,0.00114329,0.00114486,628.092,0.0002
8.065,6709880.0,3025000.0,2899680.0,1153130.0,8.47583e-07,0.000347027,0.00148574,0.0,0.00114317,0.00114328,0.00114485,627.828,0.0002
8.07,6709880.0,3025000.0,2899680.0,1153130.0,8.47583e-07,0.000347027,0.00148574,0.0,0.00114317,0.00114328,0.00114485,627.024,0.0002
8.075,6709740.0,3024950.0,2899640.0,1153120.0,8.47575e-07,0.000341861,0.00148059,0.0,0.00114316,0.00114326,0.00114484,627.024,0.0002
8.08,6709700.0,3024940.0,2899630.0,1153120.0,8.47572e-07,0.000340166,0.00147891,0.0,0.00114315,0.00114326,0.00114483,629.542,0.0002
8.085,6710120.0,3025080.0,2899760.0,1153130.0,8.47599e-07,0.000356329,0.001495,0.0,0.0011432,0.0011433,0.00114487,628.806,0.0002
8.09,6710120.0,3025080.0,2899760.0,1153130.0,8.47599e-07,0.000356329,0.001495,0.0,0.0011432,0.0011433,0.00114487,626.561,0.0002
8.095,6709740.0,3024950.0,2899640.0,1153120.0,8.47575e-07,0.000341924,0.00148066,0.0,0.00114316,0.00114326,0.00114484,626.561,0.0002
8.1,6709620.0,3024910.0,2899600.0,1153120.0,8.47568e-07,0.000337199,0.00147595,0.0,0.00114315,0.00114325,0.00114482,625.255,0.0002
8.105,6709400.0,3024840.0,2899530.0,1153120.0,8.47554e-07,0.000328814,0.0014676,0.0,0.00114312,0.00114323,0.0011448,625.139,0.0002
8.11,6709400.0,3024840.0,2899530.0,1153120.0,8.47554e-07,0.000328814,0.0014676,0.0,0.00114312,0.00114323,0.0011448,624.785,0.0002
8.115,6709340.0,3024820.0,2899510.0,1153120.0,8.4755e-07,0.000326542,0.00146534,0.0,0.00114312,0.00114322,0.0011448,624.785,0.0002
8.12,6709320.0,3024810.0,2899510.0,1153120.0,8.47549e-07,0.000325797,0.0014646,0.0,0.00114312,0.00114322,0.00114479,623.919,0.0002
8.125,6709180.0,3024760.0,2899460.0,1153120.0,8.4754e-07,0.000320237,0.00145906,0.0,0.0011431,0.0011432,0.00114478,624.662,0.0002
8.13,6709180.0,3024760.0,2899460.0,1153120.0,8.4754e-07,0.000320237,0.00145906,0.0,0.0011431,0.0011432,0.00114478,626.927,0.0002
8.135,6709560.0,3024890.0,2899580.0,1153120.0,8.47564e-07,0.000334776,0.00147354,0.0,0.00114314,0.00114324,0.00114482,626.927,0.0002
8.14,6709680.0,3024930.0,2899620.0,1153120.0,8.47571e-07,0.000339545,0.00147829,0.0,0.00114315,0.00114326,0.00114483,628.329,0.0002
8.145,6709920.0,3025010.0,2899700.0,1153130.0,8.47586e-07,0.000348547,0.00148725,0.0,0.00114318,0.00114328,0.00114485,628.344,0.0002
8.15,6709920.0,3025010.0,2899700.0,1153130.0,8.47586e-07,0.000348547,0.00148725,0.0,0.00114318,0.00114328,0.00114485,628.389,0.0002
8.155,6709920.0,3025020.0,2899700.0,1153130.0,8.47586e-07,0.000348834,0.00148754,0.0,0.00114318,0.00114328,0.00114485,628.389,0.0002
8.16,6709930.0,3025020.0,2899700.0,1153130.0,8.47587e-07,0.000348929,0.00148763,0.0,0.00114318,0.00114328,0.00114485,626.121,0.0002
8.165,6709550.0,3024890.0,2899580.0,1153120.0,8.47563e-07,0.000334373,0.00147314,0.0,0.00114314,0.00114324,0.00114482,626.394,0.0002
8.17,6709550.0,3024890.0,2899580.0,1153120.0,8.47563e-07,0.000334373,0.00147314,0.0,0.00114314,0.00114324,0.00114482,627.227,0.0002
8.175,6709690.0,3024930.0,2899620.0,1153120.0,8.47572e-07,0.00033972,0.00147846,0.0,0.00114315,0.00114326,0.00114483,627.227,0.0002
8.18,6709730.0,3024950.0,2899640.0,1153120.0,8.47574e-07,0.000341474,0.00148021,0.0,0.00114316,0.00114326,0.00114483,624.667,0.0002
8.185,6709300.0,3024800.0,2899500.0,1153120.0,8.47548e-07,0.00032504,0.00146384,0.0,0.00114311,0.00114322,0.00114479,624.504,0.0002
8.19,6709300.0,3024800.0,2899500.0,1153120.0,8.47548e-07,0.00032504,0.00146384,0.0,0.00114311,0.00114322,0.00114479,624.005,0.0002
8.195,6709220.0,3024770.0,2899470.0,1153120.0,8.47543e-07,0.000321842,0.00146066,0.0,0.00114311,0.00114321,0.00114478,624.005,0.0002
8.2,6709190.0,3024770.0,2899460.0,1153120.0,8.47541e-07,0.000320794,0.00145962,0.0,0.0011431,0.00114321,0.00114478,627.739,0.0002
8.205,6709820.0,3024980.0,2899660.0,1153130.0,8.4758e-07,0.000344756,0.00148348,0.0,0.00114317,0.00114327,0.00114484,628.23,0.0002
8.21,6709820.0,3024980.0,2899660.0,1153130.0,8.4758e-07,0.000344756,0.00148348,0.0,0.00114317,0.00114327,0.00114484,629.729,0.0002
8.215,6710070.0,3025070.0,2899740.0,1153130.0,8.47595e-07,0.000354378,0.00149306,0.0,0.00114319,0.00114329,0.00114487,629.729,0.0002
8.22,6710150.0,3025090.0,2899770.0,1153130.0,8.47601e-07,0.000357535,0.0014962,0.0,0.0011432,0.0011433,0.00114488,627.983,0.0002
8.225,6709860.0,3024990.0,2899680.0,1153130.0,8.47582e-07,0.000346327,0.00148504,0.0,0.00114317,0.00114327,0.00114485,628.638,0.0002
8.23,6709860.0,3024990.0,2899680.0,1153130.0,8.47582e-07,0.000346327,0.00148504,0.0,0.00114317,0.00114327,0.00114485,630.635,0.0002
8.235,6710190.0,3025110.0,2899780.0,1153130.0,8.47603e-07,0.000359144,0.0014978,0.0,0.0011432,0.00114331,0.00114488,630.635,0.0002
8.24,6710300.0,3025150.0,2899820.0,1153130.0,8.4761e-07,0.000363348,0.00150199,0.0,0.00114322,0.00114332,0.00114489,632.324,0.0002
8.245,6710580.0,3025240.0,2899910.0,1153130.0,8.47628e-07,0.000374189,0.00151278,0.0,0.00114324,0.00114335,0.00114492,631.526,0.0002
8.25,6710580.0,3025240.0,2899910.0,1153130.0,8.47628e-07,0.000374189,0.00151278,0.0,0.00114324,0.00114335,0.00114492,629.094,0.0002
8.255,6710180.0,3025100.0,2899780.0,1153130.0,8.47602e-07,0.000358574,0.00149723,0.0,0.0011432,0.00114331,0.00114488,629.094,0.0002
8.26,6710040.0,3025060.0,2899740.0,1153130.0,8.47594e-07,0.000353453,0.00149214,0.0,0.00114319,0.00114329,0.00114487,628.22,0.0002
8.265,6709900.0,3025010.0,2899690.0,1153130.0,8.47585e-07,0.000347847,0.00148655,0.0,0.00114317,0.00114328,0.00114485,628.185,0.0002
8.27,6709900.0,3025010.0,2899690.0,1153130.0,8.47585e-07,0.000347847,0.00148655,0.0,0.00114317,0.00114328,0.00114485,628.076,0.0002
8.275,6709880.0,3025000.0,2899680.0,1153130.0,8.47584e-07,0.000347151,0.00148586,0.0,0.00114317,0.00114328,0.00114485,628.076,0.0002
8.28,6709870.0,3025000.0,2899680.0,1153130.0,8.47583e-07,0.000346923,0.00148563,0.0,0.00114317,0.00114327,0.00114485,630.707,0.0002
8.285,6710310.0,3025150.0,2899820.0,1153130.0,8.47611e-07,0.000363811,0.00150245,0.0,0.00114322,0.00114332,0.00114489,630.541,0.0002
8.29,6710310.0,3025150.0,2899820.0,1153130.0,8.47611e-07,0.000363811,0.00150245,0.0,0.00114322,0.00114332,0.00114489,630.034,0.0002
8.295,6710230.0,3025120.0,2899800.0,1153130.0,8.47605e-07,0.000360557,0.00149921,0.0,0.00114321,0.00114331,0.00114489,630.034,0.0002
8.3,6710200.0,3025110.0,2899790.0,1153130.0,8.47604e-07,0.000359489,0.00149815,0.0,0.0011432,0.00114331,0.00114488,629.272,0.0002
8.305,6710070.0,3025070.0,2899750.0,1153130.0,8.47596e-07,0.0003546,0.00149328,0.0,0.00114319,0.00114329,0.00114487,627.808,0.0002
8.31,6710070.0,3025070.0,2899750.0,1153130.0,8.47596e-07,0.0003546,0.00149328,0.0,0.00114319,0.00114329,0.00114487,623.345,0.0002
8.315,6709330.0,3024810.0,2899510.0,1153120.0,8.47549e-07,0.000325949,0.00146475,0.0,0.00114312,0.00114322,0.00114479,623.345,0.0002
8.32,6709080.0,3024730.0,2899430.0,1153120.0,8.47534e-07,0.000316551,0.00145539,0.0,0.00114309,0.00114319,0.00114477,626.234,0.0002
8.325,6709570.0,3024890.0,2899580.0,1153120.0,8.47564e-07,0.0003351,0.00147386,0.0,0.00114314,0.00114324,0.00114482,625.817,0.0002
8.33,6709570.0,3024890.0,2899580.0,1153120.0,8.47564e-07,0.0003351,0.00147386,0.0,0.00114314,0.00114324,0.00114482,624.545,0.0002
8.335,6709350.0,3024820.0,2899520.0,1153120.0,8.47551e-07,0.000326935,0.00146573,0.0,0.00114312,0.00114322,0.0011448,624.545,0.0002
8.34,6709280.0,3024800.0,2899490.0,1153120.0,8.47547e-07,0.000324257,0.00146306,0.0,0.00114311,0.00114321,0.00114479,629.697,0.0002
8.345,6710140.0,3025090.0,2899770.0,1153130.0,8.476e-07,0.000357327,0.00149599,0.0,0.0011432,0.0011433,0.00114488,630.302,0.0002
8.35,6710140.0,3025090.0,2899770.0,1153130.0,8.476e-07,0.000357327,0.00149599,0.0,0.0011432,0.0011433,0.00114488,632.148,0.0002
8.355,6710450.0,3025200.0,2899870.0,1153130.0,8.47619e-07,0.000369171,0.00150779,0.0,0.00114323,0.00114333,0.00114491,632.148,0.0002
8.36,6710550.0,3025230.0,2899900.0,1153130.0,8.47626e-07,0.000373056,0.00151165,0.0,0.00114324,0.00114334,0.00114492,629.83,0.0002
8.365,6710170.0,3025100.0,2899780.0,1153130.0,8.47602e-07,0.00035818,0.00149684,0.0,0.0011432,0.0011433,0.00114488,629.555,0.0002
8.37,6710170.0,3025100.0,2899780.0,1153130.0,8.47602e-07,0.00035818,0.00149684,0.0,0.0011432,0.0011433,0.00114488,628.716,0.0002
8.375,6710030.0,3025050.0,2899730.0,1153130.0,8.47593e-07,0.000352795,0.00149148,0.0,0.00114319,0.00114329,0.00114486,628.716,0.0002
8.38,6709980.0,3025040.0,2899720.0,1153130.0,8.4759e-07,0.000351028,0.00148972,0.0,0.00114318,0.00114329,0.00114486,628.576,0.0002
8.385,6709960.0,3025030.0,2899710.0,1153130.0,8.47589e-07,0.000350129,0.00148883,0.0,0.00114318,0.00114328,0.00114486,628.892,0.0002
8.39,6709960.0,3025030.0,2899710.0,1153130.0,8.47589e-07,0.000350129,0.00148883,0.0,0.00114318,0.00114328,0.00114486,629.855,0.0002
8.395,6710120.0,3025080.0,2899760.0,1153130.0,8.47599e-07,0.000356312,0.00149498,0.0,0.0011432,0.0011433,0.00114487,629.855,0.0002
8.4,6710170.0,3025100.0,2899780.0,1153130.0,8.47602e-07,0.00035834,0.001497,0.0,0.0011432,0.0011433,0.00114488,626.019,0.0002
8.405,6709530.0,3024880.0,2899570.0,1153120.0,8.47562e-07,0.000333717,0.00147248,0.0,0.00114314,0.00114324,0.00114481,626.551,0.0002
8.41,6709530.0,3024880.0,2899570.0,1153120.0,8.47562e-07,0.000333717,0.00147248,0.0,0.00114314,0.00114324,0.00114481,628.175,0.0002
8.415,6709800.0,3024980.0,2899660.0,1153130.0,8.47579e-07,0.000344136,0.00148286,0.0,0.00114316,0.00114327,0.00114484,628.175,0.0002
8.42,6709890.0,3025010.0,2899690.0,1153130.0,8.47584e-07,0.000347554,0.00148626,0.0,0.00114317,0.00114328,0.00114485,625.597,0.0002
8.425,6709460.0,3024860.0,2899550.0,1153120.0,8.47557e-07,0.000331011,0.00146979,0.0,0.00114313,0.00114323,0.00114481,626.425,0.0002
8.43,6709460.0,3024860.0,2899550.0,1153120.0,8.47557e-07,0.000331011,0.00146979,0.0,0.00114313,0.00114323,0.00114481,628.948,0.0002
8.435,6709880.0,3025000.0,2899690.0,1153130.0,8.47584e-07,0.000347205,0.00148591,0.0,0.00114317,0.00114328,0.00114485,628.948,0.0002
8.44,6710020.0,3025050.0,2899730.0,1153130.0,8.47592e-07,0.000352517,0.0014912,0.0,0.00114319,0.00114329,0.00114486,631.092,0.0002
8.445,6710380.0,3025170.0,2899850.0,1153130.0,8.47615e-07,0.000366281,0.00150491,0.0,0.00114322,0.00114333,0.0011449,630.148,0.0002
8.45,6710380.0,3025170.0,2899850.0,1153130.0,8.47615e-07,0.000366281,0.00150491,0.0,0.00114322,0.00114333,0.0011449,627.269,0.0002
8.455,6709900.0,3025010.0,2899690.0,1153130.0,8.47585e-07,0.000347801,0.00148651,0.0,0.00114317,0.00114328,0.00114485,627.269,0.0002
8.46,6709740.0,3024950.0,2899640.0,1153130.0,8.47575e-07,0.00034174,0.00148047,0.0,0.00114316,0.00114326,0.00114484,628.01,0.0002
8.465,6709860.0,3025000.0,2899680.0,1153130.0,8.47583e-07,0.000346498,0.00148521,0.0,0.00114317,0.00114327,0.00114485,627.598,0.0002
8.47,6709860.0,3025000.0,2899680.0,1153130.0,8.47583e-07,0.000346498,0.00148521,0.0,0.00114317,0.00114327,0.00114485,626.342,0.0002
8.475,6709650.0,3024920.0,2899610.0,1153130.0,8.4757e-07,0.000338435,0.00147718,0.0,0.00114315,0.00114325,0.00114483,626.342,0.0002
8.48,6709580.0,3024900.0,2899590.0,1153130.0,8.47565e-07,0.000335791,0.00147455,0.0,0.00114314,0.00114324,0.00114482,626.304,0.0002
8.485,6709580.0,3024900.0,2899590.0,1153130.0,8.47565e-07,0.000335544,0.0014743,0.0,0.00114314,0.00114324,0.00114482,627.384,0.0002
8.49,6709580.0,3024900.0,2899590.0,1153130.0,8.47565e-07,0.000335544,0.0014743,0.0,0.00114314,0.00114324,0.00114482,630.679,0.0002
8.495,6710130.0,3025090.0,2899770.0,1153130.0,8.47599e-07,0.000356694,0.00149536,0.0,0.0011432,0.0011433,0.00114487,630.679,0.0002
8.5,6710310.0,3025150.0,2899820.0,1153130.0,8.4761e-07,0.000363631,0.00150227,0.0,0.00114322,0.00114332,0.00114489,630.54,0.0002
8.505,6710280.0,3025140.0,2899820.0,1153130.0,8.47609e-07,0.00036274,0.00150138,0.0,0.00114321,0.00114332,0.00114489,629.631,0.0002
8.51,6710280.0,3025140.0,2899820.0,1153130.0,8.47609e-07,0.00036274,0.00150138,0.0,0.00114321,0.00114332,0.00114489,626.857,0.0002
8.515,6709820.0,3024980.0,2899670.0,1153130.0,8.4758e-07,0.000344937,0.00148366,0.0,0.00114317,0.00114327,0.00114484,626.857,0.0002
8.52,6709670.0,3024930.0,2899620.0,1153130.0,8.47571e-07,0.000339098,0.00147784,0.0,0.00114315,0.00114325,0.00114483,625.397,0.0002
8.525,6709430.0,3024850.0,2899540.0,1153120.0,8.47555e-07,0.000329727,0.00146851,0.0,0.00114313,0.00114323,0.0011448,626.539,0.0002
8.53,6709430.0,3024850.0,2899540.0,1153120.0,8.47555e-07,0.000329727,0.00146851,0.0,0.00114313,0.00114323,0.0011448,630.02,0.0002
8.535,6710010.0,3025050.0,2899730.0,1153130.0,8.47592e-07,0.000352069,0.00149076,0.0,0.00114319,0.00114329,0.00114486,630.02,0.0002
8.54,6710200.0,3025110.0,2899790.0,1153130.0,8.47604e-07,0.000359397,0.00149805,0.0,0.0011432,0.00114331,0.00114488,629.333,0.0002
8.545,6710080.0,3025070.0,2899750.0,1153130.0,8.47596e-07,0.00035499,0.00149367,0.0,0.00114319,0.0011433,0.00114487,630.038,0.0002
8.55,6710080.0,3025070.0,2899750.0,1153130.0,8.47596e-07,0.00035499,0.00149367,0.0,0.00114319,0.0011433,0.00114487,632.187,0.0002
8.555,6710440.0,3025200.0,2899870.0,1153140.0,8.47619e-07,0.000368785,0.0015074,0.0,0.00114323,0.00114333,0.00114491,632.187,0.0002
8.56,6710560.0,3025240.0,2899910.0,1153140.0,8.47626e-07,0.000373309,0.00151191,0.0,0.00114324,0.00114334,0.00114492,625.567,0.0002
8.565,6709450.0,3024860.0,2899550.0,1153130.0,8.47557e-07,0.000330815,0.00146959,0.0,0.00114313,0.00114323,0.00114481,626.606,0.0002
8.57,6709450.0,3024860.0,2899550.0,1153130.0,8.47557e-07,0.000330815,0.00146959,0.0,0.00114313,0.00114323,0.00114481,629.773,0.0002
8.575,6709980.0,3025040.0,2899720.0,1153130.0,8.4759e-07,0.000351145,0.00148984,0.0,0.00114318,0.00114329,0.00114486,629.773,0.0002
8.58,6710160.0,3025100.0,2899780.0,1153130.0,8.47601e-07,0.000357813,0.00149648,0.0,0.0011432,0.0011433,0.00114488,628.689,0.0002
8.585,6709980.0,3025040.0,2899720.0,1153130.0,8.4759e-07,0.000350855,0.00148955,0.0,0.00114318,0.00114328,0.00114486,628.768,0.0002
8.59,6709980.0,3025040.0,2899720.0,1153130.0,8.4759e-07,0.000350855,0.00148955,0.0,0.00114318,0.00114328,0.00114486,629.008,0.0002
8.595,6710020.0,3025050.0,2899730.0,1153130.0,8.47592e-07,0.000352397,0.00149108,0.0,0.00114319,0.00114329,0.00114486,629.008,0.0002
8.6,6710030.0,3025050.0,2899730.0,1153130.0,8.47593e-07,0.000352903,0.00149159,0.0,0.00114319,0.00114329,0.00114486,627.097,0.0002
8.605,6709710.0,3024940.0,2899630.0,1153130.0,8.47573e-07,0.000340636,0.00147937,0.0,0.00114315,0.00114326,0.00114483,627.71,0.0002
8.61,6709710.0,3024940.0,2899630.0,1153130.0,8.47573e-07,0.000340636,0.00147937,0.0,0.00114315,0.00114326,0.00114483,629.581,0.0002
8.615,6710020.0,3025050.0,2899730.0,1153130.0,8.47593e-07,0.000352642,0.00149133,0.0,0.00114319,0.00114329,0.00114486,629.581,0.0002
8.62,6710120.0,3025090.0,2899770.0,1153130.0,8.47599e-07,0.00035658,0.00149525,0.0,0.0011432,0.0011433,0.00114487,628.079,0.0002
8.625,6709870.0,3025000.0,2899690.0,1153130.0,8.47583e-07,0.000346938,0.00148565,0.0,0.00114317,0.00114327,0.00114485,628.421,0.0002
8.63,6709870.0,3025000.0,2899690.0,1153130.0,8.47583e-07,0.000346938,0.00148565,0.0,0.00114317,0.00114327,0.00114485,629.466,0.0002
8.635,6710050.0,3025060.0,2899740.0,1153130.0,8.47594e-07,0.000353643,0.00149232,0.0,0.00114319,0.00114329,0.00114487,629.466,0.0002
8.64,6710110.0,3025080.0,2899760.0,1153130.0,8.47598e-07,0.000355843,0.00149451,0.0,0.0011432,0.0011433,0.00114487,629.948,0.0002
8.645,6710190.0,3025110.0,2899790.0,1153130.0,8.47603e-07,0.000358936,0.00149759,0.0,0.0011432,0.00114331,0.00114488,629.36,0.0002
8.65,6710190.0,3025110.0,2899790.0,1153130.0,8.47603e-07,0.000358936,0.00149759,0.0,0.0011432,0.00114331,0.00114488,627.567,0.0002
8.655,6709890.0,3025010.0,2899690.0,1153130.0,8.47584e-07,0.000347427,0.00148614,0.0,0.00114317,0.00114328,0.00114485,627.567,0.0002
8.66,6709790.0,3024970.0,2899660.0,1153130.0,8.47578e-07,0.000343652,0.00148238,0.0,0.00114316,0.00114327,0.00114484,629.548,0.0002
8.665,6710120.0,3025090.0,2899760.0,1153130.0,8.47599e-07,0.000356368,0.00149504,0.0,0.0011432,0.0011433,0.00114487,629.013,0.0002
8.67,6710120.0,3025090.0,2899760.0,1153130.0,8.47599e-07,0.000356368,0.00149504,0.0,0.0011432,0.0011433,0.00114487,627.384,0.0002
8.675,6709850.0,3024990.0,2899680.0,1153130.0,8.47582e-07,0.000345909,0.00148462,0.0,0.00114317,0.00114327,0.00114485,627.384,0.0002
8.68,6709760.0,3024960.0,2899650.0,1153130.0,8.47576e-07,0.000342478,0.00148121,0.0,0.00114316,0.00114326,0.00114484,632.803,0.0002
8.685,6710660.0,3025270.0,2899940.0,1153140.0,8.47633e-07,0.000377265,0.00151585,0.0,0.00114325,0.00114335,0.00114493,631.656,0.0002
8.69,6710660.0,3025270.0,2899940.0,1153140.0,8.47633e-07,0.000377265,0.00151585,0.0,0.00114325,0.00114335,0.00114493,628.159,0.0002
8.695,6710080.0,3025070.0,2899750.0,1153130.0,8.47596e-07,0.000354815,0.00149349,0.0,0.00114319,0.0011433,0.00114487,628.159,0.0002
8.7,6709890.0,3025010.0,2899690.0,1153130.0,8.47584e-07,0.000347451,0.00148616,0.0,0.00114317,0.00114328,0.00114485,629.789,0.0002
8.705,6710160.0,3025100.0,2899780.0,1153130.0,8.47601e-07,0.000357916,0.00149658,0.0,0.0011432,0.0011433,0.00114488,630.287,0.0002
8.71,6710160.0,3025100.0,2899780.0,1153130.0,8.47601e-07,0.000357916,0.00149658,0.0,0.0011432,0.0011433,0.00114488,631.806,0.0002
8.715,6710410.0,3025190.0,2899860.0,1153140.0,8.47617e-07,0.000367667,0.00150629,0.0,0.00114323,0.00114333,0.0011449,631.806,0.0002
8.72,6710500.0,3025220.0,2899890.0,1153140.0,8.47622e-07,0.000370866,0.00150947,0.0,0.00114323,0.00114334,0.00114491,624.46,0.0002
8.725,6709270.0,3024790.0,2899490.0,1153120.0,8.47546e-07,0.000323712,0.00146252,0.0,0.00114311,0.00114321,0.00114479,625.886,0.0002
8.73,6709270.0,3024790.0,2899490.0,1153120.0,8.47546e-07,0.000323712,0.00146252,0.0,0.00114311,0.00114321,0.00114479,630.231,0.0002
8.735,6710000.0,3025040.0,2899720.0,1153130.0,8.47591e-07,0.000351607,0.0014903,0.0,0.00114318,0.00114329,0.00114486,630.231,0.0002
8.74,6710230.0,3025130.0,2899800.0,1153130.0,8.47606e-07,0.000360756,0.00149941,0.0,0.00114321,0.00114331,0.00114489,630.889,0.0002
8.745,6710340.0,3025160.0,2899840.0,1153140.0,8.47613e-07,0.000364976,0.00150361,0.0,0.00114322,0.00114332,0.0011449,630.276,0.0002
8.75,6710340.0,3025160.0,2899840.0,1153140.0,8.47613e-07,0.000364976,0.00150361,0.0,0.00114322,0.00114332,0.0011449,628.408,0.0002
8.755,6710030.0,3025060.0,2899740.0,1153130.0,8.47593e-07,0.000352985,0.00149167,0.0,0.00114319,0.00114329,0.00114486,628.408,0.0002
8.76,6709930.0,3025020.0,2899700.0,1153130.0,8.47587e-07,0.000349051,0.00148775,0.0,0.00114318,0.00114328,0.00114485,628.138,0.0002
8.765,6709880.0,3025010.0,2899690.0,1153130.0,8.47584e-07,0.000347322,0.00148603,0.0,0.00114317,0.00114328,0.00114485,628.999,0.0002
8.77,6709880.0,3025010.0,2899690.0,1153130.0,8.47584e-07,0.000347322,0.00148603,0.0,0.00114317,0.00114328,0.00114485,631.621,0.0002
8.775,6710320.0,3025160.0,2899830.0,1153140.0,8.47611e-07,0.000364157,0.00150279,0.0,0.00114322,0.00114332,0.00114489,631.621,0.0002
8.78,6710470.0,3025210.0,2899880.0,1153140.0,8.4762e-07,0.000369678,0.00150829,0.0,0.00114323,0.00114333,0.00114491,630.838,0.0002
8.785,6710330.0,3025160.0,2899830.0,1153140.0,8.47612e-07,0.000364653,0.00150329,0.0,0.00114322,0.00114332,0.0011449,631.333,0.0002
8.79,6710330.0,3025160.0,2899830.0,1153140.0,8.47612e-07,0.000364653,0.00150329,0.0,0.00114322,0.00114332,0.0011449,632.841,0.0002
8.795,6710590.0,3025250.0,2899920.0,1153140.0,8.47628e-07,0.000374331,0.00151292,0.0,0.00114324,0.00114335,0.00114492,632.841,0.0002
8.8,6710670.0,3025280.0,2899940.0,1153140.0,8.47633e-07,0.000377506,0.00151608,0.0,0.00114325,0.00114336,0.00114493,628.126,0.0002
8.805,6709880.0,3025010.0,2899690.0,1153130.0,8.47584e-07,0.000347245,0.00148595,0.0,0.00114317,0.00114327,0.00114485,628.147,0.0002
8.81,6709880.0,3025010.0,2899690.0,1153130.0,8.47584e-07,0.000347245,0.00148595,0.0,0.00114317,0.00114327,0.00114485,628.208,0.0002
8.815,6709890.0,3025010.0,2899690.0,1153130.0,8.47584e-07,0.000347641,0.00148635,0.0,0.00114317,0.00114328,0.00114485,628.208,0.0002
8.82,6709900.0,3025010.0,2899690.0,1153130.0,8.47585e-07,0.000347771,0.00148648,0.0,0.00114317,0.00114328,0.00114485,627.379,0.0002
8.825,6709760.0,3024960.0,2899650.0,1153130.0,8.47576e-07,0.000342451,0.00148118,0.0,0.00114316,0.00114326,0.00114484,626.594,0.0002
8.83,6709760.0,3024960.0,2899650.0,1153130.0,8.47576e-07,0.000342451,0.00148118,0.0,0.00114316,0.00114326,0.00114484,624.201,0.0002
8.835,6709360.0,3024830.0,2899520.0,1153130.0,8.47551e-07,0.000327089,0.00146588,0.0,0.00114312,0.00114322,0.0011448,624.201,0.0002
8.84,6709230.0,3024780.0,2899480.0,1153130.0,8.47543e-07,0.000322051,0.00146087,0.0,0.00114311,0.00114321,0.00114478,625.046,0.0002
8.845,6709370.0,3024830.0,2899520.0,1153130.0,8.47552e-07,0.00032747,0.00146626,0.0,0.00114312,0.00114322,0.0011448,626.281,0.0002
8.85,6709370.0,3024830.0,2899520.0,1153130.0,8.47552e-07,0.00032747,0.00146626,0.0,0.00114312,0.00114322,0.0011448,630.048,0.0002
8.855,6710000.0,3025040.0,2899730.0,1153130.0,8.47591e-07,0.000351647,0.00149034,0.0,0.00114318,0.00114329,0.00114486,630.048,0.0002
8.86,6710200.0,3025120.0,2899790.0,1153140.0,8.47604e-07,0.000359577,0.00149823,0.0,0.0011432,0.00114331,0.00114488,629.713,0.0002
8.865,6710150.0,3025100.0,2899770.0,1153130.0,8.476e-07,0.000357428,0.00149609,0.0,0.0011432,0.0011433,0.00114488,628.866,0.0002
8.87,6710150.0,3025100.0,2899770.0,1153130.0,8.476e-07,0.000357428,0.00149609,0.0,0.0011432,0.0011433,0.00114488,626.283,0.0002
8.875,6709720.0,3024950.0,2899640.0,1153130.0,8.47573e-07,0.000340852,0.00147959,0.0,0.00114316,0.00114326,0.00114483,626.283,0.0002
8.88,6709570.0,3024900.0,2899590.0,1153130.0,8.47565e-07,0.000335415,0.00147417,0.0,0.00114314,0.00114324,0.00114482,629.141,0.0002
8.885,6710050.0,3025060.0,2899740.0,1153130.0,8.47594e-07,0.000353758,0.00149244,0.0,0.00114319,0.00114329,0.00114487,629.665,0.0002
8.89,6710050.0,3025060.0,2899740.0,1153130.0,8.47594e-07,0.000353758,0.00149244,0.0,0.00114319,0.00114329,0.00114487,631.264,0.0002
8.895,6710320.0,3025160.0,2899830.0,1153140.0,8.47611e-07,0.00036402,0.00150266,0.0,0.00114322,0.00114332,0.00114489,631.264,0.0002
8.9,6710410.0,3025190.0,2899860.0,1153140.0,8.47617e-07,0.000367385,0.00150601,0.0,0.00114323,0.00114333,0.0011449,626.872,0.0002
8.905,6709670.0,3024930.0,2899620.0,1153130.0,8.47571e-07,0.000339197,0.00147794,0.0,0.00114315,0.00114325,0.00114483,627.087,0.0002
8.91,6709670.0,3024930.0,2899620.0,1153130.0,8.47571e-07,0.000339197,0.00147794,0.0,0.00114315,0.00114325,0.00114483,627.741,0.0002
8.915,6709780.0,3024970.0,2899660.0,1153130.0,8.47578e-07,0.000343395,0.00148212,0.0,0.00114316,0.00114326,0.00114484,627.741,0.0002
8.92,6709820.0,3024980.0,2899670.0,1153130.0,8.4758e-07,0.000344772,0.00148349,0.0,0.00114317,0.00114327,0.00114484,626.82,0.0002
8.925,6709660.0,3024930.0,2899620.0,1153130.0,8.4757e-07,0.000338859,0.0014776,0.0,0.00114315,0.00114325,0.00114483,626.47,0.0002
8.93,6709660.0,3024930.0,2899620.0,1153130.0,8.4757e-07,0.000338859,0.0014776,0.0,0.00114315,0.00114325,0.00114483,625.404,0.0002
8.935,6709490.0,3024870.0,2899560.0,1153130.0,8.47559e-07,0.000332016,0.00147079,0.0,0.00114313,0.00114323,0.00114481,625.404,0.0002
8.94,6709430.0,3024850.0,2899540.0,1153130.0,8.47555e-07,0.000329772,0.00146856,0.0,0.00114313,0.00114323,0.0011448,626.625,0.0002
8.945,6709630.0,3024920.0,2899610.0,1153130.0,8.47568e-07,0.000337611,0.00147636,0.0,0.00114315,0.00114325,0.00114482,627.641,0.0002
8.95,6709630.0,3024920.0,2899610.0,1153130.0,8.47568e-07,0.000337611,0.00147636,0.0,0.00114315,0.00114325,0.00114482,630.737,0.0002
8.955,6710150.0,3025100.0,2899780.0,1153140.0,8.476e-07,0.000357483,0.00149615,0.0,0.0011432,0.0011433,0.00114488,630.737,0.0002
8.96,6710320.0,3025160.0,2899830.0,1153140.0,8.47611e-07,0.000364001,0.00150264,0.0,0.00114322,0.00114332,0.00114489,626.184,0.0002
8.965,6709560.0,3024890.0,2899590.0,1153130.0,8.47564e-07,0.000334777,0.00147354,0.0,0.00114314,0.00114324,0.00114482,626.644,0.0002
8.97,6709560.0,3024890.0,2899590.0,1153130.0,8.47564e-07,0.000334777,0.00147354,0.0,0.00114314,0.00114324,0.00114482,628.046,0.0002
8.975,6709790.0,3024980.0,2899660.0,1153130.0,8.47578e-07,0.000343779,0.0014825,0.0,0.00114316,0.00114327,0.00114484,628.046,0.0002
8.98,6709870.0,3025000.0,2899690.0,1153130.0,8.47583e-07,0.000346731,0.00148544,0.0,0.00114317,0.00114327,0.00114485,630.289,0.0002
8.985,6710240.0,3025130.0,2899810.0,1153140.0,8.47606e-07,0.000361128,0.00149978,0.0,0.00114321,0.00114331,0.00114489,630.169,0.0002
8.99,6710240.0,3025130.0,2899810.0,1153140.0,8.47606e-07,0.000361128,0.00149978,0.0,0.00114321,0.00114331,0.00114489,629.802,0.0002
8.995,6710180.0,3025110.0,2899790.0,1153140.0,8.47603e-07,0.000358771,0.00149743,0.0,0.0011432,0.00114331,0.00114488,629.802,0.0002
9.0,6710160.0,3025100.0,2899780.0,1153140.0,8.47601e-07,0.000357998,0.00149666,0.0,0.0011432,0.0011433,0.00114488,623.21,0.0002
9.005,6709060.0,3024720.0,2899430.0,1153130.0,8.47533e-07,0.000315687,0.00145453,0.0,0.00114309,0.00114319,0.00114477,625.442,0.0002
9.01,6709060.0,3024720.0,2899430.0,1153130.0,8.47533e-07,0.000315687,0.00145453,0.0,0.00114309,0.00114319,0.00114477,632.246,0.0002
9.015,6710200.0,3025110.0,2899790.0,1153140.0,8.47604e-07,0.000359362,0.00149802,0.0,0.0011432,0.00114331,0.00114488,632.246,0.0002
9.02,6710570.0,3025240.0,2899910.0,1153140.0,8.47627e-07,0.000373688,0.00151228,0.0,0.00114324,0.00114334,0.00114492,622.942,0.0002
9.025,6709020.0,3024710.0,2899410.0,1153130.0,8.4753e-07,0.000313966,0.00145282,0.0,0.00114308,0.00114319,0.00114476,625.095,0.0002
9.03,6709020.0,3024710.0,2899410.0,1153130.0,8.4753e-07,0.000313966,0.00145282,0.0,0.00114308,0.00114319,0.00114476,631.659,0.0002
9.035,6710110.0,3025090.0,2899760.0,1153140.0,8.47598e-07,0.000356103,0.00149477,0.0,0.0011432,0.0011433,0.00114487,631.659,0.0002
9.04,6710470.0,3025210.0,2899880.0,1153140.0,8.47621e-07,0.000369923,0.00150853,0.0,0.00114323,0.00114333,0.00114491,627.826,0.0002
9.045,6709830.0,3024990.0,2899670.0,1153130.0,8.47581e-07,0.000345315,0.00148403,0.0,0.00114317,0.00114327,0.00114484,628.186,0.0002
9.05,6709830.0,3024990.0,2899670.0,1153130.0,8.47581e-07,0.000345315,0.00148403,0.0,0.00114317,0.00114327,0.00114484,629.285,0.0002
9.055,6710020.0,3025050.0,2899730.0,1153140.0,8.47592e-07,0.00035237,0.00149106,0.0,0.00114319,0.00114329,0.00114486,629.285,0.0002
9.06,6710080.0,3025070.0,2899750.0,1153140.0,8.47596e-07,0.000354684,0.00149336,0.0,0.00114319,0.00114329,0.00114487,628.121,0.0002
9.065,6709880.0,3025010.0,2899690.0,1153130.0,8.47584e-07,0.00034721,0.00148592,0.0,0.00114317,0.00114327,0.00114485,627.987,0.0002
9.07,6709880.0,3025010.0,2899690.0,1153130.0,8.47584e-07,0.00034721,0.00148592,0.0,0.00114317,0.00114327,0.00114485,627.58,0.0002
9.075,6709810.0,3024980.0,2899670.0,1153130.0,8.4758e-07,0.000344598,0.00148332,0.0,0.00114316,0.00114327,0.00114484,627.58,0.0002
9.08,6709790.0,3024980.0,2899660.0,1153130.0,8.47578e-07,0.000343741,0.00148246,0.0,0.00114316,0.00114327,0.00114484,629.293,0.0002
9.085,6710080.0,3025070.0,2899750.0,1153140.0,8.47596e-07,0.000354734,0.00149341,0.0,0.00114319,0.00114329,0.00114487,629.439,0.0002
9.09,6710080.0,3025070.0,2899750.0,1153140.0,8.47596e-07,0.000354734,0.00149341,0.0,0.00114319,0.00114329,0.00114487,629.884,0.0002
9.095,6710150.0,3025100.0,2899780.0,1153140.0,8.47601e-07,0.000357591,0.00149625,0.0,0.0011432,0.0011433,0.00114488,629.884,0.0002
9.1,6710180.0,3025110.0,2899780.0,1153140.0,8.47602e-07,0.000358527,0.00149719,0.0,0.0011432,0.0011433,0.00114488,628.197,0.0002
9.105,6709890.0,3025010.0,2899690.0,1153130.0,8.47585e-07,0.0003477,0.00148641,0.0,0.00114317,0.00114328,0.00114485,627.888,0.0002
9.11,6709890.0,3025010.0,2899690.0,1153130.0,8.47585e-07,0.0003477,0.00148641,0.0,0.00114317,0.00114328,0.00114485,626.946,0.0002
9.115,6709740.0,3024960.0,2899640.0,1153130.0,8.47575e-07,0.00034165,0.00148038,0.0,0.00114316,0.00114326,0.00114483,626.946,0.0002
9.12,6709680.0,3024940.0,2899630.0,1153130.0,8.47572e-07,0.000339666,0.00147841,0.0,0.00114315,0.00114325,0.00114483,627.744,0.0002
9.125,6709820.0,3024990.0,2899670.0,1153130.0,8.4758e-07,0.000344792,0.00148351,0.0,0.00114317,0.00114327,0.00114484,626.881,0.0002
9.13,6709820.0,3024990.0,2899670.0,1153130.0,8.4758e-07,0.000344792,0.00148351,0.0,0.00114317,0.00114327,0.00114484,624.251,0.0002
9.135,6709380.0,3024830.0,2899530.0,1153130.0,8.47552e-07,0.000327908,0.0014667,0.0,0.00114312,0.00114322,0.0011448,624.251,0.0002
9.14,6709230.0,3024780.0,2899480.0,1153130.0,8.47543e-07,0.00032237,0.00146119,0.0,0.00114311,0.00114321,0.00114478,626.829,0.0002
9.145,6709670.0,3024930.0,2899620.0,1153130.0,8.4757e-07,0.000338919,0.00147766,0.0,0.00114315,0.00114325,0.00114483,626.98,0.0002
9.15,6709670.0,3024930.0,2899620.0,1153130.0,8.4757e-07,0.000338919,0.00147766,0.0,0.00114315,0.00114325,0.00114483,627.439,0.0002
9.155,6709740.0,3024960.0,2899650.0,1153130.0,8.47575e-07,0.000341865,0.0014806,0.0,0.00114316,0.00114326,0.00114483,627.439,0.0002
9.16,6709770.0,3024970.0,2899650.0,1153130.0,8.47577e-07,0.000342832,0.00148156,0.0,0.00114316,0.00114326,0.00114484,628.152,0.0002
9.165,6709890.0,3025010.0,2899690.0,1153130.0,8.47584e-07,0.000347407,0.00148612,0.0,0.00114317,0.00114328,0.00114485,627.75,0.0002
9.17,6709890.0,3025010.0,2899690.0,1153130.0,8.47584e-07,0.000347407,0.00148612,0.0,0.00114317,0.00114328,0.00114485,626.525,0.0002
9.175,6709680.0,3024940.0,2899630.0,1153130.0,8.47571e-07,0.000339545,0.00147829,0.0,0.00114315,0.00114325,0.00114483,626.525,0.0002
9.18,6709610.0,3024920.0,2899610.0,1153130.0,8.47567e-07,0.000336966,0.00147572,0.0,0.00114314,0.00114325,0.00114482,624.415,0.0002
9.185,6709260.0,3024790.0,2899490.0,1153130.0,8.47545e-07,0.000323424,0.00146223,0.0,0.00114311,0.00114321,0.00114479,625.909,0.0002
9.19,6709260.0,3024790.0,2899490.0,1153130.0,8.47545e-07,0.000323424,0.00146223,0.0,0.00114311,0.00114321,0.00114479,630.462,0.0002
9.195,6710020.0,3025060.0,2899740.0,1153140.0,8.47593e-07,0.000352652,0.00149134,0.0,0.00114319,0.00114329,0.00114486,630.462,0.0002
9.2,6710270.0,3025140.0,2899820.0,1153140.0,8.47608e-07,0.000362239,0.00150088,0.0,0.00114321,0.00114331,0.00114489,629.192,0.0002
9.205,6710060.0,3025070.0,2899750.0,1153140.0,8.47595e-07,0.000354084,0.00149276,0.0,0.00114319,0.00114329,0.00114487,629.425,0.0002
9.21,6710060.0,3025070.0,2899750.0,1153140.0,8.47595e-07,0.000354084,0.00149276,0.0,0.00114319,0.00114329,0.00114487,630.137,0.0002
9.215,6710180.0,3025110.0,2899790.0,1153140.0,8.47602e-07,0.000358651,0.00149731,0.0,0.0011432,0.0011433,0.00114488,630.137,0.0002
9.22,6710220.0,3025120.0,2899800.0,1153140.0,8.47605e-07,0.000360148,0.0014988,0.0,0.00114321,0.00114331,0.00114488,628.695,0.0002
9.225,6709980.0,3025040.0,2899720.0,1153140.0,8.4759e-07,0.000350895,0.00148959,0.0,0.00114318,0.00114328,0.00114486,628.972,0.0002
9.23,6709980.0,3025040.0,2899720.0,1153140.0,8.4759e-07,0.000350895,0.00148959,0.0,0.00114318,0.00114328,0.00114486,629.817,0.0002
9.235,6710120.0,3025090.0,2899770.0,1153140.0,8.47599e-07,0.00035632,0.00149499,0.0,0.0011432,0.0011433,0.00114487,629.817,0.0002
9.24,6710160.0,3025100.0,2899780.0,1153140.0,8.47601e-07,0.000358099,0.00149676,0.0,0.0011432,0.0011433,0.00114488,628.923,0.0002
9.245,6710010.0,3025050.0,2899730.0,1153140.0,8.47592e-07,0.000352359,0.00149105,0.0,0.00114319,0.00114329,0.00114486,628.012,0.0002
9.25,6710010.0,3025050.0,2899730.0,1153140.0,8.47592e-07,0.000352359,0.00149105,0.0,0.00114319,0.00114329,0.00114486,625.234,0.0002
9.255,6709550.0,3024890.0,2899590.0,1153130.0,8.47563e-07,0.000334529,0.00147329,0.0,0.00114314,0.00114324,0.00114482,625.234,0.0002
9.26,6709400.0,3024840.0,2899540.0,1153130.0,8.47554e-07,0.000328681,0.00146747,0.0,0.00114312,0.00114323,0.0011448,631.753,0.0002
9.265,6710490.0,3025220.0,2899890.0,1153140.0,8.47622e-07,0.000370521,0.00150913,0.0,0.00114323,0.00114334,0.00114491,631.733,0.0002
9.27,6710490.0,3025220.0,2899890.0,1153140.0,8.47622e-07,0.000370521,0.00150913,0.0,0.00114323,0.00114334,0.00114491,631.671,0.0002
9.275,6710480.0,3025210.0,2899880.0,1153140.0,8.47621e-07,0.000370129,0.00150874,0.0,0.00114323,0.00114334,0.00114491,631.671,0.0002
9.28,6710470.0,3025210.0,2899880.0,1153140.0,8.47621e-07,0.00037,0.00150861,0.0,0.00114323,0.00114333,0.00114491,629.601,0.0002
9.285,6710130.0,3025090.0,2899770.0,1153140.0,8.47599e-07,0.00035671,0.00149538,0.0,0.0011432,0.0011433,0.00114487,628.698,0.0002
9.29,6710130.0,3025090.0,2899770.0,1153140.0,8.47599e-07,0.00035671,0.00149538,0.0,0.0011432,0.0011433,0.00114487,625.945,0.0002
9.295,6709670.0,3024930.0,2899620.0,1153130.0,8.47571e-07,0.000339042,0.00147779,0.0,0.00114315,0.00114325,0.00114483,625.945,0.0002
9.3,6709520.0,3024880.0,2899570.0,1153130.0,8.47561e-07,0.000333247,0.00147202,0.0,0.00114313,0.00114324,0.00114481,628.165,0.0002
9.305,6709890.0,3025010.0,2899690.0,1153140.0,8.47584e-07,0.000347495,0.0014862,0.0,0.00114317,0.00114328,0.00114485,628.622,0.0002
9.31,6709890.0,3025010.0,2899690.0,1153140.0,8.47584e-07,0.000347495,0.0014862,0.0,0.00114317,0.00114328,0.00114485,630.015,0.0002
9.315,6710120.0,3025090.0,2899770.0,1153140.0,8.47599e-07,0.000356436,0.0014951,0.0,0.0011432,0.0011433,0.00114487,630.015,0.0002
9.32,6710200.0,3025120.0,2899790.0,1153140.0,8.47604e-07,0.000359369,0.00149802,0.0,0.0011432,0.00114331,0.00114488,629.44,0.0002
9.325,6710100.0,3025080.0,2899760.0,1153140.0,8.47598e-07,0.000355676,0.00149435,0.0,0.00114319,0.0011433,0.00114487,628.624,0.0002
9.33,6710100.0,3025080.0,2899760.0,1153140.0,8.47598e-07,0.000355676,0.00149435,0.0,0.00114319,0.0011433,0.00114487,626.136,0.0002
9.335,6709690.0,3024940.0,2899630.0,1153130.0,8.47572e-07,0.000339707,0.00147845,0.0,0.00114315,0.00114325,0.00114483,626.136,0.0002
9.34,6709550.0,3024890.0,2899590.0,1153130.0,8.47563e-07,0.00033447,0.00147323,0.0,0.00114314,0.00114324,0.00114482,627.93,0.0002
9.345,6709850.0,3025000.0,2899680.0,1153140.0,8.47582e-07,0.000345988,0.0014847,0.0,0.00114317,0.00114327,0.00114485,628.175,0.0002
9.35,6709850.0,3025000.0,2899680.0,1153140.0,8.47582e-07,0.000345988,0.0014847,0.0,0.00114317,0.00114327,0.00114485,628.919,0.0002
9.355,6709970.0,3025040.0,2899720.0,1153140.0,8.4759e-07,0.000350764,0.00148946,0.0,0.00114318,0.00114328,0.00114486,628.919,0.0002
9.36,6710010.0,3025050.0,2899730.0,1153140.0,8.47592e-07,0.00035233,0.00149102,0.0,0.00114319,0.00114329,0.00114486,629.713,0.0002
9.365,6710150.0,3025100.0,2899780.0,1153140.0,8.476e-07,0.00035743,0.00149609,0.0,0.0011432,0.0011433,0.00114488,629.786,0.0002
9.37,6710150.0,3025100.0,2899780.0,1153140.0,8.476e-07,0.00035743,0.00149609,0.0,0.0011432,0.0011433,0.00114488,630.009,0.0002
9.375,6710180.0,3025110.0,2899790.0,1153140.0,8.47603e-07,0.000358862,0.00149752,0.0,0.0011432,0.00114331,0.00114488,630.009,0.0002
9.38,6710200.0,3025120.0,2899790.0,1153140.0,8.47603e-07,0.000359332,0.00149799,0.0,0.0011432,0.00114331,0.00114488,627.195,0.0002
9.385,6709730.0,3024960.0,2899640.0,1153140.0,8.47574e-07,0.00034127,0.00148,0.0,0.00114316,0.00114326,0.00114483,627.59,0.0002
9.39,6709730.0,3024960.0,2899640.0,1153140.0,8.47574e-07,0.00034127,0.00148,0.0,0.00114316,0.00114326,0.00114483,628.794,0.0002
9.395,6709930.0,3025020.0,2899710.0,1153140.0,8.47587e-07,0.000348995,0.0014877,0.0,0.00114318,0.00114328,0.00114485,628.794,0.0002
9.4,6709990.0,3025050.0,2899730.0,1153140.0,8.47591e-07,0.000351529,0.00149022,0.0,0.00114318,0.00114329,0.00114486,631.428,0.0002
9.405,6710430.0,3025200.0,2899870.0,1153140.0,8.47618e-07,0.000368439,0.00150706,0.0,0.00114323,0.00114333,0.00114491,630.598,0.0002
9.41,6710430.0,3025200.0,2899870.0,1153140.0,8.47618e-07,0.000368439,0.00150706,0.0,0.00114323,0.00114333,0.00114491,628.065,0.0002
9.415,6710010.0,3025050.0,2899730.0,1153140.0,8.47592e-07,0.000352185,0.00149087,0.0,0.00114318,0.00114329,0.00114486,628.065,0.0002
9.42,6709870.0,3025010.0,2899690.0,1153140.0,8.47583e-07,0.000346853,0.00148556,0.0,0.00114317,0.00114327,0.00114485,624.333,0.0002
9.425,6709250.0,3024790.0,2899490.0,1153130.0,8.47544e-07,0.000322895,0.00146171,0.0,0.00114311,0.00114321,0.00114478,624.992,0.0002
9.43,6709250.0,3024790.0,2899490.0,1153130.0,8.47544e-07,0.000322895,0.00146171,0.0,0.00114311,0.00114321,0.00114478,627.003,0.0002
9.435,6709580.0,3024910.0,2899600.0,1153130.0,8.47565e-07,0.000335801,0.00147456,0.0,0.00114314,0.00114324,0.00114482,627.003,0.0002
9.44,6709690.0,3024940.0,2899630.0,1153140.0,8.47572e-07,0.000340035,0.00147877,0.0,0.00114315,0.00114326,0.00114483,626.027,0.0002
9.445,6709530.0,3024890.0,2899580.0,1153130.0,8.47562e-07,0.000333773,0.00147254,0.0,0.00114314,0.00114324,0.00114481,626.554,0.0002
9.45,6709530.0,3024890.0,2899580.0,1153130.0,8.47562e-07,0.000333773,0.00147254,0.0,0.00114314,0.00114324,0.00114481,628.16,0.0002
9.455,6709800.0,3024980.0,2899670.0,1153140.0,8.47579e-07,0.000344079,0.0014828,0.0,0.00114316,0.00114327,0.00114484,628.16,0.0002
9.46,6709890.0,3025010.0,2899690.0,1153140.0,8.47584e-07,0.00034746,0.00148617,0.0,0.00114317,0.00114327,0.00114485,623.083,0.0002
9.465,6709040.0,3024720.0,2899420.0,1153130.0,8.47531e-07,0.000314875,0.00145372,0.0,0.00114309,0.00114319,0.00114476,623.352,0.0002
9.47,6709040.0,3024720.0,2899420.0,1153130.0,8.47531e-07,0.000314875,0.00145372,0.0,0.00114309,0.00114319,0.00114476,624.172,0.0002
9.475,6709180.0,3024770.0,2899470.0,1153130.0,8.4754e-07,0.000320139,0.00145896,0.0,0.0011431,0.0011432,0.00114478,624.172,0.0002
9.48,6709220.0,3024780.0,2899480.0,1153130.0,8.47543e-07,0.000321865,0.00146068,0.0,0.0011431,0.00114321,0.00114478,622.905,0.0002
9.485,6709010.0,3024710.0,2899410.0,1153130.0,8.47529e-07,0.000313734,0.00145259,0.0,0.00114308,0.00114319,0.00114476,624.946,0.0002
9.49,6709010.0,3024710.0,2899410.0,1153130.0,8.47529e-07,0.000313734,0.00145259,0.0,0.00114308,0.00114319,0.00114476,631.167,0.0002
9.495,6710050.0,3025070.0,2899750.0,1153140.0,8.47594e-07,0.000353663,0.00149234,0.0,0.00114319,0.00114329,0.00114487,631.167,0.0002
9.5,6710390.0,3025180.0,2899860.0,1153140.0,8.47616e-07,0.00036676,0.00150538,0.0,0.00114322,0.00114333,0.0011449,630.828,0.0002
9.505,6710330.0,3025160.0,2899840.0,1153140.0,8.47612e-07,0.000364589,0.00150322,0.0,0.00114322,0.00114332,0.00114489,631.112,0.0002
9.51,6710330.0,3025160.0,2899840.0,1153140.0,8.47612e-07,0.000364589,0.00150322,0.0,0.00114322,0.00114332,0.00114489,631.977,0.0002
9.515,6710480.0,3025210.0,2899880.0,1153140.0,8.47621e-07,0.000370143,0.00150875,0.0,0.00114323,0.00114333,0.00114491,631.977,0.0002
9.52,6710520.0,3025230.0,2899900.0,1153140.0,8.47624e-07,0.000371964,0.00151057,0.0,0.00114324,0.00114334,0.00114491,632.198,0.0002
9.525,6710560.0,3025240.0,2899910.0,1153140.0,8.47626e-07,0.000373382,0.00151198,0.0,0.00114324,0.00114334,0.00114492,631.551,0.0002
9.53,6710560.0,3025240.0,2899910.0,1153140.0,8.47626e-07,0.000373382,0.00151198,0.0,0.00114324,0.00114334,0.00114492,629.577,0.0002
9.535,6710230.0,3025130.0,2899810.0,1153140.0,8.47606e-07,0.000360711,0.00149936,0.0,0.00114321,0.00114331,0.00114488,629.577,0.0002
9.54,6710120.0,3025090.0,2899770.0,1153140.0,8.47599e-07,0.000356555,0.00149522,0.0,0.0011432,0.0011433,0.00114487,627.448,0.0002
9.545,6709770.0,3024970.0,2899660.0,1153140.0,8.47577e-07,0.000342891,0.00148162,0.0,0.00114316,0.00114326,0.00114484,627.319,0.0002
9.55,6709770.0,3024970.0,2899660.0,1153140.0,8.47577e-07,0.000342891,0.00148162,0.0,0.00114316,0.00114326,0.00114484,626.927,0.0002
9.555,6709700.0,3024950.0,2899640.0,1153140.0,8.47573e-07,0.000340373,0.00147911,0.0,0.00114315,0.00114326,0.00114483,626.927,0.0002
9.56,6709680.0,3024940.0,2899630.0,1153140.0,8.47571e-07,0.000339547,0.00147829,0.0,0.00114315,0.00114325,0.00114483,631.98,0.0002
9.565,6710530.0,3025230.0,2899900.0,1153140.0,8.47624e-07,0.000371984,0.00151059,0.0,0.00114324,0.00114334,0.00114491,631.767,0.0002
9.57,6710530.0,3025230.0,2899900.0,1153140.0,8.47624e-07,0.000371984,0.00151059,0.0,0.00114324,0.00114334,0.00114491,631.118,0.0002
9.575,6710420.0,3025190.0,2899870.0,1153140.0,8.47617e-07,0.000367814,0.00150643,0.0,0.00114323,0.00114333,0.0011449,631.118,0.0002
9.58,6710380.0,3025180.0,2899850.0,1153140.0,8.47615e-07,0.000366446,0.00150507,0.0,0.00114322,0.00114333,0.0011449,629.579,0.0002
9.585,6710120.0,3025090.0,2899770.0,1153140.0,8.47599e-07,0.000356567,0.00149523,0.0,0.0011432,0.0011433,0.00114487,629.412,0.0002
9.59,6710120.0,3025090.0,2899770.0,1153140.0,8.47599e-07,0.000356567,0.00149523,0.0,0.0011432,0.0011433,0.00114487,628.903,0.0002
9.595,6710040.0,3025060.0,2899740.0,1153140.0,8.47594e-07,0.000353304,0.00149199,0.0,0.00114319,0.00114329,0.00114486,628.903,0.0002
9.6,6710010.0,3025050.0,2899740.0,1153140.0,8.47592e-07,0.000352234,0.00149092,0.0,0.00114318,0.00114329,0.00114486,626.619,0.0002
9.605,6709630.0,3024920.0,2899610.0,1153140.0,8.47568e-07,0.000337571,0.00147632,0.0,0.00114315,0.00114325,0.00114482,626.884,0.0002
9.61,6709630.0,3024920.0,2899610.0,1153140.0,8.47568e-07,0.000337571,0.00147632,0.0,0.00114315,0.00114325,0.00114482,627.692,0.0002
9.615,6709760.0,3024970.0,2899660.0,1153140.0,8.47577e-07,0.000342759,0.00148149,0.0,0.00114316,0.00114326,0.00114484,627.692,0.0002
9.62,6709810.0,3024990.0,2899670.0,1153140.0,8.47579e-07,0.000344461,0.00148318,0.0,0.00114316,0.00114327,0.00114484,629.993,0.0002
9.625,6710190.0,3025120.0,2899790.0,1153140.0,8.47603e-07,0.000359229,0.00149789,0.0,0.0011432,0.00114331,0.00114488,629.772,0.0002
9.63,6710190.0,3025120.0,2899790.0,1153140.0,8.47603e-07,0.000359229,0.00149789,0.0,0.0011432,0.00114331,0.00114488,629.097,0.0002
9.635,6710080.0,3025080.0,2899760.0,1153140.0,8.47596e-07,0.000354898,0.00149357,0.0,0.00114319,0.00114329,0.00114487,629.097,0.0002
9.64,6710040.0,3025070.0,2899750.0,1153140.0,8.47594e-07,0.000353477,0.00149216,0.0,0.00114319,0.00114329,0.00114487,626.383,0.0002
9.645,6709590.0,3024910.0,2899600.0,1153140.0,8.47566e-07,0.000336054,0.00147481,0.0,0.00114314,0.00114324,0.00114482,627.305,0.0002
9.65,6709590.0,3024910.0,2899600.0,1153140.0,8.47566e-07,0.000336054,0.00147481,0.0,0.00114314,0.00114324,0.00114482,630.114,0.0002
9.655,6710060.0,3025070.0,2899750.0,1153140.0,8.47595e-07,0.000354091,0.00149277,0.0,0.00114319,0.00114329,0.00114487,630.114,0.0002
9.66,6710210.0,3025120.0,2899800.0,1153140.0,8.47605e-07,0.000360007,0.00149866,0.0,0.00114321,0.00114331,0.00114488,627.597,0.0002
9.665,6709790.0,3024980.0,2899670.0,1153140.0,8.47578e-07,0.000343851,0.00148257,0.0,0.00114316,0.00114327,0.00114484,628.489,0.0002
9.67,6709790.0,3024980.0,2899670.0,1153140.0,8.47578e-07,0.000343851,0.00148257,0.0,0.00114316,0.00114327,0.00114484,631.205,0.0002
9.675,6710250.0,3025140.0,2899810.0,1153140.0,8.47607e-07,0.00036129,0.00149994,0.0,0.00114321,0.00114331,0.00114489,631.205,0.0002
9.68,6710400.0,3025190.0,2899860.0,1153140.0,8.47616e-07,0.00036701,0.00150563,0.0,0.00114322,0.00114333,0.0011449,625.4,0.0002
9.685,6709430.0,3024850.0,2899550.0,1153130.0,8.47555e-07,0.000329746,0.00146853,0.0,0.00114312,0.00114323,0.0011448,625.96,0.0002
9.69,6709430.0,3024850.0,2899550.0,1153130.0,8.47555e-07,0.000329746,0.00146853,0.0,0.00114312,0.00114323,0.0011448,627.668,0.0002
9.695,6709710.0,3024950.0,2899640.0,1153140.0,8.47573e-07,0.000340707,0.00147944,0.0,0.00114315,0.00114326,0.00114483,627.668,0.0002
9.7,6709810.0,3024980.0,2899670.0,1153140.0,8.47579e-07,0.000344302,0.00148302,0.0,0.00114316,0.00114327,0.00114484,625.79,0.0002
9.705,6709490.0,3024880.0,2899570.0,1153140.0,8.4756e-07,0.00033225,0.00147102,0.0,0.00114313,0.00114323,0.00114481,625.777,0.0002
9.71,6709490.0,3024880.0,2899570.0,1153140.0,8.4756e-07,0.00033225,0.00147102,0.0,0.00114313,0.00114323,0.00114481,625.739,0.0002
9.715,6709490.0,3024870.0,2899570.0,1153140.0,8.47559e-07,0.000332002,0.00147078,0.0,0.00114313,0.00114323,0.00114481,625.739,0.0002
9.72,6709480.0,3024870.0,2899570.0,1153140.0,8.47559e-07,0.000331921,0.00147069,0.0,0.00114313,0.00114323,0.00114481,630.068,0.0002
9.725,6710210.0,3025120.0,2899800.0,1153140.0,8.47604e-07,0.000359708,0.00149836,0.0,0.0011432,0.00114331,0.00114488,631.293,0.0002
9.73,6710210.0,3025120.0,2899800.0,1153140.0,8.47604e-07,0.000359708,0.00149836,0.0,0.0011432,0.00114331,0.00114488,635.026,0.0002
9.735,6710830.0,3025340.0,2900000.0,1153150.0,8.47643e-07,0.000383672,0.00152222,0.0,0.00114327,0.00114337,0.00114495,635.026,0.0002
9.74,6711030.0,3025410.0,2900060.0,1153150.0,8.47656e-07,0.000391532,0.00153005,0.0,0.00114329,0.00114339,0.00114497,630.05,0.0002
9.745,6710200.0,3025120.0,2899800.0,1153140.0,8.47604e-07,0.00035959,0.00149825,0.0,0.0011432,0.00114331,0.00114488,630.246,0.0002
9.75,6710200.0,3025120.0,2899800.0,1153140.0,8.47604e-07,0.00035959,0.00149825,0.0,0.0011432,0.00114331,0.00114488,630.844,0.0002
9.755,6710300.0,3025160.0,2899830.0,1153140.0,8.4761e-07,0.000363431,0.00150207,0.0,0.00114321,0.00114332,0.00114489,630.844,0.0002
9.76,6710340.0,3025170.0,2899840.0,1153140.0,8.47612e-07,0.00036469,0.00150332,0.0,0.00114322,0.00114332,0.0011449,630.188,0.0002
9.765,6710230.0,3025130.0,2899810.0,1153140.0,8.47605e-07,0.000360477,0.00149913,0.0,0.00114321,0.00114331,0.00114488,629.345,0.0002
9.77,6710230.0,3025130.0,2899810.0,1153140.0,8.47605e-07,0.000360477,0.00149913,0.0,0.00114321,0.00114331,0.00114488,626.777,0.0002
9.775,6709800.0,3024980.0,2899670.0,1153140.0,8.47579e-07,0.000343992,0.00148271,0.0,0.00114316,0.00114327,0.00114484,626.777,0.0002
9.78,6709660.0,3024930.0,2899620.0,1153140.0,8.4757e-07,0.000338585,0.00147733,0.0,0.00114315,0.00114325,0.00114483,626.931,0.0002
9.785,6709680.0,3024940.0,2899630.0,1153140.0,8.47571e-07,0.000339576,0.00147832,0.0,0.00114315,0.00114325,0.00114483,627.365,0.0002
9.79,6709680.0,3024940.0,2899630.0,1153140.0,8.47571e-07,0.000339576,0.00147832,0.0,0.00114315,0.00114325,0.00114483,628.685,0.0002
9.795,6709900.0,3025020.0,2899700.0,1153140.0,8.47585e-07,0.000348053,0.00148676,0.0,0.00114317,0.00114328,0.00114485,628.685,0.0002
9.8,6709980.0,3025040.0,2899720.0,1153140.0,8.4759e-07,0.000350833,0.00148953,0.0,0.00114318,0.00114328,0.00114486,622.402,0.0002
9.805,6708930.0,3024680.0,2899390.0,1153130.0,8.47524e-07,0.000310506,0.00144937,0.0,0.00114307,0.00114318,0.00114475,623.864,0.0002
9.81,6708930.0,3024680.0,2899390.0,1153130.0,8.47524e-07,0.000310506,0.00144937,0.0,0.00114307,0.00114318,0.00114475,628.32,0.0002
9.815,6709670.0,3024940.0,2899630.0,1153140.0,8.47571e-07,0.000339108,0.00147785,0.0,0.00114315,0.00114325,0.00114483,628.32,0.0002
9.82,6709910.0,3025020.0,2899710.0,1153140.0,8.47586e-07,0.000348489,0.00148719,0.0,0.00114317,0.00114328,0.00114485,632.074,0.0002
9.825,6710540.0,3025240.0,2899910.0,1153150.0,8.47625e-07,0.000372585,0.00151118,0.0,0.00114324,0.00114334,0.00114492,630.21,0.0002
9.83,6710540.0,3025240.0,2899910.0,1153150.0,8.47625e-07,0.000372585,0.00151118,0.0,0.00114324,0.00114334,0.00114492,624.528,0.0002
9.835,6709590.0,3024910.0,2899600.0,1153140.0,8.47566e-07,0.00033611,0.00147487,0.0,0.00114314,0.00114324,0.00114482,624.528,0.0002
9.84,6709280.0,3024800.0,2899500.0,1153130.0,8.47546e-07,0.000324146,0.00146295,0.0,0.00114311,0.00114321,0.00114479,625.133,0.0002
9.845,6709380.0,3024840.0,2899530.0,1153140.0,8.47553e-07,0.000328031,0.00146682,0.0,0.00114312,0.00114322,0.0011448,624.582,0.0002
9.85,6709380.0,3024840.0,2899530.0,1153140.0,8.47553e-07,0.000328031,0.00146682,0.0,0.00114312,0.00114322,0.0011448,622.902,0.0002
9.855,6709100.0,3024740.0,2899440.0,1153130.0,8.47535e-07,0.000317248,0.00145608,0.0,0.00114309,0.00114319,0.00114477,622.902,0.0002
9.86,6709010.0,3024710.0,2899410.0,1153130.0,8.47529e-07,0.000313712,0.00145256,0.0,0.00114308,0.00114319,0.00114476,627.735,0.0002
9.865,6709820.0,3024990.0,2899670.0,1153140.0,8.4758e-07,0.000344735,0.00148345,0.0,0.00114316,0.00114327,0.00114484,627.799,0.0002
9.87,6709820.0,3024990.0,2899670.0,1153140.0,8.4758e-07,0.000344735,0.00148345,0.0,0.00114316,0.00114327,0.00114484,627.994,0.0002
9.875,6709850.0,3025000.0,2899680.0,1153140.0,8.47582e-07,0.000345986,0.0014847,0.0,0.00114317,0.00114327,0.00114485,627.994,0.0002
9.88,6709860.0,3025000.0,2899690.0,1153140.0,8.47582e-07,0.000346396,0.00148511,0.0,0.00114317,0.00114327,0.00114485,630.481,0.0002
9.885,6710270.0,3025150.0,2899820.0,1153140.0,8.47608e-07,0.00036236,0.001501,0.0,0.00114321,0.00114331,0.00114489,629.97,0.0002
9.89,6710270.0,3025150.0,2899820.0,1153150.0,8.47608e-07,0.00036236,0.001501,0.0,0.00114321,0.00114331,0.00114489,628.411,0.0002
9.895,6710010.0,3025060.0,2899740.0,1153140.0,8.47592e-07,0.000352353,0.00149104,0.0,0.00114318,0.00114329,0.00114486,628.411,0.0002
9.9,6709930.0,3025030.0,2899710.0,1153140.0,8.47587e-07,0.000349071,0.00148777,0.0,0.00114318,0.00114328,0.00114485,624.834,0.0002
9.905,6709330.0,3024820.0,2899520.0,1153140.0,8.4755e-07,0.000326111,0.00146491,0.0,0.00114312,0.00114322,0.00114479,625.151,0.0002
9.91,6709330.0,3024820.0,2899520.0,1153140.0,8.4755e-07,0.000326111,0.00146491,0.0,0.00114312,0.00114322,0.00114479,626.12,0.0002
9.915,6709490.0,3024880.0,2899570.0,1153140.0,8.4756e-07,0.000332331,0.0014711,0.0,0.00114313,0.00114323,0.00114481,626.12,0.0002
9.92,6709550.0,3024900.0,2899590.0,1153140.0,8.47563e-07,0.000334371,0.00147313,0.0,0.00114314,0.00114324,0.00114481,630.156,0.0002
9.925,6710220.0,3025130.0,2899800.0,1153140.0,8.47605e-07,0.000360273,0.00149892,0.0,0.00114321,0.00114331,0.00114488,629.81,0.0002
9.93,6710220.0,3025130.0,2899800.0,1153140.0,8.47605e-07,0.000360273,0.00149892,0.0,0.00114321,0.00114331,0.00114488,628.754,0.0002
9.935,6710040.0,3025070.0,2899750.0,1153140.0,8.47594e-07,0.000353496,0.00149218,0.0,0.00114319,0.00114329,0.00114487,628.754,0.0002
9.94,6709990.0,3025050.0,2899730.0,1153140.0,8.4759e-07,0.000351273,0.00148996,0.0,0.00114318,0.00114328,0.00114486,626.985,0.0002
9.945,6709690.0,3024950.0,2899630.0,1153140.0,8.47572e-07,0.000339919,0.00147866,0.0,0.00114315,0.00114325,0.00114483,626.501,0.0002
9.95,6709690.0,3024950.0,2899630.0,1153140.0,8.47572e-07,0.000339919,0.00147866,0.0,0.00114315,0.00114325,0.00114483,625.025,0.0002
9.955,6709440.0,3024860.0,2899560.0,1153140.0,8.47557e-07,0.000330447,0.00146923,0.0,0.00114313,0.00114323,0.0011448,625.025,0.0002
9.96,6709360.0,3024830.0,2899530.0,1153140.0,8.47552e-07,0.000327341,0.00146613,0.0,0.00114312,0.00114322,0.0011448,628.982,0.0002
9.965,6710020.0,3025060.0,2899740.0,1153140.0,8.47593e-07,0.000352736,0.00149142,0.0,0.00114319,0.00114329,0.00114486,627.811,0.0002
9.97,6710020.0,3025060.0,2899740.0,1153140.0,8.47593e-07,0.000352736,0.00149142,0.0,0.00114319,0.00114329,0.00114486,624.242,0.0002
9.975,6709430.0,3024860.0,2899550.0,1153140.0,8.47556e-07,0.000329825,0.00146861,0.0,0.00114312,0.00114323,0.0011448,624.242,0.0002
9.98,6709230.0,3024790.0,2899490.0,1153140.0,8.47543e-07,0.000322311,0.00146113,0.0,0.00114311,0.00114321,0.00114478,627.452,0.0002
9.985,6709770.0,3024970.0,2899660.0,1153140.0,8.47577e-07,0.000342915,0.00148164,0.0,0.00114316,0.00114326,0.00114484,628.461,0.0002
9.99,6709770.0,3024970.0,2899660.0,1153140.0,8.47577e-07,0.000342915,0.00148164,0.0,0.00114316,0.00114326,0.00114484,631.537,0.0002
9.995,6710280.0,3025150.0,2899820.0,1153150.0,8.47609e-07,0.000362662,0.0015013,0.0,0.00114321,0.00114331,0.00114489,631.537,0.0002
10.0,6710450.0,3025210.0,2899880.0,1153150.0,8.47619e-07,0.000369139,0.00150775,0.0,0.00114323,0.00114333,0.00114491,635.667,0.0002
10.005,6711140.0,3025450.0,2900100.0,1153150.0,8.47662e-07,0.000395648,0.00153415,0.0,0.0011433,0.0011434,0.00114498,634.269,0.0002
10.01,6711140.0,3025450.0,2900100.0,1153150.0,8.47662e-07,0.000395648,0.00153415,0.0,0.0011433,0.0011434,0.00114498,630.005,0.0002
10.015,6710430.0,3025200.0,2899870.0,1153150.0,8.47618e-07,0.000368282,0.0015069,0.0,0.00114323,0.00114333,0.0011449,630.005,0.0002
10.02,6710200.0,3025120.0,2899800.0,1153150.0,8.47603e-07,0.000359306,0.00149796,0.0,0.0011432,0.00114331,0.00114488,627.771,0.0002
10.025,6709820.0,3024990.0,2899680.0,1153140.0,8.4758e-07,0.000344968,0.00148369,0.0,0.00114316,0.00114327,0.00114484,628.581,0.0002
10.03,6709820.0,3024990.0,2899680.0,1153140.0,8.4758e-07,0.000344968,0.00148369,0.0,0.00114316,0.00114327,0.00114484,631.05,0.0002
10.035,6710230.0,3025130.0,2899810.0,1153150.0,8.47606e-07,0.000360812,0.00149946,0.0,0.00114321,0.00114331,0.00114488,631.05,0.0002
10.04,6710370.0,3025180.0,2899850.0,1153150.0,8.47614e-07,0.000366009,0.00150464,0.0,0.00114322,0.00114332,0.0011449,629.733,0.0002
10.045,6710150.0,3025100.0,2899780.0,1153150.0,8.47601e-07,0.000357561,0.00149622,0.0,0.0011432,0.0011433,0.00114488,629.151,0.0002
10.05,6710150.0,3025100.0,2899780.0,1153150.0,8.47601e-07,0.000357561,0.00149622,0.0,0.0011432,0.0011433,0.00114488,627.375,0.0002
10.055,6709850.0,3025000.0,2899690.0,1153140.0,8.47582e-07,0.000346161,0.00148487,0.0,0.00114317,0.00114327,0.00114485,627.375,0.0002
10.06,6709760.0,3024970.0,2899660.0,1153140.0,8.47576e-07,0.000342422,0.00148115,0.0,0.00114316,0.00114326,0.00114484,626.014,0.0002
10.065,6709530.0,3024890.0,2899580.0,1153140.0,8.47562e-07,0.00033369,0.00147246,0.0,0.00114314,0.00114324,0.00114481,626.247,0.0002
10.07,6709530.0,3024890.0,2899580.0,1153140.0,8.47562e-07,0.00033369,0.00147246,0.0,0.00114314,0.00114324,0.00114481,626.958,0.0002
10.075,6709650.0,3024930.0,2899620.0,1153140.0,8.47569e-07,0.000338249,0.00147699,0.0,0.00114315,0.00114325,0.00114482,626.958,0.0002
10.08,6709690.0,3024950.0,2899630.0,1153140.0,8.47572e-07,0.000339744,0.00147848,0.0,0.00114315,0.00114325,0.00114483,627.872,0.0002
10.085,6709840.0,3025000.0,2899680.0,1153140.0,8.47581e-07,0.000345614,0.00148433,0.0,0.00114317,0.00114327,0.00114484,626.878,0.0002
10.09,6709840.0,3025000.0,2899680.0,1153140.0,8.47581e-07,0.000345614,0.00148433,0.0,0.00114317,0.00114327,0.00114484,623.848,0.0002
10.095,6709330.0,3024820.0,2899520.0,1153140.0,8.4755e-07,0.000326164,0.00146496,0.0,0.00114312,0.00114322,0.00114479,623.848,0.0002
10.1,6709170.0,3024770.0,2899470.0,1153140.0,8.47539e-07,0.000319785,0.00145861,0.0,0.0011431,0.0011432,0.00114478,624.827,0.0002
10.105,6709330.0,3024820.0,2899520.0,1153140.0,8.47549e-07,0.000326068,0.00146487,0.0,0.00114311,0.00114322,0.00114479,626.098,0.0002
10.11,6709330.0,3024820.0,2899520.0,1153140.0,8.47549e-07,0.000326068,0.00146487,0.0,0.00114311,0.00114322,0.00114479,629.971,0.0002
10.115,6709980.0,3025050.0,2899730.0,1153140.0,8.4759e-07,0.000350933,0.00148962,0.0,0.00114318,0.00114328,0.00114486,629.971,0.0002
10.12,6710190.0,3025120.0,2899800.0,1153150.0,8.47603e-07,0.000359089,0.00149775,0.0,0.0011432,0.00114331,0.00114488,626.276,0.0002
10.125,6709570.0,3024910.0,2899600.0,1153140.0,8.47565e-07,0.000335371,0.00147413,0.0,0.00114314,0.00114324,0.00114482,627.494,0.0002
10.13,6709570.0,3024910.0,2899600.0,1153140.0,8.47565e-07,0.000335371,0.00147413,0.0,0.00114314,0.00114324,0.00114482,631.206,0.0002
10.135,6710190.0,3025120.0,2899800.0,1153150.0,8.47603e-07,0.000359196,0.00149785,0.0,0.0011432,0.00114331,0.00114488,631.206,0.0002
10.14,6710400.0,3025190.0,2899860.0,1153150.0,8.47616e-07,0.00036701,0.00150563,0.0,0.00114322,0.00114333,0.0011449,630.176,0.0002
10.145,6710220.0,3025130.0,2899810.0,1153150.0,8.47605e-07,0.0003604,0.00149905,0.0,0.00114321,0.00114331,0.00114488,629.234,0.0002
10.15,6710220.0,3025130.0,2899810.0,1153150.0,8.47605e-07,0.0003604,0.00149905,0.0,0.00114321,0.00114331,0.00114488,626.364,0.0002
10.155,6709740.0,3024970.0,2899650.0,1153140.0,8.47575e-07,0.000341976,0.00148071,0.0,0.00114316,0.00114326,0.00114483,626.364,0.0002
10.16,6709590.0,3024910.0,2899600.0,1153140.0,8.47565e-07,0.000335933,0.00147469,0.0,0.00114314,0.00114324,0.00114482,629.864,0.0002
10.165,6710170.0,3025110.0,2899790.0,1153150.0,8.47602e-07,0.000358398,0.00149706,0.0,0.0011432,0.0011433,0.00114488,628.996,0.0002
10.17,6710170.0,3025110.0,2899790.0,1153150.0,8.47602e-07,0.000358398,0.00149706,0.0,0.0011432,0.0011433,0.00114488,626.35,0.0002
10.175,6709730.0,3024960.0,2899650.0,1153140.0,8.47574e-07,0.000341413,0.00148014,0.0,0.00114316,0.00114326,0.00114483,626.35,0.0002
10.18,6709590.0,3024910.0,2899600.0,1153140.0,8.47565e-07,0.000335841,0.0014746,0.0,0.00114314,0.00114324,0.00114482,628.221,0.0002
10.185,6709900.0,3025020.0,2899700.0,1153140.0,8.47585e-07,0.000347853,0.00148656,0.0,0.00114317,0.00114328,0.00114485,628.379,0.0002
10.19,6709900.0,3025020.0,2899700.0,1153140.0,8.47585e-07,0.000347853,0.00148656,0.0,0.00114317,0.00114328,0.00114485,628.862,0.0002
10.195,6709980.0,3025050.0,2899730.0,1153140.0,8.4759e-07,0.000350951,0.00148964,0.0,0.00114318,0.00114328,0.00114486,628.862,0.0002
10.2,6710000.0,3025060.0,2899740.0,1153150.0,8.47592e-07,0.000351967,0.00149065,0.0,0.00114318,0.00114329,0.00114486,629.209,0.0002
10.205,6710060.0,3025080.0,2899760.0,1153150.0,8.47595e-07,0.000354198,0.00149288,0.0,0.00114319,0.00114329,0.00114487,629.264,0.0002
10.21,6710060.0,3025080.0,2899760.0,1153150.0,8.47595e-07,0.000354198,0.00149288,0.0,0.00114319,0.00114329,0.00114487,629.43,0.0002
10.215,6710090.0,3025090.0,2899760.0,1153150.0,8.47597e-07,0.000355262,0.00149393,0.0,0.00114319,0.00114329,0.00114487,629.43,0.0002
10.22,6710100.0,3025090.0,2899770.0,1153150.0,8.47597e-07,0.000355611,0.00149428,0.0,0.00114319,0.0011433,0.00114487,629.324,0.0002
10.225,6710080.0,3025080.0,2899760.0,1153150.0,8.47596e-07,0.000354936,0.00149361,0.0,0.00114319,0.00114329,0.00114487,630.177,0.0002
10.23,6710080.0,3025080.0,2899760.0,1153150.0,8.47596e-07,0.000354936,0.00149361,0.0,0.00114319,0.00114329,0.00114487,632.778,0.0002
10.235,6710520.0,3025230.0,2899900.0,1153150.0,8.47623e-07,0.000371631,0.00151023,0.0,0.00114324,0.00114334,0.00114491,632.778,0.0002
10.24,6710660.0,3025280.0,2899950.0,1153150.0,8.47632e-07,0.000377106,0.00151569,0.0,0.00114325,0.00114335,0.00114493,629.409,0.0002
10.245,6710100.0,3025090.0,2899770.0,1153150.0,8.47597e-07,0.000355482,0.00149415,0.0,0.00114319,0.0011433,0.00114487,629.903,0.0002
10.25,6710100.0,3025090.0,2899770.0,1153150.0,8.47597e-07,0.000355482,0.00149415,0.0,0.00114319,0.0011433,0.00114487,631.407,0.0002
10.255,6710350.0,3025170.0,2899850.0,1153150.0,8.47613e-07,0.000365135,0.00150377,0.0,0.00114322,0.00114332,0.0011449,631.407,0.0002
10.26,6710430.0,3025200.0,2899870.0,1153150.0,8.47618e-07,0.000368302,0.00150692,0.0,0.00114323,0.00114333,0.0011449,628.195,0.0002
10.265,6709890.0,3025020.0,2899700.0,1153140.0,8.47585e-07,0.000347688,0.00148639,0.0,0.00114317,0.00114327,0.00114485,629.276,0.0002
10.27,6709890.0,3025020.0,2899700.0,1153140.0,8.47585e-07,0.000347688,0.00148639,0.0,0.00114317,0.00114327,0.00114485,632.572,0.0002
10.275,6710440.0,3025210.0,2899880.0,1153150.0,8.47619e-07,0.000368842,0.00150746,0.0,0.00114323,0.00114333,0.00114491,632.572,0.0002
10.28,6710620.0,3025270.0,2899940.0,1153150.0,8.4763e-07,0.00037578,0.00151437,0.0,0.00114325,0.00114335,0.00114492,627.221,0.0002
10.285,6709730.0,3024960.0,2899650.0,1153140.0,8.47574e-07,0.000341437,0.00148017,0.0,0.00114316,0.00114326,0.00114483,627.866,0.0002
10.29,6709730.0,3024960.0,2899650.0,1153140.0,8.47574e-07,0.000341437,0.00148017,0.0,0.00114316,0.00114326,0.00114483,629.83,0.0002
10.295,6710060.0,3025070.0,2899750.0,1153150.0,8.47595e-07,0.000354047,0.00149272,0.0,0.00114319,0.00114329,0.00114487,629.83,0.0002
10.3,6710170.0,3025110.0,2899790.0,1153150.0,8.47602e-07,0.000358183,0.00149684,0.0,0.0011432,0.0011433,0.00114488,626.533,0.0002
10.305,6709620.0,3024920.0,2899610.0,1153140.0,8.47567e-07,0.000337019,0.00147577,0.0,0.00114314,0.00114325,0.00114482,626.729,0.0002
10.31,6709620.0,3024920.0,2899610.0,1153140.0,8.47567e-07,0.000337019,0.00147577,0.0,0.00114314,0.00114325,0.00114482,627.325,0.0002
10.315,6709720.0,3024960.0,2899640.0,1153140.0,8.47573e-07,0.000340848,0.00147958,0.0,0.00114315,0.00114326,0.00114483,627.325,0.0002
10.32,6709750.0,3024970.0,2899650.0,1153140.0,8.47575e-07,0.000342104,0.00148083,0.0,0.00114316,0.00114326,0.00114483,628.007,0.0002
10.325,6709860.0,3025010.0,2899690.0,1153140.0,8.47583e-07,0.000346478,0.00148519,0.0,0.00114317,0.00114327,0.00114485,628.535,0.0002
10.33,6709860.0,3025010.0,2899690.0,1153140.0,8.47583e-07,0.000346478,0.00148519,0.0,0.00114317,0.00114327,0.00114485,630.145,0.0002
10.335,6710130.0,3025100.0,2899780.0,1153150.0,8.47599e-07,0.000356811,0.00149548,0.0,0.0011432,0.0011433,0.00114487,630.145,0.0002
10.34,6710220.0,3025130.0,2899810.0,1153150.0,8.47605e-07,0.0003602,0.00149885,0.0,0.00114321,0.00114331,0.00114488,628.437,0.0002
10.345,6709930.0,3025030.0,2899710.0,1153150.0,8.47587e-07,0.000349242,0.00148794,0.0,0.00114318,0.00114328,0.00114485,627.75,0.0002
10.35,6709930.0,3025030.0,2899710.0,1153150.0,8.47587e-07,0.000349242,0.00148794,0.0,0.00114318,0.00114328,0.00114485,625.655,0.0002
10.355,6709580.0,3024910.0,2899600.0,1153140.0,8.47565e-07,0.000335792,0.00147455,0.0,0.00114314,0.00114324,0.00114482,625.655,0.0002
10.36,6709470.0,3024870.0,2899570.0,1153140.0,8.47558e-07,0.000331381,0.00147016,0.0,0.00114313,0.00114323,0.00114481,626.348,0.0002
10.365,6709580.0,3024910.0,2899600.0,1153140.0,8.47565e-07,0.000335829,0.00147458,0.0,0.00114314,0.00114324,0.00114482,627.379,0.0002
10.37,6709580.0,3024910.0,2899600.0,1153140.0,8.47565e-07,0.000335829,0.00147458,0.0,0.00114314,0.00114324,0.00114482,630.523,0.0002
10.375,6710110.0,3025090.0,2899770.0,1153150.0,8.47598e-07,0.000356008,0.00149468,0.0,0.00114319,0.0011433,0.00114487,630.523,0.0002
10.38,6710280.0,3025150.0,2899830.0,1153150.0,8.47609e-07,0.000362627,0.00150127,0.0,0.00114321,0.00114331,0.00114489,627.248,0.0002
10.385,6709740.0,3024960.0,2899650.0,1153140.0,8.47575e-07,0.000341611,0.00148034,0.0,0.00114316,0.00114326,0.00114483,627.837,0.0002
10.39,6709740.0,3024960.0,2899650.0,1153140.0,8.47575e-07,0.000341611,0.00148034,0.0,0.00114316,0.00114326,0.00114483,629.632,0.0002
10.395,6710030.0,3025070.0,2899750.0,1153150.0,8.47593e-07,0.00035313,0.00149181,0.0,0.00114319,0.00114329,0.00114486,629.632,0.0002
10.4,6710130.0,3025100.0,2899780.0,1153150.0,8.476e-07,0.000356908,0.00149557,0.0,0.0011432,0.0011433,0.00114487,629.394,0.0002
10.405,6710090.0,3025090.0,2899770.0,1153150.0,8.47597e-07,0.000355385,0.00149406,0.0,0.00114319,0.0011433,0.00114487,628.268,0.0002
10.41,6710090.0,3025090.0,2899770.0,1153150.0,8.47597e-07,0.000355385,0.00149406,0.0,0.00114319,0.0011433,0.00114487,624.834,0.0002
10.415,6709520.0,3024890.0,2899580.0,1153140.0,8.47561e-07,0.000333343,0.00147211,0.0,0.00114313,0.00114324,0.00114481,624.834,0.0002
10.42,6709330.0,3024830.0,2899520.0,1153140.0,8.4755e-07,0.000326113,0.00146491,0.0,0.00114311,0.00114322,0.00114479,630.592,0.0002
10.425,6710290.0,3025160.0,2899830.0,1153150.0,8.4761e-07,0.00036307,0.00150171,0.0,0.00114321,0.00114332,0.00114489,630.067,0.0002
10.43,6710290.0,3025160.0,2899830.0,1153150.0,8.4761e-07,0.00036307,0.00150171,0.0,0.00114321,0.00114332,0.00114489,628.468,0.0002
10.435,6710030.0,3025060.0,2899750.0,1153150.0,8.47593e-07,0.000352804,0.00149149,0.0,0.00114319,0.00114329,0.00114486,628.468,0.0002
10.44,6709940.0,3025030.0,2899720.0,1153150.0,8.47587e-07,0.000349437,0.00148813,0.0,0.00114318,0.00114328,0.00114485,631.479,0.0002
10.445,6710440.0,3025210.0,2899880.0,1153150.0,8.47619e-07,0.000368766,0.00150738,0.0,0.00114323,0.00114333,0.00114491,630.159,0.0002
10.45,6710440.0,3025210.0,2899880.0,1153150.0,8.47619e-07,0.000368766,0.00150738,0.0,0.00114323,0.00114333,0.00114491,626.135,0.0002
10.455,6709770.0,3024980.0,2899660.0,1153140.0,8.47577e-07,0.000342935,0.00148166,0.0,0.00114316,0.00114326,0.00114484,626.135,0.0002
10.46,6709550.0,3024900.0,2899590.0,1153140.0,8.47563e-07,0.000334463,0.00147322,0.0,0.00114314,0.00114324,0.00114481,628.341,0.0002
10.465,6709920.0,3025030.0,2899710.0,1153150.0,8.47586e-07,0.000348622,0.00148732,0.0,0.00114317,0.00114328,0.00114485,628.909,0.0002
10.47,6709920.0,3025030.0,2899710.0,1153150.0,8.47586e-07,0.000348622,0.00148732,0.0,0.00114317,0.00114328,0.00114485,630.643,0.0002
10.475,6710210.0,3025130.0,2899800.0,1153150.0,8.47604e-07,0.000359748,0.0014984,0.0,0.0011432,0.00114331,0.00114488,630.643,0.0002
10.48,6710300.0,3025160.0,2899830.0,1153150.0,8.4761e-07,0.000363397,0.00150204,0.0,0.00114321,0.00114332,0.00114489,629.538,0.0002
10.485,6710120.0,3025100.0,2899770.0,1153150.0,8.47599e-07,0.000356305,0.00149497,0.0,0.00114319,0.0011433,0.00114487,629.066,0.0002
10.49,6710120.0,3025100.0,2899770.0,1153150.0,8.47599e-07,0.000356305,0.00149497,0.0,0.00114319,0.0011433,0.00114487,627.629,0.0002
10.495,6709880.0,3025010.0,2899700.0,1153150.0,8.47584e-07,0.000347081,0.00148579,0.0,0.00114317,0.00114327,0.00114485,627.629,0.0002
10.5,6709800.0,3024990.0,2899670.0,1153150.0,8.47579e-07,0.000344055,0.00148278,0.0,0.00114316,0.00114326,0.00114484,634.315,0.0002
10.505,6710920.0,3025370.0,2900030.0,1153160.0,8.47648e-07,0.000386969,0.0015255,0.0,0.00114328,0.00114338,0.00114495,632.813,0.0002
10.51,6710920.0,3025370.0,2900030.0,1153160.0,8.47648e-07,0.000386969,0.0015255,0.0,0.00114328,0.00114338,0.00114495,628.236,0.0002
10.515,6710150.0,3025110.0,2899790.0,1153150.0,8.47601e-07,0.000357587,0.00149625,0.0,0.0011432,0.0011433,0.00114488,628.236,0.0002
10.52,6709900.0,3025020.0,2899700.0,1153150.0,8.47585e-07,0.00034795,0.00148665,0.0,0.00114317,0.00114328,0.00114485,626.163,0.0002
10.525,6709550.0,3024900.0,2899590.0,1153140.0,8.47563e-07,0.000334642,0.0014734,0.0,0.00114314,0.00114324,0.00114481,627.228,0.0002
10.53,6709550.0,3024900.0,2899590.0,1153140.0,8.47563e-07,0.000334642,0.0014734,0.0,0.00114314,0.00114324,0.00114481,630.474,0.0002
10.535,6710100.0,3025090.0,2899770.0,1153150.0,8.47597e-07,0.000355481,0.00149415,0.0,0.00114319,0.0011433,0.00114487,630.474,0.0002
10.54,6710270.0,3025150.0,2899830.0,1153150.0,8.47608e-07,0.000362316,0.00150096,0.0,0.00114321,0.00114331,0.00114489,632.077,0.0002
10.545,6710540.0,3025240.0,2899910.0,1153150.0,8.47625e-07,0.000372606,0.0015112,0.0,0.00114324,0.00114334,0.00114492,630.547,0.0002
10.55,6710540.0,3025240.0,2899910.0,1153150.0,8.47625e-07,0.000372606,0.0015112,0.0,0.00114324,0.00114334,0.00114492,625.882,0.0002
10.555,6709760.0,3024970.0,2899660.0,1153150.0,8.47576e-07,0.000342661,0.00148139,0.0,0.00114316,0.00114326,0.00114484,625.882,0.0002
10.56,6709510.0,3024890.0,2899580.0,1153140.0,8.4756e-07,0.000332839,0.00147161,0.0,0.00114313,0.00114324,0.00114481,630.956,0.0002
10.565,6710350.0,3025180.0,2899850.0,1153150.0,8.47613e-07,0.000365409,0.00150404,0.0,0.00114322,0.00114332,0.0011449,630.62,0.0002
10.57,6710350.0,3025180.0,2899850.0,1153150.0,8.47613e-07,0.000365409,0.00150404,0.0,0.00114322,0.00114332,0.0011449,629.595,0.0002
10.575,6710180.0,3025120.0,2899800.0,1153150.0,8.47603e-07,0.00035883,0.00149749,0.0,0.0011432,0.0011433,0.00114488,629.595,0.0002
10.58,6710130.0,3025100.0,2899780.0,1153150.0,8.47599e-07,0.000356672,0.00149534,0.0,0.0011432,0.0011433,0.00114487,626.396,0.0002
10.585,6709590.0,3024920.0,2899610.0,1153140.0,8.47566e-07,0.000336142,0.0014749,0.0,0.00114314,0.00114324,0.00114482,627.123,0.0002
10.59,6709590.0,3024920.0,2899610.0,1153140.0,8.47566e-07,0.000336142,0.0014749,0.0,0.00114314,0.00114324,0.00114482,629.34,0.0002
10.595,6709960.0,3025040.0,2899730.0,1153150.0,8.47589e-07,0.000350369,0.00148906,0.0,0.00114318,0.00114328,0.00114486,629.34,0.0002
10.6,6710080.0,3025090.0,2899760.0,1153150.0,8.47596e-07,0.000355036,0.00149371,0.0,0.00114319,0.00114329,0.00114487,631.116,0.0002
10.605,6710380.0,3025190.0,2899860.0,1153150.0,8.47615e-07,0.000366439,0.00150506,0.0,0.00114322,0.00114332,0.0011449,630.868,0.0002
10.61,6710380.0,3025190.0,2899860.0,1153150.0,8.47615e-07,0.000366439,0.00150506,0.0,0.00114322,0.00114332,0.0011449,630.113,0.0002
10.615,6710250.0,3025140.0,2899820.0,1153150.0,8.47607e-07,0.000361588,0.00150023,0.0,0.00114321,0.00114331,0.00114489,630.113,0.0002
10.62,6710210.0,3025130.0,2899810.0,1153150.0,8.47605e-07,0.000359997,0.00149865,0.0,0.0011432,0.00114331,0.00114488,630.607,0.0002
10.625,6710300.0,3025160.0,2899830.0,1153150.0,8.4761e-07,0.000363171,0.00150181,0.0,0.00114321,0.00114332,0.00114489,630.479,0.0002
10.63,6710300.0,3025160.0,2899830.0,1153150.0,8.4761e-07,0.000363171,0.00150181,0.0,0.00114321,0.00114332,0.00114489,630.089,0.0002
10.635,6710230.0,3025140.0,2899810.0,1153150.0,8.47606e-07,0.000360665,0.00149931,0.0,0.00114321,0.00114331,0.00114488,630.089,0.0002
10.64,6710210.0,3025130.0,2899810.0,1153150.0,8.47604e-07,0.000359843,0.0014985,0.0,0.0011432,0.00114331,0.00114488,631.694,0.0002
10.645,6710480.0,3025220.0,2899890.0,1153150.0,8.47621e-07,0.000370149,0.00150876,0.0,0.00114323,0.00114333,0.00114491,631.054,0.0002
10.65,6710480.0,3025220.0,2899890.0,1153150.0,8.47621e-07,0.000370149,0.00150876,0.0,0.00114323,0.00114333,0.00114491,629.101,0.0002
10.655,6710150.0,3025110.0,2899790.0,1153150.0,8.47601e-07,0.000357616,0.00149628,0.0,0.0011432,0.0011433,0.00114488,629.101,0.0002
10.66,6710040.0,3025070.0,2899750.0,1153150.0,8.47594e-07,0.000353506,0.00149219,0.0,0.00114319,0.00114329,0.00114486,623.273,0.0002
10.665,6709070.0,3024740.0,2899440.0,1153140.0,8.47533e-07,0.000316095,0.00145494,0.0,0.00114309,0.00114319,0.00114477,624.903,0.0002
10.67,6709070.0,3024740.0,2899440.0,1153140.0,8.47533e-07,0.000316095,0.00145494,0.0,0.00114309,0.00114319,0.00114477,629.872,0.0002
10.675,6709900.0,3025020.0,2899710.0,1153150.0,8.47585e-07,0.000347992,0.0014867,0.0,0.00114317,0.00114328,0.00114485,629.872,0.0002
10.68,6710170.0,3025120.0,2899790.0,1153150.0,8.47602e-07,0.000358455,0.00149711,0.0,0.0011432,0.0011433,0.00114488,627.692,0.0002
10.685,6709810.0,3024990.0,2899680.0,1153150.0,8.47579e-07,0.00034446,0.00148318,0.0,0.00114316,0.00114327,0.00114484,627.715,0.0002
10.69,6709810.0,3024990.0,2899680.0,1153150.0,8.47579e-07,0.00034446,0.00148318,0.0,0.00114316,0.00114327,0.00114484,627.783,0.0002
10.695,6709820.0,3025000.0,2899680.0,1153150.0,8.4758e-07,0.000344897,0.00148361,0.0,0.00114316,0.00114327,0.00114484,627.783,0.0002
10.7,6709820.0,3025000.0,2899680.0,1153150.0,8.4758e-07,0.00034504,0.00148376,0.0,0.00114316,0.00114327,0.00114484,630.418,0.0002
10.705,6710260.0,3025150.0,2899820.0,1153150.0,8.47608e-07,0.000361957,0.0015006,0.0,0.00114321,0.00114331,0.00114489,629.036,0.0002
10.71,6710260.0,3025150.0,2899820.0,1153150.0,8.47608e-07,0.000361957,0.0015006,0.0,0.00114321,0.00114331,0.00114489,624.821,0.0002
10.715,6709560.0,3024910.0,2899600.0,1153150.0,8.47564e-07,0.000334904,0.00147366,0.0,0.00114314,0.00114324,0.00114481,624.821,0.0002
10.72,6709330.0,3024830.0,2899520.0,1153140.0,8.47549e-07,0.000326031,0.00146483,0.0,0.00114311,0.00114322,0.00114479,628.289,0.0002
10.725,6709910.0,3025030.0,2899710.0,1153150.0,8.47586e-07,0.000348288,0.00148699,0.0,0.00114317,0.00114328,0.00114485,628.137,0.0002
10.73,6709910.0,3025030.0,2899710.0,1153150.0,8.47586e-07,0.000348288,0.00148699,0.0,0.00114317,0.00114328,0.00114485,627.675,0.0002
10.735,6709830.0,3025000.0,2899680.0,1153150.0,8.47581e-07,0.000345322,0.00148404,0.0,0.00114317,0.00114327,0.00114484,627.675,0.0002
10.74,6709810.0,3024990.0,2899680.0,1153150.0,8.47579e-07,0.000344349,0.00148307,0.0,0.00114316,0.00114327,0.00114484,626.239,0.0002
10.745,6709570.0,3024910.0,2899600.0,1153150.0,8.47564e-07,0.000335132,0.00147389,0.0,0.00114314,0.00114324,0.00114482,626.756,0.0002
10.75,6709570.0,3024910.0,2899600.0,1153150.0,8.47564e-07,0.000335132,0.00147389,0.0,0.00114314,0.00114324,0.00114482,628.331,0.0002
10.755,6709830.0,3025000.0,2899680.0,1153150.0,8.47581e-07,0.000345243,0.00148396,0.0,0.00114317,0.00114327,0.00114484,628.331,0.0002
10.76,6709920.0,3025030.0,2899710.0,1153150.0,8.47586e-07,0.000348559,0.00148726,0.0,0.00114317,0.00114328,0.00114485,624.08,0.0002
10.765,6709210.0,3024780.0,2899480.0,1153140.0,8.47542e-07,0.000321276,0.00146009,0.0,0.0011431,0.0011432,0.00114478,624.338,0.0002
10.77,6709210.0,3024780.0,2899480.0,1153140.0,8.47542e-07,0.000321276,0.00146009,0.0,0.0011431,0.0011432,0.00114478,625.123,0.0002
10.775,6709340.0,3024830.0,2899530.0,1153140.0,8.4755e-07,0.000326318,0.00146511,0.0,0.00114311,0.00114322,0.00114479,625.123,0.0002
10.78,6709380.0,3024840.0,2899540.0,1153140.0,8.47553e-07,0.000327972,0.00146676,0.0,0.00114312,0.00114322,0.0011448,629.043,0.0002
10.785,6710030.0,3025070.0,2899750.0,1153150.0,8.47593e-07,0.000353129,0.00149181,0.0,0.00114319,0.00114329,0.00114486,629.341,0.0002
10.79,6710030.0,3025070.0,2899750.0,1153150.0,8.47593e-07,0.000353129,0.00149181,0.0,0.00114319,0.00114329,0.00114486,630.248,0.0002
10.795,6710190.0,3025120.0,2899800.0,1153150.0,8.47603e-07,0.000358956,0.00149761,0.0,0.0011432,0.0011433,0.00114488,630.248,0.0002
10.8,6710240.0,3025140.0,2899810.0,1153150.0,8.47606e-07,0.000360867,0.00149952,0.0,0.00114321,0.00114331,0.00114488,627.872,0.0002
10.805,6709840.0,3025000.0,2899690.0,1153150.0,8.47581e-07,0.000345615,0.00148433,0.0,0.00114317,0.00114327,0.00114484,628.571,0.0002
10.81,6709840.0,3025000.0,2899690.0,1153150.0,8.47581e-07,0.000345615,0.00148433,0.0,0.00114317,0.00114327,0.00114484,630.701,0.0002
10.815,6710200.0,3025120.0,2899800.0,1153150.0,8.47603e-07,0.000359288,0.00149794,0.0,0.0011432,0.00114331,0.00114488,630.701,0.0002
10.82,6710310.0,3025160.0,2899840.0,1153150.0,8.47611e-07,0.000363772,0.00150241,0.0,0.00114321,0.00114332,0.00114489,627.624,0.0002
10.825,6709800.0,3024990.0,2899670.0,1153150.0,8.47579e-07,0.000344019,0.00148274,0.0,0.00114316,0.00114326,0.00114484,627.632,0.0002
10.83,6709800.0,3024990.0,2899670.0,1153150.0,8.47579e-07,0.000344019,0.00148274,0.0,0.00114316,0.00114326,0.00114484,627.66,0.0002
10.835,6709800.0,3024990.0,2899680.0,1153150.0,8.47579e-07,0.000344194,0.00148291,0.0,0.00114316,0.00114327,0.00114484,627.66,0.0002
10.84,6709800.0,3024990.0,2899680.0,1153150.0,8.47579e-07,0.000344252,0.00148297,0.0,0.00114316,0.00114327,0.00114484,631.899,0.0002
10.845,6710510.0,3025230.0,2899900.0,1153160.0,8.47623e-07,0.000371465,0.00151007,0.0,0.00114323,0.00114334,0.00114491,631.459,0.0002
10.85,6710510.0,3025230.0,2899900.0,1153160.0,8.47623e-07,0.000371465,0.00151007,0.0,0.00114323,0.00114334,0.00114491,630.116,0.0002
10.855,6710290.0,3025160.0,2899830.0,1153150.0,8.47609e-07,0.000362843,0.00150148,0.0,0.00114321,0.00114331,0.00114489,630.116,0.0002
10.86,6710210.0,3025130.0,2899810.0,1153150.0,8.47605e-07,0.000360015,0.00149867,0.0,0.0011432,0.00114331,0.00114488,628.279,0.0002
10.865,6709910.0,3025030.0,2899710.0,1153150.0,8.47585e-07,0.00034823,0.00148693,0.0,0.00114317,0.00114328,0.00114485,629.078,0.0002
10.87,6709910.0,3025030.0,2899710.0,1153150.0,8.47585e-07,0.00034823,0.00148693,0.0,0.00114317,0.00114328,0.00114485,631.513,0.0002
10.875,6710310.0,3025170.0,2899840.0,1153150.0,8.47611e-07,0.000363857,0.00150249,0.0,0.00114321,0.00114332,0.00114489,631.513,0.0002
10.88,6710450.0,3025210.0,2899880.0,1153160.0,8.47619e-07,0.000368983,0.0015076,0.0,0.00114323,0.00114333,0.00114491,631.394,0.0002
10.885,6710430.0,3025200.0,2899880.0,1153160.0,8.47618e-07,0.000368219,0.00150684,0.0,0.00114323,0.00114333,0.0011449,630.195,0.0002
10.89,6710430.0,3025200.0,2899880.0,1153160.0,8.47618e-07,0.000368219,0.00150684,0.0,0.00114323,0.00114333,0.0011449,626.542,0.0002
10.895,6709820.0,3025000.0,2899680.0,1153150.0,8.4758e-07,0.000344767,0.00148348,0.0,0.00114316,0.00114327,0.00114484,626.542,0.0002
10.9,6709620.0,3024930.0,2899620.0,1153150.0,8.47567e-07,0.000337075,0.00147583,0.0,0.00114314,0.00114325,0.00114482,628.483,0.0002
10.905,6709940.0,3025040.0,2899720.0,1153150.0,8.47588e-07,0.000349537,0.00148823,0.0,0.00114318,0.00114328,0.00114485,628.621,0.0002
10.91,6709940.0,3025040.0,2899720.0,1153150.0,8.47588e-07,0.000349537,0.00148823,0.0,0.00114318,0.00114328,0.00114485,629.04,0.0002
10.915,6710010.0,3025060.0,2899740.0,1153150.0,8.47592e-07,0.000352229,0.00149091,0.0,0.00114318,0.00114329,0.00114486,629.04,0.0002
10.92,6710030.0,3025070.0,2899750.0,1153150.0,8.47593e-07,0.000353112,0.00149179,0.0,0.00114319,0.00114329,0.00114486,626.789,0.0002
10.925,6709660.0,3024940.0,2899630.0,1153150.0,8.4757e-07,0.000338665,0.00147741,0.0,0.00114315,0.00114325,0.00114482,626.455,0.0002
10.93,6709660.0,3024940.0,2899630.0,1153150.0,8.4757e-07,0.000338665,0.00147741,0.0,0.00114315,0.00114325,0.00114482,625.435,0.0002
10.935,6709490.0,3024880.0,2899570.0,1153150.0,8.47559e-07,0.000332117,0.00147089,0.0,0.00114313,0.00114323,0.00114481,625.435,0.0002
10.94,6709430.0,3024860.0,2899560.0,1153150.0,8.47556e-07,0.000329969,0.00146875,0.0,0.00114312,0.00114323,0.0011448,628.921,0.0002
10.945,6710010.0,3025060.0,2899740.0,1153150.0,8.47592e-07,0.000352348,0.00149103,0.0,0.00114318,0.00114329,0.00114486,628.118,0.0002
10.95,6710010.0,3025060.0,2899740.0,1153150.0,8.47592e-07,0.000352348,0.00149103,0.0,0.00114318,0.00114329,0.00114486,625.669,0.0002
10.955,6709610.0,3024920.0,2899610.0,1153150.0,8.47567e-07,0.000336629,0.00147538,0.0,0.00114314,0.00114324,0.00114482,625.669,0.0002
10.96,6709470.0,3024880.0,2899570.0,1153150.0,8.47558e-07,0.000331473,0.00147025,0.0,0.00114313,0.00114323,0.00114481,627.88,0.0002
10.965,6709840.0,3025000.0,2899690.0,1153150.0,8.47581e-07,0.000345663,0.00148438,0.0,0.00114317,0.00114327,0.00114484,627.591,0.0002
10.97,6709840.0,3025000.0,2899690.0,1153150.0,8.47581e-07,0.000345663,0.00148438,0.0,0.00114317,0.00114327,0.00114484,626.711,0.0002
10.975,6709690.0,3024950.0,2899640.0,1153150.0,8.47572e-07,0.000340015,0.00147875,0.0,0.00114315,0.00114325,0.00114483,626.711,0.0002
10.98,6709650.0,3024940.0,2899630.0,1153150.0,8.47569e-07,0.000338162,0.00147691,0.0,0.00114315,0.00114325,0.00114482,630.102,0.0002
10.985,6710210.0,3025130.0,2899810.0,1153150.0,8.47604e-07,0.000359926,0.00149858,0.0,0.0011432,0.00114331,0.00114488,630.474,0.0002
10.99,6710210.0,3025130.0,2899810.0,1153150.0,8.47604e-07,0.000359926,0.00149858,0.0,0.0011432,0.00114331,0.00114488,631.608,0.0002
10.995,6710400.0,3025200.0,2899870.0,1153160.0,8.47616e-07,0.000367204,0.00150583,0.0,0.00114322,0.00114333,0.0011449,631.608,0.0002
11.0,6710460.0,3025220.0,2899890.0,1153160.0,8.4762e-07,0.000369592,0.0015082,0.0,0.00114323,0.00114333,0.00114491,625.91,0.0002
11.005,6709510.0,3024890.0,2899580.0,1153150.0,8.47561e-07,0.000333018,0.00147179,0.0,0.00114313,0.00114324,0.00114481,626.259,0.0002
11.01,6709510.0,3024890.0,2899580.0,1153150.0,8.47561e-07,0.000333018,0.00147179,0.0,0.00114313,0.00114324,0.00114481,627.325,0.0002
11.015,6709690.0,3024950.0,2899640.0,1153150.0,8.47572e-07,0.000339858,0.0014786,0.0,0.00114315,0.00114325,0.00114483,627.325,0.0002
11.02,6709750.0,3024970.0,2899660.0,1153150.0,8.47575e-07,0.000342102,0.00148083,0.0,0.00114316,0.00114326,0.00114483,628.176,0.0002
11.025,6709890.0,3025020.0,2899700.0,1153150.0,8.47584e-07,0.000347565,0.00148627,0.0,0.00114317,0.00114327,0.00114485,629.135,0.0002
11.03,6709890.0,3025020.0,2899700.0,1153150.0,8.47584e-07,0.000347565,0.00148627,0.0,0.00114317,0.00114327,0.00114485,632.061,0.0002
11.035,6710380.0,3025190.0,2899860.0,1153160.0,8.47615e-07,0.000366344,0.00150497,0.0,0.00114322,0.00114332,0.0011449,632.061,0.0002
11.04,6710540.0,3025240.0,2899910.0,1153160.0,8.47625e-07,0.000372504,0.0015111,0.0,0.00114324,0.00114334,0.00114491,631.07,0.0002
11.045,6710370.0,3025190.0,2899860.0,1153160.0,8.47615e-07,0.000366138,0.00150476,0.0,0.00114322,0.00114332,0.0011449,629.295,0.0002
11.05,6710370.0,3025190.0,2899860.0,1153160.0,8.47615e-07,0.000366138,0.00150476,0.0,0.00114322,0.00114332,0.0011449,623.885,0.0002
11.055,6709470.0,3024880.0,2899570.0,1153150.0,8.47558e-07,0.000331415,0.00147019,0.0,0.00114313,0.00114323,0.00114481,623.885,0.0002
11.06,6709170.0,3024770.0,2899470.0,1153140.0,8.4754e-07,0.000320026,0.00145885,0.0,0.0011431,0.0011432,0.00114478,631.139,0.0002
11.065,6710380.0,3025190.0,2899860.0,1153160.0,8.47615e-07,0.000366585,0.00150521,0.0,0.00114322,0.00114332,0.0011449,630.169,0.0002
11.07,6710380.0,3025190.0,2899860.0,1153160.0,8.47615e-07,0.000366585,0.00150521,0.0,0.00114322,0.00114332,0.0011449,627.212,0.0002
11.075,6709890.0,3025020.0,2899710.0,1153150.0,8.47584e-07,0.000347602,0.00148631,0.0,0.00114317,0.00114327,0.00114485,627.212,0.0002
11.08,6709730.0,3024970.0,2899650.0,1153150.0,8.47574e-07,0.000341375,0.00148011,0.0,0.00114315,0.00114326,0.00114483,627.329,0.0002
11.085,6709750.0,3024970.0,2899660.0,1153150.0,8.47576e-07,0.000342127,0.00148086,0.0,0.00114316,0.00114326,0.00114483,627.262,0.0002
11.09,6709750.0,3024970.0,2899660.0,1153150.0,8.47576e-07,0.000342127,0.00148086,0.0,0.00114316,0.00114326,0.00114483,627.058,0.0002
11.095,6709710.0,3024960.0,2899650.0,1153150.0,8.47573e-07,0.000340821,0.00147955,0.0,0.00114315,0.00114326,0.00114483,627.058,0.0002
11.1,6709700.0,3024960.0,2899650.0,1153150.0,8.47573e-07,0.000340392,0.00147913,0.0,0.00114315,0.00114325,0.00114483,628.395,0.0002
11.105,6709930.0,3025030.0,2899720.0,1153150.0,8.47587e-07,0.000348969,0.00148767,0.0,0.00114317,0.00114328,0.00114485,628.466,0.0002
11.11,6709930.0,3025030.0,2899720.0,1153150.0,8.47587e-07,0.000348969,0.00148767,0.0,0.00114317,0.00114328,0.00114485,628.682,0.0002
11.115,6709960.0,3025050.0,2899730.0,1153150.0,8.47589e-07,0.00035036,0.00148905,0.0,0.00114318,0.00114328,0.00114486,628.682,0.0002
11.12,6709970.0,3025050.0,2899730.0,1153150.0,8.4759e-07,0.000350816,0.00148951,0.0,0.00114318,0.00114328,0.00114486,625.667,0.0002
11.125,6709470.0,3024880.0,2899570.0,1153150.0,8.47558e-07,0.000331462,0.00147024,0.0,0.00114313,0.00114323,0.00114481,626.409,0.0002
11.13,6709470.0,3024880.0,2899570.0,1153150.0,8.47558e-07,0.000331462,0.00147024,0.0,0.00114313,0.00114323,0.00114481,628.669,0.0002
11.135,6709850.0,3025010.0,2899690.0,1153150.0,8.47582e-07,0.000345972,0.00148468,0.0,0.00114317,0.00114327,0.00114484,628.669,0.0002
11.14,6709970.0,3025050.0,2899730.0,1153150.0,8.4759e-07,0.000350732,0.00148942,0.0,0.00114318,0.00114328,0.00114486,625.995,0.0002
11.145,6709530.0,3024900.0,2899590.0,1153150.0,8.47562e-07,0.000333563,0.00147233,0.0,0.00114313,0.00114324,0.00114481,626.489,0.0002
11.15,6709530.0,3024900.0,2899590.0,1153150.0,8.47562e-07,0.000333563,0.00147233,0.0,0.00114313,0.00114324,0.00114481,627.997,0.0002
11.155,6709780.0,3024980.0,2899670.0,1153150.0,8.47577e-07,0.000343242,0.00148197,0.0,0.00114316,0.00114326,0.00114484,627.997,0.0002
11.16,6709860.0,3025010.0,2899700.0,1153150.0,8.47582e-07,0.000346416,0.00148513,0.0,0.00114317,0.00114327,0.00114485,630.944,0.0002
11.165,6710350.0,3025180.0,2899850.0,1153160.0,8.47613e-07,0.000365331,0.00150396,0.0,0.00114322,0.00114332,0.0011449,630.118,0.0002
11.17,6710350.0,3025180.0,2899850.0,1153160.0,8.47613e-07,0.000365331,0.00150396,0.0,0.00114322,0.00114332,0.0011449,627.601,0.0002
11.175,6709930.0,3025040.0,2899720.0,1153150.0,8.47587e-07,0.000349176,0.00148787,0.0,0.00114318,0.00114328,0.00114485,627.601,0.0002
11.18,6709790.0,3024990.0,2899670.0,1153150.0,8.47578e-07,0.000343878,0.0014826,0.0,0.00114316,0.00114326,0.00114484,626.553,0.0002
11.185,6709620.0,3024930.0,2899620.0,1153150.0,8.47567e-07,0.000337148,0.0014759,0.0,0.00114314,0.00114325,0.00114482,627.076,0.0002
11.19,6709620.0,3024930.0,2899620.0,1153150.0,8.47567e-07,0.000337148,0.0014759,0.0,0.00114314,0.00114325,0.00114482,628.671,0.0002
11.195,6709890.0,3025020.0,2899700.0,1153150.0,8.47584e-07,0.000347383,0.00148609,0.0,0.00114317,0.00114327,0.00114485,628.671,0.0002
11.2,6709970.0,3025050.0,2899730.0,1153150.0,8.4759e-07,0.00035074,0.00148943,0.0,0.00114318,0.00114328,0.00114486,629.792,0.0002
11.205,6710160.0,3025110.0,2899790.0,1153160.0,8.47601e-07,0.000357938,0.0014966,0.0,0.0011432,0.0011433,0.00114488,629.706,0.0002
11.21,6710160.0,3025110.0,2899790.0,1153160.0,8.47601e-07,0.000357938,0.0014966,0.0,0.0011432,0.0011433,0.00114488,629.446,0.0002
11.215,6710120.0,3025100.0,2899780.0,1153160.0,8.47598e-07,0.000356266,0.00149493,0.0,0.00114319,0.0011433,0.00114487,629.446,0.0002
11.22,6710100.0,3025090.0,2899770.0,1153150.0,8.47598e-07,0.000355718,0.00149439,0.0,0.00114319,0.0011433,0.00114487,630.381,0.0002
11.225,6710260.0,3025150.0,2899820.0,1153160.0,8.47607e-07,0.000361719,0.00150036,0.0,0.00114321,0.00114331,0.00114489,630.416,0.0002
11.23,6710260.0,3025150.0,2899820.0,1153160.0,8.47607e-07,0.000361719,0.00150036,0.0,0.00114321,0.00114331,0.00114489,630.522,0.0002
11.235,6710280.0,3025150.0,2899830.0,1153160.0,8.47608e-07,0.000362401,0.00150104,0.0,0.00114321,0.00114331,0.00114489,630.522,0.0002
11.24,6710280.0,3025160.0,2899830.0,1153160.0,8.47609e-07,0.000362625,0.00150127,0.0,0.00114321,0.00114331,0.00114489,625.466,0.0002
11.245,6709440.0,3024870.0,2899560.0,1153150.0,8.47556e-07,0.000330169,0.00146895,0.0,0.00114312,0.00114323,0.0011448,626.56,0.0002
11.25,6709440.0,3024870.0,2899560.0,1153150.0,8.47556e-07,0.000330169,0.00146895,0.0,0.00114312,0.00114323,0.0011448,629.896,0.0002
11.255,6709990.0,3025060.0,2899740.0,1153150.0,8.47591e-07,0.000351581,0.00149027,0.0,0.00114318,0.00114328,0.00114486,629.896,0.0002
11.26,6710180.0,3025120.0,2899800.0,1153160.0,8.47602e-07,0.000358605,0.00149726,0.0,0.0011432,0.0011433,0.00114488,626.29,0.0002
11.265,6709580.0,3024910.0,2899600.0,1153150.0,8.47565e-07,0.000335463,0.00147422,0.0,0.00114314,0.00114324,0.00114482,626.12,0.0002
11.27,6709580.0,3024910.0,2899600.0,1153150.0,8.47565e-07,0.000335463,0.00147422,0.0,0.00114314,0.00114324,0.00114482,625.601,0.0002
11.275,6709490.0,3024880.0,2899580.0,1153150.0,8.47559e-07,0.00033213,0.0014709,0.0,0.00114313,0.00114323,0.00114481,625.601,0.0002
11.28,6709460.0,3024870.0,2899570.0,1153150.0,8.47558e-07,0.000331037,0.00146981,0.0,0.00114313,0.00114323,0.0011448,631.247,0.0002
11.285,6710400.0,3025200.0,2899870.0,1153160.0,8.47616e-07,0.000367276,0.0015059,0.0,0.00114322,0.00114333,0.0011449,631.23,0.0002
11.29,6710400.0,3025200.0,2899870.0,1153160.0,8.47616e-07,0.000367276,0.0015059,0.0,0.00114322,0.00114333,0.0011449,631.181,0.0002
11.295,6710390.0,3025200.0,2899870.0,1153160.0,8.47616e-07,0.000366957,0.00150558,0.0,0.00114322,0.00114332,0.0011449,631.181,0.0002
11.3,6710390.0,3025200.0,2899870.0,1153160.0,8.47616e-07,0.000366852,0.00150547,0.0,0.00114322,0.00114332,0.0011449,631.348,0.0002
11.305,6710420.0,3025200.0,2899880.0,1153160.0,8.47617e-07,0.000367923,0.00150654,0.0,0.00114322,0.00114333,0.0011449,629.666,0.0002
11.31,6710420.0,3025200.0,2899880.0,1153160.0,8.47617e-07,0.000367923,0.00150654,0.0,0.00114322,0.00114333,0.0011449,624.54,0.0002
11.315,6709560.0,3024910.0,2899600.0,1153150.0,8.47564e-07,0.000335021,0.00147378,0.0,0.00114314,0.00114324,0.00114481,624.54,0.0002
11.32,6709280.0,3024810.0,2899510.0,1153150.0,8.47546e-07,0.000324229,0.00146303,0.0,0.00114311,0.00114321,0.00114479,625.417,0.0002
11.325,6709430.0,3024860.0,2899560.0,1153150.0,8.47556e-07,0.000329855,0.00146864,0.0,0.00114312,0.00114323,0.0011448,626.677,0.0002
11.33,6709430.0,3024860.0,2899560.0,1153150.0,8.47556e-07,0.000329855,0.00146864,0.0,0.00114312,0.00114323,0.0011448,630.52,0.0002
11.335,6710070.0,3025080.0,2899760.0,1153160.0,8.47596e-07,0.000354519,0.00149319,0.0,0.00114319,0.00114329,0.00114487,630.52,0.0002
11.34,6710280.0,3025160.0,2899830.0,1153160.0,8.47609e-07,0.000362608,0.00150125,0.0,0.00114321,0.00114331,0.00114489,631.808,0.0002
11.345,6710500.0,3025230.0,2899900.0,1153160.0,8.47622e-07,0.000370878,0.00150948,0.0,0.00114323,0.00114334,0.00114491,630.857,0.0002
11.35,6710500.0,3025230.0,2899900.0,1153160.0,8.47622e-07,0.000370878,0.00150948,0.0,0.00114323,0.00114334,0.00114491,627.959,0.0002
11.355,6710010.0,3025060.0,2899750.0,1153160.0,8.47592e-07,0.000352274,0.00149096,0.0,0.00114318,0.00114329,0.00114486,627.959,0.0002
11.36,6709850.0,3025010.0,2899700.0,1153150.0,8.47582e-07,0.000346171,0.00148488,0.0,0.00114317,0.00114327,0.00114484,629.334,0.0002
11.365,6710080.0,3025090.0,2899770.0,1153160.0,8.47596e-07,0.000354998,0.00149367,0.0,0.00114319,0.00114329,0.00114487,629.63,0.0002
11.37,6710080.0,3025090.0,2899770.0,1153160.0,8.47596e-07,0.000354998,0.00149367,0.0,0.00114319,0.00114329,0.00114487,630.531,0.0002
11.375,6710230.0,3025140.0,2899820.0,1153160.0,8.47606e-07,0.000360786,0.00149943,0.0,0.00114321,0.00114331,0.00114488,630.531,0.0002
11.38,6710280.0,3025160.0,2899830.0,1153160.0,8.47609e-07,0.000362685,0.00150132,0.0,0.00114321,0.00114331,0.00114489,628.426,0.0002
11.385,6709930.0,3025040.0,2899720.0,1153150.0,8.47587e-07,0.000349168,0.00148787,0.0,0.00114317,0.00114328,0.00114485,628.906,0.0002
11.39,6709930.0,3025040.0,2899720.0,1153150.0,8.47587e-07,0.000349168,0.00148787,0.0,0.00114317,0.00114328,0.00114485,630.369,0.0002
11.395,6710180.0,3025120.0,2899800.0,1153160.0,8.47602e-07,0.000358562,0.00149722,0.0,0.0011432,0.0011433,0.00114488,630.369,0.0002
11.4,6710260.0,3025150.0,2899820.0,1153160.0,8.47607e-07,0.000361643,0.00150029,0.0,0.00114321,0.00114331,0.00114489,627.075,0.0002
11.405,6709710.0,3024960.0,2899650.0,1153150.0,8.47573e-07,0.000340501,0.00147924,0.0,0.00114315,0.00114325,0.00114483,626.933,0.0002
11.41,6709710.0,3024960.0,2899650.0,1153150.0,8.47573e-07,0.000340501,0.00147924,0.0,0.00114315,0.00114325,0.00114483,626.498,0.0002
11.415,6709630.0,3024940.0,2899620.0,1153150.0,8.47568e-07,0.00033771,0.00147646,0.0,0.00114314,0.00114325,0.00114482,626.498,0.0002
11.42,6709610.0,3024930.0,2899620.0,1153150.0,8.47567e-07,0.000336795,0.00147555,0.0,0.00114314,0.00114324,0.00114482,631.5,0.0002
11.425,6710450.0,3025210.0,2899890.0,1153160.0,8.47619e-07,0.000368904,0.00150752,0.0,0.00114323,0.00114333,0.0011449,630.953,0.0002
11.43,6710450.0,3025210.0,2899890.0,1153160.0,8.47619e-07,0.000368904,0.00150752,0.0,0.00114323,0.00114333,0.0011449,629.286,0.0002
11.435,6710170.0,3025120.0,2899800.0,1153160.0,8.47602e-07,0.0003582,0.00149686,0.0,0.0011432,0.0011433,0.00114488,629.286,0.0002
11.44,6710080.0,3025090.0,2899770.0,1153160.0,8.47596e-07,0.000354689,0.00149336,0.0,0.00114319,0.00114329,0.00114487,631.258,0.0002
11.445,6710400.0,3025200.0,2899870.0,1153160.0,8.47616e-07,0.000367351,0.00150597,0.0,0.00114322,0.00114333,0.0011449,630.633,0.0002
11.45,6710400.0,3025200.0,2899870.0,1153160.0,8.47616e-07,0.000367351,0.00150597,0.0,0.00114322,0.00114333,0.0011449,628.728,0.0002
11.455,6710090.0,3025090.0,2899770.0,1153160.0,8.47597e-07,0.00035512,0.00149379,0.0,0.00114319,0.00114329,0.00114487,628.728,0.0002
11.46,6709980.0,3025060.0,2899740.0,1153160.0,8.4759e-07,0.000351108,0.0014898,0.0,0.00114318,0.00114328,0.00114486,628.33,0.0002
11.465,6709920.0,3025030.0,2899720.0,1153160.0,8.47586e-07,0.000348557,0.00148726,0.0,0.00114317,0.00114328,0.00114485,628.812,0.0002
11.47,6709920.0,3025030.0,2899720.0,1153160.0,8.47586e-07,0.000348557,0.00148726,0.0,0.00114317,0.00114328,0.00114485,630.282,0.0002
11.475,6710160.0,3025120.0,2899790.0,1153160.0,8.47601e-07,0.000357989,0.00149665,0.0,0.0011432,0.0011433,0.00114488,630.282,0.0002
11.48,6710240.0,3025140.0,2899820.0,1153160.0,8.47606e-07,0.000361083,0.00149973,0.0,0.00114321,0.00114331,0.00114488,627.629,0.0002
11.485,6709800.0,3024990.0,2899680.0,1153150.0,8.47579e-07,0.000344053,0.00148277,0.0,0.00114316,0.00114326,0.00114484,628.291,0.0002
11.49,6709800.0,3024990.0,2899680.0,1153150.0,8.47579e-07,0.000344053,0.00148277,0.0,0.00114316,0.00114326,0.00114484,630.311,0.0002
11.495,6710140.0,3025110.0,2899790.0,1153160.0,8.476e-07,0.000357015,0.00149568,0.0,0.0011432,0.0011433,0.00114487,630.311,0.0002
11.5,6710250.0,3025150.0,2899820.0,1153160.0,8.47607e-07,0.000361267,0.00149991,0.0,0.00114321,0.00114331,0.00114488,628.727,0.0002
11.505,6709980.0,3025060.0,2899740.0,1153160.0,8.4759e-07,0.0003511,0.00148979,0.0,0.00114318,0.00114328,0.00114486,629.374,0.0002
11.51,6709980.0,3025060.0,2899740.0,1153160.0,8.4759e-07,0.0003511,0.00148979,0.0,0.00114318,0.00114328,0.00114486,631.349,0.0002
11.515,6710310.0,3025170.0,2899840.0,1153160.0,8.47611e-07,0.000363773,0.00150241,0.0,0.00114321,0.00114332,0.00114489,631.349,0.0002
11.52,6710420.0,3025210.0,2899880.0,1153160.0,8.47617e-07,0.00036793,0.00150655,0.0,0.00114322,0.00114333,0.0011449,630.042,0.0002
11.525,6710200.0,3025130.0,2899810.0,1153160.0,8.47604e-07,0.000359542,0.0014982,0.0,0.0011432,0.00114331,0.00114488,629.406,0.0002
11.53,6710200.0,3025130.0,2899810.0,1153160.0,8.47604e-07,0.000359542,0.0014982,0.0,0.0011432,0.00114331,0.00114488,627.468,0.0002
11.535,6709880.0,3025020.0,2899700.0,1153160.0,8.47584e-07,0.000347103,0.00148581,0.0,0.00114317,0.00114327,0.00114485,627.468,0.0002
11.54,6709770.0,3024980.0,2899670.0,1153150.0,8.47577e-07,0.000343023,0.00148175,0.0,0.00114316,0.00114326,0.00114484,625.986,0.0002
11.545,6709520.0,3024900.0,2899590.0,1153150.0,8.47562e-07,0.00033351,0.00147227,0.0,0.00114313,0.00114324,0.00114481,626.924,0.0002
11.55,6709520.0,3024900.0,2899590.0,1153150.0,8.47562e-07,0.00033351,0.00147227,0.0,0.00114313,0.00114324,0.00114481,629.782,0.0002
11.555,6710000.0,3025060.0,2899740.0,1153160.0,8.47591e-07,0.000351859,0.00149055,0.0,0.00114318,0.00114328,0.00114486,629.782,0.0002
11.56,6710160.0,3025120.0,2899790.0,1153160.0,8.47601e-07,0.000357877,0.00149654,0.0,0.0011432,0.0011433,0.00114488,629.156,0.0002
11.565,6710050.0,3025080.0,2899760.0,1153160.0,8.47595e-07,0.000353859,0.00149254,0.0,0.00114319,0.00114329,0.00114486,628.67,0.0002
11.57,6710050.0,3025080.0,2899760.0,1153160.0,8.47595e-07,0.000353859,0.00149254,0.0,0.00114319,0.00114329,0.00114486,627.186,0.0002
11.575,6709810.0,3025000.0,2899680.0,1153160.0,8.47579e-07,0.000344333,0.00148305,0.0,0.00114316,0.00114326,0.00114484,627.186,0.0002
11.58,6709720.0,3024970.0,2899650.0,1153150.0,8.47574e-07,0.000341209,0.00147994,0.0,0.00114315,0.00114326,0.00114483,627.894,0.0002
11.585,6709840.0,3025010.0,2899690.0,1153160.0,8.47581e-07,0.000345758,0.00148447,0.0,0.00114317,0.00114327,0.00114484,628.914,0.0002
11.59,6709840.0,3025010.0,2899690.0,1153160.0,8.47581e-07,0.000345758,0.00148447,0.0,0.00114317,0.00114327,0.00114484,632.023,0.0002
11.595,6710360.0,3025190.0,2899860.0,1153160.0,8.47614e-07,0.000365715,0.00150434,0.0,0.00114322,0.00114332,0.0011449,632.023,0.0002
11.6,6710530.0,3025250.0,2899910.0,1153160.0,8.47624e-07,0.00037226,0.00151086,0.0,0.00114324,0.00114334,0.00114491,627.834,0.0002
11.605,6709830.0,3025000.0,2899690.0,1153160.0,8.47581e-07,0.000345369,0.00148408,0.0,0.00114316,0.00114327,0.00114484,628.524,0.0002
11.61,6709830.0,3025000.0,2899690.0,1153160.0,8.47581e-07,0.000345369,0.00148408,0.0,0.00114316,0.00114327,0.00114484,630.627,0.0002
11.615,6710180.0,3025130.0,2899800.0,1153160.0,8.47603e-07,0.000358872,0.00149753,0.0,0.0011432,0.0011433,0.00114488,630.627,0.0002
11.62,6710300.0,3025170.0,2899840.0,1153160.0,8.4761e-07,0.0003633,0.00150194,0.0,0.00114321,0.00114331,0.00114489,627.519,0.0002
11.625,6709780.0,3024990.0,2899670.0,1153160.0,8.47578e-07,0.000343347,0.00148207,0.0,0.00114316,0.00114326,0.00114484,627.815,0.0002
11.63,6709780.0,3024990.0,2899670.0,1153160.0,8.47578e-07,0.000343347,0.00148207,0.0,0.00114316,0.00114326,0.00114484,628.718,0.0002
11.635,6709930.0,3025040.0,2899720.0,1153160.0,8.47587e-07,0.000349144,0.00148784,0.0,0.00114317,0.00114328,0.00114485,628.718,0.0002
11.64,6709980.0,3025060.0,2899740.0,1153160.0,8.4759e-07,0.000351046,0.00148974,0.0,0.00114318,0.00114328,0.00114486,631.757,0.0002
11.645,6710490.0,3025230.0,2899900.0,1153160.0,8.47622e-07,0.000370551,0.00150916,0.0,0.00114323,0.00114333,0.00114491,630.366,0.0002
11.65,6710490.0,3025230.0,2899900.0,1153160.0,8.47622e-07,0.000370551,0.00150916,0.0,0.00114323,0.00114333,0.00114491,626.124,0.0002
11.655,6709780.0,3024990.0,2899670.0,1153160.0,8.47577e-07,0.000343326,0.00148205,0.0,0.00114316,0.00114326,0.00114484,626.124,0.0002
11.66,6709550.0,3024910.0,2899600.0,1153150.0,8.47563e-07,0.000334396,0.00147316,0.0,0.00114314,0.00114324,0.00114481,629.303,0.0002
11.665,6710080.0,3025090.0,2899770.0,1153160.0,8.47596e-07,0.000354803,0.00149348,0.0,0.00114319,0.00114329,0.00114487,628.319,0.0002
11.67,6710080.0,3025090.0,2899770.0,1153160.0,8.47596e-07,0.000354803,0.00149348,0.0,0.00114319,0.00114329,0.00114487,625.318,0.0002
11.675,6709580.0,3024920.0,2899610.0,1153150.0,8.47565e-07,0.000335542,0.0014743,0.0,0.00114314,0.00114324,0.00114482,625.318,0.0002
11.68,6709410.0,3024860.0,2899560.0,1153150.0,8.47555e-07,0.000329224,0.00146801,0.0,0.00114312,0.00114322,0.0011448,630.51,0.0002
11.685,6710280.0,3025160.0,2899830.0,1153160.0,8.47609e-07,0.00036255,0.00150119,0.0,0.00114321,0.00114331,0.00114489,630.106,0.0002
11.69,6710280.0,3025160.0,2899830.0,1153160.0,8.47609e-07,0.00036255,0.00150119,0.0,0.00114321,0.00114331,0.00114489,628.874,0.0002
11.695,6710070.0,3025090.0,2899770.0,1153160.0,8.47596e-07,0.00035464,0.00149331,0.0,0.00114319,0.00114329,0.00114487,628.874,0.0002
11.7,6710010.0,3025060.0,2899750.0,1153160.0,8.47592e-07,0.000352045,0.00149073,0.0,0.00114318,0.00114329,0.00114486,624.829,0.0002
11.705,6709330.0,3024830.0,2899530.0,1153150.0,8.47549e-07,0.000326085,0.00146488,0.0,0.00114311,0.00114322,0.00114479,625.513,0.0002
11.71,6709330.0,3024830.0,2899530.0,1153150.0,8.47549e-07,0.000326085,0.00146488,0.0,0.00114311,0.00114322,0.00114479,627.599,0.0002
11.715,6709680.0,3024950.0,2899640.0,1153160.0,8.47571e-07,0.000339469,0.00147821,0.0,0.00114315,0.00114325,0.00114483,627.599,0.0002
11.72,6709790.0,3024990.0,2899680.0,1153160.0,8.47578e-07,0.00034386,0.00148258,0.0,0.00114316,0.00114326,0.00114484,629.73,0.0002
11.725,6710150.0,3025110.0,2899790.0,1153160.0,8.47601e-07,0.000357538,0.0014962,0.0,0.0011432,0.0011433,0.00114487,628.319,0.0002
11.73,6710150.0,3025110.0,2899790.0,1153160.0,8.47601e-07,0.000357538,0.0014962,0.0,0.0011432,0.0011433,0.00114487,624.016,0.0002
11.735,6709430.0,3024870.0,2899560.0,1153150.0,8.47556e-07,0.000329924,0.0014687,0.0,0.00114312,0.00114323,0.0011448,624.016,0.0002
11.74,6709200.0,3024790.0,2899490.0,1153150.0,8.47541e-07,0.000320867,0.00145969,0.0,0.0011431,0.0011432,0.00114478,623.082,0.0002
11.745,6709040.0,3024730.0,2899440.0,1153150.0,8.47531e-07,0.000314866,0.00145371,0.0,0.00114308,0.00114319,0.00114476,623.469,0.0002
11.75,6709040.0,3024730.0,2899440.0,1153150.0,8.47531e-07,0.000314866,0.00145371,0.0,0.00114308,0.00114319,0.00114476,624.648,0.0002
11.755,6709240.0,3024800.0,2899500.0,1153150.0,8.47544e-07,0.000322438,0.00146125,0.0,0.0011431,0.00114321,0.00114478,624.648,0.0002
11.76,6709300.0,3024820.0,2899520.0,1153150.0,8.47548e-07,0.000324922,0.00146372,0.0,0.00114311,0.00114321,0.00114479,626.305,0.0002
11.765,6709580.0,3024920.0,2899610.0,1153150.0,8.47565e-07,0.000335557,0.00147431,0.0,0.00114314,0.00114324,0.00114482,627.057,0.0002
11.77,6709580.0,3024920.0,2899610.0,1153150.0,8.47565e-07,0.000335557,0.00147431,0.0,0.00114314,0.00114324,0.00114482,629.35,0.0002
11.775,6709960.0,3025050.0,2899730.0,1153160.0,8.47589e-07,0.000350276,0.00148897,0.0,0.00114318,0.00114328,0.00114485,629.35,0.0002
11.78,6710090.0,3025090.0,2899770.0,1153160.0,8.47597e-07,0.000355103,0.00149378,0.0,0.00114319,0.00114329,0.00114487,629.342,0.0002
11.785,6710080.0,3025090.0,2899770.0,1153160.0,8.47597e-07,0.00035505,0.00149372,0.0,0.00114319,0.00114329,0.00114487,629.0,0.0002
11.79,6710080.0,3025090.0,2899770.0,1153160.0,8.47597e-07,0.00035505,0.00149372,0.0,0.00114319,0.00114329,0.00114487,627.958,0.0002
11.795,6709910.0,3025030.0,2899720.0,1153160.0,8.47586e-07,0.000348359,0.00148706,0.0,0.00114317,0.00114328,0.00114485,627.958,0.0002
11.8,6709850.0,3025010.0,2899700.0,1153160.0,8.47582e-07,0.000346165,0.00148488,0.0,0.00114317,0.00114327,0.00114484,626.113,0.0002
11.805,6709550.0,3024910.0,2899600.0,1153150.0,8.47563e-07,0.000334323,0.00147308,0.0,0.00114314,0.00114324,0.00114481,627.148,0.0002
11.81,6709550.0,3024910.0,2899600.0,1153150.0,8.47563e-07,0.000334323,0.00147308,0.0,0.00114314,0.00114324,0.00114481,630.303,0.0002
11.815,6710070.0,3025090.0,2899770.0,1153160.0,8.47596e-07,0.000354574,0.00149325,0.0,0.00114319,0.00114329,0.00114487,630.303,0.0002
11.82,6710250.0,3025150.0,2899820.0,1153160.0,8.47607e-07,0.000361216,0.00149986,0.0,0.00114321,0.00114331,0.00114488,634.084,0.0002
11.825,6710880.0,3025360.0,2900030.0,1153170.0,8.47646e-07,0.000385489,0.00152403,0.0,0.00114327,0.00114337,0.00114495,632.576,0.0002
11.83,6710880.0,3025360.0,2900030.0,1153170.0,8.47646e-07,0.000385489,0.00152403,0.0,0.00114327,0.00114337,0.00114495,627.98,0.0002
11.835,6710110.0,3025100.0,2899780.0,1153160.0,8.47598e-07,0.000355985,0.00149465,0.0,0.00114319,0.0011433,0.00114487,627.98,0.0002
11.84,6709860.0,3025010.0,2899700.0,1153160.0,8.47582e-07,0.000346308,0.00148502,0.0,0.00114317,0.00114327,0.00114484,628.908,0.0002
11.845,6710010.0,3025070.0,2899750.0,1153160.0,8.47592e-07,0.000352265,0.00149095,0.0,0.00114318,0.00114329,0.00114486,628.052,0.0002
11.85,6710010.0,3025070.0,2899750.0,1153160.0,8.47592e-07,0.000352265,0.00149095,0.0,0.00114318,0.00114329,0.00114486,625.44,0.0002
11.855,6709580.0,3024920.0,2899610.0,1153160.0,8.47565e-07,0.000335504,0.00147426,0.0,0.00114314,0.00114324,0.00114482,625.44,0.0002
11.86,6709430.0,3024870.0,2899560.0,1153150.0,8.47556e-07,0.000330007,0.00146879,0.0,0.00114312,0.00114323,0.0011448,628.167,0.0002
11.865,6709890.0,3025030.0,2899710.0,1153160.0,8.47584e-07,0.000347511,0.00148622,0.0,0.00114317,0.00114327,0.00114485,628.56,0.0002
11.87,6709890.0,3025030.0,2899710.0,1153160.0,8.47584e-07,0.000347511,0.00148622,0.0,0.00114317,0.00114327,0.00114485,629.756,0.0002
11.875,6710090.0,3025090.0,2899770.0,1153160.0,8.47597e-07,0.000355189,0.00149386,0.0,0.00114319,0.00114329,0.00114487,629.756,0.0002
11.88,6710150.0,3025120.0,2899790.0,1153160.0,8.47601e-07,0.000357708,0.00149637,0.0,0.0011432,0.0011433,0.00114487,628.44,0.0002
11.885,6709930.0,3025040.0,2899720.0,1153160.0,8.47587e-07,0.000349258,0.00148796,0.0,0.00114317,0.00114328,0.00114485,628.336,0.0002
11.89,6709930.0,3025040.0,2899720.0,1153160.0,8.47587e-07,0.000349258,0.00148796,0.0,0.00114317,0.00114328,0.00114485,628.022,0.0002
11.895,6709880.0,3025020.0,2899710.0,1153160.0,8.47584e-07,0.00034724,0.00148595,0.0,0.00114317,0.00114327,0.00114485,628.022,0.0002
11.9,6709860.0,3025020.0,2899700.0,1153160.0,8.47583e-07,0.000346577,0.00148529,0.0,0.00114317,0.00114327,0.00114484,628.237,0.0002
11.905,6709900.0,3025030.0,2899710.0,1153160.0,8.47585e-07,0.000347958,0.00148666,0.0,0.00114317,0.00114327,0.00114485,628.342,0.0002
11.91,6709900.0,3025030.0,2899710.0,1153160.0,8.47585e-07,0.000347958,0.00148666,0.0,0.00114317,0.00114327,0.00114485,628.664,0.0002
11.915,6709950.0,3025050.0,2899730.0,1153160.0,8.47588e-07,0.00035002,0.00148871,0.0,0.00114318,0.00114328,0.00114485,628.664,0.0002
11.92,6709970.0,3025050.0,2899740.0,1153160.0,8.47589e-07,0.000350696,0.00148939,0.0,0.00114318,0.00114328,0.00114486,627.224,0.0002
11.925,6709730.0,3024970.0,2899660.0,1153160.0,8.47574e-07,0.000341458,0.00148019,0.0,0.00114315,0.00114326,0.00114483,626.485,0.0002
11.93,6709730.0,3024970.0,2899660.0,1153160.0,8.47574e-07,0.000341458,0.00148019,0.0,0.00114315,0.00114326,0.00114483,624.231,0.0002
11.935,6709350.0,3024840.0,2899540.0,1153150.0,8.47551e-07,0.00032699,0.00146578,0.0,0.00114312,0.00114322,0.00114479,624.231,0.0002
11.94,6709230.0,3024800.0,2899500.0,1153150.0,8.47543e-07,0.000322245,0.00146106,0.0,0.0011431,0.00114321,0.00114478,625.548,0.0002
11.945,6709450.0,3024880.0,2899570.0,1153150.0,8.47557e-07,0.000330695,0.00146947,0.0,0.00114313,0.00114323,0.0011448,625.891,0.0002
11.95,6709450.0,3024880.0,2899570.0,1153150.0,8.47557e-07,0.000330695,0.00146947,0.0,0.00114313,0.00114323,0.0011448,626.939,0.0002
11.955,6709630.0,3024940.0,2899630.0,1153160.0,8.47568e-07,0.000337421,0.00147617,0.0,0.00114314,0.00114325,0.00114482,626.939,0.0002
11.96,6709680.0,3024960.0,2899640.0,1153160.0,8.47571e-07,0.000339627,0.00147837,0.0,0.00114315,0.00114325,0.00114483,624.678,0.0002
11.965,6709310.0,3024830.0,2899520.0,1153150.0,8.47548e-07,0.000325115,0.00146392,0.0,0.00114311,0.00114321,0.00114479,624.483,0.0002
11.97,6709310.0,3024830.0,2899520.0,1153150.0,8.47548e-07,0.000325115,0.00146392,0.0,0.00114311,0.00114321,0.00114479,623.889,0.0002
11.975,6709210.0,3024790.0,2899490.0,1153150.0,8.47542e-07,0.000321298,0.00146012,0.0,0.0011431,0.0011432,0.00114478,623.889,0.0002
11.98,6709170.0,3024780.0,2899480.0,1153150.0,8.4754e-07,0.000320047,0.00145887,0.0,0.0011431,0.0011432,0.00114477,629.14,0.0002
11.985,6710050.0,3025080.0,2899760.0,1153160.0,8.47594e-07,0.000353757,0.00149243,0.0,0.00114319,0.00114329,0.00114486,628.176,0.0002
11.99,6710050.0,3025080.0,2899760.0,1153160.0,8.47594e-07,0.000353757,0.00149243,0.0,0.00114319,0.00114329,0.00114486,625.237,0.0002
11.995,6709560.0,3024910.0,2899600.0,1153160.0,8.47564e-07,0.000334892,0.00147365,0.0,0.00114314,0.00114324,0.00114481,625.237,0.0002
12.0,6709400.0,3024860.0,2899550.0,1153150.0,8.47554e-07,0.000328704,0.00146749,0.0,0.00114312,0.00114322,0.0011448,630.387,0.0002
12.005,6710130.0,3041940.0,2915530.0,1153640.0,8.47599e-07,0.000356819,0.00150045,0.0,0.00114816,0.00114827,0.00114986,629.987,0.000201167
12.01,6710000.0,3058700.0,2931200.0,1154120.0,8.47591e-07,0.0003519,0.0015005,0.0,0.0011531,0.0011532,0.00115481,628.767,0.000202333
12.015,6709670.0,3075330.0,2946740.0,1154590.0,8.47571e-07,0.000339195,0.00149275,0.0,0.00115796,0.00115807,0.0011597,628.767,0.0002035
12.02,6709480.0,3091970.0,2962300.0,1155060.0,8.47559e-07,0.000331774,0.00149024,0.0,0.00116282,0.00116293,0.00116458,630.892,0.000204667
12.025,6709710.0,3108700.0,2977940.0,1155530.0,8.47573e-07,0.000340602,0.00150387,0.0,0.00116768,0.00116779,0.00116946,630.066,0.000205833
12.03,6709580.0,3125270.0,2993440.0,1155990.0,8.47565e-07,0.000335816,0.00150392,0.0,0.00117248,0.00117259,0.00117428,627.549,0.000207
12.035,6709040.0,3141620.0,3008720.0,1156440.0,8.47531e-07,0.00031492,0.00148788,0.0,0.00117719,0.0011773,0.00117901,627.549,0.000208167
12.04,6708780.0,3158040.0,3024080.0,1156890.0,8.47515e-07,0.000304902,0.00148265,0.0,0.0011819,0.00118202,0.00118375,630.966,0.000209333
12.045,6709230.0,3174660.0,3039610.0,1157350.0,8.47543e-07,0.000322154,0.00150453,0.0,0.00118665,0.00118677,0.00118852,629.965,0.0002105
12.05,6709110.0,3191030.0,3054910.0,1157800.0,8.47536e-07,0.000317498,0.00150458,0.0,0.00119132,0.00119144,0.0011932,626.914,0.000211667
12.055,6708480.0,3207140.0,3069980.0,1158230.0,8.47496e-07,0.000293305,0.00148513,0.0,0.00119589,0.00119601,0.00119779,626.914,0.000212833
12.06,6708190.0,3223340.0,3085120.0,1158670.0,8.47478e-07,0.000282292,0.00147878,0.0,0.00120047,0.00120059,0.0012024,629.016,0.000214
12.065,6708420.0,3239660.0,3100390.0,1159110.0,8.47493e-07,0.000291235,0.00149226,0.0,0.00120507,0.00120519,0.00120702,628.979,0.000215167
12.07,6708310.0,3255820.0,3115490.0,1159540.0,8.47486e-07,0.000286708,0.0014923,0.0,0.00120961,0.00120973,0.00121158,628.864,0.000216333
12.075,6708170.0,3271900.0,3130520.0,1159970.0,8.47477e-07,0.000281488,0.00149162,0.0,0.0012141,0.00121422,0.00121609,628.864,0.0002175
12.08,6708050.0,3287940.0,3145520.0,1160400.0,8.47469e-07,0.000276782,0.00149142,0.0,0.00121858,0.0012187,0.00122058,626.783,0.000218667
12.085,6707590.0,3303780.0,3160330.0,1160820.0,8.47441e-07,0.000259003,0.00147816,0.0,0.00122297,0.0012231,0.001225,627.97,0.000219833
12.09,6707470.0,3319720.0,3175230.0,1161240.0,8.47433e-07,0.000254601,0.00147821,0.0,0.00122738,0.00122751,0.00122943,631.587,0.000221
12.095,6707960.0,3335820.0,3190280.0,1161660.0,8.47464e-07,0.000273456,0.00150137,0.0,0.00123182,0.00123195,0.00123389,631.587,0.000222167
12.1,6708050.0,3351720.0,3205150.0,1162070.0,8.47469e-07,0.00027673,0.001509,0.0,0.00123619,0.00123632,0.00123828,628.242,0.000223333
12.105,6707380.0,3367240.0,3219660.0,1162470.0,8.47428e-07,0.000250963,0.00148766,0.0,0.00124044,0.00124057,0.00124255,628.085,0.0002245
12.11,6707260.0,3382950.0,3234340.0,1162880.0,8.47421e-07,0.000246683,0.00148771,0.0,0.00124473,0.00124486,0.00124686,627.604,0.000225667
12.115,6707070.0,3398550.0,3248920.0,1163280.0,8.47409e-07,0.000239358,0.00148468,0.0,0.00124897,0.0012491,0.00125112,627.604,0.000226833
12.12,6706940.0,3414120.0,3263480.0,1163680.0,8.474e-07,0.000234126,0.00148371,0.0,0.0012532,0.00125333,0.00125537,631.401,0.000228
12.125,6707460.0,3429900.0,3278230.0,1164080.0,8.47433e-07,0.000254312,0.00150802,0.0,0.00125746,0.00125759,0.00125965,631.187,0.000229167
12.13,6707350.0,3445370.0,3292690.0,1164470.0,8.47426e-07,0.000250151,0.00150806,0.0,0.00126163,0.00126176,0.00126384,630.533,0.000230333
12.135,6707140.0,3460710.0,3307040.0,1164860.0,8.47413e-07,0.000241833,0.00150392,0.0,0.00126574,0.00126588,0.00126798,630.533,0.0002315
12.14,6707000.0,3476050.0,3321370.0,1165250.0,8.47404e-07,0.000236355,0.00150259,0.0,0.00126985,0.00126999,0.00127211,629.658,0.000232667
12.145,6706740.0,3491260.0,3335590.0,1165630.0,8.47388e-07,0.000226674,0.00149704,0.0,0.0012739,0.00127404,0.00127618,629.995,0.000233833
12.15,6706640.0,3506490.0,3349820.0,1166010.0,8.47381e-07,0.00022263,0.00149708,0.0,0.00127796,0.0012781,0.00128025,631.025,0.000235
12.155,6706710.0,3521710.0,3364050.0,1166380.0,8.47386e-07,0.000225232,0.0015037,0.0,0.00128199,0.00128213,0.00128431,631.025,0.000236167
12.16,6706660.0,3536840.0,3378190.0,1166760.0,8.47383e-07,0.000223412,0.0015059,0.0,0.00128599,0.00128613,0.00128833,625.504,0.000237333
12.165,6705630.0,3551460.0,3391860.0,1167120.0,8.47319e-07,0.000184037,0.00147066,0.0,0.00128984,0.00128999,0.0012922,626.408,0.0002385
12.17,6705530.0,3566430.0,3405860.0,1167490.0,8.47312e-07,0.000180106,0.0014707,0.0,0.00129378,0.00129393,0.00129616,629.162,0.000239667
12.175,6705890.0,3581530.0,3419970.0,1167860.0,8.47335e-07,0.000193886,0.00148834,0.0,0.00129773,0.00129788,0.00130013,629.162,0.000240833
12.18,6705940.0,3596450.0,3433920.0,1168220.0,8.47338e-07,0.000195807,0.00149415,0.0,0.00130163,0.00130178,0.00130405,631.39,0.000242
12.185,6706210.0,3611390.0,3447880.0,1168580.0,8.47355e-07,0.00020626,0.00150842,0.0,0.00130552,0.00130567,0.00130796,631.444,0.000243167
12.19,6706110.0,3626120.0,3461650.0,1168940.0,8.47349e-07,0.000202439,0.00150846,0.0,0.00130935,0.0013095,0.00131181,631.61,0.000244333
12.195,6706040.0,3640780.0,3475350.0,1169290.0,8.47344e-07,0.000199718,0.00150956,0.0,0.00131314,0.00131329,0.00131562,631.61,0.0002455
12.2,6705950.0,3655380.0,3489000.0,1169640.0,8.47339e-07,0.0001963,0.00150994,0.0,0.00131691,0.00131707,0.00131942,628.015,0.000246667
12.205,6705260.0,3669630.0,3502320.0,1169990.0,8.47295e-07,0.000169508,0.00148701,0.0,0.00132058,0.00132074,0.0013231,628.695,0.000247833
12.21,6705160.0,3684100.0,3515840.0,1170330.0,8.47289e-07,0.000165795,0.00148705,0.0,0.0013243,0.00132446,0.00132684,630.768,0.000249
12.215,6705410.0,3698650.0,3529440.0,1170680.0,8.47305e-07,0.000175417,0.00150033,0.0,0.00132802,0.00132818,0.00133058,630.768,0.000250167
12.22,6705430.0,3713040.0,3542900.0,1171020.0,8.47306e-07,0.000176118,0.00150471,0.0,0.0013317,0.00133186,0.00133428,626.271,0.000251333
12.225,6704580.0,3726950.0,3555900.0,1171350.0,8.47253e-07,0.000143644,0.00147601,0.0,0.00133524,0.0013354,0.00133784,626.419,0.0002525
12.23,6704490.0,3741170.0,3569190.0,1171680.0,8.47247e-07,0.000140036,0.00147605,0.0,0.00133886,0.00133902,0.00134148,626.87,0.000253667
12.235,6704470.0,3755330.0,3582420.0,1172010.0,8.47246e-07,0.000139356,0.00147896,0.0,0.00134244,0.00134261,0.00134508,626.87,0.000254833
12.24,6704400.0,3769430.0,3595600.0,1172340.0,8.47242e-07,0.000136749,0.00147995,0.0,0.00134601,0.00134617,0.00134867,630.401,0.000256
12.245,6704900.0,3783710.0,3608950.0,1172670.0,8.47273e-07,0.000155876,0.00150254,0.0,0.00134961,0.00134977,0.00135229,630.586,0.000257167
12.25,6704810.0,3797660.0,3621990.0,1173000.0,8.47267e-07,0.00015237,0.00150258,0.0,0.00135312,0.00135328,0.00135582,631.149,0.000258333
12.255,6704810.0,3811580.0,3635000.0,1173320.0,8.47268e-07,0.000152514,0.00150622,0.0,0.0013566,0.00135677,0.00135932,631.149,0.0002595
12.26,6704750.0,3825420.0,3647940.0,1173640.0,8.47264e-07,0.000150244,0.00150743,0.0,0.00136007,0.00136024,0.00136281,630.4,0.000260667
12.265,6704540.0,3839100.0,3660720.0,1173950.0,8.4725e-07,0.000142013,0.00150268,0.0,0.00136348,0.00136365,0.00136624,629.349,0.000261833
12.27,6704450.0,3852800.0,3673530.0,1174270.0,8.47245e-07,0.000138606,0.00150271,0.0,0.00136689,0.00136706,0.00136967,626.145,0.000263
12.275,6703830.0,3866150.0,3686000.0,1174570.0,8.47206e-07,0.000114675,0.00148227,0.0,0.0013702,0.00137038,0.001373,626.145,0.000264167
12.28,6703560.0,3879620.0,3698600.0,1174880.0,8.4719e-07,0.000104575,0.00147558,0.0,0.00137355,0.00137372,0.00137636,626.21,0.000265333
12.285,6703490.0,3893110.0,3711200.0,1175180.0,8.47185e-07,0.000101669,0.00147603,0.0,0.00137688,0.00137705,0.00137971,625.951,0.0002665
12.29,6703400.0,3906540.0,3723760.0,1175490.0,8.4718e-07,9.83589e-05,0.00147607,0.0,0.00138019,0.00138037,0.00138305,625.16,0.000267667
12.295,6703190.0,3919820.0,3736170.0,1175790.0,8.47166e-07,9.0005e-05,0.00147104,0.0,0.00138346,0.00138363,0.00138633,625.16,0.000268833
12.3,6703060.0,3933110.0,3748590.0,1176080.0,8.47158e-07,8.50774e-05,0.00146942,0.0,0.00138672,0.0013869,0.00138961,631.763,0.00027
12.305,6704080.0,3946880.0,3761460.0,1176390.0,8.47222e-07,0.000124204,0.00151165,0.0,0.00139009,0.00139027,0.001393,629.815,0.000271167
12.31,6703990.0,3960060.0,3773780.0,1176690.0,8.47216e-07,0.000120987,0.00151168,0.0,0.00139331,0.00139349,0.00139624,623.876,0.000272333
12.315,6702920.0,3972640.0,3785540.0,1176970.0,8.47149e-07,7.97069e-05,0.00147376,0.0,0.00139637,0.00139656,0.00139933,623.876,0.0002735
12.32,6702510.0,3985520.0,3797570.0,1177250.0,8.47124e-07,6.40414e-05,0.00146135,0.0,0.00139951,0.00139969,0.00140248,628.463,0.000274667
12.325,6703190.0,3998880.0,3810050.0,1177550.0,8.47166e-07,9.03239e-05,0.00149069,0.0,0.00140275,0.00140293,0.00140574,628.274,0.000275833
12.33,6703110.0,4011790.0,3822130.0,1177830.0,8.47161e-07,8.71984e-05,0.00149072,0.0,0.00140587,0.00140606,0.00140888,627.698,0.000277
12.335,6702940.0,4024570.0,3834070.0,1178120.0,8.4715e-07,8.0406e-05,0.00148707,0.0,0.00140896,0.00140915,0.00141199,627.698,0.000278167
12.34,6702820.0,4037340.0,3846000.0,1178400.0,8.47143e-07,7.61126e-05,0.00148589,0.0,0.00141204,0.00141223,0.00141509,624.685,0.000279333
12.345,6702240.0,4049780.0,3857630.0,1178670.0,8.47107e-07,5.37371e-05,0.00146667,0.0,0.00141503,0.00141522,0.0014181,625.872,0.0002805
12.35,6702160.0,4062430.0,3869460.0,1178950.0,8.47102e-07,5.07001e-05,0.0014667,0.0,0.00141807,0.00141826,0.00142115,629.492,0.000281667
12.355,6702690.0,4075330.0,3881510.0,1179230.0,8.47135e-07,7.0906e-05,0.00148986,0.0,0.00142116,0.00142135,0.00142426,629.492,0.000282833
12.36,6702810.0,4087960.0,3893310.0,1179500.0,8.47142e-07,7.55264e-05,0.00149748,0.0,0.00142418,0.00142437,0.0014273,630.348,0.000284
12.365,6702870.0,4100480.0,3905020.0,1179770.0,8.47147e-07,7.80565e-05,0.00150298,0.0,0.00142716,0.00142736,0.0014303,629.22,0.000285167
12.37,6702800.0,4112880.0,3916610.0,1180040.0,8.47142e-07,7.51051e-05,0.00150301,0.0,0.00143012,0.00143031,0.00143328,625.781,0.000286333
12.375,6702150.0,4124890.0,3927830.0,1180300.0,8.47101e-07,5.01191e-05,0.00148106,0.0,0.00143297,0.00143317,0.00143615,625.781,0.0002875
12.38,6701880.0,4137060.0,3939200.0,1180560.0,8.47085e-07,3.99733e-05,0.00147388,0.0,0.00143586,0.00143605,0.00143905,629.014,0.000288667
12.385,6702350.0,4149550.0,3950870.0,1180830.0,8.47114e-07,5.7833e-05,0.00149457,0.0,0.00143881,0.00143901,0.00144202,628.64,0.000289833
12.39,6702270.0,4161690.0,3962220.0,1181090.0,8.47109e-07,5.49649e-05,0.0014946,0.0,0.00144168,0.00144188,0.00144491,627.497,0.000291
12.395,6702010.0,4173650.0,3973400.0,1181340.0,8.47092e-07,4.47981e-05,0.00148733,0.0,0.0014445,0.0014447,0.00144775,627.497,0.000292167
12.4,6701870.0,4185640.0,3984600.0,1181600.0,8.47084e-07,3.95679e-05,0.00148496,0.0,0.00144732,0.00144752,0.00145059,627.228,0.000293333
12.405,6701750.0,4197550.0,3995730.0,1181850.0,8.47077e-07,3.50385e-05,0.00148327,0.0,0.00145011,0.00145032,0.0014534,627.602,0.0002945
12.41,6701680.0,4209440.0,4006850.0,1182100.0,8.47072e-07,3.22515e-05,0.0014833,0.0,0.0014529,0.00145311,0.00145621,628.744,0.000295667
12.415,6701800.0,4221360.0,4017990.0,1182350.0,8.47079e-07,3.68142e-05,0.00149062,0.0,0.00145569,0.00145589,0.00145901,628.744,0.000296833
12.42,6701790.0,4233170.0,4029020.0,1182600.0,8.47079e-07,3.64685e-05,0.00149304,0.0,0.00145845,0.00145865,0.00146179,632.151,0.000298
12.425,6702290.0,4245170.0,4040240.0,1182860.0,8.4711e-07,5.55941e-05,0.00151484,0.0,0.00146124,0.00146145,0.0014646,631.453,0.000299167
12.43,6702220.0,4256820.0,4051120.0,1183100.0,8.47106e-07,5.28851e-05,0.00151487,0.0,0.00146395,0.00146416,0.00146733,629.324,0.000300333
12.435,6701790.0,4268180.0,4061740.0,1183340.0,8.47079e-07,3.65521e-05,0.00150129,0.0,0.00146659,0.0014668,0.00146998,629.324,0.0003015
12.44,6701600.0,4279640.0,4072450.0,1183580.0,8.47067e-07,2.94059e-05,0.00149686,0.0,0.00146925,0.00146946,0.00147266,629.11,0.000302667
12.445,6701480.0,4291050.0,4083120.0,1183810.0,8.4706e-07,2.53904e-05,0.00149552,0.0,0.00147189,0.0014721,0.00147531,628.849,0.000303833
12.45,6701400.0,4302440.0,4093760.0,1184050.0,8.47055e-07,2.27639e-05,0.00149555,0.0,0.00147452,0.00147473,0.00147796,628.053,0.000305
12.455,6701120.0,4313640.0,4104220.0,1184280.0,8.47037e-07,1.50932e-05,0.00149052,0.0,0.0014771,0.00147731,0.00148056,628.053,0.000306167
12.46,6700950.0,4324860.0,4114710.0,1184510.0,8.47026e-07,1.08542e-05,0.0014889,0.0,0.00147968,0.0014799,0.00148316,631.092,0.000307333
12.465,6701550.0,4336440.0,4125530.0,1184750.0,8.47064e-07,2.76942e-05,0.00150829,0.0,0.00148234,0.00148256,0.00148584,630.798,0.0003085
12.47,6701480.0,4347590.0,4135950.0,1184980.0,8.47059e-07,2.51394e-05,0.00150832,0.0,0.0014849,0.00148512,0.00148842,629.902,0.000309667
12.475,6701190.0,4358540.0,4146190.0,1185210.0,8.47041e-07,1.68937e-05,0.00150265,0.0,0.00148741,0.00148763,0.00149094,629.902,0.000310833
12.48,6701020.0,4369520.0,4156440.0,1185430.0,8.47031e-07,1.25116e-05,0.00150081,0.0,0.00148992,0.00149014,0.00149347,630.543,0.000312
12.485,6701090.0,4380550.0,4166760.0,1185660.0,8.47035e-07,1.41118e-05,0.00150493,0.0,0.00149244,0.00149266,0.001496,630.222,0.000313167
12.49,6700990.0,4391450.0,4176940.0,1185880.0,8.47029e-07,1.16449e-05,0.00150497,0.0,0.00149492,0.00149514,0.0014985,629.242,0.000314333
12.495,6700150.0,4401830.0,4186640.0,1186090.0,8.46976e-07,3.21321e-06,0.00149896,0.0,0.00149728,0.0014975,0.00150088,629.242,0.0003155
12.5,6695920.0,4410160.0,4194430.0,1186260.0,8.46712e-07,8.38942e-07,0.00149851,0.0,0.00149917,0.0014994,0.00150278,623.888,0.000316667
12.505,6624420.0,4378550.0,4164880.0,1185620.0,8.42235e-07,8.34441e-07,0.00149135,0.0,0.00149198,0.0014922,0.00149554,625.268,0.000317833
12.51,6619750.0,4386350.0,4172170.0,1185780.0,8.41942e-07,8.34146e-07,0.00149314,0.0,0.00149376,0.00149398,0.00149733,629.476,0.000319
12.515,6667550.0,4425370.0,4208640.0,1186570.0,8.44937e-07,8.37158e-07,0.00150198,0.0,0.00150261,0.00150284,0.00150625,629.476,0.000320167
12.52,6680130.0,4443400.0,4225490.0,1186940.0,8.45726e-07,8.3795e-07,0.00150607,0.0,0.0015067,0.00150693,0.00151036,630.029,0.000321333
12.525,6682440.0,4455270.0,4236580.0,1187170.0,8.4587e-07,8.38096e-07,0.00150876,0.0,0.00150938,0.00150961,0.00151306,629.761,0.0003225
12.53,6677880.0,4462980.0,4243780.0,1187330.0,8.45585e-07,8.37809e-07,0.0015105,0.0,0.00151112,0.00151135,0.00151481,628.946,0.000323667
12.535,6663220.0,4464480.0,4245190.0,1187360.0,8.44667e-07,8.36887e-07,0.00151086,0.0,0.00151146,0.00151168,0.00151515,628.946,0.000324833
12.54,6655410.0,4470060.0,4250400.0,1187470.0,8.44179e-07,8.36395e-07,0.00151212,0.0,0.00151271,0.00151294,0.00151642,622.418,0.000326
12.545,6569930.0,4428340.0,4211420.0,1186630.0,8.38807e-07,8.30994e-07,0.00150275,0.0,0.00150329,0.00150352,0.00150693,624.583,0.000327167
12.55,6565560.0,4435700.0,4218290.0,1186780.0,8.38532e-07,8.30717e-07,0.00150443,0.0,0.00150496,0.00150519,0.00150861,631.185,0.000328333
12.555,6643130.0,4493090.0,4271920.0,1187930.0,8.43405e-07,8.35617e-07,0.00151731,0.0,0.00151787,0.0015181,0.00152161,631.185,0.0003295
12.56,6665660.0,4516890.0,4294160.0,1188410.0,8.4482e-07,8.3704e-07,0.00152265,0.0,0.00152321,0.00152345,0.00152699,627.508,0.000330667
12.565,6615740.0,4496210.0,4274840.0,1188000.0,8.4169e-07,8.33893e-07,0.00151805,0.0,0.00151858,0.00151882,0.00152233,627.987,0.000331833
12.57,6611480.0,4503470.0,4281620.0,1188140.0,8.41423e-07,8.33624e-07,0.00151968,0.0,0.00152021,0.00152044,0.00152397,629.446,0.000333
12.575,6625330.0,4521840.0,4298790.0,1188510.0,8.42292e-07,8.34499e-07,0.00152379,0.0,0.00152432,0.00152455,0.0015281,629.446,0.000334167
12.58,6627050.0,4532680.0,4308920.0,1188720.0,8.42401e-07,8.34607e-07,0.00152622,0.0,0.00152674,0.00152697,0.00153054,626.528,0.000335333
12.585,6586780.0,4517360.0,4294600.0,1188420.0,8.39869e-07,8.32062e-07,0.00152282,0.0,0.00152332,0.00152355,0.0015271,627.217,0.0003365
12.59,6582650.0,4524400.0,4301180.0,1188560.0,8.39609e-07,8.31801e-07,0.00152441,0.0,0.00152489,0.00152512,0.00152868,629.317,0.000337667
12.595,6604530.0,4547630.0,4322880.0,1189020.0,8.40986e-07,8.33185e-07,0.00152958,0.0,0.00153006,0.0015303,0.00153389,629.317,0.000338833
12.6,6608980.0,4559930.0,4334390.0,1189260.0,8.41265e-07,8.33466e-07,0.00153232,0.0,0.0015328,0.00153304,0.00153665,624.713,0.00034
12.605,6548090.0,4531120.0,4307460.0,1188690.0,8.3743e-07,8.29609e-07,0.00152594,0.0,0.00152639,0.00152662,0.00153019,626.629,0.000341167
12.61,6544100.0,4537940.0,4313830.0,1188830.0,8.37178e-07,8.29356e-07,0.00152747,0.0,0.00152791,0.00152815,0.00153172,632.471,0.000342333
12.615,6612240.0,4590310.0,4362770.0,1189860.0,8.41467e-07,8.33668e-07,0.00153906,0.0,0.00153952,0.00153976,0.00154341,632.471,0.0003435
12.62,6631930.0,4612090.0,4383130.0,1190290.0,8.42707e-07,8.34915e-07,0.00154388,0.0,0.00154434,0.00154459,0.00154827,631.827,0.000344667
12.625,6620060.0,4613840.0,4384760.0,1190320.0,8.41961e-07,8.34166e-07,0.00154428,0.0,0.00154473,0.00154497,0.00154866,630.568,0.000345833
12.63,6616150.0,4620600.0,4391080.0,1190450.0,8.41716e-07,8.33919e-07,0.00154578,0.0,0.00154622,0.00154646,0.00155016,626.726,0.000347
12.635,6564960.0,4597040.0,4369060.0,1189990.0,8.38492e-07,8.30677e-07,0.00154061,0.0,0.00154102,0.00154126,0.00154492,626.726,0.000348167
12.64,6545610.0,4593730.0,4365960.0,1189930.0,8.37273e-07,8.29451e-07,0.00153989,0.0,0.00154029,0.00154053,0.00154419,627.696,0.000349333
12.645,6553760.0,4607910.0,4379220.0,1190210.0,8.37788e-07,8.29969e-07,0.00154303,0.0,0.00154342,0.00154366,0.00154734,627.092,0.0003505
12.65,6549990.0,4614420.0,4385300.0,1190330.0,8.3755e-07,8.2973e-07,0.00154447,0.0,0.00154486,0.0015451,0.00154879,625.248,0.000351667
12.655,6523610.0,4606240.0,4377660.0,1190170.0,8.35882e-07,8.28053e-07,0.00154268,0.0,0.00154305,0.0015433,0.00154697,625.248,0.000352833
12.66,6512480.0,4607830.0,4379150.0,1190200.0,8.35178e-07,8.27345e-07,0.00154305,0.0,0.0015434,0.00154365,0.00154733,629.117,0.000354
12.665,6556330.0,4644980.0,4413860.0,1190930.0,8.3795e-07,8.30132e-07,0.00155121,0.0,0.00155158,0.00155182,0.00155556,627.995,0.000355167
12.67,6552670.0,4651340.0,4419800.0,1191050.0,8.37719e-07,8.299e-07,0.00155261,0.0,0.00155297,0.00155322,0.00155696,624.574,0.000356333
12.675,6507080.0,4630260.0,4400110.0,1190640.0,8.34835e-07,8.27e-07,0.00154801,0.0,0.00154834,0.00154859,0.0015523,624.574,0.0003575
12.68,6489730.0,4627510.0,4397530.0,1190590.0,8.33737e-07,8.25896e-07,0.00154742,0.0,0.00154774,0.00154798,0.00155169,627.248,0.000358667
12.685,6518960.0,4655120.0,4423340.0,1191130.0,8.35588e-07,8.27757e-07,0.00155348,0.0,0.0015538,0.00155405,0.0015578,626.898,0.000359833
12.69,6515420.0,4661280.0,4429090.0,1191240.0,8.35364e-07,8.27532e-07,0.00155483,0.0,0.00155515,0.0015554,0.00155916,625.83,0.000361
12.695,6498830.0,4658770.0,4426750.0,1191200.0,8.34314e-07,8.26476e-07,0.0015543,0.0,0.0015546,0.00155485,0.0015586,625.83,0.000362167
12.7,6491060.0,4662010.0,4429770.0,1191260.0,8.33821e-07,8.2598e-07,0.00155502,0.0,0.00155531,0.00155556,0.00155932,629.38,0.000363333
12.705,6531070.0,4696750.0,4462230.0,1191930.0,8.36354e-07,8.28528e-07,0.00156259,0.0,0.0015629,0.00156315,0.00156696,630.863,0.0003645
12.71,6527620.0,4702780.0,4467870.0,1192050.0,8.36137e-07,8.28309e-07,0.00156391,0.0,0.00156421,0.00156446,0.00156828,635.383,0.000365667
12.715,6579580.0,4745560.0,4507850.0,1192860.0,8.39414e-07,8.31604e-07,0.00157318,0.0,0.00157349,0.00157374,0.00157763,635.383,0.000366833
12.72,6594330.0,4763640.0,4524750.0,1193210.0,8.40344e-07,8.32539e-07,0.0015771,0.0,0.0015774,0.00157766,0.00158158,627.765,0.000368
12.725,6497720.0,4707430.0,4472220.0,1192140.0,8.34243e-07,8.26405e-07,0.00156496,0.0,0.00156522,0.00156547,0.0015693,627.856,0.000369167
12.73,6494380.0,4713280.0,4477680.0,1192250.0,8.34032e-07,8.26192e-07,0.00156624,0.0,0.00156649,0.00156675,0.00157059,628.131,0.000370333
12.735,6494440.0,4721330.0,4485200.0,1192400.0,8.34035e-07,8.26196e-07,0.00156799,0.0,0.00156824,0.0015685,0.00157235,628.131,0.0003715
12.74,6492250.0,4727840.0,4491290.0,1192530.0,8.33897e-07,8.26056e-07,0.00156941,0.0,0.00156966,0.00156991,0.00157377,631.056,0.000372667
12.745,6524710.0,4757610.0,4519110.0,1193100.0,8.35952e-07,8.28124e-07,0.00157585,0.0,0.0015761,0.00157636,0.00158027,630.927,0.000373833
12.75,6521460.0,4763350.0,4524470.0,1193200.0,8.35747e-07,8.27917e-07,0.0015771,0.0,0.00157734,0.0015776,0.00158152,630.534,0.000375
12.755,6513430.0,4765790.0,4526750.0,1193250.0,8.35238e-07,8.27406e-07,0.00157764,0.0,0.00157787,0.00157813,0.00158205,630.534,0.000376167
12.76,6508650.0,4770380.0,4531040.0,1193340.0,8.34936e-07,8.27101e-07,0.00157864,0.0,0.00157886,0.00157912,0.00158304,627.502,0.000377333
12.765,6468520.0,4750900.0,4512830.0,1192970.0,8.32391e-07,8.24542e-07,0.00157445,0.0,0.00157465,0.00157491,0.0015788,628.279,0.0003785
12.77,6465380.0,4756440.0,4518010.0,1193070.0,8.32191e-07,8.24341e-07,0.00157565,0.0,0.00157585,0.00157611,0.00158001,630.649,0.000379667
12.775,6491130.0,4781620.0,4541550.0,1193550.0,8.33825e-07,8.25984e-07,0.00158108,0.0,0.00158128,0.00158154,0.00158548,630.649,0.000380833
12.78,6497490.0,4793580.0,4552720.0,1193780.0,8.34229e-07,8.2639e-07,0.00158366,0.0,0.00158385,0.00158412,0.00158808,630.442,0.000382
12.785,6491890.0,4797320.0,4556210.0,1193850.0,8.33874e-07,8.26033e-07,0.00158447,0.0,0.00158466,0.00158492,0.00158889,630.329,0.000383167
12.79,6488820.0,4802760.0,4561290.0,1193950.0,8.33679e-07,8.25838e-07,0.00158565,0.0,0.00158583,0.00158609,0.00159006,629.982,0.000384333
12.795,6481570.0,4805250.0,4563620.0,1194000.0,8.33219e-07,8.25375e-07,0.00158619,0.0,0.00158636,0.00158662,0.0015906,629.982,0.0003855
12.8,6477170.0,4809660.0,4567740.0,1194080.0,8.3294e-07,8.25094e-07,0.00158715,0.0,0.00158731,0.00158757,0.00159156,630.087,0.000386667
12.805,6475450.0,4815850.0,4573520.0,1194200.0,8.32831e-07,8.24985e-07,0.00158848,0.0,0.00158863,0.0015889,0.00159289,630.078,0.000387833
12.81,6472480.0,4821140.0,4578470.0,1194300.0,8.32642e-07,8.24795e-07,0.00158962,0.0,0.00158977,0.00159003,0.00159404,630.052,0.000389
12.815,6469210.0,4826160.0,4583160.0,1194390.0,8.32435e-07,8.24586e-07,0.00159071,0.0,0.00159084,0.00159111,0.00159512,630.052,0.000390167
12.82,6466170.0,4831300.0,4587970.0,1194490.0,8.32242e-07,8.24392e-07,0.00159181,0.0,0.00159194,0.00159221,0.00159623,630.498,0.000391333
12.825,6468690.0,4840250.0,4596330.0,1194660.0,8.32401e-07,8.24553e-07,0.00159373,0.0,0.00159386,0.00159412,0.00159816,629.447,0.0003925
12.83,6465790.0,4845410.0,4601150.0,1194760.0,8.32218e-07,8.24368e-07,0.00159484,0.0,0.00159496,0.00159523,0.00159927,626.242,0.000393667
12.835,6424060.0,4823360.0,4580550.0,1194340.0,8.29561e-07,8.21696e-07,0.00159015,0.0,0.00159024,0.00159051,0.00159452,626.242,0.000394833
12.84,6408480.0,4819510.0,4576950.0,1194270.0,8.28568e-07,8.20698e-07,0.00158933,0.0,0.00158942,0.00158968,0.00159369,626.639,0.000396
12.845,6410480.0,4827870.0,4584760.0,1194430.0,8.28696e-07,8.20826e-07,0.00159113,0.0,0.00159121,0.00159148,0.00159549,626.71,0.000397167
12.85,6407690.0,4832850.0,4589410.0,1194520.0,8.28518e-07,8.20647e-07,0.0015922,0.0,0.00159227,0.00159254,0.00159656,626.926,0.000398333
12.855,6407530.0,4839620.0,4595740.0,1194650.0,8.28508e-07,8.20637e-07,0.00159366,0.0,0.00159372,0.00159399,0.00159802,626.926,0.0003995
12.86,6405640.0,4845140.0,4600900.0,1194750.0,8.28387e-07,8.20515e-07,0.00159484,0.0,0.0015949,0.00159517,0.00159921,628.736,0.000400667
12.865,6424810.0,4865480.0,4619900.0,1195130.0,8.2961e-07,8.21745e-07,0.00159918,0.0,0.00159924,0.00159951,0.00160358,628.05,0.000401833
12.87,6422080.0,4870350.0,4624450.0,1195220.0,8.29436e-07,8.2157e-07,0.00160022,0.0,0.00160028,0.00160055,0.00160463,625.958,0.000403
12.875,6394100.0,4857250.0,4612220.0,1194980.0,8.2765e-07,8.19774e-07,0.00159745,0.0,0.00159749,0.00159775,0.00160181,625.958,0.000404167
12.88,6383130.0,4856160.0,4611200.0,1194960.0,8.26949e-07,8.1907e-07,0.00159722,0.0,0.00159725,0.00159752,0.00160158,627.685,0.000405333
12.885,6401330.0,4875730.0,4629480.0,1195320.0,8.28112e-07,8.20239e-07,0.00160139,0.0,0.00160142,0.00160169,0.00160578,628.255,0.0004065
12.89,6398690.0,4880460.0,4633900.0,1195410.0,8.27944e-07,8.2007e-07,0.0016024,0.0,0.00160243,0.0016027,0.00160679,629.992,0.000407667
12.895,6417050.0,4900140.0,4652290.0,1195780.0,8.29115e-07,8.21248e-07,0.00160658,0.0,0.0016066,0.00160688,0.001611,629.992,0.000408833
12.9,6421320.0,4909750.0,4661270.0,1195960.0,8.29387e-07,8.21522e-07,0.00160862,0.0,0.00160864,0.00160891,0.00161306,632.043,0.00041
12.905,6443510.0,4932160.0,4682210.0,1196370.0,8.30801e-07,8.22943e-07,0.00161336,0.0,0.00161338,0.00161365,0.00161783,630.878,0.000411167
12.91,6440920.0,4936830.0,4686570.0,1196460.0,8.30636e-07,8.22777e-07,0.00161435,0.0,0.00161436,0.00161464,0.00161882,627.324,0.000412333
12.915,6395480.0,4910630.0,4662090.0,1195970.0,8.27737e-07,8.19862e-07,0.00160883,0.0,0.00160882,0.0016091,0.00161324,627.324,0.0004135
12.92,6378880.0,4905090.0,4656910.0,1195870.0,8.26678e-07,8.18796e-07,0.00160767,0.0,0.00160765,0.00160793,0.00161206,627.158,0.000414667
12.925,6374370.0,4908150.0,4659780.0,1195930.0,8.26389e-07,8.18506e-07,0.00160833,0.0,0.0016083,0.00160858,0.00161271,627.297,0.000415833
12.93,6371870.0,4912650.0,4663980.0,1196010.0,8.26229e-07,8.18345e-07,0.00160928,0.0,0.00160925,0.00160953,0.00161367,627.723,0.000417
12.935,6374520.0,4920810.0,4671610.0,1196160.0,8.26399e-07,8.18516e-07,0.00161102,0.0,0.00161098,0.00161126,0.00161541,627.723,0.000418167
12.94,6373740.0,4926470.0,4676890.0,1196270.0,8.26349e-07,8.18466e-07,0.00161222,0.0,0.00161218,0.00161245,0.00161662,625.077,0.000419333
12.945,6339460.0,4907770.0,4659420.0,1195920.0,8.24153e-07,8.16257e-07,0.00160828,0.0,0.00160822,0.0016085,0.00161263,626.096,0.0004205
12.95,6337040.0,4912120.0,4663490.0,1196000.0,8.23998e-07,8.16101e-07,0.00160921,0.0,0.00160914,0.00160942,0.00161356,629.203,0.000421667
12.955,6372010.0,4943660.0,4692960.0,1196580.0,8.26237e-07,8.18353e-07,0.00161586,0.0,0.0016158,0.00161608,0.00162027,629.203,0.000422833
12.96,6381860.0,4956920.0,4705350.0,1196830.0,8.26869e-07,8.18988e-07,0.00161866,0.0,0.0016186,0.00161888,0.00162309,628.006,0.000424
12.965,6365090.0,4950720.0,4699550.0,1196710.0,8.25795e-07,8.17909e-07,0.00161736,0.0,0.00161729,0.00161757,0.00162177,628.413,0.000425167
12.97,6362720.0,4954990.0,4703550.0,1196790.0,8.25644e-07,8.17757e-07,0.00161827,0.0,0.00161819,0.00161847,0.00162268,629.655,0.000426333
12.975,6375300.0,4970170.0,4717730.0,1197070.0,8.26448e-07,8.18566e-07,0.00162146,0.0,0.00162138,0.00162166,0.0016259,629.655,0.0004275
12.98,6377850.0,4977990.0,4725040.0,1197220.0,8.26612e-07,8.1873e-07,0.00162311,0.0,0.00162303,0.00162331,0.00162756,624.516,0.000428667
12.985,6313830.0,4936860.0,4686600.0,1196460.0,8.22508e-07,8.14602e-07,0.00161448,0.0,0.00161437,0.00161465,0.00161883,625.0,0.000429833
12.99,6311550.0,4940990.0,4690460.0,1196540.0,8.2236e-07,8.14454e-07,0.00161536,0.0,0.00161524,0.00161552,0.00161971,626.475,0.000431
12.995,6326970.0,4958140.0,4706490.0,1196850.0,8.23351e-07,8.15451e-07,0.00161897,0.0,0.00161885,0.00161913,0.00162335,626.475,0.000432167
13.0,6330510.0,4966510.0,4714310.0,1197010.0,8.23579e-07,8.15679e-07,0.00162074,0.0,0.00162062,0.0016209,0.00162512,627.553,0.000433333
13.005,6341190.0,4980140.0,4727040.0,1197260.0,8.24264e-07,8.16369e-07,0.0016236,0.0,0.00162348,0.00162376,0.00162801,627.954,0.0004345
13.01,6338960.0,4984200.0,4730840.0,1197330.0,8.24121e-07,8.16224e-07,0.00162446,0.0,0.00162433,0.00162461,0.00162887,629.175,0.000435667
13.015,6351380.0,4999100.0,4744750.0,1197600.0,8.24917e-07,8.17026e-07,0.00162758,0.0,0.00162745,0.00162773,0.00163201,629.175,0.000436833
13.02,6353970.0,5006680.0,4751840.0,1197740.0,8.25083e-07,8.17193e-07,0.00162917,0.0,0.00162904,0.00162932,0.00163361,627.578,0.000438
13.025,6332640.0,4996440.0,4742280.0,1197550.0,8.23715e-07,8.15817e-07,0.00162704,0.0,0.00162689,0.00162718,0.00163145,627.436,0.000439167
13.03,6330460.0,5000410.0,4745980.0,1197630.0,8.23575e-07,8.15676e-07,0.00162787,0.0,0.00162772,0.00162801,0.00163229,627.003,0.000440333
13.035,6323110.0,5000470.0,4746040.0,1197630.0,8.23104e-07,8.15202e-07,0.00162789,0.0,0.00162774,0.00162802,0.0016323,627.003,0.0004415
13.04,6319270.0,5003110.0,4748500.0,1197680.0,8.22856e-07,8.14953e-07,0.00162845,0.0,0.00162829,0.00162857,0.00163286,627.957,0.000442667
13.045,6328560.0,5015520.0,4760110.0,1197900.0,8.23453e-07,8.15553e-07,0.00163105,0.0,0.00163088,0.00163117,0.00163548,628.106,0.000443833
13.05,6326440.0,5019390.0,4763720.0,1197970.0,8.23317e-07,8.15416e-07,0.00163186,0.0,0.00163169,0.00163198,0.00163629,628.56,0.000445
13.055,6329760.0,5027300.0,4771110.0,1198120.0,8.23531e-07,8.15631e-07,0.00163352,0.0,0.00163334,0.00163363,0.00163795,628.56,0.000446167
13.06,6329450.0,5032460.0,4775940.0,1198210.0,8.23511e-07,8.15611e-07,0.0016346,0.0,0.00163442,0.00163471,0.00163904,627.828,0.000447333
13.065,6318620.0,5029680.0,4773330.0,1198160.0,8.22815e-07,8.14912e-07,0.00163403,0.0,0.00163384,0.00163413,0.00163845,628.011,0.0004485
13.07,6316560.0,5033450.0,4776860.0,1198230.0,8.22683e-07,8.14778e-07,0.00163482,0.0,0.00163462,0.00163491,0.00163925,628.569,0.000449667
13.075,6321180.0,5042220.0,4785050.0,1198390.0,8.22979e-07,8.15077e-07,0.00163665,0.0,0.00163645,0.00163674,0.00164109,628.569,0.000450833
13.08,6321320.0,5047600.0,4790080.0,1198490.0,8.22989e-07,8.15086e-07,0.00163778,0.0,0.00163757,0.00163786,0.00164222,627.706,0.000452
13.085,6308990.0,5043510.0,4786260.0,1198410.0,8.22196e-07,8.14289e-07,0.00163693,0.0,0.00163672,0.00163701,0.00164136,627.88,0.000453167
13.09,6306980.0,5047190.0,4789700.0,1198480.0,8.22067e-07,8.14159e-07,0.0016377,0.0,0.00163749,0.00163777,0.00164213,628.41,0.000454333
13.095,6311320.0,5055640.0,4797590.0,1198630.0,8.22346e-07,8.14439e-07,0.00163946,0.0,0.00163924,0.00163953,0.0016439,628.41,0.0004555
13.1,6311400.0,5060850.0,4802460.0,1198730.0,8.22351e-07,8.14445e-07,0.00164055,0.0,0.00164032,0.00164062,0.00164499,624.2,0.000456667
13.105,6259220.0,5026300.0,4770180.0,1198100.0,8.1899e-07,8.11064e-07,0.00163338,0.0,0.00163313,0.00163342,0.00163774,625.301,0.000457833
13.11,6257280.0,5029860.0,4773500.0,1198170.0,8.18864e-07,8.10937e-07,0.00163413,0.0,0.00163388,0.00163416,0.00163849,628.658,0.000459
13.115,6295360.0,5063890.0,4805300.0,1198780.0,8.21318e-07,8.13406e-07,0.0016412,0.0,0.00164095,0.00164124,0.00164562,628.658,0.000460167
13.12,6306550.0,5077440.0,4817960.0,1199030.0,8.22039e-07,8.14131e-07,0.00164401,0.0,0.00164377,0.00164406,0.00164846,622.152,0.000461333
13.125,6227140.0,5021770.0,4765940.0,1198020.0,8.16917e-07,8.08978e-07,0.00163246,0.0,0.00163219,0.00163247,0.00163679,623.119,0.0004625
13.13,6225250.0,5025220.0,4769170.0,1198080.0,8.16794e-07,8.08855e-07,0.00163319,0.0,0.00163291,0.00163319,0.00163752,626.065,0.000463667
13.135,6258440.0,5055510.0,4797470.0,1198630.0,8.18938e-07,8.11012e-07,0.00163948,0.0,0.00163921,0.0016395,0.00164387,626.065,0.000464833
13.14,6268060.0,5067750.0,4808910.0,1198850.0,8.1956e-07,8.11638e-07,0.00164203,0.0,0.00164176,0.00164205,0.00164644,628.662,0.000466
13.145,6297120.0,5094910.0,4834290.0,1199340.0,8.21433e-07,8.13521e-07,0.00164766,0.0,0.00164738,0.00164768,0.00165211,629.034,0.000467167
13.15,6295260.0,5098340.0,4837490.0,1199400.0,8.21313e-07,8.134e-07,0.00164837,0.0,0.00164809,0.00164839,0.00165282,630.168,0.000468333
13.155,6306920.0,5112140.0,4850380.0,1199650.0,8.22063e-07,8.14155e-07,0.00165122,0.0,0.00165094,0.00165124,0.0016557,630.168,0.0004695
13.16,6309510.0,5118940.0,4856740.0,1199770.0,8.22229e-07,8.14322e-07,0.00165263,0.0,0.00165235,0.00165264,0.00165711,628.2,0.000470667
13.165,6284250.0,5104240.0,4843000.0,1199510.0,8.20604e-07,8.12687e-07,0.00164961,0.0,0.00164931,0.00164961,0.00165405,628.453,0.000471833
13.17,6282440.0,5107590.0,4846130.0,1199570.0,8.20487e-07,8.1257e-07,0.0016503,0.0,0.00165,0.0016503,0.00165475,629.227,0.000473
13.175,6289850.0,5118020.0,4855880.0,1199760.0,8.20964e-07,8.1305e-07,0.00165246,0.0,0.00165216,0.00165245,0.00165692,629.227,0.000474167
13.18,6291080.0,5123670.0,4861150.0,1199860.0,8.21043e-07,8.13129e-07,0.00165363,0.0,0.00165332,0.00165362,0.00165809,629.848,0.000475333
13.185,6296680.0,5132670.0,4869570.0,1200020.0,8.21404e-07,8.13492e-07,0.00165548,0.0,0.00165517,0.00165547,0.00165996,629.643,0.0004765
13.19,6294910.0,5135950.0,4872630.0,1200080.0,8.2129e-07,8.13378e-07,0.00165616,0.0,0.00165585,0.00165615,0.00166064,629.019,0.000477667
13.195,6285730.0,5133430.0,4870280.0,1200030.0,8.20699e-07,8.12783e-07,0.00165565,0.0,0.00165533,0.00165563,0.00166012,629.019,0.000478833
13.2,6281550.0,5134770.0,4871530.0,1200060.0,8.2043e-07,8.12512e-07,0.00165593,0.0,0.00165561,0.0016559,0.0016604,630.73,0.00048
13.205,6300150.0,5153810.0,4889320.0,1200400.0,8.21628e-07,8.13717e-07,0.00165985,0.0,0.00165952,0.00165982,0.00166435,630.718,0.000481167
13.21,6298420.0,5157020.0,4892320.0,1200450.0,8.21516e-07,8.13605e-07,0.00166051,0.0,0.00166018,0.00166048,0.00166501,630.681,0.000482333
13.215,6296270.0,5159860.0,4894970.0,1200510.0,8.21378e-07,8.13465e-07,0.0016611,0.0,0.00166076,0.00166106,0.0016656,630.681,0.0004835
13.22,6294410.0,5162910.0,4897820.0,1200560.0,8.21258e-07,8.13346e-07,0.00166173,0.0,0.00166139,0.00166169,0.00166623,630.013,0.000484667
13.225,6284790.0,5159850.0,4894960.0,1200510.0,8.20638e-07,8.12722e-07,0.00166111,0.0,0.00166076,0.00166106,0.0016656,629.418,0.000485833
13.23,6283100.0,5162980.0,4897880.0,1200560.0,8.2053e-07,8.12613e-07,0.00166175,0.0,0.0016614,0.0016617,0.00166624,627.605,0.000487
13.235,6259920.0,5149210.0,4885020.0,1200320.0,8.19034e-07,8.11109e-07,0.00165894,0.0,0.00165857,0.00165887,0.00166339,627.605,0.000488167
13.24,6251200.0,5146750.0,4882730.0,1200270.0,8.18472e-07,8.10543e-07,0.00165844,0.0,0.00165807,0.00165837,0.00166288,631.853,0.000489333
13.245,6299970.0,5189390.0,4922570.0,1201030.0,8.21616e-07,8.13705e-07,0.00166717,0.0,0.00166681,0.00166711,0.0016717,630.976,0.0004905
13.25,6298320.0,5192460.0,4925430.0,1201080.0,8.2151e-07,8.13598e-07,0.0016678,0.0,0.00166744,0.00166774,0.00167233,628.301,0.000491667
13.255,6264960.0,5170530.0,4904940.0,1200700.0,8.19359e-07,8.11435e-07,0.00166332,0.0,0.00166294,0.00166325,0.0016678,628.301,0.000492833
13.26,6252940.0,5165340.0,4900100.0,1200600.0,8.18584e-07,8.10656e-07,0.00166227,0.0,0.00166189,0.00166219,0.00166673,633.097,0.000494
13.265,6308200.0,5213180.0,4944790.0,1201450.0,8.22145e-07,8.14237e-07,0.00167204,0.0,0.00167166,0.00167197,0.00167659,631.456,0.000495167
13.27,6306590.0,5216190.0,4947600.0,1201500.0,8.22042e-07,8.14133e-07,0.00167266,0.0,0.00167228,0.00167258,0.00167721,626.452,0.000496333
13.275,6245710.0,5172290.0,4906590.0,1200730.0,8.18114e-07,8.10183e-07,0.0016637,0.0,0.0016633,0.0016636,0.00166816,626.452,0.0004975
13.28,6224680.0,5159850.0,4894960.0,1200510.0,8.16757e-07,8.08818e-07,0.00166117,0.0,0.00166076,0.00166106,0.0016656,631.043,0.000498667
13.285,6277480.0,5205810.0,4937910.0,1201320.0,8.20168e-07,8.12249e-07,0.00167056,0.0,0.00167016,0.00167047,0.00167508,631.204,0.000499833
13.29,6275920.0,5208730.0,4940640.0,1201370.0,8.20067e-07,8.12147e-07,0.00167116,0.0,0.00167076,0.00167106,0.00167568,631.693,0.000501
13.295,6280160.0,5216230.0,4947640.0,1201510.0,8.2034e-07,8.12422e-07,0.00167269,0.0,0.00167228,0.00167259,0.00167722,631.693,0.000502167
13.3,6280510.0,5220630.0,4951750.0,1201580.0,8.20363e-07,8.12445e-07,0.00167359,0.0,0.00167318,0.00167349,0.00167812,631.486,0.000503333
13.305,6276520.0,5221550.0,4952610.0,1201600.0,8.20106e-07,8.12186e-07,0.00167378,0.0,0.00167337,0.00167368,0.00167831,630.867,0.0005045
13.31,6274990.0,5224400.0,4955280.0,1201650.0,8.20007e-07,8.12087e-07,0.00167437,0.0,0.00167395,0.00167426,0.0016789,628.982,0.000505667
13.315,6251170.0,5209460.0,4941310.0,1201390.0,8.1847e-07,8.1054e-07,0.00167133,0.0,0.0016709,0.00167121,0.00167582,628.982,0.000506833
13.32,6242350.0,5206440.0,4938490.0,1201330.0,8.179e-07,8.09968e-07,0.00167072,0.0,0.00167029,0.00167059,0.0016752,626.159,0.000508
13.325,6207500.0,5182590.0,4916210.0,1200910.0,8.15645e-07,8.07699e-07,0.00166586,0.0,0.00166542,0.00166572,0.00167029,626.853,0.000509167
13.33,6206020.0,5185340.0,4918780.0,1200960.0,8.15549e-07,8.07602e-07,0.00166643,0.0,0.00166598,0.00166628,0.00167086,628.968,0.000510333
13.335,6229540.0,5208060.0,4940010.0,1201360.0,8.17071e-07,8.09134e-07,0.00167107,0.0,0.00167062,0.00167092,0.00167554,628.968,0.0005115
13.34,6236260.0,5217360.0,4948690.0,1201530.0,8.17507e-07,8.09572e-07,0.00167297,0.0,0.00167251,0.00167282,0.00167745,626.444,0.000512667
13.345,6205000.0,5196180.0,4928910.0,1201150.0,8.15482e-07,8.07535e-07,0.00166866,0.0,0.00166819,0.0016685,0.00167309,627.276,0.000513833
13.35,6203550.0,5198870.0,4931420.0,1201200.0,8.15389e-07,8.07441e-07,0.00166921,0.0,0.00166874,0.00166905,0.00167365,629.815,0.000515
13.355,6232090.0,5225620.0,4956420.0,1201670.0,8.17236e-07,8.093e-07,0.00167466,0.0,0.00167419,0.0016745,0.00167914,629.815,0.000516167
13.36,6240490.0,5236200.0,4966300.0,1201860.0,8.1778e-07,8.09847e-07,0.00167682,0.0,0.00167635,0.00167666,0.00168132,625.781,0.000517333
13.365,6191460.0,5200560.0,4933000.0,1201230.0,8.14604e-07,8.06652e-07,0.00166957,0.0,0.00166909,0.00166939,0.00167399,627.799,0.0005185
13.37,6190050.0,5203190.0,4935450.0,1201280.0,8.14513e-07,8.0656e-07,0.00167011,0.0,0.00166962,0.00166993,0.00167454,633.952,0.000519667
13.375,6261290.0,5264350.0,4992600.0,1202350.0,8.19119e-07,8.11193e-07,0.00168252,0.0,0.00168205,0.00168236,0.00168706,633.952,0.000520833
13.38,6283710.0,5286190.0,5013010.0,1202730.0,8.20569e-07,8.12652e-07,0.00168695,0.0,0.00168648,0.00168679,0.00169153,630.176,0.000522
13.385,6237720.0,5252820.0,4981830.0,1202150.0,8.17601e-07,8.09666e-07,0.00168021,0.0,0.00167972,0.00168004,0.00168472,630.293,0.000523167
13.39,6236330.0,5255420.0,4984260.0,1202200.0,8.17511e-07,8.09576e-07,0.00168074,0.0,0.00168025,0.00168056,0.00168525,630.65,0.000524333
13.395,6239170.0,5261410.0,4989850.0,1202300.0,8.17695e-07,8.09761e-07,0.00168196,0.0,0.00168146,0.00168178,0.00168648,630.65,0.0005255
13.4,6239180.0,5265090.0,4993300.0,1202370.0,8.17695e-07,8.09762e-07,0.00168271,0.0,0.00168221,0.00168252,0.00168723,628.839,0.000526667
13.405,6216470.0,5250340.0,4979510.0,1202110.0,8.16226e-07,8.08283e-07,0.00167973,0.0,0.00167922,0.00167953,0.00168421,629.427,0.000527833
13.41,6215120.0,5252870.0,4981880.0,1202150.0,8.16138e-07,8.08195e-07,0.00168024,0.0,0.00167973,0.00168005,0.00168473,631.221,0.000529
13.415,6234920.0,5272550.0,5000260.0,1202500.0,8.17419e-07,8.09484e-07,0.00168423,0.0,0.00168372,0.00168403,0.00168875,631.221,0.000530167
13.42,6240520.0,5280690.0,5007870.0,1202640.0,8.17782e-07,8.09848e-07,0.00168588,0.0,0.00168537,0.00168568,0.00169041,627.985,0.000531333
13.425,6201060.0,5252190.0,4981240.0,1202140.0,8.15227e-07,8.07279e-07,0.00168012,0.0,0.00167959,0.00167991,0.00168459,628.977,0.0005325
13.43,6199740.0,5254650.0,4983540.0,1202180.0,8.15142e-07,8.07193e-07,0.00168062,0.0,0.0016801,0.00168041,0.00168509,632.004,0.000533667
13.435,6234100.0,5286160.0,5012980.0,1202730.0,8.17365e-07,8.0943e-07,0.00168699,0.0,0.00168647,0.00168678,0.00169152,632.004,0.000534833
13.44,6244490.0,5298150.0,5024180.0,1202940.0,8.18038e-07,8.10106e-07,0.00168942,0.0,0.00168889,0.00168921,0.00169397,628.307,0.000536
13.445,6199640.0,5265070.0,4993270.0,1202370.0,8.15135e-07,8.07186e-07,0.00168274,0.0,0.00168221,0.00168252,0.00168722,628.41,0.000537167
13.45,6198360.0,5267490.0,4995530.0,1202410.0,8.15052e-07,8.07102e-07,0.00168324,0.0,0.0016827,0.00168301,0.00168772,628.725,0.000538333
13.455,6200780.0,5272910.0,5000600.0,1202500.0,8.15209e-07,8.0726e-07,0.00168434,0.0,0.00168379,0.00168411,0.00168882,628.725,0.0005395
13.46,6200720.0,5276290.0,5003760.0,1202560.0,8.15205e-07,8.07257e-07,0.00168503,0.0,0.00168448,0.00168479,0.00168951,632.93,0.000540667
13.465,6248970.0,5319200.0,5043850.0,1203310.0,8.18328e-07,8.10398e-07,0.00169368,0.0,0.00169313,0.00169345,0.00169825,632.578,0.000541833
13.47,6247710.0,5321590.0,5046080.0,1203350.0,8.18246e-07,8.10316e-07,0.00169416,0.0,0.00169362,0.00169393,0.00169873,631.502,0.000543
13.475,6233790.0,5313580.0,5038600.0,1203210.0,8.17347e-07,8.09411e-07,0.00169256,0.0,0.001692,0.00169232,0.0016971,631.502,0.000544167
13.48,6228390.0,5312530.0,5037620.0,1203190.0,8.16997e-07,8.09059e-07,0.00169235,0.0,0.00169179,0.00169211,0.00169689,631.391,0.000545333
13.485,6225840.0,5313800.0,5038810.0,1203220.0,8.16833e-07,8.08894e-07,0.00169261,0.0,0.00169205,0.00169237,0.00169715,631.356,0.0005465
13.49,6224610.0,5316130.0,5040980.0,1203260.0,8.16753e-07,8.08813e-07,0.00169308,0.0,0.00169252,0.00169284,0.00169762,631.247,0.000547667
13.495,6222110.0,5317390.0,5042160.0,1203280.0,8.16591e-07,8.0865e-07,0.00169334,0.0,0.00169277,0.00169309,0.00169788,631.247,0.000548833
13.5,6220470.0,5319350.0,5043990.0,1203310.0,8.16485e-07,8.08544e-07,0.00169374,0.0,0.00169316,0.00169348,0.00169828,635.34,0.00055
13.505,6267430.0,5361320.0,5083210.0,1204040.0,8.19519e-07,8.11596e-07,0.00170216,0.0,0.00170159,0.00170191,0.00170678,633.526,0.000551167
13.51,6266210.0,5363620.0,5085360.0,1204080.0,8.19441e-07,8.11518e-07,0.00170262,0.0,0.00170205,0.00170238,0.00170724,627.996,0.000552333
13.515,6199990.0,5312250.0,5037360.0,1203190.0,8.15154e-07,8.07205e-07,0.00169231,0.0,0.00169172,0.00169204,0.00169682,627.996,0.0005535
13.52,6177480.0,5296900.0,5023010.0,1202920.0,8.13696e-07,8.05739e-07,0.00168923,0.0,0.00168864,0.00168896,0.00169371,629.68,0.000554667
13.525,6196070.0,5315460.0,5040350.0,1203250.0,8.14904e-07,8.06953e-07,0.00169298,0.0,0.00169238,0.0016927,0.00169749,628.887,0.000555833
13.53,6194900.0,5317680.0,5042430.0,1203280.0,8.14828e-07,8.06877e-07,0.00169343,0.0,0.00169283,0.00169315,0.00169794,626.468,0.000557
13.535,6165360.0,5296390.0,5022540.0,1202910.0,8.12908e-07,8.04946e-07,0.00168914,0.0,0.00168854,0.00168885,0.00169361,626.468,0.000558167
13.54,6154890.0,5290870.0,5017380.0,1202820.0,8.12228e-07,8.04261e-07,0.00168803,0.0,0.00168742,0.00168774,0.00169249,628.613,0.000559333
13.545,6178890.0,5313880.0,5038880.0,1203220.0,8.13789e-07,8.05832e-07,0.00169267,0.0,0.00169206,0.00169238,0.00169717,628.306,0.0005605
13.55,6177750.0,5316040.0,5040900.0,1203260.0,8.13714e-07,8.05757e-07,0.00169311,0.0,0.0016925,0.00169282,0.00169761,627.373,0.000561667
13.555,6165660.0,5309100.0,5034420.0,1203140.0,8.12928e-07,8.04966e-07,0.00169172,0.0,0.0016911,0.00169142,0.0016962,627.373,0.000562833
13.56,6160940.0,5308260.0,5033630.0,1203120.0,8.12621e-07,8.04657e-07,0.00169155,0.0,0.00169093,0.00169125,0.00169602,627.517,0.000564
13.565,6161510.0,5311790.0,5036930.0,1203180.0,8.12659e-07,8.04695e-07,0.00169227,0.0,0.00169164,0.00169196,0.00169674,627.748,0.000565167
13.57,6160390.0,5313900.0,5038900.0,1203220.0,8.12586e-07,8.04621e-07,0.0016927,0.0,0.00169207,0.00169239,0.00169717,628.452,0.000566333
13.575,6167530.0,5322870.0,5047280.0,1203380.0,8.1305e-07,8.05088e-07,0.0016945,0.0,0.00169387,0.00169419,0.00169899,628.452,0.0005675
13.58,6169130.0,5327220.0,5051350.0,1203450.0,8.13154e-07,8.05193e-07,0.00169538,0.0,0.00169475,0.00169507,0.00169987,629.897,0.000568667
13.585,6184970.0,5343430.0,5066490.0,1203730.0,8.14183e-07,8.06228e-07,0.00169864,0.0,0.001698,0.00169833,0.00170316,629.475,0.000569833
13.59,6183870.0,5345510.0,5068440.0,1203770.0,8.14112e-07,8.06157e-07,0.00169906,0.0,0.00169842,0.00169874,0.00170358,628.186,0.000571
13.595,6167680.0,5334970.0,5058580.0,1203590.0,8.13059e-07,8.05098e-07,0.00169695,0.0,0.0016963,0.00169662,0.00170144,628.186,0.000572167
13.6,6161640.0,5332880.0,5056640.0,1203550.0,8.12667e-07,8.04703e-07,0.00169653,0.0,0.00169589,0.00169621,0.00170102,627.747,0.000573333
13.605,6155420.0,5330620.0,5054520.0,1203510.0,8.12263e-07,8.04296e-07,0.00169608,0.0,0.00169543,0.00169575,0.00170056,627.536,0.0005745
13.61,6154350.0,5332650.0,5056420.0,1203550.0,8.12193e-07,8.04226e-07,0.00169649,0.0,0.00169584,0.00169616,0.00170097,626.895,0.000575667
13.615,6145780.0,5328370.0,5052420.0,1203470.0,8.11635e-07,8.03665e-07,0.00169564,0.0,0.00169498,0.0016953,0.00170011,626.895,0.000576833
13.62,6142260.0,5328310.0,5052360.0,1203470.0,8.11405e-07,8.03434e-07,0.00169563,0.0,0.00169497,0.00169529,0.00170009,632.695,0.000578
13.625,6209150.0,5387250.0,5107440.0,1204490.0,8.15751e-07,8.07806e-07,0.00170743,0.0,0.00170678,0.0017071,0.00171201,630.963,0.000579167
13.63,6208090.0,5389270.0,5109320.0,1204520.0,8.15683e-07,8.07737e-07,0.00170784,0.0,0.00170718,0.0017075,0.00171241,625.681,0.000580333
13.635,6145220.0,5339340.0,5062670.0,1203660.0,8.11595e-07,8.03625e-07,0.00169785,0.0,0.00169717,0.0016975,0.00170232,625.681,0.0005815
13.64,6123900.0,5324280.0,5048600.0,1203400.0,8.10209e-07,8.0223e-07,0.00169483,0.0,0.00169416,0.00169448,0.00169928,631.054,0.000582667
13.645,6185730.0,5379060.0,5099780.0,1204350.0,8.14233e-07,8.06278e-07,0.00170581,0.0,0.00170514,0.00170546,0.00171035,630.049,0.000583833
13.65,6184700.0,5381020.0,5101610.0,1204380.0,8.14166e-07,8.06211e-07,0.0017062,0.0,0.00170553,0.00170586,0.00171075,626.986,0.000585
13.655,6147850.0,5352800.0,5075240.0,1203890.0,8.11768e-07,8.03799e-07,0.00170056,0.0,0.00169988,0.0017002,0.00170505,626.986,0.000586167
13.66,6135080.0,5344830.0,5067800.0,1203760.0,8.10938e-07,8.02964e-07,0.00169897,0.0,0.00169828,0.00169861,0.00170344,628.241,0.000587333
13.665,6148750.0,5359090.0,5081130.0,1204000.0,8.11828e-07,8.03859e-07,0.00170183,0.0,0.00170114,0.00170147,0.00170632,627.443,0.0005885
13.67,6147740.0,5361000.0,5082910.0,1204040.0,8.11763e-07,8.03793e-07,0.00170222,0.0,0.00170153,0.00170185,0.00170671,625.01,0.000589667
13.675,6118330.0,5338900.0,5062260.0,1203650.0,8.09844e-07,8.01864e-07,0.00169779,0.0,0.00169709,0.00169741,0.00170224,625.01,0.000590833
13.68,6108020.0,5332910.0,5056660.0,1203550.0,8.09172e-07,8.01187e-07,0.00169659,0.0,0.00169589,0.00169621,0.00170103,627.097,0.000592
13.685,6131400.0,5355350.0,5077630.0,1203940.0,8.10698e-07,8.02722e-07,0.0017011,0.0,0.00170039,0.00170072,0.00170557,627.429,0.000593167
13.69,6130420.0,5357210.0,5079370.0,1203970.0,8.10634e-07,8.02658e-07,0.00170147,0.0,0.00170077,0.00170109,0.00170594,628.444,0.000594333
13.695,6141300.0,5369090.0,5090460.0,1204180.0,8.11343e-07,8.03371e-07,0.00170385,0.0,0.00170314,0.00170347,0.00170834,628.444,0.0005955
13.7,6144220.0,5374220.0,5095260.0,1204260.0,8.11533e-07,8.03563e-07,0.00170488,0.0,0.00170417,0.0017045,0.00170938,630.352,0.000596667
13.705,6165550.0,5394940.0,5114620.0,1204620.0,8.12921e-07,8.04959e-07,0.00170902,0.0,0.00170831,0.00170864,0.00171355,629.915,0.000597833
13.71,6164590.0,5396780.0,5116340.0,1204650.0,8.12859e-07,8.04896e-07,0.00170939,0.0,0.00170868,0.001709,0.00171392,628.584,0.000599
13.715,6148080.0,5385410.0,5105720.0,1204460.0,8.11784e-07,8.03815e-07,0.00170712,0.0,0.00170641,0.00170673,0.00171163,628.584,0.000600167
13.72,6142030.0,5382900.0,5103370.0,1204410.0,8.1139e-07,8.03419e-07,0.00170663,0.0,0.0017059,0.00170623,0.00171113,627.184,0.000601333
13.725,6124740.0,5370810.0,5092080.0,1204210.0,8.10263e-07,8.02285e-07,0.00170421,0.0,0.00170349,0.00170381,0.00170869,628.011,0.0006025
13.73,6123800.0,5372600.0,5093740.0,1204240.0,8.10202e-07,8.02223e-07,0.00170457,0.0,0.00170385,0.00170417,0.00170905,630.534,0.000603667
13.735,6152320.0,5399420.0,5118800.0,1204700.0,8.1206e-07,8.04093e-07,0.00170993,0.0,0.0017092,0.00170953,0.00171445,630.534,0.000604833
13.74,6161050.0,5409410.0,5128140.0,1204870.0,8.12629e-07,8.04665e-07,0.00171192,0.0,0.00171119,0.00171152,0.00171646,629.857,0.000606
13.745,6152220.0,5404450.0,5123500.0,1204780.0,8.12054e-07,8.04087e-07,0.00171094,0.0,0.0017102,0.00171053,0.00171547,629.739,0.000607167
13.75,6151300.0,5406210.0,5125150.0,1204810.0,8.11994e-07,8.04026e-07,0.00171129,0.0,0.00171056,0.00171088,0.00171582,629.379,0.000608333
13.755,6146180.0,5404380.0,5123440.0,1204780.0,8.11661e-07,8.03691e-07,0.00171093,0.0,0.00171019,0.00171052,0.00171545,629.379,0.0006095
13.76,6143890.0,5404940.0,5123970.0,1204790.0,8.11512e-07,8.03541e-07,0.00171105,0.0,0.0017103,0.00171063,0.00171556,626.336,0.000610667
13.765,6107490.0,5376390.0,5097290.0,1204300.0,8.09138e-07,8.01152e-07,0.00170535,0.0,0.0017046,0.00170493,0.00170982,627.605,0.000611833
13.77,6106600.0,5378100.0,5098880.0,1204330.0,8.09079e-07,8.01093e-07,0.0017057,0.0,0.00170495,0.00170527,0.00171016,631.476,0.000613
13.775,6150840.0,5418370.0,5136510.0,1205020.0,8.11963e-07,8.03995e-07,0.00171372,0.0,0.00171297,0.0017133,0.00171825,631.476,0.000614167
13.78,6164760.0,5432720.0,5149920.0,1205270.0,8.1287e-07,8.04907e-07,0.00171658,0.0,0.00171583,0.00171616,0.00172114,628.382,0.000615333
13.785,6127780.0,5403560.0,5122680.0,1204770.0,8.10462e-07,8.02485e-07,0.00171079,0.0,0.00171003,0.00171036,0.00171529,628.374,0.0006165
13.79,6126900.0,5405250.0,5124250.0,1204800.0,8.10404e-07,8.02427e-07,0.00171112,0.0,0.00171036,0.00171069,0.00171563,628.351,0.000617667
13.795,6125750.0,5406690.0,5125590.0,1204820.0,8.10329e-07,8.02351e-07,0.00171141,0.0,0.00171065,0.00171098,0.00171591,628.351,0.000618833
13.8,6124790.0,5408280.0,5127080.0,1204850.0,8.10266e-07,8.02288e-07,0.00171173,0.0,0.00171097,0.0017113,0.00171623,626.252,0.00062
13.805,6099470.0,5388970.0,5109040.0,1204520.0,8.08613e-07,8.00625e-07,0.00170789,0.0,0.00170712,0.00170744,0.00171235,627.182,0.000621167
13.81,6098610.0,5390610.0,5110580.0,1204550.0,8.08557e-07,8.00568e-07,0.00170822,0.0,0.00170745,0.00170777,0.00171268,630.017,0.000622333
13.815,6130780.0,5420590.0,5138580.0,1205060.0,8.10656e-07,8.0268e-07,0.00171419,0.0,0.00171341,0.00171374,0.0017187,630.017,0.0006235
13.82,6140750.0,5431520.0,5148800.0,1205250.0,8.11307e-07,8.03335e-07,0.00171636,0.0,0.00171559,0.00171592,0.0017209,629.19,0.000624667
13.825,6130270.0,5424870.0,5142580.0,1205140.0,8.10624e-07,8.02648e-07,0.00171505,0.0,0.00171427,0.0017146,0.00171957,628.328,0.000625833
13.83,6129420.0,5426490.0,5144100.0,1205160.0,8.10569e-07,8.02592e-07,0.00171537,0.0,0.00171459,0.00171492,0.00171989,625.703,0.000627
13.835,6098010.0,5401810.0,5121040.0,1204740.0,8.08517e-07,8.00528e-07,0.00171046,0.0,0.00170968,0.00171,0.00171493,625.703,0.000628167
13.84,6087150.0,5394780.0,5114470.0,1204620.0,8.07808e-07,7.99814e-07,0.00170907,0.0,0.00170828,0.0017086,0.00171352,627.088,0.000629333
13.845,6102440.0,5410240.0,5128910.0,1204880.0,8.08808e-07,8.0082e-07,0.00171215,0.0,0.00171136,0.00171169,0.00171663,627.937,0.0006305
13.85,6101620.0,5411820.0,5130390.0,1204910.0,8.08754e-07,8.00766e-07,0.00171247,0.0,0.00171167,0.001712,0.00171695,630.526,0.000631667
13.855,6130930.0,5439370.0,5156130.0,1205380.0,8.10667e-07,8.02691e-07,0.00171794,0.0,0.00171715,0.00171748,0.00172247,630.526,0.000632833
13.86,6140000.0,5449460.0,5165560.0,1205550.0,8.11258e-07,8.03286e-07,0.00171994,0.0,0.00171915,0.00171948,0.00172449,630.339,0.000634
13.865,6137000.0,5449150.0,5165270.0,1205550.0,8.11063e-07,8.0309e-07,0.00171989,0.0,0.00171909,0.00171942,0.00172443,630.33,0.000635167
13.87,6136190.0,5450710.0,5166730.0,1205580.0,8.1101e-07,8.03036e-07,0.0017202,0.0,0.0017194,0.00171973,0.00172474,630.304,0.000636333
13.875,6135070.0,5452000.0,5167930.0,1205600.0,8.10937e-07,8.02963e-07,0.00172045,0.0,0.00171965,0.00171999,0.001725,630.304,0.0006375
13.88,6134160.0,5453450.0,5169290.0,1205620.0,8.10878e-07,8.02903e-07,0.00172075,0.0,0.00171994,0.00172028,0.00172529,628.453,0.000638667
13.885,6111820.0,5436370.0,5153330.0,1205330.0,8.0942e-07,8.01437e-07,0.00171736,0.0,0.00171655,0.00171689,0.00172187,628.404,0.000639833
13.89,6111020.0,5437890.0,5154750.0,1205360.0,8.09368e-07,8.01384e-07,0.00171767,0.0,0.00171686,0.00171719,0.00172217,628.257,0.000641
13.895,6108520.0,5437930.0,5154780.0,1205360.0,8.09205e-07,8.0122e-07,0.00171768,0.0,0.00171686,0.00171719,0.00172218,628.257,0.000642167
13.9,6107180.0,5438950.0,5155740.0,1205380.0,8.09117e-07,8.01132e-07,0.00171788,0.0,0.00171707,0.0017174,0.00172239,629.438,0.000643333
13.905,6120120.0,5452340.0,5168250.0,1205600.0,8.09962e-07,8.01982e-07,0.00172054,0.0,0.00171972,0.00172005,0.00172507,628.65,0.0006445
13.91,6119340.0,5453840.0,5169650.0,1205630.0,8.09911e-07,8.01931e-07,0.00172084,0.0,0.00172002,0.00172035,0.00172537,626.247,0.000645667
13.915,6090640.0,5431110.0,5148410.0,1205240.0,8.08035e-07,8.00043e-07,0.00171633,0.0,0.00171551,0.00171584,0.00172081,626.247,0.000646833
13.92,6080710.0,5424640.0,5142370.0,1205130.0,8.07386e-07,7.9939e-07,0.00171505,0.0,0.00171422,0.00171455,0.00171952,630.138,0.000648
13.925,6125170.0,5465350.0,5180410.0,1205830.0,8.10291e-07,8.02313e-07,0.00172312,0.0,0.0017223,0.00172263,0.00172767,630.161,0.000649167
13.93,6124400.0,5466830.0,5181780.0,1205850.0,8.10241e-07,8.02263e-07,0.00172342,0.0,0.00172259,0.00172292,0.00172796,630.23,0.000650333
13.935,6124450.0,5468990.0,5183810.0,1205890.0,8.10245e-07,8.02266e-07,0.00172385,0.0,0.00172302,0.00172335,0.00172839,630.23,0.0006515
13.94,6123960.0,5470680.0,5185390.0,1205920.0,8.10212e-07,8.02234e-07,0.00172418,0.0,0.00172335,0.00172369,0.00172873,626.627,0.000652667
13.945,6081340.0,5435720.0,5152720.0,1205320.0,8.07427e-07,7.99432e-07,0.00171726,0.0,0.00171642,0.00171676,0.00172174,626.48,0.000653833
13.95,6080600.0,5437150.0,5154060.0,1205350.0,8.07379e-07,7.99383e-07,0.00171755,0.0,0.00171671,0.00171704,0.00172203,626.032,0.000655
13.955,6074650.0,5434040.0,5151150.0,1205290.0,8.06989e-07,7.98991e-07,0.00171694,0.0,0.00171609,0.00171642,0.0017214,626.032,0.000656167
13.96,6072210.0,5433970.0,5151090.0,1205290.0,8.06829e-07,7.9883e-07,0.00171692,0.0,0.00171608,0.00171641,0.00172139,628.917,0.000657333
13.965,6104970.0,5464560.0,5179670.0,1205810.0,8.08973e-07,8.00987e-07,0.00172299,0.0,0.00172214,0.00172248,0.00172751,628.192,0.0006585
13.97,6104240.0,5465980.0,5180990.0,1205840.0,8.08925e-07,8.00938e-07,0.00172327,0.0,0.00172242,0.00172276,0.00172779,625.98,0.000659667
13.975,6077830.0,5444980.0,5161370.0,1205480.0,8.07197e-07,7.992e-07,0.00171911,0.0,0.00171826,0.00171859,0.00172359,625.98,0.000660833
13.98,6068690.0,5439030.0,5155810.0,1205380.0,8.06598e-07,7.98598e-07,0.00171794,0.0,0.00171708,0.00171741,0.0017224,628.668,0.000662
13.985,6099160.0,5467640.0,5182540.0,1205870.0,8.08593e-07,8.00605e-07,0.0017236,0.0,0.00172275,0.00172308,0.00172812,629.46,0.000663167
13.99,6098440.0,5469020.0,5183840.0,1205890.0,8.08546e-07,8.00557e-07,0.00172388,0.0,0.00172302,0.00172336,0.0017284,631.873,0.000664333
13.995,6125760.0,5494900.0,5208010.0,1206330.0,8.10329e-07,8.02352e-07,0.00172899,0.0,0.00172813,0.00172847,0.00173355,631.873,0.0006655
14.0,6134240.0,5504310.0,5216810.0,1206490.0,8.10883e-07,8.02909e-07,0.00173085,0.0,0.00172999,0.00173033,0.00173543,628.139,0.000666667
14.005,6090170.0,5467760.0,5182660.0,1205870.0,8.08005e-07,8.00013e-07,0.00172364,0.0,0.00172277,0.00172311,0.00172815,627.937,0.000667833
14.01,6089460.0,5469110.0,5183920.0,1205890.0,8.07959e-07,7.99967e-07,0.00172391,0.0,0.00172304,0.00172338,0.00172842,627.323,0.000669
14.015,6081640.0,5464220.0,5179350.0,1205810.0,8.07447e-07,7.99451e-07,0.00172294,0.0,0.00172207,0.00172241,0.00172744,627.323,0.000670167
14.02,6078610.0,5463520.0,5178700.0,1205800.0,8.07248e-07,7.99251e-07,0.00172281,0.0,0.00172193,0.00172227,0.0017273,626.771,0.000671333
14.025,6071510.0,5459240.0,5174700.0,1205720.0,8.06784e-07,7.98784e-07,0.00172196,0.0,0.00172109,0.00172142,0.00172644,627.263,0.0006725
14.03,6070820.0,5460570.0,5175940.0,1205750.0,8.06738e-07,7.98739e-07,0.00172223,0.0,0.00172135,0.00172168,0.00172671,628.761,0.000673667
14.035,6087510.0,5477130.0,5191410.0,1206030.0,8.07831e-07,7.99838e-07,0.0017255,0.0,0.00172462,0.00172496,0.00173001,628.761,0.000674833
14.04,6092530.0,5483440.0,5197310.0,1206130.0,8.08159e-07,8.00168e-07,0.00172675,0.0,0.00172587,0.00172621,0.00173127,630.14,0.000676
14.045,6107840.0,5498790.0,5211650.0,1206390.0,8.0916e-07,8.01175e-07,0.00172978,0.0,0.0017289,0.00172924,0.00173433,630.371,0.000677167
14.05,6107160.0,5500100.0,5212870.0,1206420.0,8.09116e-07,8.0113e-07,0.00173004,0.0,0.00172916,0.0017295,0.00173459,631.075,0.000678333
14.055,6114650.0,5508580.0,5220800.0,1206560.0,8.09605e-07,8.01623e-07,0.00173171,0.0,0.00173083,0.00173117,0.00173627,631.075,0.0006795
14.06,6116660.0,5512240.0,5224210.0,1206620.0,8.09736e-07,8.01754e-07,0.00173244,0.0,0.00173155,0.00173189,0.001737,629.797,0.000680667
14.065,6101170.0,5500500.0,5213250.0,1206420.0,8.08724e-07,8.00736e-07,0.00173013,0.0,0.00172924,0.00172958,0.00173467,630.384,0.000681833
14.07,6100500.0,5501790.0,5214450.0,1206450.0,8.0868e-07,8.00693e-07,0.00173038,0.0,0.00172949,0.00172983,0.00173492,632.174,0.000683
14.075,6120600.0,5521340.0,5232720.0,1206770.0,8.09993e-07,8.02013e-07,0.00173423,0.0,0.00173334,0.00173368,0.0017388,632.174,0.000684167
14.08,6126740.0,5528610.0,5239510.0,1206900.0,8.10394e-07,8.02417e-07,0.00173566,0.0,0.00173477,0.00173511,0.00174025,626.963,0.000685333
14.085,6065680.0,5476690.0,5191000.0,1206020.0,8.06402e-07,7.984e-07,0.00172544,0.0,0.00172454,0.00172487,0.00172993,627.311,0.0006865
14.09,6065030.0,5477940.0,5192170.0,1206040.0,8.06359e-07,7.98357e-07,0.00172569,0.0,0.00172479,0.00172512,0.00173018,628.372,0.000687667
14.095,6076670.0,5490020.0,5203450.0,1206250.0,8.07121e-07,7.99124e-07,0.00172807,0.0,0.00172717,0.00172751,0.00173258,628.372,0.000688833
14.1,6080060.0,5494810.0,5207930.0,1206330.0,8.07343e-07,7.99347e-07,0.00172902,0.0,0.00172812,0.00172845,0.00173354,628.695,0.00069
14.105,6083160.0,5499350.0,5212180.0,1206400.0,8.07546e-07,7.99551e-07,0.00172992,0.0,0.00172901,0.00172935,0.00173444,628.939,0.000691167
14.11,6082520.0,5500590.0,5213330.0,1206430.0,8.07504e-07,7.99509e-07,0.00173016,0.0,0.00172925,0.00172959,0.00173469,629.684,0.000692333
14.115,6090500.0,5509430.0,5221590.0,1206570.0,8.08027e-07,8.00035e-07,0.00173191,0.0,0.001731,0.00173134,0.00173644,629.684,0.0006935
14.12,6092700.0,5513160.0,5225070.0,1206640.0,8.0817e-07,8.00179e-07,0.00173264,0.0,0.00173173,0.00173207,0.00173718,628.84,0.000694667
14.125,6082290.0,5505740.0,5218140.0,1206510.0,8.0749e-07,7.99494e-07,0.00173118,0.0,0.00173027,0.00173061,0.00173571,629.783,0.000695833
14.13,6081660.0,5506950.0,5219280.0,1206530.0,8.07448e-07,7.99453e-07,0.00173143,0.0,0.00173051,0.00173085,0.00173595,632.659,0.000697
14.135,6114370.0,5537640.0,5247950.0,1207050.0,8.09586e-07,8.01603e-07,0.00173745,0.0,0.00173654,0.00173688,0.00174203,632.659,0.000698167
14.14,6124670.0,5548520.0,5258110.0,1207230.0,8.10259e-07,8.02281e-07,0.00173959,0.0,0.00173867,0.00173902,0.00174419,626.351,0.000699333
14.145,6050990.0,5485060.0,5198820.0,1206160.0,8.05438e-07,7.9743e-07,0.00172712,0.0,0.00172619,0.00172653,0.00173159,627.04,0.0007005
14.15,6050380.0,5486240.0,5199930.0,1206180.0,8.05398e-07,7.9739e-07,0.00172735,0.0,0.00172643,0.00172676,0.00173183,629.143,0.000701667
14.155,6074100.0,5508980.0,5221170.0,1206570.0,8.06953e-07,7.98954e-07,0.00173183,0.0,0.0017309,0.00173125,0.00173635,629.143,0.000702833
14.16,6081470.0,5517230.0,5228880.0,1206710.0,8.07436e-07,7.9944e-07,0.00173346,0.0,0.00173253,0.00173287,0.00173799,628.741,0.000704
14.165,6076210.0,5514270.0,5226120.0,1206660.0,8.07091e-07,7.99094e-07,0.00173288,0.0,0.00173195,0.00173229,0.0017374,629.081,0.000705167
14.17,6075610.0,5515440.0,5227210.0,1206680.0,8.07052e-07,7.99054e-07,0.00173311,0.0,0.00173218,0.00173252,0.00173764,630.115,0.000706333
14.175,6086980.0,5527230.0,5238220.0,1206880.0,8.07796e-07,7.99803e-07,0.00173543,0.0,0.0017345,0.00173484,0.00173997,630.115,0.0007075
14.18,6090310.0,5531880.0,5242560.0,1206950.0,8.08014e-07,8.00022e-07,0.00173635,0.0,0.00173541,0.00173575,0.0017409,623.916,0.000708667
14.185,6018030.0,5469400.0,5184190.0,1205900.0,8.03272e-07,7.95251e-07,0.00172404,0.0,0.0017231,0.00172343,0.00172847,624.622,0.000709833
14.19,6017440.0,5470530.0,5185250.0,1205920.0,8.03234e-07,7.95212e-07,0.00172426,0.0,0.00172332,0.00172366,0.0017287,626.772,0.000711
14.195,6041700.0,5493730.0,5206920.0,1206310.0,8.04828e-07,7.96816e-07,0.00172885,0.0,0.0017279,0.00172824,0.00173332,626.772,0.000712167
14.2,6049260.0,5502100.0,5214740.0,1206450.0,8.05325e-07,7.97316e-07,0.0017305,0.0,0.00172955,0.00172989,0.00173499,628.176,0.000713333
14.205,6064910.0,5517660.0,5229280.0,1206710.0,8.06351e-07,7.98349e-07,0.00173356,0.0,0.00173261,0.00173296,0.00173808,627.865,0.0007145
14.21,6064330.0,5518780.0,5230330.0,1206730.0,8.06313e-07,7.9831e-07,0.00173379,0.0,0.00173284,0.00173318,0.0017383,626.92,0.000715667
14.215,6052820.0,5510180.0,5222290.0,1206590.0,8.05558e-07,7.97551e-07,0.00173209,0.0,0.00173114,0.00173148,0.00173659,626.92,0.000716833
14.22,6048660.0,5508100.0,5220350.0,1206550.0,8.05285e-07,7.97276e-07,0.00173169,0.0,0.00173073,0.00173107,0.00173618,631.678,0.000718
14.225,6103120.0,5558210.0,5267170.0,1207400.0,8.08852e-07,8.00865e-07,0.00174152,0.0,0.00174057,0.00174092,0.00174611,630.091,0.000719167
14.23,6102540.0,5559330.0,5268210.0,1207420.0,8.08814e-07,8.00827e-07,0.00174175,0.0,0.00174079,0.00174114,0.00174633,625.25,0.000720333
14.235,6046020.0,5510570.0,5222660.0,1206590.0,8.05109e-07,7.97099e-07,0.00173217,0.0,0.00173121,0.00173155,0.00173666,625.25,0.0007215
14.24,6027100.0,5495310.0,5208400.0,1206340.0,8.03869e-07,7.95851e-07,0.00172917,0.0,0.00172821,0.00172855,0.00173363,625.886,0.000722667
14.245,6033880.0,5502930.0,5215520.0,1206470.0,8.04315e-07,7.963e-07,0.00173068,0.0,0.00172972,0.00173006,0.00173515,626.163,0.000723833
14.25,6033330.0,5504010.0,5216530.0,1206490.0,8.04278e-07,7.96263e-07,0.00173089,0.0,0.00172993,0.00173027,0.00173537,627.006,0.000725
14.255,6042500.0,5513770.0,5225650.0,1206650.0,8.04881e-07,7.96869e-07,0.00173282,0.0,0.00173185,0.00173219,0.0017373,627.006,0.000726167
14.26,6045140.0,5517700.0,5229310.0,1206720.0,8.05054e-07,7.97044e-07,0.00173359,0.0,0.00173262,0.00173296,0.00173808,626.296,0.000727333
14.265,6036390.0,5511440.0,5223470.0,1206610.0,8.0448e-07,7.96466e-07,0.00173236,0.0,0.00173139,0.00173173,0.00173684,626.9,0.0007285
14.27,6035850.0,5512510.0,5224470.0,1206630.0,8.04444e-07,7.9643e-07,0.00173257,0.0,0.0017316,0.00173194,0.00173705,628.742,0.000729667
14.275,6056570.0,5532580.0,5243220.0,1206970.0,8.05804e-07,7.97798e-07,0.00173652,0.0,0.00173555,0.00173589,0.00174103,628.742,0.000730833
14.28,6063010.0,5539870.0,5250040.0,1207090.0,8.06226e-07,7.98223e-07,0.00173795,0.0,0.00173698,0.00173732,0.00174248,628.434,0.000732
14.285,6058900.0,5537740.0,5248040.0,1207050.0,8.05957e-07,7.97952e-07,0.00173754,0.0,0.00173656,0.0017369,0.00174206,629.114,0.000733167
14.29,6058360.0,5538790.0,5249020.0,1207070.0,8.05921e-07,7.97917e-07,0.00173774,0.0,0.00173677,0.00173711,0.00174226,631.189,0.000734333
14.295,6081790.0,5561290.0,5270040.0,1207450.0,8.07456e-07,7.99461e-07,0.00174215,0.0,0.00174117,0.00174152,0.00174671,631.189,0.0007355
14.3,6089120.0,5569370.0,5277590.0,1207580.0,8.07936e-07,7.99944e-07,0.00174373,0.0,0.00174276,0.0017431,0.00174831,632.571,0.000736667
14.305,6104570.0,5584720.0,5291940.0,1207840.0,8.08946e-07,8.0096e-07,0.00174674,0.0,0.00174576,0.00174611,0.00175134,630.775,0.000737833
14.31,6104030.0,5585770.0,5292910.0,1207860.0,8.08911e-07,8.00925e-07,0.00174694,0.0,0.00174596,0.00174631,0.00175154,625.297,0.000739
14.315,6040240.0,5530100.0,5240910.0,1206920.0,8.04729e-07,7.96716e-07,0.00173604,0.0,0.00173505,0.00173539,0.00174053,625.297,0.000740167
14.32,6018960.0,5512520.0,5224480.0,1206630.0,8.03334e-07,7.95313e-07,0.00173259,0.0,0.0017316,0.00173195,0.00173706,628.134,0.000741333
14.325,6051180.0,5542890.0,5252860.0,1207140.0,8.05451e-07,7.97443e-07,0.00173856,0.0,0.00173757,0.00173791,0.00174308,627.836,0.0007425
14.33,6050660.0,5543900.0,5253800.0,1207160.0,8.05416e-07,7.97408e-07,0.00173876,0.0,0.00173777,0.00173811,0.00174328,626.925,0.000743667
14.335,6039630.0,5535480.0,5245930.0,1207020.0,8.04692e-07,7.9668e-07,0.00173711,0.0,0.00173612,0.00173646,0.00174161,626.925,0.000744833
14.34,6035670.0,5533390.0,5243980.0,1206980.0,8.04432e-07,7.96418e-07,0.0017367,0.0,0.00173571,0.00173605,0.00174119,632.321,0.000746
14.345,6097460.0,5590330.0,5297180.0,1207940.0,8.08482e-07,8.00493e-07,0.00174784,0.0,0.00174685,0.0017472,0.00175244,630.972,0.000747167
14.35,6096950.0,5591340.0,5298120.0,1207950.0,8.08448e-07,8.00459e-07,0.00174804,0.0,0.00174705,0.0017474,0.00175264,626.86,0.000748333
14.355,6048960.0,5549670.0,5259190.0,1207250.0,8.05303e-07,7.97294e-07,0.00173989,0.0,0.00173889,0.00173924,0.00174441,626.86,0.0007495
14.36,6032880.0,5536660.0,5247040.0,1207040.0,8.04249e-07,7.96233e-07,0.00173735,0.0,0.00173635,0.00173669,0.00174184,628.127,0.000750667
14.365,6047000.0,5550790.0,5260230.0,1207270.0,8.05176e-07,7.97166e-07,0.00174012,0.0,0.00173912,0.00173946,0.00174464,628.621,0.000751833
14.37,6046490.0,5551770.0,5261150.0,1207290.0,8.05143e-07,7.97133e-07,0.00174031,0.0,0.00173931,0.00173966,0.00174483,630.126,0.000753
14.375,6063360.0,5568360.0,5276650.0,1207570.0,8.06249e-07,7.98246e-07,0.00174356,0.0,0.00174256,0.00174291,0.00174811,630.126,0.000754167
14.38,6068550.0,5574460.0,5282350.0,1207670.0,8.0659e-07,7.98589e-07,0.00174476,0.0,0.00174375,0.0017441,0.00174931,629.163,0.000755333
14.385,6056940.0,5565420.0,5273910.0,1207520.0,8.05829e-07,7.97823e-07,0.00174299,0.0,0.00174198,0.00174233,0.00174753,629.493,0.0007565
14.39,6056450.0,5566390.0,5274810.0,1207540.0,8.05796e-07,7.9779e-07,0.00174318,0.0,0.00174217,0.00174252,0.00174772,630.499,0.000757667
14.395,6067560.0,5577800.0,5285470.0,1207730.0,8.06525e-07,7.98523e-07,0.00174541,0.0,0.0017444,0.00174475,0.00174997,630.499,0.000758833
14.4,6070880.0,5582190.0,5289570.0,1207800.0,8.06742e-07,7.98742e-07,0.00174627,0.0,0.00174526,0.00174561,0.00175084,631.808,0.00076
14.405,6085500.0,5596760.0,5303190.0,1208040.0,8.07699e-07,7.99705e-07,0.00174912,0.0,0.0017481,0.00174845,0.00175371,630.772,0.000761167
14.41,6085010.0,5597710.0,5304080.0,1208060.0,8.07667e-07,7.99673e-07,0.0017493,0.0,0.00174829,0.00174864,0.00175389,627.614,0.000762333
14.415,6048100.0,5565800.0,5274260.0,1207530.0,8.05247e-07,7.97238e-07,0.00174307,0.0,0.00174205,0.0017424,0.0017476,627.614,0.0007635
14.42,6035670.0,5555960.0,5265070.0,1207360.0,8.04432e-07,7.96418e-07,0.00174115,0.0,0.00174013,0.00174048,0.00174566,624.432,0.000764667
14.425,5998540.0,5523810.0,5235030.0,1206820.0,8.01989e-07,7.93959e-07,0.00173485,0.0,0.00173382,0.00173417,0.0017393,625.274,0.000765833
14.43,5998060.0,5524730.0,5235890.0,1206840.0,8.01957e-07,7.93928e-07,0.00173503,0.0,0.001734,0.00173435,0.00173948,627.839,0.000767
14.435,6027130.0,5552330.0,5261670.0,1207300.0,8.0387e-07,7.95853e-07,0.00174044,0.0,0.00173942,0.00173976,0.00174494,627.839,0.000768167
14.44,6036350.0,5562000.0,5270710.0,1207460.0,8.04477e-07,7.96463e-07,0.00174234,0.0,0.00174131,0.00174166,0.00174685,628.34,0.000769333
14.445,6041660.0,5568140.0,5276440.0,1207570.0,8.04826e-07,7.96814e-07,0.00174354,0.0,0.00174251,0.00174286,0.00174807,628.62,0.0007705
14.45,6041190.0,5569050.0,5277300.0,1207580.0,8.04795e-07,7.96783e-07,0.00174372,0.0,0.00174269,0.00174304,0.00174825,629.473,0.000771667
14.455,6050550.0,5578840.0,5286450.0,1207740.0,8.05409e-07,7.97401e-07,0.00174564,0.0,0.00174461,0.00174496,0.00175018,629.473,0.000772833
14.46,6053310.0,5582660.0,5290020.0,1207810.0,8.0559e-07,7.97583e-07,0.00174639,0.0,0.00174535,0.0017457,0.00175093,629.509,0.000774
14.465,6053270.0,5583950.0,5291210.0,1207830.0,8.05587e-07,7.9758e-07,0.00174664,0.0,0.0017456,0.00174595,0.00175118,629.575,0.000775167
14.47,6052800.0,5584850.0,5292050.0,1207850.0,8.05557e-07,7.9755e-07,0.00174681,0.0,0.00174578,0.00174613,0.00175136,629.774,0.000776333
14.475,6054650.0,5587830.0,5294840.0,1207900.0,8.05678e-07,7.97672e-07,0.0017474,0.0,0.00174636,0.00174671,0.00175195,629.774,0.0007775
14.48,6054950.0,5589410.0,5296310.0,1207920.0,8.05698e-07,7.97691e-07,0.00174771,0.0,0.00174667,0.00174702,0.00175226,625.705,0.000778667
14.485,6007620.0,5547840.0,5257480.0,1207230.0,8.02587e-07,7.94561e-07,0.00173958,0.0,0.00173854,0.00173888,0.00174405,626.596,0.000779833
14.49,6007170.0,5548710.0,5258290.0,1207240.0,8.02557e-07,7.94531e-07,0.00173975,0.0,0.00173871,0.00173906,0.00174423,629.315,0.000781
14.495,6038020.0,5577960.0,5285620.0,1207730.0,8.04585e-07,7.96572e-07,0.00174547,0.0,0.00174443,0.00174478,0.00175,629.315,0.000782167
14.5,6047840.0,5588140.0,5295130.0,1207900.0,8.05231e-07,7.97222e-07,0.00174747,0.0,0.00174642,0.00174677,0.00175201,626.136,0.000783333
14.505,6010790.0,5555820.0,5264930.0,1207360.0,8.02795e-07,7.94771e-07,0.00174115,0.0,0.0017401,0.00174045,0.00174563,626.545,0.0007845
14.51,6010340.0,5556680.0,5265740.0,1207370.0,8.02766e-07,7.94742e-07,0.00174132,0.0,0.00174027,0.00174062,0.0017458,627.792,0.000785667
14.515,6024260.0,5570570.0,5278710.0,1207610.0,8.03682e-07,7.95663e-07,0.00174404,0.0,0.00174299,0.00174334,0.00174854,627.792,0.000786833
14.52,6028520.0,5575700.0,5283510.0,1207690.0,8.03962e-07,7.95945e-07,0.00174504,0.0,0.00174399,0.00174434,0.00174956,627.655,0.000788
14.525,6026500.0,5575110.0,5282960.0,1207680.0,8.03829e-07,7.95811e-07,0.00174493,0.0,0.00174388,0.00174423,0.00174944,627.705,0.000789167
14.53,6026060.0,5575960.0,5283750.0,1207700.0,8.038e-07,7.95782e-07,0.0017451,0.0,0.00174404,0.00174439,0.00174961,627.857,0.000790333
14.535,6027380.0,5578400.0,5286030.0,1207740.0,8.03887e-07,7.9587e-07,0.00174558,0.0,0.00174452,0.00174487,0.00175009,627.857,0.0007915
14.54,6027520.0,5579770.0,5287310.0,1207760.0,8.03896e-07,7.95879e-07,0.00174584,0.0,0.00174479,0.00174514,0.00175036,629.018,0.000792667
14.545,6040460.0,5592760.0,5299450.0,1207980.0,8.04747e-07,7.96735e-07,0.00174838,0.0,0.00174732,0.00174767,0.00175292,628.082,0.000793833
14.55,6040030.0,5593610.0,5300240.0,1207990.0,8.04718e-07,7.96706e-07,0.00174855,0.0,0.00174749,0.00174784,0.00175308,625.228,0.000795
14.555,6006760.0,5564570.0,5273110.0,1207510.0,8.02529e-07,7.94503e-07,0.00174287,0.0,0.00174181,0.00174216,0.00174736,625.228,0.000796167
14.56,5995560.0,5555600.0,5264730.0,1207360.0,8.01792e-07,7.93762e-07,0.00174112,0.0,0.00174006,0.00174041,0.00174559,625.949,0.000797333
14.565,6003430.0,5563970.0,5272550.0,1207500.0,8.02311e-07,7.94284e-07,0.00174276,0.0,0.0017417,0.00174205,0.00174724,626.372,0.0007985
14.57,6003010.0,5564790.0,5273320.0,1207510.0,8.02283e-07,7.94256e-07,0.00174292,0.0,0.00174186,0.00174221,0.0017474,627.663,0.000799667
14.575,6017430.0,5579120.0,5286700.0,1207750.0,8.03233e-07,7.95211e-07,0.00174573,0.0,0.00174466,0.00174501,0.00175023,627.663,0.000800833
14.58,6021880.0,5584370.0,5291610.0,1207840.0,8.03525e-07,7.95506e-07,0.00174675,0.0,0.00174569,0.00174603,0.00175127,629.913,0.000802
14.585,6047360.0,5608770.0,5314410.0,1208250.0,8.052e-07,7.97191e-07,0.00175151,0.0,0.00175044,0.0017508,0.00175607,628.751,0.000803167
14.59,6046950.0,5609590.0,5315170.0,1208260.0,8.05173e-07,7.97163e-07,0.00175167,0.0,0.0017506,0.00175095,0.00175623,625.208,0.000804333
14.595,6005780.0,5573260.0,5281230.0,1207650.0,8.02464e-07,7.94438e-07,0.00174458,0.0,0.00174351,0.00174386,0.00174907,625.208,0.0008055
14.6,5992000.0,5561880.0,5270600.0,1207460.0,8.01558e-07,7.93526e-07,0.00174236,0.0,0.00174129,0.00174164,0.00174683,628.211,0.000806667
14.605,6026120.0,5594160.0,5300750.0,1208000.0,8.03804e-07,7.95786e-07,0.00174867,0.0,0.0017476,0.00174795,0.00175319,628.519,0.000807833
14.61,6025710.0,5594960.0,5301500.0,1208020.0,8.03777e-07,7.95759e-07,0.00174883,0.0,0.00174775,0.0017481,0.00175335,629.458,0.000809
14.615,6036100.0,5605600.0,5311450.0,1208190.0,8.0446e-07,7.96446e-07,0.0017509,0.0,0.00174983,0.00175018,0.00175544,629.458,0.000810167
14.62,6039240.0,5609630.0,5315210.0,1208260.0,8.04666e-07,7.96654e-07,0.00175169,0.0,0.00175061,0.00175096,0.00175624,629.209,0.000811333
14.625,6035970.0,5607810.0,5313510.0,1208230.0,8.04452e-07,7.96438e-07,0.00175133,0.0,0.00175026,0.00175061,0.00175588,628.986,0.0008125
14.63,6035570.0,5608590.0,5314240.0,1208240.0,8.04425e-07,7.96411e-07,0.00175149,0.0,0.00175041,0.00175076,0.00175603,628.306,0.000813667
14.635,6027350.0,5602240.0,5308300.0,1208140.0,8.03885e-07,7.95868e-07,0.00175025,0.0,0.00174917,0.00174952,0.00175478,628.306,0.000814833
14.64,6024380.0,5600670.0,5306840.0,1208110.0,8.0369e-07,7.95671e-07,0.00174995,0.0,0.00174887,0.00174922,0.00175448,627.247,0.000816
14.645,6011800.0,5590320.0,5297170.0,1207940.0,8.02862e-07,7.94839e-07,0.00174793,0.0,0.00174685,0.0017472,0.00175244,627.397,0.000817167
14.65,6011410.0,5591090.0,5297890.0,1207950.0,8.02836e-07,7.94812e-07,0.00174808,0.0,0.001747,0.00174735,0.00175259,627.855,0.000818333
14.655,6016280.0,5596670.0,5303100.0,1208040.0,8.03157e-07,7.95135e-07,0.00174917,0.0,0.00174809,0.00174844,0.00175369,627.855,0.0008195
14.66,6017610.0,5599010.0,5305290.0,1208080.0,8.03245e-07,7.95223e-07,0.00174963,0.0,0.00174854,0.00174889,0.00175415,629.7,0.000820667
14.665,6038440.0,5619180.0,5324130.0,1208420.0,8.04614e-07,7.96601e-07,0.00175356,0.0,0.00175247,0.00175282,0.00175811,629.833,0.000821833
14.67,6038050.0,5619950.0,5324850.0,1208430.0,8.04588e-07,7.96575e-07,0.00175371,0.0,0.00175262,0.00175297,0.00175826,630.237,0.000823
14.675,6042310.0,5624960.0,5329530.0,1208520.0,8.04868e-07,7.96857e-07,0.00175468,0.0,0.00175359,0.00175395,0.00175924,630.237,0.000824167
14.68,6043450.0,5627110.0,5331550.0,1208550.0,8.04943e-07,7.96932e-07,0.0017551,0.0,0.00175401,0.00175436,0.00175967,630.862,0.000825333
14.685,6050250.0,5634450.0,5338400.0,1208670.0,8.05389e-07,7.97381e-07,0.00175653,0.0,0.00175543,0.00175579,0.0017611,629.86,0.0008265
14.69,6049860.0,5635200.0,5339100.0,1208690.0,8.05364e-07,7.97356e-07,0.00175668,0.0,0.00175558,0.00175594,0.00176125,626.805,0.000827667
14.695,6014360.0,5603780.0,5309750.0,1208160.0,8.0303e-07,7.95007e-07,0.00175056,0.0,0.00174947,0.00174982,0.00175508,626.805,0.000828833
14.7,6002460.0,5593970.0,5300580.0,1208000.0,8.02247e-07,7.9422e-07,0.00174866,0.0,0.00174756,0.00174791,0.00175316,627.104,0.00083
14.705,6005530.0,5597870.0,5304220.0,1208070.0,8.02449e-07,7.94423e-07,0.00174942,0.0,0.00174832,0.00174867,0.00175392,627.402,0.000831167
14.71,6005150.0,5598600.0,5304910.0,1208080.0,8.02425e-07,7.94398e-07,0.00174956,0.0,0.00174846,0.00174881,0.00175407,628.311,0.000832333
14.715,6015220.0,5608900.0,5314530.0,1208250.0,8.03087e-07,7.95065e-07,0.00175157,0.0,0.00175047,0.00175082,0.00175609,628.311,0.0008335
14.72,6018270.0,5612770.0,5318150.0,1208310.0,8.03288e-07,7.95267e-07,0.00175233,0.0,0.00175122,0.00175157,0.00175685,625.17,0.000834667
14.725,5981830.0,5580420.0,5287920.0,1207770.0,8.00887e-07,7.92851e-07,0.00174602,0.0,0.00174491,0.00174526,0.00175049,624.747,0.000835833
14.73,5981460.0,5581140.0,5288590.0,1207790.0,8.00863e-07,7.92826e-07,0.00174616,0.0,0.00174505,0.0017454,0.00175063,623.458,0.000837
14.735,5966300.0,5568280.0,5276570.0,1207570.0,7.99861e-07,7.91819e-07,0.00174365,0.0,0.00174254,0.00174289,0.00174809,623.458,0.000838167
14.74,5961090.0,5564530.0,5273080.0,1207510.0,7.99517e-07,7.91472e-07,0.00174292,0.0,0.00174181,0.00174216,0.00174735,629.315,0.000839333
14.745,6027950.0,5626970.0,5331410.0,1208550.0,8.03925e-07,7.95908e-07,0.00175509,0.0,0.00175398,0.00175434,0.00175964,628.908,0.0008405
14.75,6027590.0,5627690.0,5332080.0,1208560.0,8.03901e-07,7.95883e-07,0.00175523,0.0,0.00175412,0.00175448,0.00175978,627.668,0.000841667
14.755,6012980.0,5615310.0,5320520.0,1208360.0,8.0294e-07,7.94916e-07,0.00175283,0.0,0.00175172,0.00175207,0.00175735,627.668,0.000842833
14.76,6007950.0,5611730.0,5317170.0,1208300.0,8.02608e-07,7.94583e-07,0.00175213,0.0,0.00175102,0.00175137,0.00175665,628.357,0.000844
14.765,6015490.0,5619700.0,5324620.0,1208430.0,8.03105e-07,7.95083e-07,0.00175368,0.0,0.00175257,0.00175292,0.00175821,627.749,0.000845167
14.77,6015130.0,5620400.0,5325270.0,1208440.0,8.03082e-07,7.95059e-07,0.00175382,0.0,0.00175271,0.00175306,0.00175835,625.896,0.000846333
14.775,5993510.0,5601550.0,5307660.0,1208130.0,8.01657e-07,7.93625e-07,0.00175015,0.0,0.00174903,0.00174939,0.00175465,625.896,0.0008475
14.78,5986180.0,5595830.0,5302320.0,1208030.0,8.01174e-07,7.93139e-07,0.00174904,0.0,0.00174792,0.00174827,0.00175352,629.431,0.000848667
14.785,6026400.0,5633840.0,5337830.0,1208660.0,8.03823e-07,7.95805e-07,0.00175644,0.0,0.00175532,0.00175567,0.00176099,630.328,0.000849833
14.79,6026050.0,5634530.0,5338480.0,1208680.0,8.03799e-07,7.95781e-07,0.00175657,0.0,0.00175545,0.00175581,0.00176112,633.062,0.000851
14.795,6057170.0,5664210.0,5366210.0,1209310.0,8.05843e-07,7.97837e-07,0.00176229,0.0,0.00176117,0.00176153,0.00176689,633.062,0.000852167
14.8,6067150.0,5674410.0,5375750.0,1209540.0,8.06498e-07,7.98496e-07,0.00176426,0.0,0.00176314,0.0017635,0.00176888,626.464,0.000853333
14.805,5990940.0,5605240.0,5311110.0,1208190.0,8.01488e-07,7.93455e-07,0.00175088,0.0,0.00174976,0.00175011,0.00175537,626.388,0.0008545
14.81,5990590.0,5605920.0,5311750.0,1208200.0,8.01465e-07,7.93432e-07,0.00175101,0.0,0.00174989,0.00175024,0.00175551,626.155,0.000855667
14.815,5987570.0,5604140.0,5310080.0,1208170.0,8.01266e-07,7.93232e-07,0.00175067,0.0,0.00174954,0.00174989,0.00175516,626.155,0.000856833
14.82,5986350.0,5604000.0,5309950.0,1208170.0,8.01185e-07,7.93151e-07,0.00175064,0.0,0.00174951,0.00174986,0.00175513,624.805,0.000858
14.825,5970540.0,5590410.0,5297260.0,1207940.0,8.00141e-07,7.92101e-07,0.00174799,0.0,0.00174687,0.00174721,0.00175246,625.252,0.000859167
14.83,5970200.0,5591080.0,5297880.0,1207950.0,8.00119e-07,7.92078e-07,0.00174812,0.0,0.00174699,0.00174734,0.00175259,626.613,0.000860333
14.835,5985470.0,5606130.0,5311940.0,1208200.0,8.01127e-07,7.93092e-07,0.00175106,0.0,0.00174993,0.00175028,0.00175555,626.613,0.0008615
14.84,5990250.0,5611510.0,5316970.0,1208290.0,8.01442e-07,7.9341e-07,0.00175211,0.0,0.00175098,0.00175133,0.0017566,623.691,0.000862667
14.845,5956420.0,5581280.0,5288720.0,1207790.0,7.99208e-07,7.91162e-07,0.00174621,0.0,0.00174508,0.00174543,0.00175066,624.566,0.000863833
14.85,5956090.0,5581930.0,5289330.0,1207800.0,7.99186e-07,7.91139e-07,0.00174634,0.0,0.00174521,0.00174556,0.00175078,627.234,0.000865
14.855,5986340.0,5610800.0,5316300.0,1208280.0,8.01183e-07,7.93149e-07,0.00175197,0.0,0.00175083,0.00175119,0.00175646,627.234,0.000866167
14.86,5996030.0,5620710.0,5325560.0,1208450.0,8.01823e-07,7.93793e-07,0.0017539,0.0,0.00175277,0.00175312,0.00175841,629.06,0.000867333
14.865,6016650.0,5640700.0,5344240.0,1208780.0,8.03181e-07,7.95159e-07,0.00175778,0.0,0.00175665,0.001757,0.00176233,628.527,0.0008685
14.87,6016320.0,5641350.0,5344840.0,1208790.0,8.03159e-07,7.95137e-07,0.00175791,0.0,0.00175677,0.00175713,0.00176246,626.901,0.000869667
14.875,5997340.0,5624770.0,5329360.0,1208520.0,8.01909e-07,7.93879e-07,0.00175469,0.0,0.00175355,0.00175391,0.00175921,626.901,0.000870833
14.88,5990890.0,5619770.0,5324680.0,1208430.0,8.01484e-07,7.93452e-07,0.00175372,0.0,0.00175258,0.00175294,0.00175823,628.286,0.000872
14.885,6006440.0,5635080.0,5338990.0,1208690.0,8.02509e-07,7.94483e-07,0.0017567,0.0,0.00175556,0.00175591,0.00176123,627.682,0.000873167
14.89,6006110.0,5635720.0,5339580.0,1208700.0,8.02488e-07,7.94462e-07,0.00175682,0.0,0.00175568,0.00175604,0.00176135,625.84,0.000874333
14.895,5984670.0,5616830.0,5321940.0,1208380.0,8.01074e-07,7.93039e-07,0.00175315,0.0,0.00175201,0.00175236,0.00175765,625.84,0.0008755
14.9,5977420.0,5611060.0,5316550.0,1208290.0,8.00596e-07,7.92558e-07,0.00175203,0.0,0.00175089,0.00175124,0.00175652,631.378,0.000876667
14.905,6040670.0,5670480.0,5372080.0,1209410.0,8.04761e-07,7.96749e-07,0.00176353,0.0,0.00176239,0.00176275,0.00176812,630.634,0.000877833
14.91,6040350.0,5671120.0,5372670.0,1209430.0,8.04739e-07,7.96727e-07,0.00176366,0.0,0.00176251,0.00176287,0.00176825,628.367,0.000879
14.915,6013970.0,5647650.0,5350730.0,1208930.0,8.03005e-07,7.94982e-07,0.00175913,0.0,0.00175799,0.00175834,0.00176368,628.367,0.000880167
14.92,6005110.0,5640360.0,5343930.0,1208770.0,8.02422e-07,7.94395e-07,0.00175773,0.0,0.00175658,0.00175694,0.00176226,625.514,0.000881333
14.925,5972090.0,5610730.0,5316240.0,1208280.0,8.00244e-07,7.92204e-07,0.00175197,0.0,0.00175082,0.00175118,0.00175645,626.43,0.0008825
14.93,5971780.0,5611350.0,5316810.0,1208290.0,8.00223e-07,7.92183e-07,0.00175209,0.0,0.00175094,0.0017513,0.00175657,629.223,0.000883667
14.935,6003480.0,5641600.0,5345080.0,1208800.0,8.02313e-07,7.94286e-07,0.00175797,0.0,0.00175682,0.00175717,0.0017625,629.223,0.000884833
14.94,6013660.0,5651940.0,5354740.0,1208980.0,8.02985e-07,7.94962e-07,0.00175998,0.0,0.00175882,0.00175918,0.00176453,626.098,0.000886
14.945,5977530.0,5619380.0,5324320.0,1208430.0,8.00603e-07,7.92565e-07,0.00175366,0.0,0.00175251,0.00175286,0.00175815,627.079,0.000887167
14.95,5977220.0,5619980.0,5324880.0,1208440.0,8.00582e-07,7.92544e-07,0.00175378,0.0,0.00175262,0.00175298,0.00175827,630.07,0.000888333
14.955,6011210.0,5652370.0,5355150.0,1209020.0,8.02822e-07,7.94798e-07,0.00176005,0.0,0.0017589,0.00175925,0.0017646,630.07,0.0008895
14.96,6022150.0,5663410.0,5365460.0,1209220.0,8.03543e-07,7.95524e-07,0.00176219,0.0,0.00176103,0.00176139,0.00176676,625.664,0.000890667
14.965,5971320.0,5617180.0,5322270.0,1208390.0,8.00193e-07,7.92152e-07,0.00175324,0.0,0.00175208,0.00175243,0.00175772,626.857,0.000891833
14.97,5971010.0,5617780.0,5322820.0,1208400.0,8.00172e-07,7.92132e-07,0.00175335,0.0,0.0017522,0.00175255,0.00175784,630.495,0.000893
14.975,6012430.0,5657080.0,5359550.0,1209150.0,8.02902e-07,7.94879e-07,0.00176096,0.0,0.0017598,0.00176015,0.00176551,630.495,0.000894167
14.98,6025810.0,5670370.0,5371970.0,1209410.0,8.03784e-07,7.95766e-07,0.00176353,0.0,0.00176237,0.00176273,0.0017681,628.146,0.000895333
14.985,5998530.0,5645930.0,5349130.0,1208870.0,8.01988e-07,7.93959e-07,0.00175882,0.0,0.00175766,0.00175802,0.00176335,627.657,0.0008965
14.99,5998230.0,5646530.0,5349690.0,1208880.0,8.01968e-07,7.93939e-07,0.00175894,0.0,0.00175778,0.00175813,0.00176347,626.167,0.000897667
14.995,5980860.0,5631280.0,5335440.0,1208630.0,8.00822e-07,7.92786e-07,0.00175598,0.0,0.00175482,0.00175517,0.00176048,626.167,0.000898833
15.0,5974960.0,5626670.0,5331130.0,1208550.0,8.00433e-07,7.92394e-07,0.00175509,0.0,0.00175392,0.00175428,0.00175958,631.235,0.0009
15.005,6033180.0,5680730.0,5381670.0,1209850.0,8.04268e-07,7.96253e-07,0.00176548,0.0,0.00176432,0.00176468,0.00177007,630.85,0.0009
15.01,6033180.0,5680730.0,5381670.0,1209850.0,8.04268e-07,7.96253e-07,0.00176548,0.0,0.00176432,0.00176468,0.00177007,629.677,0.0009
15.015,6019640.0,5668150.0,5369900.0,1209390.0,8.03378e-07,7.95358e-07,0.0017631,0.0,0.00176194,0.00176229,0.00176767,629.677,0.0009
15.02,6015210.0,5664030.0,5366040.0,1209240.0,8.03086e-07,7.95064e-07,0.00176232,0.0,0.00176115,0.00176151,0.00176688,625.806,0.0009
15.025,5970830.0,5622840.0,5327550.0,1208490.0,8.00161e-07,7.9212e-07,0.00175434,0.0,0.00175318,0.00175353,0.00175883,626.466,0.0009
15.03,5970830.0,5622840.0,5327550.0,1208490.0,8.00161e-07,7.9212e-07,0.00175434,0.0,0.00175318,0.00175353,0.00175883,628.475,0.0009
15.035,5993860.0,5644210.0,5347520.0,1208850.0,8.0168e-07,7.93649e-07,0.00175849,0.0,0.00175733,0.00175768,0.00176301,628.475,0.0009
15.04,6001410.0,5651220.0,5354070.0,1208970.0,8.02178e-07,7.9415e-07,0.00175985,0.0,0.00175869,0.00175904,0.00176439,631.976,0.0009
15.045,6041800.0,5688770.0,5389200.0,1210360.0,8.04835e-07,7.96823e-07,0.00176696,0.0,0.00176579,0.00176616,0.00177156,631.876,0.0009
15.05,6041800.0,5688770.0,5389200.0,1210360.0,8.04835e-07,7.96823e-07,0.00176696,0.0,0.00176579,0.00176616,0.00177156,631.573,0.0009
15.055,6038270.0,5685480.0,5386120.0,1210150.0,8.04603e-07,7.9659e-07,0.00176636,0.0,0.00176519,0.00176555,0.00177095,631.573,0.0009
15.06,6037120.0,5684400.0,5385110.0,1210080.0,8.04527e-07,7.96514e-07,0.00176616,0.0,0.00176499,0.00176535,0.00177075,627.517,0.0009
15.065,5990420.0,5641020.0,5344540.0,1208790.0,8.01454e-07,7.93421e-07,0.00175787,0.0,0.00175671,0.00175707,0.00176239,627.991,0.0009
15.07,5990420.0,5641020.0,5344540.0,1208790.0,8.01454e-07,7.93421e-07,0.00175787,0.0,0.00175671,0.00175707,0.00176239,629.436,0.0009
15.075,6007000.0,5656410.0,5358920.0,1209080.0,8.02546e-07,7.9452e-07,0.00176085,0.0,0.00175968,0.00176004,0.00176539,629.436,0.0009
15.08,6012440.0,5661460.0,5363640.0,1209180.0,8.02904e-07,7.94881e-07,0.00176183,0.0,0.00176066,0.00176102,0.00176638,631.319,0.0009
15.085,6034160.0,5681650.0,5382530.0,1209910.0,8.04333e-07,7.96318e-07,0.00176565,0.0,0.00176449,0.00176485,0.00177024,630.766,0.0009
15.09,6034160.0,5681650.0,5382530.0,1209910.0,8.04333e-07,7.96318e-07,0.00176565,0.0,0.00176449,0.00176485,0.00177024,629.082,0.0009
15.095,6014740.0,5663600.0,5365650.0,1209300.0,8.03055e-07,7.95033e-07,0.00176222,0.0,0.00176106,0.00176142,0.00176678,629.082,0.0009
15.1,6008370.0,5657680.0,5360110.0,1209100.0,8.02636e-07,7.94611e-07,0.0017611,0.0,0.00175993,0.00176029,0.00176564,626.524,0.0009
15.105,5979050.0,5630470.0,5334680.0,1208610.0,8.00703e-07,7.92666e-07,0.00175583,0.0,0.00175466,0.00175502,0.00176032,626.499,0.0009
15.11,5979050.0,5630470.0,5334680.0,1208610.0,8.00703e-07,7.92666e-07,0.00175583,0.0,0.00175466,0.00175502,0.00176032,626.421,0.0009
15.115,5978170.0,5629640.0,5333910.0,1208600.0,8.00645e-07,7.92607e-07,0.00175567,0.0,0.0017545,0.00175486,0.00176016,626.421,0.0009
15.12,5977870.0,5629370.0,5333660.0,1208590.0,8.00626e-07,7.92588e-07,0.00175561,0.0,0.00175445,0.0017548,0.00176011,630.321,0.0009
15.125,6022610.0,5670910.0,5372470.0,1209430.0,8.03574e-07,7.95554e-07,0.00176363,0.0,0.00176247,0.00176283,0.00176821,629.73,0.0009
15.13,6022610.0,5670910.0,5372470.0,1209430.0,8.03574e-07,7.95554e-07,0.00176363,0.0,0.00176247,0.00176283,0.00176821,627.928,0.0009
15.135,6001920.0,5651700.0,5354520.0,1209000.0,8.02211e-07,7.94183e-07,0.00175994,0.0,0.00175877,0.00175913,0.00176447,627.928,0.0009
15.14,5995140.0,5645400.0,5348630.0,1208860.0,8.01764e-07,7.93734e-07,0.00175872,0.0,0.00175756,0.00175791,0.00176325,628.272,0.0009
15.145,5999080.0,5649060.0,5352050.0,1208930.0,8.02024e-07,7.93995e-07,0.00175943,0.0,0.00175827,0.00175862,0.00176396,628.28,0.0009
15.15,5999080.0,5649060.0,5352050.0,1208930.0,8.02024e-07,7.93995e-07,0.00175943,0.0,0.00175827,0.00175862,0.00176396,628.303,0.0009
15.155,5999340.0,5649300.0,5352280.0,1208930.0,8.02042e-07,7.94013e-07,0.00175948,0.0,0.00175831,0.00175867,0.00176401,628.303,0.0009
15.16,5999430.0,5649380.0,5352350.0,1208930.0,8.02047e-07,7.94018e-07,0.00175949,0.0,0.00175833,0.00175869,0.00176403,628.487,0.0009
15.165,6001540.0,5651340.0,5354180.0,1208970.0,8.02186e-07,7.94158e-07,0.00175987,0.0,0.00175871,0.00175906,0.00176441,628.236,0.0009
15.17,6001540.0,5651340.0,5354180.0,1208970.0,8.02186e-07,7.94158e-07,0.00175987,0.0,0.00175871,0.00175906,0.00176441,627.473,0.0009
15.175,5992790.0,5643220.0,5346590.0,1208830.0,8.0161e-07,7.93578e-07,0.0017583,0.0,0.00175714,0.00175749,0.00176282,627.473,0.0009
15.18,5989920.0,5640560.0,5344100.0,1208780.0,8.0142e-07,7.93388e-07,0.00175778,0.0,0.00175662,0.00175697,0.0017623,625.357,0.0009
15.185,5965690.0,5618070.0,5323100.0,1208410.0,7.99821e-07,7.91778e-07,0.00175342,0.0,0.00175225,0.0017526,0.00175789,625.457,0.0009
15.19,5965690.0,5618070.0,5323100.0,1208410.0,7.99821e-07,7.91778e-07,0.00175342,0.0,0.00175225,0.0017526,0.00175789,625.761,0.0009
15.195,5969180.0,5621300.0,5326110.0,1208460.0,8.00051e-07,7.9201e-07,0.00175404,0.0,0.00175288,0.00175323,0.00175853,625.761,0.0009
15.2,5970320.0,5622360.0,5327100.0,1208480.0,8.00127e-07,7.92086e-07,0.00175425,0.0,0.00175309,0.00175344,0.00175873,627.712,0.0009
15.205,5992660.0,5643090.0,5346480.0,1208820.0,8.01601e-07,7.93569e-07,0.00175828,0.0,0.00175711,0.00175747,0.0017628,627.447,0.0009
15.21,5992660.0,5643090.0,5346480.0,1208820.0,8.01601e-07,7.93569e-07,0.00175828,0.0,0.00175711,0.00175747,0.0017628,626.639,0.0009
15.215,5983410.0,5634510.0,5338450.0,1208680.0,8.00991e-07,7.92955e-07,0.00175661,0.0,0.00175545,0.0017558,0.00176112,626.639,0.0009
15.22,5980370.0,5631690.0,5335820.0,1208630.0,8.0079e-07,7.92754e-07,0.00175606,0.0,0.0017549,0.00175525,0.00176056,629.877,0.0009
15.225,6017500.0,5666160.0,5368040.0,1209300.0,8.03237e-07,7.95216e-07,0.00176273,0.0,0.00176156,0.00176192,0.00176729,630.44,0.0009
15.23,6017500.0,5666160.0,5368040.0,1209300.0,8.03237e-07,7.95216e-07,0.00176273,0.0,0.00176156,0.00176192,0.00176729,632.156,0.0009
15.235,6037380.0,5684660.0,5385350.0,1210190.0,8.04544e-07,7.96531e-07,0.00176618,0.0,0.00176502,0.00176538,0.00177078,632.156,0.0009
15.24,6043900.0,5690720.0,5391030.0,1210480.0,8.04973e-07,7.96962e-07,0.00176732,0.0,0.00176615,0.00176651,0.00177192,626.601,0.0009
15.245,5979930.0,5631280.0,5335440.0,1208630.0,8.00761e-07,7.92725e-07,0.00175598,0.0,0.00175482,0.00175517,0.00176048,626.853,0.0009
15.25,5979930.0,5631280.0,5335440.0,1208630.0,8.00761e-07,7.92725e-07,0.00175598,0.0,0.00175482,0.00175517,0.00176048,627.623,0.0009
15.255,5988750.0,5639470.0,5343090.0,1208760.0,8.01343e-07,7.9331e-07,0.00175757,0.0,0.00175641,0.00175676,0.00176209,627.623,0.0009
15.26,5991640.0,5642150.0,5345600.0,1208810.0,8.01534e-07,7.93502e-07,0.00175809,0.0,0.00175693,0.00175728,0.00176261,629.572,0.0009
15.265,6014000.0,5662910.0,5364990.0,1209210.0,8.03007e-07,7.94984e-07,0.0017621,0.0,0.00176094,0.0017613,0.00176666,629.05,0.0009
15.27,6014000.0,5662910.0,5364990.0,1209210.0,8.03007e-07,7.94984e-07,0.0017621,0.0,0.00176094,0.0017613,0.00176666,627.458,0.0009
15.275,5995740.0,5645950.0,5349150.0,1208890.0,8.01804e-07,7.93773e-07,0.00175883,0.0,0.00175766,0.00175802,0.00176335,627.458,0.0009
15.28,5989750.0,5640390.0,5343950.0,1208780.0,8.01409e-07,7.93376e-07,0.00175775,0.0,0.00175659,0.00175694,0.00176227,630.253,0.0009
15.285,6021830.0,5670180.0,5371800.0,1209410.0,8.03522e-07,7.95503e-07,0.0017635,0.0,0.00176233,0.00176269,0.00176806,629.535,0.0009
15.29,6021830.0,5670180.0,5371800.0,1209410.0,8.03522e-07,7.95503e-07,0.0017635,0.0,0.00176233,0.00176269,0.00176806,627.345,0.0009
15.295,5996700.0,5646850.0,5349990.0,1208920.0,8.01867e-07,7.93837e-07,0.001759,0.0,0.00175783,0.00175819,0.00176352,627.345,0.0009
15.3,5988460.0,5639200.0,5342830.0,1208760.0,8.01324e-07,7.9329e-07,0.00175752,0.0,0.00175636,0.00175671,0.00176203,629.063,0.0009
15.305,6008150.0,5657480.0,5359920.0,1209090.0,8.02622e-07,7.94597e-07,0.00176106,0.0,0.00175989,0.00176025,0.0017656,629.36,0.0009
15.31,6008150.0,5657480.0,5359920.0,1209090.0,8.02622e-07,7.94597e-07,0.00176106,0.0,0.00175989,0.00176025,0.0017656,630.267,0.0009
15.315,6018570.0,5667150.0,5368960.0,1209330.0,8.03308e-07,7.95287e-07,0.00176291,0.0,0.00176175,0.00176211,0.00176748,630.267,0.0009
15.32,6021990.0,5670330.0,5371930.0,1209410.0,8.03533e-07,7.95513e-07,0.00176352,0.0,0.00176236,0.00176272,0.00176809,631.498,0.0009
15.325,6036250.0,5683590.0,5384350.0,1210030.0,8.0447e-07,7.96456e-07,0.00176601,0.0,0.00176484,0.0017652,0.0017706,630.416,0.0009
15.33,6036250.0,5683590.0,5384350.0,1210030.0,8.0447e-07,7.96456e-07,0.00176601,0.0,0.00176484,0.0017652,0.0017706,627.118,0.0009
15.335,5998300.0,5648340.0,5351390.0,1209050.0,8.01972e-07,7.93942e-07,0.00175926,0.0,0.0017581,0.00175845,0.00176379,627.118,0.0009
15.34,5985860.0,5636780.0,5340580.0,1208720.0,8.01152e-07,7.93118e-07,0.00175705,0.0,0.00175589,0.00175624,0.00176156,628.84,0.0009
15.345,6005590.0,5655100.0,5357700.0,1209050.0,8.02453e-07,7.94427e-07,0.0017606,0.0,0.00175943,0.00175979,0.00176514,628.493,0.0009
15.35,6005590.0,5655100.0,5357700.0,1209050.0,8.02453e-07,7.94427e-07,0.0017606,0.0,0.00175943,0.00175979,0.00176514,627.434,0.0009
15.355,5993450.0,5643830.0,5347170.0,1208840.0,8.01653e-07,7.93622e-07,0.00175842,0.0,0.00175725,0.00175761,0.00176294,627.434,0.0009
15.36,5989470.0,5640140.0,5343710.0,1208780.0,8.01391e-07,7.93358e-07,0.0017577,0.0,0.00175654,0.00175689,0.00176222,633.242,0.0009
15.365,6056550.0,5702500.0,5402080.0,1211230.0,8.05803e-07,7.97797e-07,0.00176948,0.0,0.00176832,0.00176868,0.00177411,632.212,0.0009
15.37,6056550.0,5702500.0,5402080.0,1211230.0,8.05803e-07,7.97797e-07,0.00176948,0.0,0.00176832,0.00176868,0.00177411,629.072,0.0009
15.375,6020190.0,5668670.0,5370400.0,1209620.0,8.03413e-07,7.95393e-07,0.00176315,0.0,0.00176199,0.00176235,0.00176772,629.072,0.0009
15.38,6008260.0,5657580.0,5360010.0,1209100.0,8.02629e-07,7.94604e-07,0.00176108,0.0,0.00175991,0.00176027,0.00176562,633.948,0.0009
15.385,6064770.0,5710150.0,5409250.0,1211710.0,8.06342e-07,7.98339e-07,0.00177089,0.0,0.00176972,0.00177008,0.00177552,633.367,0.0009
15.39,6064770.0,5710150.0,5409250.0,1211710.0,8.06342e-07,7.98339e-07,0.00177089,0.0,0.00176972,0.00177008,0.00177552,631.598,0.0009
15.395,6044160.0,5690970.0,5391260.0,1210500.0,8.0499e-07,7.96979e-07,0.00176736,0.0,0.0017662,0.00176656,0.00177197,631.598,0.0009
15.4,6037410.0,5684670.0,5385360.0,1210100.0,8.04546e-07,7.96533e-07,0.00176621,0.0,0.00176504,0.0017654,0.0017708,629.404,0.0009
15.405,6012070.0,5661120.0,5363320.0,1209180.0,8.0288e-07,7.94856e-07,0.00176176,0.0,0.00176059,0.00176095,0.00176631,629.045,0.0009
15.41,6012070.0,5661120.0,5363320.0,1209180.0,8.0288e-07,7.94856e-07,0.00176176,0.0,0.00176059,0.00176095,0.00176631,627.95,0.0009
15.415,5999510.0,5649450.0,5352420.0,1208950.0,8.02052e-07,7.94024e-07,0.00175951,0.0,0.00175834,0.0017587,0.00176404,627.95,0.0009
15.42,5995390.0,5645630.0,5348850.0,1208870.0,8.01781e-07,7.9375e-07,0.00175877,0.0,0.0017576,0.00175796,0.00176329,624.705,0.0009
15.425,5958230.0,5611140.0,5316620.0,1208300.0,7.99328e-07,7.91282e-07,0.00175207,0.0,0.0017509,0.00175125,0.00175653,626.136,0.0009
15.43,5958230.0,5611140.0,5316620.0,1208300.0,7.99328e-07,7.91282e-07,0.00175207,0.0,0.0017509,0.00175125,0.00175653,630.497,0.0009
15.435,6008240.0,5657570.0,5360010.0,1209200.0,8.02626e-07,7.946e-07,0.00176105,0.0,0.00175988,0.00176024,0.00176559,630.497,0.0009
15.44,6024640.0,5672800.0,5374240.0,1209490.0,8.03707e-07,7.95689e-07,0.00176399,0.0,0.00176283,0.00176319,0.00176857,632.899,0.0009
15.445,6052560.0,5698780.0,5398590.0,1210990.0,8.05541e-07,7.97534e-07,0.0017688,0.0,0.00176763,0.001768,0.00177342,631.538,0.0009
15.45,6052560.0,5698780.0,5398590.0,1210990.0,8.05541e-07,7.97534e-07,0.0017688,0.0,0.00176763,0.001768,0.00177342,627.386,0.0009
15.455,6004640.0,5654240.0,5356910.0,1209320.0,8.02389e-07,7.94362e-07,0.00176037,0.0,0.0017592,0.00175956,0.00176491,627.386,0.0009
15.46,5988920.0,5639630.0,5343240.0,1208770.0,8.01355e-07,7.93321e-07,0.0017576,0.0,0.00175644,0.00175679,0.00176212,625.891,0.0009
15.465,5971800.0,5623740.0,5328390.0,1208510.0,8.00225e-07,7.92185e-07,0.00175452,0.0,0.00175335,0.00175371,0.001759,627.211,0.0009
15.47,5971800.0,5623740.0,5328390.0,1208510.0,8.00225e-07,7.92185e-07,0.00175452,0.0,0.00175335,0.00175371,0.001759,631.235,0.0009
15.475,6018020.0,5666660.0,5368520.0,1209520.0,8.0327e-07,7.95249e-07,0.00176277,0.0,0.00176161,0.00176197,0.00176734,631.235,0.0009
15.48,6033180.0,5680740.0,5381680.0,1209860.0,8.04269e-07,7.96254e-07,0.00176548,0.0,0.00176432,0.00176468,0.00177007,625.125,0.0009
15.485,5963040.0,5615600.0,5320790.0,1208370.0,7.99646e-07,7.91602e-07,0.00175294,0.0,0.00175177,0.00175212,0.00175741,625.128,0.0009
15.49,5963040.0,5615600.0,5320790.0,1208370.0,7.99646e-07,7.91602e-07,0.00175294,0.0,0.00175177,0.00175212,0.00175741,625.136,0.0009
15.495,5963130.0,5615690.0,5320870.0,1208370.0,7.99652e-07,7.91608e-07,0.00175295,0.0,0.00175179,0.00175214,0.00175742,625.136,0.0009
15.5,5963160.0,5615720.0,5320900.0,1208370.0,7.99654e-07,7.9161e-07,0.00175296,0.0,0.00175179,0.00175215,0.00175743,628.924,0.0009
15.505,6006560.0,5656000.0,5358540.0,1209070.0,8.02517e-07,7.94491e-07,0.00176077,0.0,0.00175961,0.00175996,0.00176532,628.705,0.0009
15.51,6006560.0,5656000.0,5358540.0,1209070.0,8.02517e-07,7.94491e-07,0.00176077,0.0,0.00175961,0.00175996,0.00176532,628.038,0.0009
15.515,5998900.0,5648890.0,5351900.0,1208930.0,8.02013e-07,7.93984e-07,0.0017594,0.0,0.00175823,0.00175859,0.00176393,628.038,0.0009
15.52,5996390.0,5646560.0,5349720.0,1208890.0,8.01847e-07,7.93817e-07,0.00175895,0.0,0.00175778,0.00175814,0.00176347,630.301,0.0009
15.525,6022380.0,5670690.0,5372270.0,1209430.0,8.03558e-07,7.95539e-07,0.00176359,0.0,0.00176243,0.00176279,0.00176816,630.232,0.0009
15.53,6022380.0,5670690.0,5372270.0,1209430.0,8.03558e-07,7.95539e-07,0.00176359,0.0,0.00176243,0.00176279,0.00176816,630.024,0.0009
15.535,6019990.0,5668470.0,5370190.0,1209360.0,8.03401e-07,7.9538e-07,0.00176317,0.0,0.001762,0.00176236,0.00176773,630.024,0.0009
15.54,6019200.0,5667740.0,5369510.0,1209340.0,8.03349e-07,7.95328e-07,0.00176303,0.0,0.00176186,0.00176222,0.00176759,624.205,0.0009
15.545,5952510.0,5605830.0,5311660.0,1208210.0,7.98949e-07,7.90901e-07,0.00175103,0.0,0.00174987,0.00175022,0.00175549,625.258,0.0009
15.55,5952510.0,5605830.0,5311660.0,1208210.0,7.98949e-07,7.90901e-07,0.00175103,0.0,0.00174987,0.00175022,0.00175549,628.468,0.0009
15.555,5989270.0,5639950.0,5343540.0,1208780.0,8.01376e-07,7.93343e-07,0.00175766,0.0,0.0017565,0.00175685,0.00176218,628.468,0.0009
15.56,6001330.0,5651140.0,5354000.0,1208970.0,8.02172e-07,7.94144e-07,0.00175983,0.0,0.00175867,0.00175903,0.00176437,627.689,0.0009
15.565,5992400.0,5642860.0,5346260.0,1208820.0,8.01584e-07,7.93552e-07,0.00175823,0.0,0.00175706,0.00175742,0.00176275,628.636,0.0009
15.57,5992400.0,5642860.0,5346260.0,1208820.0,8.01584e-07,7.93552e-07,0.00175823,0.0,0.00175706,0.00175742,0.00176275,631.521,0.0009
15.575,6025610.0,5673710.0,5375110.0,1209750.0,8.0377e-07,7.95752e-07,0.00176412,0.0,0.00176295,0.00176331,0.00176869,631.521,0.0009
15.58,6036510.0,5683840.0,5384580.0,1210050.0,8.04487e-07,7.96473e-07,0.00176605,0.0,0.00176489,0.00176525,0.00177064,629.002,0.0009
15.585,6007450.0,5656830.0,5359310.0,1209080.0,8.02576e-07,7.9455e-07,0.00176093,0.0,0.00175977,0.00176012,0.00176548,628.959,0.0009
15.59,6007450.0,5656830.0,5359310.0,1209080.0,8.02576e-07,7.9455e-07,0.00176093,0.0,0.00175977,0.00176012,0.00176548,628.829,0.0009
15.595,6005960.0,5655450.0,5358020.0,1209060.0,8.02478e-07,7.94452e-07,0.00176067,0.0,0.0017595,0.00175986,0.00176521,628.829,0.0009
15.6,6005470.0,5654990.0,5357590.0,1209050.0,8.02445e-07,7.94419e-07,0.00176058,0.0,0.00175941,0.00175977,0.00176512,629.603,0.0009
15.605,6014360.0,5663240.0,5365310.0,1209230.0,8.03031e-07,7.95008e-07,0.00176217,0.0,0.001761,0.00176136,0.00176672,629.917,0.0009
15.61,6014360.0,5663240.0,5365310.0,1209230.0,8.03031e-07,7.95008e-07,0.00176217,0.0,0.001761,0.00176136,0.00176672,630.873,0.0009
15.615,6025370.0,5673480.0,5374880.0,1209540.0,8.03755e-07,7.95737e-07,0.00176412,0.0,0.00176295,0.00176331,0.00176869,630.873,0.0009
15.62,6028990.0,5676830.0,5378020.0,1209650.0,8.03993e-07,7.95976e-07,0.00176476,0.0,0.00176359,0.00176395,0.00176934,631.279,0.0009
15.625,6033690.0,5681220.0,5382120.0,1209890.0,8.04302e-07,7.96287e-07,0.00176557,0.0,0.0017644,0.00176476,0.00177016,630.191,0.0009
15.63,6033690.0,5681220.0,5382120.0,1209890.0,8.04302e-07,7.96287e-07,0.00176557,0.0,0.0017644,0.00176476,0.00177016,626.876,0.0009
15.635,5995580.0,5645820.0,5349030.0,1208980.0,8.01793e-07,7.93762e-07,0.00175878,0.0,0.00175761,0.00175797,0.0017633,626.876,0.0009
15.64,5983080.0,5634210.0,5338180.0,1208680.0,8.00969e-07,7.92934e-07,0.00175655,0.0,0.00175539,0.00175574,0.00176106,632.107,0.0009
15.645,6043330.0,5690190.0,5390540.0,1210450.0,8.04935e-07,7.96924e-07,0.00176722,0.0,0.00176606,0.00176642,0.00177182,632.024,0.0009
15.65,6043330.0,5690190.0,5390540.0,1210450.0,8.04935e-07,7.96924e-07,0.00176722,0.0,0.00176606,0.00176642,0.00177182,631.77,0.0009
15.655,6040380.0,5687440.0,5387960.0,1210280.0,8.04741e-07,7.96729e-07,0.00176671,0.0,0.00176555,0.00176591,0.00177131,631.77,0.0009
15.66,6039410.0,5686540.0,5387110.0,1210220.0,8.04677e-07,7.96665e-07,0.00176655,0.0,0.00176538,0.00176574,0.00177115,629.128,0.0009
15.665,6008900.0,5658170.0,5360570.0,1209110.0,8.02671e-07,7.94646e-07,0.00176119,0.0,0.00176003,0.00176038,0.00176574,629.053,0.0009
15.67,6008900.0,5658170.0,5360570.0,1209110.0,8.02671e-07,7.94646e-07,0.00176119,0.0,0.00176003,0.00176038,0.00176574,628.824,0.0009
15.675,6006280.0,5655740.0,5358290.0,1209060.0,8.02498e-07,7.94472e-07,0.00176072,0.0,0.00175956,0.00175991,0.00176526,628.824,0.0009
15.68,6005420.0,5654940.0,5357550.0,1209050.0,8.02442e-07,7.94415e-07,0.00176057,0.0,0.0017594,0.00175976,0.00176511,629.002,0.0009
15.685,6007460.0,5656830.0,5359320.0,1209090.0,8.02576e-07,7.94551e-07,0.00176093,0.0,0.00175977,0.00176012,0.00176548,628.926,0.0009
15.69,6007460.0,5656830.0,5359320.0,1209090.0,8.02576e-07,7.94551e-07,0.00176093,0.0,0.00175977,0.00176012,0.00176548,628.693,0.0009
15.695,6004790.0,5654360.0,5357000.0,1209040.0,8.024e-07,7.94374e-07,0.00176045,0.0,0.00175929,0.00175965,0.00176499,628.693,0.0009
15.7,6003910.0,5653540.0,5356240.0,1209020.0,8.02343e-07,7.94316e-07,0.0017603,0.0,0.00175913,0.00175949,0.00176484,629.504,0.0009
15.705,6013220.0,5662180.0,5364310.0,1209200.0,8.02955e-07,7.94932e-07,0.00176196,0.0,0.0017608,0.00176115,0.00176652,627.707,0.0009
15.71,6013220.0,5662180.0,5364310.0,1209200.0,8.02955e-07,7.94932e-07,0.00176196,0.0,0.0017608,0.00176115,0.00176652,622.23,0.0009
15.715,5950490.0,5603960.0,5309910.0,1208190.0,7.98812e-07,7.90763e-07,0.00175065,0.0,0.00174949,0.00174984,0.0017551,622.23,0.0009
15.72,5929920.0,5584860.0,5292070.0,1207860.0,7.97453e-07,7.89396e-07,0.00174694,0.0,0.00174578,0.00174613,0.00175136,632.973,0.0009
15.725,6053410.0,5699580.0,5399340.0,1211050.0,8.05597e-07,7.9759e-07,0.00176894,0.0,0.00176778,0.00176814,0.00177356,633.008,0.0009
15.73,6053410.0,5699580.0,5399340.0,1211050.0,8.05597e-07,7.9759e-07,0.00176894,0.0,0.00176778,0.00176814,0.00177356,633.118,0.0009
15.735,6054680.0,5700760.0,5400450.0,1211120.0,8.0568e-07,7.97674e-07,0.00176916,0.0,0.001768,0.00176836,0.00177378,633.118,0.0009
15.74,6055100.0,5701150.0,5400810.0,1211150.0,8.05708e-07,7.97702e-07,0.00176923,0.0,0.00176807,0.00176843,0.00177386,629.728,0.0009
15.745,6015790.0,5664570.0,5366550.0,1209260.0,8.03125e-07,7.95103e-07,0.00176242,0.0,0.00176126,0.00176161,0.00176698,629.902,0.0009
15.75,6015790.0,5664570.0,5366550.0,1209260.0,8.03125e-07,7.95103e-07,0.00176242,0.0,0.00176126,0.00176161,0.00176698,630.433,0.0009
15.755,6021910.0,5670250.0,5371860.0,1209420.0,8.03527e-07,7.95507e-07,0.00176351,0.0,0.00176234,0.0017627,0.00176808,630.433,0.0009
15.76,6023910.0,5672120.0,5373600.0,1209470.0,8.03659e-07,7.9564e-07,0.00176386,0.0,0.0017627,0.00176306,0.00176844,627.229,0.0009
15.765,5987130.0,5637970.0,5341690.0,1208750.0,8.01236e-07,7.93203e-07,0.00175728,0.0,0.00175612,0.00175647,0.00176179,628.678,0.0009
15.77,5987130.0,5637970.0,5341690.0,1208750.0,8.01236e-07,7.93203e-07,0.00175728,0.0,0.00175612,0.00175647,0.00176179,633.097,0.0009
15.775,6038130.0,5685380.0,5386050.0,1210540.0,8.04592e-07,7.96578e-07,0.00176625,0.0,0.00176509,0.00176545,0.00177084,633.097,0.0009
15.78,6054860.0,5700930.0,5400600.0,1211130.0,8.05692e-07,7.97686e-07,0.00176919,0.0,0.00176803,0.00176839,0.00177381,633.254,0.0009
15.785,6056690.0,5702630.0,5402200.0,1211240.0,8.05812e-07,7.97806e-07,0.00176951,0.0,0.00176834,0.0017687,0.00177413,632.016,0.0009
15.79,6056690.0,5702630.0,5402200.0,1211240.0,8.05812e-07,7.97806e-07,0.00176951,0.0,0.00176834,0.0017687,0.00177413,628.242,0.0009
15.795,6013050.0,5662050.0,5364210.0,1209500.0,8.02943e-07,7.94919e-07,0.00176187,0.0,0.00176071,0.00176106,0.00176643,628.242,0.0009
15.8,5998730.0,5648740.0,5351750.0,1208930.0,8.02001e-07,7.93972e-07,0.00175937,0.0,0.0017582,0.00175856,0.0017639,627.336,0.0009
15.805,5988360.0,5639110.0,5342750.0,1208770.0,8.01318e-07,7.93284e-07,0.0017575,0.0,0.00175634,0.00175669,0.00176201,627.378,0.0009
15.81,5988360.0,5639110.0,5342750.0,1208770.0,8.01318e-07,7.93284e-07,0.0017575,0.0,0.00175634,0.00175669,0.00176201,627.506,0.0009
15.815,5989820.0,5640460.0,5344020.0,1208790.0,8.01414e-07,7.93381e-07,0.00175776,0.0,0.0017566,0.00175696,0.00176228,627.506,0.0009
15.82,5990300.0,5640910.0,5344440.0,1208800.0,8.01446e-07,7.93413e-07,0.00175785,0.0,0.00175669,0.00175704,0.00176237,629.285,0.0009
15.825,6010700.0,5659850.0,5362130.0,1209150.0,8.0279e-07,7.94766e-07,0.00176151,0.0,0.00176035,0.00176071,0.00176606,628.174,0.0009
15.83,6010700.0,5659850.0,5362130.0,1209150.0,8.0279e-07,7.94766e-07,0.00176151,0.0,0.00176035,0.00176071,0.00176606,624.789,0.0009
15.835,5971910.0,5623840.0,5328490.0,1208520.0,8.00231e-07,7.9219e-07,0.00175453,0.0,0.00175337,0.00175372,0.00175902,624.789,0.0009
15.84,5959190.0,5612030.0,5317460.0,1208320.0,7.99391e-07,7.91346e-07,0.00175224,0.0,0.00175108,0.00175143,0.0017567,625.703,0.0009
15.845,5969650.0,5621740.0,5326530.0,1208480.0,8.00083e-07,7.92041e-07,0.00175413,0.0,0.00175296,0.00175332,0.00175861,626.998,0.0009
15.85,5969650.0,5621740.0,5326530.0,1208480.0,8.00083e-07,7.92041e-07,0.00175413,0.0,0.00175296,0.00175332,0.00175861,630.949,0.0009
15.855,6014990.0,5663840.0,5365880.0,1209390.0,8.0307e-07,7.95048e-07,0.00176225,0.0,0.00176108,0.00176144,0.0017668,630.949,0.0009
15.86,6029860.0,5677650.0,5378780.0,1209690.0,8.0405e-07,7.96034e-07,0.00176491,0.0,0.00176374,0.0017641,0.00176949,631.15,0.0009
15.865,6032190.0,5679820.0,5380810.0,1209800.0,8.04203e-07,7.96188e-07,0.00176531,0.0,0.00176415,0.00176451,0.0017699,629.899,0.0009
15.87,6032190.0,5679820.0,5380810.0,1209800.0,8.04203e-07,7.96188e-07,0.00176531,0.0,0.00176415,0.00176451,0.0017699,626.087,0.0009
15.875,5988410.0,5639160.0,5342800.0,1208860.0,8.01319e-07,7.93285e-07,0.00175749,0.0,0.00175632,0.00175668,0.001762,626.087,0.0009
15.88,5974050.0,5625820.0,5330340.0,1208550.0,8.00373e-07,7.92333e-07,0.00175492,0.0,0.00175376,0.00175411,0.00175941,626.589,0.0009
15.885,5979800.0,5631160.0,5335330.0,1208630.0,8.00753e-07,7.92716e-07,0.00175596,0.0,0.00175479,0.00175515,0.00176046,627.547,0.0009
15.89,5979800.0,5631160.0,5335330.0,1208630.0,8.00753e-07,7.92716e-07,0.00175596,0.0,0.00175479,0.00175515,0.00176046,630.469,0.0009
15.895,6013330.0,5662290.0,5364420.0,1209280.0,8.02962e-07,7.94938e-07,0.00176197,0.0,0.0017608,0.00176116,0.00176652,630.469,0.0009
15.9,6024320.0,5672500.0,5373960.0,1209490.0,8.03686e-07,7.95667e-07,0.00176394,0.0,0.00176277,0.00176313,0.00176851,629.849,0.0009
15.905,6017180.0,5665870.0,5367760.0,1209300.0,8.03216e-07,7.95195e-07,0.00176267,0.0,0.0017615,0.00176186,0.00176723,629.876,0.0009
15.91,6017180.0,5665870.0,5367760.0,1209300.0,8.03216e-07,7.95195e-07,0.00176267,0.0,0.0017615,0.00176186,0.00176723,629.958,0.0009
15.915,6018130.0,5666740.0,5368580.0,1209320.0,8.03279e-07,7.95257e-07,0.00176284,0.0,0.00176167,0.00176203,0.0017674,629.958,0.0009
15.92,6018440.0,5667030.0,5368850.0,1209330.0,8.03299e-07,7.95278e-07,0.00176289,0.0,0.00176173,0.00176209,0.00176746,628.648,0.0009
15.925,6003390.0,5653060.0,5355790.0,1209010.0,8.02308e-07,7.94281e-07,0.0017602,0.0,0.00175904,0.0017594,0.00176474,627.98,0.0009
15.93,6003390.0,5653060.0,5355790.0,1209010.0,8.02308e-07,7.94281e-07,0.0017602,0.0,0.00175904,0.0017594,0.00176474,625.946,0.0009
15.935,5980080.0,5631430.0,5335580.0,1208640.0,8.00771e-07,7.92734e-07,0.00175601,0.0,0.00175484,0.0017552,0.00176051,625.946,0.0009
15.94,5972440.0,5624330.0,5328950.0,1208520.0,8.00267e-07,7.92227e-07,0.00175463,0.0,0.00175347,0.00175382,0.00175912,626.687,0.0009
15.945,5980920.0,5632210.0,5336300.0,1208650.0,8.00827e-07,7.9279e-07,0.00175616,0.0,0.001755,0.00175535,0.00176066,626.86,0.0009
15.95,5980920.0,5632210.0,5336300.0,1208650.0,8.00827e-07,7.9279e-07,0.00175616,0.0,0.001755,0.00175535,0.00176066,627.387,0.0009
15.955,5986960.0,5637810.0,5341540.0,1208750.0,8.01225e-07,7.93191e-07,0.00175725,0.0,0.00175608,0.00175644,0.00176176,627.387,0.0009
15.96,5988950.0,5639650.0,5343260.0,1208780.0,8.01356e-07,7.93323e-07,0.00175761,0.0,0.00175644,0.0017568,0.00176212,630.271,0.0009
15.965,6022040.0,5670380.0,5371980.0,1209420.0,8.03536e-07,7.95517e-07,0.00176353,0.0,0.00176237,0.00176273,0.0017681,628.859,0.0009
15.97,6022040.0,5670380.0,5371980.0,1209420.0,8.03536e-07,7.95517e-07,0.00176353,0.0,0.00176237,0.00176273,0.0017681,624.555,0.0009
15.975,5972700.0,5624580.0,5329180.0,1208560.0,8.00282e-07,7.92242e-07,0.00175467,0.0,0.0017535,0.00175385,0.00175915,624.555,0.0009
15.98,5956520.0,5609550.0,5315140.0,1208280.0,7.99215e-07,7.91168e-07,0.00175176,0.0,0.00175059,0.00175094,0.00175622,627.938,0.0009
15.985,5995250.0,5645500.0,5348730.0,1208880.0,8.01772e-07,7.93741e-07,0.00175874,0.0,0.00175758,0.00175793,0.00176327,628.553,0.0009
15.99,5995250.0,5645500.0,5348730.0,1208880.0,8.01772e-07,7.93741e-07,0.00175874,0.0,0.00175758,0.00175793,0.00176327,630.428,0.0009
15.995,6016790.0,5665500.0,5367420.0,1209330.0,8.0319e-07,7.95168e-07,0.00176259,0.0,0.00176142,0.00176178,0.00176715,630.428,0.0009
16.0,6023850.0,5672060.0,5373550.0,1209480.0,8.03655e-07,7.95636e-07,0.00176385,0.0,0.00176269,0.00176305,0.00176842,627.44,0.0009
16.005,5989540.0,5640200.0,5343780.0,1208790.0,8.01395e-07,7.93363e-07,0.00175771,0.0,0.00175655,0.0017569,0.00176223,627.325,0.0009
16.01,5989540.0,5640200.0,5343780.0,1208790.0,8.01395e-07,7.93363e-07,0.00175771,0.0,0.00175655,0.0017569,0.00176223,626.974,0.0009
16.015,5985530.0,5636480.0,5340300.0,1208720.0,8.01131e-07,7.93096e-07,0.00175699,0.0,0.00175583,0.00175618,0.0017615,626.974,0.0009
16.02,5984210.0,5635260.0,5339150.0,1208700.0,8.01044e-07,7.93009e-07,0.00175675,0.0,0.00175559,0.00175594,0.00176126,627.997,0.0009
16.025,5995930.0,5646130.0,5349310.0,1208890.0,8.01816e-07,7.93786e-07,0.00175886,0.0,0.0017577,0.00175805,0.00176339,629.278,0.0009
16.03,5995930.0,5646130.0,5349310.0,1208890.0,8.01816e-07,7.93786e-07,0.00175886,0.0,0.0017577,0.00175805,0.00176339,633.183,0.0009
16.035,6041060.0,5688100.0,5388600.0,1210620.0,8.04784e-07,7.96773e-07,0.00176677,0.0,0.00176561,0.00176597,0.00177137,633.183,0.0009
16.04,6055870.0,5701870.0,5401480.0,1211190.0,8.05758e-07,7.97752e-07,0.00176936,0.0,0.0017682,0.00176856,0.00177399,628.051,0.0009
16.045,5996550.0,5646710.0,5349850.0,1208900.0,8.01857e-07,7.93827e-07,0.00175897,0.0,0.00175781,0.00175817,0.0017635,627.506,0.0009
16.05,5996550.0,5646710.0,5349850.0,1208900.0,8.01857e-07,7.93827e-07,0.00175897,0.0,0.00175781,0.00175817,0.0017635,625.843,0.0009
16.055,5977510.0,5629030.0,5333340.0,1208600.0,8.00601e-07,7.92563e-07,0.00175554,0.0,0.00175438,0.00175473,0.00176004,625.843,0.0009
16.06,5971260.0,5623240.0,5327930.0,1208510.0,8.00189e-07,7.92149e-07,0.00175442,0.0,0.00175325,0.00175361,0.0017589,630.639,0.0009
16.065,6026280.0,5674320.0,5375660.0,1209550.0,8.03815e-07,7.95797e-07,0.00176428,0.0,0.00176312,0.00176347,0.00176886,629.857,0.0009
16.07,6026280.0,5674320.0,5375660.0,1209550.0,8.03815e-07,7.95797e-07,0.00176428,0.0,0.00176312,0.00176347,0.00176886,627.473,0.0009
16.075,5998900.0,5648900.0,5351900.0,1208980.0,8.02012e-07,7.93983e-07,0.00175939,0.0,0.00175822,0.00175858,0.00176392,627.473,0.0009
16.08,5989920.0,5640560.0,5344110.0,1208790.0,8.01421e-07,7.93388e-07,0.00175778,0.0,0.00175662,0.00175697,0.0017623,631.455,0.0009
16.085,6035750.0,5683130.0,5383910.0,1210010.0,8.04437e-07,7.96423e-07,0.00176592,0.0,0.00176475,0.00176512,0.00177051,631.141,0.0009
16.09,6035750.0,5683130.0,5383910.0,1210010.0,8.04437e-07,7.96423e-07,0.00176592,0.0,0.00176475,0.00176512,0.00177051,630.183,0.0009
16.095,6024670.0,5672820.0,5374270.0,1209550.0,8.03709e-07,7.9569e-07,0.00176399,0.0,0.00176282,0.00176318,0.00176856,630.183,0.0009
16.1,6021030.0,5669440.0,5371100.0,1209400.0,8.0347e-07,7.9545e-07,0.00176335,0.0,0.00176219,0.00176255,0.00176792,629.088,0.0009
16.105,6008450.0,5657750.0,5360180.0,1209110.0,8.02641e-07,7.94616e-07,0.00176111,0.0,0.00175994,0.0017603,0.00176566,629.066,0.0009
16.11,6008450.0,5657750.0,5360180.0,1209110.0,8.02641e-07,7.94616e-07,0.00176111,0.0,0.00175994,0.0017603,0.00176566,628.999,0.0009
16.115,6007680.0,5657040.0,5359510.0,1209100.0,8.02591e-07,7.94565e-07,0.00176097,0.0,0.00175981,0.00176016,0.00176552,628.999,0.0009
16.12,6007430.0,5656800.0,5359290.0,1209090.0,8.02574e-07,7.94548e-07,0.00176093,0.0,0.00175976,0.00176012,0.00176547,629.82,0.0009
16.125,6016850.0,5665560.0,5367470.0,1209290.0,8.03195e-07,7.95173e-07,0.00176261,0.0,0.00176144,0.0017618,0.00176717,630.188,0.0009
16.13,6016850.0,5665560.0,5367470.0,1209290.0,8.03195e-07,7.95173e-07,0.00176261,0.0,0.00176144,0.0017618,0.00176717,631.309,0.0009
16.135,6029800.0,5677600.0,5378740.0,1209760.0,8.04046e-07,7.9603e-07,0.00176488,0.0,0.00176372,0.00176408,0.00176946,631.309,0.0009
16.14,6034050.0,5681550.0,5382430.0,1209920.0,8.04325e-07,7.96311e-07,0.00176563,0.0,0.00176446,0.00176482,0.00177022,626.57,0.0009
16.145,5979590.0,5630960.0,5335140.0,1208630.0,8.00739e-07,7.92702e-07,0.00175592,0.0,0.00175475,0.00175511,0.00176042,626.2,0.0009
16.15,5979590.0,5630960.0,5335140.0,1208640.0,8.00739e-07,7.92702e-07,0.00175592,0.0,0.00175475,0.00175511,0.00176042,625.072,0.0009
16.155,5966670.0,5618980.0,5323940.0,1208440.0,7.99886e-07,7.91843e-07,0.00175359,0.0,0.00175242,0.00175278,0.00175807,625.072,0.0009
16.16,5962430.0,5615040.0,5320270.0,1208370.0,7.99606e-07,7.91562e-07,0.00175282,0.0,0.00175166,0.00175201,0.0017573,628.204,0.0009
16.165,5998300.0,5648330.0,5351370.0,1208930.0,8.01973e-07,7.93944e-07,0.00175929,0.0,0.00175812,0.00175848,0.00176382,627.741,0.0009
16.17,5998300.0,5648330.0,5351370.0,1208930.0,8.01973e-07,7.93944e-07,0.00175929,0.0,0.00175812,0.00175848,0.00176382,626.329,0.0009
16.175,5982130.0,5633320.0,5337350.0,1208680.0,8.00906e-07,7.9287e-07,0.00175638,0.0,0.00175521,0.00175557,0.00176088,626.329,0.0009
16.18,5976820.0,5628400.0,5332750.0,1208590.0,8.00556e-07,7.92518e-07,0.00175542,0.0,0.00175426,0.00175461,0.00175991,628.847,0.0009
16.185,6005670.0,5655180.0,5357770.0,1209060.0,8.02459e-07,7.94432e-07,0.00176061,0.0,0.00175945,0.0017598,0.00176515,628.871,0.0009
16.19,6005670.0,5655180.0,5357770.0,1209060.0,8.02459e-07,7.94432e-07,0.00176061,0.0,0.00175945,0.0017598,0.00176515,628.946,0.0009
16.195,6006540.0,5655980.0,5358520.0,1209070.0,8.02516e-07,7.9449e-07,0.00176077,0.0,0.0017596,0.00175996,0.00176531,628.946,0.0009
16.2,6006820.0,5656240.0,5358760.0,1209080.0,8.02534e-07,7.94508e-07,0.00176082,0.0,0.00175965,0.00176001,0.00176536,624.949,0.0009
16.205,5961020.0,5613730.0,5319050.0,1208350.0,7.99512e-07,7.91468e-07,0.00175257,0.0,0.0017514,0.00175176,0.00175704,625.844,0.0009
16.21,5961020.0,5613730.0,5319050.0,1208350.0,7.99512e-07,7.91468e-07,0.00175257,0.0,0.0017514,0.00175176,0.00175704,628.573,0.0009
16.215,5992280.0,5642750.0,5346150.0,1208840.0,8.01575e-07,7.93543e-07,0.0017582,0.0,0.00175704,0.00175739,0.00176272,628.573,0.0009
16.22,6002530.0,5652260.0,5355050.0,1209000.0,8.02252e-07,7.94224e-07,0.00176005,0.0,0.00175888,0.00175924,0.00176459,627.102,0.0009
16.225,5985680.0,5636620.0,5340430.0,1208730.0,8.01141e-07,7.93106e-07,0.00175702,0.0,0.00175585,0.00175621,0.00176153,626.959,0.0009
16.23,5985680.0,5636620.0,5340430.0,1208730.0,8.01141e-07,7.93106e-07,0.00175702,0.0,0.00175585,0.00175621,0.00176153,626.522,0.0009
16.235,5980670.0,5631970.0,5336090.0,1208650.0,8.0081e-07,7.92774e-07,0.00175611,0.0,0.00175495,0.0017553,0.00176062,626.522,0.0009
16.24,5979030.0,5630450.0,5334660.0,1208630.0,8.00702e-07,7.92665e-07,0.00175582,0.0,0.00175465,0.00175501,0.00176032,626.039,0.0009
16.245,5973500.0,5625310.0,5329870.0,1208540.0,8.00337e-07,7.92297e-07,0.00175482,0.0,0.00175366,0.00175401,0.00175931,626.743,0.0009
16.25,5973500.0,5625310.0,5329870.0,1208540.0,8.00337e-07,7.92297e-07,0.00175482,0.0,0.00175366,0.00175401,0.00175931,628.89,0.0009
16.255,5998110.0,5648160.0,5351210.0,1208940.0,8.0196e-07,7.9393e-07,0.00175925,0.0,0.00175808,0.00175844,0.00176378,628.89,0.0009
16.26,6006180.0,5655650.0,5358210.0,1209070.0,8.02492e-07,7.94466e-07,0.0017607,0.0,0.00175954,0.00175989,0.00176525,627.907,0.0009
16.265,5994900.0,5645180.0,5348430.0,1208870.0,8.01749e-07,7.93718e-07,0.00175868,0.0,0.00175751,0.00175787,0.0017632,628.393,0.0009
16.27,5994900.0,5645180.0,5348430.0,1208870.0,8.01749e-07,7.93718e-07,0.00175868,0.0,0.00175751,0.00175787,0.0017632,629.874,0.0009
16.275,6011900.0,5660960.0,5363180.0,1209200.0,8.02868e-07,7.94845e-07,0.00176172,0.0,0.00176056,0.00176091,0.00176627,629.874,0.0009
16.28,6017470.0,5666140.0,5368010.0,1209310.0,8.03236e-07,7.95214e-07,0.00176272,0.0,0.00176155,0.00176191,0.00176728,630.815,0.0009
16.285,6028320.0,5676220.0,5377440.0,1209630.0,8.03949e-07,7.95932e-07,0.00176464,0.0,0.00176347,0.00176383,0.00176922,630.506,0.0009
16.29,6028320.0,5676220.0,5377440.0,1209630.0,8.03949e-07,7.95932e-07,0.00176464,0.0,0.00176347,0.00176383,0.00176922,629.561,0.0009
16.295,6017450.0,5666110.0,5367990.0,1209330.0,8.03234e-07,7.95212e-07,0.00176271,0.0,0.00176155,0.0017619,0.00176727,629.561,0.0009
16.3,6013880.0,5662800.0,5364890.0,1209230.0,8.02999e-07,7.94976e-07,0.00176208,0.0,0.00176091,0.00176127,0.00176663,627.208,0.0009
16.305,5986890.0,5637740.0,5341480.0,1208750.0,8.0122e-07,7.93186e-07,0.00175723,0.0,0.00175607,0.00175643,0.00176175,627.619,0.0009
16.31,5986890.0,5637740.0,5341480.0,1208750.0,8.0122e-07,7.93186e-07,0.00175723,0.0,0.00175607,0.00175643,0.00176175,628.872,0.0009
16.315,6001260.0,5651080.0,5353940.0,1208990.0,8.02168e-07,7.94139e-07,0.00175982,0.0,0.00175865,0.00175901,0.00176435,628.872,0.0009
16.32,6005970.0,5655460.0,5358030.0,1209070.0,8.02478e-07,7.94452e-07,0.00176066,0.0,0.0017595,0.00175986,0.00176521,630.512,0.0009
16.325,6024820.0,5672960.0,5374390.0,1209510.0,8.03719e-07,7.957e-07,0.00176402,0.0,0.00176286,0.00176322,0.0017686,629.162,0.0009
16.33,6024820.0,5672960.0,5374390.0,1209510.0,8.03719e-07,7.957e-07,0.00176402,0.0,0.00176286,0.00176322,0.0017686,625.046,0.0009
16.335,5977620.0,5629140.0,5333440.0,1208650.0,8.00607e-07,7.92569e-07,0.00175555,0.0,0.00175438,0.00175474,0.00176004,625.046,0.0009
16.34,5962140.0,5614770.0,5320010.0,1208370.0,7.99586e-07,7.91542e-07,0.00175277,0.0,0.00175161,0.00175196,0.00175724,626.444,0.0009
16.345,5978150.0,5629630.0,5333900.0,1208620.0,8.00644e-07,7.92606e-07,0.00175566,0.0,0.00175449,0.00175485,0.00176016,626.684,0.0009
16.35,5978150.0,5629630.0,5333900.0,1208620.0,8.00644e-07,7.92606e-07,0.00175566,0.0,0.00175449,0.00175485,0.00176016,627.416,0.0009
16.355,5986530.0,5637410.0,5341160.0,1208740.0,8.01197e-07,7.93162e-07,0.00175717,0.0,0.001756,0.00175636,0.00176168,627.416,0.0009
16.36,5989280.0,5639960.0,5343550.0,1208790.0,8.01378e-07,7.93345e-07,0.00175766,0.0,0.0017565,0.00175686,0.00176218,626.507,0.0009
16.365,5978860.0,5630290.0,5334510.0,1208630.0,8.00691e-07,7.92653e-07,0.00175579,0.0,0.00175462,0.00175498,0.00176029,626.408,0.0009
16.37,5978860.0,5630290.0,5334510.0,1208630.0,8.00691e-07,7.92653e-07,0.00175579,0.0,0.00175462,0.00175498,0.00176029,626.107,0.0009
16.375,5975420.0,5627090.0,5331530.0,1208570.0,8.00463e-07,7.92425e-07,0.00175517,0.0,0.001754,0.00175436,0.00175966,626.107,0.0009
16.38,5974290.0,5626040.0,5330550.0,1208560.0,8.00389e-07,7.92349e-07,0.00175496,0.0,0.0017538,0.00175415,0.00175945,625.594,0.0009
16.385,5968400.0,5620580.0,5325450.0,1208470.0,8e-07,7.91958e-07,0.0017539,0.0,0.00175274,0.00175309,0.00175838,626.822,0.0009
16.39,5968400.0,5620580.0,5325450.0,1208470.0,8e-07,7.91958e-07,0.0017539,0.0,0.00175274,0.00175309,0.00175838,630.566,0.0009
16.395,6011360.0,5660460.0,5362720.0,1209270.0,8.02831e-07,7.94807e-07,0.00176161,0.0,0.00176044,0.0017608,0.00176616,630.566,0.0009
16.4,6025450.0,5673540.0,5374940.0,1209530.0,8.0376e-07,7.95742e-07,0.00176413,0.0,0.00176297,0.00176333,0.00176871,629.98,0.0009
16.405,6018690.0,5667270.0,5369070.0,1209340.0,8.03316e-07,7.95295e-07,0.00176294,0.0,0.00176177,0.00176213,0.0017675,630.348,0.0009
16.41,6018690.0,5667270.0,5369070.0,1209340.0,8.03316e-07,7.95295e-07,0.00176294,0.0,0.00176177,0.00176213,0.0017675,631.472,0.0009
16.415,6031690.0,5679350.0,5380380.0,1209860.0,8.0417e-07,7.96155e-07,0.00176521,0.0,0.00176404,0.0017644,0.00176979,631.472,0.0009
16.42,6035950.0,5683320.0,5384090.0,1210030.0,8.0445e-07,7.96437e-07,0.00176595,0.0,0.00176479,0.00176515,0.00177055,627.184,0.0009
16.425,5986620.0,5637490.0,5341240.0,1208750.0,8.01203e-07,7.93169e-07,0.00175719,0.0,0.00175602,0.00175638,0.0017617,627.895,0.0009
16.43,5986620.0,5637490.0,5341240.0,1208750.0,8.01203e-07,7.93169e-07,0.00175719,0.0,0.00175602,0.00175638,0.0017617,630.062,0.0009
16.435,6011480.0,5660570.0,5362820.0,1209210.0,8.02841e-07,7.94817e-07,0.00176164,0.0,0.00176048,0.00176083,0.00176619,630.062,0.0009
16.44,6019640.0,5668140.0,5369890.0,1209360.0,8.03378e-07,7.95357e-07,0.0017631,0.0,0.00176194,0.0017623,0.00176767,630.853,0.0009
16.445,6028760.0,5676630.0,5377820.0,1209650.0,8.03978e-07,7.95961e-07,0.00176471,0.0,0.00176355,0.00176391,0.0017693,630.667,0.0009
16.45,6028760.0,5676630.0,5377820.0,1209650.0,8.03978e-07,7.95961e-07,0.00176471,0.0,0.00176355,0.00176391,0.0017693,630.099,0.0009
16.455,6022210.0,5670540.0,5372130.0,1209440.0,8.03547e-07,7.95528e-07,0.00176356,0.0,0.00176239,0.00176275,0.00176813,630.099,0.0009
16.46,6020070.0,5668540.0,5370260.0,1209380.0,8.03406e-07,7.95386e-07,0.00176318,0.0,0.00176201,0.00176237,0.00176775,629.29,0.0009
16.465,6010760.0,5659910.0,5362190.0,1209160.0,8.02794e-07,7.9477e-07,0.00176152,0.0,0.00176036,0.00176072,0.00176607,629.024,0.0009
16.47,6010760.0,5659910.0,5362190.0,1209160.0,8.02794e-07,7.9477e-07,0.00176152,0.0,0.00176036,0.00176072,0.00176607,628.213,0.0009
16.475,6001460.0,5651270.0,5354110.0,1208990.0,8.02181e-07,7.94153e-07,0.00175985,0.0,0.00175869,0.00175905,0.00176439,628.213,0.0009
16.48,5998400.0,5648430.0,5351460.0,1208930.0,8.0198e-07,7.9395e-07,0.00175931,0.0,0.00175814,0.0017585,0.00176384,626.909,0.0009
16.485,5983460.0,5634560.0,5338510.0,1208700.0,8.00995e-07,7.92959e-07,0.00175662,0.0,0.00175545,0.00175581,0.00176112,627.527,0.0009
16.49,5983460.0,5634560.0,5338510.0,1208700.0,8.00995e-07,7.92959e-07,0.00175662,0.0,0.00175545,0.00175581,0.00176112,629.413,0.0009
16.495,6005080.0,5654630.0,5357260.0,1209070.0,8.02419e-07,7.94393e-07,0.0017605,0.0,0.00175934,0.00175969,0.00176504,629.413,0.0009
16.5,6012180.0,5661220.0,5363410.0,1209190.0,8.02887e-07,7.94863e-07,0.00176177,0.0,0.00176061,0.00176097,0.00176633,627.863,0.0009
16.505,5994390.0,5644710.0,5347980.0,1208870.0,8.01715e-07,7.93684e-07,0.00175859,0.0,0.00175742,0.00175778,0.00176311,628.088,0.0009
16.51,5994390.0,5644710.0,5347980.0,1208870.0,8.01715e-07,7.93684e-07,0.00175859,0.0,0.00175742,0.00175778,0.00176311,628.774,0.0009
16.515,6002270.0,5652010.0,5354810.0,1209000.0,8.02234e-07,7.94206e-07,0.00176,0.0,0.00175883,0.00175919,0.00176454,628.774,0.0009
16.52,6004850.0,5654410.0,5357050.0,1209050.0,8.02404e-07,7.94378e-07,0.00176046,0.0,0.0017593,0.00175966,0.001765,630.318,0.0009
16.525,6022580.0,5670880.0,5372450.0,1209450.0,8.03571e-07,7.95552e-07,0.00176363,0.0,0.00176246,0.00176282,0.0017682,629.552,0.0009
16.53,6022580.0,5670880.0,5372450.0,1209450.0,8.03571e-07,7.95552e-07,0.00176363,0.0,0.00176246,0.00176282,0.0017682,627.216,0.0009
16.535,5995780.0,5645990.0,5349190.0,1208920.0,8.01806e-07,7.93776e-07,0.00175883,0.0,0.00175766,0.00175802,0.00176335,627.216,0.0009
16.54,5986990.0,5637830.0,5341560.0,1208750.0,8.01227e-07,7.93193e-07,0.00175725,0.0,0.00175609,0.00175644,0.00176176,627.469,0.0009
16.545,5989880.0,5640520.0,5344070.0,1208800.0,8.01418e-07,7.93385e-07,0.00175777,0.0,0.00175661,0.00175696,0.00176229,628.115,0.0009
16.55,5989880.0,5640520.0,5344070.0,1208800.0,8.01418e-07,7.93385e-07,0.00175777,0.0,0.00175661,0.00175696,0.00176229,630.083,0.0009
16.555,6012470.0,5661490.0,5363670.0,1209230.0,8.02906e-07,7.94882e-07,0.00176182,0.0,0.00176065,0.00176101,0.00176637,630.083,0.0009
16.56,6019880.0,5668370.0,5370100.0,1209370.0,8.03394e-07,7.95373e-07,0.00176315,0.0,0.00176198,0.00176234,0.00176771,626.721,0.0009
16.565,5981310.0,5632570.0,5336640.0,1208670.0,8.00853e-07,7.92816e-07,0.00175623,0.0,0.00175506,0.00175542,0.00176073,626.23,0.0009
16.57,5981310.0,5632570.0,5336640.0,1208670.0,8.00853e-07,7.92816e-07,0.00175623,0.0,0.00175506,0.00175542,0.00176073,624.734,0.0009
16.575,5964190.0,5616670.0,5321790.0,1208400.0,7.99721e-07,7.91678e-07,0.00175314,0.0,0.00175197,0.00175233,0.00175761,624.734,0.0009
16.58,5958570.0,5611460.0,5316920.0,1208320.0,7.9935e-07,7.91304e-07,0.00175213,0.0,0.00175096,0.00175131,0.00175659,630.219,0.0009
16.585,6021440.0,5669820.0,5371460.0,1209410.0,8.03497e-07,7.95477e-07,0.00176342,0.0,0.00176226,0.00176262,0.00176799,629.975,0.0009
16.59,6021440.0,5669820.0,5371460.0,1209410.0,8.03497e-07,7.95477e-07,0.00176342,0.0,0.00176226,0.00176262,0.00176799,629.232,0.0009
16.595,6012900.0,5661890.0,5364040.0,1209220.0,8.02934e-07,7.94911e-07,0.0017619,0.0,0.00176074,0.0017611,0.00176646,629.232,0.0009
16.6,6010100.0,5659290.0,5361610.0,1209150.0,8.0275e-07,7.94726e-07,0.0017614,0.0,0.00176024,0.0017606,0.00176595,629.619,0.0009
16.605,6014550.0,5663420.0,5365470.0,1209240.0,8.03043e-07,7.9502e-07,0.0017622,0.0,0.00176103,0.00176139,0.00176675,630.078,0.0009
16.61,6014550.0,5663420.0,5365470.0,1209240.0,8.03043e-07,7.9502e-07,0.0017622,0.0,0.00176103,0.00176139,0.00176675,631.476,0.0009
16.615,6030700.0,5678440.0,5379530.0,1209840.0,8.04105e-07,7.96089e-07,0.00176503,0.0,0.00176387,0.00176423,0.00176962,631.476,0.0009
16.62,6036000.0,5683360.0,5384140.0,1210040.0,8.04454e-07,7.9644e-07,0.00176596,0.0,0.0017648,0.00176516,0.00177055,627.633,0.0009
16.625,5991760.0,5642270.0,5345700.0,1208830.0,8.01542e-07,7.9351e-07,0.00175811,0.0,0.00175695,0.0017573,0.00176263,627.229,0.0009
16.63,5991760.0,5642270.0,5345700.0,1208830.0,8.01542e-07,7.9351e-07,0.00175811,0.0,0.00175695,0.0017573,0.00176263,625.996,0.0009
16.635,5977640.0,5629160.0,5333460.0,1208610.0,8.0061e-07,7.92572e-07,0.00175557,0.0,0.0017544,0.00175476,0.00176006,625.996,0.0009
16.64,5973010.0,5624860.0,5329440.0,1208540.0,8.00304e-07,7.92264e-07,0.00175473,0.0,0.00175357,0.00175392,0.00175922,624.96,0.0009
16.645,5961150.0,5613850.0,5319160.0,1208360.0,7.99521e-07,7.91476e-07,0.00175259,0.0,0.00175143,0.00175178,0.00175706,626.248,0.0009
16.65,5961150.0,5613850.0,5319160.0,1208360.0,7.99521e-07,7.91476e-07,0.00175259,0.0,0.00175143,0.00175178,0.00175706,630.174,0.0009
16.655,6006160.0,5655640.0,5358210.0,1209140.0,8.02489e-07,7.94463e-07,0.00176068,0.0,0.00175951,0.00175987,0.00176522,630.174,0.0009
16.66,6020930.0,5669340.0,5371010.0,1209400.0,8.03463e-07,7.95443e-07,0.00176333,0.0,0.00176217,0.00176253,0.0017679,623.928,0.0009
16.665,5949340.0,5602900.0,5308920.0,1208180.0,7.9874e-07,7.9069e-07,0.00175046,0.0,0.00174929,0.00174964,0.00175491,624.355,0.0009
16.67,5949340.0,5602900.0,5308920.0,1208180.0,7.9874e-07,7.9069e-07,0.00175046,0.0,0.00174929,0.00174964,0.00175491,625.656,0.0009
16.675,5964240.0,5616720.0,5321830.0,1208410.0,7.99725e-07,7.91681e-07,0.00175315,0.0,0.00175198,0.00175234,0.00175762,625.656,0.0009
16.68,5969120.0,5621250.0,5326070.0,1208480.0,8.00047e-07,7.92006e-07,0.00175403,0.0,0.00175287,0.00175322,0.00175851,627.856,0.0009
16.685,5994320.0,5644640.0,5347920.0,1208870.0,8.01711e-07,7.9368e-07,0.00175857,0.0,0.00175741,0.00175776,0.0017631,627.776,0.0009
16.69,5994320.0,5644640.0,5347920.0,1208870.0,8.01711e-07,7.9368e-07,0.00175857,0.0,0.00175741,0.00175776,0.0017631,627.53,0.0009
16.695,5991510.0,5642030.0,5345480.0,1208830.0,8.01525e-07,7.93493e-07,0.00175807,0.0,0.0017569,0.00175726,0.00176258,627.53,0.0009
16.7,5990580.0,5641170.0,5344680.0,1208810.0,8.01464e-07,7.93432e-07,0.0017579,0.0,0.00175673,0.00175709,0.00176242,624.159,0.0009
16.705,5951990.0,5605350.0,5311210.0,1208220.0,7.98915e-07,7.90867e-07,0.00175094,0.0,0.00174977,0.00175012,0.00175539,624.837,0.0009
16.71,5951990.0,5605350.0,5311210.0,1208220.0,7.98915e-07,7.90867e-07,0.00175094,0.0,0.00174977,0.00175012,0.00175539,626.902,0.0009
16.715,5975630.0,5627290.0,5331710.0,1208580.0,8.00477e-07,7.92438e-07,0.0017552,0.0,0.00175404,0.00175439,0.0017597,626.902,0.0009
16.72,5983380.0,5634490.0,5338440.0,1208700.0,8.00989e-07,7.92954e-07,0.0017566,0.0,0.00175544,0.00175579,0.00176111,623.951,0.0009
16.725,5949610.0,5603140.0,5309150.0,1208180.0,7.98758e-07,7.90708e-07,0.00175051,0.0,0.00174934,0.00174969,0.00175495,624.544,0.0009
16.73,5949610.0,5603140.0,5309150.0,1208180.0,7.98758e-07,7.90708e-07,0.00175051,0.0,0.00174934,0.00174969,0.00175495,626.352,0.0009
16.735,5970300.0,5622350.0,5327090.0,1208500.0,8.00125e-07,7.92084e-07,0.00175424,0.0,0.00175308,0.00175343,0.00175873,626.352,0.0009
16.74,5977090.0,5628650.0,5332980.0,1208600.0,8.00574e-07,7.92536e-07,0.00175547,0.0,0.0017543,0.00175466,0.00175996,624.761,0.0009
16.745,5958870.0,5611740.0,5317180.0,1208320.0,7.9937e-07,7.91324e-07,0.00175218,0.0,0.00175102,0.00175137,0.00175664,625.358,0.0009
16.75,5958870.0,5611740.0,5317180.0,1208320.0,7.9937e-07,7.91324e-07,0.00175218,0.0,0.00175102,0.00175137,0.00175664,627.18,0.0009
16.755,5979730.0,5631100.0,5335270.0,1208650.0,8.00748e-07,7.92711e-07,0.00175594,0.0,0.00175478,0.00175513,0.00176044,627.18,0.0009
16.76,5986570.0,5637450.0,5341210.0,1208750.0,8.012e-07,7.93166e-07,0.00175718,0.0,0.00175601,0.00175637,0.00176169,625.693,0.0009
16.765,5969550.0,5621650.0,5326440.0,1208490.0,8.00076e-07,7.92035e-07,0.00175411,0.0,0.00175294,0.0017533,0.00175859,625.381,0.0009
16.77,5969550.0,5621650.0,5326440.0,1208490.0,8.00076e-07,7.92035e-07,0.00175411,0.0,0.00175294,0.0017533,0.00175859,624.43,0.0009
16.775,5958660.0,5611540.0,5317000.0,1208320.0,7.99356e-07,7.9131e-07,0.00175214,0.0,0.00175098,0.00175133,0.0017566,624.43,0.0009
16.78,5955090.0,5608220.0,5313900.0,1208270.0,7.9912e-07,7.91073e-07,0.0017515,0.0,0.00175033,0.00175068,0.00175595,624.668,0.0009
16.785,5957810.0,5610750.0,5316260.0,1208310.0,7.993e-07,7.91254e-07,0.00175199,0.0,0.00175082,0.00175118,0.00175645,625.32,0.0009
16.79,5957810.0,5610750.0,5316260.0,1208310.0,7.993e-07,7.91254e-07,0.00175199,0.0,0.00175082,0.00175118,0.00175645,627.307,0.0009
16.795,5980560.0,5631870.0,5335990.0,1208660.0,8.00802e-07,7.92766e-07,0.00175609,0.0,0.00175493,0.00175528,0.00176059,627.307,0.0009
16.8,5988020.0,5638790.0,5342460.0,1208770.0,8.01295e-07,7.93262e-07,0.00175744,0.0,0.00175627,0.00175663,0.00176195,624.093,0.0009
16.805,5951230.0,5604650.0,5310560.0,1208210.0,7.98865e-07,7.90816e-07,0.0017508,0.0,0.00174963,0.00174999,0.00175525,624.627,0.0009
16.81,5951230.0,5604650.0,5310560.0,1208210.0,7.98865e-07,7.90816e-07,0.0017508,0.0,0.00174963,0.00174999,0.00175525,626.254,0.0009
16.815,5969860.0,5621930.0,5326710.0,1208490.0,8.00096e-07,7.92055e-07,0.00175416,0.0,0.001753,0.00175335,0.00175864,626.254,0.0009
16.82,5975970.0,5627610.0,5332010.0,1208590.0,8.005e-07,7.92461e-07,0.00175527,0.0,0.0017541,0.00175445,0.00175976,629.573,0.0009
16.825,6014020.0,5662930.0,5365010.0,1209240.0,8.03008e-07,7.94985e-07,0.0017621,0.0,0.00176094,0.0017613,0.00176666,630.116,0.0009
16.83,6014020.0,5662930.0,5365010.0,1209240.0,8.03008e-07,7.94985e-07,0.0017621,0.0,0.00176094,0.0017613,0.00176666,631.771,0.0009
16.835,6033150.0,5680720.0,5381670.0,1209990.0,8.04266e-07,7.96251e-07,0.00176545,0.0,0.00176429,0.00176465,0.00177004,631.771,0.0009
16.84,6039430.0,5686560.0,5387130.0,1210240.0,8.04679e-07,7.96666e-07,0.00176655,0.0,0.00176538,0.00176574,0.00177115,626.769,0.0009
16.845,5981870.0,5633080.0,5337120.0,1208680.0,8.00889e-07,7.92853e-07,0.00175633,0.0,0.00175516,0.00175552,0.00176083,627.254,0.0009
16.85,5981870.0,5633080.0,5337120.0,1208680.0,8.00889e-07,7.92853e-07,0.00175633,0.0,0.00175516,0.00175552,0.00176083,628.733,0.0009
16.855,5998810.0,5648810.0,5351820.0,1208950.0,8.02006e-07,7.93977e-07,0.00175938,0.0,0.00175821,0.00175857,0.00176391,628.733,0.0009
16.86,6004370.0,5653970.0,5356640.0,1209040.0,8.02373e-07,7.94346e-07,0.00176038,0.0,0.00175921,0.00175957,0.00176492,630.779,0.0009
16.865,6027900.0,5675820.0,5377070.0,1209620.0,8.03921e-07,7.95904e-07,0.00176456,0.0,0.0017634,0.00176376,0.00176914,630.033,0.0009
16.87,6027900.0,5675820.0,5377070.0,1209620.0,8.03921e-07,7.95904e-07,0.00176456,0.0,0.0017634,0.00176376,0.00176914,627.759,0.0009
16.875,6001770.0,5651560.0,5354390.0,1209040.0,8.02201e-07,7.94173e-07,0.0017599,0.0,0.00175873,0.00175909,0.00176444,627.759,0.0009
16.88,5993200.0,5643600.0,5346950.0,1208850.0,8.01637e-07,7.93605e-07,0.00175837,0.0,0.00175721,0.00175756,0.00176289,630.295,0.0009
16.885,6022320.0,5670640.0,5372220.0,1209440.0,8.03554e-07,7.95535e-07,0.00176358,0.0,0.00176241,0.00176277,0.00176815,629.773,0.0009
16.89,6022320.0,5670640.0,5372220.0,1209440.0,8.03554e-07,7.95535e-07,0.00176358,0.0,0.00176241,0.00176277,0.00176815,628.182,0.0009
16.895,6004050.0,5653670.0,5356360.0,1209060.0,8.02351e-07,7.94324e-07,0.00176031,0.0,0.00175915,0.00175951,0.00176485,628.182,0.0009
16.9,5998060.0,5648110.0,5351160.0,1208930.0,8.01957e-07,7.93927e-07,0.00175924,0.0,0.00175808,0.00175843,0.00176377,629.627,0.0009
16.905,6014640.0,5663500.0,5365550.0,1209250.0,8.03049e-07,7.95026e-07,0.00176221,0.0,0.00176105,0.00176141,0.00176677,629.456,0.0009
16.91,6014640.0,5663500.0,5365550.0,1209250.0,8.03049e-07,7.95026e-07,0.00176221,0.0,0.00176105,0.00176141,0.00176677,628.934,0.0009
16.915,6008640.0,5657940.0,5360350.0,1209130.0,8.02654e-07,7.94629e-07,0.00176114,0.0,0.00175998,0.00176033,0.00176569,628.934,0.0009
16.92,6006680.0,5656110.0,5358640.0,1209090.0,8.02525e-07,7.94499e-07,0.00176079,0.0,0.00175963,0.00175998,0.00176533,622.178,0.0009
16.925,5929330.0,5584320.0,5291560.0,1207870.0,7.97414e-07,7.89356e-07,0.00174683,0.0,0.00174567,0.00174602,0.00175125,623.964,0.0009
16.93,5929330.0,5584320.0,5291560.0,1207870.0,7.97414e-07,7.89356e-07,0.00174683,0.0,0.00174567,0.00174602,0.00175125,629.411,0.0009
16.935,5991700.0,5642210.0,5345650.0,1208870.0,8.01534e-07,7.93502e-07,0.00175808,0.0,0.00175692,0.00175727,0.0017626,629.411,0.0009
16.94,6012160.0,5661200.0,5363400.0,1209200.0,8.02885e-07,7.94862e-07,0.00176177,0.0,0.0017606,0.00176096,0.00176632,627.115,0.0009
16.945,5985830.0,5636760.0,5340560.0,1208740.0,8.0115e-07,7.93116e-07,0.00175704,0.0,0.00175588,0.00175623,0.00176155,627.352,0.0009
16.95,5985830.0,5636760.0,5340560.0,1208740.0,8.0115e-07,7.93116e-07,0.00175704,0.0,0.00175588,0.00175623,0.00176155,628.075,0.0009
16.955,5994110.0,5644450.0,5347740.0,1208870.0,8.01697e-07,7.93666e-07,0.00175853,0.0,0.00175737,0.00175772,0.00176306,628.075,0.0009
16.96,5996830.0,5646970.0,5350100.0,1208910.0,8.01876e-07,7.93846e-07,0.00175902,0.0,0.00175786,0.00175821,0.00176355,629.477,0.0009
16.965,6012920.0,5661910.0,5364060.0,1209210.0,8.02936e-07,7.94912e-07,0.00176191,0.0,0.00176074,0.0017611,0.00176646,627.649,0.0009
16.97,6012920.0,5661910.0,5364060.0,1209210.0,8.02936e-07,7.94912e-07,0.00176191,0.0,0.00176074,0.0017611,0.00176646,622.074,0.0009
16.975,5949080.0,5602650.0,5308690.0,1208190.0,7.98719e-07,7.90669e-07,0.0017504,0.0,0.00174923,0.00174958,0.00175484,622.074,0.0009
16.98,5928140.0,5583220.0,5290540.0,1207850.0,7.97336e-07,7.89278e-07,0.00174662,0.0,0.00174546,0.0017458,0.00175103,627.672,0.0009
16.985,5992210.0,5642680.0,5346090.0,1208840.0,8.01572e-07,7.9354e-07,0.00175819,0.0,0.00175703,0.00175738,0.00176271,627.102,0.0009
16.99,5992210.0,5642680.0,5346090.0,1208840.0,8.01572e-07,7.9354e-07,0.00175819,0.0,0.00175703,0.00175738,0.00176271,625.363,0.0009
16.995,5972300.0,5624200.0,5328830.0,1208530.0,8.00257e-07,7.92217e-07,0.0017546,0.0,0.00175344,0.00175379,0.00175909,625.363,0.0009
17.0,5965770.0,5618140.0,5323160.0,1208430.0,7.99826e-07,7.91783e-07,0.00175342,0.0,0.00175226,0.00175261,0.0017579,627.954,0.0009
17.005,5995690.0,5645170.0,5348420.0,1208880.0,8.01801e-07,7.93771e-07,0.00175867,0.0,0.00175751,0.00175787,0.0017632,626.991,0.000899
17.01,5995950.0,5644670.0,5347950.0,1208870.0,8.01818e-07,7.93788e-07,0.00175857,0.0,0.00175741,0.00175777,0.0017631,624.058,0.000898
17.015,5962620.0,5613000.0,5318360.0,1208350.0,7.99617e-07,7.91573e-07,0.00175242,0.0,0.00175126,0.00175161,0.00175689,624.058,0.000897
17.02,5951860.0,5602270.0,5308340.0,1208170.0,7.98907e-07,7.90858e-07,0.00175033,0.0,0.00174917,0.00174952,0.00175478,628.481,0.000896
17.025,6002780.0,5648740.0,5351760.0,1208950.0,8.02268e-07,7.9424e-07,0.00175936,0.0,0.0017582,0.00175856,0.0017639,628.667,0.000895
17.03,6003040.0,5648230.0,5351280.0,1208940.0,8.02285e-07,7.94258e-07,0.00175926,0.0,0.0017581,0.00175846,0.0017638,629.235,0.000894
17.035,6009810.0,5653760.0,5356440.0,1209040.0,8.02731e-07,7.94707e-07,0.00176033,0.0,0.00175917,0.00175953,0.00176487,629.235,0.000893
17.04,6012210.0,5655220.0,5357810.0,1209070.0,8.02889e-07,7.94866e-07,0.00176061,0.0,0.00175945,0.00175981,0.00176516,628.749,0.000892
17.045,6006900.0,5649530.0,5352490.0,1208960.0,8.02539e-07,7.94513e-07,0.00175951,0.0,0.00175835,0.00175871,0.00176405,628.325,0.000891
17.05,6007160.0,5649010.0,5352000.0,1208950.0,8.02557e-07,7.94531e-07,0.00175941,0.0,0.00175825,0.00175861,0.00176395,627.035,0.00089
17.055,5992640.0,5634780.0,5338710.0,1208710.0,8.01599e-07,7.93568e-07,0.00175665,0.0,0.00175549,0.00175585,0.00176116,627.035,0.000889
17.06,5988050.0,5629770.0,5334030.0,1208630.0,8.01297e-07,7.93264e-07,0.00175567,0.0,0.00175452,0.00175487,0.00176018,626.764,0.000888
17.065,5985220.0,5626370.0,5330850.0,1208570.0,8.0111e-07,7.93075e-07,0.00175501,0.0,0.00175386,0.00175421,0.00175951,627.7,0.000887
17.07,5985480.0,5625850.0,5330360.0,1208560.0,8.01128e-07,7.93093e-07,0.00175491,0.0,0.00175376,0.00175411,0.00175941,630.551,0.000886
17.075,6018470.0,5655610.0,5358180.0,1209120.0,8.033e-07,7.95279e-07,0.00176067,0.0,0.00175952,0.00175988,0.00176523,630.551,0.000885
17.08,6029470.0,5665020.0,5366970.0,1209290.0,8.04025e-07,7.96008e-07,0.00176249,0.0,0.00176134,0.0017617,0.00176706,630.645,0.000884
17.085,6030820.0,5665480.0,5367400.0,1209300.0,8.04113e-07,7.96097e-07,0.00176258,0.0,0.00176143,0.00176178,0.00176715,629.99,0.000883
17.09,6031090.0,5664940.0,5366900.0,1209290.0,8.04131e-07,7.96115e-07,0.00176247,0.0,0.00176132,0.00176168,0.00176705,627.994,0.000882
17.095,6008450.0,5643200.0,5346580.0,1208870.0,8.02641e-07,7.94616e-07,0.00175827,0.0,0.00175712,0.00175748,0.00176281,627.994,0.000881
17.1,6001210.0,5635710.0,5339580.0,1208730.0,8.02165e-07,7.94137e-07,0.00175682,0.0,0.00175567,0.00175603,0.00176135,626.966,0.00088
17.105,5989700.0,5624270.0,5328890.0,1208540.0,8.01406e-07,7.93373e-07,0.0017546,0.0,0.00175345,0.0017538,0.0017591,627.104,0.000879
17.11,5989970.0,5623730.0,5328380.0,1208530.0,8.01424e-07,7.93391e-07,0.00175449,0.0,0.00175335,0.0017537,0.001759,627.525,0.000878
17.115,5995080.0,5627650.0,5332050.0,1208590.0,8.0176e-07,7.9373e-07,0.00175525,0.0,0.00175411,0.00175446,0.00175977,627.525,0.000877
17.12,5996940.0,5628570.0,5332910.0,1208610.0,8.01883e-07,7.93853e-07,0.00175543,0.0,0.00175429,0.00175464,0.00175995,628.116,0.000876
17.125,6003990.0,5634290.0,5338250.0,1208700.0,8.02348e-07,7.94321e-07,0.00175654,0.0,0.0017554,0.00175575,0.00176107,628.187,0.000875
17.13,6004270.0,5633740.0,5337740.0,1208690.0,8.02366e-07,7.94339e-07,0.00175643,0.0,0.00175529,0.00175565,0.00176096,628.404,0.000874
17.135,6007040.0,5635500.0,5339380.0,1208720.0,8.02549e-07,7.94523e-07,0.00175677,0.0,0.00175563,0.00175599,0.0017613,628.404,0.000873
17.14,6008140.0,5635700.0,5339570.0,1208730.0,8.02621e-07,7.94596e-07,0.00175681,0.0,0.00175567,0.00175603,0.00176134,627.738,0.000872
17.145,6000780.0,5628090.0,5332460.0,1208600.0,8.02136e-07,7.94108e-07,0.00175533,0.0,0.00175419,0.00175455,0.00175985,628.089,0.000871
17.15,6001060.0,5627540.0,5331940.0,1208590.0,8.02155e-07,7.94127e-07,0.00175522,0.0,0.00175409,0.00175444,0.00175974,629.157,0.00087
17.155,6013600.0,5638300.0,5342000.0,1208770.0,8.02981e-07,7.94958e-07,0.00175731,0.0,0.00175618,0.00175653,0.00176185,629.157,0.000869
17.16,6017910.0,5641450.0,5344940.0,1208820.0,8.03264e-07,7.95243e-07,0.00175792,0.0,0.00175679,0.00175714,0.00176247,631.139,0.000868
17.165,6040970.0,5661910.0,5364060.0,1209220.0,8.0478e-07,7.96768e-07,0.00176188,0.0,0.00176074,0.0017611,0.00176646,630.356,0.000867
17.17,6041260.0,5661340.0,5363530.0,1209200.0,8.04799e-07,7.96787e-07,0.00176177,0.0,0.00176063,0.00176099,0.00176635,627.968,0.000866
17.175,6014130.0,5635480.0,5339360.0,1208740.0,8.03015e-07,7.94992e-07,0.00175676,0.0,0.00175562,0.00175598,0.0017613,627.968,0.000865
17.18,6005420.0,5626610.0,5331080.0,1208580.0,8.02442e-07,7.94416e-07,0.00175504,0.0,0.00175391,0.00175426,0.00175956,628.612,0.000864
17.185,6013090.0,5632860.0,5336910.0,1208680.0,8.02947e-07,7.94924e-07,0.00175625,0.0,0.00175512,0.00175547,0.00176079,628.259,0.000863
17.19,6013390.0,5632290.0,5336380.0,1208670.0,8.02966e-07,7.94943e-07,0.00175614,0.0,0.00175501,0.00175536,0.00176067,627.182,0.000862
17.195,6001320.0,5620320.0,5325200.0,1208470.0,8.02172e-07,7.94144e-07,0.00175381,0.0,0.00175268,0.00175304,0.00175833,627.182,0.000861
17.2,5997560.0,5616010.0,5321180.0,1208400.0,8.01924e-07,7.93894e-07,0.00175297,0.0,0.00175185,0.0017522,0.00175748,631.769,0.00086
17.205,6050540.0,5664000.0,5366020.0,1209270.0,8.05409e-07,7.97401e-07,0.00176227,0.0,0.00176114,0.0017615,0.00176687,631.296,0.000859
17.21,6050840.0,5663420.0,5365470.0,1209250.0,8.05428e-07,7.9742e-07,0.00176216,0.0,0.00176103,0.00176139,0.00176675,629.855,0.000858
17.215,6034560.0,5647560.0,5350660.0,1208940.0,8.04359e-07,7.96344e-07,0.00175909,0.0,0.00175797,0.00175833,0.00176366,629.855,0.000857
17.22,6029420.0,5641970.0,5345430.0,1208830.0,8.04021e-07,7.96005e-07,0.00175801,0.0,0.00175689,0.00175724,0.00176257,626.675,0.000856
17.225,5993230.0,5607780.0,5313480.0,1208260.0,8.01638e-07,7.93607e-07,0.00175137,0.0,0.00175024,0.0017506,0.00175587,627.726,0.000855
17.23,5993520.0,5607200.0,5312940.0,1208250.0,8.01658e-07,7.93627e-07,0.00175125,0.0,0.00175013,0.00175048,0.00175575,630.931,0.000854
17.235,6030620.0,5640480.0,5344040.0,1208810.0,8.04099e-07,7.96083e-07,0.00175772,0.0,0.00175659,0.00175695,0.00176227,630.931,0.000853
17.24,6042990.0,5651000.0,5353870.0,1208990.0,8.04913e-07,7.96902e-07,0.00175976,0.0,0.00175864,0.00175899,0.00176434,629.087,0.000852
17.245,6022110.0,5630920.0,5335100.0,1208650.0,8.03541e-07,7.95521e-07,0.00175586,0.0,0.00175474,0.0017551,0.00176041,628.68,0.000851
17.25,6022410.0,5630320.0,5334550.0,1208640.0,8.03561e-07,7.95541e-07,0.00175575,0.0,0.00175463,0.00175498,0.00176029,627.438,0.00085
17.255,6008460.0,5616610.0,5321740.0,1208410.0,8.02642e-07,7.94617e-07,0.00175308,0.0,0.00175196,0.00175231,0.0017576,627.438,0.000849
17.26,6004090.0,5611720.0,5317160.0,1208330.0,8.02354e-07,7.94327e-07,0.00175213,0.0,0.00175101,0.00175136,0.00175664,627.137,0.000848
17.265,6000940.0,5607940.0,5313640.0,1208270.0,8.02147e-07,7.94119e-07,0.00175139,0.0,0.00175027,0.00175063,0.0017559,628.61,0.000847
17.27,6001250.0,5607340.0,5313080.0,1208260.0,8.02167e-07,7.94139e-07,0.00175127,0.0,0.00175016,0.00175051,0.00175578,633.1,0.000846
17.275,6053180.0,5654200.0,5356860.0,1209130.0,8.0558e-07,7.97572e-07,0.00176034,0.0,0.00175923,0.00175959,0.00176494,633.1,0.000845
17.28,6070430.0,5669150.0,5370830.0,1209400.0,8.06712e-07,7.98712e-07,0.00176324,0.0,0.00176213,0.00176249,0.00176786,623.967,0.000844
17.285,5965800.0,5572120.0,5280170.0,1207670.0,7.99828e-07,7.91785e-07,0.0017444,0.0,0.00174329,0.00174363,0.00174884,626.34,0.000843
17.29,5966110.0,5571520.0,5279610.0,1207660.0,7.99848e-07,7.91806e-07,0.00174428,0.0,0.00174317,0.00174352,0.00174873,633.576,0.000842
17.295,6049580.0,5647290.0,5350410.0,1209040.0,8.0534e-07,7.97331e-07,0.00175898,0.0,0.00175788,0.00175823,0.00176357,633.576,0.000841
17.3,6077170.0,5671720.0,5373240.0,1209480.0,8.07154e-07,7.99157e-07,0.00176373,0.0,0.00176262,0.00176298,0.00176836,631.247,0.00084
17.305,6050650.0,5646450.0,5349620.0,1208910.0,8.05416e-07,7.97408e-07,0.00175886,0.0,0.00175776,0.00175811,0.00176345,632.04,0.000839
17.31,6050970.0,5645830.0,5349030.0,1208900.0,8.05437e-07,7.97429e-07,0.00175874,0.0,0.00175764,0.00175799,0.00176333,634.458,0.000838
17.315,6079190.0,5670820.0,5372400.0,1209560.0,8.07286e-07,7.99289e-07,0.00176353,0.0,0.00176242,0.00176278,0.00176816,634.458,0.000837
17.32,6088650.0,5678590.0,5379660.0,1209750.0,8.07906e-07,7.99913e-07,0.00176502,0.0,0.00176392,0.00176428,0.00176966,626.938,0.000836
17.325,6002400.0,5598530.0,5304840.0,1208110.0,8.02243e-07,7.94216e-07,0.00174954,0.0,0.00174844,0.00174879,0.00175405,627.22,0.000835
17.33,6002720.0,5597910.0,5304260.0,1208100.0,8.02264e-07,7.94237e-07,0.00174942,0.0,0.00174832,0.00174867,0.00175392,628.08,0.000834
17.335,6012920.0,5606340.0,5312140.0,1208240.0,8.02936e-07,7.94912e-07,0.00175106,0.0,0.00174996,0.00175031,0.00175558,628.08,0.000833
17.34,6016480.0,5608680.0,5314320.0,1208280.0,8.0317e-07,7.95148e-07,0.00175152,0.0,0.00175042,0.00175077,0.00175604,627.112,0.000832
17.345,6005680.0,5597850.0,5304210.0,1208100.0,8.02459e-07,7.94433e-07,0.00174941,0.0,0.00174831,0.00174866,0.00175391,628.116,0.000831
17.35,6006010.0,5597220.0,5303620.0,1208090.0,8.02481e-07,7.94455e-07,0.00174928,0.0,0.00174819,0.00174854,0.00175379,631.179,0.00083
17.355,6041540.0,5628830.0,5333150.0,1208620.0,8.04816e-07,7.96805e-07,0.00175543,0.0,0.00175433,0.00175469,0.00175999,631.179,0.000829
17.36,6053410.0,5638770.0,5342440.0,1208780.0,8.05597e-07,7.9759e-07,0.00175736,0.0,0.00175627,0.00175662,0.00176194,627.915,0.000828
17.365,6016210.0,5603760.0,5309730.0,1208200.0,8.03153e-07,7.95131e-07,0.00175056,0.0,0.00174946,0.00174981,0.00175507,628.144,0.000827
17.37,6016540.0,5603120.0,5309130.0,1208190.0,8.03174e-07,7.95152e-07,0.00175043,0.0,0.00174934,0.00174969,0.00175495,628.844,0.000826
17.375,6024910.0,5609830.0,5315400.0,1208300.0,8.03725e-07,7.95706e-07,0.00175173,0.0,0.00175064,0.00175099,0.00175627,628.844,0.000825
17.38,6027880.0,5611600.0,5317050.0,1208330.0,8.0392e-07,7.95903e-07,0.00175208,0.0,0.00175099,0.00175134,0.00175661,627.498,0.000824
17.385,6012740.0,5596800.0,5303220.0,1208080.0,8.02924e-07,7.94901e-07,0.00174919,0.0,0.0017481,0.00174845,0.00175371,627.977,0.000823
17.39,6013080.0,5596150.0,5302620.0,1208070.0,8.02946e-07,7.94923e-07,0.00174907,0.0,0.00174798,0.00174833,0.00175358,629.438,0.000822
17.395,6030210.0,5610850.0,5316360.0,1208320.0,8.04073e-07,7.96057e-07,0.00175193,0.0,0.00175084,0.00175119,0.00175647,629.438,0.000821
17.4,6036050.0,5615240.0,5320450.0,1208390.0,8.04457e-07,7.96443e-07,0.00175278,0.0,0.00175169,0.00175205,0.00175733,626.383,0.00082
17.405,6001270.0,5582470.0,5289840.0,1207840.0,8.02169e-07,7.94141e-07,0.00174639,0.0,0.00174531,0.00174566,0.00175088,627.081,0.000819
17.41,6001610.0,5581820.0,5289230.0,1207830.0,8.02191e-07,7.94163e-07,0.00174627,0.0,0.00174518,0.00174553,0.00175076,629.207,0.000818
17.415,6026400.0,5603490.0,5309480.0,1208200.0,8.03822e-07,7.95804e-07,0.00175049,0.0,0.00174941,0.00174976,0.00175502,629.207,0.000817
17.42,6034750.0,5610150.0,5315700.0,1208310.0,8.04372e-07,7.96357e-07,0.00175179,0.0,0.0017507,0.00175106,0.00175633,631.803,0.000816
17.425,6064980.0,5636770.0,5340570.0,1208750.0,8.06355e-07,7.98353e-07,0.00175696,0.0,0.00175588,0.00175623,0.00176155,631.475,0.000815
17.43,6065320.0,5636090.0,5339940.0,1208740.0,8.06378e-07,7.98376e-07,0.00175683,0.0,0.00175575,0.0017561,0.00176142,630.476,0.000814
17.435,6054160.0,5624910.0,5329490.0,1208550.0,8.05646e-07,7.97639e-07,0.00175465,0.0,0.00175357,0.00175393,0.00175923,630.476,0.000813
17.44,6050730.0,5620790.0,5325640.0,1208480.0,8.05421e-07,7.97413e-07,0.00175385,0.0,0.00175277,0.00175313,0.00175842,628.809,0.000812
17.445,6031900.0,5602600.0,5308640.0,1208180.0,8.04184e-07,7.96168e-07,0.00175031,0.0,0.00174923,0.00174958,0.00175485,628.334,0.000811
17.45,6032240.0,5601920.0,5308010.0,1208170.0,8.04207e-07,7.96191e-07,0.00175018,0.0,0.0017491,0.00174945,0.00175471,626.887,0.00081
17.455,6015950.0,5586060.0,5293190.0,1207910.0,8.03135e-07,7.95113e-07,0.00174708,0.0,0.00174601,0.00174636,0.00175159,626.887,0.000809
17.46,6010840.0,5580400.0,5287900.0,1207810.0,8.02799e-07,7.94775e-07,0.00174598,0.0,0.0017449,0.00174525,0.00175048,628.059,0.000808
17.465,6024670.0,5592000.0,5298740.0,1208000.0,8.03709e-07,7.95691e-07,0.00174824,0.0,0.00174717,0.00174752,0.00175276,628.5,0.000807
17.47,6025030.0,5591310.0,5298100.0,1207990.0,8.03732e-07,7.95714e-07,0.0017481,0.0,0.00174703,0.00174738,0.00175263,629.845,0.000806
17.475,6040860.0,5604730.0,5310630.0,1208220.0,8.04773e-07,7.96761e-07,0.00175072,0.0,0.00174965,0.00175,0.00175526,629.845,0.000805
17.48,6046290.0,5608660.0,5314300.0,1208280.0,8.0513e-07,7.9712e-07,0.00175148,0.0,0.00175041,0.00175077,0.00175604,633.422,0.000804
17.485,6087860.0,5645490.0,5348720.0,1208900.0,8.07854e-07,7.99861e-07,0.00175864,0.0,0.00175757,0.00175793,0.00176326,634.233,0.000803
17.49,6088220.0,5644780.0,5348060.0,1208880.0,8.07878e-07,7.99885e-07,0.0017585,0.0,0.00175743,0.00175779,0.00176312,636.703,0.000802
17.495,6117160.0,5670110.0,5371730.0,1209530.0,8.09768e-07,8.01787e-07,0.00176335,0.0,0.00176229,0.00176265,0.00176802,636.703,0.000801
17.5,6126890.0,5677920.0,5379040.0,1209720.0,8.10404e-07,8.02426e-07,0.00176485,0.0,0.00176379,0.00176415,0.00176954,628.373,0.0008
17.505,6031150.0,5589710.0,5296600.0,1207970.0,8.04135e-07,7.96119e-07,0.00174778,0.0,0.00174672,0.00174707,0.00175231,627.616,0.000799
17.51,6031510.0,5589010.0,5295940.0,1207960.0,8.04159e-07,7.96143e-07,0.00174765,0.0,0.00174658,0.00174693,0.00175217,625.307,0.000798
17.515,6005320.0,5564140.0,5272710.0,1207540.0,8.02435e-07,7.94408e-07,0.00174278,0.0,0.00174172,0.00174207,0.00174727,625.307,0.000797
17.52,5996970.0,5555500.0,5264640.0,1207400.0,8.01885e-07,7.93855e-07,0.00174109,0.0,0.00174003,0.00174038,0.00174556,627.386,0.000796
17.525,6021250.0,5576530.0,5284290.0,1207750.0,8.03484e-07,7.95464e-07,0.00174521,0.0,0.00174415,0.0017445,0.00174971,627.47,0.000795
17.53,6021620.0,5575820.0,5283620.0,1207740.0,8.03508e-07,7.95488e-07,0.00174507,0.0,0.00174401,0.00174436,0.00174957,627.728,0.000794
17.535,6024950.0,5577790.0,5285470.0,1207770.0,8.03728e-07,7.95709e-07,0.00174545,0.0,0.00174439,0.00174474,0.00174996,627.728,0.000793
17.54,6026300.0,5577960.0,5285620.0,1207770.0,8.03816e-07,7.95798e-07,0.00174548,0.0,0.00174443,0.00174477,0.00174999,623.413,0.000792
17.545,5977040.0,5532150.0,5242820.0,1207000.0,8.0057e-07,7.92532e-07,0.00173651,0.0,0.00173545,0.0017358,0.00174094,622.958,0.000791
17.55,5977410.0,5531430.0,5242150.0,1206990.0,8.00595e-07,7.92557e-07,0.00173637,0.0,0.00173531,0.00173566,0.0017408,621.573,0.00079
17.555,5961870.0,5516260.0,5227980.0,1206740.0,7.99568e-07,7.91524e-07,0.00173338,0.0,0.00173233,0.00173267,0.00173779,621.573,0.000789
17.56,5957020.0,5510800.0,5222870.0,1206640.0,7.99248e-07,7.91201e-07,0.00173231,0.0,0.00173126,0.0017316,0.0017367,628.021,0.000788
17.565,6031550.0,5577360.0,5285070.0,1207760.0,8.04161e-07,7.96145e-07,0.00174536,0.0,0.00174431,0.00174466,0.00174988,627.711,0.000787
17.57,6031930.0,5576620.0,5284380.0,1207750.0,8.04186e-07,7.9617e-07,0.00174521,0.0,0.00174417,0.00174451,0.00174973,626.766,0.000786
17.575,6021430.0,5566020.0,5274470.0,1207570.0,8.03496e-07,7.95476e-07,0.00174314,0.0,0.00174209,0.00174244,0.00174764,626.766,0.000785
17.58,6018240.0,5562040.0,5270750.0,1207510.0,8.03286e-07,7.95265e-07,0.00174236,0.0,0.00174131,0.00174166,0.00174685,627.663,0.000784
17.585,6028960.0,5570660.0,5278800.0,1207650.0,8.03991e-07,7.95974e-07,0.00174404,0.0,0.001743,0.00174335,0.00174855,627.391,0.000783
17.59,6029340.0,5569910.0,5278100.0,1207640.0,8.04016e-07,7.95999e-07,0.0017439,0.0,0.00174285,0.0017432,0.00174841,626.561,0.000782
17.595,6020170.0,5560500.0,5269310.0,1207480.0,8.03413e-07,7.95392e-07,0.00174205,0.0,0.00174101,0.00174136,0.00174655,626.561,0.000781
17.6,6017420.0,5556900.0,5265950.0,1207420.0,8.03232e-07,7.9521e-07,0.00174135,0.0,0.00174031,0.00174065,0.00174584,631.822,0.00078
17.605,6078440.0,5611060.0,5316550.0,1208320.0,8.07238e-07,7.99241e-07,0.00175192,0.0,0.00175088,0.00175123,0.00175651,631.143,0.000779
17.61,6078840.0,5610290.0,5315830.0,1208310.0,8.07263e-07,7.99267e-07,0.00175177,0.0,0.00175073,0.00175108,0.00175636,629.073,0.000778
17.615,6055360.0,5587910.0,5294920.0,1207940.0,8.05724e-07,7.97718e-07,0.0017474,0.0,0.00174637,0.00174672,0.00175195,629.073,0.000777
17.62,6047920.0,5580060.0,5287580.0,1207810.0,8.05236e-07,7.97227e-07,0.00174587,0.0,0.00174484,0.00174518,0.00175041,631.534,0.000776
17.625,6076700.0,5604960.0,5310850.0,1208220.0,8.07123e-07,7.99126e-07,0.00175073,0.0,0.00174969,0.00175004,0.00175531,630.701,0.000775
17.63,6077100.0,5604180.0,5310120.0,1208210.0,8.07149e-07,7.99152e-07,0.00175057,0.0,0.00174954,0.00174989,0.00175516,628.161,0.000774
17.635,6048210.0,5576920.0,5284660.0,1207750.0,8.05255e-07,7.97246e-07,0.00174525,0.0,0.00174422,0.00174457,0.00174979,628.161,0.000773
17.64,6039010.0,5567460.0,5275810.0,1207600.0,8.04651e-07,7.96639e-07,0.0017434,0.0,0.00174237,0.00174272,0.00174792,630.677,0.000772
17.645,6068410.0,5592890.0,5299570.0,1208020.0,8.0658e-07,7.9858e-07,0.00174837,0.0,0.00174734,0.00174769,0.00175294,631.417,0.000771
17.65,6068810.0,5592100.0,5298840.0,1208010.0,8.06607e-07,7.98606e-07,0.00174821,0.0,0.00174719,0.00174754,0.00175278,633.675,0.00077
17.655,6095280.0,5614850.0,5320090.0,1208390.0,8.08339e-07,8.00349e-07,0.00175264,0.0,0.00175162,0.00175197,0.00175725,633.675,0.000769
17.66,6104240.0,5621770.0,5326560.0,1208500.0,8.08925e-07,8.00939e-07,0.00175399,0.0,0.00175296,0.00175332,0.00175861,630.363,0.000768
17.665,6066420.0,5586450.0,5293560.0,1207910.0,8.0645e-07,7.98448e-07,0.00174711,0.0,0.00174608,0.00174643,0.00175167,629.802,0.000767
17.67,6066830.0,5585650.0,5292810.0,1207900.0,8.06477e-07,7.98476e-07,0.00174695,0.0,0.00174593,0.00174628,0.00175151,628.092,0.000766
17.675,6047520.0,5567050.0,5275430.0,1207590.0,8.0521e-07,7.972e-07,0.00174331,0.0,0.00174229,0.00174264,0.00174784,628.092,0.000765
17.68,6041460.0,5560410.0,5269230.0,1207480.0,8.04812e-07,7.96801e-07,0.00174201,0.0,0.00174099,0.00174134,0.00174653,628.63,0.000764
17.685,6048080.0,5565210.0,5273710.0,1207560.0,8.05247e-07,7.97238e-07,0.00174295,0.0,0.00174193,0.00174228,0.00174748,628.874,0.000763
17.69,6048500.0,5564400.0,5272960.0,1207550.0,8.05274e-07,7.97265e-07,0.00174279,0.0,0.00174178,0.00174212,0.00174732,629.617,0.000762
17.695,6057490.0,5571320.0,5279420.0,1207660.0,8.05864e-07,7.97859e-07,0.00174414,0.0,0.00174313,0.00174348,0.00174868,629.617,0.000761
17.7,6060720.0,5573040.0,5281030.0,1207690.0,8.06076e-07,7.98072e-07,0.00174448,0.0,0.00174346,0.00174381,0.00174902,627.812,0.00076
17.705,6040320.0,5553460.0,5262730.0,1207360.0,8.04737e-07,7.96725e-07,0.00174065,0.0,0.00173963,0.00173998,0.00174516,628.698,0.000759
17.71,6040740.0,5552640.0,5261970.0,1207350.0,8.04765e-07,7.96753e-07,0.00174048,0.0,0.00173947,0.00173982,0.001745,631.401,0.000758
17.715,6072350.0,5579900.0,5287440.0,1207810.0,8.06838e-07,7.98838e-07,0.00174581,0.0,0.0017448,0.00174515,0.00175037,631.401,0.000757
17.72,6083010.0,5588290.0,5295270.0,1207950.0,8.07536e-07,7.99541e-07,0.00174745,0.0,0.00174644,0.00174679,0.00175203,629.924,0.000756
17.725,6066370.0,5572100.0,5280150.0,1207680.0,8.06447e-07,7.98445e-07,0.00174429,0.0,0.00174328,0.00174363,0.00174884,630.403,0.000755
17.73,6066800.0,5571260.0,5279370.0,1207660.0,8.06475e-07,7.98474e-07,0.00174412,0.0,0.00174312,0.00174346,0.00174867,631.864,0.000754
17.735,6084110.0,5585600.0,5292760.0,1207900.0,8.07608e-07,7.99614e-07,0.00174692,0.0,0.00174592,0.00174627,0.0017515,631.864,0.000753
17.74,6090070.0,5589730.0,5296620.0,1207970.0,8.07999e-07,8.00007e-07,0.00174773,0.0,0.00174672,0.00174707,0.00175231,630.237,0.000752
17.745,6071720.0,5571990.0,5280050.0,1207670.0,8.06797e-07,7.98797e-07,0.00174426,0.0,0.00174326,0.00174361,0.00174882,629.149,0.000751
17.75,6072150.0,5571140.0,5279260.0,1207660.0,8.06826e-07,7.98826e-07,0.00174409,0.0,0.00174309,0.00174344,0.00174865,625.833,0.00075
17.755,6034330.0,5535920.0,5246340.0,1207070.0,8.04342e-07,7.96328e-07,0.00173719,0.0,0.00173619,0.00173653,0.00174168,625.833,0.000749
17.76,6022210.0,5523790.0,5235020.0,1206870.0,8.03547e-07,7.95528e-07,0.00173481,0.0,0.00173381,0.00173415,0.00173928,626.882,0.000748
17.765,6034750.0,5533810.0,5244370.0,1207030.0,8.04371e-07,7.96357e-07,0.00173678,0.0,0.00173578,0.00173612,0.00174127,626.805,0.000747
17.77,6035190.0,5532960.0,5243580.0,1207020.0,8.044e-07,7.96386e-07,0.00173661,0.0,0.00173561,0.00173596,0.0017411,626.571,0.000746
17.775,6032930.0,5529680.0,5240520.0,1206960.0,8.04252e-07,7.96237e-07,0.00173596,0.0,0.00173497,0.00173531,0.00174045,626.571,0.000745
17.78,6032490.0,5528030.0,5238970.0,1206940.0,8.04223e-07,7.96208e-07,0.00173564,0.0,0.00173464,0.00173499,0.00174012,628.62,0.000744
17.785,6056580.0,5548380.0,5257990.0,1207280.0,8.05805e-07,7.97799e-07,0.00173963,0.0,0.00173864,0.00173898,0.00174415,628.16,0.000743
17.79,6057030.0,5547510.0,5257170.0,1207260.0,8.05834e-07,7.97829e-07,0.00173946,0.0,0.00173847,0.00173881,0.00174398,626.758,0.000742
17.795,6041300.0,5532130.0,5242800.0,1207010.0,8.04801e-07,7.9679e-07,0.00173644,0.0,0.00173545,0.00173579,0.00174093,626.758,0.000741
17.8,6036440.0,5526500.0,5237540.0,1206910.0,8.04483e-07,7.96469e-07,0.00173533,0.0,0.00173434,0.00173469,0.00173982,626.454,0.00074
17.805,6033380.0,5522470.0,5233780.0,1206840.0,8.04281e-07,7.96266e-07,0.00173454,0.0,0.00173355,0.00173389,0.00173902,627.015,0.000739
17.81,6033830.0,5521600.0,5232960.0,1206830.0,8.04311e-07,7.96296e-07,0.00173436,0.0,0.00173338,0.00173372,0.00173885,628.725,0.000738
17.815,6054030.0,5538390.0,5248650.0,1207110.0,8.05637e-07,7.97631e-07,0.00173766,0.0,0.00173668,0.00173702,0.00174217,628.725,0.000737
17.82,6060960.0,5543300.0,5253240.0,1207190.0,8.06092e-07,7.98088e-07,0.00173862,0.0,0.00173764,0.00173799,0.00174315,628.776,0.000736
17.825,6062020.0,5542940.0,5252900.0,1207190.0,8.06161e-07,7.98158e-07,0.00173855,0.0,0.00173757,0.00173791,0.00174308,627.613,0.000735
17.83,6062480.0,5542040.0,5252060.0,1207170.0,8.06192e-07,7.98188e-07,0.00173837,0.0,0.00173739,0.00173774,0.0017429,624.069,0.000734
17.835,6022030.0,5504560.0,5217040.0,1206540.0,8.03534e-07,7.95514e-07,0.001731,0.0,0.00173002,0.00173036,0.00173546,624.069,0.000733
17.84,6009080.0,5491660.0,5204990.0,1206320.0,8.02683e-07,7.94658e-07,0.00172846,0.0,0.00172748,0.00172782,0.0017329,621.98,0.000732
17.845,5985450.0,5469230.0,5184040.0,1205940.0,8.01126e-07,7.93091e-07,0.00172403,0.0,0.00172305,0.00172339,0.00172843,623.778,0.000731
17.85,5985910.0,5468340.0,5183200.0,1205930.0,8.01156e-07,7.93122e-07,0.00172385,0.0,0.00172288,0.00172321,0.00172825,629.261,0.00073
17.855,6049670.0,5523970.0,5235180.0,1206870.0,8.05348e-07,7.97339e-07,0.0017348,0.0,0.00173383,0.00173418,0.00173931,629.261,0.000729
17.86,6070900.0,5541590.0,5251650.0,1207170.0,8.06743e-07,7.98744e-07,0.00173827,0.0,0.00173731,0.00173765,0.00174281,631.541,0.000728
17.865,6097730.0,5564200.0,5272770.0,1207550.0,8.085e-07,8.00511e-07,0.0017427,0.0,0.00174174,0.00174208,0.00174728,629.73,0.000727
17.87,6098210.0,5563270.0,5271900.0,1207530.0,8.08531e-07,8.00542e-07,0.00174252,0.0,0.00174155,0.0017419,0.0017471,624.211,0.000726
17.875,6034920.0,5505450.0,5217880.0,1206560.0,8.04379e-07,7.96365e-07,0.00173115,0.0,0.00173019,0.00173053,0.00173563,624.211,0.000725
17.88,6014490.0,5485860.0,5199580.0,1206230.0,8.03039e-07,7.95016e-07,0.0017273,0.0,0.00172634,0.00172668,0.00173174,631.295,0.000724
17.885,6096820.0,5557930.0,5266910.0,1207440.0,8.0844e-07,8.00451e-07,0.00174147,0.0,0.00174051,0.00174085,0.00174604,629.794,0.000723
17.89,6097310.0,5556980.0,5266020.0,1207420.0,8.08472e-07,8.00483e-07,0.00174128,0.0,0.00174032,0.00174067,0.00174585,625.216,0.000722
17.895,6044880.0,5508890.0,5221090.0,1206620.0,8.05035e-07,7.97024e-07,0.00173183,0.0,0.00173087,0.00173121,0.00173632,625.216,0.000721
17.9,6028010.0,5492480.0,5205760.0,1206340.0,8.03929e-07,7.95912e-07,0.0017286,0.0,0.00172765,0.00172798,0.00173306,629.982,0.00072
17.905,6083590.0,5540600.0,5250710.0,1207150.0,8.07575e-07,7.9958e-07,0.00173806,0.0,0.00173711,0.00173745,0.00174261,629.959,0.000719
17.91,6084080.0,5539640.0,5249820.0,1207130.0,8.07607e-07,7.99612e-07,0.00173787,0.0,0.00173692,0.00173727,0.00174242,629.889,0.000718
17.915,6083760.0,5537950.0,5248250.0,1207110.0,8.07586e-07,7.99591e-07,0.00173754,0.0,0.00173659,0.00173694,0.00174209,629.889,0.000717
17.92,6083990.0,5536750.0,5247120.0,1207090.0,8.07601e-07,7.99606e-07,0.0017373,0.0,0.00173636,0.0017367,0.00174185,627.524,0.000716
17.925,6057150.0,5511470.0,5223500.0,1206660.0,8.05842e-07,7.97837e-07,0.00173233,0.0,0.00173139,0.00173173,0.00173684,628.408,0.000715
17.93,6057650.0,5510500.0,5222600.0,1206640.0,8.05875e-07,7.9787e-07,0.00173214,0.0,0.0017312,0.00173154,0.00173664,631.1,0.000714
17.935,6089300.0,5537220.0,5247560.0,1207090.0,8.07947e-07,7.99955e-07,0.00173739,0.0,0.00173645,0.00173679,0.00174194,631.1,0.000713
17.94,6100020.0,5545320.0,5255130.0,1207230.0,8.08649e-07,8.00661e-07,0.00173898,0.0,0.00173804,0.00173838,0.00174355,630.487,0.000712
17.945,6093430.0,5538030.0,5248310.0,1207110.0,8.08218e-07,8.00228e-07,0.00173755,0.0,0.00173661,0.00173695,0.0017421,630.676,0.000711
17.95,6093940.0,5537040.0,5247390.0,1207090.0,8.08252e-07,8.00261e-07,0.00173735,0.0,0.00173641,0.00173676,0.00174191,631.254,0.00071
17.955,6101150.0,5541990.0,5252010.0,1207170.0,8.08723e-07,8.00735e-07,0.00173832,0.0,0.00173738,0.00173773,0.00174289,631.254,0.000709
17.96,6103860.0,5542940.0,5252900.0,1207190.0,8.089e-07,8.00913e-07,0.0017385,0.0,0.00173757,0.00173791,0.00174308,628.732,0.000708
17.965,6075170.0,5516040.0,5227770.0,1206740.0,8.07023e-07,7.99025e-07,0.00173322,0.0,0.00173229,0.00173263,0.00173774,629.487,0.000707
17.97,6075690.0,5515040.0,5226840.0,1206720.0,8.07057e-07,7.99059e-07,0.00173302,0.0,0.00173209,0.00173243,0.00173755,631.788,0.000706
17.975,6102860.0,5537660.0,5247970.0,1207100.0,8.08834e-07,8.00847e-07,0.00173746,0.0,0.00173653,0.00173688,0.00174203,631.788,0.000705
17.98,6112120.0,5544390.0,5254260.0,1207210.0,8.0944e-07,8.01456e-07,0.00173878,0.0,0.00173786,0.0017382,0.00174336,628.518,0.000704
17.985,6074780.0,5509830.0,5221960.0,1206630.0,8.06997e-07,7.98999e-07,0.00173199,0.0,0.00173106,0.0017314,0.00173651,628.055,0.000703
17.99,6075300.0,5508810.0,5221020.0,1206620.0,8.07032e-07,7.99034e-07,0.00173179,0.0,0.00173086,0.0017312,0.00173631,626.643,0.000702
17.995,6059490.0,5493330.0,5206550.0,1206350.0,8.05995e-07,7.97991e-07,0.00172874,0.0,0.00172781,0.00172815,0.00173323,626.643,0.000701
18.0,6054660.0,5487570.0,5201170.0,1206260.0,8.05679e-07,7.97672e-07,0.0017276,0.0,0.00172668,0.00172701,0.00173208,635.582,0.0007
18.005,6158770.0,5578180.0,5285830.0,1207780.0,8.1248e-07,8.04516e-07,0.00174538,0.0,0.00174447,0.00174482,0.00175004,633.513,0.000699
18.01,6159310.0,5577130.0,5284850.0,1207760.0,8.12515e-07,8.04551e-07,0.00174518,0.0,0.00174426,0.00174461,0.00174983,627.206,0.000698
18.015,6086740.0,5511460.0,5223490.0,1206660.0,8.07776e-07,7.99783e-07,0.00173229,0.0,0.00173137,0.00173171,0.00173682,627.206,0.000697
18.02,6063300.0,5489220.0,5202710.0,1206290.0,8.06245e-07,7.98243e-07,0.00172792,0.0,0.001727,0.00172734,0.00173241,631.591,0.000696
18.025,6114640.0,5533050.0,5243670.0,1207020.0,8.09604e-07,8.01622e-07,0.00173654,0.0,0.00173563,0.00173597,0.00174112,630.602,0.000695
18.03,6115180.0,5532000.0,5242680.0,1207010.0,8.0964e-07,8.01657e-07,0.00173633,0.0,0.00173542,0.00173577,0.00174091,627.589,0.000694
18.035,6080810.0,5500120.0,5212900.0,1206470.0,8.07392e-07,7.99396e-07,0.00173006,0.0,0.00172915,0.00172949,0.00173458,627.589,0.000693
18.04,6069910.0,5488960.0,5202460.0,1206280.0,8.06678e-07,7.98678e-07,0.00172786,0.0,0.00172695,0.00172729,0.00173236,626.445,0.000692
18.045,6057200.0,5476210.0,5190550.0,1206070.0,8.05846e-07,7.9784e-07,0.00172534,0.0,0.00172443,0.00172477,0.00172982,627.798,0.000691
18.05,6057750.0,5475150.0,5189570.0,1206050.0,8.05882e-07,7.97877e-07,0.00172513,0.0,0.00172422,0.00172456,0.00172961,631.924,0.00069
18.055,6106120.0,5516240.0,5227950.0,1206740.0,8.09046e-07,8.0106e-07,0.00173322,0.0,0.00173232,0.00173266,0.00173778,631.924,0.000689
18.06,6122360.0,5528990.0,5239870.0,1206960.0,8.10108e-07,8.02129e-07,0.00173573,0.0,0.00173483,0.00173517,0.00174031,630.322,0.000688
18.065,6104350.0,5511540.0,5223560.0,1206660.0,8.08932e-07,8.00946e-07,0.0017323,0.0,0.0017314,0.00173174,0.00173685,630.443,0.000687
18.07,6104910.0,5510450.0,5222550.0,1206640.0,8.08969e-07,8.00983e-07,0.00173208,0.0,0.00173119,0.00173153,0.00173663,630.811,0.000686
18.075,6109740.0,5513120.0,5225040.0,1206690.0,8.09284e-07,8.013e-07,0.00173261,0.0,0.00173171,0.00173205,0.00173716,630.811,0.000685
18.08,6111700.0,5513250.0,5225170.0,1206690.0,8.09413e-07,8.01429e-07,0.00173263,0.0,0.00173174,0.00173208,0.00173719,629.863,0.000684
18.085,6101280.0,5502480.0,5215110.0,1206510.0,8.08732e-07,8.00744e-07,0.00173051,0.0,0.00172962,0.00172996,0.00173505,629.735,0.000683
18.09,6101850.0,5501380.0,5214080.0,1206490.0,8.08769e-07,8.00782e-07,0.00173029,0.0,0.0017294,0.00172974,0.00173483,629.343,0.000682
18.095,6097880.0,5496280.0,5209310.0,1206410.0,8.08509e-07,8.0052e-07,0.00172928,0.0,0.00172839,0.00172873,0.00173382,629.343,0.000681
18.1,6096960.0,5493860.0,5207050.0,1206360.0,8.08449e-07,8.0046e-07,0.0017288,0.0,0.00172792,0.00172826,0.00173334,627.993,0.00068
18.105,6081890.0,5479000.0,5193160.0,1206110.0,8.07463e-07,7.99468e-07,0.00172587,0.0,0.00172498,0.00172532,0.00173038,628.024,0.000679
18.11,6082470.0,5477880.0,5192120.0,1206090.0,8.07501e-07,7.99506e-07,0.00172565,0.0,0.00172476,0.0017251,0.00173015,628.121,0.000678
18.115,6084170.0,5477750.0,5191990.0,1206090.0,8.07612e-07,7.99618e-07,0.00172562,0.0,0.00172474,0.00172507,0.00173013,628.121,0.000677
18.12,6085120.0,5476950.0,5191240.0,1206080.0,8.07674e-07,7.9968e-07,0.00172546,0.0,0.00172458,0.00172491,0.00172997,625.106,0.000676
18.125,6050760.0,5445170.0,5161560.0,1205540.0,8.05423e-07,7.97415e-07,0.00171917,0.0,0.00171829,0.00171862,0.00172362,626.207,0.000675
18.13,6051350.0,5444050.0,5160510.0,1205520.0,8.05461e-07,7.97454e-07,0.00171895,0.0,0.00171807,0.0017184,0.0017234,629.564,0.000674
18.135,6090860.0,5477030.0,5191320.0,1206080.0,8.08049e-07,8.00057e-07,0.00172547,0.0,0.00172459,0.00172493,0.00172998,629.564,0.000673
18.14,6104220.0,5487080.0,5200710.0,1206250.0,8.08924e-07,8.00937e-07,0.00172745,0.0,0.00172658,0.00172692,0.00173199,631.179,0.000672
18.145,6123570.0,5502340.0,5214970.0,1206510.0,8.10187e-07,8.02208e-07,0.00173046,0.0,0.00172959,0.00172993,0.00173502,631.803,0.000671
18.15,6124170.0,5501180.0,5213890.0,1206490.0,8.10226e-07,8.02247e-07,0.00173023,0.0,0.00172936,0.0017297,0.00173479,633.706,0.00067
18.155,6146880.0,5519360.0,5230870.0,1206800.0,8.11706e-07,8.03737e-07,0.0017338,0.0,0.00173294,0.00173328,0.0017384,633.706,0.000669
18.16,6154740.0,5524530.0,5235710.0,1206880.0,8.12218e-07,8.04252e-07,0.00173482,0.0,0.00173396,0.0017343,0.00173943,626.603,0.000668
18.165,6072870.0,5451230.0,5167210.0,1205640.0,8.06872e-07,7.98873e-07,0.00172035,0.0,0.00171949,0.00171982,0.00172483,626.759,0.000667
18.17,6073480.0,5450060.0,5166130.0,1205620.0,8.06912e-07,7.98913e-07,0.00172012,0.0,0.00171926,0.00171959,0.0017246,627.238,0.000666
18.175,6079630.0,5453740.0,5169560.0,1205690.0,8.07316e-07,7.99319e-07,0.00172085,0.0,0.00171999,0.00172032,0.00172533,627.238,0.000665
18.18,6082070.0,5454150.0,5169950.0,1205690.0,8.07475e-07,7.99479e-07,0.00172093,0.0,0.00172007,0.0017204,0.00172542,630.388,0.000664
18.185,6119270.0,5484910.0,5198680.0,1206210.0,8.09906e-07,8.01926e-07,0.001727,0.0,0.00172615,0.00172649,0.00173155,631.013,0.000663
18.19,6119890.0,5483710.0,5197570.0,1206190.0,8.09947e-07,8.01966e-07,0.00172677,0.0,0.00172591,0.00172625,0.00173131,632.917,0.000662
18.195,6142650.0,5501810.0,5214480.0,1206500.0,8.1143e-07,8.03459e-07,0.00173033,0.0,0.00172948,0.00172982,0.00173492,632.917,0.000661
18.2,6150530.0,5506930.0,5219260.0,1206590.0,8.11944e-07,8.03976e-07,0.00173134,0.0,0.00173049,0.00173083,0.00173594,634.418,0.00066
18.205,6168630.0,5520930.0,5232340.0,1206820.0,8.13121e-07,8.0516e-07,0.00173409,0.0,0.00173325,0.00173359,0.00173871,633.165,0.000659
18.21,6169260.0,5519700.0,5231190.0,1206800.0,8.13163e-07,8.05202e-07,0.00173385,0.0,0.00173301,0.00173335,0.00173847,629.346,0.000658
18.215,6125490.0,5479790.0,5193900.0,1206130.0,8.1031e-07,8.02332e-07,0.00172598,0.0,0.00172513,0.00172547,0.00173053,629.346,0.000657
18.22,6111550.0,5465880.0,5180910.0,1205890.0,8.09403e-07,8.01419e-07,0.00172323,0.0,0.00172239,0.00172273,0.00172776,630.48,0.000656
18.225,6125380.0,5476120.0,5190480.0,1206070.0,8.10305e-07,8.02327e-07,0.00172525,0.0,0.00172442,0.00172475,0.0017298,630.373,0.000655
18.23,6126020.0,5474890.0,5189320.0,1206050.0,8.10347e-07,8.02369e-07,0.00172501,0.0,0.00172417,0.00172451,0.00172956,630.045,0.000654
18.235,6122850.0,5470330.0,5185060.0,1205970.0,8.1014e-07,8.02161e-07,0.0017241,0.0,0.00172327,0.00172361,0.00172865,630.045,0.000653
18.24,6122250.0,5468000.0,5182880.0,1205930.0,8.10101e-07,8.02122e-07,0.00172364,0.0,0.00172281,0.00172314,0.00172818,628.418,0.000652
18.245,6103990.0,5450320.0,5166360.0,1205630.0,8.08909e-07,8.00922e-07,0.00172014,0.0,0.00171931,0.00171964,0.00172465,628.158,0.000651
18.25,6104640.0,5449070.0,5165190.0,1205610.0,8.08951e-07,8.00965e-07,0.00171989,0.0,0.00171906,0.00171939,0.0017244,627.367,0.00065
18.255,6096100.0,5439830.0,5156560.0,1205450.0,8.08393e-07,8.00403e-07,0.00171806,0.0,0.00171723,0.00171756,0.00172255,627.367,0.000649
18.26,6093740.0,5435950.0,5152940.0,1205380.0,8.08239e-07,8.00248e-07,0.00171729,0.0,0.00171646,0.00171679,0.00172177,630.189,0.000648
18.265,6127210.0,5463140.0,5178340.0,1205850.0,8.10424e-07,8.02447e-07,0.00172267,0.0,0.00172185,0.00172218,0.00172721,629.271,0.000647
18.27,6127870.0,5461860.0,5177150.0,1205820.0,8.10468e-07,8.02491e-07,0.00172241,0.0,0.00172159,0.00172193,0.00172696,626.474,0.000646
18.275,6096010.0,5432400.0,5149620.0,1205320.0,8.08386e-07,8.00397e-07,0.00171657,0.0,0.00171575,0.00171608,0.00172106,626.474,0.000645
18.28,6086010.0,5421870.0,5139790.0,1205140.0,8.07733e-07,7.99739e-07,0.00171448,0.0,0.00171366,0.00171399,0.00171895,629.839,0.000644
18.285,6125820.0,5454470.0,5170250.0,1205700.0,8.10334e-07,8.02356e-07,0.00172095,0.0,0.00172013,0.00172047,0.00172548,630.423,0.000643
18.29,6126500.0,5453180.0,5169030.0,1205680.0,8.10378e-07,8.024e-07,0.00172069,0.0,0.00171987,0.00172021,0.00172522,632.203,0.000642
18.295,6147900.0,5469790.0,5184560.0,1205960.0,8.11772e-07,8.03803e-07,0.00172397,0.0,0.00172316,0.0017235,0.00172854,632.203,0.000641
18.3,6155380.0,5474350.0,5188820.0,1206040.0,8.1226e-07,8.04293e-07,0.00172487,0.0,0.00172407,0.0017244,0.00172945,628.778,0.00064
18.305,6116200.0,5438580.0,5155390.0,1205430.0,8.09706e-07,8.01724e-07,0.00171779,0.0,0.00171698,0.00171731,0.0017223,628.49,0.000639
18.31,6116880.0,5437260.0,5154160.0,1205410.0,8.09751e-07,8.01769e-07,0.00171752,0.0,0.00171672,0.00171705,0.00172204,627.612,0.000638
18.315,6107360.0,5427110.0,5144690.0,1205230.0,8.09129e-07,8.01143e-07,0.00171551,0.0,0.0017147,0.00171503,0.00172,627.612,0.000637
18.32,6104700.0,5422900.0,5140740.0,1205160.0,8.08955e-07,8.00969e-07,0.00171467,0.0,0.00171386,0.00171419,0.00171916,630.327,0.000636
18.325,6137000.0,5448830.0,5164980.0,1205600.0,8.11063e-07,8.03089e-07,0.00171981,0.0,0.00171901,0.00171935,0.00172435,630.277,0.000635
18.33,6137700.0,5447490.0,5163720.0,1205580.0,8.11108e-07,8.03135e-07,0.00171954,0.0,0.00171875,0.00171908,0.00172408,630.125,0.000634
18.335,6136630.0,5444600.0,5161030.0,1205530.0,8.11038e-07,8.03065e-07,0.00171897,0.0,0.00171818,0.00171851,0.00172351,630.125,0.000633
18.34,6136750.0,5442750.0,5159290.0,1205500.0,8.11047e-07,8.03073e-07,0.0017186,0.0,0.00171781,0.00171814,0.00172313,630.926,0.000632
18.345,6146790.0,5449420.0,5165530.0,1205610.0,8.11701e-07,8.03731e-07,0.00171992,0.0,0.00171913,0.00171946,0.00172447,630.721,0.000631
18.35,6147510.0,5448050.0,5164250.0,1205590.0,8.11747e-07,8.03778e-07,0.00171964,0.0,0.00171886,0.00171919,0.0017242,630.097,0.00063
18.355,6140950.0,5440420.0,5157120.0,1205460.0,8.1132e-07,8.03348e-07,0.00171813,0.0,0.00171734,0.00171768,0.00172267,630.097,0.000629
18.36,6139290.0,5436990.0,5153910.0,1205400.0,8.11212e-07,8.03239e-07,0.00171744,0.0,0.00171666,0.001717,0.00172198,624.257,0.000628
18.365,6072030.0,5377170.0,5098020.0,1204380.0,8.06817e-07,7.98818e-07,0.00170553,0.0,0.00170475,0.00170507,0.00170996,624.66,0.000627
18.37,6072750.0,5375800.0,5096740.0,1204350.0,8.06864e-07,7.98865e-07,0.00170526,0.0,0.00170447,0.0017048,0.00170968,625.889,0.000626
18.375,6087760.0,5386690.0,5106920.0,1204540.0,8.07847e-07,7.99854e-07,0.00170743,0.0,0.00170665,0.00170698,0.00171188,625.889,0.000625
18.38,6093180.0,5389340.0,5109390.0,1204590.0,8.08202e-07,8.00211e-07,0.00170796,0.0,0.00170718,0.00170751,0.00171241,632.23,0.000624
18.385,6167810.0,5451340.0,5167320.0,1205650.0,8.13068e-07,8.05107e-07,0.00172028,0.0,0.00171951,0.00171984,0.00172485,629.99,0.000623
18.39,6168550.0,5449920.0,5165990.0,1205620.0,8.13116e-07,8.05155e-07,0.00171999,0.0,0.00171923,0.00171956,0.00172457,623.163,0.000622
18.395,6089750.0,5380320.0,5100960.0,1204430.0,8.07972e-07,7.9998e-07,0.00170613,0.0,0.00170536,0.00170569,0.00171058,623.163,0.000621
18.4,6064400.0,5356550.0,5078750.0,1204020.0,8.06317e-07,7.98315e-07,0.00170139,0.0,0.00170062,0.00170094,0.0017058,624.433,0.00062
18.405,6079920.0,5367800.0,5089260.0,1204220.0,8.07334e-07,7.99338e-07,0.00170364,0.0,0.00170287,0.0017032,0.00170807,624.976,0.000619
18.41,6080670.0,5366380.0,5087940.0,1204190.0,8.07383e-07,7.99387e-07,0.00170336,0.0,0.00170259,0.00170291,0.00170778,626.63,0.000618
18.415,6100680.0,5381440.0,5102010.0,1204450.0,8.08692e-07,8.00704e-07,0.00170636,0.0,0.0017056,0.00170593,0.00171082,626.63,0.000617
18.42,6107760.0,5385410.0,5105720.0,1204520.0,8.09155e-07,8.0117e-07,0.00170715,0.0,0.00170639,0.00170672,0.00171162,631.003,0.000616
18.425,6159510.0,5427540.0,5145080.0,1205240.0,8.12529e-07,8.04564e-07,0.00171554,0.0,0.00171479,0.00171512,0.00172009,629.643,0.000615
18.43,6160280.0,5426070.0,5143710.0,1205220.0,8.12578e-07,8.04614e-07,0.00171524,0.0,0.0017145,0.00171483,0.00171979,625.496,0.000614
18.435,6112690.0,5383320.0,5103760.0,1204480.0,8.09475e-07,8.01492e-07,0.00170672,0.0,0.00170597,0.0017063,0.00171119,625.496,0.000613
18.44,6097600.0,5368310.0,5089740.0,1204230.0,8.08491e-07,8.00502e-07,0.00170373,0.0,0.00170298,0.0017033,0.00170817,629.003,0.000612
18.445,6139260.0,5401720.0,5120960.0,1204800.0,8.1121e-07,8.03238e-07,0.00171039,0.0,0.00170965,0.00170998,0.0017149,628.436,0.000611
18.45,6140040.0,5400240.0,5119570.0,1204770.0,8.11261e-07,8.03289e-07,0.00171009,0.0,0.00170935,0.00170968,0.00171461,626.708,0.00061
18.455,6120660.0,5381570.0,5102130.0,1204450.0,8.09997e-07,8.02017e-07,0.00170637,0.0,0.00170563,0.00170595,0.00171085,626.708,0.000609
18.46,6114840.0,5374440.0,5095470.0,1204330.0,8.09617e-07,8.01635e-07,0.00170494,0.0,0.0017042,0.00170453,0.00170941,627.437,0.000608
18.465,6124130.0,5380180.0,5100840.0,1204430.0,8.10223e-07,8.02245e-07,0.00170609,0.0,0.00170535,0.00170568,0.00171057,627.602,0.000607
18.47,6124920.0,5378680.0,5099430.0,1204400.0,8.10275e-07,8.02297e-07,0.00170578,0.0,0.00170505,0.00170538,0.00171026,628.105,0.000606
18.475,6131580.0,5382150.0,5102680.0,1204460.0,8.1071e-07,8.02734e-07,0.00170647,0.0,0.00170574,0.00170607,0.00171097,628.105,0.000605
18.48,6134310.0,5382270.0,5102790.0,1204470.0,8.10887e-07,8.02913e-07,0.0017065,0.0,0.00170577,0.00170609,0.00171099,626.184,0.000604
18.485,6112700.0,5361700.0,5083560.0,1204110.0,8.09477e-07,8.01494e-07,0.00170238,0.0,0.00170165,0.00170198,0.00170684,626.166,0.000603
18.49,6113500.0,5360170.0,5082140.0,1204090.0,8.0953e-07,8.01547e-07,0.00170207,0.0,0.00170135,0.00170167,0.00170653,626.109,0.000602
18.495,6113650.0,5358080.0,5080180.0,1204050.0,8.0954e-07,8.01557e-07,0.00170165,0.0,0.00170093,0.00170125,0.00170611,626.109,0.000601
18.5,6114240.0,5356350.0,5078570.0,1204020.0,8.09578e-07,8.01596e-07,0.0017013,0.0,0.00170058,0.0017009,0.00170576,629.609,0.0006
18.505,6155920.0,5389440.0,5109490.0,1204590.0,8.12295e-07,8.04329e-07,0.00170791,0.0,0.0017072,0.00170753,0.00171243,630.726,0.000599
18.51,6156750.0,5387870.0,5108020.0,1204560.0,8.12349e-07,8.04383e-07,0.0017076,0.0,0.00170689,0.00170721,0.00171212,634.132,0.000598
18.515,6197420.0,5420030.0,5138060.0,1205110.0,8.1499e-07,8.0704e-07,0.00171399,0.0,0.00171329,0.00171362,0.00171858,634.132,0.000597
18.52,6211320.0,5429500.0,5146910.0,1205280.0,8.15892e-07,8.07948e-07,0.00171587,0.0,0.00171518,0.00171551,0.00172048,627.767,0.000596
18.525,6137710.0,5364910.0,5086570.0,1204170.0,8.11109e-07,8.03136e-07,0.001703,0.0,0.0017023,0.00170262,0.00170749,627.598,0.000595
18.53,6138550.0,5363320.0,5085080.0,1204140.0,8.11164e-07,8.03191e-07,0.00170268,0.0,0.00170198,0.0017023,0.00170717,627.086,0.000594
18.535,6133400.0,5356660.0,5078860.0,1204030.0,8.10828e-07,8.02853e-07,0.00170135,0.0,0.00170064,0.00170097,0.00170582,627.086,0.000593
18.54,6132280.0,5353400.0,5075810.0,1203970.0,8.10755e-07,8.0278e-07,0.00170069,0.0,0.00169999,0.00170031,0.00170516,625.038,0.000592
18.545,6109210.0,5331610.0,5055450.0,1203590.0,8.0925e-07,8.01265e-07,0.00169632,0.0,0.00169562,0.00169594,0.00170075,624.709,0.000591
18.55,6110060.0,5330000.0,5053950.0,1203560.0,8.09305e-07,8.01321e-07,0.00169599,0.0,0.00169529,0.00169561,0.00170042,623.707,0.00059
18.555,6099210.0,5318520.0,5043220.0,1203370.0,8.08596e-07,8.00607e-07,0.00169368,0.0,0.00169298,0.0016933,0.00169809,623.707,0.000589
18.56,6096220.0,5313670.0,5038690.0,1203280.0,8.08401e-07,8.00411e-07,0.0016927,0.0,0.00169201,0.00169233,0.00169711,630.993,0.000588
18.565,6182270.0,5383780.0,5104200.0,1204490.0,8.14008e-07,8.06052e-07,0.00170675,0.0,0.00170607,0.00170639,0.00171129,630.44,0.000587
18.57,6183140.0,5382120.0,5102640.0,1204460.0,8.14064e-07,8.06109e-07,0.00170641,0.0,0.00170574,0.00170606,0.00171096,628.754,0.000586
18.575,6164280.0,5363850.0,5085570.0,1204150.0,8.12838e-07,8.04876e-07,0.00170276,0.0,0.00170208,0.00170241,0.00170727,628.754,0.000585
18.58,6158680.0,5356730.0,5078930.0,1204030.0,8.12475e-07,8.0451e-07,0.00170133,0.0,0.00170066,0.00170098,0.00170583,627.077,0.000584
18.585,6139950.0,5338570.0,5061960.0,1203710.0,8.11255e-07,8.03283e-07,0.00169769,0.0,0.00169702,0.00169734,0.00170216,628.022,0.000583
18.59,6140830.0,5336900.0,5060400.0,1203680.0,8.11313e-07,8.03341e-07,0.00169735,0.0,0.00169668,0.001697,0.00170182,630.902,0.000582
18.595,6175440.0,5363510.0,5085260.0,1204140.0,8.13563e-07,8.05605e-07,0.00170268,0.0,0.00170201,0.00170234,0.0017072,630.902,0.000581
18.6,6187400.0,5371090.0,5092340.0,1204280.0,8.14341e-07,8.06387e-07,0.00170419,0.0,0.00170353,0.00170386,0.00170873,628.693,0.00058
18.605,6162430.0,5347680.0,5070470.0,1203870.0,8.12718e-07,8.04755e-07,0.00169951,0.0,0.00169884,0.00169917,0.001704,629.024,0.000579
18.61,6163330.0,5345970.0,5068870.0,1203840.0,8.12777e-07,8.04814e-07,0.00169916,0.0,0.0016985,0.00169882,0.00170366,630.032,0.000578
18.615,6176050.0,5354140.0,5076500.0,1203980.0,8.13603e-07,8.05645e-07,0.00170079,0.0,0.00170014,0.00170046,0.00170531,630.032,0.000577
18.62,6180830.0,5355650.0,5077910.0,1204010.0,8.13914e-07,8.05958e-07,0.00170109,0.0,0.00170044,0.00170076,0.00170562,627.576,0.000576
18.625,6152990.0,5329850.0,5053810.0,1203560.0,8.12104e-07,8.04137e-07,0.00169592,0.0,0.00169526,0.00169558,0.00170039,628.493,0.000575
18.63,6153910.0,5328110.0,5052180.0,1203530.0,8.12164e-07,8.04197e-07,0.00169556,0.0,0.00169491,0.00169523,0.00170004,631.286,0.000574
18.635,6187570.0,5353710.0,5076100.0,1203980.0,8.14351e-07,8.06397e-07,0.00170069,0.0,0.00170005,0.00170037,0.00170522,631.286,0.000573
18.64,6199240.0,5360910.0,5082830.0,1204100.0,8.15109e-07,8.0716e-07,0.00170213,0.0,0.00170149,0.00170182,0.00170668,628.575,0.000572
18.645,6168390.0,5332610.0,5056380.0,1203610.0,8.13106e-07,8.05145e-07,0.00169646,0.0,0.00169582,0.00169614,0.00170095,627.723,0.000571
18.65,6169330.0,5330830.0,5054720.0,1203580.0,8.13167e-07,8.05206e-07,0.0016961,0.0,0.00169546,0.00169578,0.00170059,625.127,0.00057
18.655,6139860.0,5303710.0,5029380.0,1203110.0,8.11248e-07,8.03276e-07,0.00169064,0.0,0.00169,0.00169031,0.00169508,625.127,0.000569
18.66,6130830.0,5293610.0,5019950.0,1202930.0,8.1066e-07,8.02684e-07,0.0016886,0.0,0.00168796,0.00168828,0.00169303,628.697,0.000568
18.665,6173600.0,5326640.0,5050810.0,1203510.0,8.13445e-07,8.05486e-07,0.00169525,0.0,0.00169462,0.00169494,0.00169974,628.443,0.000567
18.67,6174560.0,5324830.0,5049120.0,1203480.0,8.13507e-07,8.05548e-07,0.00169488,0.0,0.00169425,0.00169457,0.00169937,627.67,0.000566
18.675,6166450.0,5315480.0,5040380.0,1203310.0,8.1298e-07,8.05018e-07,0.001693,0.0,0.00169237,0.00169269,0.00169748,627.67,0.000565
18.68,6164440.0,5311180.0,5036370.0,1203240.0,8.12849e-07,8.04887e-07,0.00169213,0.0,0.00169151,0.00169182,0.0016966,629.768,0.000564
18.685,6190030.0,5329790.0,5053750.0,1203560.0,8.14511e-07,8.06559e-07,0.00169587,0.0,0.00169525,0.00169557,0.00170038,628.121,0.000563
18.69,6191000.0,5327940.0,5052020.0,1203530.0,8.14575e-07,8.06622e-07,0.00169549,0.0,0.00169488,0.0016952,0.00170001,623.1,0.000562
18.695,6133110.0,5277280.0,5004690.0,1202650.0,8.10807e-07,8.02832e-07,0.00168527,0.0,0.00168465,0.00168497,0.00168969,623.1,0.000561
18.7,6114780.0,5259430.0,4988010.0,1202340.0,8.09613e-07,8.01631e-07,0.00168167,0.0,0.00168105,0.00168136,0.00168606,626.961,0.00056
18.705,6161010.0,5295060.0,5021300.0,1202960.0,8.12626e-07,8.04662e-07,0.00168886,0.0,0.00168825,0.00168857,0.00169332,626.537,0.000559
18.71,6162010.0,5293190.0,5019550.0,1202930.0,8.12691e-07,8.04727e-07,0.00168848,0.0,0.00168788,0.00168819,0.00169294,625.244,0.000558
18.715,6147840.0,5278770.0,5006080.0,1202670.0,8.11769e-07,8.03799e-07,0.00168557,0.0,0.00168496,0.00168528,0.00169,625.244,0.000557
18.72,6143860.0,5272780.0,5000480.0,1202570.0,8.1151e-07,8.03539e-07,0.00168436,0.0,0.00168375,0.00168407,0.00168878,625.149,0.000556
18.725,6143760.0,5269970.0,4997860.0,1202520.0,8.11503e-07,8.03533e-07,0.00168379,0.0,0.00168318,0.0016835,0.00168821,626.01,0.000555
18.73,6144770.0,5268080.0,4996090.0,1202490.0,8.11569e-07,8.03599e-07,0.0016834,0.0,0.0016828,0.00168311,0.00168782,628.634,0.000554
18.735,6176590.0,5291580.0,5018050.0,1202900.0,8.13638e-07,8.0568e-07,0.00168814,0.0,0.00168755,0.00168787,0.00169261,628.634,0.000553
18.74,6187710.0,5297980.0,5024030.0,1203010.0,8.14361e-07,8.06407e-07,0.00168943,0.0,0.00168885,0.00168916,0.00169392,631.436,0.000552
18.745,6221680.0,5323180.0,5047570.0,1203450.0,8.16563e-07,8.08623e-07,0.0016945,0.0,0.00169392,0.00169424,0.00169904,630.26,0.000551
18.75,6222720.0,5321220.0,5045740.0,1203410.0,8.1663e-07,8.0869e-07,0.0016941,0.0,0.00169353,0.00169385,0.00169864,626.673,0.00055
18.755,6181600.0,5284560.0,5011490.0,1202780.0,8.13963e-07,8.06007e-07,0.00168671,0.0,0.00168613,0.00168645,0.00169118,626.673,0.000549
18.76,6168820.0,5271230.0,4999030.0,1202540.0,8.13134e-07,8.05173e-07,0.00168401,0.0,0.00168344,0.00168375,0.00168847,627.098,0.000548
18.765,6174850.0,5273360.0,5001020.0,1202580.0,8.13526e-07,8.05568e-07,0.00168444,0.0,0.00168387,0.00168418,0.0016889,627.786,0.000547
18.77,6175910.0,5271380.0,4999180.0,1202550.0,8.13594e-07,8.05636e-07,0.00168404,0.0,0.00168347,0.00168378,0.0016885,629.883,0.000546
18.775,6201620.0,5289620.0,5016220.0,1202870.0,8.15263e-07,8.07315e-07,0.00168772,0.0,0.00168716,0.00168747,0.00169222,629.883,0.000545
18.78,6210780.0,5294250.0,5020540.0,1202950.0,8.15857e-07,8.07912e-07,0.00168865,0.0,0.00168809,0.00168841,0.00169316,627.583,0.000544
18.785,6184800.0,5270060.0,4997940.0,1202520.0,8.14172e-07,8.06217e-07,0.00168376,0.0,0.0016832,0.00168352,0.00168823,627.725,0.000543
18.79,6185870.0,5268040.0,4996060.0,1202490.0,8.14242e-07,8.06287e-07,0.00168335,0.0,0.00168279,0.00168311,0.00168782,628.16,0.000542
18.795,6192060.0,5270190.0,4998070.0,1202530.0,8.14644e-07,8.06692e-07,0.00168378,0.0,0.00168323,0.00168354,0.00168825,628.16,0.000541
18.8,6194820.0,5269520.0,4997440.0,1202510.0,8.14823e-07,8.06872e-07,0.00168364,0.0,0.00168309,0.00168341,0.00168812,628.844,0.00054
18.805,6203970.0,5274050.0,5001670.0,1202590.0,8.15416e-07,8.07468e-07,0.00168455,0.0,0.00168401,0.00168432,0.00168904,629.016,0.000539
18.81,6205060.0,5271980.0,4999740.0,1202560.0,8.15487e-07,8.0754e-07,0.00168413,0.0,0.00168359,0.00168391,0.00168862,629.54,0.000538
18.815,6212330.0,5274940.0,5002500.0,1202610.0,8.15958e-07,8.08014e-07,0.00168473,0.0,0.00168419,0.0016845,0.00168922,629.54,0.000537
18.82,6215470.0,5274500.0,5002090.0,1202600.0,8.16161e-07,8.08218e-07,0.00168463,0.0,0.0016841,0.00168441,0.00168913,623.6,0.000536
18.825,6146700.0,5215470.0,4946940.0,1201560.0,8.11695e-07,8.03725e-07,0.00167266,0.0,0.00167212,0.00167242,0.00167705,624.964,0.000535
18.83,6147810.0,5213400.0,4945000.0,1201530.0,8.11767e-07,8.03798e-07,0.00167223,0.0,0.00167169,0.001672,0.00167662,629.12,0.000534
18.835,6197850.0,5251100.0,4980230.0,1202190.0,8.15017e-07,8.07067e-07,0.00167988,0.0,0.00167935,0.00167966,0.00168435,629.12,0.000533
18.84,6215020.0,5262030.0,4990440.0,1202380.0,8.16132e-07,8.08189e-07,0.0016821,0.0,0.00168158,0.00168189,0.00168659,626.742,0.000532
18.845,6188150.0,5237140.0,4967190.0,1201950.0,8.1439e-07,8.06436e-07,0.00167705,0.0,0.00167652,0.00167683,0.00168149,626.726,0.000531
18.85,6189290.0,5235010.0,4965190.0,1201910.0,8.14464e-07,8.06511e-07,0.00167661,0.0,0.00167609,0.0016764,0.00168106,626.675,0.00053
18.855,6189840.0,5232390.0,4962740.0,1201860.0,8.145e-07,8.06547e-07,0.00167607,0.0,0.00167556,0.00167587,0.00168052,626.675,0.000529
18.86,6190800.0,5230080.0,4960580.0,1201820.0,8.14562e-07,8.06609e-07,0.0016756,0.0,0.00167509,0.0016754,0.00168005,630.857,0.000528
18.865,6241250.0,5267830.0,4995860.0,1202490.0,8.17829e-07,8.09896e-07,0.00168325,0.0,0.00168275,0.00168306,0.00168777,630.953,0.000527
18.87,6242420.0,5265630.0,4993810.0,1202450.0,8.17905e-07,8.09972e-07,0.0016828,0.0,0.00168231,0.00168262,0.00168732,631.245,0.000526
18.875,6247050.0,5266210.0,4994350.0,1202460.0,8.18204e-07,8.10273e-07,0.00168291,0.0,0.00168242,0.00168274,0.00168744,631.245,0.000525
18.88,6249360.0,5264900.0,4993120.0,1202430.0,8.18353e-07,8.10423e-07,0.00168265,0.0,0.00168216,0.00168247,0.00168717,629.362,0.000524
18.885,6228330.0,5244730.0,4974270.0,1202080.0,8.16994e-07,8.09056e-07,0.00167856,0.0,0.00167807,0.00167838,0.00168305,628.949,0.000523
18.89,6229520.0,5242500.0,4972190.0,1202040.0,8.17071e-07,8.09133e-07,0.0016781,0.0,0.00167761,0.00167792,0.00168259,627.688,0.000522
18.895,6215840.0,5228260.0,4958890.0,1201790.0,8.16185e-07,8.08242e-07,0.0016752,0.0,0.00167472,0.00167503,0.00167967,627.688,0.000521
18.9,6212160.0,5222080.0,4953110.0,1201680.0,8.15947e-07,8.08003e-07,0.00167394,0.0,0.00167346,0.00167377,0.0016784,624.635,0.00052
18.905,6177370.0,5190850.0,4923930.0,1201130.0,8.1369e-07,8.05732e-07,0.00166758,0.0,0.00166709,0.0016674,0.00167198,625.904,0.000519
18.91,6178580.0,5188600.0,4921830.0,1201090.0,8.13768e-07,8.05811e-07,0.00166711,0.0,0.00166663,0.00166694,0.00167152,629.773,0.000518
18.915,6225450.0,5223020.0,4953990.0,1201700.0,8.16805e-07,8.08866e-07,0.00167412,0.0,0.00167365,0.00167396,0.00167859,629.773,0.000517
18.92,6241650.0,5232760.0,4963090.0,1201870.0,8.17855e-07,8.09922e-07,0.0016761,0.0,0.00167563,0.00167594,0.0016806,627.098,0.000516
18.925,6211300.0,5205100.0,4937250.0,1201380.0,8.15891e-07,8.07946e-07,0.00167047,0.0,0.00167,0.00167031,0.00167491,627.597,0.000515
18.93,6212540.0,5202790.0,4935090.0,1201340.0,8.15971e-07,8.08027e-07,0.00166999,0.0,0.00166953,0.00166984,0.00167444,629.12,0.000514
18.935,6231770.0,5214870.0,4946380.0,1201560.0,8.17215e-07,8.09279e-07,0.00167245,0.0,0.00167199,0.0016723,0.00167692,629.12,0.000513
18.94,6238920.0,5217260.0,4948610.0,1201600.0,8.17678e-07,8.09744e-07,0.00167293,0.0,0.00167248,0.00167279,0.00167741,623.128,0.000512
18.945,6169430.0,5158330.0,4893550.0,1200550.0,8.13174e-07,8.05213e-07,0.00166089,0.0,0.00166043,0.00166073,0.00166526,624.716,0.000511
18.95,6170690.0,5156000.0,4891370.0,1200510.0,8.13255e-07,8.05295e-07,0.00166041,0.0,0.00165995,0.00166025,0.00166478,629.555,0.00051
18.955,6229120.0,5199290.0,4931820.0,1201280.0,8.17042e-07,8.09104e-07,0.00166925,0.0,0.00166881,0.00166911,0.00167371,629.555,0.000509
18.96,6249150.0,5211880.0,4943580.0,1201500.0,8.18339e-07,8.10409e-07,0.00167182,0.0,0.00167138,0.00167169,0.00167631,624.495,0.000508
18.965,6190640.0,5161810.0,4896790.0,1200620.0,8.14551e-07,8.06599e-07,0.00166159,0.0,0.00166114,0.00166145,0.00166598,625.565,0.000507
18.97,6191920.0,5159420.0,4894570.0,1200570.0,8.14634e-07,8.06682e-07,0.0016611,0.0,0.00166066,0.00166096,0.00166549,628.826,0.000506
18.975,6231770.0,5187690.0,4920980.0,1201080.0,8.17214e-07,8.09278e-07,0.00166687,0.0,0.00166644,0.00166675,0.00167133,628.826,0.000505
18.98,6245710.0,5195320.0,4928110.0,1201210.0,8.18118e-07,8.10186e-07,0.00166843,0.0,0.001668,0.00166831,0.0016729,622.63,0.000504
18.985,6173780.0,5134690.0,4871460.0,1200130.0,8.13457e-07,8.05498e-07,0.00165601,0.0,0.00165557,0.00165587,0.00166037,624.007,0.000503
18.99,6175090.0,5132270.0,4869200.0,1200090.0,8.13542e-07,8.05583e-07,0.00165551,0.0,0.00165508,0.00165537,0.00165987,628.205,0.000502
18.995,6226050.0,5169190.0,4903690.0,1200750.0,8.16844e-07,8.08905e-07,0.00166307,0.0,0.00166265,0.00166295,0.0016675,628.205,0.000501
19.0,6243660.0,5179630.0,4913450.0,1200930.0,8.17985e-07,8.10053e-07,0.0016652,0.0,0.0016648,0.0016651,0.00166967,629.792,0.0005
19.005,6263800.0,5192010.0,4925020.0,1201150.0,8.19285e-07,8.11361e-07,0.00166773,0.0,0.00166733,0.00166763,0.00167222,629.967,0.000499
19.01,6265150.0,5189500.0,4922670.0,1201110.0,8.19373e-07,8.11449e-07,0.00166721,0.0,0.00166681,0.00166712,0.0016717,630.502,0.000498
19.015,6272850.0,5191980.0,4924980.0,1201150.0,8.19869e-07,8.11948e-07,0.00166771,0.0,0.00166732,0.00166763,0.00167221,630.502,0.000497
19.02,6276300.0,5191080.0,4924140.0,1201140.0,8.20091e-07,8.12172e-07,0.00166752,0.0,0.00166714,0.00166744,0.00167203,632.552,0.000496
19.025,6301980.0,5207690.0,4939660.0,1201430.0,8.21745e-07,8.13835e-07,0.00167091,0.0,0.00167053,0.00167083,0.00167545,630.995,0.000495
19.03,6303370.0,5205100.0,4937250.0,1201380.0,8.21834e-07,8.13925e-07,0.00167037,0.0,0.00167,0.00167031,0.00167491,626.248,0.000494
19.035,6248480.0,5158200.0,4893420.0,1200550.0,8.18294e-07,8.10363e-07,0.00166078,0.0,0.00166039,0.0016607,0.00166523,626.248,0.000493
19.04,6231410.0,5141090.0,4877440.0,1200250.0,8.17193e-07,8.09256e-07,0.00165727,0.0,0.00165689,0.00165719,0.00166169,626.723,0.000492
19.045,6238420.0,5142920.0,4879150.0,1200280.0,8.17646e-07,8.09712e-07,0.00165764,0.0,0.00165727,0.00165756,0.00166207,626.456,0.000491
19.05,6239830.0,5140320.0,4876720.0,1200230.0,8.17737e-07,8.09804e-07,0.00165711,0.0,0.00165673,0.00165703,0.00166153,625.645,0.00049
19.055,6231620.0,5130170.0,4867230.0,1200050.0,8.17206e-07,8.0927e-07,0.00165501,0.0,0.00165464,0.00165494,0.00165943,625.645,0.000489
19.06,6229880.0,5125070.0,4862470.0,1199960.0,8.17094e-07,8.09157e-07,0.00165396,0.0,0.00165359,0.00165389,0.00165837,627.402,0.000488
19.065,6252150.0,5138750.0,4875260.0,1200210.0,8.18533e-07,8.10604e-07,0.00165677,0.0,0.00165641,0.00165671,0.00166121,627.283,0.000487
19.07,6253580.0,5136100.0,4872780.0,1200160.0,8.18626e-07,8.10697e-07,0.00165622,0.0,0.00165586,0.00165616,0.00166066,626.92,0.000486
19.075,6250720.0,5130060.0,4867130.0,1200050.0,8.18441e-07,8.10512e-07,0.00165497,0.0,0.00165462,0.00165492,0.00165941,626.92,0.000485
19.08,6250760.0,5126280.0,4863600.0,1199980.0,8.18443e-07,8.10514e-07,0.00165419,0.0,0.00165384,0.00165414,0.00165862,627.139,0.000484
19.085,6254810.0,5125610.0,4862970.0,1199970.0,8.18705e-07,8.10777e-07,0.00165405,0.0,0.0016537,0.001654,0.00165848,627.699,0.000483
19.09,6256280.0,5122900.0,4860440.0,1199920.0,8.188e-07,8.10873e-07,0.00165348,0.0,0.00165314,0.00165344,0.00165792,629.405,0.000482
19.095,6278020.0,5135950.0,4872630.0,1200160.0,8.20202e-07,8.12283e-07,0.00165616,0.0,0.00165583,0.00165613,0.00166063,629.405,0.000481
19.1,6286160.0,5138380.0,4874900.0,1200200.0,8.20727e-07,8.12811e-07,0.00165666,0.0,0.00165633,0.00165663,0.00166113,628.687,0.00048
19.105,6279130.0,5128980.0,4866120.0,1200030.0,8.20274e-07,8.12355e-07,0.00165472,0.0,0.0016544,0.0016547,0.00165918,629.483,0.000479
19.11,6280630.0,5126210.0,4863530.0,1199980.0,8.2037e-07,8.12452e-07,0.00165415,0.0,0.00165383,0.00165412,0.0016586,631.907,0.000478
19.115,6310980.0,5145770.0,4881810.0,1200330.0,8.22323e-07,8.14417e-07,0.00165816,0.0,0.00165785,0.00165815,0.00166266,631.907,0.000477
19.12,6321960.0,5150280.0,4886030.0,1200410.0,8.2303e-07,8.15127e-07,0.00165908,0.0,0.00165878,0.00165908,0.0016636,635.582,0.000476
19.125,6367290.0,5181330.0,4915040.0,1200960.0,8.25936e-07,8.18051e-07,0.00166543,0.0,0.00166514,0.00166545,0.00167002,633.45,0.000475
19.13,6368840.0,5178450.0,4912340.0,1200910.0,8.26036e-07,8.18151e-07,0.00166483,0.0,0.00166455,0.00166486,0.00166942,626.95,0.000474
19.135,6292980.0,5115760.0,4853770.0,1199790.0,8.21162e-07,8.13248e-07,0.00165195,0.0,0.00165166,0.00165195,0.00165642,626.95,0.000473
19.14,6269140.0,5093290.0,4832770.0,1199390.0,8.1963e-07,8.11708e-07,0.00164733,0.0,0.00164703,0.00164732,0.00165175,632.75,0.000472
19.145,6339770.0,5143650.0,4879830.0,1200290.0,8.24173e-07,8.16277e-07,0.00165769,0.0,0.00165742,0.00165772,0.00166222,632.377,0.000471
19.15,6341350.0,5140730.0,4877100.0,1200240.0,8.24274e-07,8.16379e-07,0.00165709,0.0,0.00165682,0.00165711,0.00166162,631.242,0.00047
19.155,6329400.0,5127380.0,4864630.0,1200000.0,8.23507e-07,8.15608e-07,0.00165434,0.0,0.00165407,0.00165436,0.00165885,631.242,0.000469
19.16,6326550.0,5121020.0,4858690.0,1199890.0,8.23325e-07,8.15424e-07,0.00165303,0.0,0.00165276,0.00165305,0.00165753,627.502,0.000468
19.165,6283600.0,5083850.0,4823960.0,1199220.0,8.20562e-07,8.12645e-07,0.00164535,0.0,0.00164508,0.00164537,0.00164978,627.603,0.000467
19.17,6285200.0,5080910.0,4821210.0,1199170.0,8.20665e-07,8.12749e-07,0.00164474,0.0,0.00164447,0.00164476,0.00164917,627.913,0.000466
19.175,6290500.0,5080770.0,4821080.0,1199170.0,8.21006e-07,8.13092e-07,0.00164471,0.0,0.00164444,0.00164473,0.00164914,627.913,0.000465
19.18,6293330.0,5078720.0,4819160.0,1199130.0,8.21188e-07,8.13275e-07,0.00164428,0.0,0.00164401,0.00164431,0.00164871,629.905,0.000464
19.185,6318710.0,5093880.0,4833330.0,1199400.0,8.22821e-07,8.14917e-07,0.0016474,0.0,0.00164715,0.00164745,0.00165188,629.178,0.000463
19.19,6320360.0,5090860.0,4830500.0,1199350.0,8.22927e-07,8.15023e-07,0.00164677,0.0,0.00164653,0.00164682,0.00165125,626.963,0.000462
19.195,6295590.0,5067670.0,4808830.0,1198930.0,8.21333e-07,8.13421e-07,0.00164197,0.0,0.00164172,0.00164201,0.0016464,626.963,0.000461
19.2,6288580.0,5058020.0,4799820.0,1198760.0,8.20883e-07,8.12968e-07,0.00163997,0.0,0.00163972,0.00164001,0.00164438,629.255,0.00046
19.205,6317590.0,5075780.0,4816410.0,1199080.0,8.22749e-07,8.14845e-07,0.00164364,0.0,0.0016434,0.0016437,0.0016481,628.229,0.000459
19.21,6319270.0,5072690.0,4813530.0,1199020.0,8.22857e-07,8.14953e-07,0.001643,0.0,0.00164277,0.00164306,0.00164745,625.098,0.000458
19.215,6283610.0,5041230.0,4784130.0,1198450.0,8.20561e-07,8.12644e-07,0.00163646,0.0,0.00163622,0.00163651,0.00164086,625.098,0.000457
19.22,6273040.0,5028840.0,4772550.0,1198230.0,8.19882e-07,8.11961e-07,0.00163388,0.0,0.00163365,0.00163393,0.00163826,626.311,0.000456
19.225,6289210.0,5036700.0,4779900.0,1198370.0,8.20923e-07,8.13009e-07,0.00163551,0.0,0.00163528,0.00163557,0.00163991,627.338,0.000455
19.23,6290920.0,5033580.0,4776980.0,1198310.0,8.21033e-07,8.13119e-07,0.00163485,0.0,0.00163463,0.00163492,0.00163926,630.469,0.000454
19.235,6330060.0,5058700.0,4800460.0,1198770.0,8.23548e-07,8.15649e-07,0.00164006,0.0,0.00163986,0.00164015,0.00164452,630.469,0.000453
19.24,6344070.0,5064800.0,4806150.0,1198880.0,8.24448e-07,8.16554e-07,0.00164132,0.0,0.00164113,0.00164142,0.0016458,628.415,0.000452
19.245,6321260.0,5043060.0,4785840.0,1198490.0,8.22984e-07,8.15082e-07,0.00163681,0.0,0.00163661,0.0016369,0.00164125,628.331,0.000451
19.25,6323010.0,5039850.0,4782840.0,1198430.0,8.23097e-07,8.15195e-07,0.00163613,0.0,0.00163594,0.00163623,0.00164057,628.074,0.00045
19.255,6321710.0,5034310.0,4777660.0,1198330.0,8.23013e-07,8.15111e-07,0.00163498,0.0,0.00163478,0.00163507,0.00163941,628.074,0.000449
19.26,6322470.0,5030310.0,4773920.0,1198250.0,8.23062e-07,8.1516e-07,0.00163414,0.0,0.00163395,0.00163424,0.00163857,627.709,0.000448
19.265,6319890.0,5023770.0,4767820.0,1198140.0,8.22897e-07,8.14994e-07,0.00163277,0.0,0.00163259,0.00163287,0.00163719,626.793,0.000447
19.27,6321690.0,5020500.0,4764760.0,1198080.0,8.23012e-07,8.15109e-07,0.00163208,0.0,0.00163191,0.00163219,0.00163651,624.001,0.000446
19.275,6290100.0,4992200.0,4738320.0,1197560.0,8.2098e-07,8.13065e-07,0.00162617,0.0,0.00162598,0.00162627,0.00163054,624.001,0.000445
19.28,6280950.0,4980720.0,4727590.0,1197350.0,8.20392e-07,8.12474e-07,0.00162376,0.0,0.00162358,0.00162386,0.00162811,628.384,0.000444
19.285,6335220.0,5016610.0,4761130.0,1198000.0,8.23881e-07,8.15983e-07,0.00163126,0.0,0.00163109,0.00163138,0.00163569,627.798,0.000443
19.29,6337060.0,5013260.0,4758000.0,1197940.0,8.23999e-07,8.16102e-07,0.00163055,0.0,0.00163039,0.00163068,0.00163498,626.01,0.000442
19.295,6317500.0,4993940.0,4739940.0,1197590.0,8.22743e-07,8.14838e-07,0.00162651,0.0,0.00162635,0.00162663,0.00163091,626.01,0.000441
19.3,6312330.0,4985340.0,4731910.0,1197430.0,8.22411e-07,8.14505e-07,0.0016247,0.0,0.00162455,0.00162483,0.00162909,631.212,0.00044
19.305,6376550.0,5028310.0,4772060.0,1198220.0,8.26528e-07,8.18646e-07,0.00163367,0.0,0.00163354,0.00163382,0.00163815,631.2,0.000439
19.31,6378430.0,5024870.0,4768840.0,1198160.0,8.26649e-07,8.18768e-07,0.00163294,0.0,0.00163282,0.0016331,0.00163742,631.162,0.000438
19.315,6379880.0,5021060.0,4765280.0,1198090.0,8.26742e-07,8.18861e-07,0.00163214,0.0,0.00163202,0.00163231,0.00163662,631.162,0.000437
19.32,6381640.0,5017470.0,4761930.0,1198020.0,8.26854e-07,8.18974e-07,0.00163139,0.0,0.00163127,0.00163156,0.00163587,628.705,0.000436
19.325,6354070.0,4992140.0,4738260.0,1197560.0,8.2509e-07,8.17199e-07,0.0016261,0.0,0.00162598,0.00162626,0.00163053,628.701,0.000435
19.33,6355990.0,4988650.0,4735000.0,1197490.0,8.25213e-07,8.17323e-07,0.00162536,0.0,0.00162524,0.00162553,0.00162979,628.69,0.000434
19.335,6357800.0,4985030.0,4731610.0,1197430.0,8.25329e-07,8.1744e-07,0.00162459,0.0,0.00162448,0.00162477,0.00162902,628.69,0.000433
19.34,6359710.0,4981460.0,4728280.0,1197360.0,8.25451e-07,8.17562e-07,0.00162384,0.0,0.00162374,0.00162402,0.00162827,631.957,0.000432
19.345,6400920.0,5006790.0,4751950.0,1197830.0,8.28086e-07,8.20213e-07,0.00162913,0.0,0.00162904,0.00162933,0.00163362,630.794,0.000431
19.35,6402900.0,5003180.0,4748580.0,1197760.0,8.28212e-07,8.2034e-07,0.00162837,0.0,0.00162829,0.00162857,0.00163286,627.249,0.00043
19.355,6362280.0,4968290.0,4715970.0,1197120.0,8.25614e-07,8.17727e-07,0.00162106,0.0,0.00162096,0.00162125,0.00162548,627.249,0.000429
19.36,6350300.0,4954420.0,4703020.0,1196870.0,8.24848e-07,8.16956e-07,0.00161814,0.0,0.00161805,0.00161833,0.00162254,629.397,0.000428
19.365,6378120.0,4969700.0,4717290.0,1197150.0,8.26629e-07,8.18747e-07,0.00162134,0.0,0.00162127,0.00162155,0.00162578,629.896,0.000427
19.37,6380140.0,4966040.0,4713870.0,1197080.0,8.26758e-07,8.18877e-07,0.00162057,0.0,0.0016205,0.00162078,0.00162501,631.42,0.000426
19.375,6400510.0,4975740.0,4722930.0,1197260.0,8.28059e-07,8.20186e-07,0.00162259,0.0,0.00162253,0.00162282,0.00162706,631.42,0.000425
19.38,6408570.0,4976420.0,4723570.0,1197270.0,8.28574e-07,8.20704e-07,0.00162273,0.0,0.00162268,0.00162296,0.0016272,628.535,0.000424
19.385,6375900.0,4947380.0,4696430.0,1196740.0,8.26487e-07,8.18605e-07,0.00161663,0.0,0.00161657,0.00161685,0.00162105,628.826,0.000423
19.39,6377960.0,4943650.0,4692950.0,1196670.0,8.26619e-07,8.18737e-07,0.00161584,0.0,0.00161578,0.00161606,0.00162025,629.714,0.000422
19.395,6390740.0,4947650.0,4696690.0,1196740.0,8.27436e-07,8.19559e-07,0.00161667,0.0,0.00161663,0.00161691,0.00162111,629.714,0.000421
19.4,6396340.0,4946420.0,4695540.0,1196720.0,8.27793e-07,8.19918e-07,0.00161641,0.0,0.00161637,0.00161665,0.00162084,623.824,0.00042
19.405,6327540.0,4891260.0,4644000.0,1195700.0,8.23388e-07,8.15488e-07,0.00160476,0.0,0.0016047,0.00160497,0.00160909,624.691,0.000419
19.41,6329640.0,4887490.0,4640480.0,1195630.0,8.23523e-07,8.15623e-07,0.00160395,0.0,0.0016039,0.00160417,0.00160828,627.335,0.000418
19.415,6363590.0,4906680.0,4658410.0,1195980.0,8.25699e-07,8.17812e-07,0.001608,0.0,0.00160797,0.00160824,0.00161238,627.335,0.000417
19.42,6376170.0,4910380.0,4661870.0,1196050.0,8.26504e-07,8.18622e-07,0.00160878,0.0,0.00160876,0.00160903,0.00161317,627.048,0.000416
19.425,6374860.0,4904020.0,4655920.0,1195940.0,8.2642e-07,8.18537e-07,0.00160743,0.0,0.00160741,0.00160768,0.00161181,627.604,0.000415
19.43,6377020.0,4900140.0,4652290.0,1195860.0,8.26558e-07,8.18676e-07,0.0016066,0.0,0.00160659,0.00160686,0.00161098,629.301,0.000414
19.435,6399660.0,4910920.0,4662370.0,1196060.0,8.28005e-07,8.20132e-07,0.00160887,0.0,0.00160887,0.00160914,0.00161329,629.301,0.000413
19.44,6408570.0,4911800.0,4663190.0,1196080.0,8.28574e-07,8.20704e-07,0.00160905,0.0,0.00160906,0.00160933,0.00161347,627.753,0.000412
19.445,6392100.0,4894440.0,4646970.0,1195760.0,8.27523e-07,8.19646e-07,0.00160537,0.0,0.00160538,0.00160565,0.00160977,627.837,0.000411
19.45,6394310.0,4890470.0,4643260.0,1195680.0,8.27664e-07,8.19788e-07,0.00160452,0.0,0.00160453,0.00160481,0.00160892,628.094,0.00041
19.455,6399640.0,4888670.0,4641580.0,1195650.0,8.28004e-07,8.20131e-07,0.00160414,0.0,0.00160415,0.00160442,0.00160853,628.094,0.000409
19.46,6402900.0,4885370.0,4638500.0,1195590.0,8.28212e-07,8.2034e-07,0.00160343,0.0,0.00160345,0.00160372,0.00160783,630.244,0.000408
19.465,6431150.0,4899810.0,4651990.0,1195860.0,8.30014e-07,8.22152e-07,0.00160648,0.0,0.00160652,0.00160679,0.00161092,630.252,0.000407
19.47,6433430.0,4895720.0,4648170.0,1195780.0,8.30159e-07,8.22297e-07,0.00160561,0.0,0.00160565,0.00160592,0.00161004,630.277,0.000406
19.475,6436030.0,4891820.0,4644520.0,1195710.0,8.30324e-07,8.22464e-07,0.00160477,0.0,0.00160482,0.00160509,0.0016092,630.277,0.000405
19.48,6438430.0,4887750.0,4640720.0,1195630.0,8.30477e-07,8.22618e-07,0.0016039,0.0,0.00160396,0.00160423,0.00160833,628.43,0.000404
19.485,6418410.0,4867770.0,4622050.0,1195260.0,8.29202e-07,8.21335e-07,0.00159966,0.0,0.00159971,0.00159998,0.00160405,628.642,0.000403
19.49,6420730.0,4863610.0,4618160.0,1195180.0,8.2935e-07,8.21484e-07,0.00159876,0.0,0.00159882,0.00159909,0.00160316,629.289,0.000402
19.495,6430910.0,4864930.0,4619400.0,1195210.0,8.29999e-07,8.22136e-07,0.00159904,0.0,0.0015991,0.00159937,0.00160344,629.289,0.000401
19.5,6435840.0,4862520.0,4617150.0,1195160.0,8.30312e-07,8.22452e-07,0.00159852,0.0,0.00159859,0.00159886,0.00160293,627.636,0.0004
19.505,6418200.0,4844200.0,4600030.0,1194820.0,8.29189e-07,8.21322e-07,0.00159461,0.0,0.00159468,0.00159495,0.00159899,628.203,0.000399
19.51,6420590.0,4839960.0,4596060.0,1194740.0,8.29341e-07,8.21475e-07,0.0015937,0.0,0.00159378,0.00159404,0.00159807,629.929,0.000398
19.515,6443910.0,4850330.0,4605750.0,1194940.0,8.30826e-07,8.22968e-07,0.0015959,0.0,0.00159599,0.00159626,0.00160031,629.929,0.000397
19.52,6453190.0,4850820.0,4606210.0,1194940.0,8.31417e-07,8.23562e-07,0.00159599,0.0,0.0015961,0.00159636,0.00160041,629.133,0.000396
19.525,6445980.0,4839730.0,4595850.0,1194740.0,8.30958e-07,8.23101e-07,0.00159362,0.0,0.00159373,0.00159399,0.00159803,629.14,0.000395
19.53,6448430.0,4835360.0,4591770.0,1194650.0,8.31114e-07,8.23258e-07,0.00159268,0.0,0.00159279,0.00159306,0.00159709,629.16,0.000394
19.535,6451140.0,4831140.0,4587820.0,1194580.0,8.31286e-07,8.23431e-07,0.00159177,0.0,0.00159189,0.00159216,0.00159618,629.16,0.000393
19.54,6453700.0,4826790.0,4583750.0,1194490.0,8.31449e-07,8.23595e-07,0.00159084,0.0,0.00159096,0.00159122,0.00159524,628.345,0.000392
19.545,6446300.0,4815470.0,4573180.0,1194280.0,8.30979e-07,8.23122e-07,0.00158841,0.0,0.00158854,0.0015888,0.00159279,629.334,0.000391
19.55,6448810.0,4811020.0,4569020.0,1194200.0,8.31138e-07,8.23282e-07,0.00158745,0.0,0.00158758,0.00158784,0.00159183,632.351,0.00039
19.555,6488010.0,4831880.0,4588520.0,1194590.0,8.33627e-07,8.25785e-07,0.0015919,0.0,0.00159205,0.00159231,0.00159633,632.351,0.000389
19.56,6502580.0,4835660.0,4592050.0,1194660.0,8.34552e-07,8.26715e-07,0.0015927,0.0,0.00159286,0.00159312,0.00159715,628.808,0.000388
19.565,6462070.0,4801380.0,4560010.0,1194010.0,8.31981e-07,8.2413e-07,0.00158536,0.0,0.00158551,0.00158577,0.00158975,628.804,0.000387
19.57,6464640.0,4796820.0,4555750.0,1193930.0,8.32144e-07,8.24294e-07,0.00158437,0.0,0.00158453,0.00158479,0.00158876,628.791,0.000386
19.575,6467070.0,4792120.0,4551360.0,1193840.0,8.32299e-07,8.24449e-07,0.00158336,0.0,0.00158352,0.00158378,0.00158774,628.791,0.000385
19.58,6469620.0,4787470.0,4547020.0,1193750.0,8.32461e-07,8.24612e-07,0.00158235,0.0,0.00158252,0.00158278,0.00158673,627.48,0.000384
19.585,6456300.0,4771910.0,4532480.0,1193460.0,8.31614e-07,8.23761e-07,0.001579,0.0,0.00157917,0.00157943,0.00158336,628.103,0.000383
19.59,6458930.0,4767260.0,4528130.0,1193370.0,8.31781e-07,8.23929e-07,0.00157799,0.0,0.00157817,0.00157843,0.00158235,630.002,0.000382
19.595,6484710.0,4778350.0,4538490.0,1193580.0,8.33418e-07,8.25575e-07,0.00158036,0.0,0.00158055,0.00158082,0.00158475,630.002,0.000381
19.6,6494970.0,4778800.0,4538910.0,1193590.0,8.34069e-07,8.2623e-07,0.00158045,0.0,0.00158065,0.00158091,0.00158485,626.829,0.00038
19.605,6459000.0,4747750.0,4509900.0,1193000.0,8.31786e-07,8.23934e-07,0.00157376,0.0,0.00157395,0.00157421,0.0015781,627.125,0.000379
19.61,6461700.0,4743010.0,4505470.0,1192910.0,8.31957e-07,8.24106e-07,0.00157272,0.0,0.00157292,0.00157318,0.00157706,628.028,0.000378
19.615,6475420.0,4745670.0,4507960.0,1192960.0,8.32829e-07,8.24983e-07,0.00157329,0.0,0.0015735,0.00157376,0.00157765,628.028,0.000377
19.62,6481760.0,4743310.0,4505750.0,1192910.0,8.33232e-07,8.25388e-07,0.00157277,0.0,0.00157299,0.00157324,0.00157713,628.336,0.000376
19.625,6488280.0,4740990.0,4503580.0,1192870.0,8.33645e-07,8.25803e-07,0.00157226,0.0,0.00157249,0.00157274,0.00157662,628.622,0.000375
19.63,6491050.0,4736120.0,4499030.0,1192780.0,8.33821e-07,8.2598e-07,0.0015712,0.0,0.00157143,0.00157169,0.00157556,629.494,0.000374
19.635,6504490.0,4738360.0,4501120.0,1192820.0,8.34672e-07,8.26836e-07,0.00157167,0.0,0.00157192,0.00157217,0.00157605,629.494,0.000373
19.64,6510790.0,4735760.0,4498700.0,1192770.0,8.35072e-07,8.27238e-07,0.0015711,0.0,0.00157135,0.00157161,0.00157548,629.635,0.000372
19.645,6515360.0,4731940.0,4495130.0,1192700.0,8.35361e-07,8.27529e-07,0.00157026,0.0,0.00157052,0.00157078,0.00157465,629.874,0.000371
19.65,6518210.0,4726940.0,4490450.0,1192600.0,8.35541e-07,8.2771e-07,0.00156917,0.0,0.00156944,0.0015697,0.00157355,630.601,0.00037
19.655,6529980.0,4727820.0,4491280.0,1192620.0,8.36285e-07,8.28458e-07,0.00156936,0.0,0.00156963,0.00156989,0.00157375,630.601,0.000369
19.66,6535780.0,4724700.0,4488360.0,1192560.0,8.36652e-07,8.28827e-07,0.00156867,0.0,0.00156895,0.00156921,0.00157306,630.78,0.000368
19.665,6540890.0,4721050.0,4484950.0,1192490.0,8.36975e-07,8.29152e-07,0.00156787,0.0,0.00156816,0.00156842,0.00157227,630.98,0.000367
19.67,6543820.0,4715910.0,4480150.0,1192390.0,8.3716e-07,8.29338e-07,0.00156675,0.0,0.00156705,0.0015673,0.00157114,631.587,0.000366
19.675,6554220.0,4715660.0,4479920.0,1192380.0,8.37816e-07,8.29998e-07,0.00156668,0.0,0.00156699,0.00156725,0.00157109,631.587,0.000365
19.68,6559630.0,4712080.0,4476570.0,1192320.0,8.38158e-07,8.30341e-07,0.0015659,0.0,0.00156621,0.00156647,0.0015703,632.055,0.000364
19.685,6568360.0,4710620.0,4475200.0,1192290.0,8.38709e-07,8.30895e-07,0.00156557,0.0,0.00156589,0.00156615,0.00156998,632.069,0.000363
19.69,6571370.0,4705350.0,4470280.0,1192190.0,8.38898e-07,8.31086e-07,0.00156441,0.0,0.00156475,0.001565,0.00156883,632.112,0.000362
19.695,6574930.0,4700380.0,4465640.0,1192090.0,8.39123e-07,8.31312e-07,0.00156333,0.0,0.00156367,0.00156392,0.00156774,632.112,0.000361
19.7,6578160.0,4695160.0,4460760.0,1191990.0,8.39326e-07,8.31516e-07,0.00156218,0.0,0.00156253,0.00156278,0.00156659,620.856,0.00036
19.705,6443200.0,4599530.0,4371400.0,1190130.0,8.30781e-07,8.22923e-07,0.00154125,0.0,0.00154155,0.00154179,0.00154546,622.425,0.000359
19.71,6446240.0,4594290.0,4366500.0,1190030.0,8.30974e-07,8.23117e-07,0.00154009,0.0,0.00154039,0.00154063,0.00154429,627.209,0.000358
19.715,6507970.0,4627190.0,4397240.0,1190670.0,8.3489e-07,8.27055e-07,0.00154731,0.0,0.00154764,0.00154789,0.0015516,627.209,0.000357
19.72,6530310.0,4634350.0,4403940.0,1190810.0,8.36307e-07,8.2848e-07,0.00154887,0.0,0.00154922,0.00154947,0.00155319,628.583,0.000356
19.725,6550330.0,4639870.0,4409090.0,1190920.0,8.37571e-07,8.29751e-07,0.00155007,0.0,0.00155043,0.00155068,0.00155441,627.896,0.000355
19.73,6553480.0,4634400.0,4403980.0,1190810.0,8.3777e-07,8.29952e-07,0.00154886,0.0,0.00154923,0.00154948,0.0015532,625.801,0.000354
19.735,6530900.0,4612260.0,4383290.0,1190380.0,8.36343e-07,8.28517e-07,0.00154399,0.0,0.00154436,0.0015446,0.00154829,625.801,0.000353
19.74,6525640.0,4601300.0,4373050.0,1190170.0,8.36011e-07,8.28183e-07,0.00154157,0.0,0.00154194,0.00154218,0.00154585,626.842,0.000352
19.745,6541650.0,4604000.0,4375570.0,1190220.0,8.37023e-07,8.292e-07,0.00154215,0.0,0.00154254,0.00154278,0.00154645,626.773,0.000351
19.75,6544880.0,4598420.0,4370360.0,1190110.0,8.37227e-07,8.29405e-07,0.00154091,0.0,0.00154131,0.00154155,0.00154521,626.562,0.00035
19.755,6545540.0,4591140.0,4363560.0,1189970.0,8.37269e-07,8.29447e-07,0.0015393,0.0,0.0015397,0.00153994,0.00154359,626.562,0.000349
19.76,6547960.0,4584960.0,4357780.0,1189850.0,8.37422e-07,8.29601e-07,0.00153792,0.0,0.00153833,0.00153857,0.00154222,628.774,0.000348
19.765,6578530.0,4596660.0,4368710.0,1190080.0,8.39349e-07,8.31539e-07,0.00154049,0.0,0.00154092,0.00154116,0.00154482,628.418,0.000347
19.77,6581850.0,4590920.0,4363350.0,1189960.0,8.39559e-07,8.3175e-07,0.00153922,0.0,0.00153965,0.00153989,0.00154354,627.33,0.000346
19.775,6571790.0,4576640.0,4350010.0,1189680.0,8.38925e-07,8.31113e-07,0.00153605,0.0,0.00153649,0.00153673,0.00154036,627.33,0.000345
19.78,6570760.0,4568070.0,4341990.0,1189520.0,8.3886e-07,8.31047e-07,0.00153415,0.0,0.00153459,0.00153483,0.00153845,627.156,0.000344
19.785,6572000.0,4560880.0,4335280.0,1189370.0,8.38938e-07,8.31126e-07,0.00153255,0.0,0.00153299,0.00153323,0.00153684,627.469,0.000343
19.79,6575400.0,4555040.0,4329820.0,1189260.0,8.39152e-07,8.31341e-07,0.00153124,0.0,0.00153169,0.00153193,0.00153553,628.425,0.000342
19.795,6590650.0,4556570.0,4331250.0,1189290.0,8.40112e-07,8.32307e-07,0.00153157,0.0,0.00153203,0.00153227,0.00153587,628.425,0.000341
19.8,6597980.0,4553070.0,4327980.0,1189220.0,8.40574e-07,8.32771e-07,0.00153078,0.0,0.00153126,0.00153149,0.00153509,628.44,0.00034
19.805,6601650.0,4547210.0,4322500.0,1189100.0,8.40805e-07,8.33003e-07,0.00152947,0.0,0.00152995,0.00153019,0.00153378,628.406,0.000339
19.81,6605160.0,4541210.0,4316900.0,1188980.0,8.41025e-07,8.33225e-07,0.00152813,0.0,0.00152862,0.00152885,0.00153243,628.301,0.000338
19.815,6607400.0,4534350.0,4310490.0,1188850.0,8.41166e-07,8.33366e-07,0.00152659,0.0,0.00152709,0.00152732,0.00153089,628.301,0.000337
19.82,6610520.0,4528020.0,4304570.0,1188720.0,8.41362e-07,8.33563e-07,0.00152517,0.0,0.00152568,0.00152591,0.00152947,627.959,0.000336
19.825,6609870.0,4519280.0,4296400.0,1188550.0,8.41321e-07,8.33522e-07,0.00152321,0.0,0.00152372,0.00152396,0.00152751,628.121,0.000335
19.83,6613460.0,4513140.0,4290660.0,1188430.0,8.41547e-07,8.33749e-07,0.00152183,0.0,0.00152235,0.00152259,0.00152612,628.617,0.000334
19.835,6623240.0,4510740.0,4288420.0,1188380.0,8.42161e-07,8.34367e-07,0.00152129,0.0,0.00152182,0.00152205,0.00152558,628.617,0.000333
19.84,6628900.0,4505770.0,4283770.0,1188280.0,8.42517e-07,8.34724e-07,0.00152016,0.0,0.0015207,0.00152094,0.00152446,630.464,0.000332
19.845,6655510.0,4513560.0,4291060.0,1188440.0,8.44185e-07,8.36401e-07,0.00152189,0.0,0.00152245,0.00152268,0.00152622,630.917,0.000331
19.85,6659210.0,4507240.0,4285150.0,1188310.0,8.44417e-07,8.36635e-07,0.00152047,0.0,0.00152103,0.00152127,0.0015248,632.298,0.00033
19.855,6680120.0,4511330.0,4288980.0,1188390.0,8.45725e-07,8.3795e-07,0.00152137,0.0,0.00152195,0.00152218,0.00152572,632.298,0.000329
19.86,6689510.0,4508350.0,4286190.0,1188330.0,8.46312e-07,8.3854e-07,0.00152069,0.0,0.00152128,0.00152151,0.00152505,628.185,0.000328
19.865,6642180.0,4470820.0,4251120.0,1187580.0,8.4335e-07,8.35562e-07,0.00151229,0.0,0.00151286,0.00151309,0.00151657,628.626,0.000327
19.87,6645980.0,4464390.0,4245110.0,1187450.0,8.43588e-07,8.35801e-07,0.00151083,0.0,0.00151141,0.00151164,0.00151511,629.97,0.000326
19.875,6666540.0,4468000.0,4248480.0,1187530.0,8.44875e-07,8.37095e-07,0.00151163,0.0,0.00151223,0.00151245,0.00151593,629.97,0.000325
19.88,6675880.0,4464780.0,4245470.0,1187460.0,8.4546e-07,8.37683e-07,0.00151089,0.0,0.0015115,0.00151173,0.0015152,631.863,0.000324
19.885,6700370.0,4470580.0,4250890.0,1187580.0,8.46991e-07,2.39091e-06,0.00151372,0.0,0.00151281,0.00151303,0.00151651,631.863,0.000323
19.89,6700550.0,4461680.0,4242580.0,1187400.0,8.47002e-07,4.34423e-06,0.00151365,0.0,0.0015108,0.00151103,0.00151449,631.781,0.000322
19.895,6700670.0,4452700.0,4234180.0,1187220.0,8.47009e-07,5.81711e-06,0.00151308,0.0,0.00150878,0.00150901,0.00151245,631.884,0.000321
19.9,6700790.0,4443690.0,4225760.0,1187040.0,8.47016e-07,7.8245e-06,0.00151303,0.0,0.00150674,0.00150697,0.00151041,632.484,0.00032
19.905,6701070.0,4434720.0,4217380.0,1186860.0,8.47034e-07,1.36678e-05,0.0015168,0.0,0.00150472,0.00150494,0.00150836,632.484,0.000319
19.91,6701180.0,4425610.0,4208870.0,1186670.0,8.47041e-07,1.63711e-05,0.00151742,0.0,0.00150265,0.00150288,0.00150629,630.023,0.000318
19.915,6700420.0,4415940.0,4199830.0,1186470.0,8.46994e-07,2.8802e-06,0.00150182,0.0,0.00150046,0.00150069,0.00150408,629.307,0.000317
19.92,6700610.0,4406800.0,4191290.0,1186290.0,8.47005e-07,4.90575e-06,0.00150175,0.0,0.00149839,0.00149861,0.00150199,626.5,0.000316
19.925,6675880.0,4382960.0,4169010.0,1185800.0,8.45459e-07,1.66431e-06,0.00149311,0.0,0.00149296,0.00149318,0.00149653,626.5,0.000315
19.93,6672640.0,4371750.0,4158540.0,1185570.0,8.45257e-07,8.37479e-07,0.00148973,0.0,0.00149041,0.00149063,0.00149396,630.789,0.000314
19.935,6701170.0,4379070.0,4165380.0,1185720.0,8.4704e-07,1.6044e-05,0.00150648,0.0,0.00149208,0.0014923,0.00149564,630.654,0.000313
19.94,6701250.0,4369690.0,4156610.0,1185530.0,8.47045e-07,1.81759e-05,0.00150645,0.0,0.00148993,0.00149015,0.00149348,630.122,0.000312
19.945,6701200.0,4360180.0,4147720.0,1185340.0,8.47042e-07,1.69353e-05,0.00150304,0.0,0.00148776,0.00148798,0.00149129,630.122,0.000311
19.95,6701250.0,4350690.0,4138850.0,1185140.0,8.47045e-07,1.82292e-05,0.00150215,0.0,0.00148559,0.00148581,0.00148911,627.764,0.00031
19.955,6700640.0,4340760.0,4129570.0,1184940.0,8.47007e-07,5.43324e-06,0.00148716,0.0,0.00148331,0.00148353,0.00148682,627.664,0.000309
19.96,6700770.0,4331230.0,4120670.0,1184740.0,8.47015e-07,7.58991e-06,0.00148711,0.0,0.00148112,0.00148134,0.00148461,627.271,0.000308
19.965,6700760.0,4321560.0,4111630.0,1184540.0,8.47015e-07,7.28743e-06,0.00148458,0.0,0.0014789,0.00147912,0.00148238,627.271,0.000307
19.97,6700850.0,4311910.0,4102620.0,1184340.0,8.4702e-07,8.84595e-06,0.0014839,0.0,0.00147668,0.00147689,0.00148014,628.047,0.000306
19.975,6701170.0,4302350.0,4093680.0,1184150.0,8.4704e-07,1.59972e-05,0.00148878,0.0,0.00147447,0.00147469,0.00147792,627.889,0.000305
19.98,6701250.0,4292610.0,4084580.0,1183940.0,8.47045e-07,1.82352e-05,0.00148875,0.0,0.00147222,0.00147244,0.00147565,627.27,0.000304
19.985,6701190.0,4282730.0,4075340.0,1183740.0,8.47041e-07,1.65404e-05,0.00148478,0.0,0.00146994,0.00147015,0.00147335,627.27,0.000303
19.99,6701230.0,4272880.0,4066140.0,1183530.0,8.47044e-07,1.77983e-05,0.00148374,0.0,0.00146766,0.00146787,0.00147106,632.038,0.000302
19.995,6702160.0,4263470.0,4057340.0,1183340.0,8.47102e-07,5.06385e-05,0.00151416,0.0,0.00146547,0.00146568,0.00146886,630.15,0.000301
20.0,6702220.0,4253540.0,4048060.0,1183130.0,8.47106e-07,5.29454e-05,0.00151414,0.0,0.00146317,0.00146338,0.00146654,622.749,0.0003
20.005,6689480.0,4246370.0,4041370.0,1182980.0,8.4631e-07,1.14304e-05,0.00147125,0.0,0.0014615,0.00146171,0.00146486,622.749,0.0003
20.01,6686230.0,4244550.0,4039660.0,1182940.0,8.46107e-07,8.38334e-07,0.00146031,0.0,0.00146108,0.00146128,0.00146443,625.341,0.0003
20.015,6700910.0,4252800.0,4047370.0,1183110.0,8.47024e-07,1.00924e-05,0.00147141,0.0,0.001463,0.0014632,0.00146637,626.66,0.0003
20.02,6700910.0,4252800.0,4047370.0,1183110.0,8.47024e-07,1.00924e-05,0.00147141,0.0,0.001463,0.0014632,0.00146637,631.829,0.0003
20.025,6701930.0,4253370.0,4047910.0,1183120.0,8.47087e-07,4.31653e-05,0.00150439,0.0,0.00146313,0.00146334,0.0014665,631.829,0.0003
20.03,6702180.0,4253520.0,4048040.0,1183130.0,8.47104e-07,5.16035e-05,0.0015128,0.0,0.00146316,0.00146337,0.00146653,629.762,0.0003
20.035,6701840.0,4253320.0,4047860.0,1183120.0,8.47082e-07,3.83473e-05,0.00149959,0.0,0.00146312,0.00146333,0.00146649,629.427,0.0003
20.04,6701840.0,4253320.0,4047860.0,1183120.0,8.47082e-07,3.83473e-05,0.00149959,0.0,0.00146312,0.00146333,0.00146649,628.114,0.0003
20.045,6701610.0,4253200.0,4047740.0,1183120.0,8.47068e-07,2.99307e-05,0.00149121,0.0,0.00146309,0.0014633,0.00146646,628.114,0.0003
20.05,6701560.0,4253160.0,4047710.0,1183120.0,8.47064e-07,2.77833e-05,0.00148907,0.0,0.00146308,0.00146329,0.00146645,625.684,0.0003
20.055,6701010.0,4252860.0,4047430.0,1183110.0,8.4703e-07,1.22717e-05,0.00147359,0.0,0.00146301,0.00146322,0.00146638,625.951,0.0003
20.06,6701010.0,4252860.0,4047430.0,1183110.0,8.4703e-07,1.22717e-05,0.00147359,0.0,0.00146301,0.00146322,0.00146638,626.997,0.0003
20.065,6701270.0,4253000.0,4047560.0,1183120.0,8.47046e-07,1.89371e-05,0.00148024,0.0,0.00146304,0.00146325,0.00146641,626.997,0.0003
20.07,6701330.0,4253040.0,4047600.0,1183120.0,8.4705e-07,2.06377e-05,0.00148194,0.0,0.00146305,0.00146326,0.00146642,626.106,0.0003
20.075,6701130.0,4252920.0,4047490.0,1183120.0,8.47037e-07,1.49549e-05,0.00147627,0.0,0.00146302,0.00146323,0.00146639,626.596,0.0003
20.08,6701130.0,4252920.0,4047490.0,1183120.0,8.47037e-07,1.49549e-05,0.00147627,0.0,0.00146302,0.00146323,0.00146639,628.515,0.0003
20.085,6701530.0,4253150.0,4047700.0,1183120.0,8.47062e-07,2.72238e-05,0.00148851,0.0,0.00146308,0.00146328,0.00146645,628.515,0.0003
20.09,6701630.0,4253200.0,4047750.0,1183120.0,8.47069e-07,3.03541e-05,0.00149163,0.0,0.00146309,0.0014633,0.00146646,624.838,0.0003
20.095,6700740.0,4252700.0,4047280.0,1183110.0,8.47013e-07,6.91011e-06,0.00146823,0.0,0.00146297,0.00146318,0.00146634,625.054,0.0003
20.1,6700740.0,4252700.0,4047280.0,1183110.0,8.47013e-07,6.91011e-06,0.00146823,0.0,0.00146297,0.00146318,0.00146634,625.902,0.0003
20.105,6701010.0,4252850.0,4047420.0,1183110.0,8.4703e-07,1.22843e-05,0.0014736,0.0,0.00146301,0.00146322,0.00146638,625.902,0.0003
20.11,6701070.0,4252890.0,4047460.0,1183120.0,8.47034e-07,1.36555e-05,0.00147497,0.0,0.00146302,0.00146323,0.00146639,630.03,0.0003
20.115,6701880.0,4253350.0,4047890.0,1183130.0,8.47085e-07,4.00677e-05,0.00150131,0.0,0.00146312,0.00146333,0.00146649,629.778,0.0003
20.12,6701880.0,4253350.0,4047890.0,1183130.0,8.47085e-07,4.00677e-05,0.00150131,0.0,0.00146312,0.00146333,0.00146649,628.79,0.0003
20.125,6701720.0,4253250.0,4047800.0,1183120.0,8.47074e-07,3.37303e-05,0.00149499,0.0,0.0014631,0.00146331,0.00146647,628.79,0.0003
20.13,6701680.0,4253230.0,4047780.0,1183120.0,8.47072e-07,3.21133e-05,0.00149338,0.0,0.0014631,0.0014633,0.00146647,630.565,0.0003
20.135,6701970.0,4253400.0,4047930.0,1183130.0,8.4709e-07,4.3499e-05,0.00150473,0.0,0.00146313,0.00146334,0.0014665,630.018,0.0003
20.14,6701970.0,4253400.0,4047930.0,1183130.0,8.4709e-07,4.3499e-05,0.00150473,0.0,0.00146313,0.00146334,0.0014665,627.875,0.0003
20.145,6701610.0,4253190.0,4047740.0,1183120.0,8.47067e-07,2.97586e-05,0.00149103,0.0,0.00146309,0.00146329,0.00146646,627.875,0.0003
20.15,6701510.0,4253140.0,4047690.0,1183120.0,8.47061e-07,2.62529e-05,0.00148754,0.0,0.00146307,0.00146328,0.00146644,628.367,0.0003
20.155,6701600.0,4253190.0,4047740.0,1183120.0,8.47067e-07,2.94048e-05,0.00149068,0.0,0.00146309,0.00146329,0.00146646,627.936,0.0003
20.16,6701600.0,4253190.0,4047740.0,1183120.0,8.47067e-07,2.94048e-05,0.00149068,0.0,0.00146309,0.00146329,0.00146646,626.247,0.0003
20.165,6701250.0,4252990.0,4047550.0,1183120.0,8.47045e-07,1.86074e-05,0.00147991,0.0,0.00146304,0.00146325,0.00146641,626.247,0.0003
20.17,6701160.0,4252940.0,4047510.0,1183120.0,8.4704e-07,1.58526e-05,0.00147717,0.0,0.00146303,0.00146324,0.0014664,626.944,0.0003
20.175,6701320.0,4253030.0,4047590.0,1183120.0,8.4705e-07,2.02998e-05,0.0014816,0.0,0.00146305,0.00146326,0.00146642,627.316,0.0003
20.18,6701320.0,4253030.0,4047590.0,1183120.0,8.4705e-07,2.02998e-05,0.0014816,0.0,0.00146305,0.00146326,0.00146642,628.773,0.0003
20.185,6701600.0,4253190.0,4047740.0,1183120.0,8.47067e-07,2.96247e-05,0.0014909,0.0,0.00146309,0.00146329,0.00146646,628.773,0.0003
20.19,6701670.0,4253230.0,4047770.0,1183120.0,8.47072e-07,3.20038e-05,0.00149327,0.0,0.0014631,0.0014633,0.00146646,627.371,0.0003
20.195,6701410.0,4253080.0,4047640.0,1183120.0,8.47055e-07,2.30283e-05,0.00148432,0.0,0.00146306,0.00146327,0.00146643,628.472,0.0003
20.2,6701410.0,4253080.0,4047640.0,1183120.0,8.47055e-07,2.30283e-05,0.00148432,0.0,0.00146306,0.00146327,0.00146643,632.786,0.0003
20.205,6702160.0,4253500.0,4048030.0,1183130.0,8.47102e-07,5.06881e-05,0.00151189,0.0,0.00146316,0.00146337,0.00146653,632.786,0.0003
20.21,6702340.0,4253610.0,4048130.0,1183130.0,8.47114e-07,5.77453e-05,0.00151892,0.0,0.00146318,0.00146339,0.00146655,625.802,0.0003
20.215,6701050.0,4252880.0,4047450.0,1183120.0,8.47032e-07,1.30203e-05,0.00147434,0.0,0.00146301,0.00146322,0.00146638,626.845,0.0003
20.22,6701050.0,4252880.0,4047450.0,1183120.0,8.47032e-07,1.30203e-05,0.00147434,0.0,0.00146301,0.00146322,0.00146638,630.931,0.0003
20.225,6701830.0,4253320.0,4047860.0,1183130.0,8.47082e-07,3.91745e-05,0.00150041,0.0,0.00146312,0.00146332,0.00146649,630.931,0.0003
20.23,6702040.0,4253430.0,4047960.0,1183130.0,8.47094e-07,4.58474e-05,0.00150707,0.0,0.00146314,0.00146335,0.00146651,625.196,0.0003
20.235,6700870.0,4252780.0,4047350.0,1183110.0,8.47021e-07,9.17467e-06,0.00147049,0.0,0.00146299,0.0014632,0.00146636,626.034,0.0003
20.24,6700870.0,4252780.0,4047350.0,1183110.0,8.47021e-07,9.17468e-06,0.00147049,0.0,0.00146299,0.0014632,0.00146636,629.316,0.0003
20.245,6701580.0,4253180.0,4047730.0,1183120.0,8.47066e-07,3.01408e-05,0.00149141,0.0,0.00146308,0.00146329,0.00146645,629.316,0.0003
20.25,6701770.0,4253280.0,4047820.0,1183130.0,8.47077e-07,3.549e-05,0.00149675,0.0,0.00146311,0.00146332,0.00146648,631.553,0.0003
20.255,6702140.0,4253490.0,4048020.0,1183130.0,8.47101e-07,4.98352e-05,0.00151104,0.0,0.00146316,0.00146336,0.00146653,631.696,0.0003
20.26,6702140.0,4253490.0,4048020.0,1183130.0,8.47101e-07,4.98352e-05,0.00151104,0.0,0.00146316,0.00146336,0.00146653,632.255,0.0003
20.265,6702230.0,4253540.0,4048070.0,1183130.0,8.47106e-07,5.34235e-05,0.00151462,0.0,0.00146317,0.00146338,0.00146654,632.255,0.0003
20.27,6702260.0,4253560.0,4048080.0,1183130.0,8.47108e-07,5.43391e-05,0.00151553,0.0,0.00146317,0.00146338,0.00146654,625.787,0.0003
20.275,6701040.0,4252870.0,4047440.0,1183120.0,8.47032e-07,1.29234e-05,0.00147424,0.0,0.00146301,0.00146322,0.00146638,626.435,0.0003
20.28,6701040.0,4252870.0,4047440.0,1183120.0,8.47032e-07,1.29234e-05,0.00147424,0.0,0.00146301,0.00146322,0.00146638,628.973,0.0003
20.285,6701570.0,4253170.0,4047720.0,1183120.0,8.47065e-07,2.91498e-05,0.00149042,0.0,0.00146308,0.00146329,0.00146645,628.973,0.0003
20.29,6701710.0,4253250.0,4047790.0,1183130.0,8.47074e-07,3.32898e-05,0.00149455,0.0,0.0014631,0.00146331,0.00146647,629.411,0.0003
20.295,6701780.0,4253290.0,4047830.0,1183130.0,8.47078e-07,3.60953e-05,0.00149735,0.0,0.00146311,0.00146332,0.00146648,629.665,0.0003
20.3,6701780.0,4253290.0,4047830.0,1183130.0,8.47078e-07,3.60953e-05,0.00149735,0.0,0.00146311,0.00146332,0.00146648,630.663,0.0003
20.305,6701950.0,4253380.0,4047920.0,1183130.0,8.47089e-07,4.24943e-05,0.00150372,0.0,0.00146313,0.00146334,0.0014665,630.663,0.0003
20.31,6701990.0,4253410.0,4047940.0,1183130.0,8.47091e-07,4.41269e-05,0.00150535,0.0,0.00146314,0.00146335,0.00146651,629.58,0.0003
20.315,6701810.0,4253310.0,4047850.0,1183130.0,8.4708e-07,3.71791e-05,0.00149843,0.0,0.00146311,0.00146332,0.00146648,629.478,0.0003
20.32,6701810.0,4253310.0,4047850.0,1183130.0,8.4708e-07,3.71791e-05,0.00149843,0.0,0.00146311,0.00146332,0.00146648,629.079,0.0003
20.325,6701740.0,4253270.0,4047810.0,1183130.0,8.47076e-07,3.46232e-05,0.00149588,0.0,0.0014631,0.00146331,0.00146647,629.079,0.0003
20.33,6701730.0,4253260.0,4047800.0,1183130.0,8.47075e-07,3.39711e-05,0.00149523,0.0,0.0014631,0.00146331,0.00146647,628.542,0.0003
20.335,6701630.0,4253210.0,4047750.0,1183120.0,8.47069e-07,3.05266e-05,0.0014918,0.0,0.00146309,0.0014633,0.00146646,628.151,0.0003
20.34,6701630.0,4253210.0,4047750.0,1183120.0,8.47069e-07,3.05266e-05,0.0014918,0.0,0.00146309,0.0014633,0.00146646,626.619,0.0003
20.345,6701330.0,4253040.0,4047590.0,1183120.0,8.4705e-07,2.07246e-05,0.00148203,0.0,0.00146305,0.00146326,0.00146642,626.619,0.0003
20.35,6701250.0,4252990.0,4047550.0,1183120.0,8.47045e-07,1.82237e-05,0.00147953,0.0,0.00146304,0.00146325,0.00146641,629.533,0.0003
20.355,6701800.0,4253300.0,4047840.0,1183130.0,8.4708e-07,3.68804e-05,0.00149813,0.0,0.00146311,0.00146332,0.00146648,629.64,0.0003
20.36,6701800.0,4253300.0,4047840.0,1183130.0,8.4708e-07,3.68804e-05,0.00149813,0.0,0.00146311,0.00146332,0.00146648,630.06,0.0003
20.365,6701870.0,4253340.0,4047880.0,1183130.0,8.47084e-07,3.95726e-05,0.00150081,0.0,0.00146312,0.00146333,0.00146649,630.06,0.0003
20.37,6701890.0,4253350.0,4047890.0,1183130.0,8.47085e-07,4.02595e-05,0.0015015,0.0,0.00146312,0.00146333,0.00146649,630.422,0.0003
20.375,6701950.0,4253390.0,4047920.0,1183130.0,8.47089e-07,4.25809e-05,0.00150381,0.0,0.00146313,0.00146334,0.0014665,630.027,0.0003
20.38,6701950.0,4253390.0,4047920.0,1183130.0,8.47089e-07,4.25809e-05,0.00150381,0.0,0.00146313,0.00146334,0.0014665,628.481,0.0003
20.385,6701690.0,4253240.0,4047780.0,1183130.0,8.47073e-07,3.26634e-05,0.00149393,0.0,0.0014631,0.00146331,0.00146647,628.481,0.0003
20.39,6701620.0,4253200.0,4047750.0,1183130.0,8.47068e-07,3.01331e-05,0.00149141,0.0,0.00146309,0.0014633,0.00146646,633.381,0.0003
20.395,6702440.0,4253660.0,4048180.0,1183140.0,8.4712e-07,6.15635e-05,0.00152273,0.0,0.0014632,0.0014634,0.00146657,632.382,0.0003
20.4,6702440.0,4253660.0,4048180.0,1183140.0,8.4712e-07,6.15635e-05,0.00152273,0.0,0.0014632,0.0014634,0.00146657,628.465,0.0003
20.405,6701790.0,4253290.0,4047840.0,1183130.0,8.47079e-07,3.64425e-05,0.00149769,0.0,0.00146311,0.00146332,0.00146648,628.465,0.0003
20.41,6701620.0,4253200.0,4047750.0,1183130.0,8.47068e-07,3.00332e-05,0.00149131,0.0,0.00146309,0.0014633,0.00146646,628.237,0.0003
20.415,6701580.0,4253180.0,4047730.0,1183130.0,8.47066e-07,2.85726e-05,0.00148985,0.0,0.00146308,0.00146329,0.00146645,627.771,0.0003
20.42,6701580.0,4253180.0,4047730.0,1183130.0,8.47066e-07,2.85726e-05,0.00148985,0.0,0.00146308,0.00146329,0.00146645,625.946,0.0003
20.425,6701190.0,4252960.0,4047520.0,1183120.0,8.47041e-07,1.69102e-05,0.00147822,0.0,0.00146303,0.00146324,0.0014664,625.946,0.0003
20.43,6701080.0,4252900.0,4047470.0,1183120.0,8.47035e-07,1.39347e-05,0.00147525,0.0,0.00146302,0.00146323,0.00146639,625.631,0.0003
20.435,6701000.0,4252850.0,4047420.0,1183120.0,8.47029e-07,1.19318e-05,0.00147325,0.0,0.00146301,0.00146322,0.00146638,627.203,0.0003
20.44,6701000.0,4252850.0,4047420.0,1183120.0,8.47029e-07,1.19318e-05,0.00147325,0.0,0.00146301,0.00146322,0.00146638,633.365,0.0003
20.445,6702150.0,4253500.0,4048030.0,1183130.0,8.47101e-07,5.13893e-05,0.00151258,0.0,0.00146316,0.00146337,0.00146653,633.365,0.0003
20.45,6702440.0,4253660.0,4048180.0,1183140.0,8.4712e-07,6.14564e-05,0.00152262,0.0,0.0014632,0.0014634,0.00146657,627.86,0.0003
20.455,6701510.0,4253140.0,4047690.0,1183120.0,8.47061e-07,2.61551e-05,0.00148744,0.0,0.00146307,0.00146328,0.00146644,627.182,0.0003
20.46,6701510.0,4253140.0,4047690.0,1183120.0,8.47061e-07,2.61551e-05,0.00148744,0.0,0.00146307,0.00146328,0.00146644,624.527,0.0003
20.465,6700790.0,4252740.0,4047310.0,1183120.0,8.47017e-07,9.26846e-06,0.00147058,0.0,0.00146298,0.00146319,0.00146635,624.527,0.0003
20.47,6700610.0,4252630.0,4047220.0,1183110.0,8.47005e-07,4.96003e-06,0.00146628,0.0,0.00146296,0.00146316,0.00146632,630.695,0.0003
20.475,6702000.0,4253410.0,4047950.0,1183130.0,8.47092e-07,4.43364e-05,0.00150556,0.0,0.00146314,0.00146335,0.00146651,631.116,0.0003
20.48,6702000.0,4253410.0,4047950.0,1183130.0,8.47092e-07,4.43364e-05,0.00150556,0.0,0.00146314,0.00146335,0.00146651,632.764,0.0003
20.485,6702270.0,4253570.0,4048090.0,1183130.0,8.47109e-07,5.49079e-05,0.00151609,0.0,0.00146317,0.00146338,0.00146654,632.764,0.0003
20.49,6702340.0,4253610.0,4048130.0,1183130.0,8.47113e-07,5.76051e-05,0.00151878,0.0,0.00146318,0.00146339,0.00146655,629.969,0.0003
20.495,6701870.0,4253340.0,4047880.0,1183130.0,8.47084e-07,3.96789e-05,0.00150092,0.0,0.00146312,0.00146333,0.00146649,630.091,0.0003
20.5,6701870.0,4253340.0,4047880.0,1183130.0,8.47084e-07,3.96789e-05,0.00150092,0.0,0.00146312,0.00146333,0.00146649,630.569,0.0003
20.505,6701950.0,4253390.0,4047920.0,1183130.0,8.47089e-07,4.2745e-05,0.00150397,0.0,0.00146313,0.00146334,0.0014665,630.569,0.0003
20.51,6701970.0,4253400.0,4047930.0,1183130.0,8.4709e-07,4.35273e-05,0.00150475,0.0,0.00146313,0.00146334,0.0014665,627.918,0.0003
20.515,6701520.0,4253140.0,4047700.0,1183130.0,8.47062e-07,2.65307e-05,0.00148782,0.0,0.00146307,0.00146328,0.00146644,627.264,0.0003
20.52,6701520.0,4253140.0,4047700.0,1183130.0,8.47062e-07,2.65307e-05,0.00148782,0.0,0.00146307,0.00146328,0.00146644,624.699,0.0003
20.525,6700850.0,4252770.0,4047350.0,1183120.0,8.4702e-07,1.02016e-05,0.00147151,0.0,0.00146299,0.0014632,0.00146636,624.699,0.0003
20.53,6700680.0,4252670.0,4047260.0,1183120.0,8.4701e-07,6.03544e-06,0.00146735,0.0,0.00146297,0.00146317,0.00146633,629.189,0.0003
20.535,6701740.0,4253270.0,4047810.0,1183130.0,8.47076e-07,3.46737e-05,0.00149593,0.0,0.0014631,0.00146331,0.00146647,628.118,0.0003
20.54,6701740.0,4253270.0,4047810.0,1183130.0,8.47076e-07,3.46737e-05,0.00149593,0.0,0.0014631,0.00146331,0.00146647,623.919,0.0003
20.545,6700500.0,4252570.0,4047160.0,1183110.0,8.46999e-07,8.02472e-06,0.00146931,0.0,0.00146294,0.00146315,0.00146631,623.919,0.0003
20.55,6700190.0,4252400.0,4047000.0,1183110.0,8.46979e-07,1.22552e-06,0.00146251,0.0,0.0014629,0.00146311,0.00146627,631.036,0.0003
20.555,6702050.0,4253440.0,4047980.0,1183130.0,8.47095e-07,4.65238e-05,0.00150774,0.0,0.00146314,0.00146335,0.00146651,630.241,0.0003
20.56,6702050.0,4253440.0,4047980.0,1183130.0,8.47095e-07,4.65238e-05,0.00150774,0.0,0.00146314,0.00146335,0.00146651,627.126,0.0003
20.565,6701500.0,4253130.0,4047690.0,1183130.0,8.47061e-07,2.65546e-05,0.00148784,0.0,0.00146307,0.00146328,0.00146644,627.126,0.0003
20.57,6701360.0,4253060.0,4047610.0,1183120.0,8.47052e-07,2.14596e-05,0.00148276,0.0,0.00146305,0.00146326,0.00146642,625.472,0.0003
20.575,6700950.0,4252830.0,4047400.0,1183120.0,8.47027e-07,1.09254e-05,0.00147224,0.0,0.001463,0.00146321,0.00146637,625.882,0.0003
20.58,6700950.0,4252830.0,4047400.0,1183120.0,8.47027e-07,1.09254e-05,0.00147224,0.0,0.001463,0.00146321,0.00146637,627.487,0.0003
20.585,6701340.0,4253040.0,4047600.0,1183120.0,8.47051e-07,2.11577e-05,0.00148246,0.0,0.00146305,0.00146326,0.00146642,627.487,0.0003
20.59,6701440.0,4253100.0,4047650.0,1183130.0,8.47057e-07,2.37684e-05,0.00148506,0.0,0.00146306,0.00146327,0.00146643,624.219,0.0003
20.595,6700440.0,4252540.0,4047130.0,1183110.0,8.46995e-07,3.04115e-06,0.00146435,0.0,0.00146293,0.00146314,0.0014663,624.748,0.0003
20.6,6700440.0,4252540.0,4047130.0,1183110.0,8.46995e-07,3.04115e-06,0.00146435,0.0,0.00146293,0.00146314,0.0014663,626.82,0.0003
20.605,6701120.0,4252920.0,4047490.0,1183120.0,8.47037e-07,1.61625e-05,0.00147747,0.0,0.00146302,0.00146323,0.00146639,626.82,0.0003
20.61,6701300.0,4253020.0,4047580.0,1183120.0,8.47048e-07,1.95103e-05,0.00148081,0.0,0.00146305,0.00146325,0.00146641,626.947,0.0003
20.615,6701320.0,4253030.0,4047590.0,1183120.0,8.4705e-07,2.03175e-05,0.00148162,0.0,0.00146305,0.00146326,0.00146642,627.393,0.0003
20.62,6701320.0,4253030.0,4047590.0,1183120.0,8.4705e-07,2.03176e-05,0.00148162,0.0,0.00146305,0.00146326,0.00146642,629.142,0.0003
20.625,6701650.0,4253220.0,4047770.0,1183130.0,8.4707e-07,3.15147e-05,0.00149278,0.0,0.00146309,0.0014633,0.00146646,629.142,0.0003
20.63,6701740.0,4253270.0,4047810.0,1183130.0,8.47076e-07,3.43715e-05,0.00149563,0.0,0.0014631,0.00146331,0.00146647,632.355,0.0003
20.635,6702270.0,4253570.0,4048090.0,1183140.0,8.47109e-07,5.4982e-05,0.00151617,0.0,0.00146317,0.00146338,0.00146654,631.046,0.0003
20.64,6702270.0,4253570.0,4048090.0,1183140.0,8.47109e-07,5.4982e-05,0.00151617,0.0,0.00146317,0.00146338,0.00146654,625.916,0.0003
20.645,6701320.0,4253030.0,4047590.0,1183120.0,8.4705e-07,2.21271e-05,0.00148342,0.0,0.00146305,0.00146326,0.00146642,625.916,0.0003
20.65,6701080.0,4252900.0,4047460.0,1183120.0,8.47034e-07,1.37446e-05,0.00147506,0.0,0.00146302,0.00146323,0.00146639,630.025,0.0003
20.655,6701880.0,4253350.0,4047890.0,1183130.0,8.47085e-07,4.00338e-05,0.00150127,0.0,0.00146312,0.00146333,0.00146649,629.656,0.0003
20.66,6701880.0,4253350.0,4047890.0,1183130.0,8.47085e-07,4.00339e-05,0.00150127,0.0,0.00146312,0.00146333,0.00146649,628.211,0.0003
20.665,6701640.0,4253210.0,4047760.0,1183130.0,8.47069e-07,3.07693e-05,0.00149204,0.0,0.00146309,0.0014633,0.00146646,628.211,0.0003
20.67,6701570.0,4253180.0,4047730.0,1183130.0,8.47065e-07,2.84055e-05,0.00148968,0.0,0.00146308,0.00146329,0.00146645,626.651,0.0003
20.675,6701260.0,4253000.0,4047560.0,1183120.0,8.47046e-07,1.84277e-05,0.00147973,0.0,0.00146304,0.00146325,0.00146641,626.647,0.0003
20.68,6701260.0,4253000.0,4047560.0,1183120.0,8.47046e-07,1.84278e-05,0.00147973,0.0,0.00146304,0.00146325,0.00146641,626.631,0.0003
20.685,6701250.0,4253000.0,4047560.0,1183120.0,8.47045e-07,1.8326e-05,0.00147963,0.0,0.00146304,0.00146325,0.00146641,626.631,0.0003
20.69,6701250.0,4253000.0,4047560.0,1183120.0,8.47045e-07,1.83e-05,0.00147961,0.0,0.00146304,0.00146325,0.00146641,627.64,0.0003
20.695,6701470.0,4253120.0,4047670.0,1183130.0,8.47059e-07,2.47482e-05,0.00148604,0.0,0.00146307,0.00146328,0.00146644,627.785,0.0003
20.7,6701470.0,4253120.0,4047670.0,1183130.0,8.47059e-07,2.47482e-05,0.00148604,0.0,0.00146307,0.00146328,0.00146644,628.353,0.0003
20.705,6701570.0,4253180.0,4047720.0,1183130.0,8.47065e-07,2.83858e-05,0.00148966,0.0,0.00146308,0.00146329,0.00146645,628.353,0.0003
20.71,6701600.0,4253190.0,4047740.0,1183130.0,8.47067e-07,2.93139e-05,0.00149059,0.0,0.00146308,0.00146329,0.00146645,630.49,0.0003
20.715,6701960.0,4253390.0,4047930.0,1183130.0,8.4709e-07,4.30187e-05,0.00150425,0.0,0.00146313,0.00146334,0.0014665,630.461,0.0003
20.72,6701960.0,4253390.0,4047930.0,1183130.0,8.4709e-07,4.30187e-05,0.00150425,0.0,0.00146313,0.00146334,0.0014665,630.349,0.0003
20.725,6701940.0,4253380.0,4047920.0,1183130.0,8.47088e-07,4.22963e-05,0.00150353,0.0,0.00146313,0.00146334,0.0014665,630.349,0.0003
20.73,6701940.0,4253380.0,4047920.0,1183130.0,8.47088e-07,4.2112e-05,0.00150334,0.0,0.00146313,0.00146334,0.0014665,632.311,0.0003
20.735,6702270.0,4253560.0,4048090.0,1183140.0,8.47109e-07,5.4698e-05,0.00151588,0.0,0.00146317,0.00146338,0.00146654,631.844,0.0003
20.74,6702270.0,4253560.0,4048090.0,1183140.0,8.47109e-07,5.4698e-05,0.00151588,0.0,0.00146317,0.00146338,0.00146654,630.014,0.0003
20.745,6701960.0,4253390.0,4047930.0,1183130.0,8.47089e-07,4.29606e-05,0.00150419,0.0,0.00146313,0.00146334,0.0014665,630.014,0.0003
20.75,6701880.0,4253350.0,4047890.0,1183130.0,8.47085e-07,3.99659e-05,0.0015012,0.0,0.00146312,0.00146333,0.00146649,632.678,0.0003
20.755,6702330.0,4253600.0,4048120.0,1183140.0,8.47112e-07,5.70541e-05,0.00151823,0.0,0.00146318,0.00146339,0.00146655,631.965,0.0003
20.76,6702330.0,4253600.0,4048120.0,1183140.0,8.47112e-07,5.70541e-05,0.00151823,0.0,0.00146318,0.00146339,0.00146655,629.17,0.0003
20.765,6701860.0,4253340.0,4047880.0,1183130.0,8.47083e-07,3.91292e-05,0.00150037,0.0,0.00146312,0.00146333,0.00146649,629.17,0.0003
20.77,6701740.0,4253270.0,4047810.0,1183130.0,8.47076e-07,3.45558e-05,0.00149581,0.0,0.0014631,0.00146331,0.00146647,630.506,0.0003
20.775,6701960.0,4253400.0,4047930.0,1183130.0,8.4709e-07,4.3123e-05,0.00150435,0.0,0.00146313,0.00146334,0.0014665,629.926,0.0003
20.78,6701960.0,4253400.0,4047930.0,1183130.0,8.4709e-07,4.3123e-05,0.00150435,0.0,0.00146313,0.00146334,0.0014665,627.654,0.0003
20.785,6701570.0,4253170.0,4047720.0,1183130.0,8.47065e-07,2.85564e-05,0.00148983,0.0,0.00146308,0.00146329,0.00146645,627.654,0.0003
20.79,6701470.0,4253120.0,4047670.0,1183130.0,8.47059e-07,2.48399e-05,0.00148613,0.0,0.00146307,0.00146328,0.00146644,632.895,0.0003
20.795,6702360.0,4253620.0,4048140.0,1183140.0,8.47115e-07,5.84423e-05,0.00151962,0.0,0.00146318,0.00146339,0.00146655,631.5,0.0003
20.8,6702360.0,4253620.0,4048140.0,1183140.0,8.47115e-07,5.84423e-05,0.00151962,0.0,0.00146318,0.00146339,0.00146655,626.035,0.0003
20.805,6701360.0,4253060.0,4047620.0,1183130.0,8.47052e-07,2.3433e-05,0.00148472,0.0,0.00146305,0.00146326,0.00146642,626.035,0.0003
20.81,6701110.0,4252910.0,4047480.0,1183120.0,8.47036e-07,1.45008e-05,0.00147581,0.0,0.00146302,0.00146323,0.00146639,628.172,0.0003
20.815,6701570.0,4253170.0,4047720.0,1183130.0,8.47065e-07,2.81574e-05,0.00148944,0.0,0.00146308,0.00146329,0.00146645,628.333,0.0003
20.82,6701570.0,4253170.0,4047720.0,1183130.0,8.47065e-07,2.81574e-05,0.00148944,0.0,0.00146308,0.00146329,0.00146645,628.962,0.0003
20.825,6701680.0,4253230.0,4047780.0,1183130.0,8.47072e-07,3.21922e-05,0.00149346,0.0,0.00146309,0.0014633,0.00146646,628.962,0.0003
20.83,6701710.0,4253250.0,4047800.0,1183130.0,8.47074e-07,3.32216e-05,0.00149448,0.0,0.0014631,0.00146331,0.00146647,626.934,0.0003
20.835,6701320.0,4253030.0,4047590.0,1183130.0,8.4705e-07,2.0238e-05,0.00148154,0.0,0.00146305,0.00146326,0.00146642,627.409,0.0003
20.84,6701320.0,4253030.0,4047590.0,1183130.0,8.4705e-07,2.0238e-05,0.00148154,0.0,0.00146305,0.00146326,0.00146642,629.269,0.0003
20.845,6701670.0,4253230.0,4047780.0,1183130.0,8.47071e-07,3.21469e-05,0.00149341,0.0,0.00146309,0.0014633,0.00146646,629.269,0.0003
20.85,6701760.0,4253280.0,4047820.0,1183130.0,8.47077e-07,3.51853e-05,0.00149644,0.0,0.00146311,0.00146331,0.00146647,626.395,0.0003
20.855,6701200.0,4252970.0,4047530.0,1183130.0,8.47042e-07,1.6798e-05,0.00147811,0.0,0.00146303,0.00146324,0.0014664,627.028,0.0003
20.86,6701200.0,4252970.0,4047530.0,1183130.0,8.47042e-07,1.6798e-05,0.00147811,0.0,0.00146303,0.00146324,0.0014664,629.508,0.0003
20.865,6701680.0,4253230.0,4047780.0,1183130.0,8.47072e-07,3.26706e-05,0.00149393,0.0,0.00146309,0.0014633,0.00146646,629.508,0.0003
20.87,6701800.0,4253300.0,4047840.0,1183130.0,8.47079e-07,3.67203e-05,0.00149797,0.0,0.00146311,0.00146332,0.00146648,631.668,0.0003
20.875,6702160.0,4253510.0,4048030.0,1183140.0,8.47102e-07,5.05753e-05,0.00151178,0.0,0.00146316,0.00146337,0.00146653,630.355,0.0003
20.88,6702160.0,4253510.0,4048030.0,1183140.0,8.47102e-07,5.05754e-05,0.00151178,0.0,0.00146316,0.00146337,0.00146653,625.208,0.0003
20.885,6701130.0,4252930.0,4047490.0,1183130.0,8.47038e-07,1.76489e-05,0.00147894,0.0,0.00146302,0.00146323,0.00146639,625.208,0.0003
20.89,6700870.0,4252780.0,4047360.0,1183120.0,8.47021e-07,9.24813e-06,0.00147057,0.0,0.00146299,0.0014632,0.00146636,629.017,0.0003
20.895,6701720.0,4253260.0,4047800.0,1183130.0,8.47074e-07,3.35701e-05,0.00149483,0.0,0.0014631,0.00146331,0.00146647,628.77,0.0003
20.9,6701720.0,4253260.0,4047800.0,1183130.0,8.47074e-07,3.35701e-05,0.00149483,0.0,0.0014631,0.00146331,0.00146647,627.801,0.0003
20.905,6701540.0,4253160.0,4047710.0,1183130.0,8.47063e-07,2.73643e-05,0.00148865,0.0,0.00146308,0.00146329,0.00146645,627.801,0.0003
20.91,6701500.0,4253130.0,4047690.0,1183130.0,8.47061e-07,2.57809e-05,0.00148707,0.0,0.00146307,0.00146328,0.00146644,630.805,0.0003
20.915,6702010.0,4253420.0,4047960.0,1183140.0,8.47093e-07,4.50412e-05,0.00150626,0.0,0.00146314,0.00146335,0.00146651,631.081,0.0003
20.92,6702010.0,4253420.0,4047960.0,1183140.0,8.47093e-07,4.50412e-05,0.00150626,0.0,0.00146314,0.00146335,0.00146651,632.163,0.0003
20.925,6702190.0,4253530.0,4048050.0,1183140.0,8.47104e-07,5.19801e-05,0.00151318,0.0,0.00146316,0.00146337,0.00146653,632.163,0.0003
20.93,6702240.0,4253550.0,4048080.0,1183140.0,8.47107e-07,5.37505e-05,0.00151494,0.0,0.00146317,0.00146338,0.00146654,629.48,0.0003
20.935,6701790.0,4253300.0,4047840.0,1183130.0,8.47079e-07,3.65417e-05,0.00149779,0.0,0.00146311,0.00146332,0.00146648,629.948,0.0003
20.94,6701790.0,4253300.0,4047840.0,1183130.0,8.47079e-07,3.65417e-05,0.00149779,0.0,0.00146311,0.00146332,0.00146648,631.784,0.0003
20.945,6702100.0,4253470.0,4048000.0,1183140.0,8.47098e-07,4.83139e-05,0.00150952,0.0,0.00146315,0.00146336,0.00146652,631.784,0.0003
20.95,6702180.0,4253520.0,4048040.0,1183140.0,8.47103e-07,5.13175e-05,0.00151252,0.0,0.00146316,0.00146337,0.00146653,629.856,0.0003
20.955,6701860.0,4253340.0,4047870.0,1183130.0,8.47083e-07,3.89514e-05,0.00150019,0.0,0.00146312,0.00146333,0.00146649,630.106,0.0003
20.96,6701860.0,4253340.0,4047870.0,1183130.0,8.47083e-07,3.89514e-05,0.00150019,0.0,0.00146312,0.00146333,0.00146649,631.085,0.0003
20.965,6702020.0,4253430.0,4047960.0,1183140.0,8.47093e-07,4.52351e-05,0.00150646,0.0,0.00146314,0.00146335,0.00146651,631.085,0.0003
20.97,6702060.0,4253450.0,4047980.0,1183140.0,8.47096e-07,4.68383e-05,0.00150805,0.0,0.00146314,0.00146335,0.00146651,629.457,0.0003
20.975,6701790.0,4253300.0,4047840.0,1183130.0,8.47079e-07,3.63938e-05,0.00149765,0.0,0.00146311,0.00146332,0.00146648,630.551,0.0003
20.98,6701790.0,4253300.0,4047840.0,1183130.0,8.47079e-07,3.63939e-05,0.00149765,0.0,0.00146311,0.00146332,0.00146648,634.84,0.0003
20.985,6702510.0,4253700.0,4048220.0,1183140.0,8.47124e-07,6.38994e-05,0.00152505,0.0,0.0014632,0.00146341,0.00146657,634.84,0.0003
20.99,6702690.0,4253800.0,4048310.0,1183140.0,8.47135e-07,7.09172e-05,0.00153205,0.0,0.00146323,0.00146344,0.0014666,629.382,0.0003
20.995,6701780.0,4253290.0,4047830.0,1183130.0,8.47078e-07,3.59125e-05,0.00149717,0.0,0.00146311,0.00146332,0.00146648,628.508,0.0003
21.0,6701780.0,4253290.0,4047830.0,1183130.0,8.47078e-07,3.59125e-05,0.00149717,0.0,0.00146311,0.00146332,0.00146648,625.082,0.0003
21.005,6701020.0,4252870.0,4047440.0,1183130.0,8.47031e-07,1.40358e-05,0.00147534,0.0,0.00146301,0.00146322,0.00146638,625.082,0.0003
21.01,6700830.0,4252760.0,4047330.0,1183120.0,8.47019e-07,8.45419e-06,0.00146977,0.0,0.00146298,0.00146319,0.00146635,630.917,0.0003
21.015,6702030.0,4253440.0,4047970.0,1183140.0,8.47094e-07,4.57586e-05,0.00150698,0.0,0.00146314,0.00146335,0.00146651,630.73,0.0003
21.02,6702030.0,4253440.0,4047970.0,1183140.0,8.47094e-07,4.57586e-05,0.00150698,0.0,0.00146314,0.00146335,0.00146651,629.998,0.0003
21.025,6701910.0,4253370.0,4047900.0,1183140.0,8.47086e-07,4.10639e-05,0.0015023,0.0,0.00146313,0.00146333,0.00146649,629.998,0.0003
21.03,6701880.0,4253350.0,4047890.0,1183140.0,8.47084e-07,3.98661e-05,0.0015011,0.0,0.00146312,0.00146333,0.00146649,629.308,0.0003
21.035,6701760.0,4253280.0,4047830.0,1183130.0,8.47077e-07,3.54382e-05,0.00149669,0.0,0.00146311,0.00146331,0.00146648,628.96,0.0003
21.04,6701760.0,4253280.0,4047830.0,1183130.0,8.47077e-07,3.54382e-05,0.00149669,0.0,0.00146311,0.00146331,0.00146648,627.598,0.0003
21.045,6701520.0,4253150.0,4047700.0,1183130.0,8.47062e-07,2.67082e-05,0.00148799,0.0,0.00146307,0.00146328,0.00146644,627.598,0.0003
21.05,6701460.0,4253110.0,4047670.0,1183130.0,8.47058e-07,2.44809e-05,0.00148577,0.0,0.00146307,0.00146327,0.00146644,623.83,0.0003
21.055,6699810.0,4252190.0,4046800.0,1183110.0,8.46955e-07,8.39187e-07,0.00146208,0.0,0.00146285,0.00146306,0.00146622,624.472,0.0003
21.06,6699810.0,4252190.0,4046800.0,1183110.0,8.46955e-07,8.39187e-07,0.00146208,0.0,0.00146285,0.00146306,0.00146622,626.99,0.0003
21.065,6701020.0,4252870.0,4047440.0,1183130.0,8.47031e-07,1.6578e-05,0.00147787,0.0,0.00146301,0.00146322,0.00146638,626.99,0.0003
21.07,6701330.0,4253040.0,4047600.0,1183130.0,8.4705e-07,2.05936e-05,0.00148189,0.0,0.00146305,0.00146326,0.00146642,627.382,0.0003
21.075,6701410.0,4253090.0,4047640.0,1183130.0,8.47055e-07,2.31021e-05,0.0014844,0.0,0.00146306,0.00146327,0.00146643,627.335,0.0003
21.08,6701410.0,4253090.0,4047640.0,1183130.0,8.47055e-07,2.31021e-05,0.0014844,0.0,0.00146306,0.00146327,0.00146643,627.15,0.0003
21.085,6701380.0,4253070.0,4047620.0,1183130.0,8.47053e-07,2.19194e-05,0.00148322,0.0,0.00146306,0.00146326,0.00146642,627.15,0.0003
21.09,6701370.0,4253060.0,4047620.0,1183130.0,8.47052e-07,2.16176e-05,0.00148292,0.0,0.00146305,0.00146326,0.00146642,629.582,0.0003
21.095,6701810.0,4253310.0,4047850.0,1183140.0,8.4708e-07,3.71938e-05,0.00149844,0.0,0.00146311,0.00146332,0.00146648,628.844,0.0003
21.1,6701810.0,4253310.0,4047850.0,1183140.0,8.4708e-07,3.71938e-05,0.00149844,0.0,0.00146311,0.00146332,0.00146648,625.952,0.0003
21.105,6701230.0,4252990.0,4047550.0,1183130.0,8.47044e-07,1.86926e-05,0.00147999,0.0,0.00146304,0.00146324,0.00146641,625.952,0.0003
21.11,6701090.0,4252900.0,4047470.0,1183130.0,8.47035e-07,1.39722e-05,0.00147529,0.0,0.00146302,0.00146323,0.00146639,627.801,0.0003
21.115,6701500.0,4253130.0,4047690.0,1183130.0,8.47061e-07,2.57821e-05,0.00148707,0.0,0.00146307,0.00146328,0.00146644,628.119,0.0003
21.12,6701500.0,4253130.0,4047690.0,1183130.0,8.47061e-07,2.57821e-05,0.00148707,0.0,0.00146307,0.00146328,0.00146644,629.363,0.0003
21.125,6701720.0,4253260.0,4047800.0,1183130.0,8.47074e-07,3.37554e-05,0.00149502,0.0,0.0014631,0.00146331,0.00146647,629.363,0.0003
21.13,6701770.0,4253290.0,4047830.0,1183140.0,8.47078e-07,3.57897e-05,0.00149704,0.0,0.00146311,0.00146332,0.00146648,631.808,0.0003
21.135,6702180.0,4253520.0,4048050.0,1183140.0,8.47103e-07,5.14711e-05,0.00151267,0.0,0.00146316,0.00146337,0.00146653,630.838,0.0003
21.14,6702180.0,4253520.0,4048050.0,1183140.0,8.47103e-07,5.14712e-05,0.00151267,0.0,0.00146316,0.00146337,0.00146653,627.036,0.0003
21.145,6701510.0,4253140.0,4047700.0,1183130.0,8.47062e-07,2.71046e-05,0.00148838,0.0,0.00146307,0.00146328,0.00146644,627.036,0.0003
21.15,6701340.0,4253050.0,4047610.0,1183130.0,8.47051e-07,2.08878e-05,0.00148219,0.0,0.00146305,0.00146326,0.00146642,632.798,0.0003
21.155,6702350.0,4253610.0,4048130.0,1183140.0,8.47114e-07,5.78231e-05,0.001519,0.0,0.00146318,0.00146339,0.00146655,631.483,0.0003
21.16,6702350.0,4253610.0,4048130.0,1183140.0,8.47114e-07,5.78231e-05,0.001519,0.0,0.00146318,0.00146339,0.00146655,626.33,0.0003
21.165,6701420.0,4253090.0,4047650.0,1183130.0,8.47056e-07,2.4807e-05,0.00148609,0.0,0.00146306,0.00146327,0.00146643,626.33,0.0003
21.17,6701180.0,4252960.0,4047520.0,1183130.0,8.47041e-07,1.63833e-05,0.00147769,0.0,0.00146303,0.00146324,0.0014664,635.964,0.0003
21.175,6702880.0,4253910.0,4048410.0,1183150.0,8.47147e-07,7.81275e-05,0.00153923,0.0,0.00146325,0.00146346,0.00146662,634.637,0.0003
21.18,6702880.0,4253910.0,4048410.0,1183150.0,8.47147e-07,7.81275e-05,0.00153923,0.0,0.00146325,0.00146346,0.00146662,629.438,0.0003
21.185,6702010.0,4253420.0,4047960.0,1183140.0,8.47092e-07,4.47783e-05,0.001506,0.0,0.00146314,0.00146335,0.00146651,629.438,0.0003
21.19,6701790.0,4253300.0,4047840.0,1183140.0,8.47079e-07,3.62696e-05,0.00149752,0.0,0.00146311,0.00146332,0.00146648,626.915,0.0003
21.195,6701320.0,4253030.0,4047590.0,1183130.0,8.47049e-07,2.01183e-05,0.00148142,0.0,0.00146305,0.00146326,0.00146642,627.811,0.0003
21.2,6701320.0,4253030.0,4047590.0,1183130.0,8.47049e-07,2.01183e-05,0.00148142,0.0,0.00146305,0.00146326,0.00146642,631.321,0.0003
21.205,6701940.0,4253380.0,4047920.0,1183140.0,8.47088e-07,4.26135e-05,0.00150384,0.0,0.00146313,0.00146334,0.0014665,631.321,0.0003
21.21,6702100.0,4253470.0,4048000.0,1183140.0,8.47098e-07,4.8353e-05,0.00150956,0.0,0.00146315,0.00146336,0.00146652,630.97,0.0003
21.215,6702040.0,4253440.0,4047970.0,1183140.0,8.47095e-07,4.60967e-05,0.00150731,0.0,0.00146314,0.00146335,0.00146651,630.231,0.0003
21.22,6702040.0,4253440.0,4047970.0,1183140.0,8.47095e-07,4.60967e-05,0.00150731,0.0,0.00146314,0.00146335,0.00146651,627.334,0.0003
21.225,6701530.0,4253160.0,4047710.0,1183130.0,8.47063e-07,2.75282e-05,0.00148881,0.0,0.00146308,0.00146328,0.00146645,627.334,0.0003
21.23,6701400.0,4253080.0,4047640.0,1183130.0,8.47055e-07,2.27906e-05,0.00148409,0.0,0.00146306,0.00146327,0.00146643,630.263,0.0003
21.235,6701920.0,4253370.0,4047910.0,1183140.0,8.47087e-07,4.15647e-05,0.0015028,0.0,0.00146313,0.00146333,0.0014665,629.377,0.0003
21.24,6701920.0,4253370.0,4047910.0,1183140.0,8.47087e-07,4.15647e-05,0.0015028,0.0,0.00146313,0.00146333,0.0014665,625.903,0.0003
21.245,6701250.0,4252990.0,4047560.0,1183130.0,8.47045e-07,1.93345e-05,0.00148063,0.0,0.00146304,0.00146325,0.00146641,625.903,0.0003
21.25,6701070.0,4252900.0,4047470.0,1183130.0,8.47034e-07,1.36627e-05,0.00147498,0.0,0.00146302,0.00146322,0.00146638,630.794,0.0003
21.255,6702010.0,4253420.0,4047960.0,1183140.0,8.47093e-07,4.49669e-05,0.00150619,0.0,0.00146314,0.00146335,0.00146651,630.256,0.0003
21.26,6702010.0,4253420.0,4047960.0,1183140.0,8.47093e-07,4.49669e-05,0.00150619,0.0,0.00146314,0.00146335,0.00146651,628.148,0.0003
21.265,6701650.0,4253220.0,4047770.0,1183140.0,8.4707e-07,3.14531e-05,0.00149272,0.0,0.00146309,0.0014633,0.00146646,628.148,0.0003
21.27,6701560.0,4253170.0,4047720.0,1183130.0,8.47065e-07,2.80052e-05,0.00148928,0.0,0.00146308,0.00146329,0.00146645,631.878,0.0003
21.275,6702190.0,4253530.0,4048050.0,1183140.0,8.47104e-07,5.19239e-05,0.00151312,0.0,0.00146316,0.00146337,0.00146653,631.133,0.0003
21.28,6702190.0,4253530.0,4048050.0,1183140.0,8.47104e-07,5.19239e-05,0.00151312,0.0,0.00146316,0.00146337,0.00146653,628.212,0.0003
21.285,6701700.0,4253250.0,4047790.0,1183140.0,8.47073e-07,3.31914e-05,0.00149445,0.0,0.0014631,0.00146331,0.00146647,628.212,0.0003
21.29,6701570.0,4253180.0,4047730.0,1183130.0,8.47065e-07,2.84121e-05,0.00148969,0.0,0.00146308,0.00146329,0.00146645,627.695,0.0003
21.295,6701480.0,4253120.0,4047680.0,1183130.0,8.47059e-07,2.51015e-05,0.00148639,0.0,0.00146307,0.00146328,0.00146644,628.496,0.0003
21.3,6701480.0,4253120.0,4047680.0,1183130.0,8.47059e-07,2.51015e-05,0.00148639,0.0,0.00146307,0.00146328,0.00146644,631.634,0.0003
21.305,6702020.0,4253430.0,4047960.0,1183140.0,8.47093e-07,4.52261e-05,0.00150645,0.0,0.00146314,0.00146335,0.00146651,631.634,0.0003
21.31,6702150.0,4253500.0,4048030.0,1183140.0,8.47102e-07,5.03606e-05,0.00151156,0.0,0.00146316,0.00146336,0.00146653,630.255,0.0003
21.315,6701920.0,4253370.0,4047910.0,1183140.0,8.47087e-07,4.15156e-05,0.00150275,0.0,0.00146313,0.00146333,0.0014665,630.038,0.0003
21.32,6701920.0,4253370.0,4047910.0,1183140.0,8.47087e-07,4.15156e-05,0.00150275,0.0,0.00146313,0.00146333,0.0014665,629.187,0.0003
21.325,6701780.0,4253290.0,4047840.0,1183140.0,8.47078e-07,3.60575e-05,0.00149731,0.0,0.00146311,0.00146332,0.00146648,629.187,0.0003
21.33,6701740.0,4253270.0,4047820.0,1183140.0,8.47076e-07,3.4665e-05,0.00149592,0.0,0.0014631,0.00146331,0.00146647,630.813,0.0003
21.335,6702020.0,4253430.0,4047960.0,1183140.0,8.47093e-07,4.50931e-05,0.00150631,0.0,0.00146314,0.00146335,0.00146651,630.44,0.0003
21.34,6702020.0,4253430.0,4047960.0,1183140.0,8.47093e-07,4.50932e-05,0.00150631,0.0,0.00146314,0.00146335,0.00146651,628.977,0.0003
21.345,6701770.0,4253290.0,4047830.0,1183140.0,8.47078e-07,3.57114e-05,0.00149696,0.0,0.00146311,0.00146331,0.00146648,628.977,0.0003
21.35,6701710.0,4253250.0,4047800.0,1183140.0,8.47074e-07,3.33178e-05,0.00149458,0.0,0.0014631,0.00146331,0.00146647,627.602,0.0003
21.355,6701460.0,4253110.0,4047670.0,1183130.0,8.47058e-07,2.45067e-05,0.0014858,0.0,0.00146307,0.00146327,0.00146643,627.824,0.0003
21.36,6701460.0,4253110.0,4047670.0,1183130.0,8.47058e-07,2.45067e-05,0.0014858,0.0,0.00146307,0.00146327,0.00146643,628.697,0.0003
21.365,6701620.0,4253200.0,4047750.0,1183140.0,8.47068e-07,3.00951e-05,0.00149137,0.0,0.00146309,0.0014633,0.00146646,628.697,0.0003
21.37,6701660.0,4253230.0,4047770.0,1183140.0,8.47071e-07,3.1521e-05,0.00149279,0.0,0.00146309,0.0014633,0.00146646,630.851,0.0003
21.375,6702020.0,4253430.0,4047960.0,1183140.0,8.47093e-07,4.53387e-05,0.00150656,0.0,0.00146314,0.00146335,0.00146651,631.202,0.0003
21.38,6702020.0,4253430.0,4047960.0,1183140.0,8.47093e-07,4.53387e-05,0.00150656,0.0,0.00146314,0.00146335,0.00146651,632.576,0.0003
21.385,6702250.0,4253560.0,4048080.0,1183140.0,8.47108e-07,5.41498e-05,0.00151534,0.0,0.00146317,0.00146338,0.00146654,632.576,0.0003
21.39,6702310.0,4253590.0,4048120.0,1183140.0,8.47111e-07,5.63979e-05,0.00151758,0.0,0.00146318,0.00146339,0.00146655,629.912,0.0003
21.395,6701860.0,4253340.0,4047880.0,1183140.0,8.47084e-07,3.93104e-05,0.00150055,0.0,0.00146312,0.00146333,0.00146649,629.263,0.0003
21.4,6701860.0,4253340.0,4047880.0,1183140.0,8.47084e-07,3.93104e-05,0.00150055,0.0,0.00146312,0.00146333,0.00146649,626.722,0.0003
21.405,6701390.0,4253080.0,4047630.0,1183130.0,8.47054e-07,2.30349e-05,0.00148433,0.0,0.00146306,0.00146327,0.00146643,626.722,0.0003
21.41,6701270.0,4253010.0,4047570.0,1183130.0,8.47047e-07,1.88824e-05,0.00148019,0.0,0.00146304,0.00146325,0.00146641,628.344,0.0003
21.415,6701600.0,4253190.0,4047740.0,1183140.0,8.47067e-07,2.92606e-05,0.00149054,0.0,0.00146308,0.00146329,0.00146645,628.297,0.0003
21.42,6701600.0,4253190.0,4047740.0,1183140.0,8.47067e-07,2.92606e-05,0.00149054,0.0,0.00146308,0.00146329,0.00146645,628.109,0.0003
21.425,6701560.0,4253170.0,4047720.0,1183140.0,8.47065e-07,2.80611e-05,0.00148934,0.0,0.00146308,0.00146329,0.00146645,628.109,0.0003
21.43,6701560.0,4253170.0,4047720.0,1183140.0,8.47064e-07,2.77551e-05,0.00148903,0.0,0.00146308,0.00146329,0.00146645,630.065,0.0003
21.435,6701890.0,4253360.0,4047900.0,1183140.0,8.47085e-07,4.02945e-05,0.00150153,0.0,0.00146312,0.00146333,0.00146649,630.613,0.0003
21.44,6701890.0,4253360.0,4047900.0,1183140.0,8.47085e-07,4.02945e-05,0.00150153,0.0,0.00146312,0.00146333,0.00146649,632.759,0.0003
21.445,6702250.0,4253560.0,4048080.0,1183140.0,8.47108e-07,5.4063e-05,0.00151525,0.0,0.00146317,0.00146338,0.00146654,632.759,0.0003
21.45,6702340.0,4253610.0,4048130.0,1183150.0,8.47113e-07,5.75759e-05,0.00151875,0.0,0.00146318,0.00146339,0.00146655,630.672,0.0003
21.455,6701990.0,4253410.0,4047950.0,1183140.0,8.47091e-07,4.41871e-05,0.00150541,0.0,0.00146314,0.00146334,0.0014665,629.606,0.0003
21.46,6701990.0,4253410.0,4047950.0,1183140.0,8.47091e-07,4.41871e-05,0.00150541,0.0,0.00146314,0.00146334,0.0014665,625.426,0.0003
21.465,6701150.0,4252940.0,4047510.0,1183130.0,8.47039e-07,1.74531e-05,0.00147875,0.0,0.00146303,0.00146323,0.00146639,625.426,0.0003
21.47,6700940.0,4252820.0,4047400.0,1183130.0,8.47026e-07,1.06323e-05,0.00147195,0.0,0.001463,0.00146321,0.00146637,627.604,0.0003
21.475,6701460.0,4253120.0,4047670.0,1183140.0,8.47058e-07,2.45239e-05,0.00148581,0.0,0.00146307,0.00146327,0.00146643,628.067,0.0003
21.48,6701460.0,4253120.0,4047670.0,1183140.0,8.47058e-07,2.45239e-05,0.00148581,0.0,0.00146307,0.00146327,0.00146643,629.879,0.0003
21.485,6701780.0,4253290.0,4047840.0,1183140.0,8.47078e-07,3.61386e-05,0.00149739,0.0,0.00146311,0.00146332,0.00146648,629.879,0.0003
21.49,6701860.0,4253340.0,4047880.0,1183140.0,8.47083e-07,3.9102e-05,0.00150034,0.0,0.00146312,0.00146333,0.00146649,627.589,0.0003
21.495,6701460.0,4253110.0,4047670.0,1183140.0,8.47058e-07,2.4428e-05,0.00148572,0.0,0.00146306,0.00146327,0.00146643,628.235,0.0003
21.5,6701460.0,4253110.0,4047670.0,1183140.0,8.47058e-07,2.4428e-05,0.00148572,0.0,0.00146306,0.00146327,0.00146643,630.765,0.0003
21.505,6701900.0,4253360.0,4047900.0,1183140.0,8.47085e-07,4.06485e-05,0.00150188,0.0,0.00146312,0.00146333,0.00146649,630.765,0.0003
21.51,6702010.0,4253420.0,4047960.0,1183140.0,8.47092e-07,4.4787e-05,0.00150601,0.0,0.00146314,0.00146335,0.00146651,628.915,0.0003
21.515,6701700.0,4253250.0,4047790.0,1183140.0,8.47073e-07,3.2918e-05,0.00149418,0.0,0.0014631,0.00146331,0.00146647,629.287,0.0003
21.52,6701700.0,4253250.0,4047790.0,1183140.0,8.47073e-07,3.2918e-05,0.00149418,0.0,0.0014631,0.00146331,0.00146647,630.746,0.0003
21.525,6701940.0,4253390.0,4047920.0,1183140.0,8.47088e-07,4.22771e-05,0.00150351,0.0,0.00146313,0.00146334,0.0014665,630.746,0.0003
21.53,6702000.0,4253420.0,4047960.0,1183140.0,8.47092e-07,4.4665e-05,0.00150589,0.0,0.00146314,0.00146335,0.00146651,632.168,0.0003
21.535,6702240.0,4253560.0,4048080.0,1183150.0,8.47107e-07,5.37823e-05,0.00151497,0.0,0.00146317,0.00146338,0.00146654,630.969,0.0003
21.54,6702240.0,4253560.0,4048080.0,1183150.0,8.47107e-07,5.37823e-05,0.00151497,0.0,0.00146317,0.00146338,0.00146654,626.27,0.0003
21.545,6701390.0,4253070.0,4047630.0,1183140.0,8.47054e-07,2.36829e-05,0.00148497,0.0,0.00146306,0.00146326,0.00146643,626.27,0.0003
21.55,6701170.0,4252950.0,4047520.0,1183130.0,8.4704e-07,1.60033e-05,0.00147731,0.0,0.00146303,0.00146324,0.0014664,630.893,0.0003
21.555,6702030.0,4253440.0,4047970.0,1183140.0,8.47094e-07,4.56043e-05,0.00150682,0.0,0.00146314,0.00146335,0.00146651,630.815,0.0003
21.56,6702030.0,4253440.0,4047970.0,1183140.0,8.47094e-07,4.56043e-05,0.00150682,0.0,0.00146314,0.00146335,0.00146651,630.512,0.0003
21.565,6701980.0,4253410.0,4047940.0,1183140.0,8.47091e-07,4.36599e-05,0.00150488,0.0,0.00146313,0.00146334,0.0014665,630.512,0.0003
21.57,6701970.0,4253400.0,4047940.0,1183140.0,8.4709e-07,4.31638e-05,0.00150439,0.0,0.00146313,0.00146334,0.0014665,629.362,0.0003
21.575,6701770.0,4253290.0,4047830.0,1183140.0,8.47078e-07,3.57868e-05,0.00149704,0.0,0.00146311,0.00146331,0.00146648,629.589,0.0003
21.58,6701770.0,4253290.0,4047830.0,1183140.0,8.47078e-07,3.57868e-05,0.00149704,0.0,0.00146311,0.00146331,0.00146648,630.476,0.0003
21.585,6701920.0,4253380.0,4047910.0,1183140.0,8.47087e-07,4.14789e-05,0.00150271,0.0,0.00146313,0.00146333,0.0014665,630.476,0.0003
21.59,6701960.0,4253400.0,4047930.0,1183140.0,8.47089e-07,4.29312e-05,0.00150416,0.0,0.00146313,0.00146334,0.0014665,625.926,0.0003
21.595,6701080.0,4252900.0,4047470.0,1183130.0,8.47035e-07,1.38098e-05,0.00147512,0.0,0.00146302,0.00146322,0.00146638,626.642,0.0003
21.6,6701080.0,4252900.0,4047470.0,1183130.0,8.47035e-07,1.38098e-05,0.00147512,0.0,0.00146302,0.00146322,0.00146638,629.446,0.0003
21.605,6701640.0,4253220.0,4047770.0,1183140.0,8.4707e-07,3.17484e-05,0.00149301,0.0,0.00146309,0.0014633,0.00146646,629.446,0.0003
21.61,6701790.0,4253300.0,4047840.0,1183140.0,8.47079e-07,3.63252e-05,0.00149758,0.0,0.00146311,0.00146332,0.00146648,627.857,0.0003
21.615,6701510.0,4253140.0,4047700.0,1183140.0,8.47061e-07,2.61411e-05,0.00148743,0.0,0.00146307,0.00146328,0.00146644,627.932,0.0003
21.62,6701510.0,4253140.0,4047700.0,1183140.0,8.47061e-07,2.61411e-05,0.00148743,0.0,0.00146307,0.00146328,0.00146644,628.227,0.0003
21.625,6701560.0,4253170.0,4047720.0,1183140.0,8.47065e-07,2.80289e-05,0.00148931,0.0,0.00146308,0.00146329,0.00146645,628.227,0.0003
21.63,6701580.0,4253180.0,4047730.0,1183140.0,8.47066e-07,2.85106e-05,0.00148979,0.0,0.00146308,0.00146329,0.00146645,623.407,0.0003
21.635,6694500.0,4249210.0,4044020.0,1183060.0,8.46624e-07,8.38854e-07,0.00146139,0.0,0.00146216,0.00146236,0.00146552,625.561,0.0003
21.64,6694500.0,4249210.0,4044020.0,1183060.0,8.46624e-07,8.38854e-07,0.00146139,0.0,0.00146216,0.00146236,0.00146552,634.004,0.0003
21.645,6700910.0,4252810.0,4047380.0,1183130.0,8.47024e-07,5.24018e-05,0.00151343,0.0,0.00146299,0.0014632,0.00146636,634.004,0.0003
21.65,6702550.0,4253730.0,4048240.0,1183150.0,8.47126e-07,6.55575e-05,0.0015267,0.0,0.00146321,0.00146342,0.00146658,625.494,0.0003
21.655,6700960.0,4252830.0,4047410.0,1183130.0,8.47027e-07,1.10658e-05,0.00147238,0.0,0.001463,0.00146321,0.00146637,625.711,0.0003
21.66,6700960.0,4252830.0,4047410.0,1183130.0,8.47027e-07,1.10658e-05,0.00147238,0.0,0.001463,0.00146321,0.00146637,626.562,0.0003
21.665,6701180.0,4252960.0,4047520.0,1183130.0,8.47041e-07,1.64819e-05,0.00147779,0.0,0.00146303,0.00146324,0.0014664,626.562,0.0003
21.67,6701240.0,4252990.0,4047550.0,1183140.0,8.47044e-07,1.78638e-05,0.00147917,0.0,0.00146304,0.00146324,0.00146641,625.283,0.0003
21.675,6700890.0,4252800.0,4047370.0,1183130.0,8.47023e-07,9.72373e-06,0.00147104,0.0,0.00146299,0.0014632,0.00146636,626.309,0.0003
21.68,6700890.0,4252800.0,4047370.0,1183130.0,8.47023e-07,9.72374e-06,0.00147104,0.0,0.00146299,0.0014632,0.00146636,630.331,0.0003
21.685,6701720.0,4253260.0,4047810.0,1183140.0,8.47075e-07,3.54399e-05,0.00149669,0.0,0.0014631,0.00146331,0.00146647,630.331,0.0003
21.69,6701930.0,4253380.0,4047920.0,1183140.0,8.47088e-07,4.20011e-05,0.00150323,0.0,0.00146313,0.00146334,0.0014665,630.11,0.0003
21.695,6701900.0,4253360.0,4047900.0,1183140.0,8.47086e-07,4.05866e-05,0.00150182,0.0,0.00146312,0.00146333,0.00146649,630.113,0.0003
21.7,6701900.0,4253360.0,4047900.0,1183140.0,8.47086e-07,4.05866e-05,0.00150182,0.0,0.00146312,0.00146333,0.00146649,630.125,0.0003
21.705,6701900.0,4253360.0,4047900.0,1183140.0,8.47086e-07,4.06624e-05,0.0015019,0.0,0.00146312,0.00146333,0.00146649,630.125,0.0003
21.71,6701900.0,4253360.0,4047900.0,1183140.0,8.47086e-07,4.06817e-05,0.00150192,0.0,0.00146312,0.00146333,0.00146649,628.277,0.0003
21.715,6701590.0,4253190.0,4047740.0,1183140.0,8.47066e-07,2.88322e-05,0.00149011,0.0,0.00146308,0.00146329,0.00146645,628.635,0.0003
21.72,6701590.0,4253190.0,4047740.0,1183140.0,8.47066e-07,2.88322e-05,0.00149011,0.0,0.00146308,0.00146329,0.00146645,630.034,0.0003
21.725,6701820.0,4253320.0,4047860.0,1183140.0,8.47081e-07,3.78089e-05,0.00149905,0.0,0.00146311,0.00146332,0.00146648,630.034,0.0003
21.73,6701890.0,4253360.0,4047890.0,1183140.0,8.47085e-07,4.00992e-05,0.00150134,0.0,0.00146312,0.00146333,0.00146649,630.701,0.0003
21.735,6702000.0,4253420.0,4047950.0,1183140.0,8.47092e-07,4.43743e-05,0.0015056,0.0,0.00146314,0.00146334,0.00146651,630.077,0.0003
21.74,6702000.0,4253420.0,4047950.0,1183140.0,8.47092e-07,4.43743e-05,0.0015056,0.0,0.00146314,0.00146334,0.00146651,627.633,0.0003
21.745,6701570.0,4253180.0,4047730.0,1183140.0,8.47065e-07,2.87071e-05,0.00148998,0.0,0.00146308,0.00146329,0.00146645,627.633,0.0003
21.75,6701460.0,4253120.0,4047670.0,1183140.0,8.47059e-07,2.47098e-05,0.001486,0.0,0.00146307,0.00146327,0.00146644,632.685,0.0003
21.755,6702330.0,4253600.0,4048130.0,1183150.0,8.47112e-07,5.71002e-05,0.00151828,0.0,0.00146318,0.00146339,0.00146655,631.973,0.0003
21.76,6702330.0,4253610.0,4048130.0,1183150.0,8.47112e-07,5.71002e-05,0.00151828,0.0,0.00146318,0.00146339,0.00146655,629.182,0.0003
21.765,6701860.0,4253340.0,4047880.0,1183140.0,8.47083e-07,3.91982e-05,0.00150044,0.0,0.00146312,0.00146333,0.00146649,629.182,0.0003
21.77,6701740.0,4253280.0,4047820.0,1183140.0,8.47076e-07,3.46307e-05,0.00149589,0.0,0.0014631,0.00146331,0.00146647,628.292,0.0003
21.775,6701590.0,4253190.0,4047740.0,1183140.0,8.47066e-07,2.89291e-05,0.0014902,0.0,0.00146308,0.00146329,0.00146645,627.815,0.0003
21.78,6701590.0,4253190.0,4047740.0,1183140.0,8.47066e-07,2.89291e-05,0.0014902,0.0,0.00146308,0.00146329,0.00146645,625.946,0.0003
21.785,6701190.0,4252960.0,4047530.0,1183140.0,8.47041e-07,1.69824e-05,0.00147829,0.0,0.00146303,0.00146324,0.0014664,625.946,0.0003
21.79,6701080.0,4252910.0,4047470.0,1183130.0,8.47035e-07,1.39344e-05,0.00147525,0.0,0.00146302,0.00146322,0.00146639,629.623,0.0003
21.795,6701820.0,4253320.0,4047860.0,1183140.0,8.47081e-07,3.74611e-05,0.00149871,0.0,0.00146311,0.00146332,0.00146648,629.426,0.0003
21.8,6701820.0,4253320.0,4047860.0,1183140.0,8.47081e-07,3.74611e-05,0.00149871,0.0,0.00146311,0.00146332,0.00146648,628.654,0.0003
21.805,6701690.0,4253240.0,4047790.0,1183140.0,8.47072e-07,3.25076e-05,0.00149377,0.0,0.00146309,0.0014633,0.00146646,628.654,0.0003
21.81,6701650.0,4253230.0,4047770.0,1183140.0,8.4707e-07,3.12438e-05,0.00149251,0.0,0.00146309,0.0014633,0.00146646,631.815,0.0003
21.815,6702180.0,4253520.0,4048050.0,1183150.0,8.47103e-07,5.152e-05,0.00151272,0.0,0.00146316,0.00146337,0.00146653,630.906,0.0003
21.82,6702180.0,4253520.0,4048050.0,1183150.0,8.47103e-07,5.152e-05,0.00151272,0.0,0.00146316,0.00146337,0.00146653,627.341,0.0003
21.825,6701560.0,4253180.0,4047730.0,1183140.0,8.47065e-07,2.86687e-05,0.00148994,0.0,0.00146308,0.00146329,0.00146645,627.341,0.0003
21.83,6701410.0,4253090.0,4047640.0,1183140.0,8.47055e-07,2.28384e-05,0.00148413,0.0,0.00146306,0.00146327,0.00146643,629.322,0.0003
21.835,6701770.0,4253290.0,4047830.0,1183140.0,8.47077e-07,3.55324e-05,0.00149679,0.0,0.0014631,0.00146331,0.00146647,629.236,0.0003
21.84,6701770.0,4253290.0,4047830.0,1183140.0,8.47077e-07,3.55324e-05,0.00149679,0.0,0.0014631,0.00146331,0.00146647,628.898,0.0003
21.845,6701710.0,4253260.0,4047800.0,1183140.0,8.47074e-07,3.33661e-05,0.00149463,0.0,0.0014631,0.00146331,0.00146647,628.898,0.0003
21.85,6701700.0,4253250.0,4047800.0,1183140.0,8.47073e-07,3.28134e-05,0.00149408,0.0,0.0014631,0.0014633,0.00146647,627.774,0.0003
21.855,6701490.0,4253140.0,4047690.0,1183140.0,8.4706e-07,2.56077e-05,0.00148689,0.0,0.00146307,0.00146328,0.00146644,627.856,0.0003
21.86,6701490.0,4253140.0,4047690.0,1183140.0,8.4706e-07,2.56077e-05,0.00148689,0.0,0.00146307,0.00146328,0.00146644,628.176,0.0003
21.865,6701550.0,4253170.0,4047720.0,1183140.0,8.47064e-07,2.76592e-05,0.00148894,0.0,0.00146308,0.00146329,0.00146645,628.176,0.0003
21.87,6701570.0,4253180.0,4047730.0,1183140.0,8.47065e-07,2.81827e-05,0.00148946,0.0,0.00146308,0.00146329,0.00146645,628.868,0.0003
21.875,6701690.0,4253250.0,4047790.0,1183140.0,8.47073e-07,3.26164e-05,0.00149388,0.0,0.00146309,0.0014633,0.00146646,628.396,0.0003
21.88,6701690.0,4253250.0,4047790.0,1183140.0,8.47073e-07,3.26164e-05,0.00149388,0.0,0.00146309,0.0014633,0.00146646,626.545,0.0003
21.885,6701330.0,4253040.0,4047600.0,1183140.0,8.4705e-07,2.07733e-05,0.00148207,0.0,0.00146305,0.00146326,0.00146642,626.545,0.0003
21.89,6701230.0,4252990.0,4047550.0,1183140.0,8.47044e-07,1.77517e-05,0.00147906,0.0,0.00146304,0.00146324,0.0014664,625.275,0.0003
21.895,6700890.0,4252800.0,4047370.0,1183130.0,8.47023e-07,9.67633e-06,0.00147099,0.0,0.00146299,0.0014632,0.00146636,625.263,0.0003
21.9,6700890.0,4252800.0,4047370.0,1183130.0,8.47023e-07,9.67633e-06,0.00147099,0.0,0.00146299,0.0014632,0.00146636,625.216,0.0003
21.905,6700880.0,4252790.0,4047370.0,1183130.0,8.47022e-07,9.37702e-06,0.00147069,0.0,0.00146299,0.0014632,0.00146636,625.216,0.0003
21.91,6700870.0,4252790.0,4047360.0,1183130.0,8.47022e-07,9.30065e-06,0.00147062,0.0,0.00146299,0.0014632,0.00146636,628.085,0.0003
21.915,6701550.0,4253170.0,4047720.0,1183140.0,8.47064e-07,2.76027e-05,0.00148888,0.0,0.00146308,0.00146329,0.00146645,628.915,0.0003
21.92,6701550.0,4253170.0,4047720.0,1183140.0,8.47064e-07,2.76027e-05,0.00148888,0.0,0.00146308,0.00146329,0.00146645,632.168,0.0003
21.925,6702100.0,4253480.0,4048010.0,1183150.0,8.47098e-07,4.84634e-05,0.00150967,0.0,0.00146315,0.00146336,0.00146652,632.168,0.0003
21.93,6702240.0,4253560.0,4048080.0,1183150.0,8.47107e-07,5.37858e-05,0.00151497,0.0,0.00146317,0.00146338,0.00146654,626.037,0.0003
21.935,6701110.0,4252920.0,4047490.0,1183140.0,8.47036e-07,1.45172e-05,0.00147583,0.0,0.00146302,0.00146323,0.00146639,626.401,0.0003
21.94,6701110.0,4252920.0,4047490.0,1183140.0,8.47036e-07,1.45172e-05,0.00147583,0.0,0.00146302,0.00146323,0.00146639,627.826,0.0003
21.945,6701420.0,4253100.0,4047650.0,1183140.0,8.47056e-07,2.36203e-05,0.00148491,0.0,0.00146306,0.00146327,0.00146643,627.826,0.0003
21.95,6701500.0,4253140.0,4047690.0,1183140.0,8.47061e-07,2.59429e-05,0.00148723,0.0,0.00146307,0.00146328,0.00146644,625.994,0.0003
21.955,6701100.0,4252910.0,4047480.0,1183140.0,8.47036e-07,1.42402e-05,0.00147555,0.0,0.00146302,0.00146323,0.00146639,627.198,0.0003
21.96,6701100.0,4252910.0,4047480.0,1183140.0,8.47036e-07,1.42402e-05,0.00147555,0.0,0.00146302,0.00146323,0.00146639,631.921,0.0003
21.965,6701980.0,4253410.0,4047940.0,1183150.0,8.4709e-07,4.44826e-05,0.0015057,0.0,0.00146313,0.00146334,0.0014665,631.921,0.0003
21.97,6702200.0,4253530.0,4048060.0,1183150.0,8.47104e-07,5.21986e-05,0.00151339,0.0,0.00146316,0.00146337,0.00146653,626.616,0.0003
21.975,6701250.0,4253000.0,4047560.0,1183140.0,8.47045e-07,1.82083e-05,0.00147951,0.0,0.00146304,0.00146325,0.00146641,627.116,0.0003
21.98,6701250.0,4253000.0,4047560.0,1183140.0,8.47045e-07,1.82083e-05,0.00147951,0.0,0.00146304,0.00146325,0.00146641,629.075,0.0003
21.985,6701630.0,4253210.0,4047760.0,1183140.0,8.47069e-07,3.07481e-05,0.00149202,0.0,0.00146309,0.0014633,0.00146646,629.075,0.0003
21.99,6701730.0,4253270.0,4047810.0,1183140.0,8.47075e-07,3.39475e-05,0.00149521,0.0,0.0014631,0.00146331,0.00146647,627.378,0.0003
21.995,6701410.0,4253090.0,4047650.0,1183140.0,8.47055e-07,2.30729e-05,0.00148437,0.0,0.00146306,0.00146327,0.00146643,627.414,0.0003
22.0,6701410.0,4253090.0,4047650.0,1183140.0,8.47055e-07,2.30729e-05,0.00148437,0.0,0.00146306,0.00146327,0.00146643,627.557,0.0003
22.005,6701440.0,4253110.0,4047660.0,1183140.0,8.47057e-07,2.39878e-05,0.00148528,0.0,0.00146306,0.00146327,0.00146643,627.557,0.0003
22.01,6701450.0,4253110.0,4047670.0,1183140.0,8.47058e-07,2.42212e-05,0.00148551,0.0,0.00146306,0.00146327,0.00146643,632.37,0.0003
22.015,6702280.0,4253580.0,4048100.0,1183150.0,8.47109e-07,5.50818e-05,0.00151627,0.0,0.00146317,0.00146338,0.00146654,631.541,0.0003
22.02,6702280.0,4253580.0,4048100.0,1183150.0,8.47109e-07,5.50818e-05,0.00151627,0.0,0.00146317,0.00146338,0.00146654,628.288,0.0003
22.025,6701730.0,4253270.0,4047810.0,1183140.0,8.47075e-07,3.42241e-05,0.00149548,0.0,0.0014631,0.00146331,0.00146647,628.288,0.0003
22.03,6701590.0,4253190.0,4047740.0,1183140.0,8.47066e-07,2.89025e-05,0.00149018,0.0,0.00146308,0.00146329,0.00146645,633.331,0.0003
22.035,6702440.0,4253670.0,4048190.0,1183150.0,8.47119e-07,6.1244e-05,0.00152241,0.0,0.00146319,0.0014634,0.00146656,632.5,0.0003
22.04,6702440.0,4253670.0,4048190.0,1183150.0,8.47119e-07,6.1244e-05,0.00152241,0.0,0.00146319,0.0014634,0.00146656,629.244,0.0003
22.045,6701890.0,4253360.0,4047900.0,1183150.0,8.47085e-07,4.03608e-05,0.0015016,0.0,0.00146312,0.00146333,0.00146649,629.244,0.0003
22.05,6701750.0,4253280.0,4047830.0,1183150.0,8.47077e-07,3.50327e-05,0.00149629,0.0,0.0014631,0.00146331,0.00146647,630.596,0.0003
22.055,6701980.0,4253410.0,4047950.0,1183150.0,8.47091e-07,4.36996e-05,0.00150492,0.0,0.00146313,0.00146334,0.0014665,629.856,0.0003
22.06,6701980.0,4253410.0,4047950.0,1183150.0,8.47091e-07,4.36997e-05,0.00150492,0.0,0.00146313,0.00146334,0.0014665,626.957,0.0003
22.065,6701460.0,4253120.0,4047670.0,1183140.0,8.47058e-07,2.51245e-05,0.00148641,0.0,0.00146306,0.00146327,0.00146643,626.957,0.0003
22.07,6701330.0,4253040.0,4047600.0,1183140.0,8.4705e-07,2.03852e-05,0.00148169,0.0,0.00146305,0.00146326,0.00146642,627.481,0.0003
22.075,6701430.0,4253100.0,4047660.0,1183140.0,8.47057e-07,2.37354e-05,0.00148503,0.0,0.00146306,0.00146327,0.00146643,627.574,0.0003
22.08,6701430.0,4253100.0,4047660.0,1183140.0,8.47057e-07,2.37354e-05,0.00148503,0.0,0.00146306,0.00146327,0.00146643,627.939,0.0003
22.085,6701510.0,4253140.0,4047700.0,1183140.0,8.47061e-07,2.60711e-05,0.00148736,0.0,0.00146307,0.00146328,0.00146644,627.939,0.0003
22.09,6701520.0,4253150.0,4047710.0,1183140.0,8.47062e-07,2.6667e-05,0.00148795,0.0,0.00146307,0.00146328,0.00146644,629.869,0.0003
22.095,6701860.0,4253340.0,4047880.0,1183150.0,8.47083e-07,3.90378e-05,0.00150028,0.0,0.00146312,0.00146333,0.00146649,629.654,0.0003
22.1,6701860.0,4253340.0,4047880.0,1183150.0,8.47083e-07,3.90378e-05,0.00150028,0.0,0.00146312,0.00146333,0.00146649,628.813,0.0003
22.105,6701720.0,4253260.0,4047810.0,1183150.0,8.47074e-07,3.36414e-05,0.0014949,0.0,0.0014631,0.00146331,0.00146647,628.813,0.0003
22.11,6701680.0,4253240.0,4047790.0,1183150.0,8.47072e-07,3.22645e-05,0.00149353,0.0,0.00146309,0.0014633,0.00146646,629.693,0.0003
22.115,6701830.0,4253330.0,4047870.0,1183150.0,8.47081e-07,3.79107e-05,0.00149915,0.0,0.00146311,0.00146332,0.00146648,629.019,0.0003
22.12,6701830.0,4253330.0,4047870.0,1183150.0,8.47081e-07,3.79107e-05,0.00149915,0.0,0.00146311,0.00146332,0.00146648,626.378,0.0003
22.125,6701320.0,4253040.0,4047600.0,1183140.0,8.4705e-07,2.10047e-05,0.0014823,0.0,0.00146305,0.00146326,0.00146642,626.378,0.0003
22.13,6701190.0,4252970.0,4047530.0,1183140.0,8.47042e-07,1.66913e-05,0.001478,0.0,0.00146303,0.00146324,0.0014664,624.19,0.0003
22.135,6700430.0,4252540.0,4047130.0,1183130.0,8.46994e-07,2.86689e-06,0.00146417,0.0,0.00146293,0.00146314,0.0014663,624.353,0.0003
22.14,6700430.0,4252540.0,4047130.0,1183130.0,8.46994e-07,2.8669e-06,0.00146417,0.0,0.00146293,0.00146314,0.0014663,624.992,0.0003
22.145,6700720.0,4252700.0,4047280.0,1183130.0,8.47012e-07,6.86786e-06,0.00146818,0.0,0.00146297,0.00146318,0.00146634,624.992,0.0003
22.15,6700800.0,4252750.0,4047320.0,1183140.0,8.47017e-07,7.88866e-06,0.00146921,0.0,0.00146298,0.00146319,0.00146635,626.908,0.0003
22.155,6701310.0,4253040.0,4047600.0,1183140.0,8.47049e-07,2.00695e-05,0.00148137,0.0,0.00146305,0.00146325,0.00146641,628.046,0.0003
22.16,6701310.0,4253040.0,4047600.0,1183140.0,8.47049e-07,2.00695e-05,0.00148137,0.0,0.00146305,0.00146325,0.00146641,632.507,0.0003
22.165,6702100.0,4253480.0,4048010.0,1183150.0,8.47098e-07,4.86641e-05,0.00150987,0.0,0.00146315,0.00146336,0.00146652,632.507,0.0003
22.17,6702300.0,4253590.0,4048110.0,1183150.0,8.47111e-07,5.59596e-05,0.00151714,0.0,0.00146317,0.00146338,0.00146654,629.788,0.0003
22.175,6701840.0,4253340.0,4047870.0,1183150.0,8.47082e-07,3.8519e-05,0.00149976,0.0,0.00146311,0.00146332,0.00146648,629.644,0.0003
22.18,6701840.0,4253340.0,4047870.0,1183150.0,8.47082e-07,3.8519e-05,0.00149976,0.0,0.00146311,0.00146332,0.00146648,629.078,0.0003
22.185,6701750.0,4253280.0,4047830.0,1183150.0,8.47076e-07,3.48893e-05,0.00149614,0.0,0.0014631,0.00146331,0.00146647,629.078,0.0003
22.19,6701730.0,4253270.0,4047810.0,1183150.0,8.47075e-07,3.39633e-05,0.00149522,0.0,0.0014631,0.00146331,0.00146647,626.924,0.0003
22.195,6701320.0,4253040.0,4047600.0,1183140.0,8.47049e-07,2.01728e-05,0.00148147,0.0,0.00146305,0.00146325,0.00146642,626.999,0.0003
22.2,6701320.0,4253040.0,4047600.0,1183140.0,8.47049e-07,2.01728e-05,0.00148147,0.0,0.00146305,0.00146325,0.00146642,627.293,0.0003
22.205,6701380.0,4253070.0,4047630.0,1183140.0,8.47053e-07,2.20551e-05,0.00148335,0.0,0.00146305,0.00146326,0.00146642,627.293,0.0003
22.21,6701400.0,4253080.0,4047640.0,1183140.0,8.47054e-07,2.25354e-05,0.00148383,0.0,0.00146306,0.00146326,0.00146643,629.161,0.0003
22.215,6701740.0,4253280.0,4047820.0,1183150.0,8.47076e-07,3.44999e-05,0.00149576,0.0,0.0014631,0.00146331,0.00146647,629.054,0.0003
22.22,6701740.0,4253280.0,4047820.0,1183150.0,8.47076e-07,3.44999e-05,0.00149576,0.0,0.0014631,0.00146331,0.00146647,628.631,0.0003
22.225,6701670.0,4253240.0,4047780.0,1183150.0,8.47071e-07,3.17901e-05,0.00149306,0.0,0.00146309,0.0014633,0.00146646,628.631,0.0003
22.23,6701650.0,4253230.0,4047770.0,1183150.0,8.4707e-07,3.10987e-05,0.00149237,0.0,0.00146309,0.0014633,0.00146646,625.804,0.0003
22.235,6701050.0,4252890.0,4047460.0,1183140.0,8.47032e-07,1.30317e-05,0.00147435,0.0,0.00146301,0.00146322,0.00146638,626.401,0.0003
22.24,6701050.0,4252890.0,4047460.0,1183140.0,8.47032e-07,1.30317e-05,0.00147435,0.0,0.00146301,0.00146322,0.00146638,628.742,0.0003
22.245,6701540.0,4253170.0,4047720.0,1183150.0,8.47063e-07,2.79936e-05,0.00148927,0.0,0.00146308,0.00146328,0.00146644,628.742,0.0003
22.25,6701670.0,4253240.0,4047780.0,1183150.0,8.47071e-07,3.1811e-05,0.00149308,0.0,0.00146309,0.0014633,0.00146646,629.634,0.0003
22.255,6701820.0,4253320.0,4047860.0,1183150.0,8.47081e-07,3.75298e-05,0.00149878,0.0,0.00146311,0.00146332,0.00146648,629.586,0.0003
22.26,6701820.0,4253320.0,4047860.0,1183150.0,8.47081e-07,3.75298e-05,0.00149878,0.0,0.00146311,0.00146332,0.00146648,629.399,0.0003
22.265,6701790.0,4253300.0,4047850.0,1183150.0,8.47079e-07,3.63299e-05,0.00149758,0.0,0.00146311,0.00146332,0.00146648,629.399,0.0003
22.27,6701780.0,4253300.0,4047840.0,1183150.0,8.47078e-07,3.60237e-05,0.00149727,0.0,0.00146311,0.00146331,0.00146648,626.74,0.0003
22.275,6701280.0,4253020.0,4047580.0,1183140.0,8.47047e-07,1.90009e-05,0.0014803,0.0,0.00146304,0.00146325,0.00146641,627.222,0.0003
22.28,6701280.0,4253020.0,4047580.0,1183140.0,8.47047e-07,1.90009e-05,0.0014803,0.0,0.00146304,0.00146325,0.00146641,629.109,0.0003
22.285,6701640.0,4253220.0,4047770.0,1183150.0,8.47069e-07,3.10823e-05,0.00149235,0.0,0.00146309,0.0014633,0.00146646,629.109,0.0003
22.29,6701730.0,4253270.0,4047820.0,1183150.0,8.47075e-07,3.41648e-05,0.00149542,0.0,0.0014631,0.00146331,0.00146647,626.379,0.0003
22.295,6701190.0,4252970.0,4047530.0,1183140.0,8.47042e-07,1.66964e-05,0.001478,0.0,0.00146303,0.00146324,0.0014664,627.114,0.0003
22.3,6701190.0,4252970.0,4047530.0,1183140.0,8.47042e-07,1.66964e-05,0.001478,0.0,0.00146303,0.00146324,0.0014664,629.995,0.0003
22.305,6701740.0,4253280.0,4047820.0,1183150.0,8.47076e-07,3.514e-05,0.00149639,0.0,0.0014631,0.00146331,0.00146647,629.995,0.0003
22.31,6701880.0,4253360.0,4047890.0,1183150.0,8.47084e-07,3.98456e-05,0.00150108,0.0,0.00146312,0.00146333,0.00146649,628.848,0.0003
22.315,6701690.0,4253250.0,4047790.0,1183150.0,8.47072e-07,3.24898e-05,0.00149375,0.0,0.00146309,0.0014633,0.00146646,628.221,0.0003
22.32,6701690.0,4253250.0,4047790.0,1183150.0,8.47072e-07,3.24898e-05,0.00149375,0.0,0.00146309,0.0014633,0.00146646,625.763,0.0003
22.325,6701170.0,4252960.0,4047520.0,1183140.0,8.4704e-07,1.67797e-05,0.00147808,0.0,0.00146303,0.00146323,0.0014664,625.763,0.0003
22.33,6701040.0,4252880.0,4047450.0,1183140.0,8.47032e-07,1.27714e-05,0.00147409,0.0,0.00146301,0.00146322,0.00146638,628.554,0.0003
22.335,6701640.0,4253220.0,4047770.0,1183150.0,8.47069e-07,3.06059e-05,0.00149188,0.0,0.00146309,0.0014633,0.00146646,628.535,0.0003
22.34,6701640.0,4253220.0,4047770.0,1183150.0,8.47069e-07,3.06059e-05,0.00149188,0.0,0.00146309,0.0014633,0.00146646,628.458,0.0003
22.345,6701620.0,4253210.0,4047760.0,1183150.0,8.47068e-07,3.01169e-05,0.00149139,0.0,0.00146309,0.00146329,0.00146645,628.458,0.0003
22.35,6701620.0,4253210.0,4047760.0,1183150.0,8.47068e-07,2.99922e-05,0.00149126,0.0,0.00146308,0.00146329,0.00146645,627.001,0.0003
22.355,6701340.0,4253050.0,4047610.0,1183140.0,8.4705e-07,2.06689e-05,0.00148197,0.0,0.00146305,0.00146326,0.00146642,626.566,0.0003
22.36,6701340.0,4253050.0,4047610.0,1183140.0,8.4705e-07,2.06689e-05,0.00148197,0.0,0.00146305,0.00146326,0.00146642,624.861,0.0003
22.365,6700870.0,4252790.0,4047360.0,1183140.0,8.47021e-07,9.82732e-06,0.00147114,0.0,0.00146299,0.0014632,0.00146636,624.861,0.0003
22.37,6700750.0,4252720.0,4047300.0,1183140.0,8.47014e-07,7.06122e-06,0.00146838,0.0,0.00146297,0.00146318,0.00146634,634.167,0.0003
22.375,6702580.0,4253750.0,4048260.0,1183160.0,8.47128e-07,6.66052e-05,0.00152775,0.0,0.00146321,0.00146342,0.00146658,632.733,0.0003
22.38,6702580.0,4253750.0,4048260.0,1183160.0,8.47128e-07,6.66052e-05,0.00152775,0.0,0.00146321,0.00146342,0.00146658,627.113,0.0003
22.385,6701610.0,4253200.0,4047750.0,1183150.0,8.47067e-07,3.05755e-05,0.00149184,0.0,0.00146308,0.00146329,0.00146645,627.113,0.0003
22.39,6701360.0,4253060.0,4047620.0,1183140.0,8.47052e-07,2.13829e-05,0.00148268,0.0,0.00146305,0.00146326,0.00146642,626.522,0.0003
22.395,6701230.0,4252990.0,4047550.0,1183140.0,8.47044e-07,1.76071e-05,0.00147891,0.0,0.00146303,0.00146324,0.0014664,627.725,0.0003
22.4,6701230.0,4252990.0,4047550.0,1183140.0,8.47044e-07,1.76071e-05,0.00147891,0.0,0.00146303,0.00146324,0.0014664,632.442,0.0003
22.405,6702070.0,4253460.0,4048000.0,1183150.0,8.47096e-07,4.78304e-05,0.00150904,0.0,0.00146314,0.00146335,0.00146651,632.442,0.0003
22.41,6702290.0,4253590.0,4048110.0,1183160.0,8.4711e-07,5.55415e-05,0.00151672,0.0,0.00146317,0.00146338,0.00146654,630.719,0.0003
22.415,6702000.0,4253420.0,4047960.0,1183150.0,8.47092e-07,4.4492e-05,0.00150571,0.0,0.00146313,0.00146334,0.0014665,630.317,0.0003
22.42,6702000.0,4253420.0,4047960.0,1183150.0,8.47092e-07,4.4492e-05,0.00150571,0.0,0.00146313,0.00146334,0.0014665,628.742,0.0003
22.425,6701740.0,4253280.0,4047820.0,1183150.0,8.47075e-07,3.4389e-05,0.00149564,0.0,0.0014631,0.00146331,0.00146647,628.742,0.0003
22.43,6701670.0,4253240.0,4047780.0,1183150.0,8.47071e-07,3.18113e-05,0.00149308,0.0,0.00146309,0.0014633,0.00146646,629.91,0.0003
22.435,6701860.0,4253350.0,4047890.0,1183150.0,8.47084e-07,3.93021e-05,0.00150054,0.0,0.00146312,0.00146333,0.00146649,629.805,0.0003
22.44,6701860.0,4253350.0,4047890.0,1183150.0,8.47084e-07,3.93021e-05,0.00150054,0.0,0.00146312,0.00146333,0.00146649,629.393,0.0003
22.445,6701800.0,4253310.0,4047850.0,1183150.0,8.47079e-07,3.66587e-05,0.00149791,0.0,0.00146311,0.00146332,0.00146648,629.393,0.0003
22.45,6701780.0,4253300.0,4047840.0,1183150.0,8.47078e-07,3.59843e-05,0.00149723,0.0,0.00146311,0.00146331,0.00146648,629.782,0.0003
22.455,6701840.0,4253340.0,4047880.0,1183150.0,8.47082e-07,3.84791e-05,0.00149972,0.0,0.00146311,0.00146332,0.00146648,630.458,0.0003
22.46,6701840.0,4253340.0,4047880.0,1183150.0,8.47082e-07,3.84791e-05,0.00149972,0.0,0.00146311,0.00146332,0.00146648,633.108,0.0003
22.465,6702290.0,4253580.0,4048110.0,1183160.0,8.4711e-07,5.54742e-05,0.00151666,0.0,0.00146317,0.00146338,0.00146654,633.108,0.0003
22.47,6702400.0,4253650.0,4048170.0,1183160.0,8.47117e-07,5.98103e-05,0.00152098,0.0,0.00146319,0.0014634,0.00146656,629.074,0.0003
22.475,6701720.0,4253270.0,4047810.0,1183150.0,8.47075e-07,3.39373e-05,0.00149519,0.0,0.0014631,0.00146331,0.00146647,629.187,0.0003
22.48,6701720.0,4253270.0,4047810.0,1183150.0,8.47075e-07,3.39373e-05,0.00149519,0.0,0.0014631,0.00146331,0.00146647,629.63,0.0003
22.485,6701800.0,4253310.0,4047850.0,1183150.0,8.47079e-07,3.67806e-05,0.00149803,0.0,0.00146311,0.00146332,0.00146648,629.63,0.0003
22.49,6701820.0,4253320.0,4047860.0,1183150.0,8.47081e-07,3.7506e-05,0.00149875,0.0,0.00146311,0.00146332,0.00146648,632.739,0.0003
22.495,6702340.0,4253610.0,4048140.0,1183160.0,8.47113e-07,5.74494e-05,0.00151862,0.0,0.00146318,0.00146339,0.00146655,632.152,0.0003
22.5,6702340.0,4253610.0,4048140.0,1183160.0,8.47113e-07,5.74494e-05,0.00151862,0.0,0.00146318,0.00146339,0.00146655,629.85,0.0003
22.505,6701950.0,4253400.0,4047930.0,1183150.0,8.47089e-07,4.26823e-05,0.00150391,0.0,0.00146313,0.00146334,0.0014665,629.85,0.0003
22.51,6701850.0,4253340.0,4047880.0,1183150.0,8.47083e-07,3.89147e-05,0.00150015,0.0,0.00146312,0.00146332,0.00146649,626.165,0.0003
22.515,6701140.0,4252940.0,4047510.0,1183140.0,8.47038e-07,1.53299e-05,0.00147664,0.0,0.00146302,0.00146323,0.00146639,626.482,0.0003
22.52,6701140.0,4252940.0,4047510.0,1183140.0,8.47038e-07,1.53299e-05,0.00147664,0.0,0.00146302,0.00146323,0.00146639,627.727,0.0003
22.525,6701410.0,4253090.0,4047650.0,1183150.0,8.47055e-07,2.32786e-05,0.00148457,0.0,0.00146306,0.00146327,0.00146643,627.727,0.0003
22.53,6701480.0,4253130.0,4047690.0,1183150.0,8.4706e-07,2.53066e-05,0.00148659,0.0,0.00146307,0.00146328,0.00146644,627.887,0.0003
22.535,6701510.0,4253150.0,4047700.0,1183150.0,8.47062e-07,2.6333e-05,0.00148762,0.0,0.00146307,0.00146328,0.00146644,627.564,0.0003
22.54,6701510.0,4253150.0,4047700.0,1183150.0,8.47062e-07,2.6333e-05,0.00148762,0.0,0.00146307,0.00146328,0.00146644,626.3,0.0003
22.545,6701240.0,4253000.0,4047560.0,1183140.0,8.47045e-07,1.82547e-05,0.00147956,0.0,0.00146304,0.00146324,0.0014664,626.3,0.0003
22.55,6701170.0,4252960.0,4047530.0,1183140.0,8.4704e-07,1.61935e-05,0.0014775,0.0,0.00146303,0.00146324,0.0014664,628.778,0.0003
22.555,6701670.0,4253240.0,4047790.0,1183150.0,8.47072e-07,3.20433e-05,0.00149331,0.0,0.00146309,0.0014633,0.00146646,628.423,0.0003
22.56,6701670.0,4253240.0,4047790.0,1183150.0,8.47072e-07,3.20433e-05,0.00149331,0.0,0.00146309,0.0014633,0.00146646,627.032,0.0003
22.565,6701410.0,4253090.0,4047650.0,1183150.0,8.47055e-07,2.31364e-05,0.00148443,0.0,0.00146306,0.00146327,0.00146643,627.032,0.0003
22.57,6701340.0,4253050.0,4047610.0,1183150.0,8.47051e-07,2.08639e-05,0.00148216,0.0,0.00146305,0.00146326,0.00146642,627.021,0.0003
22.575,6701340.0,4253050.0,4047610.0,1183150.0,8.47051e-07,2.07942e-05,0.00148209,0.0,0.00146305,0.00146326,0.00146642,627.313,0.0003
22.58,6701340.0,4253050.0,4047610.0,1183150.0,8.47051e-07,2.07942e-05,0.00148209,0.0,0.00146305,0.00146326,0.00146642,628.46,0.0003
22.585,6701560.0,4253180.0,4047730.0,1183150.0,8.47065e-07,2.81327e-05,0.00148941,0.0,0.00146308,0.00146329,0.00146645,628.46,0.0003
22.59,6701620.0,4253210.0,4047760.0,1183150.0,8.47068e-07,3.0005e-05,0.00149128,0.0,0.00146308,0.00146329,0.00146645,623.78,0.0003
22.595,6699180.0,4251840.0,4046480.0,1183120.0,8.46916e-07,8.39148e-07,0.00146199,0.0,0.00146277,0.00146297,0.00146613,625.201,0.0003
22.6,6699180.0,4251840.0,4046480.0,1183120.0,8.46916e-07,8.39148e-07,0.00146199,0.0,0.00146277,0.00146297,0.00146613,630.771,0.0003
22.605,6701430.0,4253110.0,4047660.0,1183150.0,8.47057e-07,3.58831e-05,0.00149709,0.0,0.00146306,0.00146327,0.00146643,630.771,0.0003
22.61,6702010.0,4253430.0,4047960.0,1183150.0,8.47093e-07,4.48242e-05,0.00150604,0.0,0.00146314,0.00146334,0.00146651,626.254,0.0003
22.615,6701160.0,4252950.0,4047520.0,1183140.0,8.4704e-07,1.58991e-05,0.00147721,0.0,0.00146303,0.00146323,0.00146639,626.931,0.0003
22.62,6701160.0,4252950.0,4047520.0,1183140.0,8.4704e-07,1.58991e-05,0.00147721,0.0,0.00146303,0.00146323,0.00146639,629.585,0.0003
22.625,6701680.0,4253240.0,4047790.0,1183150.0,8.47072e-07,3.28861e-05,0.00149414,0.0,0.00146309,0.0014633,0.00146646,629.585,0.0003
22.63,6701810.0,4253320.0,4047860.0,1183150.0,8.4708e-07,3.72202e-05,0.00149847,0.0,0.00146311,0.00146332,0.00146648,628.293,0.0003
22.635,6701590.0,4253190.0,4047740.0,1183150.0,8.47066e-07,2.89329e-05,0.00149021,0.0,0.00146308,0.00146329,0.00146645,627.987,0.0003
22.64,6701590.0,4253190.0,4047740.0,1183150.0,8.47066e-07,2.89329e-05,0.00149021,0.0,0.00146308,0.00146329,0.00146645,626.787,0.0003
22.645,6701350.0,4253060.0,4047620.0,1183150.0,8.47051e-07,2.12574e-05,0.00148255,0.0,0.00146305,0.00146326,0.00146642,626.787,0.0003
22.65,6701290.0,4253020.0,4047590.0,1183150.0,8.47048e-07,1.92991e-05,0.0014806,0.0,0.00146304,0.00146325,0.00146641,628.09,0.0003
22.655,6701550.0,4253170.0,4047720.0,1183150.0,8.47064e-07,2.76311e-05,0.00148891,0.0,0.00146308,0.00146328,0.00146645,628.323,0.0003
22.66,6701550.0,4253170.0,4047720.0,1183150.0,8.47064e-07,2.76311e-05,0.00148891,0.0,0.00146308,0.00146328,0.00146645,629.239,0.0003
22.665,6701710.0,4253260.0,4047810.0,1183150.0,8.47074e-07,3.35026e-05,0.00149476,0.0,0.0014631,0.00146331,0.00146647,629.239,0.0003
22.67,6701750.0,4253290.0,4047830.0,1183150.0,8.47077e-07,3.50007e-05,0.00149625,0.0,0.0014631,0.00146331,0.00146647,629.847,0.0003
22.675,6701850.0,4253340.0,4047880.0,1183150.0,8.47083e-07,3.88949e-05,0.00150013,0.0,0.00146312,0.00146332,0.00146648,629.493,0.0003
22.68,6701850.0,4253340.0,4047880.0,1183150.0,8.47083e-07,3.88949e-05,0.00150013,0.0,0.00146312,0.00146332,0.00146648,628.108,0.0003
22.685,6701620.0,4253210.0,4047760.0,1183150.0,8.47068e-07,3.00163e-05,0.00149129,0.0,0.00146308,0.00146329,0.00146645,628.108,0.0003
22.69,6701560.0,4253180.0,4047730.0,1183150.0,8.47064e-07,2.7751e-05,0.00148903,0.0,0.00146308,0.00146328,0.00146645,626.788,0.0003
22.695,6701290.0,4253030.0,4047590.0,1183150.0,8.47048e-07,1.93073e-05,0.00148061,0.0,0.00146304,0.00146325,0.00146641,627.288,0.0003
22.7,6701290.0,4253030.0,4047590.0,1183150.0,8.47048e-07,1.93073e-05,0.00148061,0.0,0.00146304,0.00146325,0.00146641,629.248,0.0003
22.705,6701660.0,4253230.0,4047780.0,1183150.0,8.47071e-07,3.18525e-05,0.00149312,0.0,0.00146309,0.0014633,0.00146646,629.248,0.0003
22.71,6701750.0,4253290.0,4047830.0,1183150.0,8.47077e-07,3.50532e-05,0.00149631,0.0,0.0014631,0.00146331,0.00146647,629.103,0.0003
22.715,6701730.0,4253270.0,4047820.0,1183150.0,8.47075e-07,3.41252e-05,0.00149538,0.0,0.0014631,0.00146331,0.00146647,628.109,0.0003
22.72,6701730.0,4253270.0,4047820.0,1183150.0,8.47075e-07,3.41252e-05,0.00149538,0.0,0.0014631,0.00146331,0.00146647,624.215,0.0003
22.725,6700700.0,4252700.0,4047280.0,1183140.0,8.47011e-07,9.3429e-06,0.00147064,0.0,0.00146296,0.00146317,0.00146633,624.215,0.0003
22.73,6700440.0,4252550.0,4047140.0,1183140.0,8.46995e-07,3.01997e-06,0.00146432,0.0,0.00146293,0.00146314,0.0014663,628.55,0.0003
22.735,6701630.0,4253220.0,4047770.0,1183150.0,8.47069e-07,3.05796e-05,0.00149185,0.0,0.00146309,0.00146329,0.00146646,627.88,0.0003
22.74,6701630.0,4253220.0,4047770.0,1183150.0,8.47069e-07,3.05796e-05,0.00149185,0.0,0.00146309,0.00146329,0.00146646,625.253,0.0003
22.745,6701040.0,4252880.0,4047450.0,1183140.0,8.47032e-07,1.38159e-05,0.00147512,0.0,0.00146301,0.00146322,0.00146638,625.253,0.0003
22.75,6700880.0,4252800.0,4047370.0,1183140.0,8.47022e-07,9.53883e-06,0.00147086,0.0,0.00146299,0.0014632,0.00146636,627.465,0.0003
22.755,6701430.0,4253110.0,4047660.0,1183150.0,8.47056e-07,2.36348e-05,0.00148493,0.0,0.00146306,0.00146327,0.00146643,627.682,0.0003
22.76,6701430.0,4253110.0,4047660.0,1183150.0,8.47056e-07,2.36348e-05,0.00148493,0.0,0.00146306,0.00146327,0.00146643,628.533,0.0003
22.765,6701590.0,4253200.0,4047750.0,1183150.0,8.47066e-07,2.90817e-05,0.00149036,0.0,0.00146308,0.00146329,0.00146645,628.533,0.0003
22.77,6701630.0,4253220.0,4047770.0,1183150.0,8.47069e-07,3.04714e-05,0.00149174,0.0,0.00146309,0.00146329,0.00146646,627.42,0.0003
22.775,6701420.0,4253100.0,4047660.0,1183150.0,8.47056e-07,2.33476e-05,0.00148464,0.0,0.00146306,0.00146327,0.00146643,627.362,0.0003
22.78,6701420.0,4253100.0,4047660.0,1183150.0,8.47056e-07,2.33476e-05,0.00148464,0.0,0.00146306,0.00146327,0.00146643,627.132,0.0003
22.785,6701370.0,4253070.0,4047630.0,1183150.0,8.47053e-07,2.18797e-05,0.00148317,0.0,0.00146305,0.00146326,0.00146642,627.132,0.0003
22.79,6701360.0,4253070.0,4047630.0,1183150.0,8.47052e-07,2.15052e-05,0.0014828,0.0,0.00146305,0.00146326,0.00146642,628.855,0.0003
22.795,6701690.0,4253250.0,4047800.0,1183150.0,8.47072e-07,3.25365e-05,0.0014938,0.0,0.00146309,0.0014633,0.00146646,628.733,0.0003
22.8,6701690.0,4253250.0,4047800.0,1183150.0,8.47072e-07,3.25365e-05,0.0014938,0.0,0.00146309,0.0014633,0.00146646,628.255,0.0003
22.805,6701600.0,4253200.0,4047750.0,1183150.0,8.47067e-07,2.9472e-05,0.00149074,0.0,0.00146308,0.00146329,0.00146645,628.255,0.0003
22.81,6701580.0,4253190.0,4047740.0,1183150.0,8.47066e-07,2.86902e-05,0.00148996,0.0,0.00146308,0.00146329,0.00146645,628.989,0.0003
22.815,6701710.0,4253260.0,4047810.0,1183150.0,8.47074e-07,3.33938e-05,0.00149465,0.0,0.0014631,0.0014633,0.00146647,629.386,0.0003
22.82,6701710.0,4253260.0,4047810.0,1183150.0,8.47074e-07,3.33938e-05,0.00149465,0.0,0.0014631,0.0014633,0.00146647,630.942,0.0003
22.825,6701970.0,4253410.0,4047940.0,1183160.0,8.4709e-07,4.33773e-05,0.0015046,0.0,0.00146313,0.00146334,0.0014665,630.942,0.0003
22.83,6702040.0,4253450.0,4047980.0,1183160.0,8.47094e-07,4.59245e-05,0.00150714,0.0,0.00146314,0.00146335,0.00146651,630.722,0.0003
22.835,6702000.0,4253430.0,4047960.0,1183160.0,8.47092e-07,4.451e-05,0.00150573,0.0,0.00146313,0.00146334,0.0014665,630.271,0.0003
22.84,6702000.0,4253430.0,4047960.0,1183160.0,8.47092e-07,4.451e-05,0.00150573,0.0,0.00146313,0.00146334,0.0014665,628.504,0.0003
22.845,6701700.0,4253260.0,4047800.0,1183150.0,8.47073e-07,3.31786e-05,0.00149444,0.0,0.0014631,0.0014633,0.00146646,628.504,0.0003
22.85,6701630.0,4253220.0,4047760.0,1183150.0,8.47069e-07,3.02875e-05,0.00149156,0.0,0.00146309,0.00146329,0.00146645,629.174,0.0003
22.855,6701740.0,4253280.0,4047820.0,1183150.0,8.47076e-07,3.45811e-05,0.00149584,0.0,0.0014631,0.00146331,0.00146647,629.627,0.0003
22.86,6701740.0,4253280.0,4047820.0,1183150.0,8.47076e-07,3.45811e-05,0.00149584,0.0,0.0014631,0.00146331,0.00146647,631.404,0.0003
22.865,6702040.0,4253450.0,4047980.0,1183160.0,8.47094e-07,4.59746e-05,0.00150719,0.0,0.00146314,0.00146335,0.00146651,631.404,0.0003
22.87,6702110.0,4253490.0,4048020.0,1183160.0,8.47099e-07,4.88815e-05,0.00151009,0.0,0.00146315,0.00146336,0.00146652,628.061,0.0003
22.875,6701550.0,4253170.0,4047720.0,1183150.0,8.47064e-07,2.74501e-05,0.00148873,0.0,0.00146307,0.00146328,0.00146644,628.411,0.0003
22.88,6701550.0,4253170.0,4047720.0,1183150.0,8.47064e-07,2.74501e-05,0.00148873,0.0,0.00146307,0.00146328,0.00146644,629.783,0.0003
22.885,6701780.0,4253300.0,4047850.0,1183160.0,8.47078e-07,3.62432e-05,0.00149749,0.0,0.00146311,0.00146331,0.00146648,629.783,0.0003
22.89,6701840.0,4253340.0,4047880.0,1183160.0,8.47082e-07,3.84866e-05,0.00149973,0.0,0.00146311,0.00146332,0.00146648,628.876,0.0003
22.895,6701690.0,4253250.0,4047800.0,1183150.0,8.47073e-07,3.26729e-05,0.00149393,0.0,0.00146309,0.0014633,0.00146646,629.617,0.0003
22.9,6701690.0,4253250.0,4047800.0,1183150.0,8.47073e-07,3.26729e-05,0.00149393,0.0,0.00146309,0.0014633,0.00146646,632.518,0.0003
22.905,6702180.0,4253530.0,4048050.0,1183160.0,8.47103e-07,5.12835e-05,0.00151248,0.0,0.00146316,0.00146337,0.00146653,632.518,0.0003
22.91,6702300.0,4253600.0,4048120.0,1183160.0,8.47111e-07,5.60318e-05,0.00151721,0.0,0.00146317,0.00146338,0.00146654,626.737,0.0003
22.915,6701280.0,4253020.0,4047580.0,1183150.0,8.47047e-07,1.89834e-05,0.00148029,0.0,0.00146304,0.00146325,0.00146641,627.311,0.0003
22.92,6701280.0,4253020.0,4047580.0,1183150.0,8.47047e-07,1.89834e-05,0.00148029,0.0,0.00146304,0.00146325,0.00146641,629.562,0.0003
22.925,6701700.0,4253260.0,4047800.0,1183150.0,8.47073e-07,3.33936e-05,0.00149465,0.0,0.00146309,0.0014633,0.00146646,629.562,0.0003
22.93,6701810.0,4253320.0,4047860.0,1183160.0,8.4708e-07,3.70703e-05,0.00149832,0.0,0.00146311,0.00146332,0.00146648,629.885,0.0003
22.935,6701860.0,4253350.0,4047890.0,1183160.0,8.47083e-07,3.91414e-05,0.00150038,0.0,0.00146312,0.00146332,0.00146649,629.711,0.0003
22.94,6701860.0,4253350.0,4047890.0,1183160.0,8.47083e-07,3.91414e-05,0.00150038,0.0,0.00146312,0.00146332,0.00146649,629.029,0.0003
22.945,6701750.0,4253280.0,4047830.0,1183160.0,8.47076e-07,3.47699e-05,0.00149602,0.0,0.0014631,0.00146331,0.00146647,629.029,0.0003
22.95,6701720.0,4253270.0,4047810.0,1183160.0,8.47074e-07,3.36546e-05,0.00149491,0.0,0.0014631,0.00146331,0.00146647,628.256,0.0003
22.955,6701580.0,4253190.0,4047740.0,1183150.0,8.47066e-07,2.86957e-05,0.00148997,0.0,0.00146308,0.00146329,0.00146645,626.68,0.0003
22.96,6701580.0,4253190.0,4047740.0,1183150.0,8.47066e-07,2.86957e-05,0.00148997,0.0,0.00146308,0.00146329,0.00146645,620.502,0.0003
22.965,6666860.0,4233680.0,4029510.0,1182740.0,8.44895e-07,6.49964e-06,0.0014634,0.0,0.00145853,0.00145874,0.00146187,620.502,0.0003
22.97,6658010.0,4228700.0,4024850.0,1182640.0,8.44341e-07,8.36559e-07,0.00145662,0.0,0.00145737,0.00145758,0.00146071,631.384,0.0003
22.975,6702110.0,4253490.0,4048020.0,1183160.0,8.47099e-07,4.87563e-05,0.00150996,0.0,0.00146315,0.00146336,0.00146652,631.277,0.0003
22.98,6702110.0,4253490.0,4048020.0,1183160.0,8.47099e-07,4.87563e-05,0.00150996,0.0,0.00146315,0.00146336,0.00146652,630.859,0.0003
22.985,6702040.0,4253450.0,4047980.0,1183160.0,8.47095e-07,4.60745e-05,0.00150729,0.0,0.00146314,0.00146335,0.00146651,630.859,0.0003
22.99,6702020.0,4253440.0,4047970.0,1183160.0,8.47093e-07,4.53903e-05,0.00150661,0.0,0.00146314,0.00146335,0.00146651,627.43,0.0003
22.995,6701420.0,4253100.0,4047660.0,1183150.0,8.47056e-07,2.34115e-05,0.0014847,0.0,0.00146306,0.00146327,0.00146643,627.177,0.0003
23.0,6701420.0,4253100.0,4047660.0,1183150.0,8.47056e-07,2.34115e-05,0.0014847,0.0,0.00146306,0.00146327,0.00146643,626.184,0.0003
23.005,6701200.0,4252980.0,4047540.0,1183150.0,8.47042e-07,1.70705e-05,0.00147838,0.0,0.00146303,0.00146324,0.0014664,626.184,0.0003
23.01,6701150.0,4252950.0,4047510.0,1183150.0,8.47039e-07,1.54527e-05,0.00147676,0.0,0.00146302,0.00146323,0.00146639,625.643,0.0003
23.015,6701000.0,4252870.0,4047440.0,1183150.0,8.4703e-07,1.20097e-05,0.00147332,0.0,0.001463,0.00146321,0.00146637,626.202,0.0003
23.02,6701000.0,4252870.0,4047440.0,1183150.0,8.4703e-07,1.20097e-05,0.00147332,0.0,0.001463,0.00146321,0.00146637,628.393,0.0003
23.025,6701480.0,4253140.0,4047690.0,1183150.0,8.4706e-07,2.60021e-05,0.00148728,0.0,0.00146307,0.00146327,0.00146644,628.393,0.0003
23.03,6701610.0,4253210.0,4047760.0,1183150.0,8.47067e-07,2.95721e-05,0.00149084,0.0,0.00146308,0.00146329,0.00146645,626.971,0.0003
23.035,6701330.0,4253050.0,4047610.0,1183150.0,8.4705e-07,2.0476e-05,0.00148177,0.0,0.00146305,0.00146325,0.00146642,627.662,0.0003
23.04,6701330.0,4253050.0,4047610.0,1183150.0,8.4705e-07,2.0476e-05,0.00148177,0.0,0.00146305,0.00146325,0.00146642,630.37,0.0003
23.045,6701820.0,4253320.0,4047870.0,1183160.0,8.47081e-07,3.78259e-05,0.00149907,0.0,0.00146311,0.00146332,0.00146648,630.37,0.0003
23.05,6701940.0,4253390.0,4047930.0,1183160.0,8.47088e-07,4.22525e-05,0.00150348,0.0,0.00146313,0.00146333,0.0014665,626.989,0.0003
23.055,6701330.0,4253050.0,4047610.0,1183150.0,8.4705e-07,2.05883e-05,0.00148189,0.0,0.00146305,0.00146325,0.00146642,627.419,0.0003
23.06,6701330.0,4253050.0,4047610.0,1183150.0,8.4705e-07,2.05883e-05,0.00148189,0.0,0.00146305,0.00146325,0.00146642,629.104,0.0003
23.065,6701650.0,4253230.0,4047780.0,1183160.0,8.4707e-07,3.13789e-05,0.00149264,0.0,0.00146309,0.0014633,0.00146646,629.104,0.0003
23.07,6701730.0,4253280.0,4047820.0,1183160.0,8.47075e-07,3.4132e-05,0.00149539,0.0,0.0014631,0.00146331,0.00146647,630.086,0.0003
23.075,6701890.0,4253370.0,4047910.0,1183160.0,8.47085e-07,4.04315e-05,0.00150167,0.0,0.00146312,0.00146333,0.00146649,630.024,0.0003
23.08,6701890.0,4253370.0,4047910.0,1183160.0,8.47085e-07,4.04315e-05,0.00150167,0.0,0.00146312,0.00146333,0.00146649,629.783,0.0003
23.085,6701850.0,4253340.0,4047880.0,1183160.0,8.47083e-07,3.88809e-05,0.00150012,0.0,0.00146311,0.00146332,0.00146648,629.783,0.0003
23.09,6701840.0,4253340.0,4047880.0,1183160.0,8.47082e-07,3.84853e-05,0.00149973,0.0,0.00146311,0.00146332,0.00146648,627.817,0.0003
23.095,6701500.0,4253150.0,4047700.0,1183150.0,8.47061e-07,2.58835e-05,0.00148717,0.0,0.00146307,0.00146328,0.00146644,628.02,0.0003
23.1,6701500.0,4253150.0,4047700.0,1183150.0,8.47061e-07,2.58835e-05,0.00148717,0.0,0.00146307,0.00146328,0.00146644,628.819,0.0003
23.105,6701640.0,4253230.0,4047780.0,1183160.0,8.4707e-07,3.10007e-05,0.00149227,0.0,0.00146309,0.0014633,0.00146646,628.819,0.0003
23.11,6701680.0,4253250.0,4047790.0,1183160.0,8.47072e-07,3.23063e-05,0.00149357,0.0,0.00146309,0.0014633,0.00146646,632.625,0.0003
23.115,6702320.0,4253610.0,4048130.0,1183160.0,8.47112e-07,5.67151e-05,0.00151789,0.0,0.00146318,0.00146338,0.00146655,631.768,0.0003
23.12,6702320.0,4253610.0,4048130.0,1183160.0,8.47112e-07,5.67151e-05,0.00151789,0.0,0.00146318,0.00146338,0.00146655,628.41,0.0003
23.125,6701750.0,4253290.0,4047830.0,1183160.0,8.47077e-07,3.51791e-05,0.00149643,0.0,0.0014631,0.00146331,0.00146647,628.41,0.0003
23.13,6701610.0,4253210.0,4047760.0,1183160.0,8.47068e-07,2.96844e-05,0.00149096,0.0,0.00146308,0.00146329,0.00146645,626.261,0.0003
23.135,6701170.0,4252960.0,4047520.0,1183150.0,8.4704e-07,1.59434e-05,0.00147725,0.0,0.00146302,0.00146323,0.00146639,627.366,0.0003
23.14,6701170.0,4252960.0,4047520.0,1183150.0,8.4704e-07,1.59434e-05,0.00147725,0.0,0.00146302,0.00146323,0.00146639,631.7,0.0003
23.145,6701960.0,4253410.0,4047940.0,1183160.0,8.4709e-07,4.3699e-05,0.00150492,0.0,0.00146313,0.00146334,0.0014665,631.7,0.0003
23.15,6702160.0,4253520.0,4048050.0,1183160.0,8.47102e-07,5.07806e-05,0.00151198,0.0,0.00146315,0.00146336,0.00146652,626.234,0.0003
23.155,6701160.0,4252950.0,4047520.0,1183150.0,8.47039e-07,1.57721e-05,0.00147708,0.0,0.00146302,0.00146323,0.00146639,626.766,0.0003
23.16,6701160.0,4252950.0,4047520.0,1183150.0,8.47039e-07,1.57721e-05,0.00147708,0.0,0.00146302,0.00146323,0.00146639,628.853,0.0003
23.165,6701580.0,4253190.0,4047740.0,1183160.0,8.47066e-07,2.91163e-05,0.00149039,0.0,0.00146308,0.00146329,0.00146645,628.853,0.0003
23.17,6701690.0,4253250.0,4047800.0,1183160.0,8.47072e-07,3.25209e-05,0.00149378,0.0,0.00146309,0.0014633,0.00146646,631.192,0.0003
23.175,6702080.0,4253470.0,4048000.0,1183160.0,8.47097e-07,4.75269e-05,0.00150874,0.0,0.00146314,0.00146335,0.00146651,629.889,0.0003
23.18,6702080.0,4253470.0,4048000.0,1183160.0,8.47097e-07,4.75269e-05,0.00150874,0.0,0.00146314,0.00146335,0.00146651,624.781,0.0003
23.185,6700990.0,4252860.0,4047430.0,1183150.0,8.47029e-07,1.48834e-05,0.00147618,0.0,0.001463,0.00146321,0.00146637,624.781,0.0003
23.19,6700720.0,4252710.0,4047290.0,1183150.0,8.47012e-07,6.55473e-06,0.00146787,0.0,0.00146297,0.00146317,0.00146633,626.149,0.0003
23.195,6701140.0,4252940.0,4047510.0,1183150.0,8.47038e-07,1.52311e-05,0.00147654,0.0,0.00146302,0.00146323,0.00146639,627.03,0.0003
23.2,6701140.0,4252940.0,4047510.0,1183150.0,8.47038e-07,1.52312e-05,0.00147654,0.0,0.00146302,0.00146323,0.00146639,630.485,0.0003
23.205,6701790.0,4253310.0,4047850.0,1183160.0,8.47079e-07,3.7348e-05,0.00149859,0.0,0.00146311,0.00146331,0.00146648,630.485,0.0003
23.21,6701960.0,4253410.0,4047940.0,1183160.0,8.4709e-07,4.29908e-05,0.00150422,0.0,0.00146313,0.00146334,0.0014665,627.081,0.0003
23.215,6701350.0,4253060.0,4047620.0,1183150.0,8.47052e-07,2.11766e-05,0.00148247,0.0,0.00146305,0.00146326,0.00146642,626.809,0.0003
23.22,6701350.0,4253060.0,4047620.0,1183150.0,8.47052e-07,2.11766e-05,0.00148247,0.0,0.00146305,0.00146326,0.00146642,625.743,0.0003
23.225,6701100.0,4252920.0,4047490.0,1183150.0,8.47036e-07,1.43806e-05,0.00147569,0.0,0.00146302,0.00146322,0.00146638,625.743,0.0003
23.23,6701030.0,4252880.0,4047450.0,1183150.0,8.47031e-07,1.26467e-05,0.00147396,0.0,0.00146301,0.00146322,0.00146638,624.413,0.0003
23.235,6700550.0,4252610.0,4047200.0,1183140.0,8.47002e-07,4.24835e-06,0.00146556,0.0,0.00146294,0.00146315,0.00146631,624.879,0.0003
23.24,6700550.0,4252610.0,4047200.0,1183140.0,8.47002e-07,4.24836e-06,0.00146556,0.0,0.00146294,0.00146315,0.00146631,626.704,0.0003
23.245,6701120.0,4252940.0,4047500.0,1183150.0,8.47037e-07,1.58215e-05,0.00147713,0.0,0.00146302,0.00146323,0.00146639,626.704,0.0003
23.25,6701270.0,4253020.0,4047580.0,1183150.0,8.47046e-07,1.87743e-05,0.00148008,0.0,0.00146304,0.00146325,0.00146641,629.538,0.0003
23.255,6701800.0,4253320.0,4047860.0,1183160.0,8.4708e-07,3.6919e-05,0.00149816,0.0,0.00146311,0.00146332,0.00146648,629.412,0.0003
23.26,6701800.0,4253320.0,4047860.0,1183160.0,8.4708e-07,3.6919e-05,0.00149816,0.0,0.00146311,0.00146332,0.00146648,628.919,0.0003
23.265,6701720.0,4253270.0,4047820.0,1183160.0,8.47074e-07,3.37547e-05,0.00149501,0.0,0.0014631,0.00146331,0.00146647,628.919,0.0003
23.27,6701700.0,4253260.0,4047800.0,1183160.0,8.47073e-07,3.29474e-05,0.00149421,0.0,0.00146309,0.0014633,0.00146646,631.607,0.0003
23.275,6702150.0,4253510.0,4048040.0,1183160.0,8.47101e-07,5.01859e-05,0.00151139,0.0,0.00146315,0.00146336,0.00146652,630.424,0.0003
23.28,6702150.0,4253510.0,4048040.0,1183160.0,8.47101e-07,5.01859e-05,0.00151139,0.0,0.00146315,0.00146336,0.00146652,625.789,0.0003
23.285,6701270.0,4253020.0,4047580.0,1183150.0,8.47046e-07,2.05107e-05,0.0014818,0.0,0.00146304,0.00146325,0.00146641,625.789,0.0003
23.29,6701040.0,4252890.0,4047460.0,1183150.0,8.47032e-07,1.29395e-05,0.00147425,0.0,0.00146301,0.00146322,0.00146638,628.798,0.0003
23.295,6701680.0,4253250.0,4047790.0,1183160.0,8.47072e-07,3.21725e-05,0.00149344,0.0,0.00146309,0.0014633,0.00146646,629.187,0.0003
23.3,6701680.0,4253250.0,4047790.0,1183160.0,8.47072e-07,3.21725e-05,0.00149344,0.0,0.00146309,0.0014633,0.00146646,630.71,0.0003
23.305,6701930.0,4253390.0,4047930.0,1183160.0,8.47088e-07,4.19397e-05,0.00150317,0.0,0.00146312,0.00146333,0.00146649,630.71,0.0003
23.31,6702000.0,4253430.0,4047960.0,1183160.0,8.47092e-07,4.44317e-05,0.00150565,0.0,0.00146313,0.00146334,0.0014665,629.903,0.0003
23.315,6701860.0,4253350.0,4047890.0,1183160.0,8.47083e-07,3.92571e-05,0.00150049,0.0,0.00146312,0.00146332,0.00146649,630.118,0.0003
23.32,6701860.0,4253350.0,4047890.0,1183160.0,8.47083e-07,3.92572e-05,0.00150049,0.0,0.00146312,0.00146332,0.00146649,630.96,0.0003
23.325,6702000.0,4253430.0,4047970.0,1183160.0,8.47092e-07,4.46604e-05,0.00150588,0.0,0.00146313,0.00146334,0.0014665,630.96,0.0003
23.33,6702040.0,4253450.0,4047980.0,1183160.0,8.47094e-07,4.6039e-05,0.00150725,0.0,0.00146314,0.00146335,0.00146651,627.193,0.0003
23.335,6701380.0,4253080.0,4047640.0,1183160.0,8.47053e-07,2.1894e-05,0.00148319,0.0,0.00146305,0.00146326,0.00146642,627.135,0.0003
23.34,6701380.0,4253080.0,4047640.0,1183160.0,8.47053e-07,2.1894e-05,0.00148319,0.0,0.00146305,0.00146326,0.00146642,626.91,0.0003
23.345,6701330.0,4253050.0,4047610.0,1183150.0,8.4705e-07,2.04542e-05,0.00148175,0.0,0.00146305,0.00146325,0.00146641,626.91,0.0003
23.35,6701320.0,4253040.0,4047600.0,1183150.0,8.47049e-07,2.00869e-05,0.00148139,0.0,0.00146304,0.00146325,0.00146641,630.081,0.0003
23.355,6701890.0,4253370.0,4047910.0,1183160.0,8.47085e-07,4.03975e-05,0.00150163,0.0,0.00146312,0.00146333,0.00146649,630.779,0.0003
23.36,6701890.0,4253370.0,4047910.0,1183160.0,8.47085e-07,4.03975e-05,0.00150163,0.0,0.00146312,0.00146333,0.00146649,633.516,0.0003
23.365,6702350.0,4253630.0,4048150.0,1183170.0,8.47114e-07,5.79532e-05,0.00151912,0.0,0.00146318,0.00146339,0.00146655,633.516,0.0003
23.37,6702470.0,4253690.0,4048210.0,1183170.0,8.47121e-07,6.24323e-05,0.00152359,0.0,0.00146319,0.0014634,0.00146656,626.109,0.0003
23.375,6701130.0,4252940.0,4047500.0,1183150.0,8.47037e-07,1.49777e-05,0.00147629,0.0,0.00146302,0.00146323,0.00146639,626.417,0.0003
23.38,6701130.0,4252940.0,4047500.0,1183150.0,8.47037e-07,1.49777e-05,0.00147629,0.0,0.00146302,0.00146323,0.00146639,627.624,0.0003
23.385,6701390.0,4253090.0,4047650.0,1183160.0,8.47054e-07,2.26867e-05,0.00148398,0.0,0.00146305,0.00146326,0.00146642,627.624,0.0003
23.39,6701460.0,4253130.0,4047680.0,1183160.0,8.47058e-07,2.46536e-05,0.00148594,0.0,0.00146306,0.00146327,0.00146643,632.401,0.0003
23.395,6702280.0,4253590.0,4048110.0,1183170.0,8.4711e-07,5.52814e-05,0.00151646,0.0,0.00146317,0.00146338,0.00146654,630.731,0.0003
23.4,6702280.0,4253590.0,4048110.0,1183170.0,8.4711e-07,5.52814e-05,0.00151646,0.0,0.00146317,0.00146338,0.00146654,624.182,0.0003
23.405,6700800.0,4252750.0,4047330.0,1183150.0,8.47017e-07,1.34835e-05,0.00147476,0.0,0.00146298,0.00146318,0.00146635,624.182,0.0003
23.41,6700420.0,4252540.0,4047130.0,1183140.0,8.46993e-07,2.81925e-06,0.00146412,0.0,0.00146293,0.00146314,0.0014663,623.87,0.0003
23.415,6700100.0,4252360.0,4046970.0,1183140.0,8.46974e-07,9.5602e-07,0.00146223,0.0,0.00146289,0.00146309,0.00146625,623.992,0.0003
23.42,6700100.0,4252360.0,4046970.0,1183140.0,8.46974e-07,9.56026e-07,0.00146223,0.0,0.00146289,0.00146309,0.00146625,624.47,0.0003
23.425,6700480.0,4252580.0,4047170.0,1183150.0,8.46997e-07,3.86613e-06,0.00146517,0.0,0.00146294,0.00146314,0.0014663,624.47,0.0003
23.43,6700580.0,4252630.0,4047220.0,1183150.0,8.47003e-07,4.60862e-06,0.00146592,0.0,0.00146295,0.00146316,0.00146632,628.395,0.0003
23.435,6701610.0,4253210.0,4047760.0,1183160.0,8.47067e-07,2.95868e-05,0.00149086,0.0,0.00146308,0.00146329,0.00146645,628.292,0.0003
23.44,6701610.0,4253210.0,4047760.0,1183160.0,8.47067e-07,2.95868e-05,0.00149086,0.0,0.00146308,0.00146329,0.00146645,627.889,0.0003
23.445,6701530.0,4253170.0,4047720.0,1183160.0,8.47063e-07,2.70074e-05,0.00148829,0.0,0.00146307,0.00146328,0.00146644,627.889,0.0003
23.45,6701510.0,4253160.0,4047710.0,1183160.0,8.47062e-07,2.63493e-05,0.00148763,0.0,0.00146307,0.00146328,0.00146644,630.237,0.0003
23.455,6701920.0,4253380.0,4047920.0,1183160.0,8.47087e-07,4.14018e-05,0.00150263,0.0,0.00146312,0.00146333,0.00146649,630.305,0.0003
23.46,6701920.0,4253380.0,4047920.0,1183160.0,8.47087e-07,4.14019e-05,0.00150263,0.0,0.00146312,0.00146333,0.00146649,630.569,0.0003
23.465,6701960.0,4253410.0,4047940.0,1183160.0,8.4709e-07,4.3099e-05,0.00150432,0.0,0.00146313,0.00146334,0.0014665,630.569,0.0003
23.47,6701970.0,4253410.0,4047950.0,1183160.0,8.4709e-07,4.3532e-05,0.00150475,0.0,0.00146313,0.00146334,0.0014665,629.259,0.0003
23.475,6701760.0,4253290.0,4047840.0,1183160.0,8.47077e-07,3.51258e-05,0.00149638,0.0,0.0014631,0.00146331,0.00146647,628.522,0.0003
23.48,6701760.0,4253290.0,4047840.0,1183160.0,8.47077e-07,3.51258e-05,0.00149638,0.0,0.0014631,0.00146331,0.00146647,625.633,0.0003
23.485,6701150.0,4252950.0,4047520.0,1183150.0,8.47039e-07,1.66625e-05,0.00147796,0.0,0.00146302,0.00146323,0.00146639,625.633,0.0003
23.49,6701000.0,4252870.0,4047440.0,1183150.0,8.4703e-07,1.19518e-05,0.00147327,0.0,0.001463,0.00146321,0.00146637,625.602,0.0003
23.495,6700990.0,4252860.0,4047430.0,1183150.0,8.47029e-07,1.17555e-05,0.00147307,0.0,0.001463,0.00146321,0.00146637,626.487,0.0003
23.5,6700990.0,4252860.0,4047430.0,1183150.0,8.47029e-07,1.17555e-05,0.00147307,0.0,0.001463,0.00146321,0.00146637,629.952,0.0003
23.505,6701690.0,4253260.0,4047800.0,1183160.0,8.47073e-07,3.39186e-05,0.00149517,0.0,0.00146309,0.0014633,0.00146646,629.952,0.0003
23.51,6701870.0,4253360.0,4047900.0,1183160.0,8.47084e-07,3.95733e-05,0.00150081,0.0,0.00146312,0.00146332,0.00146649,631.903,0.0003
23.515,6702200.0,4253540.0,4048070.0,1183170.0,8.47104e-07,5.20866e-05,0.00151328,0.0,0.00146316,0.00146337,0.00146653,630.828,0.0003
23.52,6702200.0,4253540.0,4048070.0,1183170.0,8.47104e-07,5.20866e-05,0.00151328,0.0,0.00146316,0.00146337,0.00146653,626.616,0.0003
23.525,6701440.0,4253120.0,4047670.0,1183160.0,8.47057e-07,2.50948e-05,0.00148638,0.0,0.00146306,0.00146327,0.00146643,626.616,0.0003
23.53,6701250.0,4253010.0,4047570.0,1183160.0,8.47045e-07,1.82081e-05,0.00147951,0.0,0.00146303,0.00146324,0.0014664,629.404,0.0003
23.535,6701780.0,4253310.0,4047850.0,1183160.0,8.47078e-07,3.60581e-05,0.00149731,0.0,0.0014631,0.00146331,0.00146647,628.71,0.0003
23.54,6701780.0,4253310.0,4047850.0,1183160.0,8.47078e-07,3.60581e-05,0.00149731,0.0,0.0014631,0.00146331,0.00146647,625.989,0.0003
23.545,6701240.0,4253000.0,4047560.0,1183160.0,8.47044e-07,1.86557e-05,0.00147995,0.0,0.00146303,0.00146324,0.0014664,625.989,0.0003
23.55,6701100.0,4252920.0,4047490.0,1183150.0,8.47036e-07,1.42157e-05,0.00147553,0.0,0.00146301,0.00146322,0.00146638,627.21,0.0003
23.555,6701380.0,4253080.0,4047640.0,1183160.0,8.47053e-07,2.2007e-05,0.0014833,0.0,0.00146305,0.00146326,0.00146642,627.497,0.0003
23.56,6701380.0,4253080.0,4047640.0,1183160.0,8.47053e-07,2.2007e-05,0.0014833,0.0,0.00146305,0.00146326,0.00146642,628.62,0.0003
23.565,6701590.0,4253200.0,4047750.0,1183160.0,8.47067e-07,2.91984e-05,0.00149047,0.0,0.00146308,0.00146329,0.00146645,628.62,0.0003
23.57,6701650.0,4253230.0,4047780.0,1183160.0,8.4707e-07,3.10332e-05,0.0014923,0.0,0.00146309,0.0014633,0.00146646,624.398,0.0003
23.575,6700550.0,4252610.0,4047200.0,1183150.0,8.47001e-07,4.15416e-06,0.00146546,0.0,0.00146294,0.00146315,0.00146631,624.642,0.0003
23.58,6700550.0,4252610.0,4047200.0,1183150.0,8.47001e-07,4.15417e-06,0.00146546,0.0,0.00146294,0.00146315,0.00146631,625.601,0.0003
23.585,6700900.0,4252810.0,4047390.0,1183150.0,8.47023e-07,1.02045e-05,0.00147152,0.0,0.00146299,0.0014632,0.00146636,625.601,0.0003
23.59,6700990.0,4252860.0,4047430.0,1183150.0,8.47029e-07,1.17481e-05,0.00147306,0.0,0.001463,0.00146321,0.00146637,626.346,0.0003
23.595,6701190.0,4252970.0,4047540.0,1183160.0,8.47041e-07,1.64888e-05,0.0014778,0.0,0.00146303,0.00146324,0.0014664,626.822,0.0003
23.6,6701190.0,4252970.0,4047540.0,1183160.0,8.47041e-07,1.64888e-05,0.0014778,0.0,0.00146303,0.00146324,0.0014664,628.687,0.0003
23.605,6701560.0,4253180.0,4047730.0,1183160.0,8.47065e-07,2.84158e-05,0.00148969,0.0,0.00146308,0.00146328,0.00146645,628.687,0.0003
23.61,6701660.0,4253240.0,4047790.0,1183160.0,8.47071e-07,3.14589e-05,0.00149272,0.0,0.00146309,0.0014633,0.00146646,628.135,0.0003
23.615,6701560.0,4253180.0,4047730.0,1183160.0,8.47065e-07,2.79263e-05,0.0014892,0.0,0.00146308,0.00146328,0.00146644,627.685,0.0003
23.62,6701560.0,4253180.0,4047730.0,1183160.0,8.47065e-07,2.79263e-05,0.0014892,0.0,0.00146308,0.00146328,0.00146644,625.921,0.0003
23.625,6701180.0,4252970.0,4047530.0,1183160.0,8.47041e-07,1.66587e-05,0.00147796,0.0,0.00146303,0.00146323,0.00146639,625.921,0.0003
23.63,6701080.0,4252910.0,4047480.0,1183160.0,8.47034e-07,1.37839e-05,0.0014751,0.0,0.00146301,0.00146322,0.00146638,628.11,0.0003
23.635,6701560.0,4253180.0,4047730.0,1183160.0,8.47064e-07,2.77626e-05,0.00148904,0.0,0.00146307,0.00146328,0.00146644,628.108,0.0003
23.64,6701560.0,4253180.0,4047730.0,1183160.0,8.47064e-07,2.77626e-05,0.00148904,0.0,0.00146307,0.00146328,0.00146644,628.102,0.0003
23.645,6701550.0,4253180.0,4047730.0,1183160.0,8.47064e-07,2.772e-05,0.001489,0.0,0.00146307,0.00146328,0.00146644,628.102,0.0003
23.65,6701550.0,4253180.0,4047730.0,1183160.0,8.47064e-07,2.77091e-05,0.00148899,0.0,0.00146307,0.00146328,0.00146644,631.425,0.0003
23.655,6702120.0,4253500.0,4048030.0,1183170.0,8.47099e-07,4.90186e-05,0.00151022,0.0,0.00146315,0.00146336,0.00146652,631.684,0.0003
23.66,6702120.0,4253500.0,4048030.0,1183170.0,8.47099e-07,4.90186e-05,0.00151022,0.0,0.00146315,0.00146336,0.00146652,632.698,0.0003
23.665,6702290.0,4253590.0,4048120.0,1183170.0,8.4711e-07,5.55265e-05,0.00151671,0.0,0.00146317,0.00146338,0.00146654,632.698,0.0003
23.67,6702330.0,4253620.0,4048140.0,1183170.0,8.47113e-07,5.7187e-05,0.00151836,0.0,0.00146318,0.00146338,0.00146655,628.653,0.0003
23.675,6701650.0,4253240.0,4047780.0,1183160.0,8.4707e-07,3.12433e-05,0.00149251,0.0,0.00146309,0.0014633,0.00146646,628.358,0.0003
23.68,6701650.0,4253240.0,4047780.0,1183160.0,8.4707e-07,3.12433e-05,0.00149251,0.0,0.00146309,0.0014633,0.00146646,627.201,0.0003
23.685,6701430.0,4253110.0,4047670.0,1183160.0,8.47057e-07,2.38375e-05,0.00148513,0.0,0.00146306,0.00146327,0.00146643,627.201,0.0003
23.69,6701380.0,4253080.0,4047640.0,1183160.0,8.47053e-07,2.19479e-05,0.00148324,0.0,0.00146305,0.00146326,0.00146642,625.34,0.0003
23.695,6700910.0,4252820.0,4047390.0,1183150.0,8.47024e-07,1.00935e-05,0.00147141,0.0,0.00146299,0.0014632,0.00146636,626.165,0.0003
23.7,6700910.0,4252820.0,4047390.0,1183150.0,8.47024e-07,1.00935e-05,0.00147141,0.0,0.00146299,0.0014632,0.00146636,629.396,0.0003
23.705,6701600.0,4253210.0,4047760.0,1183160.0,8.47067e-07,3.07414e-05,0.001492,0.0,0.00146308,0.00146329,0.00146645,629.396,0.0003
23.71,6701780.0,4253310.0,4047850.0,1183160.0,8.47078e-07,3.60095e-05,0.00149726,0.0,0.0014631,0.00146331,0.00146647,629.714,0.0003
23.715,6701830.0,4253340.0,4047880.0,1183160.0,8.47081e-07,3.80473e-05,0.00149929,0.0,0.00146311,0.00146332,0.00146648,629.82,0.0003
23.72,6701830.0,4253340.0,4047880.0,1183170.0,8.47081e-07,3.80473e-05,0.00149929,0.0,0.00146311,0.00146332,0.00146648,630.234,0.0003
23.725,6701900.0,4253370.0,4047910.0,1183170.0,8.47086e-07,4.07051e-05,0.00150194,0.0,0.00146312,0.00146333,0.00146649,630.234,0.0003
23.73,6701920.0,4253380.0,4047920.0,1183170.0,8.47087e-07,4.13832e-05,0.00150261,0.0,0.00146312,0.00146333,0.00146649,630.217,0.0003
23.735,6701920.0,4253380.0,4047920.0,1183170.0,8.47087e-07,4.12715e-05,0.0015025,0.0,0.00146312,0.00146333,0.00146649,629.709,0.0003
23.74,6701920.0,4253380.0,4047920.0,1183170.0,8.47087e-07,4.12715e-05,0.0015025,0.0,0.00146312,0.00146333,0.00146649,627.719,0.0003
23.745,6701570.0,4253190.0,4047740.0,1183160.0,8.47065e-07,2.85162e-05,0.00148979,0.0,0.00146308,0.00146328,0.00146645,627.719,0.0003
23.75,6701480.0,4253140.0,4047690.0,1183160.0,8.4706e-07,2.52619e-05,0.00148655,0.0,0.00146306,0.00146327,0.00146643,632.15,0.0003
23.755,6702240.0,4253560.0,4048090.0,1183170.0,8.47107e-07,5.36713e-05,0.00151486,0.0,0.00146316,0.00146337,0.00146653,631.518,0.0003
23.76,6702240.0,4253560.0,4048090.0,1183170.0,8.47107e-07,5.36713e-05,0.00151486,0.0,0.00146316,0.00146337,0.00146653,629.039,0.0003
23.765,6701820.0,4253330.0,4047870.0,1183170.0,8.47081e-07,3.77734e-05,0.00149902,0.0,0.00146311,0.00146332,0.00146648,629.039,0.0003
23.77,6701720.0,4253270.0,4047820.0,1183160.0,8.47074e-07,3.37173e-05,0.00149497,0.0,0.0014631,0.0014633,0.00146647,632.273,0.0003
23.775,6702260.0,4253580.0,4048100.0,1183170.0,8.47108e-07,5.44599e-05,0.00151564,0.0,0.00146317,0.00146338,0.00146654,630.706,0.0003
23.78,6702260.0,4253580.0,4048100.0,1183170.0,8.47108e-07,5.44599e-05,0.00151564,0.0,0.00146317,0.00146338,0.00146654,624.565,0.0003
23.785,6700960.0,4252850.0,4047420.0,1183160.0,8.47027e-07,1.52134e-05,0.0014765,0.0,0.001463,0.0014632,0.00146637,624.565,0.0003
23.79,6700630.0,4252660.0,4047240.0,1183150.0,8.47006e-07,5.20006e-06,0.00146651,0.0,0.00146295,0.00146316,0.00146632,629.536,0.0003
23.795,6701800.0,4253320.0,4047860.0,1183170.0,8.4708e-07,3.69048e-05,0.00149815,0.0,0.00146311,0.00146332,0.00146648,629.372,0.0003
23.8,6701800.0,4253320.0,4047860.0,1183170.0,8.4708e-07,3.69048e-05,0.00149815,0.0,0.00146311,0.00146332,0.00146648,628.731,0.0003
23.805,6701690.0,4253260.0,4047800.0,1183160.0,8.47073e-07,3.27925e-05,0.00149405,0.0,0.00146309,0.0014633,0.00146646,628.731,0.0003
23.81,6701670.0,4253240.0,4047790.0,1183160.0,8.47071e-07,3.17433e-05,0.00149301,0.0,0.00146309,0.0014633,0.00146646,630.447,0.0003
23.815,6701950.0,4253410.0,4047940.0,1183170.0,8.47089e-07,4.2748e-05,0.00150397,0.0,0.00146313,0.00146334,0.0014665,630.014,0.0003
23.82,6701950.0,4253410.0,4047940.0,1183170.0,8.47089e-07,4.2748e-05,0.00150397,0.0,0.00146313,0.00146334,0.0014665,628.318,0.0003
23.825,6701670.0,4253240.0,4047790.0,1183160.0,8.47071e-07,3.18704e-05,0.00149313,0.0,0.00146309,0.0014633,0.00146646,628.318,0.0003
23.83,6701590.0,4253200.0,4047750.0,1183160.0,8.47067e-07,2.90951e-05,0.00149037,0.0,0.00146308,0.00146329,0.00146645,630.348,0.0003
23.835,6701940.0,4253400.0,4047930.0,1183170.0,8.47088e-07,4.21126e-05,0.00150334,0.0,0.00146312,0.00146333,0.00146649,630.274,0.0003
23.84,6701940.0,4253400.0,4047930.0,1183170.0,8.47088e-07,4.21126e-05,0.00150334,0.0,0.00146312,0.00146333,0.00146649,629.983,0.0003
23.845,6701890.0,4253370.0,4047910.0,1183170.0,8.47085e-07,4.02462e-05,0.00150148,0.0,0.00146312,0.00146333,0.00146649,629.983,0.0003
23.85,6701880.0,4253360.0,4047900.0,1183170.0,8.47084e-07,3.977e-05,0.00150101,0.0,0.00146312,0.00146332,0.00146649,627.409,0.0003
23.855,6701420.0,4253110.0,4047660.0,1183160.0,8.47056e-07,2.32793e-05,0.00148457,0.0,0.00146306,0.00146327,0.00146643,627.816,0.0003
23.86,6701420.0,4253110.0,4047660.0,1183160.0,8.47056e-07,2.32793e-05,0.00148457,0.0,0.00146306,0.00146327,0.00146643,629.41,0.0003
23.865,6701710.0,4253270.0,4047810.0,1183170.0,8.47074e-07,3.34904e-05,0.00149475,0.0,0.00146309,0.0014633,0.00146646,629.41,0.0003
23.87,6701780.0,4253310.0,4047850.0,1183170.0,8.47078e-07,3.60957e-05,0.00149734,0.0,0.0014631,0.00146331,0.00146647,630.112,0.0003
23.875,6701900.0,4253370.0,4047910.0,1183170.0,8.47086e-07,4.06011e-05,0.00150183,0.0,0.00146312,0.00146333,0.00146649,630.11,0.0003
23.88,6701900.0,4253370.0,4047910.0,1183170.0,8.47086e-07,4.06011e-05,0.00150183,0.0,0.00146312,0.00146333,0.00146649,630.102,0.0003
23.885,6701900.0,4253370.0,4047910.0,1183170.0,8.47086e-07,4.05479e-05,0.00150178,0.0,0.00146312,0.00146333,0.00146649,630.102,0.0003
23.89,6701900.0,4253370.0,4047910.0,1183170.0,8.47086e-07,4.05344e-05,0.00150177,0.0,0.00146312,0.00146333,0.00146649,629.33,0.0003
23.895,6701770.0,4253300.0,4047840.0,1183170.0,8.47077e-07,3.55835e-05,0.00149683,0.0,0.0014631,0.00146331,0.00146647,629.084,0.0003
23.9,6701770.0,4253300.0,4047840.0,1183170.0,8.47077e-07,3.55835e-05,0.00149683,0.0,0.0014631,0.00146331,0.00146647,628.12,0.0003
23.905,6701600.0,4253210.0,4047760.0,1183160.0,8.47067e-07,2.94054e-05,0.00149068,0.0,0.00146308,0.00146329,0.00146645,628.12,0.0003
23.91,6701560.0,4253180.0,4047730.0,1183160.0,8.47064e-07,2.78292e-05,0.00148911,0.0,0.00146307,0.00146328,0.00146644,631.25,0.0003
23.915,6702090.0,4253480.0,4048010.0,1183170.0,8.47097e-07,4.78956e-05,0.0015091,0.0,0.00146314,0.00146335,0.00146651,631.403,0.0003
23.92,6702090.0,4253480.0,4048010.0,1183170.0,8.47097e-07,4.78956e-05,0.0015091,0.0,0.00146314,0.00146335,0.00146651,632.005,0.0003
23.925,6702190.0,4253540.0,4048070.0,1183170.0,8.47104e-07,5.17583e-05,0.00151295,0.0,0.00146316,0.00146337,0.00146653,632.005,0.0003
23.93,6702210.0,4253550.0,4048080.0,1183170.0,8.47105e-07,5.27438e-05,0.00151393,0.0,0.00146316,0.00146337,0.00146653,627.885,0.0003
23.935,6701510.0,4253160.0,4047710.0,1183160.0,8.47062e-07,2.63226e-05,0.0014876,0.0,0.00146307,0.00146328,0.00146644,628.438,0.0003
23.94,6701510.0,4253160.0,4047710.0,1183160.0,8.47062e-07,2.63226e-05,0.0014876,0.0,0.00146307,0.00146328,0.00146644,630.605,0.0003
23.945,6701890.0,4253370.0,4047910.0,1183170.0,8.47085e-07,4.0219e-05,0.00150145,0.0,0.00146312,0.00146333,0.00146649,630.605,0.0003
23.95,6701980.0,4253420.0,4047960.0,1183170.0,8.47091e-07,4.37645e-05,0.00150499,0.0,0.00146313,0.00146334,0.0014665,628.05,0.0003
23.955,6701540.0,4253180.0,4047730.0,1183160.0,8.47064e-07,2.73775e-05,0.00148865,0.0,0.00146307,0.00146328,0.00146644,629.035,0.0003
23.96,6701540.0,4253180.0,4047730.0,1183160.0,8.47064e-07,2.73775e-05,0.00148865,0.0,0.00146307,0.00146328,0.00146644,632.895,0.0003
23.965,6702200.0,4253540.0,4048070.0,1183170.0,8.47104e-07,5.21307e-05,0.00151332,0.0,0.00146316,0.00146337,0.00146653,632.895,0.0003
23.97,6702360.0,4253640.0,4048160.0,1183170.0,8.47115e-07,5.84462e-05,0.00151962,0.0,0.00146318,0.00146339,0.00146655,629.723,0.0003
23.975,6701830.0,4253340.0,4047880.0,1183170.0,8.47082e-07,3.81051e-05,0.00149935,0.0,0.00146311,0.00146332,0.00146648,629.536,0.0003
23.98,6701830.0,4253340.0,4047880.0,1183170.0,8.47082e-07,3.81051e-05,0.00149935,0.0,0.00146311,0.00146332,0.00146648,628.805,0.0003
23.985,6701710.0,4253270.0,4047810.0,1183170.0,8.47074e-07,3.34122e-05,0.00149467,0.0,0.00146309,0.0014633,0.00146646,628.805,0.0003
23.99,6701680.0,4253250.0,4047800.0,1183170.0,8.47072e-07,3.22149e-05,0.00149348,0.0,0.00146309,0.0014633,0.00146646,629.645,0.0003
23.995,6701820.0,4253330.0,4047870.0,1183170.0,8.47081e-07,3.7607e-05,0.00149885,0.0,0.00146311,0.00146332,0.00146648,629.211,0.0003
24.0,6701820.0,4253330.0,4047870.0,1183170.0,8.47081e-07,3.7607e-05,0.00149885,0.0,0.00146311,0.00146332,0.00146648,627.507,0.0003
24.005,6701520.0,4253160.0,4047710.0,1183160.0,8.47062e-07,2.66911e-05,0.00148797,0.0,0.00146307,0.00146328,0.00146644,627.507,0.0003
24.01,6701440.0,4253120.0,4047670.0,1183160.0,8.47057e-07,2.39061e-05,0.00148519,0.0,0.00146306,0.00146327,0.00146643,631.754,0.0003
24.015,6702170.0,4253530.0,4048060.0,1183170.0,8.47103e-07,5.11315e-05,0.00151233,0.0,0.00146315,0.00146336,0.00146652,631.119,0.0003
24.02,6702170.0,4253530.0,4048060.0,1183170.0,8.47103e-07,5.11315e-05,0.00151233,0.0,0.00146315,0.00146336,0.00146652,628.63,0.0003
24.025,6701760.0,4253290.0,4047840.0,1183170.0,8.47077e-07,3.51687e-05,0.00149642,0.0,0.0014631,0.00146331,0.00146647,628.63,0.0003
24.03,6701650.0,4253230.0,4047780.0,1183170.0,8.4707e-07,3.1096e-05,0.00149236,0.0,0.00146309,0.00146329,0.00146646,630.435,0.0003
24.035,6701950.0,4253400.0,4047940.0,1183170.0,8.47089e-07,4.26696e-05,0.00150389,0.0,0.00146313,0.00146333,0.0014665,630.451,0.0003
24.04,6701950.0,4253410.0,4047940.0,1183170.0,8.47089e-07,4.26696e-05,0.00150389,0.0,0.00146313,0.00146333,0.0014665,630.515,0.0003
24.045,6701960.0,4253410.0,4047950.0,1183170.0,8.4709e-07,4.30798e-05,0.0015043,0.0,0.00146313,0.00146334,0.0014665,630.515,0.0003
24.05,6701970.0,4253410.0,4047950.0,1183170.0,8.4709e-07,4.31845e-05,0.00150441,0.0,0.00146313,0.00146334,0.0014665,629.02,0.0003
24.055,6701720.0,4253270.0,4047820.0,1183170.0,8.47074e-07,3.3599e-05,0.00149486,0.0,0.0014631,0.0014633,0.00146646,629.242,0.0003
24.06,6701720.0,4253270.0,4047820.0,1183170.0,8.47074e-07,3.3599e-05,0.00149486,0.0,0.0014631,0.0014633,0.00146646,630.11,0.0003
24.065,6701860.0,4253350.0,4047890.0,1183170.0,8.47083e-07,3.91641e-05,0.0015004,0.0,0.00146311,0.00146332,0.00146648,630.11,0.0003
24.07,6701900.0,4253370.0,4047910.0,1183170.0,8.47086e-07,4.05839e-05,0.00150182,0.0,0.00146312,0.00146333,0.00146649,628.556,0.0003
24.075,6701640.0,4253230.0,4047780.0,1183170.0,8.47069e-07,3.06232e-05,0.00149189,0.0,0.00146308,0.00146329,0.00146645,628.469,0.0003
24.08,6701640.0,4253230.0,4047780.0,1183170.0,8.47069e-07,3.06232e-05,0.00149189,0.0,0.00146308,0.00146329,0.00146645,628.128,0.0003
24.085,6701570.0,4253190.0,4047740.0,1183170.0,8.47065e-07,2.84347e-05,0.00148971,0.0,0.00146308,0.00146329,0.00146645,628.128,0.0003
24.09,6701560.0,4253180.0,4047740.0,1183170.0,8.47064e-07,2.78764e-05,0.00148915,0.0,0.00146307,0.00146328,0.00146644,629.391,0.0003
24.095,6701780.0,4253310.0,4047850.0,1183170.0,8.47078e-07,3.5978e-05,0.00149723,0.0,0.0014631,0.00146331,0.00146647,629.405,0.0003
24.1,6701780.0,4253310.0,4047850.0,1183170.0,8.47078e-07,3.5978e-05,0.00149723,0.0,0.0014631,0.00146331,0.00146647,629.46,0.0003
24.105,6701790.0,4253310.0,4047860.0,1183170.0,8.47079e-07,3.63297e-05,0.00149758,0.0,0.0014631,0.00146331,0.00146647,629.46,0.0003
24.11,6701790.0,4253310.0,4047860.0,1183170.0,8.47079e-07,3.64194e-05,0.00149767,0.0,0.0014631,0.00146331,0.00146647,623.439,0.0003
24.115,6694910.0,4249450.0,4044240.0,1183090.0,8.46649e-07,8.38879e-07,0.00146144,0.0,0.0014622,0.00146241,0.00146557,624.575,0.0003
24.12,6694910.0,4249450.0,4044240.0,1183090.0,8.46649e-07,8.38879e-07,0.00146144,0.0,0.0014622,0.00146241,0.00146557,629.03,0.0003
24.125,6700330.0,4252500.0,4047090.0,1183150.0,8.46988e-07,2.69897e-05,0.00148811,0.0,0.00146291,0.00146312,0.00146628,629.03,0.0003
24.13,6701720.0,4253270.0,4047820.0,1183170.0,8.47074e-07,3.36618e-05,0.00149492,0.0,0.0014631,0.0014633,0.00146646,628.426,0.0003
24.135,6701610.0,4253210.0,4047760.0,1183170.0,8.47068e-07,2.97902e-05,0.00149106,0.0,0.00146308,0.00146329,0.00146645,627.858,0.0003
24.14,6701610.0,4253210.0,4047760.0,1183170.0,8.47068e-07,2.97902e-05,0.00149106,0.0,0.00146308,0.00146329,0.00146645,625.629,0.0003
24.145,6701120.0,4252940.0,4047510.0,1183160.0,8.47037e-07,1.55558e-05,0.00147686,0.0,0.00146302,0.00146323,0.00146639,625.629,0.0003
24.15,6701000.0,4252870.0,4047440.0,1183160.0,8.47029e-07,1.19241e-05,0.00147324,0.0,0.001463,0.00146321,0.00146637,627.52,0.0003
24.155,6701440.0,4253120.0,4047670.0,1183170.0,8.47057e-07,2.39885e-05,0.00148528,0.0,0.00146306,0.00146327,0.00146643,627.442,0.0003
24.16,6701440.0,4253120.0,4047670.0,1183170.0,8.47057e-07,2.39885e-05,0.00148528,0.0,0.00146306,0.00146327,0.00146643,627.137,0.0003
24.165,6701380.0,4253080.0,4047640.0,1183160.0,8.47053e-07,2.20365e-05,0.00148333,0.0,0.00146305,0.00146326,0.00146642,627.137,0.0003
24.17,6701360.0,4253080.0,4047630.0,1183160.0,8.47052e-07,2.15385e-05,0.00148283,0.0,0.00146305,0.00146326,0.00146642,627.118,0.0003
24.175,6701360.0,4253070.0,4047630.0,1183160.0,8.47052e-07,2.14158e-05,0.00148271,0.0,0.00146305,0.00146326,0.00146642,627.305,0.0003
24.18,6701360.0,4253070.0,4047630.0,1183160.0,8.47052e-07,2.14158e-05,0.00148271,0.0,0.00146305,0.00146326,0.00146642,628.04,0.0003
24.185,6701510.0,4253150.0,4047710.0,1183170.0,8.47061e-07,2.61158e-05,0.0014874,0.0,0.00146307,0.00146328,0.00146644,628.04,0.0003
24.19,6701540.0,4253180.0,4047730.0,1183170.0,8.47063e-07,2.7315e-05,0.00148859,0.0,0.00146307,0.00146328,0.00146644,625.811,0.0003
24.195,6701050.0,4252900.0,4047470.0,1183160.0,8.47033e-07,1.30836e-05,0.00147439,0.0,0.00146301,0.00146322,0.00146638,626.491,0.0003
24.2,6701050.0,4252900.0,4047470.0,1183160.0,8.47033e-07,1.30836e-05,0.00147439,0.0,0.00146301,0.00146322,0.00146638,629.158,0.0003
24.205,6701600.0,4253210.0,4047760.0,1183170.0,8.47067e-07,3.01294e-05,0.00149139,0.0,0.00146308,0.00146329,0.00146645,629.158,0.0003
24.21,6701740.0,4253290.0,4047830.0,1183170.0,8.47076e-07,3.44784e-05,0.00149573,0.0,0.0014631,0.00146331,0.00146647,630.292,0.0003
24.215,6701930.0,4253390.0,4047930.0,1183170.0,8.47088e-07,4.17539e-05,0.00150298,0.0,0.00146312,0.00146333,0.00146649,630.181,0.0003
24.22,6701930.0,4253390.0,4047930.0,1183170.0,8.47088e-07,4.17539e-05,0.00150298,0.0,0.00146312,0.00146333,0.00146649,629.744,0.0003
24.225,6701860.0,4253350.0,4047890.0,1183170.0,8.47083e-07,3.8955e-05,0.00150019,0.0,0.00146311,0.00146332,0.00146648,629.744,0.0003
24.23,6701840.0,4253340.0,4047880.0,1183170.0,8.47082e-07,3.82409e-05,0.00149948,0.0,0.00146311,0.00146332,0.00146648,627.213,0.0003
24.235,6701380.0,4253080.0,4047640.0,1183170.0,8.47053e-07,2.20257e-05,0.00148332,0.0,0.00146305,0.00146326,0.00146642,627.269,0.0003
24.24,6701380.0,4253080.0,4047640.0,1183170.0,8.47053e-07,2.20257e-05,0.00148332,0.0,0.00146305,0.00146326,0.00146642,627.488,0.0003
24.245,6701420.0,4253110.0,4047670.0,1183170.0,8.47056e-07,2.34233e-05,0.00148471,0.0,0.00146306,0.00146327,0.00146643,627.488,0.0003
24.25,6701440.0,4253120.0,4047670.0,1183170.0,8.47057e-07,2.37799e-05,0.00148507,0.0,0.00146306,0.00146327,0.00146643,631.021,0.0003
24.255,6702050.0,4253460.0,4047990.0,1183170.0,8.47095e-07,4.64274e-05,0.00150764,0.0,0.00146314,0.00146335,0.00146651,630.81,0.0003
24.26,6702050.0,4253460.0,4047990.0,1183170.0,8.47095e-07,4.64274e-05,0.00150764,0.0,0.00146314,0.00146335,0.00146651,629.987,0.0003
24.265,6701910.0,4253380.0,4047920.0,1183170.0,8.47087e-07,4.1145e-05,0.00150237,0.0,0.00146312,0.00146333,0.00146649,629.987,0.0003
24.27,6701880.0,4253360.0,4047900.0,1183170.0,8.47084e-07,3.97972e-05,0.00150103,0.0,0.00146312,0.00146332,0.00146649,628.912,0.0003
24.275,6701700.0,4253260.0,4047810.0,1183170.0,8.47073e-07,3.29029e-05,0.00149416,0.0,0.00146309,0.0014633,0.00146646,628.786,0.0003
24.28,6701700.0,4253260.0,4047810.0,1183170.0,8.47073e-07,3.2903e-05,0.00149416,0.0,0.00146309,0.0014633,0.00146646,628.293,0.0003
24.285,6701610.0,4253210.0,4047760.0,1183170.0,8.47068e-07,2.97446e-05,0.00149101,0.0,0.00146308,0.00146329,0.00146645,628.293,0.0003
24.29,6701590.0,4253200.0,4047750.0,1183170.0,8.47066e-07,2.89388e-05,0.00149021,0.0,0.00146308,0.00146329,0.00146645,629.827,0.0003
24.295,6701850.0,4253350.0,4047890.0,1183170.0,8.47083e-07,3.87728e-05,0.00150001,0.0,0.00146311,0.00146332,0.00146648,629.214,0.0003
24.3,6701850.0,4253350.0,4047890.0,1183170.0,8.47083e-07,3.87729e-05,0.00150001,0.0,0.00146311,0.00146332,0.00146648,626.81,0.0003
24.305,6701410.0,4253100.0,4047660.0,1183170.0,8.47055e-07,2.33777e-05,0.00148466,0.0,0.00146305,0.00146326,0.00146642,626.81,0.0003
24.31,6701290.0,4253040.0,4047600.0,1183170.0,8.47048e-07,1.94498e-05,0.00148075,0.0,0.00146304,0.00146325,0.00146641,625.563,0.0003
24.315,6700980.0,4252860.0,4047430.0,1183160.0,8.47028e-07,1.15052e-05,0.00147282,0.0,0.001463,0.00146321,0.00146637,625.393,0.0003
24.32,6700980.0,4252860.0,4047430.0,1183160.0,8.47028e-07,1.15052e-05,0.00147282,0.0,0.001463,0.00146321,0.00146637,624.729,0.0003
24.325,6700750.0,4252730.0,4047310.0,1183160.0,8.47014e-07,7.30561e-06,0.00146862,0.0,0.00146297,0.00146318,0.00146634,624.729,0.0003
24.33,6700700.0,4252700.0,4047280.0,1183160.0,8.47011e-07,6.23414e-06,0.00146755,0.0,0.00146296,0.00146317,0.00146633,630.362,0.0003
24.335,6701940.0,4253400.0,4047940.0,1183170.0,8.47088e-07,4.22009e-05,0.00150343,0.0,0.00146312,0.00146333,0.00146649,630.424,0.0003
24.34,6701940.0,4253400.0,4047940.0,1183170.0,8.47088e-07,4.22009e-05,0.00150343,0.0,0.00146312,0.00146333,0.00146649,630.668,0.0003
24.345,6701980.0,4253420.0,4047960.0,1183170.0,8.47091e-07,4.37657e-05,0.00150499,0.0,0.00146313,0.00146334,0.0014665,630.668,0.0003
24.35,6701990.0,4253430.0,4047960.0,1183170.0,8.47091e-07,4.41649e-05,0.00150538,0.0,0.00146313,0.00146334,0.0014665,627.595,0.0003
24.355,6701460.0,4253130.0,4047680.0,1183170.0,8.47058e-07,2.44684e-05,0.00148575,0.0,0.00146306,0.00146327,0.00146643,627.884,0.0003
24.36,6701460.0,4253130.0,4047680.0,1183170.0,8.47058e-07,2.44684e-05,0.00148575,0.0,0.00146306,0.00146327,0.00146643,629.014,0.0003
24.365,6701660.0,4253240.0,4047790.0,1183170.0,8.47071e-07,3.17105e-05,0.00149297,0.0,0.00146309,0.0014633,0.00146646,629.014,0.0003
24.37,6701710.0,4253270.0,4047820.0,1183170.0,8.47074e-07,3.35582e-05,0.00149481,0.0,0.00146309,0.0014633,0.00146646,625.646,0.0003
24.375,6701000.0,4252870.0,4047440.0,1183160.0,8.4703e-07,1.20303e-05,0.00147334,0.0,0.001463,0.00146321,0.00146637,625.951,0.0003
24.38,6701000.0,4252870.0,4047440.0,1183160.0,8.4703e-07,1.20303e-05,0.00147334,0.0,0.001463,0.00146321,0.00146637,627.149,0.0003
24.385,6701290.0,4253040.0,4047600.0,1183170.0,8.47048e-07,1.96674e-05,0.00148096,0.0,0.00146304,0.00146325,0.00146641,627.149,0.0003
24.39,6701370.0,4253080.0,4047640.0,1183170.0,8.47052e-07,2.1616e-05,0.00148291,0.0,0.00146305,0.00146326,0.00146642,628.232,0.0003
24.395,6701580.0,4253200.0,4047750.0,1183170.0,8.47066e-07,2.85452e-05,0.00148982,0.0,0.00146308,0.00146329,0.00146645,627.338,0.0003
24.4,6701580.0,4253200.0,4047750.0,1183170.0,8.47066e-07,2.85452e-05,0.00148982,0.0,0.00146308,0.00146329,0.00146645,623.832,0.0003
24.405,6700200.0,4252420.0,4047020.0,1183150.0,8.4698e-07,6.47113e-06,0.00146772,0.0,0.0014629,0.00146311,0.00146627,623.832,0.0003
24.41,6699850.0,4252230.0,4046840.0,1183150.0,8.46958e-07,8.39189e-07,0.00146208,0.0,0.00146285,0.00146306,0.00146622,627.688,0.0003
24.415,6701480.0,4253140.0,4047690.0,1183170.0,8.47059e-07,2.50634e-05,0.00148635,0.0,0.00146306,0.00146327,0.00146643,627.67,0.0003
24.42,6701480.0,4253140.0,4047690.0,1183170.0,8.47059e-07,2.50634e-05,0.00148635,0.0,0.00146306,0.00146327,0.00146643,627.6,0.0003
24.425,6701460.0,4253130.0,4047690.0,1183170.0,8.47058e-07,2.46158e-05,0.0014859,0.0,0.00146306,0.00146327,0.00146643,627.6,0.0003
24.43,6701460.0,4253130.0,4047680.0,1183170.0,8.47058e-07,2.45016e-05,0.00148579,0.0,0.00146306,0.00146327,0.00146643,629.01,0.0003
24.435,6701710.0,4253270.0,4047820.0,1183170.0,8.47074e-07,3.35344e-05,0.00149479,0.0,0.00146309,0.0014633,0.00146646,628.9,0.0003
24.44,6701710.0,4253270.0,4047820.0,1183170.0,8.47074e-07,3.35344e-05,0.00149479,0.0,0.00146309,0.0014633,0.00146646,628.468,0.0003
24.445,6701640.0,4253230.0,4047780.0,1183170.0,8.47069e-07,3.07643e-05,0.00149203,0.0,0.00146308,0.00146329,0.00146645,628.468,0.0003
24.45,6701620.0,4253220.0,4047770.0,1183170.0,8.47068e-07,3.00575e-05,0.00149133,0.0,0.00146308,0.00146329,0.00146645,627.915,0.0003
24.455,6701520.0,4253160.0,4047720.0,1183170.0,8.47062e-07,2.65173e-05,0.0014878,0.0,0.00146307,0.00146328,0.00146644,627.999,0.0003
24.46,6701520.0,4253160.0,4047720.0,1183170.0,8.47062e-07,2.65173e-05,0.0014878,0.0,0.00146307,0.00146328,0.00146644,628.327,0.0003
24.465,6701580.0,4253200.0,4047750.0,1183170.0,8.47066e-07,2.86186e-05,0.00148989,0.0,0.00146308,0.00146329,0.00146645,628.327,0.0003
24.47,6701600.0,4253210.0,4047760.0,1183170.0,8.47067e-07,2.91547e-05,0.00149043,0.0,0.00146308,0.00146329,0.00146645,624.799,0.0003
24.475,6700720.0,4252720.0,4047300.0,1183160.0,8.47012e-07,6.6716e-06,0.00146798,0.0,0.00146296,0.00146317,0.00146633,625.244,0.0003
24.48,6700720.0,4252720.0,4047300.0,1183160.0,8.47012e-07,6.67161e-06,0.00146798,0.0,0.00146296,0.00146317,0.00146633,626.988,0.0003
24.485,6701210.0,4252990.0,4047550.0,1183170.0,8.47043e-07,1.77595e-05,0.00147906,0.0,0.00146303,0.00146324,0.0014664,626.988,0.0003
24.49,6701330.0,4253060.0,4047620.0,1183170.0,8.4705e-07,2.05885e-05,0.00148188,0.0,0.00146304,0.00146325,0.00146641,624.912,0.0003
24.495,6700770.0,4252740.0,4047320.0,1183160.0,8.47015e-07,7.38505e-06,0.0014687,0.0,0.00146297,0.00146318,0.00146634,625.252,0.0003
24.5,6700770.0,4252740.0,4047320.0,1183160.0,8.47015e-07,7.38506e-06,0.0014687,0.0,0.00146297,0.00146318,0.00146634,626.584,0.0003
24.505,6701150.0,4252950.0,4047520.0,1183170.0,8.47039e-07,1.58472e-05,0.00147715,0.0,0.00146302,0.00146323,0.00146639,626.584,0.0003
24.51,6701240.0,4253010.0,4047570.0,1183170.0,8.47045e-07,1.80062e-05,0.00147931,0.0,0.00146303,0.00146324,0.0014664,630.189,0.0003
24.515,6701910.0,4253380.0,4047920.0,1183170.0,8.47086e-07,4.10922e-05,0.00150232,0.0,0.00146312,0.00146333,0.00146649,630.024,0.0003
24.52,6701910.0,4253380.0,4047920.0,1183170.0,8.47086e-07,4.10922e-05,0.00150232,0.0,0.00146312,0.00146333,0.00146649,629.378,0.0003
24.525,6701800.0,4253320.0,4047870.0,1183170.0,8.4708e-07,3.69489e-05,0.00149819,0.0,0.00146311,0.00146331,0.00146648,629.378,0.0003
24.53,6701780.0,4253310.0,4047850.0,1183170.0,8.47078e-07,3.58918e-05,0.00149714,0.0,0.0014631,0.00146331,0.00146647,628.31,0.0003
24.535,6701590.0,4253210.0,4047760.0,1183170.0,8.47067e-07,2.90465e-05,0.00149032,0.0,0.00146308,0.00146329,0.00146645,627.539,0.0003
24.54,6701590.0,4253210.0,4047760.0,1183170.0,8.47067e-07,2.90465e-05,0.00149032,0.0,0.00146308,0.00146329,0.00146645,624.517,0.0003
24.545,6700810.0,4252760.0,4047340.0,1183160.0,8.47017e-07,9.80845e-06,0.00147111,0.0,0.00146298,0.00146318,0.00146634,624.517,0.0003
24.55,6700600.0,4252650.0,4047240.0,1183160.0,8.47005e-07,4.90009e-06,0.00146621,0.0,0.00146295,0.00146316,0.00146632,631.247,0.0003
24.555,6702090.0,4253480.0,4048020.0,1183180.0,8.47097e-07,4.78813e-05,0.00150909,0.0,0.00146314,0.00146335,0.00146651,631.044,0.0003
24.56,6702090.0,4253480.0,4048020.0,1183180.0,8.47097e-07,4.78813e-05,0.00150909,0.0,0.00146314,0.00146335,0.00146651,630.248,0.0003
24.565,6701960.0,4253410.0,4047950.0,1183180.0,8.47089e-07,4.27765e-05,0.001504,0.0,0.00146313,0.00146333,0.0014665,630.248,0.0003
24.57,6701920.0,4253390.0,4047930.0,1183180.0,8.47087e-07,4.14741e-05,0.0015027,0.0,0.00146312,0.00146333,0.00146649,630.787,0.0003
24.575,6702010.0,4253440.0,4047980.0,1183180.0,8.47093e-07,4.49289e-05,0.00150614,0.0,0.00146313,0.00146334,0.0014665,630.377,0.0003
24.58,6702010.0,4253440.0,4047980.0,1183180.0,8.47093e-07,4.49289e-05,0.00150614,0.0,0.00146313,0.00146334,0.0014665,628.769,0.0003
24.585,6701740.0,4253290.0,4047830.0,1183170.0,8.47076e-07,3.46176e-05,0.00149587,0.0,0.0014631,0.00146331,0.00146647,628.769,0.0003
24.59,6701670.0,4253250.0,4047800.0,1183170.0,8.47072e-07,3.19868e-05,0.00149325,0.0,0.00146309,0.0014633,0.00146646,630.902,0.0003
24.595,6702030.0,4253450.0,4047990.0,1183180.0,8.47094e-07,4.56667e-05,0.00150688,0.0,0.00146314,0.00146334,0.00146651,630.009,0.0003
24.6,6702030.0,4253450.0,4047990.0,1183180.0,8.47094e-07,4.56667e-05,0.00150688,0.0,0.00146314,0.00146334,0.00146651,626.509,0.0003
24.605,6701390.0,4253090.0,4047650.0,1183170.0,8.47054e-07,2.32464e-05,0.00148453,0.0,0.00146305,0.00146326,0.00146642,626.509,0.0003
24.61,6701220.0,4253000.0,4047560.0,1183170.0,8.47044e-07,1.75261e-05,0.00147883,0.0,0.00146303,0.00146324,0.0014664,627.21,0.0003
24.615,6701380.0,4253090.0,4047640.0,1183170.0,8.47053e-07,2.20039e-05,0.0014833,0.0,0.00146305,0.00146326,0.00146642,627.141,0.0003
24.62,6701380.0,4253090.0,4047640.0,1183170.0,8.47053e-07,2.20039e-05,0.0014833,0.0,0.00146305,0.00146326,0.00146642,626.872,0.0003
24.625,6701320.0,4253050.0,4047610.0,1183170.0,8.4705e-07,2.02848e-05,0.00148158,0.0,0.00146304,0.00146325,0.00146641,626.872,0.0003
24.63,6701310.0,4253050.0,4047610.0,1183170.0,8.47049e-07,1.98462e-05,0.00148114,0.0,0.00146304,0.00146325,0.00146641,631.763,0.0003
24.635,6702170.0,4253530.0,4048060.0,1183180.0,8.47103e-07,5.11878e-05,0.00151238,0.0,0.00146315,0.00146336,0.00146652,631.973,0.0003
24.64,6702170.0,4253530.0,4048060.0,1183180.0,8.47103e-07,5.11878e-05,0.00151238,0.0,0.00146315,0.00146336,0.00146652,632.799,0.0003
24.645,6702310.0,4253610.0,4048130.0,1183180.0,8.47111e-07,5.64829e-05,0.00151766,0.0,0.00146317,0.00146338,0.00146654,632.799,0.0003
24.65,6702350.0,4253630.0,4048150.0,1183180.0,8.47114e-07,5.78339e-05,0.001519,0.0,0.00146318,0.00146339,0.00146655,628.773,0.0003
24.655,6701670.0,4253250.0,4047800.0,1183170.0,8.47072e-07,3.2012e-05,0.00149327,0.0,0.00146309,0.0014633,0.00146646,628.49,0.0003
24.66,6701670.0,4253250.0,4047800.0,1183170.0,8.47072e-07,3.2012e-05,0.00149327,0.0,0.00146309,0.0014633,0.00146646,627.382,0.0003
24.665,6701470.0,4253140.0,4047690.0,1183170.0,8.47059e-07,2.49177e-05,0.0014862,0.0,0.00146306,0.00146327,0.00146643,627.382,0.0003
24.67,6701410.0,4253110.0,4047660.0,1183170.0,8.47055e-07,2.31077e-05,0.0014844,0.0,0.00146305,0.00146326,0.00146642,627.232,0.0003
24.675,6701380.0,4253090.0,4047650.0,1183170.0,8.47054e-07,2.21439e-05,0.00148344,0.0,0.00146305,0.00146326,0.00146642,627.759,0.0003
24.68,6701380.0,4253090.0,4047650.0,1183170.0,8.47054e-07,2.21439e-05,0.00148344,0.0,0.00146305,0.00146326,0.00146642,629.827,0.0003
24.685,6701760.0,4253300.0,4047840.0,1183170.0,8.47077e-07,3.53921e-05,0.00149664,0.0,0.0014631,0.00146331,0.00146647,629.827,0.0003
24.69,6701850.0,4253350.0,4047890.0,1183180.0,8.47083e-07,3.87722e-05,0.00150001,0.0,0.00146311,0.00146332,0.00146648,622.524,0.0003
24.695,6683420.0,4242990.0,4038210.0,1182960.0,8.45931e-07,8.38157e-07,0.00145994,0.0,0.0014607,0.00146091,0.00146405,623.826,0.0003
24.7,6683420.0,4242990.0,4038210.0,1182960.0,8.45931e-07,8.38157e-07,0.00145994,0.0,0.0014607,0.00146091,0.00146405,628.93,0.0003
24.705,6697980.0,4251180.0,4045860.0,1183130.0,8.46841e-07,2.64775e-05,0.0014873,0.0,0.00146261,0.00146281,0.00146597,628.93,0.0003
24.71,6701700.0,4253270.0,4047810.0,1183170.0,8.47073e-07,3.30192e-05,0.00149428,0.0,0.00146309,0.0014633,0.00146646,630.684,0.0003
24.715,6701990.0,4253430.0,4047970.0,1183180.0,8.47092e-07,4.42675e-05,0.00150549,0.0,0.00146313,0.00146334,0.0014665,629.549,0.0003
24.72,6701990.0,4253430.0,4047970.0,1183180.0,8.47092e-07,4.42675e-05,0.00150549,0.0,0.00146313,0.00146334,0.0014665,625.101,0.0003
24.725,6701070.0,4252910.0,4047480.0,1183170.0,8.47034e-07,1.5835e-05,0.00147713,0.0,0.00146301,0.00146322,0.00146638,625.101,0.0003
24.73,6700830.0,4252780.0,4047360.0,1183160.0,8.47019e-07,8.58071e-06,0.00146989,0.0,0.00146298,0.00146319,0.00146635,624.703,0.0003
24.735,6700690.0,4252700.0,4047280.0,1183160.0,8.4701e-07,6.06688e-06,0.00146738,0.0,0.00146296,0.00146317,0.00146633,625.566,0.0003
24.74,6700690.0,4252700.0,4047280.0,1183160.0,8.4701e-07,6.06689e-06,0.00146738,0.0,0.00146296,0.00146317,0.00146633,628.95,0.0003
24.745,6701500.0,4253150.0,4047710.0,1183170.0,8.47061e-07,2.76452e-05,0.00148891,0.0,0.00146307,0.00146327,0.00146643,628.95,0.0003
24.75,6701700.0,4253270.0,4047820.0,1183170.0,8.47074e-07,3.31506e-05,0.00149441,0.0,0.00146309,0.0014633,0.00146646,628.66,0.0003
24.755,6701650.0,4253240.0,4047790.0,1183170.0,8.4707e-07,3.12871e-05,0.00149255,0.0,0.00146309,0.00146329,0.00146646,628.901,0.0003
24.76,6701650.0,4253240.0,4047790.0,1183170.0,8.4707e-07,3.12871e-05,0.00149255,0.0,0.00146309,0.00146329,0.00146646,629.846,0.0003
24.765,6701810.0,4253330.0,4047870.0,1183180.0,8.4708e-07,3.73459e-05,0.00149859,0.0,0.00146311,0.00146332,0.00146648,629.846,0.0003
24.77,6701850.0,4253350.0,4047890.0,1183180.0,8.47083e-07,3.88917e-05,0.00150013,0.0,0.00146311,0.00146332,0.00146648,628.216,0.0003
24.775,6701580.0,4253200.0,4047750.0,1183170.0,8.47065e-07,2.84416e-05,0.00148971,0.0,0.00146308,0.00146328,0.00146645,627.969,0.0003
24.78,6701580.0,4253200.0,4047750.0,1183170.0,8.47065e-07,2.84417e-05,0.00148971,0.0,0.00146308,0.00146328,0.00146645,627.004,0.0003
24.785,6701380.0,4253090.0,4047650.0,1183170.0,8.47054e-07,2.22635e-05,0.00148355,0.0,0.00146305,0.00146326,0.00146642,627.004,0.0003
24.79,6701340.0,4253060.0,4047620.0,1183170.0,8.47051e-07,2.06873e-05,0.00148198,0.0,0.00146304,0.00146325,0.00146641,624.889,0.0003
24.795,6700760.0,4252740.0,4047320.0,1183160.0,8.47014e-07,7.24076e-06,0.00146855,0.0,0.00146297,0.00146318,0.00146634,626.238,0.0003
24.8,6700760.0,4252740.0,4047320.0,1183160.0,8.47014e-07,7.24077e-06,0.00146855,0.0,0.00146297,0.00146318,0.00146634,631.522,0.0003
24.805,6701850.0,4253350.0,4047890.0,1183180.0,8.47083e-07,4.10272e-05,0.00150225,0.0,0.00146311,0.00146332,0.00146648,631.522,0.0003
24.81,6702130.0,4253510.0,4048040.0,1183180.0,8.471e-07,4.96475e-05,0.00151085,0.0,0.00146315,0.00146336,0.00146652,628.631,0.0003
24.815,6701650.0,4253240.0,4047790.0,1183180.0,8.4707e-07,3.11041e-05,0.00149237,0.0,0.00146309,0.00146329,0.00146645,629.418,0.0003
24.82,6701650.0,4253240.0,4047790.0,1183180.0,8.4707e-07,3.11041e-05,0.00149237,0.0,0.00146309,0.00146329,0.00146645,632.504,0.0003
24.825,6702170.0,4253530.0,4048060.0,1183180.0,8.47102e-07,5.08928e-05,0.00151209,0.0,0.00146315,0.00146336,0.00146652,632.504,0.0003
24.83,6702300.0,4253600.0,4048130.0,1183180.0,8.47111e-07,5.59417e-05,0.00151712,0.0,0.00146317,0.00146338,0.00146654,625.111,0.0003
24.835,6700840.0,4252780.0,4047360.0,1183170.0,8.47019e-07,8.6406e-06,0.00146995,0.0,0.00146298,0.00146319,0.00146635,626.499,0.0003
24.84,6700840.0,4252780.0,4047360.0,1183170.0,8.47019e-07,8.64061e-06,0.00146995,0.0,0.00146298,0.00146319,0.00146635,631.94,0.0003
24.845,6701930.0,4253390.0,4047930.0,1183180.0,8.47087e-07,4.34458e-05,0.00150466,0.0,0.00146312,0.00146333,0.00146649,631.94,0.0003
24.85,6702200.0,4253550.0,4048080.0,1183180.0,8.47105e-07,5.2326e-05,0.00151352,0.0,0.00146316,0.00146337,0.00146653,627.949,0.0003
24.855,6701530.0,4253170.0,4047720.0,1183170.0,8.47062e-07,2.67316e-05,0.00148801,0.0,0.00146307,0.00146328,0.00146644,627.873,0.0003
24.86,6701530.0,4253170.0,4047720.0,1183170.0,8.47062e-07,2.67316e-05,0.00148801,0.0,0.00146307,0.00146328,0.00146644,627.577,0.0003
24.865,6701470.0,4253140.0,4047690.0,1183170.0,8.47059e-07,2.48373e-05,0.00148612,0.0,0.00146306,0.00146327,0.00146643,627.577,0.0003
24.87,6701450.0,4253130.0,4047680.0,1183170.0,8.47058e-07,2.4354e-05,0.00148564,0.0,0.00146306,0.00146327,0.00146643,629.353,0.0003
24.875,6701770.0,4253310.0,4047850.0,1183180.0,8.47078e-07,3.57347e-05,0.00149698,0.0,0.0014631,0.00146331,0.00146647,628.805,0.0003
24.88,6701770.0,4253310.0,4047850.0,1183180.0,8.47078e-07,3.57348e-05,0.00149698,0.0,0.0014631,0.00146331,0.00146647,626.654,0.0003
24.885,6701360.0,4253080.0,4047640.0,1183170.0,8.47052e-07,2.1969e-05,0.00148326,0.0,0.00146305,0.00146326,0.00146642,626.654,0.0003
24.89,6701260.0,4253020.0,4047580.0,1183170.0,8.47046e-07,1.84568e-05,0.00147976,0.0,0.00146303,0.00146324,0.0014664,626.252,0.0003
24.895,6701160.0,4252970.0,4047530.0,1183170.0,8.4704e-07,1.58877e-05,0.00147719,0.0,0.00146302,0.00146323,0.00146639,626.095,0.0003
24.9,6701160.0,4252970.0,4047530.0,1183170.0,8.4704e-07,1.58877e-05,0.00147719,0.0,0.00146302,0.00146323,0.00146639,625.48,0.0003
24.905,6701000.0,4252870.0,4047440.0,1183170.0,8.47029e-07,1.19765e-05,0.00147329,0.0,0.001463,0.00146321,0.00146637,625.48,0.0003
24.91,6700950.0,4252850.0,4047420.0,1183170.0,8.47027e-07,1.09786e-05,0.00147229,0.0,0.00146299,0.0014632,0.00146636,629.097,0.0003
24.915,6701730.0,4253280.0,4047830.0,1183180.0,8.47075e-07,3.40883e-05,0.00149534,0.0,0.0014631,0.0014633,0.00146647,629.082,0.0003
24.92,6701730.0,4253280.0,4047830.0,1183180.0,8.47075e-07,3.40883e-05,0.00149534,0.0,0.0014631,0.0014633,0.00146647,629.023,0.0003
24.925,6701720.0,4253280.0,4047820.0,1183180.0,8.47074e-07,3.37111e-05,0.00149497,0.0,0.00146309,0.0014633,0.00146646,629.023,0.0003
24.93,6701720.0,4253280.0,4047820.0,1183180.0,8.47074e-07,3.36149e-05,0.00149487,0.0,0.00146309,0.0014633,0.00146646,626.959,0.0003
24.935,6701330.0,4253060.0,4047620.0,1183170.0,8.4705e-07,2.04016e-05,0.0014817,0.0,0.00146304,0.00146325,0.00146641,627.052,0.0003
24.94,6701330.0,4253060.0,4047620.0,1183170.0,8.4705e-07,2.04016e-05,0.0014817,0.0,0.00146304,0.00146325,0.00146641,627.417,0.0003
24.945,6701400.0,4253100.0,4047660.0,1183170.0,8.47055e-07,2.27361e-05,0.00148403,0.0,0.00146305,0.00146326,0.00146642,627.417,0.0003
24.95,6701420.0,4253110.0,4047670.0,1183170.0,8.47056e-07,2.33317e-05,0.00148462,0.0,0.00146306,0.00146326,0.00146642,629.746,0.0003
24.955,6701840.0,4253340.0,4047890.0,1183180.0,8.47082e-07,3.82551e-05,0.00149949,0.0,0.00146311,0.00146332,0.00146648,629.89,0.0003
24.96,6701840.0,4253340.0,4047890.0,1183180.0,8.47082e-07,3.82551e-05,0.00149949,0.0,0.00146311,0.00146332,0.00146648,630.454,0.0003
24.965,6701930.0,4253400.0,4047940.0,1183180.0,8.47088e-07,4.18703e-05,0.0015031,0.0,0.00146312,0.00146333,0.00146649,630.454,0.0003
24.97,6701960.0,4253410.0,4047950.0,1183180.0,8.47089e-07,4.27927e-05,0.00150402,0.0,0.00146313,0.00146333,0.00146649,625.953,0.0003
24.975,6701090.0,4252920.0,4047490.0,1183170.0,8.47035e-07,1.39837e-05,0.00147529,0.0,0.00146301,0.00146322,0.00146638,626.703,0.0003
24.98,6701090.0,4252920.0,4047490.0,1183170.0,8.47035e-07,1.39837e-05,0.00147529,0.0,0.00146301,0.00146322,0.00146638,629.644,0.0003
24.985,6701670.0,4253250.0,4047800.0,1183180.0,8.47071e-07,3.27983e-05,0.00149405,0.0,0.00146309,0.0014633,0.00146646,629.644,0.0003
24.99,6701820.0,4253340.0,4047880.0,1183180.0,8.47081e-07,3.75986e-05,0.00149884,0.0,0.00146311,0.00146332,0.00146648,627.589,0.0003
24.995,6701460.0,4253130.0,4047690.0,1183170.0,8.47058e-07,2.4429e-05,0.00148571,0.0,0.00146306,0.00146327,0.00146643,627.832,0.0003
25.0,6701460.0,4253130.0,4047690.0,1183170.0,8.47058e-07,2.4429e-05,0.00148571,0.0,0.00146306,0.00146327,0.00146643,628.787,0.0003
25.005,6701630.0,4253230.0,4047780.0,1183180.0,8.47069e-07,3.05432e-05,0.00149181,0.0,0.00146308,0.00146329,0.00146645,628.787,0.0003
25.01,6701680.0,4253250.0,4047800.0,1183180.0,8.47072e-07,3.21032e-05,0.00149336,0.0,0.00146309,0.0014633,0.00146646,625.89,0.0003
25.015,6701070.0,4252910.0,4047480.0,1183170.0,8.47034e-07,1.3583e-05,0.00147489,0.0,0.00146301,0.00146322,0.00146638,626.424,0.0003
25.02,6701070.0,4252910.0,4047480.0,1183170.0,8.47034e-07,1.3583e-05,0.00147489,0.0,0.00146301,0.00146322,0.00146638,628.52,0.0003
25.025,6701520.0,4253160.0,4047720.0,1183180.0,8.47062e-07,2.69744e-05,0.00148825,0.0,0.00146307,0.00146328,0.00146644,628.52,0.0003
25.03,6701630.0,4253230.0,4047780.0,1183180.0,8.47069e-07,3.03911e-05,0.00149166,0.0,0.00146308,0.00146329,0.00146645,628.343,0.0003
25.035,6701600.0,4253210.0,4047760.0,1183180.0,8.47067e-07,2.92563e-05,0.00149053,0.0,0.00146308,0.00146329,0.00146645,628.235,0.0003
25.04,6701600.0,4253210.0,4047760.0,1183180.0,8.47067e-07,2.92563e-05,0.00149053,0.0,0.00146308,0.00146329,0.00146645,627.811,0.0003
25.045,6701520.0,4253170.0,4047720.0,1183180.0,8.47062e-07,2.65442e-05,0.00148782,0.0,0.00146307,0.00146328,0.00146644,627.811,0.0003
25.05,6701500.0,4253160.0,4047710.0,1183180.0,8.47061e-07,2.58522e-05,0.00148713,0.0,0.00146307,0.00146327,0.00146643,624.165,0.0003
25.055,6700410.0,4252540.0,4047140.0,1183160.0,8.46993e-07,2.71597e-06,0.00146401,0.0,0.00146292,0.00146313,0.00146629,624.405,0.0003
25.06,6700410.0,4252540.0,4047140.0,1183160.0,8.46993e-07,2.71598e-06,0.00146401,0.0,0.00146292,0.00146313,0.00146629,625.347,0.0003
25.065,6700810.0,4252770.0,4047350.0,1183170.0,8.47018e-07,8.62647e-06,0.00146994,0.0,0.00146298,0.00146318,0.00146634,625.347,0.0003
25.07,6700910.0,4252830.0,4047400.0,1183170.0,8.47024e-07,1.01345e-05,0.00147145,0.0,0.00146299,0.0014632,0.00146636,631.157,0.0003
25.075,6702070.0,4253480.0,4048010.0,1183180.0,8.47097e-07,4.73047e-05,0.00150851,0.0,0.00146314,0.00146335,0.00146651,630.614,0.0003
25.08,6702070.0,4253480.0,4048010.0,1183180.0,8.47097e-07,4.73047e-05,0.00150851,0.0,0.00146314,0.00146335,0.00146651,628.486,0.0003
25.085,6701720.0,4253280.0,4047820.0,1183180.0,8.47074e-07,3.36554e-05,0.00149491,0.0,0.00146309,0.0014633,0.00146646,628.486,0.0003
25.09,6701620.0,4253230.0,4047770.0,1183180.0,8.47068e-07,3.01729e-05,0.00149144,0.0,0.00146308,0.00146329,0.00146645,628.654,0.0003
25.095,6701650.0,4253240.0,4047790.0,1183180.0,8.4707e-07,3.12507e-05,0.00149251,0.0,0.00146309,0.00146329,0.00146645,628.841,0.0003
25.1,6701650.0,4253240.0,4047790.0,1183180.0,8.4707e-07,3.12507e-05,0.00149251,0.0,0.00146309,0.00146329,0.00146645,629.574,0.0003
25.105,6701780.0,4253310.0,4047860.0,1183180.0,8.47078e-07,3.59493e-05,0.0014972,0.0,0.0014631,0.00146331,0.00146647,629.574,0.0003
25.11,6701810.0,4253330.0,4047870.0,1183180.0,8.4708e-07,3.71481e-05,0.00149839,0.0,0.00146311,0.00146331,0.00146648,628.264,0.0003
25.115,6701580.0,4253200.0,4047750.0,1183180.0,8.47066e-07,2.87485e-05,0.00149002,0.0,0.00146308,0.00146328,0.00146645,628.059,0.0003
25.12,6701580.0,4253200.0,4047750.0,1183180.0,8.47066e-07,2.87485e-05,0.00149002,0.0,0.00146308,0.00146328,0.00146645,627.257,0.0003
25.125,6701430.0,4253120.0,4047670.0,1183180.0,8.47056e-07,2.36179e-05,0.0014849,0.0,0.00146306,0.00146326,0.00146643,627.257,0.0003
25.13,6701390.0,4253090.0,4047650.0,1183180.0,8.47054e-07,2.23088e-05,0.0014836,0.0,0.00146305,0.00146326,0.00146642,628.462,0.0003
25.135,6701620.0,4253220.0,4047770.0,1183180.0,8.47068e-07,3.00192e-05,0.00149129,0.0,0.00146308,0.00146329,0.00146645,627.982,0.0003
25.14,6701620.0,4253220.0,4047770.0,1183180.0,8.47068e-07,3.00192e-05,0.00149129,0.0,0.00146308,0.00146329,0.00146645,626.1,0.0003
25.145,6701230.0,4253000.0,4047570.0,1183170.0,8.47044e-07,1.79892e-05,0.00147929,0.0,0.00146303,0.00146324,0.0014664,626.1,0.0003
25.15,6701130.0,4252950.0,4047510.0,1183170.0,8.47037e-07,1.49199e-05,0.00147623,0.0,0.00146302,0.00146322,0.00146639,627.664,0.0003
25.155,6701470.0,4253140.0,4047690.0,1183180.0,8.47059e-07,2.49112e-05,0.00148619,0.0,0.00146306,0.00146327,0.00146643,627.273,0.0003
25.16,6701470.0,4253140.0,4047690.0,1183180.0,8.47059e-07,2.49112e-05,0.00148619,0.0,0.00146306,0.00146327,0.00146643,625.739,0.0003
25.165,6701120.0,4252940.0,4047510.0,1183170.0,8.47037e-07,1.51237e-05,0.00147643,0.0,0.00146302,0.00146322,0.00146638,625.739,0.0003
25.17,6701030.0,4252890.0,4047460.0,1183170.0,8.47031e-07,1.26265e-05,0.00147394,0.0,0.001463,0.00146321,0.00146637,629.823,0.0003
25.175,6701850.0,4253350.0,4047890.0,1183180.0,8.47083e-07,3.87479e-05,0.00149998,0.0,0.00146311,0.00146332,0.00146648,630.324,0.0003
25.18,6701850.0,4253350.0,4047890.0,1183180.0,8.47083e-07,3.87479e-05,0.00149998,0.0,0.00146311,0.00146332,0.00146648,632.289,0.0003
25.185,6702180.0,4253540.0,4048070.0,1183190.0,8.47103e-07,5.13491e-05,0.00151254,0.0,0.00146315,0.00146336,0.00146652,632.289,0.0003
25.19,6702260.0,4253580.0,4048110.0,1183190.0,8.47108e-07,5.45641e-05,0.00151575,0.0,0.00146316,0.00146337,0.00146653,630.998,0.0003
25.195,6702050.0,4253460.0,4048000.0,1183180.0,8.47095e-07,4.62822e-05,0.00150749,0.0,0.00146314,0.00146335,0.00146651,630.623,0.0003
25.2,6702050.0,4253460.0,4048000.0,1183180.0,8.47095e-07,4.62822e-05,0.00150749,0.0,0.00146314,0.00146335,0.00146651,629.153,0.0003
25.205,6701800.0,4253330.0,4047870.0,1183180.0,8.4708e-07,3.6854e-05,0.0014981,0.0,0.0014631,0.00146331,0.00146647,629.153,0.0003
25.21,6701740.0,4253290.0,4047840.0,1183180.0,8.47076e-07,3.44485e-05,0.0014957,0.0,0.0014631,0.0014633,0.00146647,625.869,0.0003
25.215,6701060.0,4252910.0,4047480.0,1183170.0,8.47034e-07,1.34492e-05,0.00147476,0.0,0.00146301,0.00146322,0.00146638,627.068,0.0003
25.22,6701060.0,4252910.0,4047480.0,1183170.0,8.47034e-07,1.34492e-05,0.00147476,0.0,0.00146301,0.00146322,0.00146638,631.77,0.0003
25.225,6701950.0,4253410.0,4047950.0,1183180.0,8.47089e-07,4.35564e-05,0.00150477,0.0,0.00146312,0.00146333,0.00146649,631.77,0.0003
25.23,6702180.0,4253540.0,4048070.0,1183190.0,8.47103e-07,5.12378e-05,0.00151243,0.0,0.00146315,0.00146336,0.00146652,628.119,0.0003
25.235,6701560.0,4253190.0,4047740.0,1183180.0,8.47064e-07,2.78261e-05,0.0014891,0.0,0.00146307,0.00146328,0.00146644,628.004,0.0003
25.24,6701560.0,4253190.0,4047740.0,1183180.0,8.47064e-07,2.78261e-05,0.0014891,0.0,0.00146307,0.00146328,0.00146644,627.551,0.0003
25.245,6701470.0,4253140.0,4047700.0,1183180.0,8.47059e-07,2.49274e-05,0.00148621,0.0,0.00146306,0.00146327,0.00146643,627.551,0.0003
25.25,6701450.0,4253130.0,4047680.0,1183180.0,8.47058e-07,2.41878e-05,0.00148547,0.0,0.00146306,0.00146327,0.00146643,626.008,0.0003
25.255,6701100.0,4252930.0,4047500.0,1183170.0,8.47036e-07,1.43382e-05,0.00147565,0.0,0.00146301,0.00146322,0.00146638,626.816,0.0003
25.26,6701100.0,4252930.0,4047500.0,1183170.0,8.47036e-07,1.43382e-05,0.00147565,0.0,0.00146301,0.00146322,0.00146638,629.984,0.0003
25.265,6701720.0,4253280.0,4047830.0,1183180.0,8.47074e-07,3.46079e-05,0.00149586,0.0,0.00146309,0.0014633,0.00146646,629.984,0.0003
25.27,6701880.0,4253370.0,4047910.0,1183180.0,8.47084e-07,3.97796e-05,0.00150101,0.0,0.00146311,0.00146332,0.00146648,623.877,0.0003
25.275,6700120.0,4252380.0,4046990.0,1183160.0,8.46975e-07,9.96053e-07,0.00146227,0.0,0.00146288,0.00146309,0.00146625,625.08,0.0003
25.28,6700120.0,4252380.0,4046990.0,1183160.0,8.46975e-07,9.96059e-07,0.00146227,0.0,0.00146288,0.00146309,0.00146625,629.794,0.0003
25.285,6701490.0,4253150.0,4047710.0,1183180.0,8.4706e-07,3.09263e-05,0.00149217,0.0,0.00146306,0.00146327,0.00146643,629.794,0.0003
25.29,6701850.0,4253350.0,4047890.0,1183180.0,8.47082e-07,3.85627e-05,0.0014998,0.0,0.00146311,0.00146332,0.00146648,625.686,0.0003
25.295,6701010.0,4252880.0,4047460.0,1183170.0,8.4703e-07,1.22905e-05,0.0014736,0.0,0.001463,0.00146321,0.00146637,626.605,0.0003
25.3,6701010.0,4252880.0,4047460.0,1183170.0,8.4703e-07,1.22905e-05,0.0014736,0.0,0.001463,0.00146321,0.00146637,630.207,0.0003
25.305,6701730.0,4253290.0,4047830.0,1183180.0,8.47075e-07,3.53333e-05,0.00149658,0.0,0.0014631,0.0014633,0.00146646,630.207,0.0003
25.31,6701910.0,4253390.0,4047930.0,1183180.0,8.47087e-07,4.12125e-05,0.00150244,0.0,0.00146312,0.00146333,0.00146649,629.063,0.0003
25.315,6701720.0,4253280.0,4047830.0,1183180.0,8.47075e-07,3.38741e-05,0.00149513,0.0,0.00146309,0.0014633,0.00146646,628.943,0.0003
25.32,6701720.0,4253280.0,4047830.0,1183180.0,8.47075e-07,3.38742e-05,0.00149513,0.0,0.00146309,0.0014633,0.00146646,628.474,0.0003
25.325,6701640.0,4253240.0,4047790.0,1183180.0,8.4707e-07,3.08629e-05,0.00149213,0.0,0.00146308,0.00146329,0.00146645,628.474,0.0003
25.33,6701620.0,4253230.0,4047770.0,1183180.0,8.47068e-07,3.00946e-05,0.00149136,0.0,0.00146308,0.00146329,0.00146645,626.878,0.0003
25.335,6701310.0,4253050.0,4047610.0,1183180.0,8.47049e-07,1.98865e-05,0.00148118,0.0,0.00146304,0.00146325,0.00146641,627.402,0.0003
25.34,6701310.0,4253050.0,4047610.0,1183180.0,8.47049e-07,1.98865e-05,0.00148118,0.0,0.00146304,0.00146325,0.00146641,629.457,0.0003
25.345,6701690.0,4253260.0,4047810.0,1183180.0,8.47073e-07,3.30424e-05,0.0014943,0.0,0.00146309,0.0014633,0.00146646,629.457,0.0003
25.35,6701790.0,4253320.0,4047860.0,1183180.0,8.47079e-07,3.63989e-05,0.00149764,0.0,0.0014631,0.00146331,0.00146647,630.309,0.0003
25.355,6701930.0,4253400.0,4047940.0,1183180.0,8.47088e-07,4.18676e-05,0.00150309,0.0,0.00146312,0.00146333,0.00146649,630.48,0.0003
25.36,6701930.0,4253400.0,4047940.0,1183180.0,8.47088e-07,4.18676e-05,0.00150309,0.0,0.00146312,0.00146333,0.00146649,631.149,0.0003
25.365,6702040.0,4253460.0,4048000.0,1183190.0,8.47095e-07,4.61597e-05,0.00150737,0.0,0.00146314,0.00146334,0.00146651,631.149,0.0003
25.37,6702070.0,4253480.0,4048010.0,1183190.0,8.47096e-07,4.72548e-05,0.00150846,0.0,0.00146314,0.00146335,0.00146651,630.343,0.0003
25.375,6701940.0,4253400.0,4047940.0,1183180.0,8.47088e-07,4.20847e-05,0.00150331,0.0,0.00146312,0.00146333,0.00146649,629.901,0.0003
25.38,6701940.0,4253400.0,4047940.0,1183180.0,8.47088e-07,4.20847e-05,0.00150331,0.0,0.00146312,0.00146333,0.00146649,628.167,0.0003
25.385,6701640.0,4253240.0,4047790.0,1183180.0,8.4707e-07,3.09692e-05,0.00149223,0.0,0.00146308,0.00146329,0.00146645,628.167,0.0003
25.39,6701570.0,4253190.0,4047750.0,1183180.0,8.47065e-07,2.81332e-05,0.00148941,0.0,0.00146307,0.00146328,0.00146644,630.38,0.0003
25.395,6701940.0,4253410.0,4047940.0,1183180.0,8.47088e-07,4.23223e-05,0.00150355,0.0,0.00146312,0.00146333,0.00146649,630.551,0.0003
25.4,6701940.0,4253410.0,4047940.0,1183190.0,8.47088e-07,4.23223e-05,0.00150355,0.0,0.00146312,0.00146333,0.00146649,631.22,0.0003
25.405,6702050.0,4253470.0,4048000.0,1183190.0,8.47095e-07,4.66127e-05,0.00150782,0.0,0.00146314,0.00146335,0.00146651,631.22,0.0003
25.41,6702080.0,4253490.0,4048020.0,1183190.0,8.47097e-07,4.77073e-05,0.00150891,0.0,0.00146314,0.00146335,0.00146651,629.846,0.0003
25.415,6701850.0,4253360.0,4047900.0,1183180.0,8.47083e-07,3.88979e-05,0.00150013,0.0,0.00146311,0.00146332,0.00146648,629.329,0.0003
25.42,6701850.0,4253360.0,4047900.0,1183180.0,8.47083e-07,3.88979e-05,0.00150013,0.0,0.00146311,0.00146332,0.00146648,627.3,0.0003
25.425,6701490.0,4253150.0,4047710.0,1183180.0,8.4706e-07,2.58972e-05,0.00148718,0.0,0.00146306,0.00146327,0.00146643,627.3,0.0003
25.43,6701400.0,4253100.0,4047660.0,1183180.0,8.47054e-07,2.25802e-05,0.00148387,0.0,0.00146305,0.00146326,0.00146642,624.872,0.0003
25.435,6700750.0,4252740.0,4047320.0,1183170.0,8.47014e-07,7.13372e-06,0.00146845,0.0,0.00146297,0.00146318,0.00146634,625.783,0.0003
25.44,6700750.0,4252740.0,4047320.0,1183170.0,8.47014e-07,7.13373e-06,0.00146845,0.0,0.00146297,0.00146318,0.00146634,629.354,0.0003
25.445,6701560.0,4253190.0,4047750.0,1183180.0,8.47065e-07,2.99251e-05,0.00149119,0.0,0.00146307,0.00146328,0.00146644,629.354,0.0003
25.45,6701770.0,4253310.0,4047850.0,1183180.0,8.47078e-07,3.574e-05,0.00149699,0.0,0.0014631,0.00146331,0.00146647,629.007,0.0003
25.455,6701710.0,4253280.0,4047820.0,1183180.0,8.47074e-07,3.35132e-05,0.00149477,0.0,0.00146309,0.0014633,0.00146646,628.996,0.0003
25.46,6701710.0,4253280.0,4047820.0,1183180.0,8.47074e-07,3.35132e-05,0.00149477,0.0,0.00146309,0.0014633,0.00146646,628.956,0.0003
25.465,6701710.0,4253270.0,4047820.0,1183180.0,8.47074e-07,3.32526e-05,0.00149451,0.0,0.00146309,0.0014633,0.00146646,628.956,0.0003
25.47,6701710.0,4253270.0,4047820.0,1183180.0,8.47074e-07,3.31861e-05,0.00149444,0.0,0.00146309,0.0014633,0.00146646,629.462,0.0003
25.475,6701790.0,4253320.0,4047860.0,1183180.0,8.47079e-07,3.64335e-05,0.00149768,0.0,0.0014631,0.00146331,0.00146647,629.87,0.0003
25.48,6701790.0,4253320.0,4047860.0,1183180.0,8.47079e-07,3.64335e-05,0.00149768,0.0,0.0014631,0.00146331,0.00146647,631.467,0.0003
25.485,6702060.0,4253470.0,4048000.0,1183190.0,8.47096e-07,4.6677e-05,0.00150789,0.0,0.00146314,0.00146335,0.00146651,631.467,0.0003
25.49,6702120.0,4253510.0,4048040.0,1183190.0,8.471e-07,4.92905e-05,0.00151049,0.0,0.00146315,0.00146335,0.00146652,628.821,0.0003
25.495,6701680.0,4253260.0,4047810.0,1183180.0,8.47072e-07,3.23243e-05,0.00149358,0.0,0.00146309,0.0014633,0.00146646,627.946,0.0003
25.5,6701680.0,4253260.0,4047810.0,1183180.0,8.47072e-07,3.23243e-05,0.00149358,0.0,0.00146309,0.0014633,0.00146646,624.513,0.0003
25.505,6700820.0,4252780.0,4047360.0,1183170.0,8.47018e-07,1.04553e-05,0.00147175,0.0,0.00146298,0.00146318,0.00146634,624.513,0.0003
25.51,6700600.0,4252650.0,4047240.0,1183170.0,8.47005e-07,4.8757e-06,0.00146618,0.0,0.00146295,0.00146316,0.00146632,629.319,0.0003
25.515,6701770.0,4253310.0,4047850.0,1183180.0,8.47077e-07,3.55152e-05,0.00149676,0.0,0.0014631,0.00146331,0.00146647,628.937,0.0003
25.52,6701770.0,4253310.0,4047850.0,1183180.0,8.47077e-07,3.55152e-05,0.00149676,0.0,0.0014631,0.00146331,0.00146647,627.438,0.0003
25.525,6701500.0,4253160.0,4047710.0,1183180.0,8.4706e-07,2.59128e-05,0.00148719,0.0,0.00146306,0.00146327,0.00146643,627.438,0.0003
25.53,6701430.0,4253120.0,4047670.0,1183180.0,8.47056e-07,2.34629e-05,0.00148475,0.0,0.00146306,0.00146326,0.00146642,628.736,0.0003
25.535,6701670.0,4253250.0,4047800.0,1183180.0,8.47071e-07,3.17755e-05,0.00149304,0.0,0.00146309,0.0014633,0.00146646,628.242,0.0003
25.54,6701670.0,4253250.0,4047800.0,1183180.0,8.47071e-07,3.17755e-05,0.00149304,0.0,0.00146309,0.0014633,0.00146646,626.307,0.0003
25.545,6701280.0,4253030.0,4047590.0,1183180.0,8.47047e-07,1.93974e-05,0.00148069,0.0,0.00146304,0.00146324,0.0014664,626.307,0.0003
25.55,6701180.0,4252980.0,4047540.0,1183180.0,8.47041e-07,1.62393e-05,0.00147754,0.0,0.00146302,0.00146323,0.00146639,627.503,0.0003
25.555,6701440.0,4253120.0,4047680.0,1183180.0,8.47057e-07,2.38826e-05,0.00148517,0.0,0.00146306,0.00146327,0.00146643,627.796,0.0003
25.56,6701440.0,4253120.0,4047680.0,1183180.0,8.47057e-07,2.38827e-05,0.00148517,0.0,0.00146306,0.00146327,0.00146643,628.943,0.0003
25.565,6701650.0,4253240.0,4047790.0,1183180.0,8.4707e-07,3.123e-05,0.00149249,0.0,0.00146308,0.00146329,0.00146645,628.943,0.0003
25.57,6701700.0,4253270.0,4047820.0,1183180.0,8.47073e-07,3.31045e-05,0.00149436,0.0,0.00146309,0.0014633,0.00146646,629.3,0.0003
25.575,6701760.0,4253310.0,4047850.0,1183180.0,8.47077e-07,3.53923e-05,0.00149664,0.0,0.0014631,0.00146331,0.00146647,629.142,0.0003
25.58,6701760.0,4253310.0,4047850.0,1183180.0,8.47077e-07,3.53923e-05,0.00149664,0.0,0.0014631,0.00146331,0.00146647,628.525,0.0003
25.585,6701660.0,4253250.0,4047800.0,1183180.0,8.47071e-07,3.1432e-05,0.00149269,0.0,0.00146309,0.00146329,0.00146645,628.525,0.0003
25.59,6701630.0,4253230.0,4047780.0,1183180.0,8.47069e-07,3.04216e-05,0.00149169,0.0,0.00146308,0.00146329,0.00146645,627.621,0.0003
25.595,6701460.0,4253140.0,4047690.0,1183180.0,8.47058e-07,2.46358e-05,0.00148592,0.0,0.00146306,0.00146327,0.00146643,627.712,0.0003
25.6,6701460.0,4253140.0,4047690.0,1183180.0,8.47058e-07,2.46358e-05,0.00148592,0.0,0.00146306,0.00146327,0.00146643,628.066,0.0003
25.605,6701530.0,4253180.0,4047730.0,1183180.0,8.47063e-07,2.69073e-05,0.00148818,0.0,0.00146307,0.00146328,0.00146644,628.066,0.0003
25.61,6701550.0,4253190.0,4047740.0,1183180.0,8.47064e-07,2.74869e-05,0.00148876,0.0,0.00146307,0.00146328,0.00146644,633.022,0.0003
25.615,6702380.0,4253660.0,4048180.0,1183190.0,8.47116e-07,5.92659e-05,0.00152043,0.0,0.00146318,0.00146339,0.00146655,631.317,0.0003
25.62,6702380.0,4253660.0,4048180.0,1183190.0,8.47116e-07,5.92659e-05,0.00152043,0.0,0.00146318,0.00146339,0.00146655,624.635,0.0003
25.625,6701010.0,4252880.0,4047450.0,1183180.0,8.4703e-07,1.65427e-05,0.00147782,0.0,0.001463,0.00146321,0.00146637,624.635,0.0003
25.63,6700660.0,4252680.0,4047270.0,1183170.0,8.47008e-07,5.6424e-06,0.00146695,0.0,0.00146295,0.00146316,0.00146632,630.299,0.0003
25.635,6701930.0,4253400.0,4047940.0,1183190.0,8.47088e-07,4.18e-05,0.00150303,0.0,0.00146312,0.00146333,0.00146649,629.869,0.0003
25.64,6701930.0,4253400.0,4047940.0,1183190.0,8.47088e-07,4.18e-05,0.00150303,0.0,0.00146312,0.00146333,0.00146649,628.187,0.0003
25.645,6701640.0,4253240.0,4047790.0,1183180.0,8.4707e-07,3.10112e-05,0.00149227,0.0,0.00146308,0.00146329,0.00146645,628.187,0.0003
25.65,6701570.0,4253200.0,4047750.0,1183180.0,8.47065e-07,2.82585e-05,0.00148953,0.0,0.00146307,0.00146328,0.00146644,628.928,0.0003
25.655,6701700.0,4253270.0,4047820.0,1183190.0,8.47073e-07,3.30105e-05,0.00149427,0.0,0.00146309,0.0014633,0.00146646,628.799,0.0003
25.66,6701700.0,4253270.0,4047820.0,1183190.0,8.47073e-07,3.30105e-05,0.00149427,0.0,0.00146309,0.0014633,0.00146646,628.292,0.0003
25.665,6701610.0,4253220.0,4047770.0,1183180.0,8.47068e-07,2.97621e-05,0.00149103,0.0,0.00146308,0.00146329,0.00146645,628.292,0.0003
25.67,6701590.0,4253210.0,4047760.0,1183180.0,8.47066e-07,2.89333e-05,0.0014902,0.0,0.00146308,0.00146328,0.00146645,631.518,0.0003
25.675,6702130.0,4253510.0,4048050.0,1183190.0,8.471e-07,4.96212e-05,0.00151082,0.0,0.00146315,0.00146336,0.00146652,631.003,0.0003
25.68,6702130.0,4253510.0,4048050.0,1183190.0,8.471e-07,4.96212e-05,0.00151082,0.0,0.00146315,0.00146336,0.00146652,628.982,0.0003
25.685,6701800.0,4253330.0,4047870.0,1183190.0,8.47079e-07,3.66622e-05,0.00149791,0.0,0.0014631,0.00146331,0.00146647,628.982,0.0003
25.69,6701710.0,4253280.0,4047820.0,1183190.0,8.47074e-07,3.33558e-05,0.00149461,0.0,0.00146309,0.0014633,0.00146646,631.186,0.0003
25.695,6702080.0,4253480.0,4048020.0,1183190.0,8.47097e-07,4.74885e-05,0.00150869,0.0,0.00146314,0.00146335,0.00146651,630.268,0.0003
25.7,6702080.0,4253480.0,4048020.0,1183190.0,8.47097e-07,4.74885e-05,0.00150869,0.0,0.00146314,0.00146335,0.00146651,626.672,0.0003
25.705,6701430.0,4253120.0,4047680.0,1183180.0,8.47056e-07,2.44499e-05,0.00148573,0.0,0.00146306,0.00146326,0.00146642,626.672,0.0003
25.71,6701260.0,4253030.0,4047590.0,1183180.0,8.47046e-07,1.85718e-05,0.00147987,0.0,0.00146303,0.00146324,0.0014664,631.62,0.0003
25.715,6702150.0,4253520.0,4048050.0,1183190.0,8.47101e-07,5.02713e-05,0.00151147,0.0,0.00146315,0.00146336,0.00146652,631.057,0.0003
25.72,6702150.0,4253520.0,4048050.0,1183190.0,8.47101e-07,5.02713e-05,0.00151147,0.0,0.00146315,0.00146336,0.00146652,628.85,0.0003
25.725,6701780.0,4253320.0,4047860.0,1183190.0,8.47078e-07,3.61213e-05,0.00149737,0.0,0.0014631,0.00146331,0.00146647,628.85,0.0003
25.73,6701690.0,4253260.0,4047810.0,1183190.0,8.47072e-07,3.2511e-05,0.00149377,0.0,0.00146309,0.0014633,0.00146646,627.616,0.0003
25.735,6701460.0,4253140.0,4047690.0,1183180.0,8.47058e-07,2.46032e-05,0.00148589,0.0,0.00146306,0.00146327,0.00146643,627.966,0.0003
25.74,6701460.0,4253140.0,4047690.0,1183180.0,8.47058e-07,2.46033e-05,0.00148589,0.0,0.00146306,0.00146327,0.00146643,629.336,0.0003
25.745,6701710.0,4253280.0,4047820.0,1183190.0,8.47074e-07,3.33861e-05,0.00149464,0.0,0.00146309,0.0014633,0.00146646,629.336,0.0003
25.75,6701770.0,4253310.0,4047850.0,1183190.0,8.47078e-07,3.5627e-05,0.00149687,0.0,0.0014631,0.00146331,0.00146647,629.237,0.0003
25.755,6701750.0,4253300.0,4047850.0,1183190.0,8.47077e-07,3.49926e-05,0.00149624,0.0,0.0014631,0.00146331,0.00146647,628.941,0.0003
25.76,6701750.0,4253300.0,4047850.0,1183190.0,8.47077e-07,3.49926e-05,0.00149624,0.0,0.0014631,0.00146331,0.00146647,627.778,0.0003
25.765,6701550.0,4253190.0,4047740.0,1183180.0,8.47064e-07,2.75397e-05,0.00148881,0.0,0.00146307,0.00146328,0.00146644,627.778,0.0003
25.77,6701490.0,4253160.0,4047710.0,1183180.0,8.4706e-07,2.56382e-05,0.00148692,0.0,0.00146306,0.00146327,0.00146643,627.436,0.0003
25.775,6701430.0,4253120.0,4047670.0,1183180.0,8.47056e-07,2.34495e-05,0.00148474,0.0,0.00146305,0.00146326,0.00146642,627.45,0.0003
25.78,6701430.0,4253120.0,4047670.0,1183180.0,8.47056e-07,2.34495e-05,0.00148474,0.0,0.00146305,0.00146326,0.00146642,627.508,0.0003
25.785,6701440.0,4253120.0,4047680.0,1183180.0,8.47057e-07,2.38192e-05,0.0014851,0.0,0.00146306,0.00146326,0.00146643,627.508,0.0003
25.79,6701440.0,4253130.0,4047680.0,1183180.0,8.47057e-07,2.39136e-05,0.0014852,0.0,0.00146306,0.00146326,0.00146643,627.502,0.0003
25.795,6701440.0,4253130.0,4047680.0,1183180.0,8.47057e-07,2.38737e-05,0.00148516,0.0,0.00146306,0.00146326,0.00146643,627.344,0.0003
25.8,6701440.0,4253130.0,4047680.0,1183180.0,8.47057e-07,2.38737e-05,0.00148516,0.0,0.00146306,0.00146326,0.00146643,626.725,0.0003
25.805,6701310.0,4253050.0,4047610.0,1183180.0,8.47049e-07,1.99189e-05,0.00148121,0.0,0.00146304,0.00146325,0.00146641,626.725,0.0003
25.81,6701270.0,4253030.0,4047600.0,1183180.0,8.47047e-07,1.89099e-05,0.00148021,0.0,0.00146303,0.00146324,0.0014664,631.949,0.0003
25.815,6702210.0,4253560.0,4048080.0,1183190.0,8.47105e-07,5.23833e-05,0.00151357,0.0,0.00146316,0.00146336,0.00146653,631.766,0.0003
25.82,6702210.0,4253560.0,4048080.0,1183190.0,8.47105e-07,5.23833e-05,0.00151357,0.0,0.00146316,0.00146336,0.00146653,631.05,0.0003
25.825,6702090.0,4253490.0,4048020.0,1183190.0,8.47097e-07,4.77914e-05,0.001509,0.0,0.00146314,0.00146335,0.00146651,631.05,0.0003
25.83,6702060.0,4253470.0,4048010.0,1183190.0,8.47095e-07,4.66199e-05,0.00150783,0.0,0.00146314,0.00146335,0.00146651,628.687,0.0003
25.835,6701660.0,4253250.0,4047800.0,1183190.0,8.47071e-07,3.14665e-05,0.00149273,0.0,0.00146309,0.00146329,0.00146645,628.467,0.0003
25.84,6701660.0,4253250.0,4047800.0,1183190.0,8.47071e-07,3.14665e-05,0.00149273,0.0,0.00146309,0.00146329,0.00146645,627.602,0.0003
25.845,6701500.0,4253160.0,4047710.0,1183180.0,8.47061e-07,2.59289e-05,0.00148721,0.0,0.00146306,0.00146327,0.00146643,627.602,0.0003
25.85,6701460.0,4253140.0,4047690.0,1183180.0,8.47058e-07,2.45161e-05,0.0014858,0.0,0.00146306,0.00146327,0.00146643,627.296,0.0003
25.855,6701400.0,4253100.0,4047660.0,1183180.0,8.47054e-07,2.2554e-05,0.00148384,0.0,0.00146305,0.00146326,0.00146642,627.013,0.0003
25.86,6701400.0,4253100.0,4047660.0,1183180.0,8.47054e-07,2.2554e-05,0.00148384,0.0,0.00146305,0.00146326,0.00146642,625.908,0.0003
25.865,6701140.0,4252960.0,4047530.0,1183180.0,8.47038e-07,1.55017e-05,0.00147681,0.0,0.00146302,0.00146323,0.00146639,625.908,0.0003
25.87,6701080.0,4252920.0,4047490.0,1183180.0,8.47034e-07,1.37024e-05,0.00147501,0.0,0.00146301,0.00146322,0.00146638,629.637,0.0003
25.875,6701820.0,4253340.0,4047880.0,1183190.0,8.47081e-07,3.75573e-05,0.0014988,0.0,0.00146311,0.00146331,0.00146648,629.731,0.0003
25.88,6701820.0,4253340.0,4047880.0,1183190.0,8.47081e-07,3.75573e-05,0.0014988,0.0,0.00146311,0.00146331,0.00146648,630.098,0.0003
25.885,6701880.0,4253370.0,4047910.0,1183190.0,8.47085e-07,3.99113e-05,0.00150114,0.0,0.00146311,0.00146332,0.00146648,630.098,0.0003
25.89,6701900.0,4253380.0,4047920.0,1183190.0,8.47085e-07,4.05119e-05,0.00150174,0.0,0.00146312,0.00146332,0.00146649,631.094,0.0003
25.895,6702060.0,4253480.0,4048010.0,1183190.0,8.47096e-07,4.68983e-05,0.00150811,0.0,0.00146314,0.00146335,0.00146651,630.869,0.0003
25.9,6702060.0,4253480.0,4048010.0,1183190.0,8.47096e-07,4.68983e-05,0.00150811,0.0,0.00146314,0.00146335,0.00146651,629.986,0.0003
25.905,6701920.0,4253390.0,4047930.0,1183190.0,8.47087e-07,4.12409e-05,0.00150247,0.0,0.00146312,0.00146333,0.00146649,629.986,0.0003
25.91,6701880.0,4253370.0,4047910.0,1183190.0,8.47084e-07,3.97974e-05,0.00150103,0.0,0.00146311,0.00146332,0.00146648,627.259,0.0003
25.915,6701390.0,4253100.0,4047660.0,1183180.0,8.47054e-07,2.23218e-05,0.00148361,0.0,0.00146305,0.00146326,0.00146642,627.685,0.0003
25.92,6701390.0,4253100.0,4047660.0,1183180.0,8.47054e-07,2.23218e-05,0.00148361,0.0,0.00146305,0.00146326,0.00146642,629.353,0.0003
25.925,6701690.0,4253270.0,4047820.0,1183190.0,8.47073e-07,3.30073e-05,0.00149426,0.0,0.00146309,0.0014633,0.00146646,629.353,0.0003
25.93,6701770.0,4253310.0,4047860.0,1183190.0,8.47078e-07,3.57336e-05,0.00149698,0.0,0.0014631,0.00146331,0.00146647,627.793,0.0003
25.935,6701500.0,4253160.0,4047710.0,1183190.0,8.47061e-07,2.57346e-05,0.00148701,0.0,0.00146306,0.00146327,0.00146643,627.622,0.0003
25.94,6701500.0,4253160.0,4047710.0,1183190.0,8.47061e-07,2.57346e-05,0.00148701,0.0,0.00146306,0.00146327,0.00146643,626.953,0.0003
25.945,6701360.0,4253080.0,4047640.0,1183180.0,8.47052e-07,2.14548e-05,0.00148275,0.0,0.00146305,0.00146325,0.00146642,626.953,0.0003
25.95,6701320.0,4253060.0,4047620.0,1183180.0,8.4705e-07,2.03628e-05,0.00148166,0.0,0.00146304,0.00146325,0.00146641,626.984,0.0003
25.955,6701330.0,4253070.0,4047630.0,1183180.0,8.4705e-07,2.05646e-05,0.00148186,0.0,0.00146304,0.00146325,0.00146641,627.051,0.0003
25.96,6701330.0,4253070.0,4047630.0,1183180.0,8.4705e-07,2.05646e-05,0.00148186,0.0,0.00146304,0.00146325,0.00146641,627.31,0.0003
25.965,6701390.0,4253100.0,4047650.0,1183180.0,8.47054e-07,2.22252e-05,0.00148351,0.0,0.00146305,0.00146326,0.00146642,627.31,0.0003
25.97,6701400.0,4253100.0,4047660.0,1183190.0,8.47055e-07,2.26489e-05,0.00148394,0.0,0.00146305,0.00146326,0.00146642,626.091,0.0003
25.975,6701120.0,4252950.0,4047520.0,1183180.0,8.47037e-07,1.48643e-05,0.00147617,0.0,0.00146301,0.00146322,0.00146638,625.729,0.0003
25.98,6701120.0,4252950.0,4047520.0,1183180.0,8.47037e-07,1.48643e-05,0.00147617,0.0,0.00146301,0.00146322,0.00146638,624.314,0.0003
25.985,6700630.0,4252670.0,4047260.0,1183180.0,8.47006e-07,5.91677e-06,0.00146722,0.0,0.00146295,0.00146316,0.00146632,624.314,0.0003
25.99,6700500.0,4252600.0,4047190.0,1183170.0,8.46998e-07,3.63392e-06,0.00146494,0.0,0.00146293,0.00146314,0.0014663,628.188,0.0003
25.995,6701570.0,4253200.0,4047750.0,1183190.0,8.47065e-07,2.82684e-05,0.00148954,0.0,0.00146307,0.00146328,0.00146644,628.347,0.0003
26.0,6701570.0,4253200.0,4047750.0,1183190.0,8.47065e-07,2.82684e-05,0.00148954,0.0,0.00146307,0.00146328,0.00146644,628.969,0.0003
26.005,6701680.0,4253260.0,4047810.0,1183190.0,8.47072e-07,3.22554e-05,0.00149351,0.0,0.00146309,0.0014633,0.00146646,628.969,0.0003
26.01,6701710.0,4253280.0,4047820.0,1183190.0,8.47074e-07,3.32727e-05,0.00149453,0.0,0.00146309,0.0014633,0.00146646,629.25,0.0003
26.015,6701750.0,4253300.0,4047850.0,1183190.0,8.47077e-07,3.50725e-05,0.00149632,0.0,0.0014631,0.00146331,0.00146647,629.421,0.0003
26.02,6701750.0,4253300.0,4047850.0,1183190.0,8.47077e-07,3.50725e-05,0.00149632,0.0,0.0014631,0.00146331,0.00146647,630.092,0.0003
26.025,6701870.0,4253370.0,4047910.0,1183190.0,8.47084e-07,3.93763e-05,0.00150061,0.0,0.00146311,0.00146332,0.00146648,630.092,0.0003
26.03,6701900.0,4253380.0,4047920.0,1183190.0,8.47085e-07,4.04744e-05,0.0015017,0.0,0.00146312,0.00146332,0.00146649,629.379,0.0003
26.035,6701780.0,4253320.0,4047860.0,1183190.0,8.47078e-07,3.59014e-05,0.00149715,0.0,0.0014631,0.00146331,0.00146647,628.894,0.0003
26.04,6701780.0,4253320.0,4047860.0,1183190.0,8.47078e-07,3.59014e-05,0.00149715,0.0,0.0014631,0.00146331,0.00146647,626.994,0.0003
26.045,6701420.0,4253120.0,4047670.0,1183190.0,8.47056e-07,2.37296e-05,0.00148501,0.0,0.00146305,0.00146326,0.00146642,626.994,0.0003
26.05,6701330.0,4253070.0,4047630.0,1183190.0,8.4705e-07,2.06241e-05,0.00148192,0.0,0.00146304,0.00146325,0.00146641,629.767,0.0003
26.055,6701840.0,4253350.0,4047890.0,1183190.0,8.47082e-07,3.83886e-05,0.00149963,0.0,0.00146311,0.00146332,0.00146648,629.738,0.0003
26.06,6701840.0,4253350.0,4047890.0,1183190.0,8.47082e-07,3.83886e-05,0.00149963,0.0,0.00146311,0.00146332,0.00146648,629.623,0.0003
26.065,6701820.0,4253340.0,4047880.0,1183190.0,8.47081e-07,3.7656e-05,0.0014989,0.0,0.00146311,0.00146331,0.00146648,629.623,0.0003
26.07,6701820.0,4253340.0,4047880.0,1183190.0,8.47081e-07,3.74691e-05,0.00149871,0.0,0.00146311,0.00146331,0.00146648,623.946,0.0003
26.075,6700220.0,4252440.0,4047040.0,1183170.0,8.46981e-07,1.38765e-06,0.00146267,0.0,0.0014629,0.00146311,0.00146627,625.12,0.0003
26.08,6700220.0,4252440.0,4047040.0,1183170.0,8.46981e-07,1.38766e-06,0.00146267,0.0,0.0014629,0.00146311,0.00146627,629.722,0.0003
26.085,6701510.0,4253160.0,4047720.0,1183190.0,8.47061e-07,3.06408e-05,0.00149189,0.0,0.00146306,0.00146327,0.00146643,629.722,0.0003
26.09,6701830.0,4253350.0,4047890.0,1183190.0,8.47082e-07,3.81044e-05,0.00149934,0.0,0.00146311,0.00146332,0.00146648,629.631,0.0003
26.095,6701820.0,4253340.0,4047880.0,1183190.0,8.47081e-07,3.75191e-05,0.00149876,0.0,0.00146311,0.00146331,0.00146648,628.743,0.0003
26.1,6701820.0,4253340.0,4047880.0,1183190.0,8.47081e-07,3.75191e-05,0.00149876,0.0,0.00146311,0.00146331,0.00146648,625.264,0.0003
26.105,6701080.0,4252920.0,4047490.0,1183180.0,8.47034e-07,1.52828e-05,0.00147658,0.0,0.00146301,0.00146322,0.00146638,625.264,0.0003
26.11,6700890.0,4252820.0,4047390.0,1183180.0,8.47023e-07,9.60942e-06,0.00147092,0.0,0.00146298,0.00146319,0.00146635,627.532,0.0003
26.115,6701440.0,4253130.0,4047690.0,1183190.0,8.47057e-07,2.40693e-05,0.00148535,0.0,0.00146306,0.00146327,0.00146643,627.705,0.0003
26.12,6701440.0,4253130.0,4047690.0,1183190.0,8.47057e-07,2.40693e-05,0.00148535,0.0,0.00146306,0.00146327,0.00146643,628.381,0.0003
26.125,6701570.0,4253200.0,4047750.0,1183190.0,8.47065e-07,2.83992e-05,0.00148967,0.0,0.00146307,0.00146328,0.00146644,628.381,0.0003
26.13,6701610.0,4253220.0,4047770.0,1183190.0,8.47067e-07,2.95039e-05,0.00149077,0.0,0.00146308,0.00146329,0.00146645,627.109,0.0003
26.135,6701360.0,4253080.0,4047640.0,1183190.0,8.47052e-07,2.13622e-05,0.00148265,0.0,0.00146305,0.00146325,0.00146641,627.051,0.0003
26.14,6701360.0,4253080.0,4047640.0,1183190.0,8.47052e-07,2.13622e-05,0.00148265,0.0,0.00146305,0.00146325,0.00146641,626.821,0.0003
26.145,6701310.0,4253050.0,4047610.0,1183190.0,8.47049e-07,1.98982e-05,0.00148119,0.0,0.00146304,0.00146325,0.00146641,626.821,0.0003
26.15,6701300.0,4253050.0,4047610.0,1183190.0,8.47048e-07,1.95247e-05,0.00148082,0.0,0.00146304,0.00146325,0.00146641,626.868,0.0003
26.155,6701310.0,4253050.0,4047610.0,1183190.0,8.47049e-07,1.98198e-05,0.00148112,0.0,0.00146304,0.00146325,0.00146641,626.38,0.0003
26.16,6701310.0,4253050.0,4047610.0,1183190.0,8.47049e-07,1.98198e-05,0.00148112,0.0,0.00146304,0.00146325,0.00146641,624.47,0.0003
26.165,6700730.0,4252730.0,4047310.0,1183180.0,8.47013e-07,7.69955e-06,0.001469,0.0,0.00146296,0.00146317,0.00146633,624.47,0.0003
26.17,6700580.0,4252650.0,4047230.0,1183180.0,8.47003e-07,4.6072e-06,0.00146591,0.0,0.00146294,0.00146315,0.00146631,627.342,0.0003
26.175,6701410.0,4253110.0,4047670.0,1183190.0,8.47055e-07,2.28541e-05,0.00148414,0.0,0.00146305,0.00146326,0.00146642,627.86,0.0003
26.18,6701410.0,4253110.0,4047670.0,1183190.0,8.47055e-07,2.28541e-05,0.00148414,0.0,0.00146305,0.00146326,0.00146642,629.89,0.0003
26.185,6701770.0,4253310.0,4047860.0,1183190.0,8.47078e-07,3.58601e-05,0.0014971,0.0,0.0014631,0.00146331,0.00146647,629.89,0.0003
26.19,6701860.0,4253360.0,4047910.0,1183190.0,8.47083e-07,3.91784e-05,0.00150041,0.0,0.00146311,0.00146332,0.00146648,626.427,0.0003
26.195,6701210.0,4253000.0,4047560.0,1183190.0,8.47042e-07,1.7005e-05,0.00147831,0.0,0.00146303,0.00146323,0.00146639,627.136,0.0003
26.2,6701210.0,4253000.0,4047560.0,1183190.0,8.47042e-07,1.7005e-05,0.00147831,0.0,0.00146303,0.00146323,0.00146639,629.914,0.0003
26.205,6701730.0,4253290.0,4047840.0,1183190.0,8.47075e-07,3.47963e-05,0.00149604,0.0,0.00146309,0.0014633,0.00146646,629.914,0.0003
26.21,6701870.0,4253370.0,4047910.0,1183190.0,8.47084e-07,3.93355e-05,0.00150057,0.0,0.00146311,0.00146332,0.00146648,626.868,0.0003
26.215,6701310.0,4253050.0,4047610.0,1183190.0,8.47049e-07,1.98256e-05,0.00148112,0.0,0.00146304,0.00146325,0.00146641,627.656,0.0003
26.22,6701310.0,4253050.0,4047610.0,1183190.0,8.47049e-07,1.98256e-05,0.00148112,0.0,0.00146304,0.00146325,0.00146641,630.741,0.0003
26.225,6701860.0,4253360.0,4047910.0,1183190.0,8.47083e-07,3.95957e-05,0.00150083,0.0,0.00146311,0.00146332,0.00146648,630.741,0.0003
26.23,6702000.0,4253440.0,4047980.0,1183200.0,8.47092e-07,4.46399e-05,0.00150585,0.0,0.00146313,0.00146334,0.0014665,626.242,0.0003
26.235,6701160.0,4252970.0,4047540.0,1183190.0,8.4704e-07,1.583e-05,0.00147713,0.0,0.00146302,0.00146323,0.00146639,626.961,0.0003
26.24,6701160.0,4252970.0,4047540.0,1183190.0,8.4704e-07,1.583e-05,0.00147713,0.0,0.00146302,0.00146323,0.00146639,629.78,0.0003
26.245,6701700.0,4253280.0,4047820.0,1183190.0,8.47074e-07,3.38695e-05,0.00149512,0.0,0.00146309,0.0014633,0.00146646,629.78,0.0003
26.25,6701840.0,4253350.0,4047900.0,1183190.0,8.47082e-07,3.8472e-05,0.00149971,0.0,0.00146311,0.00146332,0.00146648,629.736,0.0003
26.255,6701840.0,4253350.0,4047890.0,1183190.0,8.47082e-07,3.81912e-05,0.00149943,0.0,0.00146311,0.00146332,0.00146648,628.873,0.0003
26.26,6701840.0,4253350.0,4047890.0,1183190.0,8.47082e-07,3.81912e-05,0.00149943,0.0,0.00146311,0.00146332,0.00146648,625.491,0.0003
26.265,6701140.0,4252960.0,4047530.0,1183190.0,8.47038e-07,1.65684e-05,0.00147786,0.0,0.00146302,0.00146322,0.00146639,625.491,0.0003
26.27,6700960.0,4252860.0,4047430.0,1183180.0,8.47027e-07,1.10517e-05,0.00147236,0.0,0.00146299,0.0014632,0.00146636,629.424,0.0003
26.275,6701780.0,4253320.0,4047870.0,1183190.0,8.47078e-07,3.61911e-05,0.00149744,0.0,0.0014631,0.00146331,0.00146647,628.862,0.0003
26.28,6701780.0,4253320.0,4047870.0,1183190.0,8.47078e-07,3.61911e-05,0.00149744,0.0,0.0014631,0.00146331,0.00146647,626.66,0.0003
26.285,6701370.0,4253090.0,4047650.0,1183190.0,8.47052e-07,2.20908e-05,0.00148338,0.0,0.00146305,0.00146325,0.00146642,626.66,0.0003
26.29,6701260.0,4253030.0,4047590.0,1183190.0,8.47046e-07,1.84932e-05,0.00147979,0.0,0.00146303,0.00146324,0.0014664,630.816,0.0003
26.295,6702020.0,4253450.0,4047990.0,1183200.0,8.47093e-07,4.51172e-05,0.00150633,0.0,0.00146313,0.00146334,0.0014665,630.264,0.0003
26.3,6702020.0,4253450.0,4047990.0,1183200.0,8.47093e-07,4.51172e-05,0.00150633,0.0,0.00146313,0.00146334,0.0014665,628.102,0.0003
26.305,6701650.0,4253250.0,4047790.0,1183190.0,8.4707e-07,3.12517e-05,0.00149251,0.0,0.00146308,0.00146329,0.00146645,628.102,0.0003
26.31,6701550.0,4253190.0,4047740.0,1183190.0,8.47064e-07,2.77141e-05,0.00148899,0.0,0.00146307,0.00146328,0.00146644,626.558,0.0003
26.315,6701240.0,4253010.0,4047580.0,1183190.0,8.47044e-07,1.78438e-05,0.00147914,0.0,0.00146303,0.00146324,0.0014664,627.281,0.0003
26.32,6701240.0,4253010.0,4047580.0,1183190.0,8.47044e-07,1.78438e-05,0.00147914,0.0,0.00146303,0.00146324,0.0014664,630.115,0.0003
26.325,6701760.0,4253310.0,4047860.0,1183190.0,8.47077e-07,3.59895e-05,0.00149723,0.0,0.0014631,0.00146331,0.00146647,630.115,0.0003
26.33,6701900.0,4253390.0,4047930.0,1183190.0,8.47086e-07,4.06192e-05,0.00150185,0.0,0.00146312,0.00146332,0.00146649,630.244,0.0003
26.335,6701920.0,4253400.0,4047940.0,1183200.0,8.47087e-07,4.14493e-05,0.00150267,0.0,0.00146312,0.00146333,0.00146649,628.865,0.0003
26.34,6701920.0,4253400.0,4047940.0,1183200.0,8.47087e-07,4.14493e-05,0.00150267,0.0,0.00146312,0.00146333,0.00146649,623.462,0.0003
26.345,6696570.0,4250390.0,4045130.0,1183130.0,8.46753e-07,9.09399e-06,0.00146985,0.0,0.00146242,0.00146263,0.00146578,623.462,0.0003
26.35,6695200.0,4249620.0,4044410.0,1183120.0,8.46668e-07,8.38898e-07,0.00146147,0.0,0.00146224,0.00146245,0.0014656,626.613,0.0003
26.355,6701250.0,4253020.0,4047580.0,1183190.0,8.47045e-07,1.8195e-05,0.00147949,0.0,0.00146303,0.00146324,0.0014664,626.639,0.0003
26.36,6701250.0,4253020.0,4047580.0,1183190.0,8.47045e-07,1.8195e-05,0.00147949,0.0,0.00146303,0.00146324,0.0014664,626.743,0.0003
26.365,6701270.0,4253030.0,4047600.0,1183190.0,8.47047e-07,1.88541e-05,0.00148015,0.0,0.00146303,0.00146324,0.0014664,626.743,0.0003
26.37,6701280.0,4253040.0,4047600.0,1183190.0,8.47047e-07,1.90223e-05,0.00148032,0.0,0.00146303,0.00146324,0.0014664,632.652,0.0003
26.375,6702320.0,4253620.0,4048150.0,1183200.0,8.47112e-07,5.68943e-05,0.00151807,0.0,0.00146317,0.00146338,0.00146654,631.766,0.0003
26.38,6702320.0,4253620.0,4048150.0,1183200.0,8.47112e-07,5.68943e-05,0.00151807,0.0,0.00146317,0.00146338,0.00146654,628.292,0.0003
26.385,6701740.0,4253300.0,4047840.0,1183190.0,8.47076e-07,3.46149e-05,0.00149586,0.0,0.00146309,0.0014633,0.00146646,628.292,0.0003
26.39,6701590.0,4253210.0,4047760.0,1183190.0,8.47066e-07,2.89306e-05,0.0014902,0.0,0.00146308,0.00146328,0.00146644,625.138,0.0003
26.395,6700850.0,4252800.0,4047370.0,1183180.0,8.4702e-07,8.81437e-06,0.00147013,0.0,0.00146298,0.00146319,0.00146635,626.156,0.0003
26.4,6700850.0,4252800.0,4047370.0,1183180.0,8.4702e-07,8.81438e-06,0.00147013,0.0,0.00146298,0.00146319,0.00146635,630.149,0.0003
26.405,6701690.0,4253270.0,4047820.0,1183190.0,8.47073e-07,3.43285e-05,0.00149557,0.0,0.00146309,0.0014633,0.00146646,630.149,0.0003
26.41,6701900.0,4253390.0,4047930.0,1183200.0,8.47086e-07,4.08381e-05,0.00150207,0.0,0.00146312,0.00146332,0.00146649,628.885,0.0003
26.415,6701690.0,4253270.0,4047820.0,1183190.0,8.47073e-07,3.27359e-05,0.00149399,0.0,0.00146309,0.0014633,0.00146646,629.508,0.0003
26.42,6701690.0,4253270.0,4047820.0,1183190.0,8.47073e-07,3.2736e-05,0.00149399,0.0,0.00146309,0.0014633,0.00146646,631.948,0.0003
26.425,6702100.0,4253500.0,4048030.0,1183200.0,8.47098e-07,4.83848e-05,0.00150959,0.0,0.00146314,0.00146335,0.00146651,631.948,0.0003
26.43,6702210.0,4253560.0,4048090.0,1183200.0,8.47105e-07,5.23774e-05,0.00151356,0.0,0.00146316,0.00146336,0.00146653,631.339,0.0003
26.435,6702100.0,4253500.0,4048030.0,1183200.0,8.47098e-07,4.84745e-05,0.00150968,0.0,0.00146314,0.00146335,0.00146651,630.816,0.0003
26.44,6702100.0,4253500.0,4048030.0,1183200.0,8.47098e-07,4.84745e-05,0.00150968,0.0,0.00146314,0.00146335,0.00146651,628.766,0.0003
26.445,6701760.0,4253310.0,4047850.0,1183190.0,8.47077e-07,3.53267e-05,0.00149657,0.0,0.0014631,0.00146331,0.00146647,628.766,0.0003
26.45,6701670.0,4253260.0,4047810.0,1183190.0,8.47072e-07,3.19722e-05,0.00149323,0.0,0.00146309,0.00146329,0.00146646,630.011,0.0003
26.455,6701880.0,4253380.0,4047920.0,1183200.0,8.47085e-07,3.99534e-05,0.00150118,0.0,0.00146311,0.00146332,0.00146648,629.542,0.0003
26.46,6701880.0,4253380.0,4047920.0,1183200.0,8.47085e-07,3.99534e-05,0.00150118,0.0,0.00146311,0.00146332,0.00146648,627.706,0.0003
26.465,6701560.0,4253200.0,4047750.0,1183190.0,8.47065e-07,2.81853e-05,0.00148946,0.0,0.00146307,0.00146328,0.00146644,627.706,0.0003
26.47,6701480.0,4253150.0,4047710.0,1183190.0,8.47059e-07,2.51829e-05,0.00148646,0.0,0.00146306,0.00146327,0.00146643,631.346,0.0003
26.475,6702100.0,4253500.0,4048030.0,1183200.0,8.47099e-07,4.85207e-05,0.00150972,0.0,0.00146314,0.00146335,0.00146651,631.479,0.0003
26.48,6702100.0,4253500.0,4048030.0,1183200.0,8.47099e-07,4.85207e-05,0.00150972,0.0,0.00146314,0.00146335,0.00146651,631.998,0.0003
26.485,6702190.0,4253550.0,4048080.0,1183200.0,8.47104e-07,5.185e-05,0.00151304,0.0,0.00146315,0.00146336,0.00146652,631.998,0.0003
26.49,6702210.0,4253560.0,4048090.0,1183200.0,8.47105e-07,5.26994e-05,0.00151388,0.0,0.00146316,0.00146337,0.00146653,632.827,0.0003
26.495,6702350.0,4253640.0,4048160.0,1183200.0,8.47114e-07,5.80195e-05,0.00151919,0.0,0.00146317,0.00146338,0.00146654,631.671,0.0003
26.5,6702350.0,4253640.0,4048160.0,1183200.0,8.47114e-07,5.80195e-05,0.00151919,0.0,0.00146317,0.00146338,0.00146654,627.138,0.0003
26.505,6701570.0,4253200.0,4047750.0,1183190.0,8.47065e-07,2.89638e-05,0.00149023,0.0,0.00146307,0.00146328,0.00146644,627.138,0.0003
26.51,6701360.0,4253090.0,4047650.0,1183190.0,8.47052e-07,2.15506e-05,0.00148284,0.0,0.00146305,0.00146325,0.00146641,628.388,0.0003
26.515,6701610.0,4253220.0,4047770.0,1183190.0,8.47067e-07,2.95463e-05,0.00149081,0.0,0.00146308,0.00146329,0.00146645,628.69,0.0003
26.52,6701610.0,4253220.0,4047770.0,1183190.0,8.47067e-07,2.95463e-05,0.00149081,0.0,0.00146308,0.00146329,0.00146645,629.877,0.0003
26.525,6701810.0,4253340.0,4047880.0,1183200.0,8.4708e-07,3.71551e-05,0.0014984,0.0,0.0014631,0.00146331,0.00146647,629.877,0.0003
26.53,6701860.0,4253360.0,4047910.0,1183200.0,8.47083e-07,3.90964e-05,0.00150033,0.0,0.00146311,0.00146332,0.00146648,631.89,0.0003
26.535,6702200.0,4253550.0,4048080.0,1183200.0,8.47104e-07,5.20077e-05,0.0015132,0.0,0.00146315,0.00146336,0.00146652,631.601,0.0003
26.54,6702200.0,4253550.0,4048080.0,1183200.0,8.47104e-07,5.20077e-05,0.0015132,0.0,0.00146315,0.00146336,0.00146652,630.468,0.0003
26.545,6702010.0,4253450.0,4047980.0,1183200.0,8.47092e-07,4.47383e-05,0.00150595,0.0,0.00146313,0.00146334,0.0014665,630.468,0.0003
26.55,6701960.0,4253420.0,4047960.0,1183200.0,8.47089e-07,4.28836e-05,0.0015041,0.0,0.00146312,0.00146333,0.00146649,629.703,0.0003
26.555,6701830.0,4253350.0,4047890.0,1183200.0,8.47081e-07,3.79806e-05,0.00149922,0.0,0.00146311,0.00146331,0.00146648,629.912,0.0003
26.56,6701830.0,4253350.0,4047890.0,1183200.0,8.47081e-07,3.79806e-05,0.00149922,0.0,0.00146311,0.00146331,0.00146648,630.733,0.0003
26.565,6701970.0,4253430.0,4047960.0,1183200.0,8.4709e-07,4.3242e-05,0.00150446,0.0,0.00146312,0.00146333,0.00146649,630.733,0.0003
26.57,6702000.0,4253450.0,4047980.0,1183200.0,8.47092e-07,4.45844e-05,0.0015058,0.0,0.00146313,0.00146334,0.0014665,625.327,0.0003
26.575,6700910.0,4252830.0,4047410.0,1183190.0,8.47024e-07,1.00121e-05,0.00147132,0.0,0.00146299,0.00146319,0.00146635,625.575,0.0003
26.58,6700910.0,4252830.0,4047410.0,1183190.0,8.47024e-07,1.00121e-05,0.00147132,0.0,0.00146299,0.00146319,0.00146635,626.547,0.0003
26.585,6701170.0,4252980.0,4047540.0,1183190.0,8.4704e-07,1.61951e-05,0.0014775,0.0,0.00146302,0.00146323,0.00146639,626.547,0.0003
26.59,6701230.0,4253010.0,4047580.0,1183190.0,8.47044e-07,1.77726e-05,0.00147907,0.0,0.00146303,0.00146324,0.0014664,629.173,0.0003
26.595,6701740.0,4253300.0,4047840.0,1183200.0,8.47076e-07,3.45796e-05,0.00149583,0.0,0.00146309,0.0014633,0.00146646,628.917,0.0003
26.6,6701740.0,4253300.0,4047840.0,1183200.0,8.47076e-07,3.45796e-05,0.00149583,0.0,0.00146309,0.0014633,0.00146646,627.916,0.0003
26.605,6701560.0,4253200.0,4047750.0,1183190.0,8.47065e-07,2.81603e-05,0.00148943,0.0,0.00146307,0.00146328,0.00146644,627.916,0.0003
26.61,6701520.0,4253170.0,4047730.0,1183190.0,8.47062e-07,2.65225e-05,0.0014878,0.0,0.00146307,0.00146327,0.00146644,629.499,0.0003
26.615,6701800.0,4253330.0,4047870.0,1183200.0,8.47079e-07,3.6674e-05,0.00149792,0.0,0.0014631,0.00146331,0.00146647,629.181,0.0003
26.62,6701800.0,4253330.0,4047870.0,1183200.0,8.47079e-07,3.6674e-05,0.00149792,0.0,0.0014631,0.00146331,0.00146647,627.934,0.0003
26.625,6701580.0,4253210.0,4047760.0,1183190.0,8.47066e-07,2.86805e-05,0.00148995,0.0,0.00146307,0.00146328,0.00146644,627.934,0.0003
26.63,6701520.0,4253180.0,4047730.0,1183190.0,8.47062e-07,2.6641e-05,0.00148792,0.0,0.00146307,0.00146327,0.00146644,631.331,0.0003
26.635,6702100.0,4253500.0,4048030.0,1183200.0,8.47098e-07,4.84194e-05,0.00150962,0.0,0.00146314,0.00146335,0.00146651,630.654,0.0003
26.64,6702100.0,4253500.0,4048030.0,1183200.0,8.47098e-07,4.84194e-05,0.00150962,0.0,0.00146314,0.00146335,0.00146651,628.004,0.0003
26.645,6701650.0,4253250.0,4047800.0,1183200.0,8.4707e-07,3.1424e-05,0.00149268,0.0,0.00146308,0.00146329,0.00146645,628.004,0.0003
26.65,6701540.0,4253180.0,4047740.0,1183190.0,8.47063e-07,2.70879e-05,0.00148836,0.0,0.00146307,0.00146328,0.00146644,627.533,0.0003
26.655,6701450.0,4253130.0,4047690.0,1183190.0,8.47057e-07,2.40716e-05,0.00148535,0.0,0.00146306,0.00146326,0.00146643,627.808,0.0003
26.66,6701450.0,4253130.0,4047690.0,1183190.0,8.47057e-07,2.40716e-05,0.00148535,0.0,0.00146306,0.00146326,0.00146643,628.889,0.0003
26.665,6701640.0,4253240.0,4047790.0,1183200.0,8.4707e-07,3.09916e-05,0.00149225,0.0,0.00146308,0.00146329,0.00146645,628.889,0.0003
26.67,6701690.0,4253270.0,4047820.0,1183200.0,8.47073e-07,3.27571e-05,0.00149401,0.0,0.00146309,0.0014633,0.00146646,632.381,0.0003
26.675,6702280.0,4253600.0,4048130.0,1183200.0,8.47109e-07,5.51548e-05,0.00151633,0.0,0.00146316,0.00146337,0.00146653,631.687,0.0003
26.68,6702280.0,4253600.0,4048130.0,1183200.0,8.47109e-07,5.51548e-05,0.00151633,0.0,0.00146316,0.00146337,0.00146653,628.966,0.0003
26.685,6701820.0,4253350.0,4047890.0,1183200.0,8.47081e-07,3.77052e-05,0.00149894,0.0,0.00146311,0.00146331,0.00146647,628.966,0.0003
26.69,6701710.0,4253280.0,4047830.0,1183200.0,8.47074e-07,3.32532e-05,0.00149451,0.0,0.00146309,0.0014633,0.00146646,630.842,0.0003
26.695,6702020.0,4253460.0,4047990.0,1183200.0,8.47093e-07,4.52857e-05,0.0015065,0.0,0.00146313,0.00146334,0.0014665,630.087,0.0003
26.7,6702020.0,4253460.0,4047990.0,1183200.0,8.47093e-07,4.52857e-05,0.0015065,0.0,0.00146313,0.00146334,0.0014665,627.126,0.0003
26.705,6701500.0,4253160.0,4047720.0,1183190.0,8.4706e-07,2.63123e-05,0.00148759,0.0,0.00146306,0.00146327,0.00146643,627.126,0.0003
26.71,6701360.0,4253090.0,4047650.0,1183190.0,8.47052e-07,2.14714e-05,0.00148276,0.0,0.00146304,0.00146325,0.00146641,626.189,0.0003
26.715,6701150.0,4252970.0,4047530.0,1183190.0,8.47039e-07,1.54908e-05,0.00147679,0.0,0.00146302,0.00146323,0.00146639,626.213,0.0003
26.72,6701150.0,4252970.0,4047530.0,1183190.0,8.47039e-07,1.54908e-05,0.00147679,0.0,0.00146302,0.00146323,0.00146639,626.309,0.0003
26.725,6701170.0,4252980.0,4047550.0,1183190.0,8.4704e-07,1.61028e-05,0.00147741,0.0,0.00146302,0.00146323,0.00146639,626.309,0.0003
26.73,6701180.0,4252980.0,4047550.0,1183190.0,8.47041e-07,1.62589e-05,0.00147756,0.0,0.00146302,0.00146323,0.00146639,629.023,0.0003
26.735,6701720.0,4253290.0,4047830.0,1183200.0,8.47074e-07,3.3617e-05,0.00149487,0.0,0.00146309,0.0014633,0.00146646,628.599,0.0003
26.74,6701720.0,4253290.0,4047830.0,1183200.0,8.47074e-07,3.3617e-05,0.00149487,0.0,0.00146309,0.0014633,0.00146646,626.937,0.0003
26.745,6701400.0,4253110.0,4047670.0,1183190.0,8.47055e-07,2.29784e-05,0.00148426,0.0,0.00146305,0.00146326,0.00146642,626.937,0.0003
26.75,6701320.0,4253060.0,4047620.0,1183190.0,8.4705e-07,2.02641e-05,0.00148156,0.0,0.00146304,0.00146325,0.00146641,628.242,0.0003
26.755,6701580.0,4253210.0,4047760.0,1183200.0,8.47066e-07,2.86151e-05,0.00148988,0.0,0.00146307,0.00146328,0.00146644,628.223,0.0003
26.76,6701580.0,4253210.0,4047760.0,1183200.0,8.47066e-07,2.86151e-05,0.00148988,0.0,0.00146307,0.00146328,0.00146644,628.147,0.0003
26.765,6701570.0,4253200.0,4047750.0,1183200.0,8.47065e-07,2.81299e-05,0.0014894,0.0,0.00146307,0.00146328,0.00146644,628.147,0.0003
26.77,6701560.0,4253200.0,4047750.0,1183200.0,8.47065e-07,2.80061e-05,0.00148928,0.0,0.00146307,0.00146328,0.00146644,625.687,0.0003
26.775,6701010.0,4252890.0,4047460.0,1183190.0,8.4703e-07,1.22974e-05,0.00147361,0.0,0.001463,0.00146321,0.00146637,625.555,0.0003
26.78,6701010.0,4252890.0,4047460.0,1183190.0,8.4703e-07,1.22974e-05,0.00147361,0.0,0.001463,0.00146321,0.00146637,625.039,0.0003
26.785,6700850.0,4252800.0,4047380.0,1183190.0,8.4702e-07,9.02334e-06,0.00147033,0.0,0.00146298,0.00146319,0.00146635,625.039,0.0003
26.79,6700810.0,4252780.0,4047360.0,1183190.0,8.47018e-07,8.18801e-06,0.0014695,0.0,0.00146297,0.00146318,0.00146634,631.618,0.0003
26.795,6702150.0,4253530.0,4048060.0,1183200.0,8.47101e-07,5.02651e-05,0.00151146,0.0,0.00146315,0.00146336,0.00146652,630.866,0.0003
26.8,6702150.0,4253530.0,4048060.0,1183200.0,8.47101e-07,5.02651e-05,0.00151146,0.0,0.00146315,0.00146336,0.00146652,627.916,0.0003
26.805,6701650.0,4253250.0,4047800.0,1183200.0,8.4707e-07,3.13531e-05,0.00149261,0.0,0.00146308,0.00146329,0.00146645,627.916,0.0003
26.81,6701520.0,4253180.0,4047730.0,1183200.0,8.47062e-07,2.65279e-05,0.0014878,0.0,0.00146307,0.00146327,0.00146643,627.629,0.0003
26.815,6701460.0,4253140.0,4047700.0,1183200.0,8.47059e-07,2.46864e-05,0.00148597,0.0,0.00146306,0.00146327,0.00146643,627.712,0.0003
26.82,6701460.0,4253140.0,4047700.0,1183200.0,8.47059e-07,2.46864e-05,0.00148597,0.0,0.00146306,0.00146327,0.00146643,628.039,0.0003
26.825,6701530.0,4253180.0,4047730.0,1183200.0,8.47062e-07,2.67806e-05,0.00148806,0.0,0.00146307,0.00146327,0.00146644,628.039,0.0003
26.83,6701540.0,4253190.0,4047740.0,1183200.0,8.47063e-07,2.73149e-05,0.00148859,0.0,0.00146307,0.00146328,0.00146644,623.88,0.0003
26.835,6700130.0,4252390.0,4047000.0,1183180.0,8.46975e-07,1.01355e-06,0.00146228,0.0,0.00146288,0.00146309,0.00146625,625.029,0.0003
26.84,6700130.0,4252390.0,4047000.0,1183180.0,8.46975e-07,1.01356e-06,0.00146228,0.0,0.00146288,0.00146309,0.00146625,629.533,0.0003
26.845,6701460.0,4253140.0,4047700.0,1183200.0,8.47058e-07,2.95991e-05,0.00149085,0.0,0.00146306,0.00146327,0.00146643,629.533,0.0003
26.85,6701800.0,4253330.0,4047880.0,1183200.0,8.4708e-07,3.68924e-05,0.00149813,0.0,0.0014631,0.00146331,0.00146647,627.852,0.0003
26.855,6701510.0,4253170.0,4047720.0,1183200.0,8.47061e-07,2.61165e-05,0.00148739,0.0,0.00146306,0.00146327,0.00146643,628.19,0.0003
26.86,6701510.0,4253170.0,4047720.0,1183200.0,8.47061e-07,2.61165e-05,0.00148739,0.0,0.00146306,0.00146327,0.00146643,629.513,0.0003
26.865,6701740.0,4253300.0,4047840.0,1183200.0,8.47076e-07,3.45985e-05,0.00149585,0.0,0.00146309,0.0014633,0.00146646,629.513,0.0003
26.87,6701800.0,4253330.0,4047880.0,1183200.0,8.47079e-07,3.67626e-05,0.001498,0.0,0.0014631,0.00146331,0.00146647,626.429,0.0003
26.875,6701210.0,4253000.0,4047570.0,1183190.0,8.47042e-07,1.70246e-05,0.00147833,0.0,0.00146302,0.00146323,0.00146639,624.896,0.0003
26.88,6701210.0,4253000.0,4047570.0,1183190.0,8.47042e-07,1.70246e-05,0.00147833,0.0,0.00146302,0.00146323,0.00146639,618.888,0.0003
26.885,6650650.0,4224580.0,4021010.0,1182600.0,8.43879e-07,4.12618e-06,0.00145892,0.0,0.0014564,0.0014566,0.00145972,618.888,0.0003
26.89,6637750.0,4217340.0,4014230.0,1182440.0,8.43072e-07,8.35282e-07,0.00145397,0.0,0.00145471,0.00145491,0.00145802,627.421,0.0003
26.895,6701420.0,4253120.0,4047680.0,1183200.0,8.47056e-07,2.33589e-05,0.00148464,0.0,0.00146305,0.00146326,0.00146642,627.471,0.0003
26.9,6701420.0,4253120.0,4047680.0,1183200.0,8.47056e-07,2.33589e-05,0.00148464,0.0,0.00146305,0.00146326,0.00146642,627.664,0.0003
26.905,6701460.0,4253140.0,4047700.0,1183200.0,8.47058e-07,2.45976e-05,0.00148588,0.0,0.00146306,0.00146327,0.00146643,627.664,0.0003
26.91,6701470.0,4253150.0,4047700.0,1183200.0,8.47059e-07,2.49136e-05,0.00148619,0.0,0.00146306,0.00146327,0.00146643,625.027,0.0003
26.915,6700810.0,4252780.0,4047360.0,1183190.0,8.47018e-07,8.11607e-06,0.00146943,0.0,0.00146297,0.00146318,0.00146634,626.061,0.0003
26.92,6700810.0,4252780.0,4047360.0,1183190.0,8.47018e-07,8.11608e-06,0.00146943,0.0,0.00146297,0.00146318,0.00146634,630.113,0.0003
26.925,6701680.0,4253260.0,4047810.0,1183200.0,8.47072e-07,3.40036e-05,0.00149525,0.0,0.00146309,0.00146329,0.00146646,630.113,0.0003
26.93,6701900.0,4253390.0,4047930.0,1183200.0,8.47086e-07,4.06085e-05,0.00150184,0.0,0.00146311,0.00146332,0.00146648,628.543,0.0003
26.935,6701630.0,4253240.0,4047790.0,1183200.0,8.47069e-07,3.05433e-05,0.00149181,0.0,0.00146308,0.00146329,0.00146645,628.937,0.0003
26.94,6701630.0,4253240.0,4047790.0,1183200.0,8.47069e-07,3.05433e-05,0.00149181,0.0,0.00146308,0.00146329,0.00146645,630.48,0.0003
26.945,6701890.0,4253390.0,4047930.0,1183200.0,8.47085e-07,4.0437e-05,0.00150167,0.0,0.00146311,0.00146332,0.00146648,630.48,0.0003
26.95,6701960.0,4253420.0,4047960.0,1183200.0,8.47089e-07,4.29613e-05,0.00150418,0.0,0.00146312,0.00146333,0.00146649,628.228,0.0003
26.955,6701580.0,4253210.0,4047760.0,1183200.0,8.47066e-07,2.85262e-05,0.0014898,0.0,0.00146307,0.00146328,0.00146644,627.55,0.0003
26.96,6701580.0,4253210.0,4047760.0,1183200.0,8.47066e-07,2.85262e-05,0.0014898,0.0,0.00146307,0.00146328,0.00146644,624.89,0.0003
26.965,6700930.0,4252840.0,4047420.0,1183190.0,8.47025e-07,1.15725e-05,0.00147287,0.0,0.00146299,0.0014632,0.00146636,624.89,0.0003
26.97,6700760.0,4252750.0,4047330.0,1183190.0,8.47015e-07,7.24702e-06,0.00146856,0.0,0.00146297,0.00146317,0.00146633,631.449,0.0003
26.975,6702120.0,4253510.0,4048050.0,1183200.0,8.471e-07,4.9178e-05,0.00151038,0.0,0.00146314,0.00146335,0.00146651,630.599,0.0003
26.98,6702120.0,4253510.0,4048050.0,1183200.0,8.471e-07,4.9178e-05,0.00151038,0.0,0.00146314,0.00146335,0.00146651,627.266,0.0003
26.985,6701540.0,4253190.0,4047740.0,1183200.0,8.47063e-07,2.78163e-05,0.00148909,0.0,0.00146307,0.00146328,0.00146644,627.266,0.0003
26.99,6701390.0,4253100.0,4047660.0,1183200.0,8.47054e-07,2.23661e-05,0.00148365,0.0,0.00146305,0.00146326,0.00146642,628.024,0.0003
26.995,6701540.0,4253190.0,4047740.0,1183200.0,8.47063e-07,2.72148e-05,0.00148849,0.0,0.00146307,0.00146328,0.00146644,627.687,0.0003
27.0,6701540.0,4253190.0,4047740.0,1183200.0,8.47063e-07,2.72148e-05,0.00148849,0.0,0.00146307,0.00146328,0.00146644,626.369,0.0003
27.005,6701260.0,4253030.0,4047600.0,1183190.0,8.47046e-07,1.8791e-05,0.00148009,0.0,0.00146303,0.00146324,0.0014664,626.369,0.0003
27.01,6701190.0,4252990.0,4047560.0,1183190.0,8.47042e-07,1.66418e-05,0.00147794,0.0,0.00146302,0.00146323,0.00146639,626.872,0.0003
27.015,6701310.0,4253060.0,4047620.0,1183200.0,8.47049e-07,1.98512e-05,0.00148115,0.0,0.00146304,0.00146325,0.00146641,626.742,0.0003
27.02,6701310.0,4253060.0,4047620.0,1183200.0,8.47049e-07,1.98512e-05,0.00148115,0.0,0.00146304,0.00146325,0.00146641,626.233,0.0003
27.025,6701190.0,4252990.0,4047560.0,1183190.0,8.47041e-07,1.66009e-05,0.0014779,0.0,0.00146302,0.00146323,0.00146639,626.233,0.0003
27.03,6701160.0,4252970.0,4047540.0,1183190.0,8.47039e-07,1.57716e-05,0.00147707,0.0,0.00146302,0.00146323,0.00146639,628.036,0.0003
27.035,6701540.0,4253190.0,4047740.0,1183200.0,8.47063e-07,2.72967e-05,0.00148857,0.0,0.00146307,0.00146328,0.00146644,627.756,0.0003
27.04,6701540.0,4253190.0,4047740.0,1183200.0,8.47063e-07,2.72967e-05,0.00148857,0.0,0.00146307,0.00146328,0.00146644,626.656,0.0003
27.045,6701320.0,4253060.0,4047620.0,1183200.0,8.47049e-07,2.02669e-05,0.00148156,0.0,0.00146304,0.00146325,0.00146641,626.656,0.0003
27.05,6701260.0,4253030.0,4047590.0,1183200.0,8.47046e-07,1.84734e-05,0.00147977,0.0,0.00146303,0.00146324,0.0014664,623.736,0.0003
27.055,6698650.0,4251560.0,4046220.0,1183160.0,8.46883e-07,8.39114e-07,0.00146192,0.0,0.00146269,0.0014629,0.00146606,624.808,0.0003
27.06,6698650.0,4251560.0,4046220.0,1183160.0,8.46883e-07,8.39114e-07,0.00146192,0.0,0.00146269,0.0014629,0.00146606,629.011,0.0003
27.065,6701090.0,4252940.0,4047510.0,1183190.0,8.47035e-07,2.68958e-05,0.00148811,0.0,0.00146301,0.00146322,0.00146638,629.011,0.0003
27.07,6701710.0,4253290.0,4047830.0,1183200.0,8.47074e-07,3.35439e-05,0.0014948,0.0,0.00146309,0.0014633,0.00146646,628.657,0.0003
27.075,6701650.0,4253250.0,4047800.0,1183200.0,8.4707e-07,3.1273e-05,0.00149253,0.0,0.00146308,0.00146329,0.00146645,628.07,0.0003
27.08,6701650.0,4253250.0,4047800.0,1183200.0,8.4707e-07,3.1273e-05,0.00149253,0.0,0.00146308,0.00146329,0.00146645,625.767,0.0003
27.085,6701160.0,4252980.0,4047540.0,1183190.0,8.4704e-07,1.65612e-05,0.00147786,0.0,0.00146302,0.00146323,0.00146639,625.767,0.0003
27.09,6701040.0,4252910.0,4047480.0,1183190.0,8.47032e-07,1.28076e-05,0.00147412,0.0,0.001463,0.00146321,0.00146637,632.009,0.0003
27.095,6702220.0,4253570.0,4048100.0,1183210.0,8.47105e-07,5.2772e-05,0.00151396,0.0,0.00146316,0.00146336,0.00146653,632.028,0.0003
27.1,6702220.0,4253570.0,4048100.0,1183210.0,8.47105e-07,5.2772e-05,0.00151396,0.0,0.00146316,0.00146336,0.00146653,632.103,0.0003
27.105,6702230.0,4253580.0,4048100.0,1183210.0,8.47106e-07,5.32512e-05,0.00151443,0.0,0.00146316,0.00146337,0.00146653,632.103,0.0003
27.11,6702230.0,4253580.0,4048100.0,1183210.0,8.47106e-07,5.33734e-05,0.00151456,0.0,0.00146316,0.00146337,0.00146653,626.619,0.0003
27.115,6701250.0,4253030.0,4047590.0,1183200.0,8.47045e-07,1.82348e-05,0.00147953,0.0,0.00146303,0.00146324,0.0014664,626.619,0.0003
27.12,6701250.0,4253030.0,4047590.0,1183200.0,8.47045e-07,1.82348e-05,0.00147953,0.0,0.00146303,0.00146324,0.0014664,626.619,0.0003
27.125,6701250.0,4253030.0,4047590.0,1183200.0,8.47045e-07,1.8233e-05,0.00147953,0.0,0.00146303,0.00146324,0.0014664,626.619,0.0003
27.13,6701250.0,4253030.0,4047590.0,1183200.0,8.47045e-07,1.82325e-05,0.00147953,0.0,0.00146303,0.00146324,0.0014664,629.354,0.0003
27.135,6701770.0,4253320.0,4047860.0,1183200.0,8.47078e-07,3.57409e-05,0.00149699,0.0,0.0014631,0.00146331,0.00146647,629.34,0.0003
27.14,6701770.0,4253320.0,4047860.0,1183200.0,8.47078e-07,3.57409e-05,0.00149699,0.0,0.0014631,0.00146331,0.00146647,629.287,0.0003
27.145,6701760.0,4253310.0,4047860.0,1183200.0,8.47077e-07,3.54018e-05,0.00149665,0.0,0.0014631,0.00146331,0.00146647,629.287,0.0003
27.15,6701760.0,4253310.0,4047860.0,1183200.0,8.47077e-07,3.53153e-05,0.00149656,0.0,0.0014631,0.0014633,0.00146647,627.184,0.0003
27.155,6701370.0,4253100.0,4047650.0,1183200.0,8.47053e-07,2.18461e-05,0.00148313,0.0,0.00146305,0.00146325,0.00146642,627.426,0.0003
27.16,6701370.0,4253100.0,4047650.0,1183200.0,8.47053e-07,2.18461e-05,0.00148313,0.0,0.00146305,0.00146325,0.00146642,628.375,0.0003
27.165,6701560.0,4253200.0,4047750.0,1183200.0,8.47064e-07,2.79166e-05,0.00148919,0.0,0.00146307,0.00146328,0.00146644,628.375,0.0003
27.17,6701600.0,4253220.0,4047780.0,1183200.0,8.47067e-07,2.94655e-05,0.00149073,0.0,0.00146308,0.00146328,0.00146645,628.96,0.0003
27.175,6701710.0,4253280.0,4047830.0,1183200.0,8.47074e-07,3.32141e-05,0.00149447,0.0,0.00146309,0.0014633,0.00146646,628.909,0.0003
27.18,6701710.0,4253280.0,4047830.0,1183200.0,8.47074e-07,3.32141e-05,0.00149447,0.0,0.00146309,0.0014633,0.00146646,628.712,0.0003
27.185,6701670.0,4253260.0,4047810.0,1183200.0,8.47072e-07,3.19466e-05,0.0014932,0.0,0.00146308,0.00146329,0.00146645,628.712,0.0003
27.19,6701660.0,4253260.0,4047810.0,1183200.0,8.47071e-07,3.16232e-05,0.00149288,0.0,0.00146308,0.00146329,0.00146645,628.127,0.0003
27.195,6701560.0,4253200.0,4047750.0,1183200.0,8.47064e-07,2.7874e-05,0.00148915,0.0,0.00146307,0.00146328,0.00146644,628.354,0.0003
27.2,6701560.0,4253200.0,4047750.0,1183200.0,8.47064e-07,2.78741e-05,0.00148915,0.0,0.00146307,0.00146328,0.00146644,629.248,0.0003
27.205,6701710.0,4253290.0,4047830.0,1183200.0,8.47074e-07,3.36004e-05,0.00149485,0.0,0.00146309,0.0014633,0.00146646,629.248,0.0003
27.21,6701750.0,4253310.0,4047850.0,1183200.0,8.47077e-07,3.50614e-05,0.00149631,0.0,0.0014631,0.0014633,0.00146647,628.814,0.0003
27.215,6701680.0,4253270.0,4047820.0,1183200.0,8.47072e-07,3.22805e-05,0.00149354,0.0,0.00146309,0.00146329,0.00146646,628.328,0.0003
27.22,6701680.0,4253270.0,4047820.0,1183200.0,8.47072e-07,3.22805e-05,0.00149354,0.0,0.00146309,0.00146329,0.00146646,626.422,0.0003
27.225,6701300.0,4253050.0,4047620.0,1183200.0,8.47048e-07,2.00875e-05,0.00148138,0.0,0.00146304,0.00146324,0.00146641,626.422,0.0003
27.23,6701200.0,4253000.0,4047570.0,1183200.0,8.47042e-07,1.69766e-05,0.00147828,0.0,0.00146302,0.00146323,0.00146639,628.328,0.0003
27.235,6701600.0,4253220.0,4047770.0,1183200.0,8.47067e-07,2.9166e-05,0.00149043,0.0,0.00146307,0.00146328,0.00146644,629.027,0.0003
27.24,6701600.0,4253220.0,4047770.0,1183200.0,8.47067e-07,2.9166e-05,0.00149043,0.0,0.00146307,0.00146328,0.00146644,631.765,0.0003
27.245,6702060.0,4253480.0,4048010.0,1183210.0,8.47096e-07,4.67269e-05,0.00150793,0.0,0.00146313,0.00146334,0.0014665,631.765,0.0003
27.25,6702170.0,4253550.0,4048080.0,1183210.0,8.47103e-07,5.12074e-05,0.0015124,0.0,0.00146315,0.00146336,0.00146652,622.607,0.0003
27.255,6684460.0,4243590.0,4038770.0,1183000.0,8.45996e-07,8.38223e-07,0.00146007,0.0,0.00146083,0.00146104,0.00146419,622.731,0.0003
27.26,6684460.0,4243590.0,4038770.0,1183000.0,8.45996e-07,8.38223e-07,0.00146007,0.0,0.00146083,0.00146104,0.00146419,623.216,0.0003
27.265,6690560.0,4247020.0,4041980.0,1183070.0,8.46378e-07,8.38606e-07,0.00146086,0.0,0.00146163,0.00146184,0.00146499,623.216,0.0003
27.27,6692120.0,4247890.0,4042790.0,1183090.0,8.46475e-07,8.38704e-07,0.00146107,0.0,0.00146184,0.00146204,0.0014652,629.033,0.0003
27.275,6701720.0,4253290.0,4047840.0,1183200.0,8.47074e-07,3.3682e-05,0.00149493,0.0,0.00146309,0.0014633,0.00146646,629.014,0.0003
27.28,6701720.0,4253290.0,4047840.0,1183200.0,8.47074e-07,3.3682e-05,0.00149493,0.0,0.00146309,0.0014633,0.00146646,628.941,0.0003
27.285,6701710.0,4253280.0,4047830.0,1183200.0,8.47074e-07,3.32124e-05,0.00149447,0.0,0.00146309,0.0014633,0.00146646,628.941,0.0003
27.29,6701700.0,4253280.0,4047830.0,1183200.0,8.47073e-07,3.30926e-05,0.00149435,0.0,0.00146309,0.0014633,0.00146646,625.563,0.0003
27.295,6700980.0,4252870.0,4047450.0,1183190.0,8.47028e-07,1.15097e-05,0.00147282,0.0,0.00146299,0.0014632,0.00146636,626.26,0.0003
27.3,6700980.0,4252870.0,4047450.0,1183190.0,8.47028e-07,1.15097e-05,0.00147282,0.0,0.00146299,0.0014632,0.00146636,628.991,0.0003
27.305,6701560.0,4253200.0,4047750.0,1183200.0,8.47065e-07,2.89619e-05,0.00149023,0.0,0.00146307,0.00146328,0.00146644,628.991,0.0003
27.31,6701710.0,4253290.0,4047830.0,1183200.0,8.47074e-07,3.34146e-05,0.00149467,0.0,0.00146309,0.0014633,0.00146646,629.261,0.0003
27.315,6701760.0,4253310.0,4047860.0,1183200.0,8.47077e-07,3.51466e-05,0.00149639,0.0,0.0014631,0.0014633,0.00146647,628.797,0.0003
27.32,6701760.0,4253310.0,4047860.0,1183200.0,8.47077e-07,3.51466e-05,0.00149639,0.0,0.0014631,0.0014633,0.00146647,626.978,0.0003
27.325,6701420.0,4253120.0,4047680.0,1183200.0,8.47056e-07,2.34986e-05,0.00148478,0.0,0.00146305,0.00146326,0.00146642,626.978,0.0003
27.33,6701330.0,4253070.0,4047630.0,1183200.0,8.4705e-07,2.05267e-05,0.00148182,0.0,0.00146304,0.00146325,0.00146641,627.43,0.0003
27.335,6701420.0,4253120.0,4047680.0,1183200.0,8.47056e-07,2.34153e-05,0.0014847,0.0,0.00146305,0.00146326,0.00146642,627.81,0.0003
27.34,6701420.0,4253120.0,4047680.0,1183200.0,8.47056e-07,2.34154e-05,0.0014847,0.0,0.00146305,0.00146326,0.00146642,629.301,0.0003
27.345,6701690.0,4253280.0,4047820.0,1183200.0,8.47073e-07,3.29685e-05,0.00149422,0.0,0.00146309,0.0014633,0.00146646,629.301,0.0003
27.35,6701760.0,4253320.0,4047860.0,1183200.0,8.47077e-07,3.54059e-05,0.00149665,0.0,0.0014631,0.0014633,0.00146647,629.885,0.0003
27.355,6701860.0,4253370.0,4047910.0,1183210.0,8.47083e-07,3.91474e-05,0.00150038,0.0,0.00146311,0.00146332,0.00146648,629.891,0.0003
27.36,6701860.0,4253370.0,4047910.0,1183210.0,8.47083e-07,3.91474e-05,0.00150038,0.0,0.00146311,0.00146332,0.00146648,629.918,0.0003
27.365,6701860.0,4253370.0,4047910.0,1183210.0,8.47084e-07,3.93145e-05,0.00150055,0.0,0.00146311,0.00146332,0.00146648,629.918,0.0003
27.37,6701870.0,4253370.0,4047910.0,1183210.0,8.47084e-07,3.93572e-05,0.00150059,0.0,0.00146311,0.00146332,0.00146648,627.846,0.0003
27.375,6701510.0,4253170.0,4047730.0,1183200.0,8.47061e-07,2.60749e-05,0.00148735,0.0,0.00146306,0.00146327,0.00146643,627.637,0.0003
27.38,6701510.0,4253170.0,4047730.0,1183200.0,8.47061e-07,2.60749e-05,0.00148735,0.0,0.00146306,0.00146327,0.00146643,626.82,0.0003
27.385,6701340.0,4253080.0,4047640.0,1183200.0,8.47051e-07,2.08516e-05,0.00148214,0.0,0.00146304,0.00146325,0.00146641,626.82,0.0003
27.39,6701300.0,4253050.0,4047610.0,1183200.0,8.47048e-07,1.95189e-05,0.00148081,0.0,0.00146304,0.00146324,0.0014664,631.955,0.0003
27.395,6702210.0,4253560.0,4048090.0,1183210.0,8.47105e-07,5.24267e-05,0.00151361,0.0,0.00146315,0.00146336,0.00146652,631.427,0.0003
27.4,6702210.0,4253560.0,4048090.0,1183210.0,8.47105e-07,5.24267e-05,0.00151361,0.0,0.00146315,0.00146336,0.00146652,629.355,0.0003
27.405,6701860.0,4253370.0,4047910.0,1183210.0,8.47083e-07,3.91405e-05,0.00150037,0.0,0.00146311,0.00146332,0.00146648,629.355,0.0003
27.41,6701770.0,4253320.0,4047870.0,1183210.0,8.47078e-07,3.57507e-05,0.00149699,0.0,0.0014631,0.00146331,0.00146647,629.936,0.0003
27.415,6701870.0,4253370.0,4047920.0,1183210.0,8.47084e-07,3.94765e-05,0.00150071,0.0,0.00146311,0.00146332,0.00146648,630.794,0.0003
27.42,6701870.0,4253370.0,4047920.0,1183210.0,8.47084e-07,3.94765e-05,0.00150071,0.0,0.00146311,0.00146332,0.00146648,634.158,0.0003
27.425,6702430.0,4253690.0,4048210.0,1183210.0,8.47119e-07,6.1051e-05,0.00152221,0.0,0.00146318,0.00146339,0.00146655,634.158,0.0003
27.43,6702570.0,4253770.0,4048290.0,1183220.0,8.47128e-07,6.65555e-05,0.00152769,0.0,0.0014632,0.00146341,0.00146657,628.943,0.0003
27.435,6701700.0,4253280.0,4047830.0,1183200.0,8.47073e-07,3.31085e-05,0.00149436,0.0,0.00146309,0.0014633,0.00146646,628.536,0.0003
27.44,6701700.0,4253280.0,4047830.0,1183200.0,8.47073e-07,3.31085e-05,0.00149436,0.0,0.00146309,0.0014633,0.00146646,626.94,0.0003
27.445,6701400.0,4253110.0,4047670.0,1183200.0,8.47054e-07,2.28896e-05,0.00148417,0.0,0.00146305,0.00146326,0.00146642,626.94,0.0003
27.45,6701320.0,4253070.0,4047630.0,1183200.0,8.4705e-07,2.02824e-05,0.00148157,0.0,0.00146304,0.00146325,0.00146641,631.549,0.0003
27.455,6702140.0,4253530.0,4048060.0,1183210.0,8.47101e-07,4.98205e-05,0.00151101,0.0,0.00146315,0.00146335,0.00146652,631.402,0.0003
27.46,6702140.0,4253530.0,4048060.0,1183210.0,8.47101e-07,4.98205e-05,0.00151101,0.0,0.00146315,0.00146335,0.00146652,630.827,0.0003
27.465,6702040.0,4253470.0,4048010.0,1183210.0,8.47095e-07,4.61342e-05,0.00150734,0.0,0.00146313,0.00146334,0.0014665,630.827,0.0003
27.47,6702020.0,4253460.0,4047990.0,1183210.0,8.47093e-07,4.51937e-05,0.0015064,0.0,0.00146313,0.00146334,0.0014665,625.837,0.0003
27.475,6701060.0,4252920.0,4047490.0,1183200.0,8.47033e-07,1.32543e-05,0.00147456,0.0,0.001463,0.00146321,0.00146637,626.41,0.0003
27.48,6701060.0,4252920.0,4047490.0,1183200.0,8.47033e-07,1.32543e-05,0.00147456,0.0,0.001463,0.00146321,0.00146637,628.653,0.0003
27.485,6701530.0,4253190.0,4047740.0,1183200.0,8.47063e-07,2.75909e-05,0.00148886,0.0,0.00146307,0.00146327,0.00146644,628.653,0.0003
27.49,6701650.0,4253250.0,4047800.0,1183200.0,8.4707e-07,3.12488e-05,0.00149251,0.0,0.00146308,0.00146329,0.00146645,629.39,0.0003
27.495,6701780.0,4253320.0,4047870.0,1183210.0,8.47078e-07,3.59743e-05,0.00149722,0.0,0.0014631,0.00146331,0.00146647,628.849,0.0003
27.5,6701780.0,4253320.0,4047870.0,1183210.0,8.47078e-07,3.59743e-05,0.00149722,0.0,0.0014631,0.00146331,0.00146647,626.727,0.0003
27.505,6701380.0,4253100.0,4047660.0,1183200.0,8.47053e-07,2.23907e-05,0.00148368,0.0,0.00146305,0.00146325,0.00146642,626.727,0.0003
27.51,6701270.0,4253040.0,4047600.0,1183200.0,8.47047e-07,1.8925e-05,0.00148022,0.0,0.00146303,0.00146324,0.0014664,626.308,0.0003
27.515,6701180.0,4252990.0,4047550.0,1183200.0,8.47041e-07,1.6249e-05,0.00147755,0.0,0.00146302,0.00146323,0.00146639,626.998,0.0003
27.52,6701180.0,4252990.0,4047550.0,1183200.0,8.47041e-07,1.6249e-05,0.00147755,0.0,0.00146302,0.00146323,0.00146639,629.704,0.0003
27.525,6701700.0,4253280.0,4047830.0,1183210.0,8.47073e-07,3.35694e-05,0.00149482,0.0,0.00146309,0.0014633,0.00146646,629.704,0.0003
27.53,6701830.0,4253350.0,4047900.0,1183210.0,8.47081e-07,3.79885e-05,0.00149922,0.0,0.0014631,0.00146331,0.00146647,626.47,0.0003
27.535,6701220.0,4253010.0,4047570.0,1183200.0,8.47043e-07,1.72861e-05,0.00147859,0.0,0.00146302,0.00146323,0.00146639,626.814,0.0003
27.54,6701220.0,4253010.0,4047570.0,1183200.0,8.47043e-07,1.72861e-05,0.00147859,0.0,0.00146302,0.00146323,0.00146639,628.163,0.0003
27.545,6701490.0,4253170.0,4047720.0,1183200.0,8.4706e-07,2.59099e-05,0.00148719,0.0,0.00146306,0.00146327,0.00146643,628.163,0.0003
27.55,6701570.0,4253210.0,4047760.0,1183200.0,8.47065e-07,2.81101e-05,0.00148938,0.0,0.00146307,0.00146328,0.00146644,630.11,0.0003
27.555,6701900.0,4253390.0,4047930.0,1183210.0,8.47086e-07,4.0592e-05,0.00150182,0.0,0.00146311,0.00146332,0.00146648,629.429,0.0003
27.56,6701900.0,4253390.0,4047930.0,1183210.0,8.47086e-07,4.0592e-05,0.00150182,0.0,0.00146311,0.00146332,0.00146648,626.758,0.0003
27.565,6701410.0,4253120.0,4047670.0,1183200.0,8.47055e-07,2.3488e-05,0.00148477,0.0,0.00146305,0.00146326,0.00146642,626.758,0.0003
27.57,6701280.0,4253050.0,4047610.0,1183200.0,8.47047e-07,1.91241e-05,0.00148042,0.0,0.00146303,0.00146324,0.0014664,627.421,0.0003
27.575,6701420.0,4253120.0,4047680.0,1183200.0,8.47056e-07,2.33595e-05,0.00148464,0.0,0.00146305,0.00146326,0.00146642,628.404,0.0003
27.58,6701420.0,4253120.0,4047680.0,1183200.0,8.47056e-07,2.33595e-05,0.00148464,0.0,0.00146305,0.00146326,0.00146642,632.259,0.0003
27.585,6702090.0,4253500.0,4048030.0,1183210.0,8.47097e-07,4.80699e-05,0.00150927,0.0,0.00146314,0.00146335,0.00146651,632.259,0.0003
27.59,6702260.0,4253590.0,4048120.0,1183210.0,8.47108e-07,5.43745e-05,0.00151555,0.0,0.00146316,0.00146337,0.00146653,628.991,0.0003
27.595,6701710.0,4253290.0,4047830.0,1183210.0,8.47074e-07,3.34159e-05,0.00149467,0.0,0.00146309,0.0014633,0.00146646,628.906,0.0003
27.6,6701710.0,4253290.0,4047830.0,1183210.0,8.47074e-07,3.34159e-05,0.00149467,0.0,0.00146309,0.0014633,0.00146646,628.573,0.0003
27.605,6701650.0,4253250.0,4047800.0,1183210.0,8.4707e-07,3.1279e-05,0.00149254,0.0,0.00146308,0.00146329,0.00146645,628.573,0.0003
27.61,6701640.0,4253250.0,4047800.0,1183210.0,8.47069e-07,3.07337e-05,0.00149199,0.0,0.00146308,0.00146329,0.00146645,625.42,0.0003
27.615,6700940.0,4252850.0,4047430.0,1183200.0,8.47026e-07,1.06031e-05,0.00147191,0.0,0.00146299,0.0014632,0.00146636,626.854,0.0003
27.62,6700940.0,4252850.0,4047430.0,1183200.0,8.47026e-07,1.06031e-05,0.00147191,0.0,0.00146299,0.0014632,0.00146636,632.476,0.0003
27.625,6702020.0,4253460.0,4048000.0,1183210.0,8.47093e-07,4.65843e-05,0.00150778,0.0,0.00146313,0.00146334,0.0014665,632.476,0.0003
27.63,6702290.0,4253610.0,4048140.0,1183210.0,8.4711e-07,5.57645e-05,0.00151694,0.0,0.00146317,0.00146337,0.00146654,630.555,0.0003
27.635,6701970.0,4253430.0,4047970.0,1183210.0,8.4709e-07,4.34434e-05,0.00150466,0.0,0.00146312,0.00146333,0.00146649,630.136,0.0003
27.64,6701970.0,4253430.0,4047970.0,1183210.0,8.4709e-07,4.34434e-05,0.00150466,0.0,0.00146312,0.00146333,0.00146649,628.496,0.0003
27.645,6701700.0,4253280.0,4047830.0,1183210.0,8.47073e-07,3.29263e-05,0.00149418,0.0,0.00146309,0.0014633,0.00146646,628.496,0.0003
27.65,6701630.0,4253240.0,4047790.0,1183210.0,8.47069e-07,3.0243e-05,0.00149151,0.0,0.00146308,0.00146329,0.00146645,628.322,0.0003
27.655,6701590.0,4253220.0,4047770.0,1183210.0,8.47067e-07,2.9128e-05,0.00149039,0.0,0.00146307,0.00146328,0.00146644,628.776,0.0003
27.66,6701590.0,4253220.0,4047770.0,1183210.0,8.47067e-07,2.9128e-05,0.00149039,0.0,0.00146307,0.00146328,0.00146644,630.556,0.0003
27.665,6701900.0,4253390.0,4047930.0,1183210.0,8.47085e-07,4.05416e-05,0.00150177,0.0,0.00146311,0.00146332,0.00146648,630.556,0.0003
27.67,6701970.0,4253430.0,4047970.0,1183210.0,8.4709e-07,4.34536e-05,0.00150467,0.0,0.00146312,0.00146333,0.00146649,631.806,0.0003
27.675,6702180.0,4253550.0,4048080.0,1183210.0,8.47103e-07,5.14692e-05,0.00151266,0.0,0.00146315,0.00146336,0.00146652,631.325,0.0003
27.68,6702180.0,4253550.0,4048080.0,1183210.0,8.47103e-07,5.14692e-05,0.00151266,0.0,0.00146315,0.00146336,0.00146652,629.443,0.0003
27.685,6701870.0,4253380.0,4047920.0,1183210.0,8.47084e-07,3.93926e-05,0.00150062,0.0,0.00146311,0.00146332,0.00146648,629.443,0.0003
27.69,6701790.0,4253330.0,4047870.0,1183210.0,8.47079e-07,3.63114e-05,0.00149755,0.0,0.0014631,0.00146331,0.00146647,630.576,0.0003
27.695,6701980.0,4253440.0,4047970.0,1183210.0,8.4709e-07,4.35816e-05,0.0015048,0.0,0.00146312,0.00146333,0.00146649,630.205,0.0003
27.7,6701980.0,4253440.0,4047970.0,1183210.0,8.4709e-07,4.35816e-05,0.0015048,0.0,0.00146312,0.00146333,0.00146649,628.752,0.0003
27.705,6701730.0,4253300.0,4047850.0,1183210.0,8.47075e-07,3.42602e-05,0.00149551,0.0,0.00146309,0.0014633,0.00146646,628.752,0.0003
27.71,6701670.0,4253260.0,4047810.0,1183210.0,8.47071e-07,3.1882e-05,0.00149314,0.0,0.00146308,0.00146329,0.00146645,631.329,0.0003
27.715,6702100.0,4253510.0,4048040.0,1183210.0,8.47098e-07,4.84129e-05,0.00150961,0.0,0.00146314,0.00146335,0.00146651,630.2,0.0003
27.72,6702100.0,4253510.0,4048040.0,1183210.0,8.47098e-07,4.84129e-05,0.00150961,0.0,0.00146314,0.00146335,0.00146651,625.773,0.0003
27.725,6701250.0,4253030.0,4047600.0,1183200.0,8.47045e-07,2.00734e-05,0.00148136,0.0,0.00146303,0.00146324,0.0014664,625.773,0.0003
27.73,6701040.0,4252910.0,4047480.0,1183200.0,8.47032e-07,1.28429e-05,0.00147415,0.0,0.001463,0.00146321,0.00146637,629.284,0.0003
27.735,6701760.0,4253320.0,4047860.0,1183210.0,8.47077e-07,3.52924e-05,0.00149654,0.0,0.0014631,0.0014633,0.00146647,629.107,0.0003
27.74,6701760.0,4253320.0,4047860.0,1183210.0,8.47077e-07,3.52924e-05,0.00149654,0.0,0.0014631,0.0014633,0.00146647,628.413,0.0003
27.745,6701640.0,4253250.0,4047800.0,1183210.0,8.4707e-07,3.08449e-05,0.00149211,0.0,0.00146308,0.00146329,0.00146645,628.413,0.0003
27.75,6701610.0,4253230.0,4047780.0,1183210.0,8.47068e-07,2.97101e-05,0.00149097,0.0,0.00146308,0.00146328,0.00146645,629.654,0.0003
27.755,6701820.0,4253350.0,4047890.0,1183210.0,8.47081e-07,3.76652e-05,0.0014989,0.0,0.0014631,0.00146331,0.00146647,629.38,0.0003
27.76,6701820.0,4253350.0,4047890.0,1183210.0,8.47081e-07,3.76652e-05,0.0014989,0.0,0.0014631,0.00146331,0.00146647,628.306,0.0003
27.765,6701640.0,4253250.0,4047800.0,1183210.0,8.47069e-07,3.07816e-05,0.00149204,0.0,0.00146308,0.00146329,0.00146645,628.306,0.0003
27.77,6701590.0,4253220.0,4047770.0,1183210.0,8.47066e-07,2.90253e-05,0.00149029,0.0,0.00146307,0.00146328,0.00146644,629.95,0.0003
27.775,6701870.0,4253380.0,4047920.0,1183210.0,8.47084e-07,3.95655e-05,0.0015008,0.0,0.00146311,0.00146332,0.00146648,628.969,0.0003
27.78,6701870.0,4253380.0,4047920.0,1183210.0,8.47084e-07,3.95655e-05,0.0015008,0.0,0.00146311,0.00146332,0.00146648,625.126,0.0003
27.785,6701050.0,4252920.0,4047490.0,1183200.0,8.47033e-07,1.50063e-05,0.0014763,0.0,0.001463,0.00146321,0.00146637,625.126,0.0003
27.79,6700840.0,4252800.0,4047380.0,1183200.0,8.4702e-07,8.7403e-06,0.00147005,0.0,0.00146298,0.00146318,0.00146634,628.167,0.0003
27.795,6701570.0,4253210.0,4047760.0,1183210.0,8.47065e-07,2.81322e-05,0.0014894,0.0,0.00146307,0.00146328,0.00146644,627.766,0.0003
27.8,6701570.0,4253210.0,4047760.0,1183210.0,8.47065e-07,2.81322e-05,0.0014894,0.0,0.00146307,0.00146328,0.00146644,626.194,0.0003
27.805,6701230.0,4253020.0,4047580.0,1183200.0,8.47044e-07,1.80877e-05,0.00147938,0.0,0.00146303,0.00146324,0.0014664,626.194,0.0003
27.81,6701150.0,4252970.0,4047540.0,1183200.0,8.47039e-07,1.5525e-05,0.00147683,0.0,0.00146302,0.00146322,0.00146638,630.221,0.0003
27.815,6701920.0,4253400.0,4047940.0,1183210.0,8.47087e-07,4.13041e-05,0.00150253,0.0,0.00146312,0.00146332,0.00146649,629.954,0.0003
27.82,6701920.0,4253400.0,4047940.0,1183210.0,8.47087e-07,4.13041e-05,0.00150253,0.0,0.00146312,0.00146332,0.00146649,628.906,0.0003
27.825,6701740.0,4253310.0,4047850.0,1183210.0,8.47076e-07,3.45856e-05,0.00149583,0.0,0.00146309,0.0014633,0.00146646,628.906,0.0003
27.83,6701700.0,4253280.0,4047830.0,1183210.0,8.47073e-07,3.28715e-05,0.00149412,0.0,0.00146309,0.0014633,0.00146646,627.809,0.0003
27.835,6701500.0,4253170.0,4047720.0,1183210.0,8.47061e-07,2.58411e-05,0.00148712,0.0,0.00146306,0.00146327,0.00146643,628.572,0.0003
27.84,6701500.0,4253170.0,4047720.0,1183210.0,8.47061e-07,2.58411e-05,0.00148712,0.0,0.00146306,0.00146327,0.00146643,631.564,0.0003
27.845,6702010.0,4253460.0,4047990.0,1183210.0,8.47093e-07,4.50256e-05,0.00150624,0.0,0.00146313,0.00146334,0.0014665,631.564,0.0003
27.85,6702140.0,4253530.0,4048060.0,1183210.0,8.47101e-07,4.99203e-05,0.00151111,0.0,0.00146315,0.00146335,0.00146652,632.781,0.0003
27.855,6702340.0,4253640.0,4048170.0,1183220.0,8.47113e-07,5.77205e-05,0.00151889,0.0,0.00146317,0.00146338,0.00146654,632.266,0.0003
27.86,6702340.0,4253640.0,4048170.0,1183220.0,8.47113e-07,5.77205e-05,0.00151889,0.0,0.00146317,0.00146338,0.00146654,630.251,0.0003
27.865,6702010.0,4253460.0,4047990.0,1183210.0,8.47092e-07,4.47964e-05,0.00150601,0.0,0.00146313,0.00146334,0.0014665,630.251,0.0003
27.87,6701920.0,4253410.0,4047950.0,1183210.0,8.47087e-07,4.1499e-05,0.00150272,0.0,0.00146312,0.00146332,0.00146649,631.763,0.0003
27.875,6702170.0,4253550.0,4048080.0,1183220.0,8.47103e-07,5.11974e-05,0.00151239,0.0,0.00146315,0.00146336,0.00146652,630.942,0.0003
27.88,6702170.0,4253550.0,4048080.0,1183220.0,8.47103e-07,5.11975e-05,0.00151239,0.0,0.00146315,0.00146336,0.00146652,627.722,0.0003
27.885,6701620.0,4253240.0,4047790.0,1183210.0,8.47068e-07,3.05511e-05,0.00149181,0.0,0.00146308,0.00146329,0.00146645,627.722,0.0003
27.89,6701480.0,4253160.0,4047720.0,1183210.0,8.4706e-07,2.52834e-05,0.00148656,0.0,0.00146306,0.00146327,0.00146643,625.22,0.0003
27.895,6700870.0,4252820.0,4047400.0,1183200.0,8.47022e-07,9.33879e-06,0.00147065,0.0,0.00146298,0.00146319,0.00146635,626.111,0.0003
27.9,6700870.0,4252820.0,4047400.0,1183200.0,8.47022e-07,9.33879e-06,0.00147065,0.0,0.00146298,0.00146319,0.00146635,629.6,0.0003
27.905,6701620.0,4253240.0,4047790.0,1183210.0,8.47068e-07,3.1633e-05,0.00149289,0.0,0.00146308,0.00146329,0.00146645,629.6,0.0003
27.91,6701810.0,4253350.0,4047890.0,1183210.0,8.4708e-07,3.73211e-05,0.00149856,0.0,0.0014631,0.00146331,0.00146647,629.763,0.0003
27.915,6701840.0,4253360.0,4047900.0,1183210.0,8.47082e-07,3.83648e-05,0.0014996,0.0,0.00146311,0.00146331,0.00146648,630.033,0.0003
27.92,6701840.0,4253360.0,4047900.0,1183210.0,8.47082e-07,3.83648e-05,0.0014996,0.0,0.00146311,0.00146331,0.00146648,631.091,0.0003
27.925,6702020.0,4253460.0,4048000.0,1183210.0,8.47093e-07,4.51541e-05,0.00150636,0.0,0.00146313,0.00146334,0.0014665,631.091,0.0003
27.93,6702060.0,4253490.0,4048020.0,1183210.0,8.47096e-07,4.68863e-05,0.00150809,0.0,0.00146313,0.00146334,0.0014665,628.442,0.0003
27.935,6701620.0,4253240.0,4047790.0,1183210.0,8.47068e-07,2.98974e-05,0.00149116,0.0,0.00146308,0.00146328,0.00146645,628.413,0.0003
27.94,6701620.0,4253240.0,4047790.0,1183210.0,8.47068e-07,2.98974e-05,0.00149116,0.0,0.00146308,0.00146328,0.00146645,628.299,0.0003
27.945,6701600.0,4253220.0,4047780.0,1183210.0,8.47067e-07,2.91673e-05,0.00149043,0.0,0.00146307,0.00146328,0.00146644,628.299,0.0003
27.95,6701590.0,4253220.0,4047770.0,1183210.0,8.47066e-07,2.8981e-05,0.00149025,0.0,0.00146307,0.00146328,0.00146644,628.634,0.0003
27.955,6701650.0,4253250.0,4047800.0,1183210.0,8.4707e-07,3.1125e-05,0.00149238,0.0,0.00146308,0.00146329,0.00146645,628.119,0.0003
27.96,6701650.0,4253250.0,4047800.0,1183210.0,8.4707e-07,3.1125e-05,0.00149238,0.0,0.00146308,0.00146329,0.00146645,626.102,0.0003
27.965,6701230.0,4253020.0,4047580.0,1183210.0,8.47044e-07,1.8227e-05,0.00147952,0.0,0.00146303,0.00146323,0.0014664,626.102,0.0003
27.97,6701130.0,4252960.0,4047530.0,1183200.0,8.47037e-07,1.49362e-05,0.00147624,0.0,0.00146301,0.00146322,0.00146638,627.35,0.0003
27.975,6701410.0,4253120.0,4047680.0,1183210.0,8.47055e-07,2.29062e-05,0.00148419,0.0,0.00146305,0.00146326,0.00146642,627.61,0.0003
27.98,6701410.0,4253120.0,4047680.0,1183210.0,8.47055e-07,2.29062e-05,0.00148419,0.0,0.00146305,0.00146326,0.00146642,628.628,0.0003
27.985,6701600.0,4253230.0,4047780.0,1183210.0,8.47067e-07,2.94256e-05,0.00149069,0.0,0.00146307,0.00146328,0.00146644,628.628,0.0003
27.99,6701650.0,4253250.0,4047800.0,1183210.0,8.4707e-07,3.1089e-05,0.00149235,0.0,0.00146308,0.00146329,0.00146645,627.006,0.0003
27.995,6701340.0,4253080.0,4047640.0,1183210.0,8.47051e-07,2.07052e-05,0.001482,0.0,0.00146304,0.00146325,0.00146641,627.736,0.0003
28.0,6701340.0,4253080.0,4047640.0,1183210.0,8.47051e-07,2.07052e-05,0.001482,0.0,0.00146304,0.00146325,0.00146641,630.596,0.0003
28.005,6701850.0,4253370.0,4047910.0,1183210.0,8.47083e-07,3.90327e-05,0.00150026,0.0,0.00146311,0.00146332,0.00146648,630.596,0.0003
28.01,6701980.0,4253440.0,4047980.0,1183210.0,8.47091e-07,4.37088e-05,0.00150492,0.0,0.00146312,0.00146333,0.00146649,630.448,0.0003
28.015,6701950.0,4253430.0,4047960.0,1183210.0,8.47089e-07,4.2759e-05,0.00150398,0.0,0.00146312,0.00146333,0.00146649,630.382,0.0003
28.02,6701950.0,4253430.0,4047960.0,1183210.0,8.47089e-07,4.27591e-05,0.00150398,0.0,0.00146312,0.00146333,0.00146649,630.123,0.0003
28.025,6701910.0,4253400.0,4047940.0,1183210.0,8.47086e-07,4.11006e-05,0.00150232,0.0,0.00146311,0.00146332,0.00146648,630.123,0.0003
28.03,6701900.0,4253400.0,4047940.0,1183210.0,8.47086e-07,4.06775e-05,0.0015019,0.0,0.00146311,0.00146332,0.00146648,632.262,0.0003
28.035,6702260.0,4253600.0,4048120.0,1183220.0,8.47108e-07,5.4397e-05,0.00151557,0.0,0.00146316,0.00146337,0.00146653,632.0,0.0003
28.04,6702260.0,4253600.0,4048120.0,1183220.0,8.47108e-07,5.4397e-05,0.00151557,0.0,0.00146316,0.00146337,0.00146653,630.973,0.0003
28.045,6702090.0,4253500.0,4048030.0,1183220.0,8.47097e-07,4.78098e-05,0.00150901,0.0,0.00146314,0.00146335,0.00146651,630.973,0.0003
28.05,6702040.0,4253480.0,4048010.0,1183220.0,8.47095e-07,4.61292e-05,0.00150734,0.0,0.00146313,0.00146334,0.0014665,624.691,0.0003
28.055,6700680.0,4252710.0,4047300.0,1183200.0,8.4701e-07,6.00061e-06,0.00146731,0.0,0.00146295,0.00146316,0.00146632,625.29,0.0003
28.06,6700680.0,4252710.0,4047300.0,1183200.0,8.4701e-07,6.00062e-06,0.00146731,0.0,0.00146295,0.00146316,0.00146632,627.634,0.0003
28.065,6701310.0,4253060.0,4047620.0,1183210.0,8.47049e-07,2.0916e-05,0.0014822,0.0,0.00146304,0.00146324,0.0014664,627.634,0.0003
28.07,6701470.0,4253150.0,4047710.0,1183210.0,8.47059e-07,2.47215e-05,0.001486,0.0,0.00146306,0.00146326,0.00146643,624.06,0.0003
28.075,6700330.0,4252520.0,4047110.0,1183200.0,8.46988e-07,2.07464e-06,0.00146336,0.0,0.00146291,0.00146312,0.00146628,625.277,0.0003
28.08,6700330.0,4252520.0,4047110.0,1183200.0,8.46988e-07,2.07464e-06,0.00146336,0.0,0.00146291,0.00146312,0.00146628,630.046,0.0003
28.085,6701570.0,4253210.0,4047760.0,1183210.0,8.47065e-07,3.24352e-05,0.00149367,0.0,0.00146307,0.00146328,0.00146644,630.046,0.0003
28.09,6701890.0,4253390.0,4047930.0,1183210.0,8.47085e-07,4.01813e-05,0.00150141,0.0,0.00146311,0.00146332,0.00146648,628.169,0.0003
28.095,6701570.0,4253210.0,4047760.0,1183210.0,8.47065e-07,2.8145e-05,0.00148941,0.0,0.00146307,0.00146328,0.00146644,627.959,0.0003
28.1,6701570.0,4253210.0,4047760.0,1183210.0,8.47065e-07,2.8145e-05,0.00148941,0.0,0.00146307,0.00146328,0.00146644,627.138,0.0003
28.105,6701410.0,4253120.0,4047680.0,1183210.0,8.47055e-07,2.28926e-05,0.00148418,0.0,0.00146305,0.00146326,0.00146642,627.138,0.0003
28.11,6701360.0,4253090.0,4047650.0,1183210.0,8.47052e-07,2.15525e-05,0.00148284,0.0,0.00146304,0.00146325,0.00146641,630.206,0.0003
28.115,6701910.0,4253400.0,4047940.0,1183210.0,8.47087e-07,4.12087e-05,0.00150243,0.0,0.00146312,0.00146332,0.00146648,630.109,0.0003
28.12,6701910.0,4253400.0,4047940.0,1183220.0,8.47087e-07,4.12088e-05,0.00150243,0.0,0.00146312,0.00146332,0.00146648,629.728,0.0003
28.125,6701850.0,4253370.0,4047910.0,1183210.0,8.47083e-07,3.87641e-05,0.0015,0.0,0.00146311,0.00146332,0.00146648,629.728,0.0003
28.13,6701830.0,4253360.0,4047900.0,1183210.0,8.47082e-07,3.81404e-05,0.00149937,0.0,0.0014631,0.00146331,0.00146647,627.873,0.0003
28.135,6701510.0,4253180.0,4047730.0,1183210.0,8.47061e-07,2.62491e-05,0.00148752,0.0,0.00146306,0.00146327,0.00146643,628.292,0.0003
28.14,6701510.0,4253180.0,4047730.0,1183210.0,8.47061e-07,2.62491e-05,0.00148752,0.0,0.00146306,0.00146327,0.00146643,629.934,0.0003
28.145,6701800.0,4253340.0,4047880.0,1183210.0,8.47079e-07,3.678e-05,0.00149802,0.0,0.0014631,0.00146331,0.00146647,629.934,0.0003
28.15,6701870.0,4253380.0,4047920.0,1183210.0,8.47084e-07,3.94668e-05,0.0015007,0.0,0.00146311,0.00146332,0.00146648,631.17,0.0003
28.155,6702080.0,4253490.0,4048030.0,1183220.0,8.47097e-07,4.73943e-05,0.0015086,0.0,0.00146314,0.00146334,0.00146651,630.933,0.0003
28.16,6702080.0,4253490.0,4048030.0,1183220.0,8.47097e-07,4.73943e-05,0.0015086,0.0,0.00146314,0.00146334,0.00146651,630.005,0.0003
28.165,6701920.0,4253410.0,4047950.0,1183220.0,8.47087e-07,4.14366e-05,0.00150266,0.0,0.00146312,0.00146332,0.00146649,630.005,0.0003
28.17,6701880.0,4253390.0,4047930.0,1183220.0,8.47085e-07,3.99165e-05,0.00150114,0.0,0.00146311,0.00146332,0.00146648,629.123,0.0003
28.175,6701730.0,4253300.0,4047850.0,1183210.0,8.47075e-07,3.42619e-05,0.00149551,0.0,0.00146309,0.0014633,0.00146646,629.415,0.0003
28.18,6701730.0,4253300.0,4047850.0,1183210.0,8.47075e-07,3.42619e-05,0.00149551,0.0,0.00146309,0.0014633,0.00146646,630.561,0.0003
28.185,6701920.0,4253410.0,4047950.0,1183220.0,8.47087e-07,4.16081e-05,0.00150283,0.0,0.00146312,0.00146332,0.00146649,630.561,0.0003
28.19,6701970.0,4253440.0,4047980.0,1183220.0,8.4709e-07,4.34824e-05,0.0015047,0.0,0.00146312,0.00146333,0.00146649,627.097,0.0003
28.195,6701360.0,4253090.0,4047650.0,1183210.0,8.47052e-07,2.12891e-05,0.00148258,0.0,0.00146304,0.00146325,0.00146641,626.353,0.0003
28.2,6701360.0,4253090.0,4047650.0,1183210.0,8.47052e-07,2.12891e-05,0.00148258,0.0,0.00146304,0.00146325,0.00146641,623.435,0.0003
28.205,6696190.0,4250190.0,4044940.0,1183150.0,8.46729e-07,4.9959e-06,0.00146572,0.0,0.00146237,0.00146257,0.00146573,623.435,0.0003
28.21,6694870.0,4249450.0,4044250.0,1183130.0,8.46647e-07,8.38877e-07,0.00146143,0.0,0.00146219,0.0014624,0.00146556,628.26,0.0003
28.215,6701580.0,4253220.0,4047770.0,1183210.0,8.47066e-07,2.87287e-05,0.00149,0.0,0.00146307,0.00146328,0.00146644,628.249,0.0003
28.22,6701580.0,4253220.0,4047770.0,1183210.0,8.47066e-07,2.87287e-05,0.00149,0.0,0.00146307,0.00146328,0.00146644,628.209,0.0003
28.225,6701580.0,4253210.0,4047770.0,1183210.0,8.47066e-07,2.84698e-05,0.00148974,0.0,0.00146307,0.00146328,0.00146644,628.209,0.0003
28.23,6701570.0,4253210.0,4047770.0,1183210.0,8.47065e-07,2.84038e-05,0.00148967,0.0,0.00146307,0.00146328,0.00146644,628.225,0.0003
28.235,6701580.0,4253210.0,4047770.0,1183210.0,8.47066e-07,2.8506e-05,0.00148977,0.0,0.00146307,0.00146328,0.00146644,627.802,0.0003
28.24,6701580.0,4253210.0,4047770.0,1183210.0,8.47066e-07,2.8506e-05,0.00148977,0.0,0.00146307,0.00146328,0.00146644,626.143,0.0003
28.245,6701230.0,4253020.0,4047580.0,1183210.0,8.47044e-07,1.7908e-05,0.0014792,0.0,0.00146302,0.00146323,0.00146639,626.143,0.0003
28.25,6701140.0,4252970.0,4047540.0,1183210.0,8.47038e-07,1.5204e-05,0.00147651,0.0,0.00146301,0.00146322,0.00146638,628.015,0.0003
28.255,6701540.0,4253190.0,4047750.0,1183210.0,8.47063e-07,2.7163e-05,0.00148843,0.0,0.00146307,0.00146327,0.00146644,628.138,0.0003
28.26,6701540.0,4253190.0,4047750.0,1183210.0,8.47063e-07,2.7163e-05,0.00148843,0.0,0.00146307,0.00146327,0.00146644,628.617,0.0003
28.265,6701620.0,4253240.0,4047790.0,1183210.0,8.47069e-07,3.02362e-05,0.0014915,0.0,0.00146308,0.00146329,0.00146645,628.617,0.0003
28.27,6701650.0,4253250.0,4047800.0,1183210.0,8.4707e-07,3.10203e-05,0.00149228,0.0,0.00146308,0.00146329,0.00146645,629.819,0.0003
28.275,6701850.0,4253370.0,4047910.0,1183220.0,8.47083e-07,3.87252e-05,0.00149996,0.0,0.00146311,0.00146331,0.00146648,629.417,0.0003
28.28,6701850.0,4253370.0,4047910.0,1183220.0,8.47083e-07,3.87252e-05,0.00149996,0.0,0.00146311,0.00146331,0.00146648,627.842,0.0003
28.285,6701580.0,4253210.0,4047770.0,1183210.0,8.47065e-07,2.8632e-05,0.0014899,0.0,0.00146307,0.00146328,0.00146644,627.842,0.0003
28.29,6701510.0,4253170.0,4047730.0,1183210.0,8.47061e-07,2.60569e-05,0.00148733,0.0,0.00146306,0.00146327,0.00146643,632.509,0.0003
28.295,6702300.0,4253620.0,4048150.0,1183220.0,8.47111e-07,5.59809e-05,0.00151715,0.0,0.00146317,0.00146337,0.00146654,630.7,0.0003
28.3,6702300.0,4253620.0,4048150.0,1183220.0,8.47111e-07,5.59809e-05,0.00151715,0.0,0.00146317,0.00146337,0.00146654,623.61,0.0003
28.305,6698130.0,4251280.0,4045960.0,1183170.0,8.46851e-07,1.2048e-05,0.00147298,0.0,0.00146262,0.00146283,0.00146599,623.61,0.0003
28.31,6697070.0,4250680.0,4045400.0,1183160.0,8.46784e-07,8.39015e-07,0.00146171,0.0,0.00146248,0.00146269,0.00146585,626.378,0.0003
28.315,6701190.0,4253000.0,4047570.0,1183210.0,8.47042e-07,1.67019e-05,0.001478,0.0,0.00146302,0.00146323,0.00146639,626.225,0.0003
28.32,6701190.0,4253000.0,4047570.0,1183210.0,8.47042e-07,1.67019e-05,0.001478,0.0,0.00146302,0.00146323,0.00146639,625.622,0.0003
28.325,6701040.0,4252910.0,4047480.0,1183210.0,8.47032e-07,1.28635e-05,0.00147417,0.0,0.001463,0.00146321,0.00146637,625.622,0.0003
28.33,6701000.0,4252890.0,4047460.0,1183210.0,8.47029e-07,1.18842e-05,0.00147319,0.0,0.00146299,0.0014632,0.00146636,629.732,0.0003
28.335,6701840.0,4253360.0,4047900.0,1183220.0,8.47082e-07,3.81705e-05,0.0014994,0.0,0.0014631,0.00146331,0.00146647,629.699,0.0003
28.34,6701840.0,4253360.0,4047900.0,1183220.0,8.47082e-07,3.81705e-05,0.0014994,0.0,0.0014631,0.00146331,0.00146647,629.569,0.0003
28.345,6701810.0,4253350.0,4047890.0,1183220.0,8.4708e-07,3.73374e-05,0.00149857,0.0,0.0014631,0.00146331,0.00146647,629.569,0.0003
28.35,6701810.0,4253350.0,4047890.0,1183220.0,8.4708e-07,3.71248e-05,0.00149836,0.0,0.0014631,0.00146331,0.00146647,630.154,0.0003
28.355,6701910.0,4253400.0,4047940.0,1183220.0,8.47086e-07,4.08727e-05,0.0015021,0.0,0.00146311,0.00146332,0.00146648,630.401,0.0003
28.36,6701910.0,4253400.0,4047940.0,1183220.0,8.47086e-07,4.08727e-05,0.0015021,0.0,0.00146311,0.00146332,0.00146648,631.37,0.0003
28.365,6702070.0,4253490.0,4048030.0,1183220.0,8.47096e-07,4.70866e-05,0.00150829,0.0,0.00146313,0.00146334,0.0014665,631.37,0.0003
28.37,6702110.0,4253510.0,4048050.0,1183220.0,8.47099e-07,4.8672e-05,0.00150987,0.0,0.00146314,0.00146335,0.00146651,625.288,0.0003
28.375,6700900.0,4252830.0,4047410.0,1183210.0,8.47023e-07,9.76463e-06,0.00147107,0.0,0.00146298,0.00146319,0.00146635,625.467,0.0003
28.38,6700900.0,4252830.0,4047410.0,1183210.0,8.47023e-07,9.76464e-06,0.00147107,0.0,0.00146298,0.00146319,0.00146635,626.172,0.0003
28.385,6701090.0,4252940.0,4047510.0,1183210.0,8.47035e-07,1.42449e-05,0.00147555,0.0,0.00146301,0.00146322,0.00146638,626.172,0.0003
28.39,6701140.0,4252970.0,4047540.0,1183210.0,8.47039e-07,1.5388e-05,0.00147669,0.0,0.00146301,0.00146322,0.00146638,630.123,0.0003
28.395,6701900.0,4253400.0,4047940.0,1183220.0,8.47086e-07,4.06753e-05,0.0015019,0.0,0.00146311,0.00146332,0.00146648,629.456,0.0003
28.4,6701900.0,4253400.0,4047940.0,1183220.0,8.47086e-07,4.06754e-05,0.0015019,0.0,0.00146311,0.00146332,0.00146648,626.845,0.0003
28.405,6701420.0,4253130.0,4047690.0,1183210.0,8.47056e-07,2.39464e-05,0.00148523,0.0,0.00146305,0.00146326,0.00146642,626.845,0.0003
28.41,6701300.0,4253060.0,4047620.0,1183210.0,8.47048e-07,1.96782e-05,0.00148097,0.0,0.00146303,0.00146324,0.0014664,628.18,0.0003
28.415,6701570.0,4253210.0,4047760.0,1183210.0,8.47065e-07,2.82188e-05,0.00148949,0.0,0.00146307,0.00146328,0.00146644,628.631,0.0003
28.42,6701570.0,4253210.0,4047760.0,1183210.0,8.47065e-07,2.82188e-05,0.00148949,0.0,0.00146307,0.00146328,0.00146644,630.401,0.0003
28.425,6701870.0,4253380.0,4047920.0,1183220.0,8.47084e-07,3.95636e-05,0.00150079,0.0,0.00146311,0.00146332,0.00146648,630.401,0.0003
28.43,6701950.0,4253420.0,4047960.0,1183220.0,8.47089e-07,4.24581e-05,0.00150368,0.0,0.00146312,0.00146333,0.00146649,626.086,0.0003
28.435,6701120.0,4252960.0,4047530.0,1183210.0,8.47037e-07,1.48405e-05,0.00147614,0.0,0.00146301,0.00146322,0.00146638,625.688,0.0003
28.44,6701120.0,4252960.0,4047530.0,1183210.0,8.47037e-07,1.48405e-05,0.00147614,0.0,0.00146301,0.00146322,0.00146638,624.127,0.0003
28.445,6700530.0,4252630.0,4047220.0,1183200.0,8.47e-07,4.99789e-06,0.00146629,0.0,0.00146293,0.00146314,0.0014663,624.127,0.0003
28.45,6700380.0,4252550.0,4047140.0,1183200.0,8.46991e-07,2.48666e-06,0.00146378,0.0,0.00146291,0.00146312,0.00146628,628.451,0.0003
28.455,6701620.0,4253240.0,4047790.0,1183220.0,8.47068e-07,2.99567e-05,0.00149122,0.0,0.00146308,0.00146328,0.00146645,627.966,0.0003
28.46,6701620.0,4253240.0,4047790.0,1183220.0,8.47068e-07,2.99567e-05,0.00149122,0.0,0.00146308,0.00146328,0.00146645,626.062,0.0003
28.465,6701220.0,4253010.0,4047580.0,1183210.0,8.47043e-07,1.77888e-05,0.00147908,0.0,0.00146302,0.00146323,0.00146639,626.062,0.0003
28.47,6701120.0,4252960.0,4047530.0,1183210.0,8.47037e-07,1.46843e-05,0.00147599,0.0,0.00146301,0.00146322,0.00146638,627.5,0.0003
28.475,6701440.0,4253140.0,4047700.0,1183210.0,8.47057e-07,2.3867e-05,0.00148515,0.0,0.00146305,0.00146326,0.00146642,627.12,0.0003
28.48,6701440.0,4253140.0,4047700.0,1183210.0,8.47057e-07,2.3867e-05,0.00148515,0.0,0.00146305,0.00146326,0.00146642,625.629,0.0003
28.485,6701090.0,4252940.0,4047510.0,1183210.0,8.47035e-07,1.43555e-05,0.00147566,0.0,0.00146301,0.00146321,0.00146638,625.629,0.0003
28.49,6701000.0,4252890.0,4047460.0,1183210.0,8.47029e-07,1.19288e-05,0.00147324,0.0,0.00146299,0.0014632,0.00146636,628.114,0.0003
28.495,6701560.0,4253200.0,4047760.0,1183220.0,8.47064e-07,2.77949e-05,0.00148906,0.0,0.00146307,0.00146328,0.00146644,628.003,0.0003
28.5,6701560.0,4253200.0,4047760.0,1183220.0,8.47064e-07,2.77949e-05,0.00148906,0.0,0.00146307,0.00146328,0.00146644,627.569,0.0003
28.505,6701470.0,4253160.0,4047710.0,1183210.0,8.47059e-07,2.50168e-05,0.00148629,0.0,0.00146306,0.00146327,0.00146643,627.569,0.0003
28.51,6701450.0,4253150.0,4047700.0,1183210.0,8.47058e-07,2.43081e-05,0.00148559,0.0,0.00146305,0.00146326,0.00146642,625.132,0.0003
28.515,6700840.0,4252800.0,4047380.0,1183210.0,8.4702e-07,8.77883e-06,0.00147009,0.0,0.00146297,0.00146318,0.00146634,625.807,0.0003
28.52,6700840.0,4252800.0,4047380.0,1183210.0,8.4702e-07,8.77883e-06,0.00147009,0.0,0.00146297,0.00146318,0.00146634,628.454,0.0003
28.525,6701460.0,4253150.0,4047710.0,1183210.0,8.47058e-07,2.56654e-05,0.00148694,0.0,0.00146306,0.00146326,0.00146642,628.454,0.0003
28.53,6701620.0,4253240.0,4047790.0,1183220.0,8.47068e-07,2.99738e-05,0.00149124,0.0,0.00146308,0.00146328,0.00146645,629.754,0.0003
28.535,6701840.0,4253360.0,4047910.0,1183220.0,8.47082e-07,3.8307e-05,0.00149954,0.0,0.0014631,0.00146331,0.00146647,629.278,0.0003
28.54,6701840.0,4253360.0,4047910.0,1183220.0,8.47082e-07,3.8307e-05,0.00149954,0.0,0.0014631,0.00146331,0.00146647,627.413,0.0003
28.545,6701510.0,4253180.0,4047730.0,1183210.0,8.47061e-07,2.63576e-05,0.00148763,0.0,0.00146306,0.00146327,0.00146643,627.413,0.0003
28.55,6701420.0,4253130.0,4047690.0,1183210.0,8.47056e-07,2.33088e-05,0.00148459,0.0,0.00146305,0.00146326,0.00146642,625.349,0.0003
28.555,6700920.0,4252840.0,4047420.0,1183210.0,8.47024e-07,1.0156e-05,0.00147146,0.0,0.00146298,0.00146319,0.00146635,626.367,0.0003
28.56,6700920.0,4252840.0,4047420.0,1183210.0,8.47024e-07,1.0156e-05,0.00147146,0.0,0.00146298,0.00146319,0.00146635,630.356,0.0003
28.565,6701730.0,4253300.0,4047850.0,1183220.0,8.47075e-07,3.56619e-05,0.0014969,0.0,0.00146309,0.0014633,0.00146646,630.356,0.0003
28.57,6701940.0,4253420.0,4047960.0,1183220.0,8.47088e-07,4.21694e-05,0.00150339,0.0,0.00146312,0.00146333,0.00146649,627.118,0.0003
28.575,6701360.0,4253090.0,4047660.0,1183210.0,8.47052e-07,2.14232e-05,0.00148271,0.0,0.00146304,0.00146325,0.00146641,627.548,0.0003
28.58,6701360.0,4253090.0,4047660.0,1183210.0,8.47052e-07,2.14232e-05,0.00148271,0.0,0.00146304,0.00146325,0.00146641,629.234,0.0003
28.585,6701670.0,4253270.0,4047820.0,1183220.0,8.47072e-07,3.22187e-05,0.00149347,0.0,0.00146308,0.00146329,0.00146645,629.234,0.0003
28.59,6701750.0,4253310.0,4047860.0,1183220.0,8.47076e-07,3.49731e-05,0.00149622,0.0,0.00146309,0.0014633,0.00146646,628.485,0.0003
28.595,6701620.0,4253240.0,4047790.0,1183220.0,8.47068e-07,3.01724e-05,0.00149143,0.0,0.00146308,0.00146328,0.00146645,628.985,0.0003
28.6,6701620.0,4253240.0,4047790.0,1183220.0,8.47068e-07,3.01724e-05,0.00149143,0.0,0.00146308,0.00146328,0.00146645,630.943,0.0003
28.605,6701950.0,4253430.0,4047970.0,1183220.0,8.47089e-07,4.27321e-05,0.00150395,0.0,0.00146312,0.00146333,0.00146649,630.943,0.0003
28.61,6702040.0,4253480.0,4048010.0,1183220.0,8.47094e-07,4.59366e-05,0.00150714,0.0,0.00146313,0.00146334,0.0014665,630.721,0.0003
28.615,6702000.0,4253450.0,4047990.0,1183220.0,8.47092e-07,4.4514e-05,0.00150573,0.0,0.00146313,0.00146333,0.0014665,630.525,0.0003
28.62,6702000.0,4253450.0,4047990.0,1183220.0,8.47092e-07,4.4514e-05,0.00150573,0.0,0.00146313,0.00146333,0.0014665,629.756,0.0003
28.625,6701870.0,4253380.0,4047920.0,1183220.0,8.47084e-07,3.95795e-05,0.00150081,0.0,0.00146311,0.00146332,0.00146648,629.756,0.0003
28.63,6701840.0,4253360.0,4047910.0,1183220.0,8.47082e-07,3.83205e-05,0.00149955,0.0,0.0014631,0.00146331,0.00146647,626.717,0.0003
28.635,6701270.0,4253050.0,4047610.0,1183210.0,8.47047e-07,1.88608e-05,0.00148015,0.0,0.00146303,0.00146324,0.0014664,627.184,0.0003
28.64,6701270.0,4253050.0,4047610.0,1183210.0,8.47047e-07,1.88609e-05,0.00148015,0.0,0.00146303,0.00146324,0.0014664,629.014,0.0003
28.645,6701630.0,4253240.0,4047790.0,1183220.0,8.47069e-07,3.05738e-05,0.00149183,0.0,0.00146308,0.00146328,0.00146645,629.014,0.0003
28.65,6701710.0,4253290.0,4047840.0,1183220.0,8.47074e-07,3.35622e-05,0.00149481,0.0,0.00146309,0.0014633,0.00146646,628.25,0.0003
28.655,6701580.0,4253220.0,4047770.0,1183220.0,8.47066e-07,2.86661e-05,0.00148993,0.0,0.00146307,0.00146328,0.00146644,628.898,0.0003
28.66,6701580.0,4253220.0,4047770.0,1183220.0,8.47066e-07,2.86661e-05,0.00148993,0.0,0.00146307,0.00146328,0.00146644,631.439,0.0003
28.665,6702010.0,4253460.0,4048000.0,1183220.0,8.47093e-07,4.49584e-05,0.00150617,0.0,0.00146313,0.00146334,0.0014665,631.439,0.0003
28.67,6702120.0,4253520.0,4048050.0,1183220.0,8.47099e-07,4.91152e-05,0.00151031,0.0,0.00146314,0.00146335,0.00146651,629.048,0.0003
28.675,6701720.0,4253300.0,4047840.0,1183220.0,8.47075e-07,3.37846e-05,0.00149503,0.0,0.00146309,0.0014633,0.00146646,628.561,0.0003
28.68,6701720.0,4253300.0,4047850.0,1183220.0,8.47075e-07,3.37846e-05,0.00149503,0.0,0.00146309,0.0014633,0.00146646,626.653,0.0003
28.685,6701350.0,4253090.0,4047650.0,1183210.0,8.47052e-07,2.15701e-05,0.00148286,0.0,0.00146304,0.00146325,0.00146641,626.653,0.0003
28.69,6701260.0,4253040.0,4047600.0,1183210.0,8.47046e-07,1.84537e-05,0.00147975,0.0,0.00146303,0.00146324,0.0014664,627.351,0.0003
28.695,6701410.0,4253120.0,4047680.0,1183220.0,8.47055e-07,2.29123e-05,0.0014842,0.0,0.00146305,0.00146326,0.00146642,627.838,0.0003
28.7,6701410.0,4253120.0,4047680.0,1183220.0,8.47055e-07,2.29123e-05,0.0014842,0.0,0.00146305,0.00146326,0.00146642,629.746,0.0003
28.705,6701750.0,4253310.0,4047860.0,1183220.0,8.47076e-07,3.51409e-05,0.00149638,0.0,0.00146309,0.0014633,0.00146646,629.746,0.0003
28.71,6701840.0,4253360.0,4047910.0,1183220.0,8.47082e-07,3.82609e-05,0.00149949,0.0,0.0014631,0.00146331,0.00146647,629.635,0.0003
28.715,6701820.0,4253350.0,4047900.0,1183220.0,8.47081e-07,3.75461e-05,0.00149878,0.0,0.0014631,0.00146331,0.00146647,629.45,0.0003
28.72,6701820.0,4253350.0,4047900.0,1183220.0,8.47081e-07,3.75461e-05,0.00149878,0.0,0.0014631,0.00146331,0.00146647,628.726,0.0003
28.725,6701700.0,4253280.0,4047830.0,1183220.0,8.47073e-07,3.2904e-05,0.00149416,0.0,0.00146309,0.00146329,0.00146646,628.726,0.0003
28.73,6701670.0,4253270.0,4047820.0,1183220.0,8.47071e-07,3.17196e-05,0.00149298,0.0,0.00146308,0.00146329,0.00146645,632.711,0.0003
28.735,6702330.0,4253640.0,4048170.0,1183230.0,8.47113e-07,5.72778e-05,0.00151844,0.0,0.00146317,0.00146338,0.00146654,632.291,0.0003
28.74,6702330.0,4253640.0,4048170.0,1183230.0,8.47113e-07,5.72778e-05,0.00151844,0.0,0.00146317,0.00146338,0.00146654,630.643,0.0003
28.745,6702060.0,4253490.0,4048020.0,1183220.0,8.47096e-07,4.67112e-05,0.00150791,0.0,0.00146313,0.00146334,0.0014665,630.643,0.0003
28.75,6701990.0,4253450.0,4047990.0,1183220.0,8.47091e-07,4.40153e-05,0.00150523,0.0,0.00146312,0.00146333,0.00146649,628.464,0.0003
28.755,6701620.0,4253240.0,4047790.0,1183220.0,8.47068e-07,3.00399e-05,0.0014913,0.0,0.00146308,0.00146328,0.00146645,627.91,0.0003
28.76,6701620.0,4253240.0,4047790.0,1183220.0,8.47068e-07,3.00399e-05,0.0014913,0.0,0.00146308,0.00146328,0.00146645,625.736,0.0003
28.765,6701150.0,4252980.0,4047550.0,1183210.0,8.47039e-07,1.61521e-05,0.00147745,0.0,0.00146301,0.00146322,0.00146638,625.736,0.0003
28.77,6701030.0,4252910.0,4047480.0,1183210.0,8.47031e-07,1.26088e-05,0.00147391,0.0,0.001463,0.00146321,0.00146637,629.998,0.0003
28.775,6701880.0,4253390.0,4047930.0,1183220.0,8.47084e-07,3.9876e-05,0.0015011,0.0,0.00146311,0.00146332,0.00146648,630.068,0.0003
28.78,6701880.0,4253390.0,4047930.0,1183220.0,8.47084e-07,3.9876e-05,0.0015011,0.0,0.00146311,0.00146332,0.00146648,630.342,0.0003
28.785,6701930.0,4253410.0,4047950.0,1183220.0,8.47087e-07,4.16353e-05,0.00150286,0.0,0.00146312,0.00146332,0.00146649,630.342,0.0003
28.79,6701940.0,4253420.0,4047960.0,1183220.0,8.47088e-07,4.20842e-05,0.0015033,0.0,0.00146312,0.00146333,0.00146649,628.071,0.0003
28.795,6701550.0,4253200.0,4047760.0,1183220.0,8.47064e-07,2.75202e-05,0.00148879,0.0,0.00146307,0.00146327,0.00146644,627.508,0.0003
28.8,6701550.0,4253200.0,4047760.0,1183220.0,8.47064e-07,2.75202e-05,0.00148879,0.0,0.00146307,0.00146327,0.00146644,625.301,0.0003
28.805,6701030.0,4252910.0,4047480.0,1183210.0,8.47032e-07,1.34441e-05,0.00147474,0.0,0.001463,0.00146321,0.00146637,625.301,0.0003
28.81,6700900.0,4252840.0,4047410.0,1183210.0,8.47023e-07,9.85271e-06,0.00147116,0.0,0.00146298,0.00146319,0.00146635,628.215,0.0003
28.815,6701580.0,4253220.0,4047770.0,1183220.0,8.47065e-07,2.84444e-05,0.00148971,0.0,0.00146307,0.00146328,0.00146644,628.212,0.0003
28.82,6701580.0,4253220.0,4047770.0,1183220.0,8.47065e-07,2.84444e-05,0.00148971,0.0,0.00146307,0.00146328,0.00146644,628.2,0.0003
28.825,6701570.0,4253220.0,4047770.0,1183220.0,8.47065e-07,2.83668e-05,0.00148963,0.0,0.00146307,0.00146328,0.00146644,628.2,0.0003
28.83,6701570.0,4253220.0,4047770.0,1183220.0,8.47065e-07,2.8347e-05,0.00148961,0.0,0.00146307,0.00146328,0.00146644,630.037,0.0003
28.835,6701890.0,4253390.0,4047930.0,1183220.0,8.47085e-07,4.0126e-05,0.00150135,0.0,0.00146311,0.00146332,0.00146648,630.339,0.0003
28.84,6701890.0,4253390.0,4047930.0,1183220.0,8.47085e-07,4.0126e-05,0.00150135,0.0,0.00146311,0.00146332,0.00146648,631.523,0.0003
28.845,6702080.0,4253500.0,4048040.0,1183230.0,8.47097e-07,4.77169e-05,0.00150892,0.0,0.00146314,0.00146334,0.00146651,631.523,0.0003
28.85,6702130.0,4253530.0,4048060.0,1183230.0,8.471e-07,4.96537e-05,0.00151085,0.0,0.00146314,0.00146335,0.00146651,633.277,0.0003
28.855,6702430.0,4253700.0,4048220.0,1183230.0,8.47119e-07,6.09082e-05,0.00152206,0.0,0.00146318,0.00146339,0.00146655,632.419,0.0003
28.86,6702430.0,4253700.0,4048220.0,1183230.0,8.47119e-07,6.09083e-05,0.00152206,0.0,0.00146318,0.00146339,0.00146655,629.054,0.0003
28.865,6701870.0,4253380.0,4047920.0,1183220.0,8.47084e-07,3.93284e-05,0.00150056,0.0,0.00146311,0.00146332,0.00146648,629.054,0.0003
28.87,6701720.0,4253300.0,4047850.0,1183220.0,8.47075e-07,3.38225e-05,0.00149507,0.0,0.00146309,0.0014633,0.00146646,629.022,0.0003
28.875,6701720.0,4253300.0,4047840.0,1183220.0,8.47074e-07,3.36168e-05,0.00149487,0.0,0.00146309,0.0014633,0.00146646,628.891,0.0003
28.88,6701720.0,4253300.0,4047840.0,1183220.0,8.47074e-07,3.36168e-05,0.00149487,0.0,0.00146309,0.0014633,0.00146646,628.379,0.0003
28.885,6701630.0,4253250.0,4047800.0,1183220.0,8.47069e-07,3.03338e-05,0.00149159,0.0,0.00146308,0.00146328,0.00146645,628.379,0.0003
28.89,6701600.0,4253230.0,4047790.0,1183220.0,8.47067e-07,2.94962e-05,0.00149076,0.0,0.00146307,0.00146328,0.00146644,629.131,0.0003
28.895,6701730.0,4253310.0,4047850.0,1183220.0,8.47075e-07,3.43135e-05,0.00149556,0.0,0.00146309,0.0014633,0.00146646,629.67,0.0003
28.9,6701730.0,4253310.0,4047850.0,1183220.0,8.47075e-07,3.43135e-05,0.00149556,0.0,0.00146309,0.0014633,0.00146646,631.782,0.0003
28.905,6702090.0,4253510.0,4048040.0,1183230.0,8.47097e-07,4.78603e-05,0.00150906,0.0,0.00146314,0.00146335,0.00146651,631.782,0.0003
28.91,6702180.0,4253560.0,4048090.0,1183230.0,8.47103e-07,5.13166e-05,0.0015125,0.0,0.00146315,0.00146336,0.00146652,629.7,0.0003
28.915,6701830.0,4253360.0,4047900.0,1183220.0,8.47081e-07,3.79647e-05,0.0014992,0.0,0.0014631,0.00146331,0.00146647,629.18,0.0003
28.92,6701830.0,4253360.0,4047900.0,1183220.0,8.47081e-07,3.79647e-05,0.0014992,0.0,0.0014631,0.00146331,0.00146647,627.14,0.0003
28.925,6701460.0,4253150.0,4047710.0,1183220.0,8.47058e-07,2.48994e-05,0.00148618,0.0,0.00146305,0.00146326,0.00146642,627.14,0.0003
28.93,6701360.0,4253100.0,4047660.0,1183220.0,8.47052e-07,2.15659e-05,0.00148285,0.0,0.00146304,0.00146325,0.00146641,626.703,0.0003
28.935,6701270.0,4253050.0,4047610.0,1183220.0,8.47046e-07,1.87721e-05,0.00148007,0.0,0.00146303,0.00146324,0.0014664,627.241,0.0003
28.94,6701270.0,4253050.0,4047610.0,1183220.0,8.47046e-07,1.87721e-05,0.00148007,0.0,0.00146303,0.00146324,0.0014664,629.351,0.0003
28.945,6701670.0,4253270.0,4047820.0,1183220.0,8.47071e-07,3.22814e-05,0.00149353,0.0,0.00146308,0.00146329,0.00146645,629.351,0.0003
28.95,6701770.0,4253330.0,4047870.0,1183220.0,8.47078e-07,3.57282e-05,0.00149697,0.0,0.0014631,0.0014633,0.00146646,629.416,0.0003
28.955,6701780.0,4253330.0,4047880.0,1183220.0,8.47078e-07,3.61455e-05,0.00149739,0.0,0.0014631,0.00146331,0.00146647,629.117,0.0003
28.96,6701780.0,4253330.0,4047880.0,1183220.0,8.47078e-07,3.61456e-05,0.00149739,0.0,0.0014631,0.00146331,0.00146647,627.942,0.0003
28.965,6701580.0,4253220.0,4047770.0,1183220.0,8.47066e-07,2.86156e-05,0.00148988,0.0,0.00146307,0.00146328,0.00146644,627.942,0.0003
28.97,6701520.0,4253190.0,4047740.0,1183220.0,8.47062e-07,2.66944e-05,0.00148797,0.0,0.00146306,0.00146327,0.00146643,628.958,0.0003
28.975,6701710.0,4253290.0,4047840.0,1183220.0,8.47074e-07,3.32033e-05,0.00149445,0.0,0.00146309,0.00146329,0.00146646,629.439,0.0003
28.98,6701710.0,4253290.0,4047840.0,1183220.0,8.47074e-07,3.32033e-05,0.00149445,0.0,0.00146309,0.00146329,0.00146646,631.326,0.0003
28.985,6702020.0,4253470.0,4048000.0,1183230.0,8.47093e-07,4.53063e-05,0.00150651,0.0,0.00146313,0.00146334,0.0014665,631.326,0.0003
28.99,6702100.0,4253510.0,4048050.0,1183230.0,8.47098e-07,4.83943e-05,0.00150959,0.0,0.00146314,0.00146335,0.00146651,626.549,0.0003
28.995,6701230.0,4253030.0,4047590.0,1183220.0,8.47044e-07,1.77913e-05,0.00147909,0.0,0.00146302,0.00146323,0.00146639,626.711,0.0003
29.0,6701230.0,4253030.0,4047590.0,1183220.0,8.47044e-07,1.77913e-05,0.00147909,0.0,0.00146302,0.00146323,0.00146639,627.345,0.0003
29.005,6701370.0,4253100.0,4047660.0,1183220.0,8.47053e-07,2.18438e-05,0.00148313,0.0,0.00146304,0.00146325,0.00146641,627.345,0.0003
29.01,6701410.0,4253120.0,4047680.0,1183220.0,8.47055e-07,2.28777e-05,0.00148416,0.0,0.00146305,0.00146326,0.00146642,633.775,0.0003
29.015,6702510.0,4253740.0,4048260.0,1183230.0,8.47124e-07,6.41013e-05,0.00152524,0.0,0.00146319,0.0014634,0.00146656,633.293,0.0003
29.02,6702510.0,4253740.0,4048260.0,1183230.0,8.47124e-07,6.41013e-05,0.00152524,0.0,0.00146319,0.0014634,0.00146656,631.403,0.0003
29.025,6702190.0,4253570.0,4048100.0,1183230.0,8.47104e-07,5.19823e-05,0.00151317,0.0,0.00146315,0.00146336,0.00146652,631.403,0.0003
29.03,6702110.0,4253520.0,4048050.0,1183230.0,8.47099e-07,4.88903e-05,0.00151009,0.0,0.00146314,0.00146335,0.00146651,628.665,0.0003
29.035,6701660.0,4253260.0,4047810.0,1183220.0,8.4707e-07,3.13284e-05,0.00149259,0.0,0.00146308,0.00146329,0.00146645,628.33,0.0003
29.04,6701660.0,4253260.0,4047810.0,1183220.0,8.4707e-07,3.13284e-05,0.00149259,0.0,0.00146308,0.00146329,0.00146645,627.018,0.0003
29.045,6701400.0,4253120.0,4047680.0,1183220.0,8.47055e-07,2.29302e-05,0.00148421,0.0,0.00146305,0.00146326,0.00146642,627.018,0.0003
29.05,6701340.0,4253090.0,4047650.0,1183220.0,8.47051e-07,2.07875e-05,0.00148208,0.0,0.00146304,0.00146325,0.00146641,633.023,0.0003
29.055,6702380.0,4253670.0,4048200.0,1183230.0,8.47116e-07,5.92808e-05,0.00152044,0.0,0.00146318,0.00146338,0.00146655,632.417,0.0003
29.06,6702380.0,4253670.0,4048200.0,1183230.0,8.47116e-07,5.92808e-05,0.00152044,0.0,0.00146318,0.00146338,0.00146655,630.042,0.0003
29.065,6701990.0,4253450.0,4047990.0,1183230.0,8.47091e-07,4.40459e-05,0.00150526,0.0,0.00146312,0.00146333,0.00146649,630.042,0.0003
29.07,6701890.0,4253390.0,4047930.0,1183230.0,8.47085e-07,4.01589e-05,0.00150138,0.0,0.00146311,0.00146332,0.00146648,628.763,0.0003
29.075,6701670.0,4253270.0,4047820.0,1183220.0,8.47072e-07,3.19556e-05,0.00149321,0.0,0.00146308,0.00146329,0.00146645,628.651,0.0003
29.08,6701670.0,4253270.0,4047820.0,1183220.0,8.47072e-07,3.19556e-05,0.00149321,0.0,0.00146308,0.00146329,0.00146645,628.212,0.0003
29.085,6701590.0,4253230.0,4047780.0,1183220.0,8.47067e-07,2.91411e-05,0.00149041,0.0,0.00146307,0.00146328,0.00146644,628.212,0.0003
29.09,6701570.0,4253220.0,4047770.0,1183220.0,8.47065e-07,2.8423e-05,0.00148969,0.0,0.00146307,0.00146328,0.00146644,630.616,0.0003
29.095,6701980.0,4253450.0,4047980.0,1183230.0,8.47091e-07,4.38423e-05,0.00150506,0.0,0.00146312,0.00146333,0.00146649,630.24,0.0003
29.1,6701980.0,4253450.0,4047980.0,1183230.0,8.47091e-07,4.38423e-05,0.00150506,0.0,0.00146312,0.00146333,0.00146649,628.763,0.0003
29.105,6701740.0,4253310.0,4047850.0,1183220.0,8.47075e-07,3.43693e-05,0.00149562,0.0,0.00146309,0.0014633,0.00146646,628.763,0.0003
29.11,6701670.0,4253270.0,4047820.0,1183220.0,8.47072e-07,3.19524e-05,0.00149321,0.0,0.00146308,0.00146329,0.00146645,631.587,0.0003
29.115,6702140.0,4253540.0,4048070.0,1183230.0,8.47101e-07,5.00668e-05,0.00151126,0.0,0.00146314,0.00146335,0.00146651,631.274,0.0003
29.12,6702140.0,4253540.0,4048070.0,1183230.0,8.47101e-07,5.00668e-05,0.00151126,0.0,0.00146314,0.00146335,0.00146651,630.046,0.0003
29.125,6701940.0,4253420.0,4047960.0,1183230.0,8.47088e-07,4.21947e-05,0.00150341,0.0,0.00146312,0.00146333,0.00146649,630.046,0.0003
29.13,6701890.0,4253390.0,4047940.0,1183230.0,8.47085e-07,4.01863e-05,0.00150141,0.0,0.00146311,0.00146332,0.00146648,627.099,0.0003
29.135,6701360.0,4253100.0,4047660.0,1183220.0,8.47052e-07,2.13038e-05,0.00148259,0.0,0.00146304,0.00146325,0.00146641,627.195,0.0003
29.14,6701360.0,4253100.0,4047660.0,1183220.0,8.47052e-07,2.13038e-05,0.00148259,0.0,0.00146304,0.00146325,0.00146641,627.571,0.0003
29.145,6701430.0,4253140.0,4047700.0,1183220.0,8.47057e-07,2.37085e-05,0.00148499,0.0,0.00146305,0.00146326,0.00146642,627.571,0.0003
29.15,6701450.0,4253150.0,4047710.0,1183220.0,8.47058e-07,2.4322e-05,0.0014856,0.0,0.00146305,0.00146326,0.00146642,627.719,0.0003
29.155,6701480.0,4253170.0,4047720.0,1183220.0,8.4706e-07,2.52683e-05,0.00148654,0.0,0.00146306,0.00146327,0.00146643,628.322,0.0003
29.16,6701480.0,4253170.0,4047720.0,1183220.0,8.4706e-07,2.52683e-05,0.00148654,0.0,0.00146306,0.00146327,0.00146643,630.684,0.0003
29.165,6701890.0,4253400.0,4047940.0,1183230.0,8.47085e-07,4.04108e-05,0.00150164,0.0,0.00146311,0.00146332,0.00146648,630.684,0.0003
29.17,6701990.0,4253450.0,4047990.0,1183230.0,8.47092e-07,4.42742e-05,0.00150549,0.0,0.00146312,0.00146333,0.00146649,626.111,0.0003
29.175,6701130.0,4252970.0,4047540.0,1183220.0,8.47038e-07,1.49957e-05,0.0014763,0.0,0.00146301,0.00146322,0.00146638,626.754,0.0003
29.18,6701130.0,4252970.0,4047540.0,1183220.0,8.47038e-07,1.49958e-05,0.0014763,0.0,0.00146301,0.00146322,0.00146638,629.278,0.0003
29.185,6701630.0,4253250.0,4047800.0,1183220.0,8.47069e-07,3.11409e-05,0.0014924,0.0,0.00146308,0.00146328,0.00146645,629.278,0.0003
29.19,6701760.0,4253320.0,4047870.0,1183230.0,8.47077e-07,3.52602e-05,0.0014965,0.0,0.00146309,0.0014633,0.00146646,627.863,0.0003
29.195,6701510.0,4253180.0,4047740.0,1183220.0,8.47061e-07,2.61885e-05,0.00148746,0.0,0.00146306,0.00146327,0.00146643,627.977,0.0003
29.2,6701510.0,4253180.0,4047740.0,1183220.0,8.47061e-07,2.61885e-05,0.00148746,0.0,0.00146306,0.00146327,0.00146643,628.427,0.0003
29.205,6701590.0,4253230.0,4047780.0,1183220.0,8.47067e-07,2.90661e-05,0.00149033,0.0,0.00146307,0.00146328,0.00146644,628.427,0.0003
29.21,6701610.0,4253240.0,4047790.0,1183220.0,8.47068e-07,2.98003e-05,0.00149106,0.0,0.00146307,0.00146328,0.00146644,631.772,0.0003
29.215,6702180.0,4253560.0,4048090.0,1183230.0,8.47103e-07,5.12527e-05,0.00151244,0.0,0.00146315,0.00146336,0.00146652,631.18,0.0003
29.22,6702180.0,4253560.0,4048090.0,1183230.0,8.47103e-07,5.12527e-05,0.00151244,0.0,0.00146315,0.00146336,0.00146652,628.859,0.0003
29.225,6701790.0,4253340.0,4047880.0,1183230.0,8.47079e-07,3.6368e-05,0.00149761,0.0,0.0014631,0.00146331,0.00146647,628.859,0.0003
29.23,6701690.0,4253280.0,4047830.0,1183220.0,8.47073e-07,3.25703e-05,0.00149382,0.0,0.00146308,0.00146329,0.00146645,629.038,0.0003
29.235,6701720.0,4253300.0,4047850.0,1183230.0,8.47074e-07,3.37164e-05,0.00149496,0.0,0.00146309,0.0014633,0.00146646,629.193,0.0003
29.24,6701720.0,4253300.0,4047850.0,1183230.0,8.47074e-07,3.37164e-05,0.00149496,0.0,0.00146309,0.0014633,0.00146646,629.801,0.0003
29.245,6701820.0,4253360.0,4047900.0,1183230.0,8.47081e-07,3.76149e-05,0.00149885,0.0,0.0014631,0.00146331,0.00146647,629.801,0.0003
29.25,6701850.0,4253370.0,4047910.0,1183230.0,8.47082e-07,3.86095e-05,0.00149984,0.0,0.0014631,0.00146331,0.00146647,624.368,0.0003
29.255,6700530.0,4252630.0,4047220.0,1183210.0,8.47e-07,3.97963e-06,0.00146528,0.0,0.00146293,0.00146314,0.0014663,625.401,0.0003
29.26,6700530.0,4252630.0,4047220.0,1183210.0,8.47e-07,3.97963e-06,0.00146528,0.0,0.00146293,0.00146314,0.0014663,629.447,0.0003
29.265,6701530.0,4253190.0,4047750.0,1183220.0,8.47063e-07,2.9763e-05,0.00149101,0.0,0.00146306,0.00146327,0.00146643,629.447,0.0003
29.27,6701790.0,4253340.0,4047880.0,1183230.0,8.47079e-07,3.63413e-05,0.00149758,0.0,0.0014631,0.00146331,0.00146647,628.554,0.0003
29.275,6701640.0,4253250.0,4047800.0,1183220.0,8.47069e-07,3.06131e-05,0.00149187,0.0,0.00146308,0.00146329,0.00146645,627.871,0.0003
29.28,6701640.0,4253250.0,4047800.0,1183220.0,8.47069e-07,3.06131e-05,0.00149187,0.0,0.00146308,0.00146329,0.00146645,625.198,0.0003
29.285,6701020.0,4252910.0,4047480.0,1183220.0,8.47031e-07,1.35514e-05,0.00147485,0.0,0.001463,0.00146321,0.00146637,625.198,0.0003
29.29,6700870.0,4252820.0,4047400.0,1183220.0,8.47021e-07,9.19824e-06,0.00147051,0.0,0.00146298,0.00146318,0.00146635,625.681,0.0003
29.295,6701010.0,4252900.0,4047480.0,1183220.0,8.4703e-07,1.2264e-05,0.00147357,0.0,0.001463,0.0014632,0.00146636,625.925,0.0003
29.3,6701010.0,4252900.0,4047480.0,1183220.0,8.4703e-07,1.2264e-05,0.00147357,0.0,0.001463,0.0014632,0.00146636,626.883,0.0003
29.305,6701250.0,4253040.0,4047600.0,1183220.0,8.47045e-07,1.8366e-05,0.00147966,0.0,0.00146303,0.00146323,0.0014664,626.883,0.0003
29.31,6701310.0,4253070.0,4047630.0,1183220.0,8.47049e-07,1.99229e-05,0.00148121,0.0,0.00146303,0.00146324,0.0014664,629.342,0.0003
29.315,6701770.0,4253330.0,4047870.0,1183230.0,8.47078e-07,3.56676e-05,0.00149691,0.0,0.00146309,0.0014633,0.00146646,628.681,0.0003
29.32,6701770.0,4253330.0,4047870.0,1183230.0,8.47078e-07,3.56677e-05,0.00149691,0.0,0.00146309,0.0014633,0.00146646,626.091,0.0003
29.325,6701250.0,4253040.0,4047600.0,1183220.0,8.47045e-07,1.90962e-05,0.00148039,0.0,0.00146303,0.00146324,0.0014664,626.091,0.0003
29.33,6701120.0,4252970.0,4047530.0,1183220.0,8.47037e-07,1.48682e-05,0.00147617,0.0,0.00146301,0.00146322,0.00146638,625.357,0.0003
29.335,6700920.0,4252850.0,4047430.0,1183220.0,8.47024e-07,1.02043e-05,0.00147151,0.0,0.00146298,0.00146319,0.00146635,626.027,0.0003
29.34,6700920.0,4252850.0,4047430.0,1183220.0,8.47024e-07,1.02043e-05,0.00147151,0.0,0.00146298,0.00146319,0.00146635,628.654,0.0003
29.345,6701500.0,4253180.0,4047730.0,1183220.0,8.47061e-07,2.69767e-05,0.00148824,0.0,0.00146306,0.00146327,0.00146643,628.654,0.0003
29.35,6701650.0,4253260.0,4047810.0,1183230.0,8.4707e-07,3.1256e-05,0.00149251,0.0,0.00146308,0.00146329,0.00146645,630.747,0.0003
29.355,6702000.0,4253460.0,4048000.0,1183230.0,8.47092e-07,4.4679e-05,0.00150589,0.0,0.00146313,0.00146333,0.00146649,630.312,0.0003
29.36,6702000.0,4253460.0,4048000.0,1183230.0,8.47092e-07,4.46791e-05,0.00150589,0.0,0.00146312,0.00146333,0.00146649,628.608,0.0003
29.365,6701720.0,4253300.0,4047850.0,1183230.0,8.47074e-07,3.37515e-05,0.001495,0.0,0.00146309,0.0014633,0.00146646,628.608,0.0003
29.37,6701650.0,4253260.0,4047810.0,1183230.0,8.4707e-07,3.09634e-05,0.00149222,0.0,0.00146308,0.00146329,0.00146645,628.371,0.0003
29.375,6701600.0,4253240.0,4047790.0,1183230.0,8.47067e-07,2.94412e-05,0.0014907,0.0,0.00146307,0.00146328,0.00146644,628.14,0.0003
29.38,6701600.0,4253240.0,4047790.0,1183230.0,8.47067e-07,2.94412e-05,0.0014907,0.0,0.00146307,0.00146328,0.00146644,627.235,0.0003
29.385,6701430.0,4253140.0,4047700.0,1183220.0,8.47056e-07,2.36492e-05,0.00148493,0.0,0.00146305,0.00146326,0.00146642,627.235,0.0003
29.39,6701380.0,4253110.0,4047670.0,1183220.0,8.47054e-07,2.21715e-05,0.00148346,0.0,0.00146304,0.00146325,0.00146641,627.465,0.0003
29.395,6701430.0,4253140.0,4047700.0,1183220.0,8.47056e-07,2.36418e-05,0.00148492,0.0,0.00146305,0.00146326,0.00146642,627.588,0.0003
29.4,6701430.0,4253140.0,4047700.0,1183220.0,8.47056e-07,2.36419e-05,0.00148492,0.0,0.00146305,0.00146326,0.00146642,628.07,0.0003
29.405,6701520.0,4253190.0,4047750.0,1183220.0,8.47062e-07,2.67262e-05,0.001488,0.0,0.00146306,0.00146327,0.00146643,628.07,0.0003
29.41,6701550.0,4253200.0,4047760.0,1183230.0,8.47064e-07,2.75131e-05,0.00148878,0.0,0.00146307,0.00146327,0.00146643,627.18,0.0003
29.415,6701370.0,4253110.0,4047670.0,1183220.0,8.47053e-07,2.18238e-05,0.00148311,0.0,0.00146304,0.00146325,0.00146641,627.278,0.0003
29.42,6701370.0,4253110.0,4047670.0,1183220.0,8.47053e-07,2.18238e-05,0.00148311,0.0,0.00146304,0.00146325,0.00146641,627.659,0.0003
29.425,6701450.0,4253150.0,4047710.0,1183220.0,8.47058e-07,2.42642e-05,0.00148554,0.0,0.00146305,0.00146326,0.00146642,627.659,0.0003
29.43,6701470.0,4253160.0,4047720.0,1183220.0,8.47059e-07,2.48868e-05,0.00148616,0.0,0.00146306,0.00146326,0.00146642,630.765,0.0003
29.435,6702010.0,4253460.0,4048000.0,1183230.0,8.47092e-07,4.47986e-05,0.00150601,0.0,0.00146313,0.00146333,0.0014665,630.191,0.0003
29.44,6702010.0,4253460.0,4048000.0,1183230.0,8.47092e-07,4.47986e-05,0.00150601,0.0,0.00146313,0.00146333,0.0014665,627.94,0.0003
29.445,6701620.0,4253250.0,4047800.0,1183230.0,8.47068e-07,3.03636e-05,0.00149162,0.0,0.00146307,0.00146328,0.00146644,627.94,0.0003
29.45,6701520.0,4253190.0,4047750.0,1183230.0,8.47062e-07,2.66807e-05,0.00148795,0.0,0.00146306,0.00146327,0.00146643,628.441,0.0003
29.455,6701620.0,4253240.0,4047790.0,1183230.0,8.47068e-07,2.98937e-05,0.00149115,0.0,0.00146307,0.00146328,0.00146644,628.942,0.0003
29.46,6701620.0,4253240.0,4047790.0,1183230.0,8.47068e-07,2.98937e-05,0.00149115,0.0,0.00146307,0.00146328,0.00146644,630.903,0.0003
29.465,6701950.0,4253430.0,4047970.0,1183230.0,8.47089e-07,4.24718e-05,0.00150369,0.0,0.00146312,0.00146333,0.00146649,630.903,0.0003
29.47,6702030.0,4253480.0,4048010.0,1183230.0,8.47094e-07,4.56809e-05,0.00150689,0.0,0.00146313,0.00146334,0.0014665,624.077,0.0003
29.475,6700350.0,4252530.0,4047130.0,1183210.0,8.46989e-07,2.18185e-06,0.00146347,0.0,0.00146291,0.00146312,0.00146628,625.574,0.0003
29.48,6700350.0,4252530.0,4047130.0,1183210.0,8.46989e-07,2.18186e-06,0.00146347,0.0,0.00146291,0.00146312,0.00146628,631.439,0.0003
29.485,6701760.0,4253320.0,4047870.0,1183230.0,8.47077e-07,3.95758e-05,0.00150079,0.0,0.00146309,0.0014633,0.00146646,631.439,0.0003
29.49,6702120.0,4253530.0,4048060.0,1183230.0,8.47099e-07,4.91165e-05,0.00151031,0.0,0.00146314,0.00146335,0.00146651,628.911,0.0003
29.495,6701700.0,4253290.0,4047840.0,1183230.0,8.47073e-07,3.29019e-05,0.00149415,0.0,0.00146308,0.00146329,0.00146645,629.051,0.0003
29.5,6701700.0,4253290.0,4047840.0,1183230.0,8.47073e-07,3.29019e-05,0.00149415,0.0,0.00146308,0.00146329,0.00146645,629.604,0.0003
29.505,6701790.0,4253340.0,4047890.0,1183230.0,8.47079e-07,3.64442e-05,0.00149768,0.0,0.0014631,0.00146331,0.00146647,629.604,0.0003
29.51,6701810.0,4253350.0,4047900.0,1183230.0,8.4708e-07,3.7348e-05,0.00149858,0.0,0.0014631,0.00146331,0.00146647,627.011,0.0003
29.515,6701340.0,4253090.0,4047650.0,1183220.0,8.47051e-07,2.07426e-05,0.00148203,0.0,0.00146304,0.00146325,0.00146641,627.897,0.0003
29.52,6701340.0,4253090.0,4047650.0,1183220.0,8.47051e-07,2.07426e-05,0.00148203,0.0,0.00146304,0.00146325,0.00146641,631.371,0.0003
29.525,6701950.0,4253430.0,4047970.0,1183230.0,8.47089e-07,4.30015e-05,0.00150422,0.0,0.00146312,0.00146333,0.00146649,631.371,0.0003
29.53,6702110.0,4253520.0,4048050.0,1183230.0,8.47099e-07,4.86806e-05,0.00150988,0.0,0.00146314,0.00146335,0.00146651,628.137,0.0003
29.535,6701560.0,4253210.0,4047770.0,1183230.0,8.47065e-07,2.79437e-05,0.00148921,0.0,0.00146307,0.00146328,0.00146644,628.644,0.0003
29.54,6701560.0,4253210.0,4047770.0,1183230.0,8.47065e-07,2.79437e-05,0.00148921,0.0,0.00146307,0.00146328,0.00146644,630.632,0.0003
29.545,6701900.0,4253400.0,4047940.0,1183230.0,8.47086e-07,4.06914e-05,0.00150191,0.0,0.00146311,0.00146332,0.00146648,630.632,0.0003
29.55,6701990.0,4253450.0,4047990.0,1183230.0,8.47091e-07,4.39439e-05,0.00150516,0.0,0.00146312,0.00146333,0.00146649,628.564,0.0003
29.555,6701640.0,4253260.0,4047810.0,1183230.0,8.47069e-07,3.06831e-05,0.00149194,0.0,0.00146308,0.00146329,0.00146645,628.023,0.0003
29.56,6701640.0,4253260.0,4047810.0,1183230.0,8.47069e-07,3.06831e-05,0.00149194,0.0,0.00146308,0.00146329,0.00146645,625.903,0.0003
29.565,6701190.0,4253000.0,4047570.0,1183220.0,8.47041e-07,1.71317e-05,0.00147843,0.0,0.00146302,0.00146323,0.00146639,625.903,0.0003
29.57,6701070.0,4252940.0,4047510.0,1183220.0,8.47034e-07,1.36742e-05,0.00147498,0.0,0.001463,0.00146321,0.00146637,628.597,0.0003
29.575,6701640.0,4253260.0,4047810.0,1183230.0,8.4707e-07,3.08893e-05,0.00149215,0.0,0.00146308,0.00146329,0.00146645,628.499,0.0003
29.58,6701640.0,4253260.0,4047810.0,1183230.0,8.4707e-07,3.08893e-05,0.00149215,0.0,0.00146308,0.00146329,0.00146645,628.118,0.0003
29.585,6701570.0,4253220.0,4047770.0,1183230.0,8.47065e-07,2.8448e-05,0.00148971,0.0,0.00146307,0.00146328,0.00146644,628.118,0.0003
29.59,6701560.0,4253210.0,4047760.0,1183230.0,8.47064e-07,2.78252e-05,0.00148909,0.0,0.00146307,0.00146327,0.00146644,634.342,0.0003
29.595,6702610.0,4253800.0,4048310.0,1183240.0,8.4713e-07,6.77377e-05,0.00152887,0.0,0.0014632,0.00146341,0.00146657,633.203,0.0003
29.6,6702610.0,4253800.0,4048310.0,1183240.0,8.4713e-07,6.77377e-05,0.00152887,0.0,0.0014632,0.00146341,0.00146657,628.738,0.0003
29.605,6701860.0,4253380.0,4047920.0,1183230.0,8.47083e-07,3.9104e-05,0.00150033,0.0,0.00146311,0.00146331,0.00146648,628.738,0.0003
29.61,6701670.0,4253270.0,4047820.0,1183230.0,8.47071e-07,3.17984e-05,0.00149305,0.0,0.00146308,0.00146329,0.00146645,626.438,0.0003
29.615,6701210.0,4253010.0,4047580.0,1183220.0,8.47043e-07,1.70832e-05,0.00147838,0.0,0.00146302,0.00146323,0.00146639,626.511,0.0003
29.62,6701210.0,4253010.0,4047580.0,1183220.0,8.47043e-07,1.70832e-05,0.00147838,0.0,0.00146302,0.00146323,0.00146639,626.798,0.0003
29.625,6701270.0,4253050.0,4047620.0,1183220.0,8.47047e-07,1.89152e-05,0.00148021,0.0,0.00146303,0.00146324,0.0014664,626.798,0.0003
29.63,6701290.0,4253060.0,4047620.0,1183220.0,8.47048e-07,1.93827e-05,0.00148067,0.0,0.00146303,0.00146324,0.0014664,631.215,0.0003
29.635,6702080.0,4253510.0,4048040.0,1183230.0,8.47097e-07,4.76837e-05,0.00150888,0.0,0.00146313,0.00146334,0.0014665,631.214,0.0003
29.64,6702080.0,4253510.0,4048040.0,1183230.0,8.47097e-07,4.76837e-05,0.00150888,0.0,0.00146313,0.00146334,0.0014665,631.209,0.0003
29.645,6702080.0,4253510.0,4048040.0,1183230.0,8.47097e-07,4.76497e-05,0.00150885,0.0,0.00146313,0.00146334,0.0014665,631.209,0.0003
29.65,6702080.0,4253510.0,4048040.0,1183230.0,8.47097e-07,4.76411e-05,0.00150884,0.0,0.00146313,0.00146334,0.0014665,630.576,0.0003
29.655,6701980.0,4253450.0,4047980.0,1183230.0,8.4709e-07,4.35843e-05,0.0015048,0.0,0.00146312,0.00146333,0.00146649,630.541,0.0003
29.66,6701980.0,4253450.0,4047980.0,1183230.0,8.4709e-07,4.35843e-05,0.0015048,0.0,0.00146312,0.00146333,0.00146649,630.403,0.0003
29.665,6701950.0,4253430.0,4047970.0,1183230.0,8.47089e-07,4.27002e-05,0.00150392,0.0,0.00146312,0.00146333,0.00146649,630.403,0.0003
29.67,6701950.0,4253430.0,4047970.0,1183230.0,8.47089e-07,4.24746e-05,0.00150369,0.0,0.00146312,0.00146333,0.00146649,627.336,0.0003
29.675,6701410.0,4253130.0,4047680.0,1183230.0,8.47055e-07,2.28212e-05,0.0014841,0.0,0.00146305,0.00146325,0.00146642,627.629,0.0003
29.68,6701410.0,4253130.0,4047680.0,1183230.0,8.47055e-07,2.28212e-05,0.0014841,0.0,0.00146305,0.00146325,0.00146642,628.773,0.0003
29.685,6701620.0,4253250.0,4047800.0,1183230.0,8.47068e-07,3.0152e-05,0.00149141,0.0,0.00146307,0.00146328,0.00146644,628.773,0.0003
29.69,6701670.0,4253280.0,4047830.0,1183230.0,8.47072e-07,3.20224e-05,0.00149328,0.0,0.00146308,0.00146329,0.00146645,628.697,0.0003
29.695,6701660.0,4253270.0,4047820.0,1183230.0,8.47071e-07,3.153e-05,0.00149279,0.0,0.00146308,0.00146329,0.00146645,628.967,0.0003
29.7,6701660.0,4253270.0,4047820.0,1183230.0,8.47071e-07,3.153e-05,0.00149279,0.0,0.00146308,0.00146329,0.00146645,630.027,0.0003
29.705,6701840.0,4253370.0,4047910.0,1183230.0,8.47082e-07,3.83287e-05,0.00149956,0.0,0.0014631,0.00146331,0.00146647,630.027,0.0003
29.71,6701880.0,4253390.0,4047940.0,1183230.0,8.47085e-07,4.00633e-05,0.00150129,0.0,0.00146311,0.00146332,0.00146648,631.998,0.0003
29.715,6702210.0,4253580.0,4048110.0,1183240.0,8.47105e-07,5.27042e-05,0.00151389,0.0,0.00146315,0.00146336,0.00146652,631.756,0.0003
29.72,6702210.0,4253580.0,4048110.0,1183240.0,8.47105e-07,5.27042e-05,0.00151389,0.0,0.00146315,0.00146336,0.00146652,630.805,0.0003
29.725,6702050.0,4253490.0,4048030.0,1183230.0,8.47095e-07,4.661e-05,0.00150781,0.0,0.00146313,0.00146334,0.0014665,630.805,0.0003
29.73,6702010.0,4253470.0,4048000.0,1183230.0,8.47093e-07,4.50551e-05,0.00150626,0.0,0.00146313,0.00146333,0.0014665,630.199,0.0003
29.735,6701910.0,4253410.0,4047950.0,1183230.0,8.47087e-07,4.11666e-05,0.00150239,0.0,0.00146311,0.00146332,0.00146648,630.163,0.0003
29.74,6701910.0,4253410.0,4047950.0,1183230.0,8.47087e-07,4.11666e-05,0.00150239,0.0,0.00146311,0.00146332,0.00146648,630.02,0.0003
29.745,6701890.0,4253400.0,4047940.0,1183230.0,8.47085e-07,4.02529e-05,0.00150148,0.0,0.00146311,0.00146332,0.00146648,630.02,0.0003
29.75,6701880.0,4253390.0,4047940.0,1183230.0,8.47085e-07,4.00197e-05,0.00150125,0.0,0.00146311,0.00146332,0.00146648,626.69,0.0003
29.755,6701270.0,4253050.0,4047610.0,1183230.0,8.47046e-07,1.86911e-05,0.00147998,0.0,0.00146303,0.00146324,0.0014664,627.154,0.0003
29.76,6701270.0,4253050.0,4047610.0,1183230.0,8.47046e-07,1.86911e-05,0.00147998,0.0,0.00146303,0.00146324,0.0014664,628.974,0.0003
29.765,6701620.0,4253250.0,4047800.0,1183230.0,8.47068e-07,3.03362e-05,0.00149159,0.0,0.00146307,0.00146328,0.00146644,628.974,0.0003
29.77,6701710.0,4253300.0,4047840.0,1183230.0,8.47074e-07,3.33073e-05,0.00149456,0.0,0.00146309,0.00146329,0.00146646,625.186,0.0003
29.775,6700860.0,4252820.0,4047400.0,1183220.0,8.47021e-07,9.12103e-06,0.00147043,0.0,0.00146298,0.00146318,0.00146634,626.395,0.0003
29.78,6700860.0,4252820.0,4047400.0,1183220.0,8.47021e-07,9.12104e-06,0.00147043,0.0,0.00146298,0.00146318,0.00146634,631.138,0.0003
29.785,6701820.0,4253360.0,4047910.0,1183230.0,8.47081e-07,3.94488e-05,0.00150067,0.0,0.0014631,0.00146331,0.00146647,631.138,0.0003
29.79,6702070.0,4253500.0,4048030.0,1183240.0,8.47096e-07,4.71866e-05,0.00150839,0.0,0.00146313,0.00146334,0.0014665,625.522,0.0003
29.795,6700970.0,4252880.0,4047460.0,1183220.0,8.47028e-07,1.12551e-05,0.00147256,0.0,0.00146299,0.0014632,0.00146636,625.643,0.0003
29.8,6700970.0,4252880.0,4047460.0,1183220.0,8.47028e-07,1.12551e-05,0.00147256,0.0,0.00146299,0.0014632,0.00146636,626.115,0.0003
29.805,6701100.0,4252950.0,4047520.0,1183220.0,8.47036e-07,1.4259e-05,0.00147556,0.0,0.00146301,0.00146321,0.00146637,626.115,0.0003
29.81,6701130.0,4252970.0,4047540.0,1183220.0,8.47038e-07,1.50254e-05,0.00147633,0.0,0.00146301,0.00146322,0.00146638,626.886,0.0003
29.815,6701310.0,4253070.0,4047640.0,1183230.0,8.47049e-07,1.99405e-05,0.00148123,0.0,0.00146303,0.00146324,0.0014664,627.325,0.0003
29.82,6701310.0,4253070.0,4047640.0,1183230.0,8.47049e-07,1.99405e-05,0.00148123,0.0,0.00146303,0.00146324,0.0014664,629.047,0.0003
29.825,6701640.0,4253260.0,4047810.0,1183230.0,8.47069e-07,3.09631e-05,0.00149222,0.0,0.00146308,0.00146328,0.00146645,629.047,0.0003
29.83,6701720.0,4253300.0,4047850.0,1183230.0,8.47075e-07,3.37754e-05,0.00149502,0.0,0.00146309,0.0014633,0.00146646,627.553,0.0003
29.835,6701450.0,4253150.0,4047710.0,1183230.0,8.47058e-07,2.42054e-05,0.00148548,0.0,0.00146305,0.00146326,0.00146642,626.841,0.0003
29.84,6701450.0,4253150.0,4047710.0,1183230.0,8.47058e-07,2.42054e-05,0.00148548,0.0,0.00146305,0.00146326,0.00146642,624.05,0.0003
29.845,6700550.0,4252650.0,4047240.0,1183220.0,8.47002e-07,6.52576e-06,0.00146781,0.0,0.00146293,0.00146314,0.0014663,624.05,0.0003
29.85,6700330.0,4252520.0,4047120.0,1183220.0,8.46987e-07,2.01501e-06,0.0014633,0.0,0.0014629,0.00146311,0.00146627,624.829,0.0003
29.855,6700740.0,4252750.0,4047330.0,1183220.0,8.47013e-07,6.87019e-06,0.00146818,0.0,0.00146296,0.00146317,0.00146633,625.645,0.0003
29.86,6700740.0,4252750.0,4047330.0,1183220.0,8.47013e-07,6.87019e-06,0.00146818,0.0,0.00146296,0.00146317,0.00146633,628.842,0.0003
29.865,6701490.0,4253180.0,4047730.0,1183230.0,8.4706e-07,2.72622e-05,0.00148852,0.0,0.00146306,0.00146327,0.00146643,628.842,0.0003
29.87,6701690.0,4253280.0,4047830.0,1183230.0,8.47072e-07,3.2465e-05,0.00149372,0.0,0.00146308,0.00146329,0.00146645,627.332,0.0003
29.875,6701400.0,4253130.0,4047690.0,1183230.0,8.47055e-07,2.27907e-05,0.00148407,0.0,0.00146305,0.00146325,0.00146642,627.397,0.0003
29.88,6701400.0,4253130.0,4047690.0,1183230.0,8.47055e-07,2.27907e-05,0.00148407,0.0,0.00146305,0.00146325,0.00146642,627.655,0.0003
29.885,6701460.0,4253160.0,4047710.0,1183230.0,8.47058e-07,2.44408e-05,0.00148572,0.0,0.00146305,0.00146326,0.00146642,627.655,0.0003
29.89,6701470.0,4253160.0,4047720.0,1183230.0,8.47059e-07,2.48618e-05,0.00148614,0.0,0.00146305,0.00146326,0.00146642,625.533,0.0003
29.895,6700970.0,4252880.0,4047460.0,1183220.0,8.47028e-07,1.13219e-05,0.00147263,0.0,0.00146299,0.0014632,0.00146636,625.536,0.0003
29.9,6700970.0,4252880.0,4047460.0,1183220.0,8.47028e-07,1.13219e-05,0.00147263,0.0,0.00146299,0.0014632,0.00146636,625.549,0.0003
29.905,6700970.0,4252880.0,4047460.0,1183220.0,8.47028e-07,1.14045e-05,0.00147271,0.0,0.00146299,0.0014632,0.00146636,625.549,0.0003
29.91,6700980.0,4252890.0,4047460.0,1183220.0,8.47028e-07,1.14256e-05,0.00147273,0.0,0.00146299,0.0014632,0.00146636,624.76,0.0003
29.915,6700710.0,4252740.0,4047320.0,1183220.0,8.47011e-07,6.43519e-06,0.00146774,0.0,0.00146295,0.00146316,0.00146632,625.595,0.0003
29.92,6700710.0,4252740.0,4047320.0,1183220.0,8.47011e-07,6.4352e-06,0.00146774,0.0,0.00146295,0.00146316,0.00146632,628.868,0.0003
29.925,6701490.0,4253170.0,4047730.0,1183230.0,8.4706e-07,2.73052e-05,0.00148857,0.0,0.00146306,0.00146327,0.00146643,628.868,0.0003
29.93,6701690.0,4253290.0,4047840.0,1183230.0,8.47073e-07,3.26299e-05,0.00149388,0.0,0.00146308,0.00146329,0.00146645,632.042,0.0003
29.935,6702220.0,4253590.0,4048110.0,1183240.0,8.47106e-07,5.29862e-05,0.00151417,0.0,0.00146315,0.00146336,0.00146652,631.526,0.0003
29.94,6702220.0,4253590.0,4048110.0,1183240.0,8.47106e-07,5.29862e-05,0.00151417,0.0,0.00146315,0.00146336,0.00146652,629.506,0.0003
29.945,6701880.0,4253400.0,4047940.0,1183240.0,8.47085e-07,4.00269e-05,0.00150125,0.0,0.00146311,0.00146332,0.00146648,629.506,0.0003
29.95,6701800.0,4253350.0,4047890.0,1183230.0,8.47079e-07,3.67205e-05,0.00149796,0.0,0.0014631,0.00146331,0.00146647,629.016,0.0003
29.955,6701720.0,4253300.0,4047850.0,1183230.0,8.47074e-07,3.35791e-05,0.00149483,0.0,0.00146309,0.00146329,0.00146646,629.38,0.0003
29.96,6701720.0,4253300.0,4047850.0,1183230.0,8.47074e-07,3.35791e-05,0.00149483,0.0,0.00146309,0.00146329,0.00146646,630.807,0.0003
29.965,6701950.0,4253440.0,4047970.0,1183240.0,8.47089e-07,4.27332e-05,0.00150395,0.0,0.00146312,0.00146333,0.00146649,630.807,0.0003
29.97,6702010.0,4253470.0,4048010.0,1183240.0,8.47093e-07,4.50687e-05,0.00150628,0.0,0.00146313,0.00146333,0.0014665,630.93,0.0003
29.975,6702040.0,4253480.0,4048020.0,1183240.0,8.47094e-07,4.58577e-05,0.00150706,0.0,0.00146313,0.00146334,0.0014665,630.424,0.0003
29.98,6702040.0,4253480.0,4048020.0,1183240.0,8.47094e-07,4.58577e-05,0.00150706,0.0,0.00146313,0.00146334,0.0014665,628.438,0.0003
29.985,6701700.0,4253290.0,4047840.0,1183230.0,8.47073e-07,3.31252e-05,0.00149437,0.0,0.00146308,0.00146329,0.00146645,628.438,0.0003
29.99,6701620.0,4253250.0,4047800.0,1183230.0,8.47068e-07,2.98767e-05,0.00149114,0.0,0.00146307,0.00146328,0.00146644,629.89,0.0003
29.995,6701860.0,4253380.0,4047930.0,1183240.0,8.47083e-07,3.91855e-05,0.00150041,0.0,0.00146311,0.00146331,0.00146648,629.385,0.0003
30.0,6701860.0,4253380.0,4047930.0,1183240.0,8.47083e-07,3.91855e-05,0.00150041,0.0,0.00146311,0.00146331,0.00146648,627.407,0.0003
