t,p_Pump,p_FMU,p_Shut,p_Combustion,Flow_PRV,Flow_Bypass,Flow_Pump,Flow_Engine1,Flow_Engine2,Flow_Engine3,Flow_Engine4,RPM_Motor,Signal_Throttle
0.0,433.33,0.0,-433.325,-433.323,1.01629e-07,-3.49088e-09,9.46689e-08,-3.21281e-09,-3.21281e-09,-3.21281e-09,-3.21281e-09,0.0,0.0002
0.005,433.33,0.0,-433.325,-433.323,1.01629e-07,-3.49088e-09,9.46689e-08,-3.21281e-09,-3.21281e-09,-3.21281e-09,-3.21281e-09,0.0,0.0002
0.01,433.33,0.0,-433.325,-433.323,1.01629e-07,-3.49088e-09,9.46689e-08,-3.21281e-09,-3.21281e-09,-3.21281e-09,-3.21281e-09,0.0,0.0002
0.015,433.33,0.0,-433.325,-433.323,1.01629e-07,-3.49088e-09,9.46689e-08,-3.21281e-09,-3.21281e-09,-3.21281e-09,-3.21281e-09,0.0,0.0002
0.02,433.33,0.0,-433.325,-433.323,1.01629e-07,-3.49088e-09,9.46689e-08,-3.21281e-09,-3.21281e-09,-3.21281e-09,-3.21281e-09,0.0,0.0002
0.025,433.33,0.0,-433.325,-433.323,1.01629e-07,-3.49088e-09,9.46689e-08,-3.21281e-09,-3.21281e-09,-3.21281e-09,-3.21281e-09,0.0,0.0002
0.03,433.33,0.0,-433.325,-433.323,1.01629e-07,-3.49088e-09,9.46689e-08,-3.21281e-09,-3.21281e-09,-3.21281e-09,-3.21281e-09,0.0,0.0002
0.035,433.33,0.0,-433.325,-433.323,1.01629e-07,-3.49088e-09,9.46689e-08,-3.21281e-09,-3.21281e-09,-3.21281e-09,-3.21281e-09,0.0,0.0002
0.04,433.33,0.0,-433.325,-433.323,1.01629e-07,-3.49088e-09,9.46689e-08,-3.21281e-09,-3.21281e-09,-3.21281e-09,-3.21281e-09,0.0,0.0002
0.045,433.33,0.0,-433.325,-433.323,1.01629e-07,-3.49088e-09,9.46689e-08,-3.21281e-09,-3.21281e-09,-3.21281e-09,-3.21281e-09,0.0,0.0002
0.05,433.33,0.0,-433.325,-433.323,1.01629e-07,-3.49088e-09,9.46689e-08,-3.21281e-09,-3.21281e-09,-3.21281e-09,-3.21281e-09,0.0,0.0002
0.055,433.33,0.0,-433.325,-433.323,1.01629e-07,-3.49088e-09,9.46689e-08,-3.21281e-09,-3.21281e-09,-3.21281e-09,-3.21281e-09,0.0,0.0002
0.06,433.33,0.0,-433.325,-433.323,1.01629e-07,-3.49088e-09,9.46689e-08,-3.21281e-09,-3.21281e-09,-3.21281e-09,-3.21281e-09,0.0,0.0002
0.065,433.33,0.0,-433.325,-433.323,1.01629e-07,-3.49088e-09,9.46689e-08,-3.21281e-09,-3.21281e-09,-3.21281e-09,-3.21281e-09,0.0,0.0002
0.07,433.33,0.0,-433.325,-433.323,1.01629e-07,-3.49088e-09,9.46689e-08,-3.21281e-09,-3.21281e-09,-3.21281e-09,-3.21281e-09,0.0,0.0002
0.075,433.33,0.0,-433.325,-433.323,1.01629e-07,-3.49088e-09,9.46689e-08,-3.21281e-09,-3.21281e-09,-3.21281e-09,-3.21281e-09,0.0,0.0002
0.08,433.33,0.0,-433.325,-433.323,1.01629e-07,-3.49088e-09,9.46689e-08,-3.21281e-09,-3.21281e-09,-3.21281e-09,-3.21281e-09,0.0,0.0002
0.085,433.33,0.0,-433.325,-433.323,1.01629e-07,-3.49088e-09,9.46689e-08,-3.21281e-09,-3.21281e-09,-3.21281e-09,-3.21281e-09,0.0,0.0002
0.09,433.33,0.0,-433.325,-433.323,1.01629e-07,-3.49088e-09,9.46689e-08,-3.21281e-09,-3.21281e-09,-3.21281e-09,-3.21281e-09,0.0,0.0002
0.095,433.33,0.0,-433.325,-433.323,1.01629e-07,-3.49088e-09,9.46689e-08,-3.21281e-09,-3.21281e-09,-3.21281e-09,-3.21281e-09,0.0,0.0002
0.1,433.33,0.0,-433.325,-433.323,1.01629e-07,-3.49088e-09,9.46689e-08,-3.21281e-09,-3.21281e-09,-3.21281e-09,-3.21281e-09,0.0,0.0002
0.105,433.33,0.0,-433.325,-433.323,1.01629e-07,-3.49088e-09,9.46689e-08,-3.21281e-09,-3.21281e-09,-3.21281e-09,-3.21281e-09,0.0,0.0002
0.11,433.33,0.0,-433.325,-433.323,1.01629e-07,-3.49088e-09,9.46689e-08,-3.21281e-09,-3.21281e-09,-3.21281e-09,-3.21281e-09,0.0,0.0002
0.115,433.33,0.0,-433.325,-433.323,1.01629e-07,-3.49088e-09,9.46689e-08,-3.21281e-09,-3.21281e-09,-3.21281e-09,-3.21281e-09,0.0,0.0002
0.12,433.33,0.0,-433.325,-433.323,1.01629e-07,-3.49088e-09,9.46689e-08,-3.21281e-09,-3.21281e-09,-3.21281e-09,-3.21281e-09,0.0,0.0002
0.125,433.33,0.0,-433.325,-433.323,1.01629e-07,-3.49088e-09,9.46689e-08,-3.21281e-09,-3.21281e-09,-3.21281e-09,-3.21281e-09,0.0,0.0002
0.13,433.33,0.0,-433.325,-433.323,1.01629e-07,-3.49088e-09,9.46689e-08,-3.21281e-09,-3.21281e-09,-3.21281e-09,-3.21281e-09,0.0,0.0002
0.135,433.33,0.0,-433.325,-433.323,1.01629e-07,-3.49088e-09,9.46689e-08,-3.21281e-09,-3.21281e-09,-3.21281e-09,-3.21281e-09,0.0,0.0002
0.14,433.33,0.0,-433.325,-433.323,1.01629e-07,-3.49088e-09,9.46689e-08,-3.21281e-09,-3.21281e-09,-3.21281e-09,-3.21281e-09,0.0,0.0002
0.145,433.33,0.0,-433.325,-433.323,1.01629e-07,-3.49088e-09,9.46689e-08,-3.21281e-09,-3.21281e-09,-3.21281e-09,-3.21281e-09,0.0,0.0002
0.15,433.33,0.0,-433.325,-433.323,1.01629e-07,-3.49088e-09,9.46689e-08,-3.21281e-09,-3.21281e-09,-3.21281e-09,-3.21281e-09,0.0,0.0002
0.155,433.33,0.0,-433.325,-433.323,1.01629e-07,-3.49088e-09,9.46689e-08,-3.21281e-09,-3.21281e-09,-3.21281e-09,-3.21281e-09,0.0,0.0002
0.16,433.33,0.0,-433.325,-433.323,1.01629e-07,-3.49088e-09,9.46689e-08,-3.21281e-09,-3.21281e-09,-3.21281e-09,-3.21281e-09,0.0,0.0002
0.165,433.33,0.0,-433.325,-433.323,1.01629e-07,-3.49088e-09,9.46689e-08,-3.21281e-09,-3.21281e-09,-3.21281e-09,-3.21281e-09,0.0,0.0002
0.17,433.33,0.0,-433.325,-433.323,1.01629e-07,-3.49088e-09,9.46689e-08,-3.21281e-09,-3.21281e-09,-3.21281e-09,-3.21281e-09,0.0,0.0002
0.175,433.33,0.0,-433.325,-433.323,1.01629e-07,-3.49088e-09,9.46689e-08,-3.21281e-09,-3.21281e-09,-3.21281e-09,-3.21281e-09,0.0,0.0002
0.18,433.33,0.0,-433.325,-433.323,1.01629e-07,-3.49088e-09,9.46689e-08,-3.21281e-09,-3.21281e-09,-3.21281e-09,-3.21281e-09,0.0,0.0002
0.185,433.33,0.0,-433.325,-433.323,1.01629e-07,-3.49088e-09,9.46689e-08,-3.21281e-09,-3.21281e-09,-3.21281e-09,-3.21281e-09,0.0,0.0002
0.19,433.33,0.0,-433.325,-433.323,1.01629e-07,-3.49088e-09,9.46689e-08,-3.21281e-09,-3.21281e-09,-3.21281e-09,-3.21281e-09,0.0,0.0002
0.195,433.33,0.0,-433.325,-433.323,1.01629e-07,-3.49088e-09,9.46689e-08,-3.21281e-09,-3.21281e-09,-3.21281e-09,-3.21281e-09,0.0,0.0002
0.2,433.33,0.0,-433.325,-433.323,1.01629e-07,-3.49088e-09,9.46689e-08,-3.21281e-09,-3.21281e-09,-3.21281e-09,-3.21281e-09,0.0,0.0002
0.205,433.33,0.0,-433.325,-433.323,1.01629e-07,-3.49088e-09,9.46689e-08,-3.21281e-09,-3.21281e-09,-3.21281e-09,-3.21281e-09,0.0,0.0002
0.21,433.33,0.0,-433.325,-433.323,1.01629e-07,-3.49088e-09,9.46689e-08,-3.21281e-09,-3.21281e-09,-3.21281e-09,-3.21281e-09,0.0,0.0002
0.215,433.33,0.0,-433.325,-433.323,1.01629e-07,-3.49088e-09,9.46689e-08,-3.21281e-09,-3.21281e-09,-3.21281e-09,-3.21281e-09,0.0,0.0002
0.22,433.33,0.0,-433.325,-433.323,1.01629e-07,-3.49088e-09,9.46689e-08,-3.21281e-09,-3.21281e-09,-3.21281e-09,-3.21281e-09,0.0,0.0002
0.225,433.33,0.0,-433.325,-433.323,1.01629e-07,-3.49088e-09,9.46689e-08,-3.21281e-09,-3.21281e-09,-3.21281e-09,-3.21281e-09,0.0,0.0002
0.23,433.33,0.0,-433.325,-433.323,1.01629e-07,-3.49088e-09,9.46689e-08,-3.21281e-09,-3.21281e-09,-3.21281e-09,-3.21281e-09,0.0,0.0002
0.235,433.33,0.0,-433.325,-433.323,1.01629e-07,-3.49088e-09,9.46689e-08,-3.21281e-09,-3.21281e-09,-3.21281e-09,-3.21281e-09,0.0,0.0002
0.24,433.33,0.0,-433.325,-433.323,1.01629e-07,-3.49088e-09,9.46689e-08,-3.21281e-09,-3.21281e-09,-3.21281e-09,-3.21281e-09,0.0,0.0002
0.245,433.33,0.0,-433.325,-433.323,1.01629e-07,-3.49088e-09,9.46689e-08,-3.21281e-09,-3.21281e-09,-3.21281e-09,-3.21281e-09,0.0,0.0002
0.25,433.33,0.0,-433.325,-433.323,1.01629e-07,-3.49088e-09,9.46689e-08,-3.21281e-09,-3.21281e-09,-3.21281e-09,-3.21281e-09,0.0,0.0002
0.255,433.33,0.0,-433.325,-433.323,1.01629e-07,-3.49088e-09,9.46689e-08,-3.21281e-09,-3.21281e-09,-3.21281e-09,-3.21281e-09,0.0,0.0002
0.26,433.33,0.0,-433.325,-433.323,1.01629e-07,-3.49088e-09,9.46689e-08,-3.21281e-09,-3.21281e-09,-3.21281e-09,-3.21281e-09,0.0,0.0002
0.265,433.33,0.0,-433.325,-433.323,1.01629e-07,-3.49088e-09,9.46689e-08,-3.21281e-09,-3.21281e-09,-3.21281e-09,-3.21281e-09,0.0,0.0002
0.27,433.33,0.0,-433.325,-433.323,1.01629e-07,-3.49088e-09,9.46689e-08,-3.21281e-09,-3.21281e-09,-3.21281e-09,-3.21281e-09,0.0,0.0002
0.275,433.33,0.0,-433.325,-433.323,1.01629e-07,-3.49088e-09,9.46689e-08,-3.21281e-09,-3.21281e-09,-3.21281e-09,-3.21281e-09,0.0,0.0002
0.28,433.33,0.0,-433.325,-433.323,1.01629e-07,-3.49088e-09,9.46689e-08,-3.21281e-09,-3.21281e-09,-3.21281e-09,-3.21281e-09,0.0,0.0002
0.285,433.33,0.0,-433.325,-433.323,1.01629e-07,-3.49088e-09,9.46689e-08,-3.21281e-09,-3.21281e-09,-3.21281e-09,-3.21281e-09,0.0,0.0002
0.29,433.33,0.0,-433.325,-433.323,1.01629e-07,-3.49088e-09,9.46689e-08,-3.21281e-09,-3.21281e-09,-3.21281e-09,-3.21281e-09,0.0,0.0002
0.295,433.33,0.0,-433.325,-433.323,1.01629e-07,-3.49088e-09,9.46689e-08,-3.21281e-09,-3.21281e-09,-3.21281e-09,-3.21281e-09,0.0,0.0002
0.3,433.33,0.0,-433.325,-433.323,1.01629e-07,-3.49088e-09,9.46689e-08,-3.21281e-09,-3.21281e-09,-3.21281e-09,-3.21281e-09,0.0,0.0002
0.305,433.33,0.0,-433.325,-433.323,1.01629e-07,-3.49088e-09,9.46689e-08,-3.21281e-09,-3.21281e-09,-3.21281e-09,-3.21281e-09,0.0,0.0002
0.31,433.33,0.0,-433.325,-433.323,1.01629e-07,-3.49088e-09,9.46689e-08,-3.21281e-09,-3.21281e-09,-3.21281e-09,-3.21281e-09,0.0,0.0002
0.315,433.33,0.0,-433.325,-433.323,1.01629e-07,-3.49088e-09,9.46689e-08,-3.21281e-09,-3.21281e-09,-3.21281e-09,-3.21281e-09,0.0,0.0002
0.32,433.33,0.0,-433.325,-433.323,1.01629e-07,-3.49088e-09,9.46689e-08,-3.21281e-09,-3.21281e-09,-3.21281e-09,-3.21281e-09,0.0,0.0002
0.325,433.33,0.0,-433.325,-433.323,1.01629e-07,-3.49088e-09,9.46689e-08,-3.21281e-09,-3.21281e-09,-3.21281e-09,-3.21281e-09,0.0,0.0002
0.33,433.33,0.0,-433.325,-433.323,1.01629e-07,-3.49088e-09,9.46689e-08,-3.21281e-09,-3.21281e-09,-3.21281e-09,-3.21281e-09,0.0,0.0002
0.335,433.33,0.0,-433.325,-433.323,1.01629e-07,-3.49088e-09,9.46689e-08,-3.21281e-09,-3.21281e-09,-3.21281e-09,-3.21281e-09,0.0,0.0002
0.34,433.33,0.0,-433.325,-433.323,1.01629e-07,-3.49088e-09,9.46689e-08,-3.21281e-09,-3.21281e-09,-3.21281e-09,-3.21281e-09,0.0,0.0002
0.345,433.33,0.0,-433.325,-433.323,1.01629e-07,-3.49088e-09,9.46689e-08,-3.21281e-09,-3.21281e-09,-3.21281e-09,-3.21281e-09,0.0,0.0002
0.35,433.33,0.0,-433.325,-433.323,1.01629e-07,-3.49088e-09,9.46689e-08,-3.21281e-09,-3.21281e-09,-3.21281e-09,-3.21281e-09,0.0,0.0002
0.355,433.33,0.0,-433.325,-433.323,1.01629e-07,-3.49088e-09,9.46689e-08,-3.21281e-09,-3.21281e-09,-3.21281e-09,-3.21281e-09,0.0,0.0002
0.36,433.33,0.0,-433.325,-433.323,1.01629e-07,-3.49088e-09,9.46689e-08,-3.21281e-09,-3.21281e-09,-3.21281e-09,-3.21281e-09,0.0,0.0002
0.365,433.33,0.0,-433.325,-433.323,1.01629e-07,-3.49088e-09,9.46689e-08,-3.21281e-09,-3.21281e-09,-3.21281e-09,-3.21281e-09,0.0,0.0002
0.37,433.33,0.0,-433.325,-433.323,1.01629e-07,-3.49088e-09,9.46689e-08,-3.21281e-09,-3.21281e-09,-3.21281e-09,-3.21281e-09,0.0,0.0002
0.375,433.33,0.0,-433.325,-433.323,1.01629e-07,-3.49088e-09,9.46689e-08,-3.21281e-09,-3.21281e-09,-3.21281e-09,-3.21281e-09,0.0,0.0002
0.38,433.33,0.0,-433.325,-433.323,1.01629e-07,-3.49088e-09,9.46689e-08,-3.21281e-09,-3.21281e-09,-3.21281e-09,-3.21281e-09,0.0,0.0002
0.385,433.33,0.0,-433.325,-433.323,1.01629e-07,-3.49088e-09,9.46689e-08,-3.21281e-09,-3.21281e-09,-3.21281e-09,-3.21281e-09,0.0,0.0002
0.39,433.33,0.0,-433.325,-433.323,1.01629e-07,-3.49088e-09,9.46689e-08,-3.21281e-09,-3.21281e-09,-3.21281e-09,-3.21281e-09,0.0,0.0002
0.395,433.33,0.0,-433.325,-433.323,1.01629e-07,-3.49088e-09,9.46689e-08,-3.21281e-09,-3.21281e-09,-3.21281e-09,-3.21281e-09,0.0,0.0002
0.4,433.33,0.0,-433.325,-433.323,1.01629e-07,-3.49088e-09,9.46689e-08,-3.21281e-09,-3.21281e-09,-3.21281e-09,-3.21281e-09,0.0,0.0002
0.405,433.33,0.0,-433.325,-433.323,1.01629e-07,-3.49088e-09,9.46689e-08,-3.21281e-09,-3.21281e-09,-3.21281e-09,-3.21281e-09,0.0,0.0002
0.41,433.33,0.0,-433.325,-433.323,1.01629e-07,-3.49088e-09,9.46689e-08,-3.21281e-09,-3.21281e-09,-3.21281e-09,-3.21281e-09,0.0,0.0002
0.415,433.33,0.0,-433.325,-433.323,1.01629e-07,-3.49088e-09,9.46689e-08,-3.21281e-09,-3.21281e-09,-3.21281e-09,-3.21281e-09,0.0,0.0002
0.42,433.33,0.0,-433.325,-433.323,1.01629e-07,-3.49088e-09,9.46689e-08,-3.21281e-09,-3.21281e-09,-3.21281e-09,-3.21281e-09,0.0,0.0002
0.425,433.33,0.0,-433.325,-433.323,1.01629e-07,-3.49088e-09,9.46689e-08,-3.21281e-09,-3.21281e-09,-3.21281e-09,-3.21281e-09,0.0,0.0002
0.43,433.33,0.0,-433.325,-433.323,1.01629e-07,-3.49088e-09,9.46689e-08,-3.21281e-09,-3.21281e-09,-3.21281e-09,-3.21281e-09,0.0,0.0002
0.435,433.33,0.0,-433.325,-433.323,1.01629e-07,-3.49088e-09,9.46689e-08,-3.21281e-09,-3.21281e-09,-3.21281e-09,-3.21281e-09,0.0,0.0002
0.44,433.33,0.0,-433.325,-433.323,1.01629e-07,-3.49088e-09,9.46689e-08,-3.21281e-09,-3.21281e-09,-3.21281e-09,-3.21281e-09,0.0,0.0002
0.445,433.33,0.0,-433.325,-433.323,1.01629e-07,-3.49088e-09,9.46689e-08,-3.21281e-09,-3.21281e-09,-3.21281e-09,-3.21281e-09,0.0,0.0002
0.45,433.33,0.0,-433.325,-433.323,1.01629e-07,-3.49088e-09,9.46689e-08,-3.21281e-09,-3.21281e-09,-3.21281e-09,-3.21281e-09,0.0,0.0002
0.455,433.33,0.0,-433.325,-433.323,1.01629e-07,-3.49088e-09,9.46689e-08,-3.21281e-09,-3.21281e-09,-3.21281e-09,-3.21281e-09,0.0,0.0002
0.46,433.33,0.0,-433.325,-433.323,1.01629e-07,-3.49088e-09,9.46689e-08,-3.21281e-09,-3.21281e-09,-3.21281e-09,-3.21281e-09,0.0,0.0002
0.465,433.33,0.0,-433.325,-433.323,1.01629e-07,-3.49088e-09,9.46689e-08,-3.21281e-09,-3.21281e-09,-3.21281e-09,-3.21281e-09,0.0,0.0002
0.47,433.33,0.0,-433.325,-433.323,1.01629e-07,-3.49088e-09,9.46689e-08,-3.21281e-09,-3.21281e-09,-3.21281e-09,-3.21281e-09,0.0,0.0002
0.475,433.33,0.0,-433.325,-433.323,1.01629e-07,-3.49088e-09,9.46689e-08,-3.21281e-09,-3.21281e-09,-3.21281e-09,-3.21281e-09,0.0,0.0002
0.48,433.33,0.0,-433.325,-433.323,1.01629e-07,-3.49088e-09,9.46689e-08,-3.21281e-09,-3.21281e-09,-3.21281e-09,-3.21281e-09,0.0,0.0002
0.485,433.33,0.0,-433.325,-433.323,1.01629e-07,-3.49088e-09,9.46689e-08,-3.21281e-09,-3.21281e-09,-3.21281e-09,-3.21281e-09,0.0,0.0002
0.49,433.33,0.0,-433.325,-433.323,1.01629e-07,-3.49088e-09,9.46689e-08,-3.21281e-09,-3.21281e-09,-3.21281e-09,-3.21281e-09,0.0,0.0002
0.495,433.33,0.0,-433.325,-433.323,1.01629e-07,-3.49088e-09,9.46689e-08,-3.21281e-09,-3.21281e-09,-3.21281e-09,-3.21281e-09,0.0,0.0002
0.5,433.33,0.0,-433.325,-433.323,1.01629e-07,-3.49088e-09,9.46689e-08,-3.21281e-09,-3.21281e-09,-3.21281e-09,-3.21281e-09,0.0,0.0002
0.505,433.33,0.0,-433.325,-433.323,1.01629e-07,-3.49088e-09,9.46689e-08,-3.21281e-09,-3.21281e-09,-3.21281e-09,-3.21281e-09,0.0,0.0002
0.51,433.33,0.0,-433.325,-433.323,1.01629e-07,-3.49088e-09,9.46689e-08,-3.21281e-09,-3.21281e-09,-3.21281e-09,-3.21281e-09,0.0,0.0002
0.515,433.33,0.0,-433.325,-433.323,1.01629e-07,-3.49088e-09,9.46689e-08,-3.21281e-09,-3.21281e-09,-3.21281e-09,-3.21281e-09,0.0,0.0002
0.52,433.33,0.0,-433.325,-433.323,1.01629e-07,-3.49088e-09,9.46689e-08,-3.21281e-09,-3.21281e-09,-3.21281e-09,-3.21281e-09,0.0,0.0002
0.525,433.33,0.0,-433.325,-433.323,1.01629e-07,-3.49088e-09,9.46689e-08,-3.21281e-09,-3.21281e-09,-3.21281e-09,-3.21281e-09,0.0,0.0002
0.53,433.33,0.0,-433.325,-433.323,1.01629e-07,-3.49088e-09,9.46689e-08,-3.21281e-09,-3.21281e-09,-3.21281e-09,-3.21281e-09,0.0,0.0002
0.535,433.33,0.0,-433.325,-433.323,1.01629e-07,-3.49088e-09,9.46689e-08,-3.21281e-09,-3.21281e-09,-3.21281e-09,-3.21281e-09,0.0,0.0002
0.54,433.33,0.0,-433.325,-433.323,1.01629e-07,-3.49088e-09,9.46689e-08,-3.21281e-09,-3.21281e-09,-3.21281e-09,-3.21281e-09,0.0,0.0002
0.545,433.33,0.0,-433.325,-433.323,1.01629e-07,-3.49088e-09,9.46689e-08,-3.21281e-09,-3.21281e-09,-3.21281e-09,-3.21281e-09,0.0,0.0002
0.55,433.33,0.0,-433.325,-433.323,1.01629e-07,-3.49088e-09,9.46689e-08,-3.21281e-09,-3.21281e-09,-3.21281e-09,-3.21281e-09,0.0,0.0002
0.555,433.33,0.0,-433.325,-433.323,1.01629e-07,-3.49088e-09,9.46689e-08,-3.21281e-09,-3.21281e-09,-3.21281e-09,-3.21281e-09,0.0,0.0002
0.56,433.33,0.0,-433.325,-433.323,1.01629e-07,-3.49088e-09,9.46689e-08,-3.21281e-09,-3.21281e-09,-3.21281e-09,-3.21281e-09,0.0,0.0002
0.565,433.33,0.0,-433.325,-433.323,1.01629e-07,-3.49088e-09,9.46689e-08,-3.21281e-09,-3.21281e-09,-3.21281e-09,-3.21281e-09,0.0,0.0002
0.57,433.33,0.0,-433.325,-433.323,1.01629e-07,-3.49088e-09,9.46689e-08,-3.21281e-09,-3.21281e-09,-3.21281e-09,-3.21281e-09,0.0,0.0002
0.575,433.33,0.0,-433.325,-433.323,1.01629e-07,-3.49088e-09,9.46689e-08,-3.21281e-09,-3.21281e-09,-3.21281e-09,-3.21281e-09,0.0,0.0002
0.58,433.33,0.0,-433.325,-433.323,1.01629e-07,-3.49088e-09,9.46689e-08,-3.21281e-09,-3.21281e-09,-3.21281e-09,-3.21281e-09,0.0,0.0002
0.585,433.33,0.0,-433.325,-433.323,1.01629e-07,-3.49088e-09,9.46689e-08,-3.21281e-09,-3.21281e-09,-3.21281e-09,-3.21281e-09,0.0,0.0002
0.59,433.33,0.0,-433.325,-433.323,1.01629e-07,-3.49088e-09,9.46689e-08,-3.21281e-09,-3.21281e-09,-3.21281e-09,-3.21281e-09,0.0,0.0002
0.595,433.33,0.0,-433.325,-433.323,1.01629e-07,-3.49088e-09,9.46689e-08,-3.21281e-09,-3.21281e-09,-3.21281e-09,-3.21281e-09,0.0,0.0002
0.6,433.33,0.0,-433.325,-433.323,1.01629e-07,-3.49088e-09,9.46689e-08,-3.21281e-09,-3.21281e-09,-3.21281e-09,-3.21281e-09,0.0,0.0002
0.605,433.33,0.0,-433.325,-433.323,1.01629e-07,-3.49088e-09,9.46689e-08,-3.21281e-09,-3.21281e-09,-3.21281e-09,-3.21281e-09,0.0,0.0002
0.61,433.33,0.0,-433.325,-433.323,1.01629e-07,-3.49088e-09,9.46689e-08,-3.21281e-09,-3.21281e-09,-3.21281e-09,-3.21281e-09,0.0,0.0002
0.615,433.33,0.0,-433.325,-433.323,1.01629e-07,-3.49088e-09,9.46689e-08,-3.21281e-09,-3.21281e-09,-3.21281e-09,-3.21281e-09,0.0,0.0002
0.62,433.33,0.0,-433.325,-433.323,1.01629e-07,-3.49088e-09,9.46689e-08,-3.21281e-09,-3.21281e-09,-3.21281e-09,-3.21281e-09,0.0,0.0002
0.625,433.33,0.0,-433.325,-433.323,1.01629e-07,-3.49088e-09,9.46689e-08,-3.21281e-09,-3.21281e-09,-3.21281e-09,-3.21281e-09,0.0,0.0002
0.63,433.33,0.0,-433.325,-433.323,1.01629e-07,-3.49088e-09,9.46689e-08,-3.21281e-09,-3.21281e-09,-3.21281e-09,-3.21281e-09,0.0,0.0002
0.635,433.33,0.0,-433.325,-433.323,1.01629e-07,-3.49088e-09,9.46689e-08,-3.21281e-09,-3.21281e-09,-3.21281e-09,-3.21281e-09,0.0,0.0002
0.64,433.33,0.0,-433.325,-433.323,1.01629e-07,-3.49088e-09,9.46689e-08,-3.21281e-09,-3.21281e-09,-3.21281e-09,-3.21281e-09,0.0,0.0002
0.645,433.33,0.0,-433.325,-433.323,1.01629e-07,-3.49088e-09,9.46689e-08,-3.21281e-09,-3.21281e-09,-3.21281e-09,-3.21281e-09,0.0,0.0002
0.65,433.33,0.0,-433.325,-433.323,1.01629e-07,-3.49088e-09,9.46689e-08,-3.21281e-09,-3.21281e-09,-3.21281e-09,-3.21281e-09,0.0,0.0002
0.655,433.33,0.0,-433.325,-433.323,1.01629e-07,-3.49088e-09,9.46689e-08,-3.21281e-09,-3.21281e-09,-3.21281e-09,-3.21281e-09,0.0,0.0002
0.66,433.33,0.0,-433.325,-433.323,1.01629e-07,-3.49088e-09,9.46689e-08,-3.21281e-09,-3.21281e-09,-3.21281e-09,-3.21281e-09,0.0,0.0002
0.665,433.33,0.0,-433.325,-433.323,1.01629e-07,-3.49088e-09,9.46689e-08,-3.21281e-09,-3.21281e-09,-3.21281e-09,-3.21281e-09,0.0,0.0002
0.67,433.33,0.0,-433.325,-433.323,1.01629e-07,-3.49088e-09,9.46689e-08,-3.21281e-09,-3.21281e-09,-3.21281e-09,-3.21281e-09,0.0,0.0002
0.675,433.33,0.0,-433.325,-433.323,1.01629e-07,-3.49088e-09,9.46689e-08,-3.21281e-09,-3.21281e-09,-3.21281e-09,-3.21281e-09,0.0,0.0002
0.68,433.33,0.0,-433.325,-433.323,1.01629e-07,-3.49088e-09,9.46689e-08,-3.21281e-09,-3.21281e-09,-3.21281e-09,-3.21281e-09,0.0,0.0002
0.685,433.33,0.0,-433.325,-433.323,1.01629e-07,-3.49088e-09,9.46689e-08,-3.21281e-09,-3.21281e-09,-3.21281e-09,-3.21281e-09,0.0,0.0002
0.69,433.33,0.0,-433.325,-433.323,1.01629e-07,-3.49088e-09,9.46689e-08,-3.21281e-09,-3.21281e-09,-3.21281e-09,-3.21281e-09,0.0,0.0002
0.695,433.33,0.0,-433.325,-433.323,1.01629e-07,-3.49088e-09,9.46689e-08,-3.21281e-09,-3.21281e-09,-3.21281e-09,-3.21281e-09,0.0,0.0002
0.7,433.33,0.0,-433.325,-433.323,1.01629e-07,-3.49088e-09,9.46689e-08,-3.21281e-09,-3.21281e-09,-3.21281e-09,-3.21281e-09,0.0,0.0002
0.705,433.33,0.0,-433.325,-433.323,1.01629e-07,-3.49088e-09,9.46689e-08,-3.21281e-09,-3.21281e-09,-3.21281e-09,-3.21281e-09,0.0,0.0002
0.71,433.33,0.0,-433.325,-433.323,1.01629e-07,-3.49088e-09,9.46689e-08,-3.21281e-09,-3.21281e-09,-3.21281e-09,-3.21281e-09,0.0,0.0002
0.715,433.33,0.0,-433.325,-433.323,1.01629e-07,-3.49088e-09,9.46689e-08,-3.21281e-09,-3.21281e-09,-3.21281e-09,-3.21281e-09,0.0,0.0002
0.72,433.33,0.0,-433.325,-433.323,1.01629e-07,-3.49088e-09,9.46689e-08,-3.21281e-09,-3.21281e-09,-3.21281e-09,-3.21281e-09,0.0,0.0002
0.725,433.33,0.0,-433.325,-433.323,1.01629e-07,-3.49088e-09,9.46689e-08,-3.21281e-09,-3.21281e-09,-3.21281e-09,-3.21281e-09,0.0,0.0002
0.73,433.33,0.0,-433.325,-433.323,1.01629e-07,-3.49088e-09,9.46689e-08,-3.21281e-09,-3.21281e-09,-3.21281e-09,-3.21281e-09,0.0,0.0002
0.735,433.33,0.0,-433.325,-433.323,1.01629e-07,-3.49088e-09,9.46689e-08,-3.21281e-09,-3.21281e-09,-3.21281e-09,-3.21281e-09,0.0,0.0002
0.74,433.33,0.0,-433.325,-433.323,1.01629e-07,-3.49088e-09,9.46689e-08,-3.21281e-09,-3.21281e-09,-3.21281e-09,-3.21281e-09,0.0,0.0002
0.745,433.33,0.0,-433.325,-433.323,1.01629e-07,-3.49088e-09,9.46689e-08,-3.21281e-09,-3.21281e-09,-3.21281e-09,-3.21281e-09,0.0,0.0002
0.75,433.33,0.0,-433.325,-433.323,1.01629e-07,-3.49088e-09,9.46689e-08,-3.21281e-09,-3.21281e-09,-3.21281e-09,-3.21281e-09,0.0,0.0002
0.755,433.33,0.0,-433.325,-433.323,1.01629e-07,-3.49088e-09,9.46689e-08,-3.21281e-09,-3.21281e-09,-3.21281e-09,-3.21281e-09,0.0,0.0002
0.76,433.33,0.0,-433.325,-433.323,1.01629e-07,-3.49088e-09,9.46689e-08,-3.21281e-09,-3.21281e-09,-3.21281e-09,-3.21281e-09,0.0,0.0002
0.765,433.33,0.0,-433.325,-433.323,1.01629e-07,-3.49088e-09,9.46689e-08,-3.21281e-09,-3.21281e-09,-3.21281e-09,-3.21281e-09,0.0,0.0002
0.77,433.33,0.0,-433.325,-433.323,1.01629e-07,-3.49088e-09,9.46689e-08,-3.21281e-09,-3.21281e-09,-3.21281e-09,-3.21281e-09,0.0,0.0002
0.775,433.33,0.0,-433.325,-433.323,1.01629e-07,-3.49088e-09,9.46689e-08,-3.21281e-09,-3.21281e-09,-3.21281e-09,-3.21281e-09,0.0,0.0002
0.78,433.33,0.0,-433.325,-433.323,1.01629e-07,-3.49088e-09,9.46689e-08,-3.21281e-09,-3.21281e-09,-3.21281e-09,-3.21281e-09,0.0,0.0002
0.785,433.33,0.0,-433.325,-433.323,1.01629e-07,-3.49088e-09,9.46689e-08,-3.21281e-09,-3.21281e-09,-3.21281e-09,-3.21281e-09,0.0,0.0002
0.79,433.33,0.0,-433.325,-433.323,1.01629e-07,-3.49088e-09,9.46689e-08,-3.21281e-09,-3.21281e-09,-3.21281e-09,-3.21281e-09,0.0,0.0002
0.795,433.33,0.0,-433.325,-433.323,1.01629e-07,-3.49088e-09,9.46689e-08,-3.21281e-09,-3.21281e-09,-3.21281e-09,-3.21281e-09,0.0,0.0002
0.8,433.33,0.0,-433.325,-433.323,1.01629e-07,-3.49088e-09,9.46689e-08,-3.21281e-09,-3.21281e-09,-3.21281e-09,-3.21281e-09,0.0,0.0002
0.805,433.33,0.0,-433.325,-433.323,1.01629e-07,-3.49088e-09,9.46689e-08,-3.21281e-09,-3.21281e-09,-3.21281e-09,-3.21281e-09,0.0,0.0002
0.81,433.33,0.0,-433.325,-433.323,1.01629e-07,-3.49088e-09,9.46689e-08,-3.21281e-09,-3.21281e-09,-3.21281e-09,-3.21281e-09,0.0,0.0002
0.815,433.33,0.0,-433.325,-433.323,1.01629e-07,-3.49088e-09,9.46689e-08,-3.21281e-09,-3.21281e-09,-3.21281e-09,-3.21281e-09,0.0,0.0002
0.82,433.33,0.0,-433.325,-433.323,1.01629e-07,-3.49088e-09,9.46689e-08,-3.21281e-09,-3.21281e-09,-3.21281e-09,-3.21281e-09,0.0,0.0002
0.825,433.33,0.0,-433.325,-433.323,1.01629e-07,-3.49088e-09,9.46689e-08,-3.21281e-09,-3.21281e-09,-3.21281e-09,-3.21281e-09,0.0,0.0002
0.83,433.33,0.0,-433.325,-433.323,1.01629e-07,-3.49088e-09,9.46689e-08,-3.21281e-09,-3.21281e-09,-3.21281e-09,-3.21281e-09,0.0,0.0002
0.835,433.33,0.0,-433.325,-433.323,1.01629e-07,-3.49088e-09,9.46689e-08,-3.21281e-09,-3.21281e-09,-3.21281e-09,-3.21281e-09,0.0,0.0002
0.84,433.33,0.0,-433.325,-433.323,1.01629e-07,-3.49088e-09,9.46689e-08,-3.21281e-09,-3.21281e-09,-3.21281e-09,-3.21281e-09,0.0,0.0002
0.845,433.33,0.0,-433.325,-433.323,1.01629e-07,-3.49088e-09,9.46689e-08,-3.21281e-09,-3.21281e-09,-3.21281e-09,-3.21281e-09,0.0,0.0002
0.85,433.33,0.0,-433.325,-433.323,1.01629e-07,-3.49088e-09,9.46689e-08,-3.21281e-09,-3.21281e-09,-3.21281e-09,-3.21281e-09,0.0,0.0002
0.855,433.33,0.0,-433.325,-433.323,1.01629e-07,-3.49088e-09,9.46689e-08,-3.21281e-09,-3.21281e-09,-3.21281e-09,-3.21281e-09,0.0,0.0002
0.86,433.33,0.0,-433.325,-433.323,1.01629e-07,-3.49088e-09,9.46689e-08,-3.21281e-09,-3.21281e-09,-3.21281e-09,-3.21281e-09,0.0,0.0002
0.865,433.33,0.0,-433.325,-433.323,1.01629e-07,-3.49088e-09,9.46689e-08,-3.21281e-09,-3.21281e-09,-3.21281e-09,-3.21281e-09,0.0,0.0002
0.87,433.33,0.0,-433.325,-433.323,1.01629e-07,-3.49088e-09,9.46689e-08,-3.21281e-09,-3.21281e-09,-3.21281e-09,-3.21281e-09,0.0,0.0002
0.875,433.33,0.0,-433.325,-433.323,1.01629e-07,-3.49088e-09,9.46689e-08,-3.21281e-09,-3.21281e-09,-3.21281e-09,-3.21281e-09,0.0,0.0002
0.88,433.33,0.0,-433.325,-433.323,1.01629e-07,-3.49088e-09,9.46689e-08,-3.21281e-09,-3.21281e-09,-3.21281e-09,-3.21281e-09,0.0,0.0002
0.885,433.33,0.0,-433.325,-433.323,1.01629e-07,-3.49088e-09,9.46689e-08,-3.21281e-09,-3.21281e-09,-3.21281e-09,-3.21281e-09,0.0,0.0002
0.89,433.33,0.0,-433.325,-433.323,1.01629e-07,-3.49088e-09,9.46689e-08,-3.21281e-09,-3.21281e-09,-3.21281e-09,-3.21281e-09,0.0,0.0002
0.895,433.33,0.0,-433.325,-433.323,1.01629e-07,-3.49088e-09,9.46689e-08,-3.21281e-09,-3.21281e-09,-3.21281e-09,-3.21281e-09,0.0,0.0002
0.9,433.33,0.0,-433.325,-433.323,1.01629e-07,-3.49088e-09,9.46689e-08,-3.21281e-09,-3.21281e-09,-3.21281e-09,-3.21281e-09,0.0,0.0002
0.905,433.33,0.0,-433.325,-433.323,1.01629e-07,-3.49088e-09,9.46689e-08,-3.21281e-09,-3.21281e-09,-3.21281e-09,-3.21281e-09,0.0,0.0002
0.91,433.33,0.0,-433.325,-433.323,1.01629e-07,-3.49088e-09,9.46689e-08,-3.21281e-09,-3.21281e-09,-3.21281e-09,-3.21281e-09,0.0,0.0002
0.915,433.33,0.0,-433.325,-433.323,1.01629e-07,-3.49088e-09,9.46689e-08,-3.21281e-09,-3.21281e-09,-3.21281e-09,-3.21281e-09,0.0,0.0002
0.92,433.33,0.0,-433.325,-433.323,1.01629e-07,-3.49088e-09,9.46689e-08,-3.21281e-09,-3.21281e-09,-3.21281e-09,-3.21281e-09,0.0,0.0002
0.925,433.33,0.0,-433.325,-433.323,1.01629e-07,-3.49088e-09,9.46689e-08,-3.21281e-09,-3.21281e-09,-3.21281e-09,-3.21281e-09,0.0,0.0002
0.93,433.33,0.0,-433.325,-433.323,1.01629e-07,-3.49088e-09,9.46689e-08,-3.21281e-09,-3.21281e-09,-3.21281e-09,-3.21281e-09,0.0,0.0002
0.935,433.33,0.0,-433.325,-433.323,1.01629e-07,-3.49088e-09,9.46689e-08,-3.21281e-09,-3.21281e-09,-3.21281e-09,-3.21281e-09,0.0,0.0002
0.94,433.33,0.0,-433.325,-433.323,1.01629e-07,-3.49088e-09,9.46689e-08,-3.21281e-09,-3.21281e-09,-3.21281e-09,-3.21281e-09,0.0,0.0002
0.945,433.33,0.0,-433.325,-433.323,1.01629e-07,-3.49088e-09,9.46689e-08,-3.21281e-09,-3.21281e-09,-3.21281e-09,-3.21281e-09,0.0,0.0002
0.95,433.33,0.0,-433.325,-433.323,1.01629e-07,-3.49088e-09,9.46689e-08,-3.21281e-09,-3.21281e-09,-3.21281e-09,-3.21281e-09,0.0,0.0002
0.955,433.33,0.0,-433.325,-433.323,1.01629e-07,-3.49088e-09,9.46689e-08,-3.21281e-09,-3.21281e-09,-3.21281e-09,-3.21281e-09,0.0,0.0002
0.96,433.33,0.0,-433.325,-433.323,1.01629e-07,-3.49088e-09,9.46689e-08,-3.21281e-09,-3.21281e-09,-3.21281e-09,-3.21281e-09,0.0,0.0002
0.965,433.33,0.0,-433.325,-433.323,1.01629e-07,-3.49088e-09,9.46689e-08,-3.21281e-09,-3.21281e-09,-3.21281e-09,-3.21281e-09,0.0,0.0002
0.97,433.33,0.0,-433.325,-433.323,1.01629e-07,-3.49088e-09,9.46689e-08,-3.21281e-09,-3.21281e-09,-3.21281e-09,-3.21281e-09,0.0,0.0002
0.975,433.33,0.0,-433.325,-433.323,1.01629e-07,-3.49088e-09,9.46689e-08,-3.21281e-09,-3.21281e-09,-3.21281e-09,-3.21281e-09,0.0,0.0002
0.98,433.33,0.0,-433.325,-433.323,1.01629e-07,-3.49088e-09,9.46689e-08,-3.21281e-09,-3.21281e-09,-3.21281e-09,-3.21281e-09,0.0,0.0002
0.985,433.33,0.0,-433.325,-433.323,1.01629e-07,-3.49088e-09,9.46689e-08,-3.21281e-09,-3.21281e-09,-3.21281e-09,-3.21281e-09,0.0,0.0002
0.99,433.33,0.0,-433.325,-433.323,1.01629e-07,-3.49088e-09,9.46689e-08,-3.21281e-09,-3.21281e-09,-3.21281e-09,-3.21281e-09,0.0,0.0002
0.995,433.33,0.0,-433.325,-433.323,1.01629e-07,-3.49088e-09,9.46689e-08,-3.21281e-09,-3.21281e-09,-3.21281e-09,-3.21281e-09,0.0,0.0002
1.0,433.33,0.0,-433.325,-433.323,1.01629e-07,-3.49088e-09,9.46689e-08,-3.21281e-09,-3.21281e-09,-3.21281e-09,-3.21281e-09,0.0,0.0002
1.005,433.33,0.0,-433.325,-433.323,1.01629e-07,-3.49088e-09,9.46689e-08,-3.21281e-09,-3.21281e-09,-3.21281e-09,-3.21281e-09,0.0,0.0002
1.01,433.33,0.0,-433.325,-433.323,1.01629e-07,-3.49088e-09,9.46689e-08,-3.21281e-09,-3.21281e-09,-3.21281e-09,-3.21281e-09,0.0,0.0002
1.015,433.33,0.0,-433.325,-433.323,1.01629e-07,-3.49088e-09,9.46689e-08,-3.21281e-09,-3.21281e-09,-3.21281e-09,-3.21281e-09,0.0,0.0002
1.02,433.33,0.0,-433.325,-433.323,1.01629e-07,-3.49088e-09,9.46689e-08,-3.21281e-09,-3.21281e-09,-3.21281e-09,-3.21281e-09,0.0,0.0002
1.025,433.33,0.0,-433.325,-433.323,1.01629e-07,-3.49088e-09,9.46689e-08,-3.21281e-09,-3.21281e-09,-3.21281e-09,-3.21281e-09,0.0,0.0002
1.03,433.33,0.0,-433.325,-433.323,1.01629e-07,-3.49088e-09,9.46689e-08,-3.21281e-09,-3.21281e-09,-3.21281e-09,-3.21281e-09,0.0,0.0002
1.035,433.33,0.0,-433.325,-433.323,1.01629e-07,-3.49088e-09,9.46689e-08,-3.21281e-09,-3.21281e-09,-3.21281e-09,-3.21281e-09,0.0,0.0002
1.04,433.33,0.0,-433.325,-433.323,1.01629e-07,-3.49088e-09,9.46689e-08,-3.21281e-09,-3.21281e-09,-3.21281e-09,-3.21281e-09,0.0,0.0002
1.045,433.33,0.0,-433.325,-433.323,1.01629e-07,-3.49088e-09,9.46689e-08,-3.21281e-09,-3.21281e-09,-3.21281e-09,-3.21281e-09,0.0,0.0002
1.05,433.33,0.0,-433.325,-433.323,1.01629e-07,-3.49088e-09,9.46689e-08,-3.21281e-09,-3.21281e-09,-3.21281e-09,-3.21281e-09,0.0,0.0002
1.055,433.33,0.0,-433.325,-433.323,1.01629e-07,-3.49088e-09,9.46689e-08,-3.21281e-09,-3.21281e-09,-3.21281e-09,-3.21281e-09,0.0,0.0002
1.06,433.33,0.0,-433.325,-433.323,1.01629e-07,-3.49088e-09,9.46689e-08,-3.21281e-09,-3.21281e-09,-3.21281e-09,-3.21281e-09,0.0,0.0002
1.065,433.33,0.0,-433.325,-433.323,1.01629e-07,-3.49088e-09,9.46689e-08,-3.21281e-09,-3.21281e-09,-3.21281e-09,-3.21281e-09,0.0,0.0002
1.07,433.33,0.0,-433.325,-433.323,1.01629e-07,-3.49088e-09,9.46689e-08,-3.21281e-09,-3.21281e-09,-3.21281e-09,-3.21281e-09,0.0,0.0002
1.075,433.33,0.0,-433.325,-433.323,1.01629e-07,-3.49088e-09,9.46689e-08,-3.21281e-09,-3.21281e-09,-3.21281e-09,-3.21281e-09,0.0,0.0002
1.08,433.33,0.0,-433.325,-433.323,1.01629e-07,-3.49088e-09,9.46689e-08,-3.21281e-09,-3.21281e-09,-3.21281e-09,-3.21281e-09,0.0,0.0002
1.085,433.33,0.0,-433.325,-433.323,1.01629e-07,-3.49088e-09,9.46689e-08,-3.21281e-09,-3.21281e-09,-3.21281e-09,-3.21281e-09,0.0,0.0002
1.09,433.33,0.0,-433.325,-433.323,1.01629e-07,-3.49088e-09,9.46689e-08,-3.21281e-09,-3.21281e-09,-3.21281e-09,-3.21281e-09,0.0,0.0002
1.095,433.33,0.0,-433.325,-433.323,1.01629e-07,-3.49088e-09,9.46689e-08,-3.21281e-09,-3.21281e-09,-3.21281e-09,-3.21281e-09,0.0,0.0002
1.1,433.33,0.0,-433.325,-433.323,1.01629e-07,-3.49088e-09,9.46689e-08,-3.21281e-09,-3.21281e-09,-3.21281e-09,-3.21281e-09,0.0,0.0002
1.105,433.33,0.0,-433.325,-433.323,1.01629e-07,-3.49088e-09,9.46689e-08,-3.21281e-09,-3.21281e-09,-3.21281e-09,-3.21281e-09,0.0,0.0002
1.11,433.33,0.0,-433.325,-433.323,1.01629e-07,-3.49088e-09,9.46689e-08,-3.21281e-09,-3.21281e-09,-3.21281e-09,-3.21281e-09,0.0,0.0002
1.115,433.33,0.0,-433.325,-433.323,1.01629e-07,-3.49088e-09,9.46689e-08,-3.21281e-09,-3.21281e-09,-3.21281e-09,-3.21281e-09,0.0,0.0002
1.12,433.33,0.0,-433.325,-433.323,1.01629e-07,-3.49088e-09,9.46689e-08,-3.21281e-09,-3.21281e-09,-3.21281e-09,-3.21281e-09,0.0,0.0002
1.125,433.33,0.0,-433.325,-433.323,1.01629e-07,-3.49088e-09,9.46689e-08,-3.21281e-09,-3.21281e-09,-3.21281e-09,-3.21281e-09,0.0,0.0002
1.13,433.33,0.0,-433.325,-433.323,1.01629e-07,-3.49088e-09,9.46689e-08,-3.21281e-09,-3.21281e-09,-3.21281e-09,-3.21281e-09,0.0,0.0002
1.135,433.33,0.0,-433.325,-433.323,1.01629e-07,-3.49088e-09,9.46689e-08,-3.21281e-09,-3.21281e-09,-3.21281e-09,-3.21281e-09,0.0,0.0002
1.14,433.33,0.0,-433.325,-433.323,1.01629e-07,-3.49088e-09,9.46689e-08,-3.21281e-09,-3.21281e-09,-3.21281e-09,-3.21281e-09,0.0,0.0002
1.145,433.33,0.0,-433.325,-433.323,1.01629e-07,-3.49088e-09,9.46689e-08,-3.21281e-09,-3.21281e-09,-3.21281e-09,-3.21281e-09,0.0,0.0002
1.15,433.33,0.0,-433.325,-433.323,1.01629e-07,-3.49088e-09,9.46689e-08,-3.21281e-09,-3.21281e-09,-3.21281e-09,-3.21281e-09,0.0,0.0002
1.155,433.33,0.0,-433.325,-433.323,1.01629e-07,-3.49088e-09,9.46689e-08,-3.21281e-09,-3.21281e-09,-3.21281e-09,-3.21281e-09,0.0,0.0002
1.16,433.33,0.0,-433.325,-433.323,1.01629e-07,-3.49088e-09,9.46689e-08,-3.21281e-09,-3.21281e-09,-3.21281e-09,-3.21281e-09,0.0,0.0002
1.165,433.33,0.0,-433.325,-433.323,1.01629e-07,-3.49088e-09,9.46689e-08,-3.21281e-09,-3.21281e-09,-3.21281e-09,-3.21281e-09,0.0,0.0002
1.17,433.33,0.0,-433.325,-433.323,1.01629e-07,-3.49088e-09,9.46689e-08,-3.21281e-09,-3.21281e-09,-3.21281e-09,-3.21281e-09,0.0,0.0002
1.175,433.33,0.0,-433.325,-433.323,1.01629e-07,-3.49088e-09,9.46689e-08,-3.21281e-09,-3.21281e-09,-3.21281e-09,-3.21281e-09,0.0,0.0002
1.18,433.33,0.0,-433.325,-433.323,1.01629e-07,-3.49088e-09,9.46689e-08,-3.21281e-09,-3.21281e-09,-3.21281e-09,-3.21281e-09,0.0,0.0002
1.185,433.33,0.0,-433.325,-433.323,1.01629e-07,-3.49088e-09,9.46689e-08,-3.21281e-09,-3.21281e-09,-3.21281e-09,-3.21281e-09,0.0,0.0002
1.19,433.33,0.0,-433.325,-433.323,1.01629e-07,-3.49088e-09,9.46689e-08,-3.21281e-09,-3.21281e-09,-3.21281e-09,-3.21281e-09,0.0,0.0002
1.195,433.33,0.0,-433.325,-433.323,1.01629e-07,-3.49088e-09,9.46689e-08,-3.21281e-09,-3.21281e-09,-3.21281e-09,-3.21281e-09,0.0,0.0002
1.2,433.33,0.0,-433.325,-433.323,1.01629e-07,-3.49088e-09,9.46689e-08,-3.21281e-09,-3.21281e-09,-3.21281e-09,-3.21281e-09,0.0,0.0002
1.205,433.33,0.0,-433.325,-433.323,1.01629e-07,-3.49088e-09,9.46689e-08,-3.21281e-09,-3.21281e-09,-3.21281e-09,-3.21281e-09,0.0,0.0002
1.21,433.33,0.0,-433.325,-433.323,1.01629e-07,-3.49088e-09,9.46689e-08,-3.21281e-09,-3.21281e-09,-3.21281e-09,-3.21281e-09,0.0,0.0002
1.215,433.33,0.0,-433.325,-433.323,1.01629e-07,-3.49088e-09,9.46689e-08,-3.21281e-09,-3.21281e-09,-3.21281e-09,-3.21281e-09,0.0,0.0002
1.22,433.33,0.0,-433.325,-433.323,1.01629e-07,-3.49088e-09,9.46689e-08,-3.21281e-09,-3.21281e-09,-3.21281e-09,-3.21281e-09,0.0,0.0002
1.225,433.33,0.0,-433.325,-433.323,1.01629e-07,-3.49088e-09,9.46689e-08,-3.21281e-09,-3.21281e-09,-3.21281e-09,-3.21281e-09,0.0,0.0002
1.23,433.33,0.0,-433.325,-433.323,1.01629e-07,-3.49088e-09,9.46689e-08,-3.21281e-09,-3.21281e-09,-3.21281e-09,-3.21281e-09,0.0,0.0002
1.235,433.33,0.0,-433.325,-433.323,1.01629e-07,-3.49088e-09,9.46689e-08,-3.21281e-09,-3.21281e-09,-3.21281e-09,-3.21281e-09,0.0,0.0002
1.24,433.33,0.0,-433.325,-433.323,1.01629e-07,-3.49088e-09,9.46689e-08,-3.21281e-09,-3.21281e-09,-3.21281e-09,-3.21281e-09,0.0,0.0002
1.245,433.33,0.0,-433.325,-433.323,1.01629e-07,-3.49088e-09,9.46689e-08,-3.21281e-09,-3.21281e-09,-3.21281e-09,-3.21281e-09,0.0,0.0002
1.25,433.33,0.0,-433.325,-433.323,1.01629e-07,-3.49088e-09,9.46689e-08,-3.21281e-09,-3.21281e-09,-3.21281e-09,-3.21281e-09,0.0,0.0002
1.255,433.33,0.0,-433.325,-433.323,1.01629e-07,-3.49088e-09,9.46689e-08,-3.21281e-09,-3.21281e-09,-3.21281e-09,-3.21281e-09,0.0,0.0002
1.26,433.33,0.0,-433.325,-433.323,1.01629e-07,-3.49088e-09,9.46689e-08,-3.21281e-09,-3.21281e-09,-3.21281e-09,-3.21281e-09,0.0,0.0002
1.265,433.33,0.0,-433.325,-433.323,1.01629e-07,-3.49088e-09,9.46689e-08,-3.21281e-09,-3.21281e-09,-3.21281e-09,-3.21281e-09,0.0,0.0002
1.27,433.33,0.0,-433.325,-433.323,1.01629e-07,-3.49088e-09,9.46689e-08,-3.21281e-09,-3.21281e-09,-3.21281e-09,-3.21281e-09,0.0,0.0002
1.275,433.33,0.0,-433.325,-433.323,1.01629e-07,-3.49088e-09,9.46689e-08,-3.21281e-09,-3.21281e-09,-3.21281e-09,-3.21281e-09,0.0,0.0002
1.28,433.33,0.0,-433.325,-433.323,1.01629e-07,-3.49088e-09,9.46689e-08,-3.21281e-09,-3.21281e-09,-3.21281e-09,-3.21281e-09,0.0,0.0002
1.285,433.33,0.0,-433.325,-433.323,1.01629e-07,-3.49088e-09,9.46689e-08,-3.21281e-09,-3.21281e-09,-3.21281e-09,-3.21281e-09,0.0,0.0002
1.29,433.33,0.0,-433.325,-433.323,1.01629e-07,-3.49088e-09,9.46689e-08,-3.21281e-09,-3.21281e-09,-3.21281e-09,-3.21281e-09,0.0,0.0002
1.295,433.33,0.0,-433.325,-433.323,1.01629e-07,-3.49088e-09,9.46689e-08,-3.21281e-09,-3.21281e-09,-3.21281e-09,-3.21281e-09,0.0,0.0002
1.3,433.33,0.0,-433.325,-433.323,1.01629e-07,-3.49088e-09,9.46689e-08,-3.21281e-09,-3.21281e-09,-3.21281e-09,-3.21281e-09,0.0,0.0002
1.305,433.33,0.0,-433.325,-433.323,1.01629e-07,-3.49088e-09,9.46689e-08,-3.21281e-09,-3.21281e-09,-3.21281e-09,-3.21281e-09,0.0,0.0002
1.31,433.33,0.0,-433.325,-433.323,1.01629e-07,-3.49088e-09,9.46689e-08,-3.21281e-09,-3.21281e-09,-3.21281e-09,-3.21281e-09,0.0,0.0002
1.315,433.33,0.0,-433.325,-433.323,1.01629e-07,-3.49088e-09,9.46689e-08,-3.21281e-09,-3.21281e-09,-3.21281e-09,-3.21281e-09,0.0,0.0002
1.32,433.33,0.0,-433.325,-433.323,1.01629e-07,-3.49088e-09,9.46689e-08,-3.21281e-09,-3.21281e-09,-3.21281e-09,-3.21281e-09,0.0,0.0002
1.325,433.33,0.0,-433.325,-433.323,1.01629e-07,-3.49088e-09,9.46689e-08,-3.21281e-09,-3.21281e-09,-3.21281e-09,-3.21281e-09,0.0,0.0002
1.33,433.33,0.0,-433.325,-433.323,1.01629e-07,-3.49088e-09,9.46689e-08,-3.21281e-09,-3.21281e-09,-3.21281e-09,-3.21281e-09,0.0,0.0002
1.335,433.33,0.0,-433.325,-433.323,1.01629e-07,-3.49088e-09,9.46689e-08,-3.21281e-09,-3.21281e-09,-3.21281e-09,-3.21281e-09,0.0,0.0002
1.34,433.33,0.0,-433.325,-433.323,1.01629e-07,-3.49088e-09,9.46689e-08,-3.21281e-09,-3.21281e-09,-3.21281e-09,-3.21281e-09,0.0,0.0002
1.345,433.33,0.0,-433.325,-433.323,1.01629e-07,-3.49088e-09,9.46689e-08,-3.21281e-09,-3.21281e-09,-3.21281e-09,-3.21281e-09,0.0,0.0002
1.35,433.33,0.0,-433.325,-433.323,1.01629e-07,-3.49088e-09,9.46689e-08,-3.21281e-09,-3.21281e-09,-3.21281e-09,-3.21281e-09,0.0,0.0002
1.355,433.33,0.0,-433.325,-433.323,1.01629e-07,-3.49088e-09,9.46689e-08,-3.21281e-09,-3.21281e-09,-3.21281e-09,-3.21281e-09,0.0,0.0002
1.36,433.33,0.0,-433.325,-433.323,1.01629e-07,-3.49088e-09,9.46689e-08,-3.21281e-09,-3.21281e-09,-3.21281e-09,-3.21281e-09,0.0,0.0002
1.365,433.33,0.0,-433.325,-433.323,1.01629e-07,-3.49088e-09,9.46689e-08,-3.21281e-09,-3.21281e-09,-3.21281e-09,-3.21281e-09,0.0,0.0002
1.37,433.33,0.0,-433.325,-433.323,1.01629e-07,-3.49088e-09,9.46689e-08,-3.21281e-09,-3.21281e-09,-3.21281e-09,-3.21281e-09,0.0,0.0002
1.375,433.33,0.0,-433.325,-433.323,1.01629e-07,-3.49088e-09,9.46689e-08,-3.21281e-09,-3.21281e-09,-3.21281e-09,-3.21281e-09,0.0,0.0002
1.38,433.33,0.0,-433.325,-433.323,1.01629e-07,-3.49088e-09,9.46689e-08,-3.21281e-09,-3.21281e-09,-3.21281e-09,-3.21281e-09,0.0,0.0002
1.385,433.33,0.0,-433.325,-433.323,1.01629e-07,-3.49088e-09,9.46689e-08,-3.21281e-09,-3.21281e-09,-3.21281e-09,-3.21281e-09,0.0,0.0002
1.39,433.33,0.0,-433.325,-433.323,1.01629e-07,-3.49088e-09,9.46689e-08,-3.21281e-09,-3.21281e-09,-3.21281e-09,-3.21281e-09,0.0,0.0002
1.395,433.33,0.0,-433.325,-433.323,1.01629e-07,-3.49088e-09,9.46689e-08,-3.21281e-09,-3.21281e-09,-3.21281e-09,-3.21281e-09,0.0,0.0002
1.4,433.33,0.0,-433.325,-433.323,1.01629e-07,-3.49088e-09,9.46689e-08,-3.21281e-09,-3.21281e-09,-3.21281e-09,-3.21281e-09,0.0,0.0002
1.405,433.33,0.0,-433.325,-433.323,1.01629e-07,-3.49088e-09,9.46689e-08,-3.21281e-09,-3.21281e-09,-3.21281e-09,-3.21281e-09,0.0,0.0002
1.41,433.33,0.0,-433.325,-433.323,1.01629e-07,-3.49088e-09,9.46689e-08,-3.21281e-09,-3.21281e-09,-3.21281e-09,-3.21281e-09,0.0,0.0002
1.415,433.33,0.0,-433.325,-433.323,1.01629e-07,-3.49088e-09,9.46689e-08,-3.21281e-09,-3.21281e-09,-3.21281e-09,-3.21281e-09,0.0,0.0002
1.42,433.33,0.0,-433.325,-433.323,1.01629e-07,-3.49088e-09,9.46689e-08,-3.21281e-09,-3.21281e-09,-3.21281e-09,-3.21281e-09,0.0,0.0002
1.425,433.33,0.0,-433.325,-433.323,1.01629e-07,-3.49088e-09,9.46689e-08,-3.21281e-09,-3.21281e-09,-3.21281e-09,-3.21281e-09,0.0,0.0002
1.43,433.33,0.0,-433.325,-433.323,1.01629e-07,-3.49088e-09,9.46689e-08,-3.21281e-09,-3.21281e-09,-3.21281e-09,-3.21281e-09,0.0,0.0002
1.435,433.33,0.0,-433.325,-433.323,1.01629e-07,-3.49088e-09,9.46689e-08,-3.21281e-09,-3.21281e-09,-3.21281e-09,-3.21281e-09,0.0,0.0002
1.44,433.33,0.0,-433.325,-433.323,1.01629e-07,-3.49088e-09,9.46689e-08,-3.21281e-09,-3.21281e-09,-3.21281e-09,-3.21281e-09,0.0,0.0002
1.445,433.33,0.0,-433.325,-433.323,1.01629e-07,-3.49088e-09,9.46689e-08,-3.21281e-09,-3.21281e-09,-3.21281e-09,-3.21281e-09,0.0,0.0002
1.45,433.33,0.0,-433.325,-433.323,1.01629e-07,-3.49088e-09,9.46689e-08,-3.21281e-09,-3.21281e-09,-3.21281e-09,-3.21281e-09,0.0,0.0002
1.455,433.33,0.0,-433.325,-433.323,1.01629e-07,-3.49088e-09,9.46689e-08,-3.21281e-09,-3.21281e-09,-3.21281e-09,-3.21281e-09,0.0,0.0002
1.46,433.33,0.0,-433.325,-433.323,1.01629e-07,-3.49088e-09,9.46689e-08,-3.21281e-09,-3.21281e-09,-3.21281e-09,-3.21281e-09,0.0,0.0002
1.465,433.33,0.0,-433.325,-433.323,1.01629e-07,-3.49088e-09,9.46689e-08,-3.21281e-09,-3.21281e-09,-3.21281e-09,-3.21281e-09,0.0,0.0002
1.47,433.33,0.0,-433.325,-433.323,1.01629e-07,-3.49088e-09,9.46689e-08,-3.21281e-09,-3.21281e-09,-3.21281e-09,-3.21281e-09,0.0,0.0002
1.475,433.33,0.0,-433.325,-433.323,1.01629e-07,-3.49088e-09,9.46689e-08,-3.21281e-09,-3.21281e-09,-3.21281e-09,-3.21281e-09,0.0,0.0002
1.48,433.33,0.0,-433.325,-433.323,1.01629e-07,-3.49088e-09,9.46689e-08,-3.21281e-09,-3.21281e-09,-3.21281e-09,-3.21281e-09,0.0,0.0002
1.485,433.33,0.0,-433.325,-433.323,1.01629e-07,-3.49088e-09,9.46689e-08,-3.21281e-09,-3.21281e-09,-3.21281e-09,-3.21281e-09,0.0,0.0002
1.49,433.33,0.0,-433.325,-433.323,1.01629e-07,-3.49088e-09,9.46689e-08,-3.21281e-09,-3.21281e-09,-3.21281e-09,-3.21281e-09,0.0,0.0002
1.495,433.33,0.0,-433.325,-433.323,1.01629e-07,-3.49088e-09,9.46689e-08,-3.21281e-09,-3.21281e-09,-3.21281e-09,-3.21281e-09,0.0,0.0002
1.5,433.33,0.0,-433.325,-433.323,1.01629e-07,-3.49088e-09,9.46689e-08,-3.21281e-09,-3.21281e-09,-3.21281e-09,-3.21281e-09,0.0,0.0002
1.505,433.33,0.0,-433.325,-433.323,1.01629e-07,-3.49088e-09,9.46689e-08,-3.21281e-09,-3.21281e-09,-3.21281e-09,-3.21281e-09,0.0,0.0002
1.51,433.33,0.0,-433.325,-433.323,1.01629e-07,-3.49088e-09,9.46689e-08,-3.21281e-09,-3.21281e-09,-3.21281e-09,-3.21281e-09,0.0,0.0002
1.515,433.33,0.0,-433.325,-433.323,1.01629e-07,-3.49088e-09,9.46689e-08,-3.21281e-09,-3.21281e-09,-3.21281e-09,-3.21281e-09,0.0,0.0002
1.52,433.33,0.0,-433.325,-433.323,1.01629e-07,-3.49088e-09,9.46689e-08,-3.21281e-09,-3.21281e-09,-3.21281e-09,-3.21281e-09,0.0,0.0002
1.525,433.33,0.0,-433.325,-433.323,1.01629e-07,-3.49088e-09,9.46689e-08,-3.21281e-09,-3.21281e-09,-3.21281e-09,-3.21281e-09,0.0,0.0002
1.53,433.33,0.0,-433.325,-433.323,1.01629e-07,-3.49088e-09,9.46689e-08,-3.21281e-09,-3.21281e-09,-3.21281e-09,-3.21281e-09,0.0,0.0002
1.535,433.33,0.0,-433.325,-433.323,1.01629e-07,-3.49088e-09,9.46689e-08,-3.21281e-09,-3.21281e-09,-3.21281e-09,-3.21281e-09,0.0,0.0002
1.54,433.33,0.0,-433.325,-433.323,1.01629e-07,-3.49088e-09,9.46689e-08,-3.21281e-09,-3.21281e-09,-3.21281e-09,-3.21281e-09,0.0,0.0002
1.545,433.33,0.0,-433.325,-433.323,1.01629e-07,-3.49088e-09,9.46689e-08,-3.21281e-09,-3.21281e-09,-3.21281e-09,-3.21281e-09,0.0,0.0002
1.55,433.33,0.0,-433.325,-433.323,1.01629e-07,-3.49088e-09,9.46689e-08,-3.21281e-09,-3.21281e-09,-3.21281e-09,-3.21281e-09,0.0,0.0002
1.555,433.33,0.0,-433.325,-433.323,1.01629e-07,-3.49088e-09,9.46689e-08,-3.21281e-09,-3.21281e-09,-3.21281e-09,-3.21281e-09,0.0,0.0002
1.56,433.33,0.0,-433.325,-433.323,1.01629e-07,-3.49088e-09,9.46689e-08,-3.21281e-09,-3.21281e-09,-3.21281e-09,-3.21281e-09,0.0,0.0002
1.565,433.33,0.0,-433.325,-433.323,1.01629e-07,-3.49088e-09,9.46689e-08,-3.21281e-09,-3.21281e-09,-3.21281e-09,-3.21281e-09,0.0,0.0002
1.57,433.33,0.0,-433.325,-433.323,1.01629e-07,-3.49088e-09,9.46689e-08,-3.21281e-09,-3.21281e-09,-3.21281e-09,-3.21281e-09,0.0,0.0002
1.575,433.33,0.0,-433.325,-433.323,1.01629e-07,-3.49088e-09,9.46689e-08,-3.21281e-09,-3.21281e-09,-3.21281e-09,-3.21281e-09,0.0,0.0002
1.58,433.33,0.0,-433.325,-433.323,1.01629e-07,-3.49088e-09,9.46689e-08,-3.21281e-09,-3.21281e-09,-3.21281e-09,-3.21281e-09,0.0,0.0002
1.585,433.33,0.0,-433.325,-433.323,1.01629e-07,-3.49088e-09,9.46689e-08,-3.21281e-09,-3.21281e-09,-3.21281e-09,-3.21281e-09,0.0,0.0002
1.59,433.33,0.0,-433.325,-433.323,1.01629e-07,-3.49088e-09,9.46689e-08,-3.21281e-09,-3.21281e-09,-3.21281e-09,-3.21281e-09,0.0,0.0002
1.595,433.33,0.0,-433.325,-433.323,1.01629e-07,-3.49088e-09,9.46689e-08,-3.21281e-09,-3.21281e-09,-3.21281e-09,-3.21281e-09,0.0,0.0002
1.6,433.33,0.0,-433.325,-433.323,1.01629e-07,-3.49088e-09,9.46689e-08,-3.21281e-09,-3.21281e-09,-3.21281e-09,-3.21281e-09,0.0,0.0002
1.605,433.33,0.0,-433.325,-433.323,1.01629e-07,-3.49088e-09,9.46689e-08,-3.21281e-09,-3.21281e-09,-3.21281e-09,-3.21281e-09,0.0,0.0002
1.61,433.33,0.0,-433.325,-433.323,1.01629e-07,-3.49088e-09,9.46689e-08,-3.21281e-09,-3.21281e-09,-3.21281e-09,-3.21281e-09,0.0,0.0002
1.615,433.33,0.0,-433.325,-433.323,1.01629e-07,-3.49088e-09,9.46689e-08,-3.21281e-09,-3.21281e-09,-3.21281e-09,-3.21281e-09,0.0,0.0002
1.62,433.33,0.0,-433.325,-433.323,1.01629e-07,-3.49088e-09,9.46689e-08,-3.21281e-09,-3.21281e-09,-3.21281e-09,-3.21281e-09,0.0,0.0002
1.625,433.33,0.0,-433.325,-433.323,1.01629e-07,-3.49088e-09,9.46689e-08,-3.21281e-09,-3.21281e-09,-3.21281e-09,-3.21281e-09,0.0,0.0002
1.63,433.33,0.0,-433.325,-433.323,1.01629e-07,-3.49088e-09,9.46689e-08,-3.21281e-09,-3.21281e-09,-3.21281e-09,-3.21281e-09,0.0,0.0002
1.635,433.33,0.0,-433.325,-433.323,1.01629e-07,-3.49088e-09,9.46689e-08,-3.21281e-09,-3.21281e-09,-3.21281e-09,-3.21281e-09,0.0,0.0002
1.64,433.33,0.0,-433.325,-433.323,1.01629e-07,-3.49088e-09,9.46689e-08,-3.21281e-09,-3.21281e-09,-3.21281e-09,-3.21281e-09,0.0,0.0002
1.645,433.33,0.0,-433.325,-433.323,1.01629e-07,-3.49088e-09,9.46689e-08,-3.21281e-09,-3.21281e-09,-3.21281e-09,-3.21281e-09,0.0,0.0002
1.65,433.33,0.0,-433.325,-433.323,1.01629e-07,-3.49088e-09,9.46689e-08,-3.21281e-09,-3.21281e-09,-3.21281e-09,-3.21281e-09,0.0,0.0002
1.655,433.33,0.0,-433.325,-433.323,1.01629e-07,-3.49088e-09,9.46689e-08,-3.21281e-09,-3.21281e-09,-3.21281e-09,-3.21281e-09,0.0,0.0002
1.66,433.33,0.0,-433.325,-433.323,1.01629e-07,-3.49088e-09,9.46689e-08,-3.21281e-09,-3.21281e-09,-3.21281e-09,-3.21281e-09,0.0,0.0002
1.665,433.33,0.0,-433.325,-433.323,1.01629e-07,-3.49088e-09,9.46689e-08,-3.21281e-09,-3.21281e-09,-3.21281e-09,-3.21281e-09,0.0,0.0002
1.67,433.33,0.0,-433.325,-433.323,1.01629e-07,-3.49088e-09,9.46689e-08,-3.21281e-09,-3.21281e-09,-3.21281e-09,-3.21281e-09,0.0,0.0002
1.675,433.33,0.0,-433.325,-433.323,1.01629e-07,-3.49088e-09,9.46689e-08,-3.21281e-09,-3.21281e-09,-3.21281e-09,-3.21281e-09,0.0,0.0002
1.68,433.33,0.0,-433.325,-433.323,1.01629e-07,-3.49088e-09,9.46689e-08,-3.21281e-09,-3.21281e-09,-3.21281e-09,-3.21281e-09,0.0,0.0002
1.685,433.33,0.0,-433.325,-433.323,1.01629e-07,-3.49088e-09,9.46689e-08,-3.21281e-09,-3.21281e-09,-3.21281e-09,-3.21281e-09,0.0,0.0002
1.69,433.33,0.0,-433.325,-433.323,1.01629e-07,-3.49088e-09,9.46689e-08,-3.21281e-09,-3.21281e-09,-3.21281e-09,-3.21281e-09,0.0,0.0002
1.695,433.33,0.0,-433.325,-433.323,1.01629e-07,-3.49088e-09,9.46689e-08,-3.21281e-09,-3.21281e-09,-3.21281e-09,-3.21281e-09,0.0,0.0002
1.7,433.33,0.0,-433.325,-433.323,1.01629e-07,-3.49088e-09,9.46689e-08,-3.21281e-09,-3.21281e-09,-3.21281e-09,-3.21281e-09,0.0,0.0002
1.705,433.33,0.0,-433.325,-433.323,1.01629e-07,-3.49088e-09,9.46689e-08,-3.21281e-09,-3.21281e-09,-3.21281e-09,-3.21281e-09,0.0,0.0002
1.71,433.33,0.0,-433.325,-433.323,1.01629e-07,-3.49088e-09,9.46689e-08,-3.21281e-09,-3.21281e-09,-3.21281e-09,-3.21281e-09,0.0,0.0002
1.715,433.33,0.0,-433.325,-433.323,1.01629e-07,-3.49088e-09,9.46689e-08,-3.21281e-09,-3.21281e-09,-3.21281e-09,-3.21281e-09,0.0,0.0002
1.72,433.33,0.0,-433.325,-433.323,1.01629e-07,-3.49088e-09,9.46689e-08,-3.21281e-09,-3.21281e-09,-3.21281e-09,-3.21281e-09,0.0,0.0002
1.725,433.33,0.0,-433.325,-433.323,1.01629e-07,-3.49088e-09,9.46689e-08,-3.21281e-09,-3.21281e-09,-3.21281e-09,-3.21281e-09,0.0,0.0002
1.73,433.33,0.0,-433.325,-433.323,1.01629e-07,-3.49088e-09,9.46689e-08,-3.21281e-09,-3.21281e-09,-3.21281e-09,-3.21281e-09,0.0,0.0002
1.735,433.33,0.0,-433.325,-433.323,1.01629e-07,-3.49088e-09,9.46689e-08,-3.21281e-09,-3.21281e-09,-3.21281e-09,-3.21281e-09,0.0,0.0002
1.74,433.33,0.0,-433.325,-433.323,1.01629e-07,-3.49088e-09,9.46689e-08,-3.21281e-09,-3.21281e-09,-3.21281e-09,-3.21281e-09,0.0,0.0002
1.745,433.33,0.0,-433.325,-433.323,1.01629e-07,-3.49088e-09,9.46689e-08,-3.21281e-09,-3.21281e-09,-3.21281e-09,-3.21281e-09,0.0,0.0002
1.75,433.33,0.0,-433.325,-433.323,1.01629e-07,-3.49088e-09,9.46689e-08,-3.21281e-09,-3.21281e-09,-3.21281e-09,-3.21281e-09,0.0,0.0002
1.755,433.33,0.0,-433.325,-433.323,1.01629e-07,-3.49088e-09,9.46689e-08,-3.21281e-09,-3.21281e-09,-3.21281e-09,-3.21281e-09,0.0,0.0002
1.76,433.33,0.0,-433.325,-433.323,1.01629e-07,-3.49088e-09,9.46689e-08,-3.21281e-09,-3.21281e-09,-3.21281e-09,-3.21281e-09,0.0,0.0002
1.765,433.33,0.0,-433.325,-433.323,1.01629e-07,-3.49088e-09,9.46689e-08,-3.21281e-09,-3.21281e-09,-3.21281e-09,-3.21281e-09,0.0,0.0002
1.77,433.33,0.0,-433.325,-433.323,1.01629e-07,-3.49088e-09,9.46689e-08,-3.21281e-09,-3.21281e-09,-3.21281e-09,-3.21281e-09,0.0,0.0002
1.775,433.33,0.0,-433.325,-433.323,1.01629e-07,-3.49088e-09,9.46689e-08,-3.21281e-09,-3.21281e-09,-3.21281e-09,-3.21281e-09,0.0,0.0002
1.78,433.33,0.0,-433.325,-433.323,1.01629e-07,-3.49088e-09,9.46689e-08,-3.21281e-09,-3.21281e-09,-3.21281e-09,-3.21281e-09,0.0,0.0002
1.785,433.33,0.0,-433.325,-433.323,1.01629e-07,-3.49088e-09,9.46689e-08,-3.21281e-09,-3.21281e-09,-3.21281e-09,-3.21281e-09,0.0,0.0002
1.79,433.33,0.0,-433.325,-433.323,1.01629e-07,-3.49088e-09,9.46689e-08,-3.21281e-09,-3.21281e-09,-3.21281e-09,-3.21281e-09,0.0,0.0002
1.795,433.33,0.0,-433.325,-433.323,1.01629e-07,-3.49088e-09,9.46689e-08,-3.21281e-09,-3.21281e-09,-3.21281e-09,-3.21281e-09,0.0,0.0002
1.8,433.33,0.0,-433.325,-433.323,1.01629e-07,-3.49088e-09,9.46689e-08,-3.21281e-09,-3.21281e-09,-3.21281e-09,-3.21281e-09,0.0,0.0002
1.805,433.33,0.0,-433.325,-433.323,1.01629e-07,-3.49088e-09,9.46689e-08,-3.21281e-09,-3.21281e-09,-3.21281e-09,-3.21281e-09,0.0,0.0002
1.81,433.33,0.0,-433.325,-433.323,1.01629e-07,-3.49088e-09,9.46689e-08,-3.21281e-09,-3.21281e-09,-3.21281e-09,-3.21281e-09,0.0,0.0002
1.815,433.33,0.0,-433.325,-433.323,1.01629e-07,-3.49088e-09,9.46689e-08,-3.21281e-09,-3.21281e-09,-3.21281e-09,-3.21281e-09,0.0,0.0002
1.82,433.33,0.0,-433.325,-433.323,1.01629e-07,-3.49088e-09,9.46689e-08,-3.21281e-09,-3.21281e-09,-3.21281e-09,-3.21281e-09,0.0,0.0002
1.825,433.33,0.0,-433.325,-433.323,1.01629e-07,-3.49088e-09,9.46689e-08,-3.21281e-09,-3.21281e-09,-3.21281e-09,-3.21281e-09,0.0,0.0002
1.83,433.33,0.0,-433.325,-433.323,1.01629e-07,-3.49088e-09,9.46689e-08,-3.21281e-09,-3.21281e-09,-3.21281e-09,-3.21281e-09,0.0,0.0002
1.835,433.33,0.0,-433.325,-433.323,1.01629e-07,-3.49088e-09,9.46689e-08,-3.21281e-09,-3.21281e-09,-3.21281e-09,-3.21281e-09,0.0,0.0002
1.84,433.33,0.0,-433.325,-433.323,1.01629e-07,-3.49088e-09,9.46689e-08,-3.21281e-09,-3.21281e-09,-3.21281e-09,-3.21281e-09,0.0,0.0002
1.845,433.33,0.0,-433.325,-433.323,1.01629e-07,-3.49088e-09,9.46689e-08,-3.21281e-09,-3.21281e-09,-3.21281e-09,-3.21281e-09,0.0,0.0002
1.85,433.33,0.0,-433.325,-433.323,1.01629e-07,-3.49088e-09,9.46689e-08,-3.21281e-09,-3.21281e-09,-3.21281e-09,-3.21281e-09,0.0,0.0002
1.855,433.33,0.0,-433.325,-433.323,1.01629e-07,-3.49088e-09,9.46689e-08,-3.21281e-09,-3.21281e-09,-3.21281e-09,-3.21281e-09,0.0,0.0002
1.86,433.33,0.0,-433.325,-433.323,1.01629e-07,-3.49088e-09,9.46689e-08,-3.21281e-09,-3.21281e-09,-3.21281e-09,-3.21281e-09,0.0,0.0002
1.865,433.33,0.0,-433.325,-433.323,1.01629e-07,-3.49088e-09,9.46689e-08,-3.21281e-09,-3.21281e-09,-3.21281e-09,-3.21281e-09,0.0,0.0002
1.87,433.33,0.0,-433.325,-433.323,1.01629e-07,-3.49088e-09,9.46689e-08,-3.21281e-09,-3.21281e-09,-3.21281e-09,-3.21281e-09,0.0,0.0002
1.875,433.33,0.0,-433.325,-433.323,1.01629e-07,-3.49088e-09,9.46689e-08,-3.21281e-09,-3.21281e-09,-3.21281e-09,-3.21281e-09,0.0,0.0002
1.88,433.33,0.0,-433.325,-433.323,1.01629e-07,-3.49088e-09,9.46689e-08,-3.21281e-09,-3.21281e-09,-3.21281e-09,-3.21281e-09,0.0,0.0002
1.885,433.33,0.0,-433.325,-433.323,1.01629e-07,-3.49088e-09,9.46689e-08,-3.21281e-09,-3.21281e-09,-3.21281e-09,-3.21281e-09,0.0,0.0002
1.89,433.33,0.0,-433.325,-433.323,1.01629e-07,-3.49088e-09,9.46689e-08,-3.21281e-09,-3.21281e-09,-3.21281e-09,-3.21281e-09,0.0,0.0002
1.895,433.33,0.0,-433.325,-433.323,1.01629e-07,-3.49088e-09,9.46689e-08,-3.21281e-09,-3.21281e-09,-3.21281e-09,-3.21281e-09,0.0,0.0002
1.9,433.33,0.0,-433.325,-433.323,1.01629e-07,-3.49088e-09,9.46689e-08,-3.21281e-09,-3.21281e-09,-3.21281e-09,-3.21281e-09,0.0,0.0002
1.905,433.33,0.0,-433.325,-433.323,1.01629e-07,-3.49088e-09,9.46689e-08,-3.21281e-09,-3.21281e-09,-3.21281e-09,-3.21281e-09,0.0,0.0002
1.91,433.33,0.0,-433.325,-433.323,1.01629e-07,-3.49088e-09,9.46689e-08,-3.21281e-09,-3.21281e-09,-3.21281e-09,-3.21281e-09,0.0,0.0002
1.915,433.33,0.0,-433.325,-433.323,1.01629e-07,-3.49088e-09,9.46689e-08,-3.21281e-09,-3.21281e-09,-3.21281e-09,-3.21281e-09,0.0,0.0002
1.92,433.33,0.0,-433.325,-433.323,1.01629e-07,-3.49088e-09,9.46689e-08,-3.21281e-09,-3.21281e-09,-3.21281e-09,-3.21281e-09,0.0,0.0002
1.925,433.33,0.0,-433.325,-433.323,1.01629e-07,-3.49088e-09,9.46689e-08,-3.21281e-09,-3.21281e-09,-3.21281e-09,-3.21281e-09,0.0,0.0002
1.93,433.33,0.0,-433.325,-433.323,1.01629e-07,-3.49088e-09,9.46689e-08,-3.21281e-09,-3.21281e-09,-3.21281e-09,-3.21281e-09,0.0,0.0002
1.935,433.33,0.0,-433.325,-433.323,1.01629e-07,-3.49088e-09,9.46689e-08,-3.21281e-09,-3.21281e-09,-3.21281e-09,-3.21281e-09,0.0,0.0002
1.94,433.33,0.0,-433.325,-433.323,1.01629e-07,-3.49088e-09,9.46689e-08,-3.21281e-09,-3.21281e-09,-3.21281e-09,-3.21281e-09,0.0,0.0002
1.945,433.33,0.0,-433.325,-433.323,1.01629e-07,-3.49088e-09,9.46689e-08,-3.21281e-09,-3.21281e-09,-3.21281e-09,-3.21281e-09,0.0,0.0002
1.95,433.33,0.0,-433.325,-433.323,1.01629e-07,-3.49088e-09,9.46689e-08,-3.21281e-09,-3.21281e-09,-3.21281e-09,-3.21281e-09,0.0,0.0002
1.955,433.33,0.0,-433.325,-433.323,1.01629e-07,-3.49088e-09,9.46689e-08,-3.21281e-09,-3.21281e-09,-3.21281e-09,-3.21281e-09,0.0,0.0002
1.96,433.33,0.0,-433.325,-433.323,1.01629e-07,-3.49088e-09,9.46689e-08,-3.21281e-09,-3.21281e-09,-3.21281e-09,-3.21281e-09,0.0,0.0002
1.965,433.33,0.0,-433.325,-433.323,1.01629e-07,-3.49088e-09,9.46689e-08,-3.21281e-09,-3.21281e-09,-3.21281e-09,-3.21281e-09,0.0,0.0002
1.97,433.33,0.0,-433.325,-433.323,1.01629e-07,-3.49088e-09,9.46689e-08,-3.21281e-09,-3.21281e-09,-3.21281e-09,-3.21281e-09,0.0,0.0002
1.975,433.33,0.0,-433.325,-433.323,1.01629e-07,-3.49088e-09,9.46689e-08,-3.21281e-09,-3.21281e-09,-3.21281e-09,-3.21281e-09,0.0,0.0002
1.98,433.33,0.0,-433.325,-433.323,1.01629e-07,-3.49088e-09,9.46689e-08,-3.21281e-09,-3.21281e-09,-3.21281e-09,-3.21281e-09,0.0,0.0002
1.985,433.33,0.0,-433.325,-433.323,1.01629e-07,-3.49088e-09,9.46689e-08,-3.21281e-09,-3.21281e-09,-3.21281e-09,-3.21281e-09,0.0,0.0002
1.99,433.33,0.0,-433.325,-433.323,1.01629e-07,-3.49088e-09,9.46689e-08,-3.21281e-09,-3.21281e-09,-3.21281e-09,-3.21281e-09,0.0,0.0002
1.995,433.33,0.0,-433.325,-433.323,1.01629e-07,-3.49088e-09,9.46689e-08,-3.21281e-09,-3.21281e-09,-3.21281e-09,-3.21281e-09,0.0,0.0002
2.0,433.33,0.0,-433.325,-433.323,1.01629e-07,-3.49088e-09,9.46689e-08,-3.21281e-09,-3.21281e-09,-3.21281e-09,-3.21281e-09,0.0,0.0002
2.005,433.33,0.0,-433.325,-433.323,1.01629e-07,-3.49088e-09,9.46689e-08,-3.21281e-09,-3.21281e-09,-3.21281e-09,-3.21281e-09,0.0,0.0002
2.01,433.33,0.0,-433.325,-433.323,1.01629e-07,-3.49088e-09,9.46689e-08,-3.21281e-09,-3.21281e-09,-3.21281e-09,-3.21281e-09,0.0,0.0002
2.015,433.33,0.0,-433.325,-433.323,1.01629e-07,-3.49088e-09,9.46689e-08,-3.21281e-09,-3.21281e-09,-3.21281e-09,-3.21281e-09,0.0,0.0002
2.02,433.33,0.0,-433.325,-433.323,1.01629e-07,-3.49088e-09,9.46689e-08,-3.21281e-09,-3.21281e-09,-3.21281e-09,-3.21281e-09,0.0,0.0002
2.025,433.33,0.0,-433.325,-433.323,1.01629e-07,-3.49088e-09,9.46689e-08,-3.21281e-09,-3.21281e-09,-3.21281e-09,-3.21281e-09,0.0,0.0002
2.03,433.33,0.0,-433.325,-433.323,1.01629e-07,-3.49088e-09,9.46689e-08,-3.21281e-09,-3.21281e-09,-3.21281e-09,-3.21281e-09,0.0,0.0002
2.035,433.33,0.0,-433.325,-433.323,1.01629e-07,-3.49088e-09,9.46689e-08,-3.21281e-09,-3.21281e-09,-3.21281e-09,-3.21281e-09,0.0,0.0002
2.04,433.33,0.0,-433.325,-433.323,1.01629e-07,-3.49088e-09,9.46689e-08,-3.21281e-09,-3.21281e-09,-3.21281e-09,-3.21281e-09,0.0,0.0002
2.045,433.33,0.0,-433.325,-433.323,1.01629e-07,-3.49088e-09,9.46689e-08,-3.21281e-09,-3.21281e-09,-3.21281e-09,-3.21281e-09,0.0,0.0002
2.05,433.33,0.0,-433.325,-433.323,1.01629e-07,-3.49088e-09,9.46689e-08,-3.21281e-09,-3.21281e-09,-3.21281e-09,-3.21281e-09,0.0,0.0002
2.055,433.33,0.0,-433.325,-433.323,1.01629e-07,-3.49088e-09,9.46689e-08,-3.21281e-09,-3.21281e-09,-3.21281e-09,-3.21281e-09,0.0,0.0002
2.06,433.33,0.0,-433.325,-433.323,1.01629e-07,-3.49088e-09,9.46689e-08,-3.21281e-09,-3.21281e-09,-3.21281e-09,-3.21281e-09,0.0,0.0002
2.065,433.33,0.0,-433.325,-433.323,1.01629e-07,-3.49088e-09,9.46689e-08,-3.21281e-09,-3.21281e-09,-3.21281e-09,-3.21281e-09,0.0,0.0002
2.07,433.33,0.0,-433.325,-433.323,1.01629e-07,-3.49088e-09,9.46689e-08,-3.21281e-09,-3.21281e-09,-3.21281e-09,-3.21281e-09,0.0,0.0002
2.075,433.33,0.0,-433.325,-433.323,1.01629e-07,-3.49088e-09,9.46689e-08,-3.21281e-09,-3.21281e-09,-3.21281e-09,-3.21281e-09,0.0,0.0002
2.08,433.33,0.0,-433.325,-433.323,1.01629e-07,-3.49088e-09,9.46689e-08,-3.21281e-09,-3.21281e-09,-3.21281e-09,-3.21281e-09,0.0,0.0002
2.085,433.33,0.0,-433.325,-433.323,1.01629e-07,-3.49088e-09,9.46689e-08,-3.21281e-09,-3.21281e-09,-3.21281e-09,-3.21281e-09,0.0,0.0002
2.09,433.33,0.0,-433.325,-433.323,1.01629e-07,-3.49088e-09,9.46689e-08,-3.21281e-09,-3.21281e-09,-3.21281e-09,-3.21281e-09,0.0,0.0002
2.095,433.33,0.0,-433.325,-433.323,1.01629e-07,-3.49088e-09,9.46689e-08,-3.21281e-09,-3.21281e-09,-3.21281e-09,-3.21281e-09,0.0,0.0002
2.1,433.33,0.0,-433.325,-433.323,1.01629e-07,-3.49088e-09,9.46689e-08,-3.21281e-09,-3.21281e-09,-3.21281e-09,-3.21281e-09,0.0,0.0002
2.105,433.33,0.0,-433.325,-433.323,1.01629e-07,-3.49088e-09,9.46689e-08,-3.21281e-09,-3.21281e-09,-3.21281e-09,-3.21281e-09,0.0,0.0002
2.11,433.33,0.0,-433.325,-433.323,1.01629e-07,-3.49088e-09,9.46689e-08,-3.21281e-09,-3.21281e-09,-3.21281e-09,-3.21281e-09,0.0,0.0002
2.115,433.33,0.0,-433.325,-433.323,1.01629e-07,-3.49088e-09,9.46689e-08,-3.21281e-09,-3.21281e-09,-3.21281e-09,-3.21281e-09,0.0,0.0002
2.12,433.33,0.0,-433.325,-433.323,1.01629e-07,-3.49088e-09,9.46689e-08,-3.21281e-09,-3.21281e-09,-3.21281e-09,-3.21281e-09,0.0,0.0002
2.125,433.33,0.0,-433.325,-433.323,1.01629e-07,-3.49088e-09,9.46689e-08,-3.21281e-09,-3.21281e-09,-3.21281e-09,-3.21281e-09,0.0,0.0002
2.13,433.33,0.0,-433.325,-433.323,1.01629e-07,-3.49088e-09,9.46689e-08,-3.21281e-09,-3.21281e-09,-3.21281e-09,-3.21281e-09,0.0,0.0002
2.135,433.33,0.0,-433.325,-433.323,1.01629e-07,-3.49088e-09,9.46689e-08,-3.21281e-09,-3.21281e-09,-3.21281e-09,-3.21281e-09,0.0,0.0002
2.14,433.33,0.0,-433.325,-433.323,1.01629e-07,-3.49088e-09,9.46689e-08,-3.21281e-09,-3.21281e-09,-3.21281e-09,-3.21281e-09,0.0,0.0002
2.145,433.33,0.0,-433.325,-433.323,1.01629e-07,-3.49088e-09,9.46689e-08,-3.21281e-09,-3.21281e-09,-3.21281e-09,-3.21281e-09,0.0,0.0002
2.15,433.33,0.0,-433.325,-433.323,1.01629e-07,-3.49088e-09,9.46689e-08,-3.21281e-09,-3.21281e-09,-3.21281e-09,-3.21281e-09,0.0,0.0002
2.155,433.33,0.0,-433.325,-433.323,1.01629e-07,-3.49088e-09,9.46689e-08,-3.21281e-09,-3.21281e-09,-3.21281e-09,-3.21281e-09,0.0,0.0002
2.16,433.33,0.0,-433.325,-433.323,1.01629e-07,-3.49088e-09,9.46689e-08,-3.21281e-09,-3.21281e-09,-3.21281e-09,-3.21281e-09,0.0,0.0002
2.165,433.33,0.0,-433.325,-433.323,1.01629e-07,-3.49088e-09,9.46689e-08,-3.21281e-09,-3.21281e-09,-3.21281e-09,-3.21281e-09,0.0,0.0002
2.17,433.33,0.0,-433.325,-433.323,1.01629e-07,-3.49088e-09,9.46689e-08,-3.21281e-09,-3.21281e-09,-3.21281e-09,-3.21281e-09,0.0,0.0002
2.175,433.33,0.0,-433.325,-433.323,1.01629e-07,-3.49088e-09,9.46689e-08,-3.21281e-09,-3.21281e-09,-3.21281e-09,-3.21281e-09,0.0,0.0002
2.18,433.33,0.0,-433.325,-433.323,1.01629e-07,-3.49088e-09,9.46689e-08,-3.21281e-09,-3.21281e-09,-3.21281e-09,-3.21281e-09,0.0,0.0002
2.185,433.33,0.0,-433.325,-433.323,1.01629e-07,-3.49088e-09,9.46689e-08,-3.21281e-09,-3.21281e-09,-3.21281e-09,-3.21281e-09,0.0,0.0002
2.19,433.33,0.0,-433.325,-433.323,1.01629e-07,-3.49088e-09,9.46689e-08,-3.21281e-09,-3.21281e-09,-3.21281e-09,-3.21281e-09,0.0,0.0002
2.195,433.33,0.0,-433.325,-433.323,1.01629e-07,-3.49088e-09,9.46689e-08,-3.21281e-09,-3.21281e-09,-3.21281e-09,-3.21281e-09,0.0,0.0002
2.2,433.33,0.0,-433.325,-433.323,1.01629e-07,-3.49088e-09,9.46689e-08,-3.21281e-09,-3.21281e-09,-3.21281e-09,-3.21281e-09,0.0,0.0002
2.205,433.33,0.0,-433.325,-433.323,1.01629e-07,-3.49088e-09,9.46689e-08,-3.21281e-09,-3.21281e-09,-3.21281e-09,-3.21281e-09,0.0,0.0002
2.21,433.33,0.0,-433.325,-433.323,1.01629e-07,-3.49088e-09,9.46689e-08,-3.21281e-09,-3.21281e-09,-3.21281e-09,-3.21281e-09,0.0,0.0002
2.215,433.33,0.0,-433.325,-433.323,1.01629e-07,-3.49088e-09,9.46689e-08,-3.21281e-09,-3.21281e-09,-3.21281e-09,-3.21281e-09,0.0,0.0002
2.22,433.33,0.0,-433.325,-433.323,1.01629e-07,-3.49088e-09,9.46689e-08,-3.21281e-09,-3.21281e-09,-3.21281e-09,-3.21281e-09,0.0,0.0002
2.225,433.33,0.0,-433.325,-433.323,1.01629e-07,-3.49088e-09,9.46689e-08,-3.21281e-09,-3.21281e-09,-3.21281e-09,-3.21281e-09,0.0,0.0002
2.23,433.33,0.0,-433.325,-433.323,1.01629e-07,-3.49088e-09,9.46689e-08,-3.21281e-09,-3.21281e-09,-3.21281e-09,-3.21281e-09,0.0,0.0002
2.235,433.33,0.0,-433.325,-433.323,1.01629e-07,-3.49088e-09,9.46689e-08,-3.21281e-09,-3.21281e-09,-3.21281e-09,-3.21281e-09,0.0,0.0002
2.24,433.33,0.0,-433.325,-433.323,1.01629e-07,-3.49088e-09,9.46689e-08,-3.21281e-09,-3.21281e-09,-3.21281e-09,-3.21281e-09,0.0,0.0002
2.245,433.33,0.0,-433.325,-433.323,1.01629e-07,-3.49088e-09,9.46689e-08,-3.21281e-09,-3.21281e-09,-3.21281e-09,-3.21281e-09,0.0,0.0002
2.25,433.33,0.0,-433.325,-433.323,1.01629e-07,-3.49088e-09,9.46689e-08,-3.21281e-09,-3.21281e-09,-3.21281e-09,-3.21281e-09,0.0,0.0002
2.255,433.33,0.0,-433.325,-433.323,1.01629e-07,-3.49088e-09,9.46689e-08,-3.21281e-09,-3.21281e-09,-3.21281e-09,-3.21281e-09,0.0,0.0002
2.26,433.33,0.0,-433.325,-433.323,1.01629e-07,-3.49088e-09,9.46689e-08,-3.21281e-09,-3.21281e-09,-3.21281e-09,-3.21281e-09,0.0,0.0002
2.265,433.33,0.0,-433.325,-433.323,1.01629e-07,-3.49088e-09,9.46689e-08,-3.21281e-09,-3.21281e-09,-3.21281e-09,-3.21281e-09,0.0,0.0002
2.27,433.33,0.0,-433.325,-433.323,1.01629e-07,-3.49088e-09,9.46689e-08,-3.21281e-09,-3.21281e-09,-3.21281e-09,-3.21281e-09,0.0,0.0002
2.275,433.33,0.0,-433.325,-433.323,1.01629e-07,-3.49088e-09,9.46689e-08,-3.21281e-09,-3.21281e-09,-3.21281e-09,-3.21281e-09,0.0,0.0002
2.28,433.33,0.0,-433.325,-433.323,1.01629e-07,-3.49088e-09,9.46689e-08,-3.21281e-09,-3.21281e-09,-3.21281e-09,-3.21281e-09,0.0,0.0002
2.285,433.33,0.0,-433.325,-433.323,1.01629e-07,-3.49088e-09,9.46689e-08,-3.21281e-09,-3.21281e-09,-3.21281e-09,-3.21281e-09,0.0,0.0002
2.29,433.33,0.0,-433.325,-433.323,1.01629e-07,-3.49088e-09,9.46689e-08,-3.21281e-09,-3.21281e-09,-3.21281e-09,-3.21281e-09,0.0,0.0002
2.295,433.33,0.0,-433.325,-433.323,1.01629e-07,-3.49088e-09,9.46689e-08,-3.21281e-09,-3.21281e-09,-3.21281e-09,-3.21281e-09,0.0,0.0002
2.3,433.33,0.0,-433.325,-433.323,1.01629e-07,-3.49088e-09,9.46689e-08,-3.21281e-09,-3.21281e-09,-3.21281e-09,-3.21281e-09,0.0,0.0002
2.305,433.33,0.0,-433.325,-433.323,1.01629e-07,-3.49088e-09,9.46689e-08,-3.21281e-09,-3.21281e-09,-3.21281e-09,-3.21281e-09,0.0,0.0002
2.31,433.33,0.0,-433.325,-433.323,1.01629e-07,-3.49088e-09,9.46689e-08,-3.21281e-09,-3.21281e-09,-3.21281e-09,-3.21281e-09,0.0,0.0002
2.315,433.33,0.0,-433.325,-433.323,1.01629e-07,-3.49088e-09,9.46689e-08,-3.21281e-09,-3.21281e-09,-3.21281e-09,-3.21281e-09,0.0,0.0002
2.32,433.33,0.0,-433.325,-433.323,1.01629e-07,-3.49088e-09,9.46689e-08,-3.21281e-09,-3.21281e-09,-3.21281e-09,-3.21281e-09,0.0,0.0002
2.325,433.33,0.0,-433.325,-433.323,1.01629e-07,-3.49088e-09,9.46689e-08,-3.21281e-09,-3.21281e-09,-3.21281e-09,-3.21281e-09,0.0,0.0002
2.33,433.33,0.0,-433.325,-433.323,1.01629e-07,-3.49088e-09,9.46689e-08,-3.21281e-09,-3.21281e-09,-3.21281e-09,-3.21281e-09,0.0,0.0002
2.335,433.33,0.0,-433.325,-433.323,1.01629e-07,-3.49088e-09,9.46689e-08,-3.21281e-09,-3.21281e-09,-3.21281e-09,-3.21281e-09,0.0,0.0002
2.34,433.33,0.0,-433.325,-433.323,1.01629e-07,-3.49088e-09,9.46689e-08,-3.21281e-09,-3.21281e-09,-3.21281e-09,-3.21281e-09,0.0,0.0002
2.345,433.33,0.0,-433.325,-433.323,1.01629e-07,-3.49088e-09,9.46689e-08,-3.21281e-09,-3.21281e-09,-3.21281e-09,-3.21281e-09,0.0,0.0002
2.35,433.33,0.0,-433.325,-433.323,1.01629e-07,-3.49088e-09,9.46689e-08,-3.21281e-09,-3.21281e-09,-3.21281e-09,-3.21281e-09,0.0,0.0002
2.355,433.33,0.0,-433.325,-433.323,1.01629e-07,-3.49088e-09,9.46689e-08,-3.21281e-09,-3.21281e-09,-3.21281e-09,-3.21281e-09,0.0,0.0002
2.36,433.33,0.0,-433.325,-433.323,1.01629e-07,-3.49088e-09,9.46689e-08,-3.21281e-09,-3.21281e-09,-3.21281e-09,-3.21281e-09,0.0,0.0002
2.365,433.33,0.0,-433.325,-433.323,1.01629e-07,-3.49088e-09,9.46689e-08,-3.21281e-09,-3.21281e-09,-3.21281e-09,-3.21281e-09,0.0,0.0002
2.37,433.33,0.0,-433.325,-433.323,1.01629e-07,-3.49088e-09,9.46689e-08,-3.21281e-09,-3.21281e-09,-3.21281e-09,-3.21281e-09,0.0,0.0002
2.375,433.33,0.0,-433.325,-433.323,1.01629e-07,-3.49088e-09,9.46689e-08,-3.21281e-09,-3.21281e-09,-3.21281e-09,-3.21281e-09,0.0,0.0002
2.38,433.33,0.0,-433.325,-433.323,1.01629e-07,-3.49088e-09,9.46689e-08,-3.21281e-09,-3.21281e-09,-3.21281e-09,-3.21281e-09,0.0,0.0002
2.385,433.33,0.0,-433.325,-433.323,1.01629e-07,-3.49088e-09,9.46689e-08,-3.21281e-09,-3.21281e-09,-3.21281e-09,-3.21281e-09,0.0,0.0002
2.39,433.33,0.0,-433.325,-433.323,1.01629e-07,-3.49088e-09,9.46689e-08,-3.21281e-09,-3.21281e-09,-3.21281e-09,-3.21281e-09,0.0,0.0002
2.395,433.33,0.0,-433.325,-433.323,1.01629e-07,-3.49088e-09,9.46689e-08,-3.21281e-09,-3.21281e-09,-3.21281e-09,-3.21281e-09,0.0,0.0002
2.4,433.33,0.0,-433.325,-433.323,1.01629e-07,-3.49088e-09,9.46689e-08,-3.21281e-09,-3.21281e-09,-3.21281e-09,-3.21281e-09,0.0,0.0002
2.405,433.33,0.0,-433.325,-433.323,1.01629e-07,-3.49088e-09,9.46689e-08,-3.21281e-09,-3.21281e-09,-3.21281e-09,-3.21281e-09,0.0,0.0002
2.41,433.33,0.0,-433.325,-433.323,1.01629e-07,-3.49088e-09,9.46689e-08,-3.21281e-09,-3.21281e-09,-3.21281e-09,-3.21281e-09,0.0,0.0002
2.415,433.33,0.0,-433.325,-433.323,1.01629e-07,-3.49088e-09,9.46689e-08,-3.21281e-09,-3.21281e-09,-3.21281e-09,-3.21281e-09,0.0,0.0002
2.42,433.33,0.0,-433.325,-433.323,1.01629e-07,-3.49088e-09,9.46689e-08,-3.21281e-09,-3.21281e-09,-3.21281e-09,-3.21281e-09,0.0,0.0002
2.425,433.33,0.0,-433.325,-433.323,1.01629e-07,-3.49088e-09,9.46689e-08,-3.21281e-09,-3.21281e-09,-3.21281e-09,-3.21281e-09,0.0,0.0002
2.43,433.33,0.0,-433.325,-433.323,1.01629e-07,-3.49088e-09,9.46689e-08,-3.21281e-09,-3.21281e-09,-3.21281e-09,-3.21281e-09,0.0,0.0002
2.435,433.33,0.0,-433.325,-433.323,1.01629e-07,-3.49088e-09,9.46689e-08,-3.21281e-09,-3.21281e-09,-3.21281e-09,-3.21281e-09,0.0,0.0002
2.44,433.33,0.0,-433.325,-433.323,1.01629e-07,-3.49088e-09,9.46689e-08,-3.21281e-09,-3.21281e-09,-3.21281e-09,-3.21281e-09,0.0,0.0002
2.445,433.33,0.0,-433.325,-433.323,1.01629e-07,-3.49088e-09,9.46689e-08,-3.21281e-09,-3.21281e-09,-3.21281e-09,-3.21281e-09,0.0,0.0002
2.45,433.33,0.0,-433.325,-433.323,1.01629e-07,-3.49088e-09,9.46689e-08,-3.21281e-09,-3.21281e-09,-3.21281e-09,-3.21281e-09,0.0,0.0002
2.455,433.33,0.0,-433.325,-433.323,1.01629e-07,-3.49088e-09,9.46689e-08,-3.21281e-09,-3.21281e-09,-3.21281e-09,-3.21281e-09,0.0,0.0002
2.46,433.33,0.0,-433.325,-433.323,1.01629e-07,-3.49088e-09,9.46689e-08,-3.21281e-09,-3.21281e-09,-3.21281e-09,-3.21281e-09,0.0,0.0002
2.465,433.33,0.0,-433.325,-433.323,1.01629e-07,-3.49088e-09,9.46689e-08,-3.21281e-09,-3.21281e-09,-3.21281e-09,-3.21281e-09,0.0,0.0002
2.47,433.33,0.0,-433.325,-433.323,1.01629e-07,-3.49088e-09,9.46689e-08,-3.21281e-09,-3.21281e-09,-3.21281e-09,-3.21281e-09,0.0,0.0002
2.475,433.33,0.0,-433.325,-433.323,1.01629e-07,-3.49088e-09,9.46689e-08,-3.21281e-09,-3.21281e-09,-3.21281e-09,-3.21281e-09,0.0,0.0002
2.48,433.33,0.0,-433.325,-433.323,1.01629e-07,-3.49088e-09,9.46689e-08,-3.21281e-09,-3.21281e-09,-3.21281e-09,-3.21281e-09,0.0,0.0002
2.485,433.33,0.0,-433.325,-433.323,1.01629e-07,-3.49088e-09,9.46689e-08,-3.21281e-09,-3.21281e-09,-3.21281e-09,-3.21281e-09,0.0,0.0002
2.49,433.33,0.0,-433.325,-433.323,1.01629e-07,-3.49088e-09,9.46689e-08,-3.21281e-09,-3.21281e-09,-3.21281e-09,-3.21281e-09,0.0,0.0002
2.495,433.33,0.0,-433.325,-433.323,1.01629e-07,-3.49088e-09,9.46689e-08,-3.21281e-09,-3.21281e-09,-3.21281e-09,-3.21281e-09,0.0,0.0002
2.5,433.33,0.0,-433.325,-433.323,1.01629e-07,-3.49088e-09,9.46689e-08,-3.21281e-09,-3.21281e-09,-3.21281e-09,-3.21281e-09,0.0,0.0002
2.505,433.33,0.0,-433.325,-433.323,1.01629e-07,-3.49088e-09,9.46689e-08,-3.21281e-09,-3.21281e-09,-3.21281e-09,-3.21281e-09,0.0,0.0002
2.51,433.33,0.0,-433.325,-433.323,1.01629e-07,-3.49088e-09,9.46689e-08,-3.21281e-09,-3.21281e-09,-3.21281e-09,-3.21281e-09,0.0,0.0002
2.515,433.33,0.0,-433.325,-433.323,1.01629e-07,-3.49088e-09,9.46689e-08,-3.21281e-09,-3.21281e-09,-3.21281e-09,-3.21281e-09,0.0,0.0002
2.52,433.33,0.0,-433.325,-433.323,1.01629e-07,-3.49088e-09,9.46689e-08,-3.21281e-09,-3.21281e-09,-3.21281e-09,-3.21281e-09,0.0,0.0002
2.525,433.33,0.0,-433.325,-433.323,1.01629e-07,-3.49088e-09,9.46689e-08,-3.21281e-09,-3.21281e-09,-3.21281e-09,-3.21281e-09,0.0,0.0002
2.53,433.33,0.0,-433.325,-433.323,1.01629e-07,-3.49088e-09,9.46689e-08,-3.21281e-09,-3.21281e-09,-3.21281e-09,-3.21281e-09,0.0,0.0002
2.535,433.33,0.0,-433.325,-433.323,1.01629e-07,-3.49088e-09,9.46689e-08,-3.21281e-09,-3.21281e-09,-3.21281e-09,-3.21281e-09,0.0,0.0002
2.54,433.33,0.0,-433.325,-433.323,1.01629e-07,-3.49088e-09,9.46689e-08,-3.21281e-09,-3.21281e-09,-3.21281e-09,-3.21281e-09,0.0,0.0002
2.545,433.33,0.0,-433.325,-433.323,1.01629e-07,-3.49088e-09,9.46689e-08,-3.21281e-09,-3.21281e-09,-3.21281e-09,-3.21281e-09,0.0,0.0002
2.55,433.33,0.0,-433.325,-433.323,1.01629e-07,-3.49088e-09,9.46689e-08,-3.21281e-09,-3.21281e-09,-3.21281e-09,-3.21281e-09,0.0,0.0002
2.555,433.33,0.0,-433.325,-433.323,1.01629e-07,-3.49088e-09,9.46689e-08,-3.21281e-09,-3.21281e-09,-3.21281e-09,-3.21281e-09,0.0,0.0002
2.56,433.33,0.0,-433.325,-433.323,1.01629e-07,-3.49088e-09,9.46689e-08,-3.21281e-09,-3.21281e-09,-3.21281e-09,-3.21281e-09,0.0,0.0002
2.565,433.33,0.0,-433.325,-433.323,1.01629e-07,-3.49088e-09,9.46689e-08,-3.21281e-09,-3.21281e-09,-3.21281e-09,-3.21281e-09,0.0,0.0002
2.57,433.33,0.0,-433.325,-433.323,1.01629e-07,-3.49088e-09,9.46689e-08,-3.21281e-09,-3.21281e-09,-3.21281e-09,-3.21281e-09,0.0,0.0002
2.575,433.33,0.0,-433.325,-433.323,1.01629e-07,-3.49088e-09,9.46689e-08,-3.21281e-09,-3.21281e-09,-3.21281e-09,-3.21281e-09,0.0,0.0002
2.58,433.33,0.0,-433.325,-433.323,1.01629e-07,-3.49088e-09,9.46689e-08,-3.21281e-09,-3.21281e-09,-3.21281e-09,-3.21281e-09,0.0,0.0002
2.585,433.33,0.0,-433.325,-433.323,1.01629e-07,-3.49088e-09,9.46689e-08,-3.21281e-09,-3.21281e-09,-3.21281e-09,-3.21281e-09,0.0,0.0002
2.59,433.33,0.0,-433.325,-433.323,1.01629e-07,-3.49088e-09,9.46689e-08,-3.21281e-09,-3.21281e-09,-3.21281e-09,-3.21281e-09,0.0,0.0002
2.595,433.33,0.0,-433.325,-433.323,1.01629e-07,-3.49088e-09,9.46689e-08,-3.21281e-09,-3.21281e-09,-3.21281e-09,-3.21281e-09,0.0,0.0002
2.6,433.33,0.0,-433.325,-433.323,1.01629e-07,-3.49088e-09,9.46689e-08,-3.21281e-09,-3.21281e-09,-3.21281e-09,-3.21281e-09,0.0,0.0002
2.605,433.33,0.0,-433.325,-433.323,1.01629e-07,-3.49088e-09,9.46689e-08,-3.21281e-09,-3.21281e-09,-3.21281e-09,-3.21281e-09,0.0,0.0002
2.61,433.33,0.0,-433.325,-433.323,1.01629e-07,-3.49088e-09,9.46689e-08,-3.21281e-09,-3.21281e-09,-3.21281e-09,-3.21281e-09,0.0,0.0002
2.615,433.33,0.0,-433.325,-433.323,1.01629e-07,-3.49088e-09,9.46689e-08,-3.21281e-09,-3.21281e-09,-3.21281e-09,-3.21281e-09,0.0,0.0002
2.62,433.33,0.0,-433.325,-433.323,1.01629e-07,-3.49088e-09,9.46689e-08,-3.21281e-09,-3.21281e-09,-3.21281e-09,-3.21281e-09,0.0,0.0002
2.625,433.33,0.0,-433.325,-433.323,1.01629e-07,-3.49088e-09,9.46689e-08,-3.21281e-09,-3.21281e-09,-3.21281e-09,-3.21281e-09,0.0,0.0002
2.63,433.33,0.0,-433.325,-433.323,1.01629e-07,-3.49088e-09,9.46689e-08,-3.21281e-09,-3.21281e-09,-3.21281e-09,-3.21281e-09,0.0,0.0002
2.635,433.33,0.0,-433.325,-433.323,1.01629e-07,-3.49088e-09,9.46689e-08,-3.21281e-09,-3.21281e-09,-3.21281e-09,-3.21281e-09,0.0,0.0002
2.64,433.33,0.0,-433.325,-433.323,1.01629e-07,-3.49088e-09,9.46689e-08,-3.21281e-09,-3.21281e-09,-3.21281e-09,-3.21281e-09,0.0,0.0002
2.645,433.33,0.0,-433.325,-433.323,1.01629e-07,-3.49088e-09,9.46689e-08,-3.21281e-09,-3.21281e-09,-3.21281e-09,-3.21281e-09,0.0,0.0002
2.65,433.33,0.0,-433.325,-433.323,1.01629e-07,-3.49088e-09,9.46689e-08,-3.21281e-09,-3.21281e-09,-3.21281e-09,-3.21281e-09,0.0,0.0002
2.655,433.33,0.0,-433.325,-433.323,1.01629e-07,-3.49088e-09,9.46689e-08,-3.21281e-09,-3.21281e-09,-3.21281e-09,-3.21281e-09,0.0,0.0002
2.66,433.33,0.0,-433.325,-433.323,1.01629e-07,-3.49088e-09,9.46689e-08,-3.21281e-09,-3.21281e-09,-3.21281e-09,-3.21281e-09,0.0,0.0002
2.665,433.33,0.0,-433.325,-433.323,1.01629e-07,-3.49088e-09,9.46689e-08,-3.21281e-09,-3.21281e-09,-3.21281e-09,-3.21281e-09,0.0,0.0002
2.67,433.33,0.0,-433.325,-433.323,1.01629e-07,-3.49088e-09,9.46689e-08,-3.21281e-09,-3.21281e-09,-3.21281e-09,-3.21281e-09,0.0,0.0002
2.675,433.33,0.0,-433.325,-433.323,1.01629e-07,-3.49088e-09,9.46689e-08,-3.21281e-09,-3.21281e-09,-3.21281e-09,-3.21281e-09,0.0,0.0002
2.68,433.33,0.0,-433.325,-433.323,1.01629e-07,-3.49088e-09,9.46689e-08,-3.21281e-09,-3.21281e-09,-3.21281e-09,-3.21281e-09,0.0,0.0002
2.685,433.33,0.0,-433.325,-433.323,1.01629e-07,-3.49088e-09,9.46689e-08,-3.21281e-09,-3.21281e-09,-3.21281e-09,-3.21281e-09,0.0,0.0002
2.69,433.33,0.0,-433.325,-433.323,1.01629e-07,-3.49088e-09,9.46689e-08,-3.21281e-09,-3.21281e-09,-3.21281e-09,-3.21281e-09,0.0,0.0002
2.695,433.33,0.0,-433.325,-433.323,1.01629e-07,-3.49088e-09,9.46689e-08,-3.21281e-09,-3.21281e-09,-3.21281e-09,-3.21281e-09,0.0,0.0002
2.7,433.33,0.0,-433.325,-433.323,1.01629e-07,-3.49088e-09,9.46689e-08,-3.21281e-09,-3.21281e-09,-3.21281e-09,-3.21281e-09,0.0,0.0002
2.705,433.33,0.0,-433.325,-433.323,1.01629e-07,-3.49088e-09,9.46689e-08,-3.21281e-09,-3.21281e-09,-3.21281e-09,-3.21281e-09,0.0,0.0002
2.71,433.33,0.0,-433.325,-433.323,1.01629e-07,-3.49088e-09,9.46689e-08,-3.21281e-09,-3.21281e-09,-3.21281e-09,-3.21281e-09,0.0,0.0002
2.715,433.33,0.0,-433.325,-433.323,1.01629e-07,-3.49088e-09,9.46689e-08,-3.21281e-09,-3.21281e-09,-3.21281e-09,-3.21281e-09,0.0,0.0002
2.72,433.33,0.0,-433.325,-433.323,1.01629e-07,-3.49088e-09,9.46689e-08,-3.21281e-09,-3.21281e-09,-3.21281e-09,-3.21281e-09,0.0,0.0002
2.725,433.33,0.0,-433.325,-433.323,1.01629e-07,-3.49088e-09,9.46689e-08,-3.21281e-09,-3.21281e-09,-3.21281e-09,-3.21281e-09,0.0,0.0002
2.73,433.33,0.0,-433.325,-433.323,1.01629e-07,-3.49088e-09,9.46689e-08,-3.21281e-09,-3.21281e-09,-3.21281e-09,-3.21281e-09,0.0,0.0002
2.735,433.33,0.0,-433.325,-433.323,1.01629e-07,-3.49088e-09,9.46689e-08,-3.21281e-09,-3.21281e-09,-3.21281e-09,-3.21281e-09,0.0,0.0002
2.74,433.33,0.0,-433.325,-433.323,1.01629e-07,-3.49088e-09,9.46689e-08,-3.21281e-09,-3.21281e-09,-3.21281e-09,-3.21281e-09,0.0,0.0002
2.745,433.33,0.0,-433.325,-433.323,1.01629e-07,-3.49088e-09,9.46689e-08,-3.21281e-09,-3.21281e-09,-3.21281e-09,-3.21281e-09,0.0,0.0002
2.75,433.33,0.0,-433.325,-433.323,1.01629e-07,-3.49088e-09,9.46689e-08,-3.21281e-09,-3.21281e-09,-3.21281e-09,-3.21281e-09,0.0,0.0002
2.755,433.33,0.0,-433.325,-433.323,1.01629e-07,-3.49088e-09,9.46689e-08,-3.21281e-09,-3.21281e-09,-3.21281e-09,-3.21281e-09,0.0,0.0002
2.76,433.33,0.0,-433.325,-433.323,1.01629e-07,-3.49088e-09,9.46689e-08,-3.21281e-09,-3.21281e-09,-3.21281e-09,-3.21281e-09,0.0,0.0002
2.765,433.33,0.0,-433.325,-433.323,1.01629e-07,-3.49088e-09,9.46689e-08,-3.21281e-09,-3.21281e-09,-3.21281e-09,-3.21281e-09,0.0,0.0002
2.77,433.33,0.0,-433.325,-433.323,1.01629e-07,-3.49088e-09,9.46689e-08,-3.21281e-09,-3.21281e-09,-3.21281e-09,-3.21281e-09,0.0,0.0002
2.775,433.33,0.0,-433.325,-433.323,1.01629e-07,-3.49088e-09,9.46689e-08,-3.21281e-09,-3.21281e-09,-3.21281e-09,-3.21281e-09,0.0,0.0002
2.78,433.33,0.0,-433.325,-433.323,1.01629e-07,-3.49088e-09,9.46689e-08,-3.21281e-09,-3.21281e-09,-3.21281e-09,-3.21281e-09,0.0,0.0002
2.785,433.33,0.0,-433.325,-433.323,1.01629e-07,-3.49088e-09,9.46689e-08,-3.21281e-09,-3.21281e-09,-3.21281e-09,-3.21281e-09,0.0,0.0002
2.79,433.33,0.0,-433.325,-433.323,1.01629e-07,-3.49088e-09,9.46689e-08,-3.21281e-09,-3.21281e-09,-3.21281e-09,-3.21281e-09,0.0,0.0002
2.795,433.33,0.0,-433.325,-433.323,1.01629e-07,-3.49088e-09,9.46689e-08,-3.21281e-09,-3.21281e-09,-3.21281e-09,-3.21281e-09,0.0,0.0002
2.8,433.33,0.0,-433.325,-433.323,1.01629e-07,-3.49088e-09,9.46689e-08,-3.21281e-09,-3.21281e-09,-3.21281e-09,-3.21281e-09,0.0,0.0002
2.805,433.33,0.0,-433.325,-433.323,1.01629e-07,-3.49088e-09,9.46689e-08,-3.21281e-09,-3.21281e-09,-3.21281e-09,-3.21281e-09,0.0,0.0002
2.81,433.33,0.0,-433.325,-433.323,1.01629e-07,-3.49088e-09,9.46689e-08,-3.21281e-09,-3.21281e-09,-3.21281e-09,-3.21281e-09,0.0,0.0002
2.815,433.33,0.0,-433.325,-433.323,1.01629e-07,-3.49088e-09,9.46689e-08,-3.21281e-09,-3.21281e-09,-3.21281e-09,-3.21281e-09,0.0,0.0002
2.82,433.33,0.0,-433.325,-433.323,1.01629e-07,-3.49088e-09,9.46689e-08,-3.21281e-09,-3.21281e-09,-3.21281e-09,-3.21281e-09,0.0,0.0002
2.825,433.33,0.0,-433.325,-433.323,1.01629e-07,-3.49088e-09,9.46689e-08,-3.21281e-09,-3.21281e-09,-3.21281e-09,-3.21281e-09,0.0,0.0002
2.83,433.33,0.0,-433.325,-433.323,1.01629e-07,-3.49088e-09,9.46689e-08,-3.21281e-09,-3.21281e-09,-3.21281e-09,-3.21281e-09,0.0,0.0002
2.835,433.33,0.0,-433.325,-433.323,1.01629e-07,-3.49088e-09,9.46689e-08,-3.21281e-09,-3.21281e-09,-3.21281e-09,-3.21281e-09,0.0,0.0002
2.84,433.33,0.0,-433.325,-433.323,1.01629e-07,-3.49088e-09,9.46689e-08,-3.21281e-09,-3.21281e-09,-3.21281e-09,-3.21281e-09,0.0,0.0002
2.845,433.33,0.0,-433.325,-433.323,1.01629e-07,-3.49088e-09,9.46689e-08,-3.21281e-09,-3.21281e-09,-3.21281e-09,-3.21281e-09,0.0,0.0002
2.85,433.33,0.0,-433.325,-433.323,1.01629e-07,-3.49088e-09,9.46689e-08,-3.21281e-09,-3.21281e-09,-3.21281e-09,-3.21281e-09,0.0,0.0002
2.855,433.33,0.0,-433.325,-433.323,1.01629e-07,-3.49088e-09,9.46689e-08,-3.21281e-09,-3.21281e-09,-3.21281e-09,-3.21281e-09,0.0,0.0002
2.86,433.33,0.0,-433.325,-433.323,1.01629e-07,-3.49088e-09,9.46689e-08,-3.21281e-09,-3.21281e-09,-3.21281e-09,-3.21281e-09,0.0,0.0002
2.865,433.33,0.0,-433.325,-433.323,1.01629e-07,-3.49088e-09,9.46689e-08,-3.21281e-09,-3.21281e-09,-3.21281e-09,-3.21281e-09,0.0,0.0002
2.87,433.33,0.0,-433.325,-433.323,1.01629e-07,-3.49088e-09,9.46689e-08,-3.21281e-09,-3.21281e-09,-3.21281e-09,-3.21281e-09,0.0,0.0002
2.875,433.33,0.0,-433.325,-433.323,1.01629e-07,-3.49088e-09,9.46689e-08,-3.21281e-09,-3.21281e-09,-3.21281e-09,-3.21281e-09,0.0,0.0002
2.88,433.33,0.0,-433.325,-433.323,1.01629e-07,-3.49088e-09,9.46689e-08,-3.21281e-09,-3.21281e-09,-3.21281e-09,-3.21281e-09,0.0,0.0002
2.885,433.33,0.0,-433.325,-433.323,1.01629e-07,-3.49088e-09,9.46689e-08,-3.21281e-09,-3.21281e-09,-3.21281e-09,-3.21281e-09,0.0,0.0002
2.89,433.33,0.0,-433.325,-433.323,1.01629e-07,-3.49088e-09,9.46689e-08,-3.21281e-09,-3.21281e-09,-3.21281e-09,-3.21281e-09,0.0,0.0002
2.895,433.33,0.0,-433.325,-433.323,1.01629e-07,-3.49088e-09,9.46689e-08,-3.21281e-09,-3.21281e-09,-3.21281e-09,-3.21281e-09,0.0,0.0002
2.9,433.33,0.0,-433.325,-433.323,1.01629e-07,-3.49088e-09,9.46689e-08,-3.21281e-09,-3.21281e-09,-3.21281e-09,-3.21281e-09,0.0,0.0002
2.905,433.33,0.0,-433.325,-433.323,1.01629e-07,-3.49088e-09,9.46689e-08,-3.21281e-09,-3.21281e-09,-3.21281e-09,-3.21281e-09,0.0,0.0002
2.91,433.33,0.0,-433.325,-433.323,1.01629e-07,-3.49088e-09,9.46689e-08,-3.21281e-09,-3.21281e-09,-3.21281e-09,-3.21281e-09,0.0,0.0002
2.915,433.33,0.0,-433.325,-433.323,1.01629e-07,-3.49088e-09,9.46689e-08,-3.21281e-09,-3.21281e-09,-3.21281e-09,-3.21281e-09,0.0,0.0002
2.92,433.33,0.0,-433.325,-433.323,1.01629e-07,-3.49088e-09,9.46689e-08,-3.21281e-09,-3.21281e-09,-3.21281e-09,-3.21281e-09,0.0,0.0002
2.925,433.33,0.0,-433.325,-433.323,1.01629e-07,-3.49088e-09,9.46689e-08,-3.21281e-09,-3.21281e-09,-3.21281e-09,-3.21281e-09,0.0,0.0002
2.93,433.33,0.0,-433.325,-433.323,1.01629e-07,-3.49088e-09,9.46689e-08,-3.21281e-09,-3.21281e-09,-3.21281e-09,-3.21281e-09,0.0,0.0002
2.935,433.33,0.0,-433.325,-433.323,1.01629e-07,-3.49088e-09,9.46689e-08,-3.21281e-09,-3.21281e-09,-3.21281e-09,-3.21281e-09,0.0,0.0002
2.94,433.33,0.0,-433.325,-433.323,1.01629e-07,-3.49088e-09,9.46689e-08,-3.21281e-09,-3.21281e-09,-3.21281e-09,-3.21281e-09,0.0,0.0002
2.945,433.33,0.0,-433.325,-433.323,1.01629e-07,-3.49088e-09,9.46689e-08,-3.21281e-09,-3.21281e-09,-3.21281e-09,-3.21281e-09,0.0,0.0002
2.95,433.33,0.0,-433.325,-433.323,1.01629e-07,-3.49088e-09,9.46689e-08,-3.21281e-09,-3.21281e-09,-3.21281e-09,-3.21281e-09,0.0,0.0002
2.955,433.33,0.0,-433.325,-433.323,1.01629e-07,-3.49088e-09,9.46689e-08,-3.21281e-09,-3.21281e-09,-3.21281e-09,-3.21281e-09,0.0,0.0002
2.96,433.33,0.0,-433.325,-433.323,1.01629e-07,-3.49088e-09,9.46689e-08,-3.21281e-09,-3.21281e-09,-3.21281e-09,-3.21281e-09,0.0,0.0002
2.965,433.33,0.0,-433.325,-433.323,1.01629e-07,-3.49088e-09,9.46689e-08,-3.21281e-09,-3.21281e-09,-3.21281e-09,-3.21281e-09,0.0,0.0002
2.97,433.33,0.0,-433.325,-433.323,1.01629e-07,-3.49088e-09,9.46689e-08,-3.21281e-09,-3.21281e-09,-3.21281e-09,-3.21281e-09,0.0,0.0002
2.975,433.33,0.0,-433.325,-433.323,1.01629e-07,-3.49088e-09,9.46689e-08,-3.21281e-09,-3.21281e-09,-3.21281e-09,-3.21281e-09,0.0,0.0002
2.98,433.33,0.0,-433.325,-433.323,1.01629e-07,-3.49088e-09,9.46689e-08,-3.21281e-09,-3.21281e-09,-3.21281e-09,-3.21281e-09,0.0,0.0002
2.985,433.33,0.0,-433.325,-433.323,1.01629e-07,-3.49088e-09,9.46689e-08,-3.21281e-09,-3.21281e-09,-3.21281e-09,-3.21281e-09,0.0,0.0002
2.99,433.33,0.0,-433.325,-433.323,1.01629e-07,-3.49088e-09,9.46689e-08,-3.21281e-09,-3.21281e-09,-3.21281e-09,-3.21281e-09,0.0,0.0002
2.995,433.33,0.0,-433.325,-433.323,1.01629e-07,-3.49088e-09,9.46689e-08,-3.21281e-09,-3.21281e-09,-3.21281e-09,-3.21281e-09,0.0,0.0002
3.0,433.33,0.0,-433.325,-433.323,1.01629e-07,-3.49088e-09,9.46689e-08,-3.21281e-09,-3.21281e-09,-3.21281e-09,-3.21281e-09,0.0,0.0002
3.005,433.33,0.0,-433.325,-433.323,1.01629e-07,-3.49088e-09,9.46689e-08,-3.21281e-09,-3.21281e-09,-3.21281e-09,-3.21281e-09,0.0,0.0002
3.01,433.33,0.0,-433.325,-433.323,1.01629e-07,-3.49088e-09,9.46689e-08,-3.21281e-09,-3.21281e-09,-3.21281e-09,-3.21281e-09,0.0,0.0002
3.015,433.33,0.0,-433.325,-433.323,1.01629e-07,-3.49088e-09,9.46689e-08,-3.21281e-09,-3.21281e-09,-3.21281e-09,-3.21281e-09,0.0,0.0002
3.02,433.33,0.0,-433.325,-433.323,1.01629e-07,-3.49088e-09,9.46689e-08,-3.21281e-09,-3.21281e-09,-3.21281e-09,-3.21281e-09,0.0,0.0002
3.025,433.33,0.0,-433.325,-433.323,1.01629e-07,-3.49088e-09,9.46689e-08,-3.21281e-09,-3.21281e-09,-3.21281e-09,-3.21281e-09,0.0,0.0002
3.03,433.33,0.0,-433.325,-433.323,1.01629e-07,-3.49088e-09,9.46689e-08,-3.21281e-09,-3.21281e-09,-3.21281e-09,-3.21281e-09,0.0,0.0002
3.035,433.33,0.0,-433.325,-433.323,1.01629e-07,-3.49088e-09,9.46689e-08,-3.21281e-09,-3.21281e-09,-3.21281e-09,-3.21281e-09,0.0,0.0002
3.04,433.33,0.0,-433.325,-433.323,1.01629e-07,-3.49088e-09,9.46689e-08,-3.21281e-09,-3.21281e-09,-3.21281e-09,-3.21281e-09,0.0,0.0002
3.045,433.33,0.0,-433.325,-433.323,1.01629e-07,-3.49088e-09,9.46689e-08,-3.21281e-09,-3.21281e-09,-3.21281e-09,-3.21281e-09,0.0,0.0002
3.05,433.33,0.0,-433.325,-433.323,1.01629e-07,-3.49088e-09,9.46689e-08,-3.21281e-09,-3.21281e-09,-3.21281e-09,-3.21281e-09,0.0,0.0002
3.055,433.33,0.0,-433.325,-433.323,1.01629e-07,-3.49088e-09,9.46689e-08,-3.21281e-09,-3.21281e-09,-3.21281e-09,-3.21281e-09,0.0,0.0002
3.06,433.33,0.0,-433.325,-433.323,1.01629e-07,-3.49088e-09,9.46689e-08,-3.21281e-09,-3.21281e-09,-3.21281e-09,-3.21281e-09,0.0,0.0002
3.065,433.33,0.0,-433.325,-433.323,1.01629e-07,-3.49088e-09,9.46689e-08,-3.21281e-09,-3.21281e-09,-3.21281e-09,-3.21281e-09,0.0,0.0002
3.07,433.33,0.0,-433.325,-433.323,1.01629e-07,-3.49088e-09,9.46689e-08,-3.21281e-09,-3.21281e-09,-3.21281e-09,-3.21281e-09,0.0,0.0002
3.075,433.33,0.0,-433.325,-433.323,1.01629e-07,-3.49088e-09,9.46689e-08,-3.21281e-09,-3.21281e-09,-3.21281e-09,-3.21281e-09,0.0,0.0002
3.08,433.33,0.0,-433.325,-433.323,1.01629e-07,-3.49088e-09,9.46689e-08,-3.21281e-09,-3.21281e-09,-3.21281e-09,-3.21281e-09,0.0,0.0002
3.085,433.33,0.0,-433.325,-433.323,1.01629e-07,-3.49088e-09,9.46689e-08,-3.21281e-09,-3.21281e-09,-3.21281e-09,-3.21281e-09,0.0,0.0002
3.09,433.33,0.0,-433.325,-433.323,1.01629e-07,-3.49088e-09,9.46689e-08,-3.21281e-09,-3.21281e-09,-3.21281e-09,-3.21281e-09,0.0,0.0002
3.095,433.33,0.0,-433.325,-433.323,1.01629e-07,-3.49088e-09,9.46689e-08,-3.21281e-09,-3.21281e-09,-3.21281e-09,-3.21281e-09,0.0,0.0002
3.1,433.33,0.0,-433.325,-433.323,1.01629e-07,-3.49088e-09,9.46689e-08,-3.21281e-09,-3.21281e-09,-3.21281e-09,-3.21281e-09,0.0,0.0002
3.105,433.33,0.0,-433.325,-433.323,1.01629e-07,-3.49088e-09,9.46689e-08,-3.21281e-09,-3.21281e-09,-3.21281e-09,-3.21281e-09,0.0,0.0002
3.11,433.33,0.0,-433.325,-433.323,1.01629e-07,-3.49088e-09,9.46689e-08,-3.21281e-09,-3.21281e-09,-3.21281e-09,-3.21281e-09,0.0,0.0002
3.115,433.33,0.0,-433.325,-433.323,1.01629e-07,-3.49088e-09,9.46689e-08,-3.21281e-09,-3.21281e-09,-3.21281e-09,-3.21281e-09,0.0,0.0002
3.12,433.33,0.0,-433.325,-433.323,1.01629e-07,-3.49088e-09,9.46689e-08,-3.21281e-09,-3.21281e-09,-3.21281e-09,-3.21281e-09,0.0,0.0002
3.125,433.33,0.0,-433.325,-433.323,1.01629e-07,-3.49088e-09,9.46689e-08,-3.21281e-09,-3.21281e-09,-3.21281e-09,-3.21281e-09,0.0,0.0002
3.13,433.33,0.0,-433.325,-433.323,1.01629e-07,-3.49088e-09,9.46689e-08,-3.21281e-09,-3.21281e-09,-3.21281e-09,-3.21281e-09,0.0,0.0002
3.135,433.33,0.0,-433.325,-433.323,1.01629e-07,-3.49088e-09,9.46689e-08,-3.21281e-09,-3.21281e-09,-3.21281e-09,-3.21281e-09,0.0,0.0002
3.14,433.33,0.0,-433.325,-433.323,1.01629e-07,-3.49088e-09,9.46689e-08,-3.21281e-09,-3.21281e-09,-3.21281e-09,-3.21281e-09,0.0,0.0002
3.145,433.33,0.0,-433.325,-433.323,1.01629e-07,-3.49088e-09,9.46689e-08,-3.21281e-09,-3.21281e-09,-3.21281e-09,-3.21281e-09,0.0,0.0002
3.15,433.33,0.0,-433.325,-433.323,1.01629e-07,-3.49088e-09,9.46689e-08,-3.21281e-09,-3.21281e-09,-3.21281e-09,-3.21281e-09,0.0,0.0002
3.155,433.33,0.0,-433.325,-433.323,1.01629e-07,-3.49088e-09,9.46689e-08,-3.21281e-09,-3.21281e-09,-3.21281e-09,-3.21281e-09,0.0,0.0002
3.16,433.33,0.0,-433.325,-433.323,1.01629e-07,-3.49088e-09,9.46689e-08,-3.21281e-09,-3.21281e-09,-3.21281e-09,-3.21281e-09,0.0,0.0002
3.165,433.33,0.0,-433.325,-433.323,1.01629e-07,-3.49088e-09,9.46689e-08,-3.21281e-09,-3.21281e-09,-3.21281e-09,-3.21281e-09,0.0,0.0002
3.17,433.33,0.0,-433.325,-433.323,1.01629e-07,-3.49088e-09,9.46689e-08,-3.21281e-09,-3.21281e-09,-3.21281e-09,-3.21281e-09,0.0,0.0002
3.175,433.33,0.0,-433.325,-433.323,1.01629e-07,-3.49088e-09,9.46689e-08,-3.21281e-09,-3.21281e-09,-3.21281e-09,-3.21281e-09,0.0,0.0002
3.18,433.33,0.0,-433.325,-433.323,1.01629e-07,-3.49088e-09,9.46689e-08,-3.21281e-09,-3.21281e-09,-3.21281e-09,-3.21281e-09,0.0,0.0002
3.185,433.33,0.0,-433.325,-433.323,1.01629e-07,-3.49088e-09,9.46689e-08,-3.21281e-09,-3.21281e-09,-3.21281e-09,-3.21281e-09,0.0,0.0002
3.19,433.33,0.0,-433.325,-433.323,1.01629e-07,-3.49088e-09,9.46689e-08,-3.21281e-09,-3.21281e-09,-3.21281e-09,-3.21281e-09,0.0,0.0002
3.195,433.33,0.0,-433.325,-433.323,1.01629e-07,-3.49088e-09,9.46689e-08,-3.21281e-09,-3.21281e-09,-3.21281e-09,-3.21281e-09,0.0,0.0002
3.2,433.33,0.0,-433.325,-433.323,1.01629e-07,-3.49088e-09,9.46689e-08,-3.21281e-09,-3.21281e-09,-3.21281e-09,-3.21281e-09,0.0,0.0002
3.205,433.33,0.0,-433.325,-433.323,1.01629e-07,-3.49088e-09,9.46689e-08,-3.21281e-09,-3.21281e-09,-3.21281e-09,-3.21281e-09,0.0,0.0002
3.21,433.33,0.0,-433.325,-433.323,1.01629e-07,-3.49088e-09,9.46689e-08,-3.21281e-09,-3.21281e-09,-3.21281e-09,-3.21281e-09,0.0,0.0002
3.215,433.33,0.0,-433.325,-433.323,1.01629e-07,-3.49088e-09,9.46689e-08,-3.21281e-09,-3.21281e-09,-3.21281e-09,-3.21281e-09,0.0,0.0002
3.22,433.33,0.0,-433.325,-433.323,1.01629e-07,-3.49088e-09,9.46689e-08,-3.21281e-09,-3.21281e-09,-3.21281e-09,-3.21281e-09,0.0,0.0002
3.225,433.33,0.0,-433.325,-433.323,1.01629e-07,-3.49088e-09,9.46689e-08,-3.21281e-09,-3.21281e-09,-3.21281e-09,-3.21281e-09,0.0,0.0002
3.23,433.33,0.0,-433.325,-433.323,1.01629e-07,-3.49088e-09,9.46689e-08,-3.21281e-09,-3.21281e-09,-3.21281e-09,-3.21281e-09,0.0,0.0002
3.235,433.33,0.0,-433.325,-433.323,1.01629e-07,-3.49088e-09,9.46689e-08,-3.21281e-09,-3.21281e-09,-3.21281e-09,-3.21281e-09,0.0,0.0002
3.24,433.33,0.0,-433.325,-433.323,1.01629e-07,-3.49088e-09,9.46689e-08,-3.21281e-09,-3.21281e-09,-3.21281e-09,-3.21281e-09,0.0,0.0002
3.245,433.33,0.0,-433.325,-433.323,1.01629e-07,-3.49088e-09,9.46689e-08,-3.21281e-09,-3.21281e-09,-3.21281e-09,-3.21281e-09,0.0,0.0002
3.25,433.33,0.0,-433.325,-433.323,1.01629e-07,-3.49088e-09,9.46689e-08,-3.21281e-09,-3.21281e-09,-3.21281e-09,-3.21281e-09,0.0,0.0002
3.255,433.33,0.0,-433.325,-433.323,1.01629e-07,-3.49088e-09,9.46689e-08,-3.21281e-09,-3.21281e-09,-3.21281e-09,-3.21281e-09,0.0,0.0002
3.26,433.33,0.0,-433.325,-433.323,1.01629e-07,-3.49088e-09,9.46689e-08,-3.21281e-09,-3.21281e-09,-3.21281e-09,-3.21281e-09,0.0,0.0002
3.265,433.33,0.0,-433.325,-433.323,1.01629e-07,-3.49088e-09,9.46689e-08,-3.21281e-09,-3.21281e-09,-3.21281e-09,-3.21281e-09,0.0,0.0002
3.27,433.33,0.0,-433.325,-433.323,1.01629e-07,-3.49088e-09,9.46689e-08,-3.21281e-09,-3.21281e-09,-3.21281e-09,-3.21281e-09,0.0,0.0002
3.275,433.33,0.0,-433.325,-433.323,1.01629e-07,-3.49088e-09,9.46689e-08,-3.21281e-09,-3.21281e-09,-3.21281e-09,-3.21281e-09,0.0,0.0002
3.28,433.33,0.0,-433.325,-433.323,1.01629e-07,-3.49088e-09,9.46689e-08,-3.21281e-09,-3.21281e-09,-3.21281e-09,-3.21281e-09,0.0,0.0002
3.285,433.33,0.0,-433.325,-433.323,1.01629e-07,-3.49088e-09,9.46689e-08,-3.21281e-09,-3.21281e-09,-3.21281e-09,-3.21281e-09,0.0,0.0002
3.29,433.33,0.0,-433.325,-433.323,1.01629e-07,-3.49088e-09,9.46689e-08,-3.21281e-09,-3.21281e-09,-3.21281e-09,-3.21281e-09,0.0,0.0002
3.295,433.33,0.0,-433.325,-433.323,1.01629e-07,-3.49088e-09,9.46689e-08,-3.21281e-09,-3.21281e-09,-3.21281e-09,-3.21281e-09,0.0,0.0002
3.3,433.33,0.0,-433.325,-433.323,1.01629e-07,-3.49088e-09,9.46689e-08,-3.21281e-09,-3.21281e-09,-3.21281e-09,-3.21281e-09,0.0,0.0002
3.305,433.33,0.0,-433.325,-433.323,1.01629e-07,-3.49088e-09,9.46689e-08,-3.21281e-09,-3.21281e-09,-3.21281e-09,-3.21281e-09,0.0,0.0002
3.31,433.33,0.0,-433.325,-433.323,1.01629e-07,-3.49088e-09,9.46689e-08,-3.21281e-09,-3.21281e-09,-3.21281e-09,-3.21281e-09,0.0,0.0002
3.315,433.33,0.0,-433.325,-433.323,1.01629e-07,-3.49088e-09,9.46689e-08,-3.21281e-09,-3.21281e-09,-3.21281e-09,-3.21281e-09,0.0,0.0002
3.32,433.33,0.0,-433.325,-433.323,1.01629e-07,-3.49088e-09,9.46689e-08,-3.21281e-09,-3.21281e-09,-3.21281e-09,-3.21281e-09,0.0,0.0002
3.325,433.33,0.0,-433.325,-433.323,1.01629e-07,-3.49088e-09,9.46689e-08,-3.21281e-09,-3.21281e-09,-3.21281e-09,-3.21281e-09,0.0,0.0002
3.33,433.33,0.0,-433.325,-433.323,1.01629e-07,-3.49088e-09,9.46689e-08,-3.21281e-09,-3.21281e-09,-3.21281e-09,-3.21281e-09,0.0,0.0002
3.335,433.33,0.0,-433.325,-433.323,1.01629e-07,-3.49088e-09,9.46689e-08,-3.21281e-09,-3.21281e-09,-3.21281e-09,-3.21281e-09,0.0,0.0002
3.34,433.33,0.0,-433.325,-433.323,1.01629e-07,-3.49088e-09,9.46689e-08,-3.21281e-09,-3.21281e-09,-3.21281e-09,-3.21281e-09,0.0,0.0002
3.345,433.33,0.0,-433.325,-433.323,1.01629e-07,-3.49088e-09,9.46689e-08,-3.21281e-09,-3.21281e-09,-3.21281e-09,-3.21281e-09,0.0,0.0002
3.35,433.33,0.0,-433.325,-433.323,1.01629e-07,-3.49088e-09,9.46689e-08,-3.21281e-09,-3.21281e-09,-3.21281e-09,-3.21281e-09,0.0,0.0002
3.355,433.33,0.0,-433.325,-433.323,1.01629e-07,-3.49088e-09,9.46689e-08,-3.21281e-09,-3.21281e-09,-3.21281e-09,-3.21281e-09,0.0,0.0002
3.36,433.33,0.0,-433.325,-433.323,1.01629e-07,-3.49088e-09,9.46689e-08,-3.21281e-09,-3.21281e-09,-3.21281e-09,-3.21281e-09,0.0,0.0002
3.365,433.33,0.0,-433.325,-433.323,1.01629e-07,-3.49088e-09,9.46689e-08,-3.21281e-09,-3.21281e-09,-3.21281e-09,-3.21281e-09,0.0,0.0002
3.37,433.33,0.0,-433.325,-433.323,1.01629e-07,-3.49088e-09,9.46689e-08,-3.21281e-09,-3.21281e-09,-3.21281e-09,-3.21281e-09,0.0,0.0002
3.375,433.33,0.0,-433.325,-433.323,1.01629e-07,-3.49088e-09,9.46689e-08,-3.21281e-09,-3.21281e-09,-3.21281e-09,-3.21281e-09,0.0,0.0002
3.38,433.33,0.0,-433.325,-433.323,1.01629e-07,-3.49088e-09,9.46689e-08,-3.21281e-09,-3.21281e-09,-3.21281e-09,-3.21281e-09,0.0,0.0002
3.385,433.33,0.0,-433.325,-433.323,1.01629e-07,-3.49088e-09,9.46689e-08,-3.21281e-09,-3.21281e-09,-3.21281e-09,-3.21281e-09,0.0,0.0002
3.39,433.33,0.0,-433.325,-433.323,1.01629e-07,-3.49088e-09,9.46689e-08,-3.21281e-09,-3.21281e-09,-3.21281e-09,-3.21281e-09,0.0,0.0002
3.395,433.33,0.0,-433.325,-433.323,1.01629e-07,-3.49088e-09,9.46689e-08,-3.21281e-09,-3.21281e-09,-3.21281e-09,-3.21281e-09,0.0,0.0002
3.4,433.33,0.0,-433.325,-433.323,1.01629e-07,-3.49088e-09,9.46689e-08,-3.21281e-09,-3.21281e-09,-3.21281e-09,-3.21281e-09,0.0,0.0002
3.405,433.33,0.0,-433.325,-433.323,1.01629e-07,-3.49088e-09,9.46689e-08,-3.21281e-09,-3.21281e-09,-3.21281e-09,-3.21281e-09,0.0,0.0002
3.41,433.33,0.0,-433.325,-433.323,1.01629e-07,-3.49088e-09,9.46689e-08,-3.21281e-09,-3.21281e-09,-3.21281e-09,-3.21281e-09,0.0,0.0002
3.415,433.33,0.0,-433.325,-433.323,1.01629e-07,-3.49088e-09,9.46689e-08,-3.21281e-09,-3.21281e-09,-3.21281e-09,-3.21281e-09,0.0,0.0002
3.42,433.33,0.0,-433.325,-433.323,1.01629e-07,-3.49088e-09,9.46689e-08,-3.21281e-09,-3.21281e-09,-3.21281e-09,-3.21281e-09,0.0,0.0002
3.425,433.33,0.0,-433.325,-433.323,1.01629e-07,-3.49088e-09,9.46689e-08,-3.21281e-09,-3.21281e-09,-3.21281e-09,-3.21281e-09,0.0,0.0002
3.43,433.33,0.0,-433.325,-433.323,1.01629e-07,-3.49088e-09,9.46689e-08,-3.21281e-09,-3.21281e-09,-3.21281e-09,-3.21281e-09,0.0,0.0002
3.435,433.33,0.0,-433.325,-433.323,1.01629e-07,-3.49088e-09,9.46689e-08,-3.21281e-09,-3.21281e-09,-3.21281e-09,-3.21281e-09,0.0,0.0002
3.44,433.33,0.0,-433.325,-433.323,1.01629e-07,-3.49088e-09,9.46689e-08,-3.21281e-09,-3.21281e-09,-3.21281e-09,-3.21281e-09,0.0,0.0002
3.445,433.33,0.0,-433.325,-433.323,1.01629e-07,-3.49088e-09,9.46689e-08,-3.21281e-09,-3.21281e-09,-3.21281e-09,-3.21281e-09,0.0,0.0002
3.45,433.33,0.0,-433.325,-433.323,1.01629e-07,-3.49088e-09,9.46689e-08,-3.21281e-09,-3.21281e-09,-3.21281e-09,-3.21281e-09,0.0,0.0002
3.455,433.33,0.0,-433.325,-433.323,1.01629e-07,-3.49088e-09,9.46689e-08,-3.21281e-09,-3.21281e-09,-3.21281e-09,-3.21281e-09,0.0,0.0002
3.46,433.33,0.0,-433.325,-433.323,1.01629e-07,-3.49088e-09,9.46689e-08,-3.21281e-09,-3.21281e-09,-3.21281e-09,-3.21281e-09,0.0,0.0002
3.465,433.33,0.0,-433.325,-433.323,1.01629e-07,-3.49088e-09,9.46689e-08,-3.21281e-09,-3.21281e-09,-3.21281e-09,-3.21281e-09,0.0,0.0002
3.47,433.33,0.0,-433.325,-433.323,1.01629e-07,-3.49088e-09,9.46689e-08,-3.21281e-09,-3.21281e-09,-3.21281e-09,-3.21281e-09,0.0,0.0002
3.475,433.33,0.0,-433.325,-433.323,1.01629e-07,-3.49088e-09,9.46689e-08,-3.21281e-09,-3.21281e-09,-3.21281e-09,-3.21281e-09,0.0,0.0002
3.48,433.33,0.0,-433.325,-433.323,1.01629e-07,-3.49088e-09,9.46689e-08,-3.21281e-09,-3.21281e-09,-3.21281e-09,-3.21281e-09,0.0,0.0002
3.485,433.33,0.0,-433.325,-433.323,1.01629e-07,-3.49088e-09,9.46689e-08,-3.21281e-09,-3.21281e-09,-3.21281e-09,-3.21281e-09,0.0,0.0002
3.49,433.33,0.0,-433.325,-433.323,1.01629e-07,-3.49088e-09,9.46689e-08,-3.21281e-09,-3.21281e-09,-3.21281e-09,-3.21281e-09,0.0,0.0002
3.495,433.33,0.0,-433.325,-433.323,1.01629e-07,-3.49088e-09,9.46689e-08,-3.21281e-09,-3.21281e-09,-3.21281e-09,-3.21281e-09,0.0,0.0002
3.5,433.33,0.0,-433.325,-433.323,1.01629e-07,-3.49088e-09,9.46689e-08,-3.21281e-09,-3.21281e-09,-3.21281e-09,-3.21281e-09,0.0,0.0002
3.505,433.33,0.0,-433.325,-433.323,1.01629e-07,-3.49088e-09,9.46689e-08,-3.21281e-09,-3.21281e-09,-3.21281e-09,-3.21281e-09,0.0,0.0002
3.51,433.33,0.0,-433.325,-433.323,1.01629e-07,-3.49088e-09,9.46689e-08,-3.21281e-09,-3.21281e-09,-3.21281e-09,-3.21281e-09,0.0,0.0002
3.515,433.33,0.0,-433.325,-433.323,1.01629e-07,-3.49088e-09,9.46689e-08,-3.21281e-09,-3.21281e-09,-3.21281e-09,-3.21281e-09,0.0,0.0002
3.52,433.33,0.0,-433.325,-433.323,1.01629e-07,-3.49088e-09,9.46689e-08,-3.21281e-09,-3.21281e-09,-3.21281e-09,-3.21281e-09,0.0,0.0002
3.525,433.33,0.0,-433.325,-433.323,1.01629e-07,-3.49088e-09,9.46689e-08,-3.21281e-09,-3.21281e-09,-3.21281e-09,-3.21281e-09,0.0,0.0002
3.53,433.33,0.0,-433.325,-433.323,1.01629e-07,-3.49088e-09,9.46689e-08,-3.21281e-09,-3.21281e-09,-3.21281e-09,-3.21281e-09,0.0,0.0002
3.535,433.33,0.0,-433.325,-433.323,1.01629e-07,-3.49088e-09,9.46689e-08,-3.21281e-09,-3.21281e-09,-3.21281e-09,-3.21281e-09,0.0,0.0002
3.54,433.33,0.0,-433.325,-433.323,1.01629e-07,-3.49088e-09,9.46689e-08,-3.21281e-09,-3.21281e-09,-3.21281e-09,-3.21281e-09,0.0,0.0002
3.545,433.33,0.0,-433.325,-433.323,1.01629e-07,-3.49088e-09,9.46689e-08,-3.21281e-09,-3.21281e-09,-3.21281e-09,-3.21281e-09,0.0,0.0002
3.55,433.33,0.0,-433.325,-433.323,1.01629e-07,-3.49088e-09,9.46689e-08,-3.21281e-09,-3.21281e-09,-3.21281e-09,-3.21281e-09,0.0,0.0002
3.555,433.33,0.0,-433.325,-433.323,1.01629e-07,-3.49088e-09,9.46689e-08,-3.21281e-09,-3.21281e-09,-3.21281e-09,-3.21281e-09,0.0,0.0002
3.56,433.33,0.0,-433.325,-433.323,1.01629e-07,-3.49088e-09,9.46689e-08,-3.21281e-09,-3.21281e-09,-3.21281e-09,-3.21281e-09,0.0,0.0002
3.565,433.33,0.0,-433.325,-433.323,1.01629e-07,-3.49088e-09,9.46689e-08,-3.21281e-09,-3.21281e-09,-3.21281e-09,-3.21281e-09,0.0,0.0002
3.57,433.33,0.0,-433.325,-433.323,1.01629e-07,-3.49088e-09,9.46689e-08,-3.21281e-09,-3.21281e-09,-3.21281e-09,-3.21281e-09,0.0,0.0002
3.575,433.33,0.0,-433.325,-433.323,1.01629e-07,-3.49088e-09,9.46689e-08,-3.21281e-09,-3.21281e-09,-3.21281e-09,-3.21281e-09,0.0,0.0002
3.58,433.33,0.0,-433.325,-433.323,1.01629e-07,-3.49088e-09,9.46689e-08,-3.21281e-09,-3.21281e-09,-3.21281e-09,-3.21281e-09,0.0,0.0002
3.585,433.33,0.0,-433.325,-433.323,1.01629e-07,-3.49088e-09,9.46689e-08,-3.21281e-09,-3.21281e-09,-3.21281e-09,-3.21281e-09,0.0,0.0002
3.59,433.33,0.0,-433.325,-433.323,1.01629e-07,-3.49088e-09,9.46689e-08,-3.21281e-09,-3.21281e-09,-3.21281e-09,-3.21281e-09,0.0,0.0002
3.595,433.33,0.0,-433.325,-433.323,1.01629e-07,-3.49088e-09,9.46689e-08,-3.21281e-09,-3.21281e-09,-3.21281e-09,-3.21281e-09,0.0,0.0002
3.6,433.33,0.0,-433.325,-433.323,1.01629e-07,-3.49088e-09,9.46689e-08,-3.21281e-09,-3.21281e-09,-3.21281e-09,-3.21281e-09,0.0,0.0002
3.605,433.33,0.0,-433.325,-433.323,1.01629e-07,-3.49088e-09,9.46689e-08,-3.21281e-09,-3.21281e-09,-3.21281e-09,-3.21281e-09,0.0,0.0002
3.61,433.33,0.0,-433.325,-433.323,1.01629e-07,-3.49088e-09,9.46689e-08,-3.21281e-09,-3.21281e-09,-3.21281e-09,-3.21281e-09,0.0,0.0002
3.615,433.33,0.0,-433.325,-433.323,1.01629e-07,-3.49088e-09,9.46689e-08,-3.21281e-09,-3.21281e-09,-3.21281e-09,-3.21281e-09,0.0,0.0002
3.62,433.33,0.0,-433.325,-433.323,1.01629e-07,-3.49088e-09,9.46689e-08,-3.21281e-09,-3.21281e-09,-3.21281e-09,-3.21281e-09,0.0,0.0002
3.625,433.33,0.0,-433.325,-433.323,1.01629e-07,-3.49088e-09,9.46689e-08,-3.21281e-09,-3.21281e-09,-3.21281e-09,-3.21281e-09,0.0,0.0002
3.63,433.33,0.0,-433.325,-433.323,1.01629e-07,-3.49088e-09,9.46689e-08,-3.21281e-09,-3.21281e-09,-3.21281e-09,-3.21281e-09,0.0,0.0002
3.635,433.33,0.0,-433.325,-433.323,1.01629e-07,-3.49088e-09,9.46689e-08,-3.21281e-09,-3.21281e-09,-3.21281e-09,-3.21281e-09,0.0,0.0002
3.64,433.33,0.0,-433.325,-433.323,1.01629e-07,-3.49088e-09,9.46689e-08,-3.21281e-09,-3.21281e-09,-3.21281e-09,-3.21281e-09,0.0,0.0002
3.645,433.33,0.0,-433.325,-433.323,1.01629e-07,-3.49088e-09,9.46689e-08,-3.21281e-09,-3.21281e-09,-3.21281e-09,-3.21281e-09,0.0,0.0002
3.65,433.33,0.0,-433.325,-433.323,1.01629e-07,-3.49088e-09,9.46689e-08,-3.21281e-09,-3.21281e-09,-3.21281e-09,-3.21281e-09,0.0,0.0002
3.655,433.33,0.0,-433.325,-433.323,1.01629e-07,-3.49088e-09,9.46689e-08,-3.21281e-09,-3.21281e-09,-3.21281e-09,-3.21281e-09,0.0,0.0002
3.66,433.33,0.0,-433.325,-433.323,1.01629e-07,-3.49088e-09,9.46689e-08,-3.21281e-09,-3.21281e-09,-3.21281e-09,-3.21281e-09,0.0,0.0002
3.665,433.33,0.0,-433.325,-433.323,1.01629e-07,-3.49088e-09,9.46689e-08,-3.21281e-09,-3.21281e-09,-3.21281e-09,-3.21281e-09,0.0,0.0002
3.67,433.33,0.0,-433.325,-433.323,1.01629e-07,-3.49088e-09,9.46689e-08,-3.21281e-09,-3.21281e-09,-3.21281e-09,-3.21281e-09,0.0,0.0002
3.675,433.33,0.0,-433.325,-433.323,1.01629e-07,-3.49088e-09,9.46689e-08,-3.21281e-09,-3.21281e-09,-3.21281e-09,-3.21281e-09,0.0,0.0002
3.68,433.33,0.0,-433.325,-433.323,1.01629e-07,-3.49088e-09,9.46689e-08,-3.21281e-09,-3.21281e-09,-3.21281e-09,-3.21281e-09,0.0,0.0002
3.685,433.33,0.0,-433.325,-433.323,1.01629e-07,-3.49088e-09,9.46689e-08,-3.21281e-09,-3.21281e-09,-3.21281e-09,-3.21281e-09,0.0,0.0002
3.69,433.33,0.0,-433.325,-433.323,1.01629e-07,-3.49088e-09,9.46689e-08,-3.21281e-09,-3.21281e-09,-3.21281e-09,-3.21281e-09,0.0,0.0002
3.695,433.33,0.0,-433.325,-433.323,1.01629e-07,-3.49088e-09,9.46689e-08,-3.21281e-09,-3.21281e-09,-3.21281e-09,-3.21281e-09,0.0,0.0002
3.7,433.33,0.0,-433.325,-433.323,1.01629e-07,-3.49088e-09,9.46689e-08,-3.21281e-09,-3.21281e-09,-3.21281e-09,-3.21281e-09,0.0,0.0002
3.705,433.33,0.0,-433.325,-433.323,1.01629e-07,-3.49088e-09,9.46689e-08,-3.21281e-09,-3.21281e-09,-3.21281e-09,-3.21281e-09,0.0,0.0002
3.71,433.33,0.0,-433.325,-433.323,1.01629e-07,-3.49088e-09,9.46689e-08,-3.21281e-09,-3.21281e-09,-3.21281e-09,-3.21281e-09,0.0,0.0002
3.715,433.33,0.0,-433.325,-433.323,1.01629e-07,-3.49088e-09,9.46689e-08,-3.21281e-09,-3.21281e-09,-3.21281e-09,-3.21281e-09,0.0,0.0002
3.72,433.33,0.0,-433.325,-433.323,1.01629e-07,-3.49088e-09,9.46689e-08,-3.21281e-09,-3.21281e-09,-3.21281e-09,-3.21281e-09,0.0,0.0002
3.725,433.33,0.0,-433.325,-433.323,1.01629e-07,-3.49088e-09,9.46689e-08,-3.21281e-09,-3.21281e-09,-3.21281e-09,-3.21281e-09,0.0,0.0002
3.73,433.33,0.0,-433.325,-433.323,1.01629e-07,-3.49088e-09,9.46689e-08,-3.21281e-09,-3.21281e-09,-3.21281e-09,-3.21281e-09,0.0,0.0002
3.735,433.33,0.0,-433.325,-433.323,1.01629e-07,-3.49088e-09,9.46689e-08,-3.21281e-09,-3.21281e-09,-3.21281e-09,-3.21281e-09,0.0,0.0002
3.74,433.33,0.0,-433.325,-433.323,1.01629e-07,-3.49088e-09,9.46689e-08,-3.21281e-09,-3.21281e-09,-3.21281e-09,-3.21281e-09,0.0,0.0002
3.745,433.33,0.0,-433.325,-433.323,1.01629e-07,-3.49088e-09,9.46689e-08,-3.21281e-09,-3.21281e-09,-3.21281e-09,-3.21281e-09,0.0,0.0002
3.75,433.33,0.0,-433.325,-433.323,1.01629e-07,-3.49088e-09,9.46689e-08,-3.21281e-09,-3.21281e-09,-3.21281e-09,-3.21281e-09,0.0,0.0002
3.755,433.33,0.0,-433.325,-433.323,1.01629e-07,-3.49088e-09,9.46689e-08,-3.21281e-09,-3.21281e-09,-3.21281e-09,-3.21281e-09,0.0,0.0002
3.76,433.33,0.0,-433.325,-433.323,1.01629e-07,-3.49088e-09,9.46689e-08,-3.21281e-09,-3.21281e-09,-3.21281e-09,-3.21281e-09,0.0,0.0002
3.765,433.33,0.0,-433.325,-433.323,1.01629e-07,-3.49088e-09,9.46689e-08,-3.21281e-09,-3.21281e-09,-3.21281e-09,-3.21281e-09,0.0,0.0002
3.77,433.33,0.0,-433.325,-433.323,1.01629e-07,-3.49088e-09,9.46689e-08,-3.21281e-09,-3.21281e-09,-3.21281e-09,-3.21281e-09,0.0,0.0002
3.775,433.33,0.0,-433.325,-433.323,1.01629e-07,-3.49088e-09,9.46689e-08,-3.21281e-09,-3.21281e-09,-3.21281e-09,-3.21281e-09,0.0,0.0002
3.78,433.33,0.0,-433.325,-433.323,1.01629e-07,-3.49088e-09,9.46689e-08,-3.21281e-09,-3.21281e-09,-3.21281e-09,-3.21281e-09,0.0,0.0002
3.785,433.33,0.0,-433.325,-433.323,1.01629e-07,-3.49088e-09,9.46689e-08,-3.21281e-09,-3.21281e-09,-3.21281e-09,-3.21281e-09,0.0,0.0002
3.79,433.33,0.0,-433.325,-433.323,1.01629e-07,-3.49088e-09,9.46689e-08,-3.21281e-09,-3.21281e-09,-3.21281e-09,-3.21281e-09,0.0,0.0002
3.795,433.33,0.0,-433.325,-433.323,1.01629e-07,-3.49088e-09,9.46689e-08,-3.21281e-09,-3.21281e-09,-3.21281e-09,-3.21281e-09,0.0,0.0002
3.8,433.33,0.0,-433.325,-433.323,1.01629e-07,-3.49088e-09,9.46689e-08,-3.21281e-09,-3.21281e-09,-3.21281e-09,-3.21281e-09,0.0,0.0002
3.805,433.33,0.0,-433.325,-433.323,1.01629e-07,-3.49088e-09,9.46689e-08,-3.21281e-09,-3.21281e-09,-3.21281e-09,-3.21281e-09,0.0,0.0002
3.81,433.33,0.0,-433.325,-433.323,1.01629e-07,-3.49088e-09,9.46689e-08,-3.21281e-09,-3.21281e-09,-3.21281e-09,-3.21281e-09,0.0,0.0002
3.815,433.33,0.0,-433.325,-433.323,1.01629e-07,-3.49088e-09,9.46689e-08,-3.21281e-09,-3.21281e-09,-3.21281e-09,-3.21281e-09,0.0,0.0002
3.82,433.33,0.0,-433.325,-433.323,1.01629e-07,-3.49088e-09,9.46689e-08,-3.21281e-09,-3.21281e-09,-3.21281e-09,-3.21281e-09,0.0,0.0002
3.825,433.33,0.0,-433.325,-433.323,1.01629e-07,-3.49088e-09,9.46689e-08,-3.21281e-09,-3.21281e-09,-3.21281e-09,-3.21281e-09,0.0,0.0002
3.83,433.33,0.0,-433.325,-433.323,1.01629e-07,-3.49088e-09,9.46689e-08,-3.21281e-09,-3.21281e-09,-3.21281e-09,-3.21281e-09,0.0,0.0002
3.835,433.33,0.0,-433.325,-433.323,1.01629e-07,-3.49088e-09,9.46689e-08,-3.21281e-09,-3.21281e-09,-3.21281e-09,-3.21281e-09,0.0,0.0002
3.84,433.33,0.0,-433.325,-433.323,1.01629e-07,-3.49088e-09,9.46689e-08,-3.21281e-09,-3.21281e-09,-3.21281e-09,-3.21281e-09,0.0,0.0002
3.845,433.33,0.0,-433.325,-433.323,1.01629e-07,-3.49088e-09,9.46689e-08,-3.21281e-09,-3.21281e-09,-3.21281e-09,-3.21281e-09,0.0,0.0002
3.85,433.33,0.0,-433.325,-433.323,1.01629e-07,-3.49088e-09,9.46689e-08,-3.21281e-09,-3.21281e-09,-3.21281e-09,-3.21281e-09,0.0,0.0002
3.855,433.33,0.0,-433.325,-433.323,1.01629e-07,-3.49088e-09,9.46689e-08,-3.21281e-09,-3.21281e-09,-3.21281e-09,-3.21281e-09,0.0,0.0002
3.86,433.33,0.0,-433.325,-433.323,1.01629e-07,-3.49088e-09,9.46689e-08,-3.21281e-09,-3.21281e-09,-3.21281e-09,-3.21281e-09,0.0,0.0002
3.865,433.33,0.0,-433.325,-433.323,1.01629e-07,-3.49088e-09,9.46689e-08,-3.21281e-09,-3.21281e-09,-3.21281e-09,-3.21281e-09,0.0,0.0002
3.87,433.33,0.0,-433.325,-433.323,1.01629e-07,-3.49088e-09,9.46689e-08,-3.21281e-09,-3.21281e-09,-3.21281e-09,-3.21281e-09,0.0,0.0002
3.875,433.33,0.0,-433.325,-433.323,1.01629e-07,-3.49088e-09,9.46689e-08,-3.21281e-09,-3.21281e-09,-3.21281e-09,-3.21281e-09,0.0,0.0002
3.88,433.33,0.0,-433.325,-433.323,1.01629e-07,-3.49088e-09,9.46689e-08,-3.21281e-09,-3.21281e-09,-3.21281e-09,-3.21281e-09,0.0,0.0002
3.885,433.33,0.0,-433.325,-433.323,1.01629e-07,-3.49088e-09,9.46689e-08,-3.21281e-09,-3.21281e-09,-3.21281e-09,-3.21281e-09,0.0,0.0002
3.89,433.33,0.0,-433.325,-433.323,1.01629e-07,-3.49088e-09,9.46689e-08,-3.21281e-09,-3.21281e-09,-3.21281e-09,-3.21281e-09,0.0,0.0002
3.895,433.33,0.0,-433.325,-433.323,1.01629e-07,-3.49088e-09,9.46689e-08,-3.21281e-09,-3.21281e-09,-3.21281e-09,-3.21281e-09,0.0,0.0002
3.9,433.33,0.0,-433.325,-433.323,1.01629e-07,-3.49088e-09,9.46689e-08,-3.21281e-09,-3.21281e-09,-3.21281e-09,-3.21281e-09,0.0,0.0002
3.905,433.33,0.0,-433.325,-433.323,1.01629e-07,-3.49088e-09,9.46689e-08,-3.21281e-09,-3.21281e-09,-3.21281e-09,-3.21281e-09,0.0,0.0002
3.91,433.33,0.0,-433.325,-433.323,1.01629e-07,-3.49088e-09,9.46689e-08,-3.21281e-09,-3.21281e-09,-3.21281e-09,-3.21281e-09,0.0,0.0002
3.915,433.33,0.0,-433.325,-433.323,1.01629e-07,-3.49088e-09,9.46689e-08,-3.21281e-09,-3.21281e-09,-3.21281e-09,-3.21281e-09,0.0,0.0002
3.92,433.33,0.0,-433.325,-433.323,1.01629e-07,-3.49088e-09,9.46689e-08,-3.21281e-09,-3.21281e-09,-3.21281e-09,-3.21281e-09,0.0,0.0002
3.925,433.33,0.0,-433.325,-433.323,1.01629e-07,-3.49088e-09,9.46689e-08,-3.21281e-09,-3.21281e-09,-3.21281e-09,-3.21281e-09,0.0,0.0002
3.93,433.33,0.0,-433.325,-433.323,1.01629e-07,-3.49088e-09,9.46689e-08,-3.21281e-09,-3.21281e-09,-3.21281e-09,-3.21281e-09,0.0,0.0002
3.935,433.33,0.0,-433.325,-433.323,1.01629e-07,-3.49088e-09,9.46689e-08,-3.21281e-09,-3.21281e-09,-3.21281e-09,-3.21281e-09,0.0,0.0002
3.94,433.33,0.0,-433.325,-433.323,1.01629e-07,-3.49088e-09,9.46689e-08,-3.21281e-09,-3.21281e-09,-3.21281e-09,-3.21281e-09,0.0,0.0002
3.945,433.33,0.0,-433.325,-433.323,1.01629e-07,-3.49088e-09,9.46689e-08,-3.21281e-09,-3.21281e-09,-3.21281e-09,-3.21281e-09,0.0,0.0002
3.95,433.33,0.0,-433.325,-433.323,1.01629e-07,-3.49088e-09,9.46689e-08,-3.21281e-09,-3.21281e-09,-3.21281e-09,-3.21281e-09,0.0,0.0002
3.955,433.33,0.0,-433.325,-433.323,1.01629e-07,-3.49088e-09,9.46689e-08,-3.21281e-09,-3.21281e-09,-3.21281e-09,-3.21281e-09,0.0,0.0002
3.96,433.33,0.0,-433.325,-433.323,1.01629e-07,-3.49088e-09,9.46689e-08,-3.21281e-09,-3.21281e-09,-3.21281e-09,-3.21281e-09,0.0,0.0002
3.965,433.33,0.0,-433.325,-433.323,1.01629e-07,-3.49088e-09,9.46689e-08,-3.21281e-09,-3.21281e-09,-3.21281e-09,-3.21281e-09,0.0,0.0002
3.97,433.33,0.0,-433.325,-433.323,1.01629e-07,-3.49088e-09,9.46689e-08,-3.21281e-09,-3.21281e-09,-3.21281e-09,-3.21281e-09,0.0,0.0002
3.975,433.33,0.0,-433.325,-433.323,1.01629e-07,-3.49088e-09,9.46689e-08,-3.21281e-09,-3.21281e-09,-3.21281e-09,-3.21281e-09,0.0,0.0002
3.98,433.33,0.0,-433.325,-433.323,1.01629e-07,-3.49088e-09,9.46689e-08,-3.21281e-09,-3.21281e-09,-3.21281e-09,-3.21281e-09,0.0,0.0002
3.985,433.33,0.0,-433.325,-433.323,1.01629e-07,-3.49088e-09,9.46689e-08,-3.21281e-09,-3.21281e-09,-3.21281e-09,-3.21281e-09,0.0,0.0002
3.99,433.33,0.0,-433.325,-433.323,1.01629e-07,-3.49088e-09,9.46689e-08,-3.21281e-09,-3.21281e-09,-3.21281e-09,-3.21281e-09,0.0,0.0002
3.995,433.33,0.0,-433.325,-433.323,1.01629e-07,-3.49088e-09,9.46689e-08,-3.21281e-09,-3.21281e-09,-3.21281e-09,-3.21281e-09,0.0,0.0002
4.0,433.33,0.0,-433.325,-433.323,1.01629e-07,-3.49088e-09,9.46689e-08,-3.21281e-09,-3.21281e-09,-3.21281e-09,-3.21281e-09,0.0,0.0002
4.005,433.33,0.0,-433.325,-433.323,1.01629e-07,-3.49088e-09,9.46689e-08,-3.21281e-09,-3.21281e-09,-3.21281e-09,-3.21281e-09,0.0,0.0002
4.01,433.33,0.0,-433.325,-433.323,1.01629e-07,-3.49088e-09,9.46689e-08,-3.21281e-09,-3.21281e-09,-3.21281e-09,-3.21281e-09,0.0,0.0002
4.015,433.33,0.0,-433.325,-433.323,1.01629e-07,-3.49088e-09,9.46689e-08,-3.21281e-09,-3.21281e-09,-3.21281e-09,-3.21281e-09,0.0,0.0002
4.02,433.33,0.0,-433.325,-433.323,1.01629e-07,-3.49088e-09,9.46689e-08,-3.21281e-09,-3.21281e-09,-3.21281e-09,-3.21281e-09,0.0,0.0002
4.025,433.33,0.0,-433.325,-433.323,1.01629e-07,-3.49088e-09,9.46689e-08,-3.21281e-09,-3.21281e-09,-3.21281e-09,-3.21281e-09,0.0,0.0002
4.03,433.33,0.0,-433.325,-433.323,1.01629e-07,-3.49088e-09,9.46689e-08,-3.21281e-09,-3.21281e-09,-3.21281e-09,-3.21281e-09,0.0,0.0002
4.035,433.33,0.0,-433.325,-433.323,1.01629e-07,-3.49088e-09,9.46689e-08,-3.21281e-09,-3.21281e-09,-3.21281e-09,-3.21281e-09,0.0,0.0002
4.04,433.33,0.0,-433.325,-433.323,1.01629e-07,-3.49088e-09,9.46689e-08,-3.21281e-09,-3.21281e-09,-3.21281e-09,-3.21281e-09,0.0,0.0002
4.045,433.33,0.0,-433.325,-433.323,1.01629e-07,-3.49088e-09,9.46689e-08,-3.21281e-09,-3.21281e-09,-3.21281e-09,-3.21281e-09,0.0,0.0002
4.05,433.33,0.0,-433.325,-433.323,1.01629e-07,-3.49088e-09,9.46689e-08,-3.21281e-09,-3.21281e-09,-3.21281e-09,-3.21281e-09,0.0,0.0002
4.055,433.33,0.0,-433.325,-433.323,1.01629e-07,-3.49088e-09,9.46689e-08,-3.21281e-09,-3.21281e-09,-3.21281e-09,-3.21281e-09,0.0,0.0002
4.06,433.33,0.0,-433.325,-433.323,1.01629e-07,-3.49088e-09,9.46689e-08,-3.21281e-09,-3.21281e-09,-3.21281e-09,-3.21281e-09,0.0,0.0002
4.065,433.33,0.0,-433.325,-433.323,1.01629e-07,-3.49088e-09,9.46689e-08,-3.21281e-09,-3.21281e-09,-3.21281e-09,-3.21281e-09,0.0,0.0002
4.07,433.33,0.0,-433.325,-433.323,1.01629e-07,-3.49088e-09,9.46689e-08,-3.21281e-09,-3.21281e-09,-3.21281e-09,-3.21281e-09,0.0,0.0002
4.075,433.33,0.0,-433.325,-433.323,1.01629e-07,-3.49088e-09,9.46689e-08,-3.21281e-09,-3.21281e-09,-3.21281e-09,-3.21281e-09,0.0,0.0002
4.08,433.33,0.0,-433.325,-433.323,1.01629e-07,-3.49088e-09,9.46689e-08,-3.21281e-09,-3.21281e-09,-3.21281e-09,-3.21281e-09,0.0,0.0002
4.085,433.33,0.0,-433.325,-433.323,1.01629e-07,-3.49088e-09,9.46689e-08,-3.21281e-09,-3.21281e-09,-3.21281e-09,-3.21281e-09,0.0,0.0002
4.09,433.33,0.0,-433.325,-433.323,1.01629e-07,-3.49088e-09,9.46689e-08,-3.21281e-09,-3.21281e-09,-3.21281e-09,-3.21281e-09,0.0,0.0002
4.095,433.33,0.0,-433.325,-433.323,1.01629e-07,-3.49088e-09,9.46689e-08,-3.21281e-09,-3.21281e-09,-3.21281e-09,-3.21281e-09,0.0,0.0002
4.1,433.33,0.0,-433.325,-433.323,1.01629e-07,-3.49088e-09,9.46689e-08,-3.21281e-09,-3.21281e-09,-3.21281e-09,-3.21281e-09,0.0,0.0002
4.105,433.33,0.0,-433.325,-433.323,1.01629e-07,-3.49088e-09,9.46689e-08,-3.21281e-09,-3.21281e-09,-3.21281e-09,-3.21281e-09,0.0,0.0002
4.11,433.33,0.0,-433.325,-433.323,1.01629e-07,-3.49088e-09,9.46689e-08,-3.21281e-09,-3.21281e-09,-3.21281e-09,-3.21281e-09,0.0,0.0002
4.115,433.33,0.0,-433.325,-433.323,1.01629e-07,-3.49088e-09,9.46689e-08,-3.21281e-09,-3.21281e-09,-3.21281e-09,-3.21281e-09,0.0,0.0002
4.12,433.33,0.0,-433.325,-433.323,1.01629e-07,-3.49088e-09,9.46689e-08,-3.21281e-09,-3.21281e-09,-3.21281e-09,-3.21281e-09,0.0,0.0002
4.125,433.33,0.0,-433.325,-433.323,1.01629e-07,-3.49088e-09,9.46689e-08,-3.21281e-09,-3.21281e-09,-3.21281e-09,-3.21281e-09,0.0,0.0002
4.13,433.33,0.0,-433.325,-433.323,1.01629e-07,-3.49088e-09,9.46689e-08,-3.21281e-09,-3.21281e-09,-3.21281e-09,-3.21281e-09,0.0,0.0002
4.135,433.33,0.0,-433.325,-433.323,1.01629e-07,-3.49088e-09,9.46689e-08,-3.21281e-09,-3.21281e-09,-3.21281e-09,-3.21281e-09,0.0,0.0002
4.14,433.33,0.0,-433.325,-433.323,1.01629e-07,-3.49088e-09,9.46689e-08,-3.21281e-09,-3.21281e-09,-3.21281e-09,-3.21281e-09,0.0,0.0002
4.145,433.33,0.0,-433.325,-433.323,1.01629e-07,-3.49088e-09,9.46689e-08,-3.21281e-09,-3.21281e-09,-3.21281e-09,-3.21281e-09,0.0,0.0002
4.15,433.33,0.0,-433.325,-433.323,1.01629e-07,-3.49088e-09,9.46689e-08,-3.21281e-09,-3.21281e-09,-3.21281e-09,-3.21281e-09,0.0,0.0002
4.155,433.33,0.0,-433.325,-433.323,1.01629e-07,-3.49088e-09,9.46689e-08,-3.21281e-09,-3.21281e-09,-3.21281e-09,-3.21281e-09,0.0,0.0002
4.16,433.33,0.0,-433.325,-433.323,1.01629e-07,-3.49088e-09,9.46689e-08,-3.21281e-09,-3.21281e-09,-3.21281e-09,-3.21281e-09,0.0,0.0002
4.165,433.33,0.0,-433.325,-433.323,1.01629e-07,-3.49088e-09,9.46689e-08,-3.21281e-09,-3.21281e-09,-3.21281e-09,-3.21281e-09,0.0,0.0002
4.17,433.33,0.0,-433.325,-433.323,1.01629e-07,-3.49088e-09,9.46689e-08,-3.21281e-09,-3.21281e-09,-3.21281e-09,-3.21281e-09,0.0,0.0002
4.175,433.33,0.0,-433.325,-433.323,1.01629e-07,-3.49088e-09,9.46689e-08,-3.21281e-09,-3.21281e-09,-3.21281e-09,-3.21281e-09,0.0,0.0002
4.18,433.33,0.0,-433.325,-433.323,1.01629e-07,-3.49088e-09,9.46689e-08,-3.21281e-09,-3.21281e-09,-3.21281e-09,-3.21281e-09,0.0,0.0002
4.185,433.33,0.0,-433.325,-433.323,1.01629e-07,-3.49088e-09,9.46689e-08,-3.21281e-09,-3.21281e-09,-3.21281e-09,-3.21281e-09,0.0,0.0002
4.19,433.33,0.0,-433.325,-433.323,1.01629e-07,-3.49088e-09,9.46689e-08,-3.21281e-09,-3.21281e-09,-3.21281e-09,-3.21281e-09,0.0,0.0002
4.195,433.33,0.0,-433.325,-433.323,1.01629e-07,-3.49088e-09,9.46689e-08,-3.21281e-09,-3.21281e-09,-3.21281e-09,-3.21281e-09,0.0,0.0002
4.2,433.33,0.0,-433.325,-433.323,1.01629e-07,-3.49088e-09,9.46689e-08,-3.21281e-09,-3.21281e-09,-3.21281e-09,-3.21281e-09,0.0,0.0002
4.205,433.33,0.0,-433.325,-433.323,1.01629e-07,-3.49088e-09,9.46689e-08,-3.21281e-09,-3.21281e-09,-3.21281e-09,-3.21281e-09,0.0,0.0002
4.21,433.33,0.0,-433.325,-433.323,1.01629e-07,-3.49088e-09,9.46689e-08,-3.21281e-09,-3.21281e-09,-3.21281e-09,-3.21281e-09,0.0,0.0002
4.215,433.33,0.0,-433.325,-433.323,1.01629e-07,-3.49088e-09,9.46689e-08,-3.21281e-09,-3.21281e-09,-3.21281e-09,-3.21281e-09,0.0,0.0002
4.22,433.33,0.0,-433.325,-433.323,1.01629e-07,-3.49088e-09,9.46689e-08,-3.21281e-09,-3.21281e-09,-3.21281e-09,-3.21281e-09,0.0,0.0002
4.225,433.33,0.0,-433.325,-433.323,1.01629e-07,-3.49088e-09,9.46689e-08,-3.21281e-09,-3.21281e-09,-3.21281e-09,-3.21281e-09,0.0,0.0002
4.23,433.33,0.0,-433.325,-433.323,1.01629e-07,-3.49088e-09,9.46689e-08,-3.21281e-09,-3.21281e-09,-3.21281e-09,-3.21281e-09,0.0,0.0002
4.235,433.33,0.0,-433.325,-433.323,1.01629e-07,-3.49088e-09,9.46689e-08,-3.21281e-09,-3.21281e-09,-3.21281e-09,-3.21281e-09,0.0,0.0002
4.24,433.33,0.0,-433.325,-433.323,1.01629e-07,-3.49088e-09,9.46689e-08,-3.21281e-09,-3.21281e-09,-3.21281e-09,-3.21281e-09,0.0,0.0002
4.245,433.33,0.0,-433.325,-433.323,1.01629e-07,-3.49088e-09,9.46689e-08,-3.21281e-09,-3.21281e-09,-3.21281e-09,-3.21281e-09,0.0,0.0002
4.25,433.33,0.0,-433.325,-433.323,1.01629e-07,-3.49088e-09,9.46689e-08,-3.21281e-09,-3.21281e-09,-3.21281e-09,-3.21281e-09,0.0,0.0002
4.255,433.33,0.0,-433.325,-433.323,1.01629e-07,-3.49088e-09,9.46689e-08,-3.21281e-09,-3.21281e-09,-3.21281e-09,-3.21281e-09,0.0,0.0002
4.26,433.33,0.0,-433.325,-433.323,1.01629e-07,-3.49088e-09,9.46689e-08,-3.21281e-09,-3.21281e-09,-3.21281e-09,-3.21281e-09,0.0,0.0002
4.265,433.33,0.0,-433.325,-433.323,1.01629e-07,-3.49088e-09,9.46689e-08,-3.21281e-09,-3.21281e-09,-3.21281e-09,-3.21281e-09,0.0,0.0002
4.27,433.33,0.0,-433.325,-433.323,1.01629e-07,-3.49088e-09,9.46689e-08,-3.21281e-09,-3.21281e-09,-3.21281e-09,-3.21281e-09,0.0,0.0002
4.275,433.33,0.0,-433.325,-433.323,1.01629e-07,-3.49088e-09,9.46689e-08,-3.21281e-09,-3.21281e-09,-3.21281e-09,-3.21281e-09,0.0,0.0002
4.28,433.33,0.0,-433.325,-433.323,1.01629e-07,-3.49088e-09,9.46689e-08,-3.21281e-09,-3.21281e-09,-3.21281e-09,-3.21281e-09,0.0,0.0002
4.285,433.33,0.0,-433.325,-433.323,1.01629e-07,-3.49088e-09,9.46689e-08,-3.21281e-09,-3.21281e-09,-3.21281e-09,-3.21281e-09,0.0,0.0002
4.29,433.33,0.0,-433.325,-433.323,1.01629e-07,-3.49088e-09,9.46689e-08,-3.21281e-09,-3.21281e-09,-3.21281e-09,-3.21281e-09,0.0,0.0002
4.295,433.33,0.0,-433.325,-433.323,1.01629e-07,-3.49088e-09,9.46689e-08,-3.21281e-09,-3.21281e-09,-3.21281e-09,-3.21281e-09,0.0,0.0002
4.3,433.33,0.0,-433.325,-433.323,1.01629e-07,-3.49088e-09,9.46689e-08,-3.21281e-09,-3.21281e-09,-3.21281e-09,-3.21281e-09,0.0,0.0002
4.305,433.33,0.0,-433.325,-433.323,1.01629e-07,-3.49088e-09,9.46689e-08,-3.21281e-09,-3.21281e-09,-3.21281e-09,-3.21281e-09,0.0,0.0002
4.31,433.33,0.0,-433.325,-433.323,1.01629e-07,-3.49088e-09,9.46689e-08,-3.21281e-09,-3.21281e-09,-3.21281e-09,-3.21281e-09,0.0,0.0002
4.315,433.33,0.0,-433.325,-433.323,1.01629e-07,-3.49088e-09,9.46689e-08,-3.21281e-09,-3.21281e-09,-3.21281e-09,-3.21281e-09,0.0,0.0002
4.32,433.33,0.0,-433.325,-433.323,1.01629e-07,-3.49088e-09,9.46689e-08,-3.21281e-09,-3.21281e-09,-3.21281e-09,-3.21281e-09,0.0,0.0002
4.325,433.33,0.0,-433.325,-433.323,1.01629e-07,-3.49088e-09,9.46689e-08,-3.21281e-09,-3.21281e-09,-3.21281e-09,-3.21281e-09,0.0,0.0002
4.33,433.33,0.0,-433.325,-433.323,1.01629e-07,-3.49088e-09,9.46689e-08,-3.21281e-09,-3.21281e-09,-3.21281e-09,-3.21281e-09,0.0,0.0002
4.335,433.33,0.0,-433.325,-433.323,1.01629e-07,-3.49088e-09,9.46689e-08,-3.21281e-09,-3.21281e-09,-3.21281e-09,-3.21281e-09,0.0,0.0002
4.34,433.33,0.0,-433.325,-433.323,1.01629e-07,-3.49088e-09,9.46689e-08,-3.21281e-09,-3.21281e-09,-3.21281e-09,-3.21281e-09,0.0,0.0002
4.345,433.33,0.0,-433.325,-433.323,1.01629e-07,-3.49088e-09,9.46689e-08,-3.21281e-09,-3.21281e-09,-3.21281e-09,-3.21281e-09,0.0,0.0002
4.35,433.33,0.0,-433.325,-433.323,1.01629e-07,-3.49088e-09,9.46689e-08,-3.21281e-09,-3.21281e-09,-3.21281e-09,-3.21281e-09,0.0,0.0002
4.355,433.33,0.0,-433.325,-433.323,1.01629e-07,-3.49088e-09,9.46689e-08,-3.21281e-09,-3.21281e-09,-3.21281e-09,-3.21281e-09,0.0,0.0002
4.36,433.33,0.0,-433.325,-433.323,1.01629e-07,-3.49088e-09,9.46689e-08,-3.21281e-09,-3.21281e-09,-3.21281e-09,-3.21281e-09,0.0,0.0002
4.365,433.33,0.0,-433.325,-433.323,1.01629e-07,-3.49088e-09,9.46689e-08,-3.21281e-09,-3.21281e-09,-3.21281e-09,-3.21281e-09,0.0,0.0002
4.37,433.33,0.0,-433.325,-433.323,1.01629e-07,-3.49088e-09,9.46689e-08,-3.21281e-09,-3.21281e-09,-3.21281e-09,-3.21281e-09,0.0,0.0002
4.375,433.33,0.0,-433.325,-433.323,1.01629e-07,-3.49088e-09,9.46689e-08,-3.21281e-09,-3.21281e-09,-3.21281e-09,-3.21281e-09,0.0,0.0002
4.38,433.33,0.0,-433.325,-433.323,1.01629e-07,-3.49088e-09,9.46689e-08,-3.21281e-09,-3.21281e-09,-3.21281e-09,-3.21281e-09,0.0,0.0002
4.385,433.33,0.0,-433.325,-433.323,1.01629e-07,-3.49088e-09,9.46689e-08,-3.21281e-09,-3.21281e-09,-3.21281e-09,-3.21281e-09,0.0,0.0002
4.39,433.33,0.0,-433.325,-433.323,1.01629e-07,-3.49088e-09,9.46689e-08,-3.21281e-09,-3.21281e-09,-3.21281e-09,-3.21281e-09,0.0,0.0002
4.395,433.33,0.0,-433.325,-433.323,1.01629e-07,-3.49088e-09,9.46689e-08,-3.21281e-09,-3.21281e-09,-3.21281e-09,-3.21281e-09,0.0,0.0002
4.4,433.33,0.0,-433.325,-433.323,1.01629e-07,-3.49088e-09,9.46689e-08,-3.21281e-09,-3.21281e-09,-3.21281e-09,-3.21281e-09,0.0,0.0002
4.405,433.33,0.0,-433.325,-433.323,1.01629e-07,-3.49088e-09,9.46689e-08,-3.21281e-09,-3.21281e-09,-3.21281e-09,-3.21281e-09,0.0,0.0002
4.41,433.33,0.0,-433.325,-433.323,1.01629e-07,-3.49088e-09,9.46689e-08,-3.21281e-09,-3.21281e-09,-3.21281e-09,-3.21281e-09,0.0,0.0002
4.415,433.33,0.0,-433.325,-433.323,1.01629e-07,-3.49088e-09,9.46689e-08,-3.21281e-09,-3.21281e-09,-3.21281e-09,-3.21281e-09,0.0,0.0002
4.42,433.33,0.0,-433.325,-433.323,1.01629e-07,-3.49088e-09,9.46689e-08,-3.21281e-09,-3.21281e-09,-3.21281e-09,-3.21281e-09,0.0,0.0002
4.425,433.33,0.0,-433.325,-433.323,1.01629e-07,-3.49088e-09,9.46689e-08,-3.21281e-09,-3.21281e-09,-3.21281e-09,-3.21281e-09,0.0,0.0002
4.43,433.33,0.0,-433.325,-433.323,1.01629e-07,-3.49088e-09,9.46689e-08,-3.21281e-09,-3.21281e-09,-3.21281e-09,-3.21281e-09,0.0,0.0002
4.435,433.33,0.0,-433.325,-433.323,1.01629e-07,-3.49088e-09,9.46689e-08,-3.21281e-09,-3.21281e-09,-3.21281e-09,-3.21281e-09,0.0,0.0002
4.44,433.33,0.0,-433.325,-433.323,1.01629e-07,-3.49088e-09,9.46689e-08,-3.21281e-09,-3.21281e-09,-3.21281e-09,-3.21281e-09,0.0,0.0002
4.445,433.33,0.0,-433.325,-433.323,1.01629e-07,-3.49088e-09,9.46689e-08,-3.21281e-09,-3.21281e-09,-3.21281e-09,-3.21281e-09,0.0,0.0002
4.45,433.33,0.0,-433.325,-433.323,1.01629e-07,-3.49088e-09,9.46689e-08,-3.21281e-09,-3.21281e-09,-3.21281e-09,-3.21281e-09,0.0,0.0002
4.455,433.33,0.0,-433.325,-433.323,1.01629e-07,-3.49088e-09,9.46689e-08,-3.21281e-09,-3.21281e-09,-3.21281e-09,-3.21281e-09,0.0,0.0002
4.46,433.33,0.0,-433.325,-433.323,1.01629e-07,-3.49088e-09,9.46689e-08,-3.21281e-09,-3.21281e-09,-3.21281e-09,-3.21281e-09,0.0,0.0002
4.465,433.33,0.0,-433.325,-433.323,1.01629e-07,-3.49088e-09,9.46689e-08,-3.21281e-09,-3.21281e-09,-3.21281e-09,-3.21281e-09,0.0,0.0002
4.47,433.33,0.0,-433.325,-433.323,1.01629e-07,-3.49088e-09,9.46689e-08,-3.21281e-09,-3.21281e-09,-3.21281e-09,-3.21281e-09,0.0,0.0002
4.475,433.33,0.0,-433.325,-433.323,1.01629e-07,-3.49088e-09,9.46689e-08,-3.21281e-09,-3.21281e-09,-3.21281e-09,-3.21281e-09,0.0,0.0002
4.48,433.33,0.0,-433.325,-433.323,1.01629e-07,-3.49088e-09,9.46689e-08,-3.21281e-09,-3.21281e-09,-3.21281e-09,-3.21281e-09,0.0,0.0002
4.485,433.33,0.0,-433.325,-433.323,1.01629e-07,-3.49088e-09,9.46689e-08,-3.21281e-09,-3.21281e-09,-3.21281e-09,-3.21281e-09,0.0,0.0002
4.49,433.33,0.0,-433.325,-433.323,1.01629e-07,-3.49088e-09,9.46689e-08,-3.21281e-09,-3.21281e-09,-3.21281e-09,-3.21281e-09,0.0,0.0002
4.495,433.33,0.0,-433.325,-433.323,1.01629e-07,-3.49088e-09,9.46689e-08,-3.21281e-09,-3.21281e-09,-3.21281e-09,-3.21281e-09,0.0,0.0002
4.5,433.33,0.0,-433.325,-433.323,1.01629e-07,-3.49088e-09,9.46689e-08,-3.21281e-09,-3.21281e-09,-3.21281e-09,-3.21281e-09,0.0,0.0002
4.505,433.33,0.0,-433.325,-433.323,1.01629e-07,-3.49088e-09,9.46689e-08,-3.21281e-09,-3.21281e-09,-3.21281e-09,-3.21281e-09,0.0,0.0002
4.51,433.33,0.0,-433.325,-433.323,1.01629e-07,-3.49088e-09,9.46689e-08,-3.21281e-09,-3.21281e-09,-3.21281e-09,-3.21281e-09,0.0,0.0002
4.515,433.33,0.0,-433.325,-433.323,1.01629e-07,-3.49088e-09,9.46689e-08,-3.21281e-09,-3.21281e-09,-3.21281e-09,-3.21281e-09,0.0,0.0002
4.52,433.33,0.0,-433.325,-433.323,1.01629e-07,-3.49088e-09,9.46689e-08,-3.21281e-09,-3.21281e-09,-3.21281e-09,-3.21281e-09,0.0,0.0002
4.525,433.33,0.0,-433.325,-433.323,1.01629e-07,-3.49088e-09,9.46689e-08,-3.21281e-09,-3.21281e-09,-3.21281e-09,-3.21281e-09,0.0,0.0002
4.53,433.33,0.0,-433.325,-433.323,1.01629e-07,-3.49088e-09,9.46689e-08,-3.21281e-09,-3.21281e-09,-3.21281e-09,-3.21281e-09,0.0,0.0002
4.535,433.33,0.0,-433.325,-433.323,1.01629e-07,-3.49088e-09,9.46689e-08,-3.21281e-09,-3.21281e-09,-3.21281e-09,-3.21281e-09,0.0,0.0002
4.54,433.33,0.0,-433.325,-433.323,1.01629e-07,-3.49088e-09,9.46689e-08,-3.21281e-09,-3.21281e-09,-3.21281e-09,-3.21281e-09,0.0,0.0002
4.545,433.33,0.0,-433.325,-433.323,1.01629e-07,-3.49088e-09,9.46689e-08,-3.21281e-09,-3.21281e-09,-3.21281e-09,-3.21281e-09,0.0,0.0002
4.55,433.33,0.0,-433.325,-433.323,1.01629e-07,-3.49088e-09,9.46689e-08,-3.21281e-09,-3.21281e-09,-3.21281e-09,-3.21281e-09,0.0,0.0002
4.555,433.33,0.0,-433.325,-433.323,1.01629e-07,-3.49088e-09,9.46689e-08,-3.21281e-09,-3.21281e-09,-3.21281e-09,-3.21281e-09,0.0,0.0002
4.56,433.33,0.0,-433.325,-433.323,1.01629e-07,-3.49088e-09,9.46689e-08,-3.21281e-09,-3.21281e-09,-3.21281e-09,-3.21281e-09,0.0,0.0002
4.565,433.33,0.0,-433.325,-433.323,1.01629e-07,-3.49088e-09,9.46689e-08,-3.21281e-09,-3.21281e-09,-3.21281e-09,-3.21281e-09,0.0,0.0002
4.57,433.33,0.0,-433.325,-433.323,1.01629e-07,-3.49088e-09,9.46689e-08,-3.21281e-09,-3.21281e-09,-3.21281e-09,-3.21281e-09,0.0,0.0002
4.575,433.33,0.0,-433.325,-433.323,1.01629e-07,-3.49088e-09,9.46689e-08,-3.21281e-09,-3.21281e-09,-3.21281e-09,-3.21281e-09,0.0,0.0002
4.58,433.33,0.0,-433.325,-433.323,1.01629e-07,-3.49088e-09,9.46689e-08,-3.21281e-09,-3.21281e-09,-3.21281e-09,-3.21281e-09,0.0,0.0002
4.585,433.33,0.0,-433.325,-433.323,1.01629e-07,-3.49088e-09,9.46689e-08,-3.21281e-09,-3.21281e-09,-3.21281e-09,-3.21281e-09,0.0,0.0002
4.59,433.33,0.0,-433.325,-433.323,1.01629e-07,-3.49088e-09,9.46689e-08,-3.21281e-09,-3.21281e-09,-3.21281e-09,-3.21281e-09,0.0,0.0002
4.595,433.33,0.0,-433.325,-433.323,1.01629e-07,-3.49088e-09,9.46689e-08,-3.21281e-09,-3.21281e-09,-3.21281e-09,-3.21281e-09,0.0,0.0002
4.6,433.33,0.0,-433.325,-433.323,1.01629e-07,-3.49088e-09,9.46689e-08,-3.21281e-09,-3.21281e-09,-3.21281e-09,-3.21281e-09,0.0,0.0002
4.605,433.33,0.0,-433.325,-433.323,1.01629e-07,-3.49088e-09,9.46689e-08,-3.21281e-09,-3.21281e-09,-3.21281e-09,-3.21281e-09,0.0,0.0002
4.61,433.33,0.0,-433.325,-433.323,1.01629e-07,-3.49088e-09,9.46689e-08,-3.21281e-09,-3.21281e-09,-3.21281e-09,-3.21281e-09,0.0,0.0002
4.615,433.33,0.0,-433.325,-433.323,1.01629e-07,-3.49088e-09,9.46689e-08,-3.21281e-09,-3.21281e-09,-3.21281e-09,-3.21281e-09,0.0,0.0002
4.62,433.33,0.0,-433.325,-433.323,1.01629e-07,-3.49088e-09,9.46689e-08,-3.21281e-09,-3.21281e-09,-3.21281e-09,-3.21281e-09,0.0,0.0002
4.625,433.33,0.0,-433.325,-433.323,1.01629e-07,-3.49088e-09,9.46689e-08,-3.21281e-09,-3.21281e-09,-3.21281e-09,-3.21281e-09,0.0,0.0002
4.63,433.33,0.0,-433.325,-433.323,1.01629e-07,-3.49088e-09,9.46689e-08,-3.21281e-09,-3.21281e-09,-3.21281e-09,-3.21281e-09,0.0,0.0002
4.635,433.33,0.0,-433.325,-433.323,1.01629e-07,-3.49088e-09,9.46689e-08,-3.21281e-09,-3.21281e-09,-3.21281e-09,-3.21281e-09,0.0,0.0002
4.64,433.33,0.0,-433.325,-433.323,1.01629e-07,-3.49088e-09,9.46689e-08,-3.21281e-09,-3.21281e-09,-3.21281e-09,-3.21281e-09,0.0,0.0002
4.645,433.33,0.0,-433.325,-433.323,1.01629e-07,-3.49088e-09,9.46689e-08,-3.21281e-09,-3.21281e-09,-3.21281e-09,-3.21281e-09,0.0,0.0002
4.65,433.33,0.0,-433.325,-433.323,1.01629e-07,-3.49088e-09,9.46689e-08,-3.21281e-09,-3.21281e-09,-3.21281e-09,-3.21281e-09,0.0,0.0002
4.655,433.33,0.0,-433.325,-433.323,1.01629e-07,-3.49088e-09,9.46689e-08,-3.21281e-09,-3.21281e-09,-3.21281e-09,-3.21281e-09,0.0,0.0002
4.66,433.33,0.0,-433.325,-433.323,1.01629e-07,-3.49088e-09,9.46689e-08,-3.21281e-09,-3.21281e-09,-3.21281e-09,-3.21281e-09,0.0,0.0002
4.665,433.33,0.0,-433.325,-433.323,1.01629e-07,-3.49088e-09,9.46689e-08,-3.21281e-09,-3.21281e-09,-3.21281e-09,-3.21281e-09,0.0,0.0002
4.67,433.33,0.0,-433.325,-433.323,1.01629e-07,-3.49088e-09,9.46689e-08,-3.21281e-09,-3.21281e-09,-3.21281e-09,-3.21281e-09,0.0,0.0002
4.675,433.33,0.0,-433.325,-433.323,1.01629e-07,-3.49088e-09,9.46689e-08,-3.21281e-09,-3.21281e-09,-3.21281e-09,-3.21281e-09,0.0,0.0002
4.68,433.33,0.0,-433.325,-433.323,1.01629e-07,-3.49088e-09,9.46689e-08,-3.21281e-09,-3.21281e-09,-3.21281e-09,-3.21281e-09,0.0,0.0002
4.685,433.33,0.0,-433.325,-433.323,1.01629e-07,-3.49088e-09,9.46689e-08,-3.21281e-09,-3.21281e-09,-3.21281e-09,-3.21281e-09,0.0,0.0002
4.69,433.33,0.0,-433.325,-433.323,1.01629e-07,-3.49088e-09,9.46689e-08,-3.21281e-09,-3.21281e-09,-3.21281e-09,-3.21281e-09,0.0,0.0002
4.695,433.33,0.0,-433.325,-433.323,1.01629e-07,-3.49088e-09,9.46689e-08,-3.21281e-09,-3.21281e-09,-3.21281e-09,-3.21281e-09,0.0,0.0002
4.7,433.33,0.0,-433.325,-433.323,1.01629e-07,-3.49088e-09,9.46689e-08,-3.21281e-09,-3.21281e-09,-3.21281e-09,-3.21281e-09,0.0,0.0002
4.705,433.33,0.0,-433.325,-433.323,1.01629e-07,-3.49088e-09,9.46689e-08,-3.21281e-09,-3.21281e-09,-3.21281e-09,-3.21281e-09,0.0,0.0002
4.71,433.33,0.0,-433.325,-433.323,1.01629e-07,-3.49088e-09,9.46689e-08,-3.21281e-09,-3.21281e-09,-3.21281e-09,-3.21281e-09,0.0,0.0002
4.715,433.33,0.0,-433.325,-433.323,1.01629e-07,-3.49088e-09,9.46689e-08,-3.21281e-09,-3.21281e-09,-3.21281e-09,-3.21281e-09,0.0,0.0002
4.72,433.33,0.0,-433.325,-433.323,1.01629e-07,-3.49088e-09,9.46689e-08,-3.21281e-09,-3.21281e-09,-3.21281e-09,-3.21281e-09,0.0,0.0002
4.725,433.33,0.0,-433.325,-433.323,1.01629e-07,-3.49088e-09,9.46689e-08,-3.21281e-09,-3.21281e-09,-3.21281e-09,-3.21281e-09,0.0,0.0002
4.73,433.33,0.0,-433.325,-433.323,1.01629e-07,-3.49088e-09,9.46689e-08,-3.21281e-09,-3.21281e-09,-3.21281e-09,-3.21281e-09,0.0,0.0002
4.735,433.33,0.0,-433.325,-433.323,1.01629e-07,-3.49088e-09,9.46689e-08,-3.21281e-09,-3.21281e-09,-3.21281e-09,-3.21281e-09,0.0,0.0002
4.74,433.33,0.0,-433.325,-433.323,1.01629e-07,-3.49088e-09,9.46689e-08,-3.21281e-09,-3.21281e-09,-3.21281e-09,-3.21281e-09,0.0,0.0002
4.745,433.33,0.0,-433.325,-433.323,1.01629e-07,-3.49088e-09,9.46689e-08,-3.21281e-09,-3.21281e-09,-3.21281e-09,-3.21281e-09,0.0,0.0002
4.75,433.33,0.0,-433.325,-433.323,1.01629e-07,-3.49088e-09,9.46689e-08,-3.21281e-09,-3.21281e-09,-3.21281e-09,-3.21281e-09,0.0,0.0002
4.755,433.33,0.0,-433.325,-433.323,1.01629e-07,-3.49088e-09,9.46689e-08,-3.21281e-09,-3.21281e-09,-3.21281e-09,-3.21281e-09,0.0,0.0002
4.76,433.33,0.0,-433.325,-433.323,1.01629e-07,-3.49088e-09,9.46689e-08,-3.21281e-09,-3.21281e-09,-3.21281e-09,-3.21281e-09,0.0,0.0002
4.765,433.33,0.0,-433.325,-433.323,1.01629e-07,-3.49088e-09,9.46689e-08,-3.21281e-09,-3.21281e-09,-3.21281e-09,-3.21281e-09,0.0,0.0002
4.77,433.33,0.0,-433.325,-433.323,1.01629e-07,-3.49088e-09,9.46689e-08,-3.21281e-09,-3.21281e-09,-3.21281e-09,-3.21281e-09,0.0,0.0002
4.775,433.33,0.0,-433.325,-433.323,1.01629e-07,-3.49088e-09,9.46689e-08,-3.21281e-09,-3.21281e-09,-3.21281e-09,-3.21281e-09,0.0,0.0002
4.78,433.33,0.0,-433.325,-433.323,1.01629e-07,-3.49088e-09,9.46689e-08,-3.21281e-09,-3.21281e-09,-3.21281e-09,-3.21281e-09,0.0,0.0002
4.785,433.33,0.0,-433.325,-433.323,1.01629e-07,-3.49088e-09,9.46689e-08,-3.21281e-09,-3.21281e-09,-3.21281e-09,-3.21281e-09,0.0,0.0002
4.79,433.33,0.0,-433.325,-433.323,1.01629e-07,-3.49088e-09,9.46689e-08,-3.21281e-09,-3.21281e-09,-3.21281e-09,-3.21281e-09,0.0,0.0002
4.795,433.33,0.0,-433.325,-433.323,1.01629e-07,-3.49088e-09,9.46689e-08,-3.21281e-09,-3.21281e-09,-3.21281e-09,-3.21281e-09,0.0,0.0002
4.8,433.33,0.0,-433.325,-433.323,1.01629e-07,-3.49088e-09,9.46689e-08,-3.21281e-09,-3.21281e-09,-3.21281e-09,-3.21281e-09,0.0,0.0002
4.805,433.33,0.0,-433.325,-433.323,1.01629e-07,-3.49088e-09,9.46689e-08,-3.21281e-09,-3.21281e-09,-3.21281e-09,-3.21281e-09,0.0,0.0002
4.81,433.33,0.0,-433.325,-433.323,1.01629e-07,-3.49088e-09,9.46689e-08,-3.21281e-09,-3.21281e-09,-3.21281e-09,-3.21281e-09,0.0,0.0002
4.815,433.33,0.0,-433.325,-433.323,1.01629e-07,-3.49088e-09,9.46689e-08,-3.21281e-09,-3.21281e-09,-3.21281e-09,-3.21281e-09,0.0,0.0002
4.82,433.33,0.0,-433.325,-433.323,1.01629e-07,-3.49088e-09,9.46689e-08,-3.21281e-09,-3.21281e-09,-3.21281e-09,-3.21281e-09,0.0,0.0002
4.825,433.33,0.0,-433.325,-433.323,1.01629e-07,-3.49088e-09,9.46689e-08,-3.21281e-09,-3.21281e-09,-3.21281e-09,-3.21281e-09,0.0,0.0002
4.83,433.33,0.0,-433.325,-433.323,1.01629e-07,-3.49088e-09,9.46689e-08,-3.21281e-09,-3.21281e-09,-3.21281e-09,-3.21281e-09,0.0,0.0002
4.835,433.33,0.0,-433.325,-433.323,1.01629e-07,-3.49088e-09,9.46689e-08,-3.21281e-09,-3.21281e-09,-3.21281e-09,-3.21281e-09,0.0,0.0002
4.84,433.33,0.0,-433.325,-433.323,1.01629e-07,-3.49088e-09,9.46689e-08,-3.21281e-09,-3.21281e-09,-3.21281e-09,-3.21281e-09,0.0,0.0002
4.845,433.33,0.0,-433.325,-433.323,1.01629e-07,-3.49088e-09,9.46689e-08,-3.21281e-09,-3.21281e-09,-3.21281e-09,-3.21281e-09,0.0,0.0002
4.85,433.33,0.0,-433.325,-433.323,1.01629e-07,-3.49088e-09,9.46689e-08,-3.21281e-09,-3.21281e-09,-3.21281e-09,-3.21281e-09,0.0,0.0002
4.855,433.33,0.0,-433.325,-433.323,1.01629e-07,-3.49088e-09,9.46689e-08,-3.21281e-09,-3.21281e-09,-3.21281e-09,-3.21281e-09,0.0,0.0002
4.86,433.33,0.0,-433.325,-433.323,1.01629e-07,-3.49088e-09,9.46689e-08,-3.21281e-09,-3.21281e-09,-3.21281e-09,-3.21281e-09,0.0,0.0002
4.865,433.33,0.0,-433.325,-433.323,1.01629e-07,-3.49088e-09,9.46689e-08,-3.21281e-09,-3.21281e-09,-3.21281e-09,-3.21281e-09,0.0,0.0002
4.87,433.33,0.0,-433.325,-433.323,1.01629e-07,-3.49088e-09,9.46689e-08,-3.21281e-09,-3.21281e-09,-3.21281e-09,-3.21281e-09,0.0,0.0002
4.875,433.33,0.0,-433.325,-433.323,1.01629e-07,-3.49088e-09,9.46689e-08,-3.21281e-09,-3.21281e-09,-3.21281e-09,-3.21281e-09,0.0,0.0002
4.88,433.33,0.0,-433.325,-433.323,1.01629e-07,-3.49088e-09,9.46689e-08,-3.21281e-09,-3.21281e-09,-3.21281e-09,-3.21281e-09,0.0,0.0002
4.885,433.33,0.0,-433.325,-433.323,1.01629e-07,-3.49088e-09,9.46689e-08,-3.21281e-09,-3.21281e-09,-3.21281e-09,-3.21281e-09,0.0,0.0002
4.89,433.33,0.0,-433.325,-433.323,1.01629e-07,-3.49088e-09,9.46689e-08,-3.21281e-09,-3.21281e-09,-3.21281e-09,-3.21281e-09,0.0,0.0002
4.895,433.33,0.0,-433.325,-433.323,1.01629e-07,-3.49088e-09,9.46689e-08,-3.21281e-09,-3.21281e-09,-3.21281e-09,-3.21281e-09,0.0,0.0002
4.9,433.33,0.0,-433.325,-433.323,1.01629e-07,-3.49088e-09,9.46689e-08,-3.21281e-09,-3.21281e-09,-3.21281e-09,-3.21281e-09,0.0,0.0002
4.905,433.33,0.0,-433.325,-433.323,1.01629e-07,-3.49088e-09,9.46689e-08,-3.21281e-09,-3.21281e-09,-3.21281e-09,-3.21281e-09,0.0,0.0002
4.91,433.33,0.0,-433.325,-433.323,1.01629e-07,-3.49088e-09,9.46689e-08,-3.21281e-09,-3.21281e-09,-3.21281e-09,-3.21281e-09,0.0,0.0002
4.915,433.33,0.0,-433.325,-433.323,1.01629e-07,-3.49088e-09,9.46689e-08,-3.21281e-09,-3.21281e-09,-3.21281e-09,-3.21281e-09,0.0,0.0002
4.92,433.33,0.0,-433.325,-433.323,1.01629e-07,-3.49088e-09,9.46689e-08,-3.21281e-09,-3.21281e-09,-3.21281e-09,-3.21281e-09,0.0,0.0002
4.925,433.33,0.0,-433.325,-433.323,1.01629e-07,-3.49088e-09,9.46689e-08,-3.21281e-09,-3.21281e-09,-3.21281e-09,-3.21281e-09,0.0,0.0002
4.93,433.33,0.0,-433.325,-433.323,1.01629e-07,-3.49088e-09,9.46689e-08,-3.21281e-09,-3.21281e-09,-3.21281e-09,-3.21281e-09,0.0,0.0002
4.935,433.33,0.0,-433.325,-433.323,1.01629e-07,-3.49088e-09,9.46689e-08,-3.21281e-09,-3.21281e-09,-3.21281e-09,-3.21281e-09,0.0,0.0002
4.94,433.33,0.0,-433.325,-433.323,1.01629e-07,-3.49088e-09,9.46689e-08,-3.21281e-09,-3.21281e-09,-3.21281e-09,-3.21281e-09,0.0,0.0002
4.945,433.33,0.0,-433.325,-433.323,1.01629e-07,-3.49088e-09,9.46689e-08,-3.21281e-09,-3.21281e-09,-3.21281e-09,-3.21281e-09,0.0,0.0002
4.95,433.33,0.0,-433.325,-433.323,1.01629e-07,-3.49088e-09,9.46689e-08,-3.21281e-09,-3.21281e-09,-3.21281e-09,-3.21281e-09,0.0,0.0002
4.955,433.33,0.0,-433.325,-433.323,1.01629e-07,-3.49088e-09,9.46689e-08,-3.21281e-09,-3.21281e-09,-3.21281e-09,-3.21281e-09,0.0,0.0002
4.96,433.33,0.0,-433.325,-433.323,1.01629e-07,-3.49088e-09,9.46689e-08,-3.21281e-09,-3.21281e-09,-3.21281e-09,-3.21281e-09,0.0,0.0002
4.965,433.33,0.0,-433.325,-433.323,1.01629e-07,-3.49088e-09,9.46689e-08,-3.21281e-09,-3.21281e-09,-3.21281e-09,-3.21281e-09,0.0,0.0002
4.97,433.33,0.0,-433.325,-433.323,1.01629e-07,-3.49088e-09,9.46689e-08,-3.21281e-09,-3.21281e-09,-3.21281e-09,-3.21281e-09,0.0,0.0002
4.975,433.33,0.0,-433.325,-433.323,1.01629e-07,-3.49088e-09,9.46689e-08,-3.21281e-09,-3.21281e-09,-3.21281e-09,-3.21281e-09,0.0,0.0002
4.98,433.33,0.0,-433.325,-433.323,1.01629e-07,-3.49088e-09,9.46689e-08,-3.21281e-09,-3.21281e-09,-3.21281e-09,-3.21281e-09,0.0,0.0002
4.985,433.33,0.0,-433.325,-433.323,1.01629e-07,-3.49088e-09,9.46689e-08,-3.21281e-09,-3.21281e-09,-3.21281e-09,-3.21281e-09,0.0,0.0002
4.99,433.33,0.0,-433.325,-433.323,1.01629e-07,-3.49088e-09,9.46689e-08,-3.21281e-09,-3.21281e-09,-3.21281e-09,-3.21281e-09,0.0,0.0002
4.995,433.33,0.0,-433.325,-433.323,1.01629e-07,-3.49088e-09,9.46689e-08,-3.21281e-09,-3.21281e-09,-3.21281e-09,-3.21281e-09,0.0,0.0002
5.0,433.33,0.0,-433.325,-433.323,1.01629e-07,-3.49088e-09,9.46689e-08,-3.21281e-09,-3.21281e-09,-3.21281e-09,-3.21281e-09,0.0,0.0002
5.005,73128.4,0.0,73128.5,73128.5,1.343e-07,8.70282e-08,2.17739e-07,-3.08704e-09,-3.08704e-09,-3.08704e-09,-3.08704e-09,2.5,0.0002
5.01,173478.0,0.0,173478.0,173478.0,1.69217e-07,1.34843e-07,3.0033e-07,-2.90791e-09,-2.90791e-09,-2.90791e-09,-2.90791e-09,5.89723,0.0002
5.015,247386.0,0.0,247386.0,247386.0,1.90711e-07,1.60843e-07,3.47752e-07,-2.76817e-09,-2.76817e-09,-2.76817e-09,-2.76817e-09,8.39723,0.0002
5.02,321319.0,0.0,321319.0,321319.0,2.10239e-07,1.8354e-07,3.89926e-07,-2.62153e-09,-2.62153e-09,-2.62153e-09,-2.62153e-09,12.3914,0.0002
5.025,439478.0,0.0,439478.0,439478.0,2.37829e-07,2.14439e-07,4.48382e-07,-2.36412e-09,-2.36412e-09,-2.36412e-09,-2.36412e-09,15.7549,0.0002
5.03,513450.0,0.0,513450.0,513450.0,2.53837e-07,2.32037e-07,4.81988e-07,-2.19003e-09,-2.19003e-09,-2.19003e-09,-2.19003e-09,21.0107,0.0002
5.035,668998.0,0.0,668998.0,668998.0,2.83787e-07,2.64264e-07,5.44284e-07,-1.73412e-09,-1.73412e-09,-1.73412e-09,-1.73412e-09,23.5107,0.0002
5.04,768552.0,0.0,768552.0,768552.0,3.02162e-07,2.83912e-07,5.82432e-07,-1.39841e-09,-1.39841e-09,-1.39841e-09,-1.39841e-09,21.499,0.0002
5.045,709007.0,0.0,709007.0,709007.0,2.91506e-07,2.72575e-07,5.60347e-07,-1.61409e-09,-1.61409e-09,-1.61409e-09,-1.61409e-09,22.9641,0.0002
5.05,783007.0,0.0,783007.0,783007.0,3.04671e-07,2.86571e-07,5.87631e-07,-1.3383e-09,-1.3383e-09,-1.3383e-09,-1.3383e-09,22.1616,0.0002
5.055,759250.0,0.0,759250.0,759250.0,3.00528e-07,2.82177e-07,5.79046e-07,-1.43471e-09,-1.43471e-09,-1.43471e-09,-1.43471e-09,24.6616,0.0002
5.06,802620.0,0.0,802620.0,802620.0,3.08043e-07,2.9014e-07,5.94617e-07,-1.25228e-09,-1.25228e-09,-1.25228e-09,-1.25228e-09,31.7926,0.0002
5.065,1013730.0,0.0,1013730.0,1013730.0,3.42185e-07,3.26024e-07,6.65613e-07,1.35676e-10,1.35676e-10,1.35676e-10,1.35676e-10,33.8676,0.0002
5.07,1087750.0,0.0,1087750.0,1087750.0,3.53453e-07,3.37792e-07,6.8907e-07,6.99991e-10,6.99991e-10,6.99991e-10,6.99991e-10,35.0111,0.0002
5.075,1096620.0,0.0,1096590.0,1096590.0,3.54772e-07,3.39167e-07,3.40217e-06,2.71112e-06,2.71112e-06,2.71112e-06,2.71112e-06,37.5111,0.0002
5.08,1100800.0,0.0,1099860.0,1099500.0,3.55393e-07,3.39813e-07,1.86605e-05,1.79682e-05,1.79682e-05,1.79682e-05,1.79682e-05,40.5545,0.0002
5.085,1108540.0,0.0,1104390.0,1102810.0,3.56537e-07,3.41005e-07,3.66575e-05,3.59629e-05,3.59631e-05,3.59631e-05,3.59631e-05,43.5179,0.0002
5.09,1115750.0,0.0,1108300.0,1105460.0,3.57601e-07,3.42114e-07,5.12553e-05,5.05585e-05,5.05589e-05,5.05589e-05,5.0559e-05,46.779,0.0002
5.095,1128560.0,0.0,1114150.0,1108650.0,3.59481e-07,3.4407e-07,6.95533e-05,6.88527e-05,6.88537e-05,6.88537e-05,6.88541e-05,49.279,0.0002
5.1,1140830.0,0.0,1119600.0,1111500.0,3.61278e-07,3.4594e-07,8.60436e-05,8.53394e-05,8.5341e-05,8.53411e-05,8.53418e-05,50.8811,0.0002
5.105,1148920.0,0.0,1122880.0,1112940.0,3.62452e-07,3.47162e-07,9.46416e-05,9.3935e-05,9.39373e-05,9.39374e-05,9.39383e-05,52.2589,0.0002
5.11,1161580.0,0.0,1128000.0,1115180.0,3.64291e-07,3.49074e-07,0.000108048,0.000107338,0.000107341,0.000107341,0.000107343,52.9159,0.0002
5.115,1165220.0,0.0,1129410.0,1115750.0,3.64816e-07,3.4962e-07,0.000111505,0.000110793,0.000110797,0.000110797,0.000110799,55.4159,0.0002
5.12,1173010.0,0.0,1132420.0,1116930.0,3.6594e-07,3.50788e-07,0.000118716,0.000118003,0.000118007,0.000118007,0.000118009,55.7335,0.0002
5.125,1175180.0,0.0,1133200.0,1117170.0,3.66249e-07,3.51108e-07,0.000120297,0.000119583,0.000119588,0.000119588,0.00011959,59.7963,0.0002
5.13,1190000.0,0.0,1138810.0,1119270.0,3.68378e-07,3.53321e-07,0.000133234,0.000132515,0.000132521,0.000132522,0.000132524,64.8631,0.0002
5.135,1224890.0,0.0,1151300.0,1123210.0,3.73314e-07,3.58443e-07,0.000158392,0.000157663,0.000157674,0.000157675,0.000157679,67.3631,0.0002
5.14,1253510.0,0.0,1161470.0,1126330.0,3.77352e-07,3.62632e-07,0.000178424,0.000177687,0.000177702,0.000177703,0.000177708,65.5311,0.0002
5.145,1240060.0,0.0,1156760.0,1124950.0,3.75464e-07,3.60674e-07,0.00016951,0.000168777,0.00016879,0.00016879,0.000168795,71.6696,0.0002
5.15,1258620.0,0.0,1163230.0,1126820.0,3.78065e-07,3.63371e-07,0.000181628,0.00018089,0.000180906,0.000180906,0.000180912,80.1456,0.0002
5.155,1331080.0,0.0,1187430.0,1132580.0,3.87955e-07,3.73605e-07,0.000220636,0.000219878,0.000219906,0.000219907,0.000219919,82.6456,0.0002
5.16,1384380.0,0.0,1205140.0,1136710.0,3.95202e-07,3.81102e-07,0.000248708,0.000247935,0.000247973,0.000247975,0.000247991,77.7445,0.0002
5.165,1339640.0,0.0,1190480.0,1133540.0,3.89184e-07,3.74882e-07,0.000226773,0.000226012,0.000226042,0.000226043,0.000226055,80.9891,0.0002
5.17,1362020.0,0.0,1197860.0,1135180.0,3.92211e-07,3.78011e-07,0.000238056,0.000237289,0.000237323,0.000237324,0.000237338,84.712,0.0002
5.175,1397380.0,0.0,1209320.0,1137520.0,3.96915e-07,3.8287e-07,0.000254419,0.000253642,0.000253684,0.000253685,0.000253702,87.212,0.0002
5.18,1428530.0,0.0,1219390.0,1139540.0,4.01046e-07,3.87137e-07,0.000268603,0.000267818,0.000267866,0.000267868,0.000267888,90.2148,0.0002
5.185,1458880.0,0.0,1229070.0,1141330.0,4.05005e-07,3.9122e-07,0.000281401,0.000280608,0.000280663,0.000280665,0.000280688,91.4331,0.0002
5.19,1484460.0,0.0,1237210.0,1142810.0,4.08328e-07,3.94646e-07,0.000291986,0.000291187,0.000291248,0.00029125,0.000291275,91.828,0.0002
5.195,1488590.0,0.0,1238510.0,1143040.0,4.0886e-07,3.95195e-07,0.00029364,0.000292839,0.000292901,0.000292903,0.000292929,94.328,0.0002
5.2,1501380.0,0.0,1242560.0,1143740.0,4.10507e-07,3.96891e-07,0.000298725,0.000297921,0.000297987,0.000297989,0.000298016,98.6147,0.0002
5.205,1547630.0,0.0,1257080.0,1146150.0,4.16391e-07,4.02951e-07,0.000316356,0.00031554,0.000315617,0.00031562,0.000315652,101.518,0.0002
5.21,1575060.0,0.0,1265660.0,1147540.0,4.19857e-07,4.06519e-07,0.000326536,0.000325714,0.000325798,0.000325801,0.000325836,104.68,0.0002
5.215,1610920.0,0.0,1276800.0,1149230.0,4.24321e-07,4.11108e-07,0.00033916,0.000338329,0.000338423,0.000338426,0.000338466,107.18,0.0002
5.22,1644080.0,0.0,1287080.0,1150780.0,4.28433e-07,4.15336e-07,0.0003507,0.00034986,0.000349963,0.000349967,0.000350011,107.596,0.0002
5.225,1649050.0,0.0,1288610.0,1150990.0,4.29035e-07,4.15955e-07,0.000352304,0.000351462,0.000351567,0.00035157,0.000351615,110.642,0.0002
5.23,1678250.0,0.0,1297620.0,1152290.0,4.32616e-07,4.19633e-07,0.000362098,0.00036125,0.000361363,0.000361367,0.000361415,114.039,0.0002
5.235,1719070.0,0.0,1310140.0,1154000.0,4.37544e-07,4.24691e-07,0.000375152,0.000374293,0.000374418,0.000374423,0.000374476,116.539,0.0002
5.24,1755900.0,0.0,1321420.0,1155520.0,4.41974e-07,4.29238e-07,0.00038681,0.000385943,0.000386078,0.000386083,0.000386142,119.131,0.0002
5.245,1788070.0,0.0,1331220.0,1156780.0,4.45784e-07,4.33144e-07,0.000396552,0.000395677,0.000395823,0.000395828,0.000395891,123.304,0.0002
5.25,1819260.0,0.0,1340720.0,1157990.0,4.49466e-07,4.36919e-07,0.00040591,0.000405027,0.000405183,0.000405188,0.000405256,128.551,0.0002
5.255,1886780.0,0.0,1361150.0,1160430.0,4.57275e-07,4.44916e-07,0.000425106,0.000424208,0.000424386,0.000424392,0.00042447,131.051,0.0002
5.26,1940750.0,0.0,1377460.0,1162360.0,4.63494e-07,4.51283e-07,0.000440311,0.000439401,0.000439596,0.000439603,0.000439689,127.284,0.0002
5.265,1891630.0,0.0,1362640.0,1160640.0,4.57866e-07,4.45522e-07,0.000426668,0.000425769,0.000425948,0.000425954,0.000426032,130.826,0.0002
5.27,1924090.0,0.0,1372440.0,1161790.0,4.61596e-07,4.49341e-07,0.00043575,0.000434843,0.000435033,0.00043504,0.000435122,135.038,0.0002
5.275,1980080.0,0.0,1389280.0,1163670.0,4.6792e-07,4.55808e-07,0.000450762,0.000449843,0.000450052,0.000450059,0.000450151,137.538,0.0002
5.28,2027380.0,0.0,1403490.0,1165240.0,4.73244e-07,4.61252e-07,0.000463342,0.000462413,0.000462638,0.000462646,0.000462745,136.932,0.0002
5.285,2019300.0,0.0,1401060.0,1164980.0,4.72334e-07,4.60322e-07,0.000461192,0.000460264,0.000460486,0.000460495,0.000460592,140.033,0.0002
5.29,2053120.0,0.0,1411200.0,1166070.0,4.76102e-07,4.64173e-07,0.000469976,0.00046904,0.000469274,0.000469283,0.000469386,143.52,0.0002
5.295,2101160.0,0.0,1425560.0,1167550.0,4.81375e-07,4.69559e-07,0.000482033,0.000481087,0.000481339,0.000481348,0.000481459,146.02,0.0002
5.3,2144050.0,0.0,1438360.0,1168870.0,4.86067e-07,4.7435e-07,0.000492721,0.000491765,0.000492033,0.000492042,0.000492161,146.137,0.0002
5.305,2145780.0,0.0,1438870.0,1168910.0,4.86245e-07,4.74532e-07,0.0004931,0.000492144,0.000492412,0.000492422,0.000492541,150.379,0.0002
5.31,2180780.0,0.0,1449300.0,1169960.0,4.90034e-07,4.78399e-07,0.000501625,0.000500661,0.000500943,0.000500953,0.000501078,155.741,0.0002
5.315,2257470.0,0.0,1472070.0,1172130.0,4.98176e-07,4.86702e-07,0.000519556,0.000518576,0.000518887,0.000518898,0.000519037,158.241,0.0002
5.32,2318360.0,0.0,1490140.0,1173830.0,5.04619e-07,4.93271e-07,0.000533696,0.000532704,0.000533038,0.000533051,0.0005332,164.186,0.0002
5.325,2405660.0,0.0,1515950.0,1176150.0,5.13651e-07,5.02472e-07,0.000553076,0.000552065,0.000552435,0.000552449,0.000552615,164.567,0.0002
5.33,2442710.0,0.0,1526890.0,1177110.0,5.17449e-07,5.06339e-07,0.000561153,0.000560134,0.00056052,0.000560534,0.000560706,163.585,0.0002
5.335,2428120.0,0.0,1522580.0,1176730.0,5.15958e-07,5.04821e-07,0.000557993,0.000556978,0.000557357,0.000557371,0.000557541,166.085,0.0002
5.34,2433760.0,0.0,1524250.0,1176880.0,5.16536e-07,5.0541e-07,0.00055922,0.000558204,0.000558585,0.000558599,0.00055877,167.26,0.0002
5.345,2451340.0,0.0,1529430.0,1177320.0,5.18319e-07,5.07225e-07,0.000562977,0.000561957,0.000562346,0.00056236,0.000562534,170.166,0.0002
5.35,2488710.0,0.0,1540440.0,1178270.0,5.22115e-07,5.11089e-07,0.000570984,0.000569956,0.000570361,0.000570375,0.000570557,173.333,0.0002
5.355,2536630.0,0.0,1554540.0,1179440.0,5.26919e-07,5.15976e-07,0.000581001,0.000579964,0.000580389,0.000580404,0.000580595,175.833,0.0002
5.36,2580710.0,0.0,1567510.0,1180520.0,5.31326e-07,5.20459e-07,0.000590168,0.000589122,0.000589565,0.000589581,0.000589781,179.8,0.0002
5.365,2641640.0,0.0,1585400.0,1181960.0,5.37331e-07,5.26564e-07,0.000602515,0.000601457,0.000601927,0.000601944,0.000602156,182.691,0.0002
5.37,2680220.0,0.0,1596710.0,1182850.0,5.41112e-07,5.30408e-07,0.000610255,0.000609189,0.000609677,0.000609695,0.000609914,185.832,0.0002
5.375,2729220.0,0.0,1611060.0,1183960.0,5.45854e-07,5.35226e-07,0.000619867,0.000618792,0.000619301,0.00061932,0.00061955,188.332,0.0002
5.38,2774410.0,0.0,1624290.0,1184980.0,5.50215e-07,5.39656e-07,0.000628689,0.000627605,0.000628135,0.000628154,0.000628394,193.724,0.0002
5.385,2859740.0,0.0,1649240.0,1186840.0,5.58328e-07,5.47893e-07,0.00064492,0.00064382,0.000644389,0.00064441,0.000644667,193.143,0.0002
5.39,2899550.0,0.0,1660860.0,1187690.0,5.62083e-07,5.51705e-07,0.000652392,0.000651285,0.000651873,0.000651894,0.000652161,190.582,0.0002
5.395,2858780.0,0.0,1648950.0,1186820.0,5.58236e-07,5.478e-07,0.000644736,0.000643637,0.000644205,0.000644226,0.000644484,193.082,0.0002
5.4,2849470.0,0.0,1646240.0,1186620.0,5.57364e-07,5.46915e-07,0.00064301,0.000641911,0.000642476,0.000642496,0.000642752,199.892,0.0002
5.405,2958480.0,0.0,1678050.0,1188920.0,5.67578e-07,5.57281e-07,0.000663242,0.000662124,0.000662739,0.000662762,0.000663041,204.686,0.0002
5.41,2998780.0,0.0,1689790.0,1189760.0,5.71319e-07,5.61076e-07,0.000670605,0.000669479,0.000670114,0.000670137,0.000670426,210.954,0.0002
5.415,3101200.0,0.0,1719590.0,1191790.0,5.80653e-07,5.7054e-07,0.000688763,0.000687619,0.000688304,0.000688329,0.000688641,213.454,0.0002
5.42,3179700.0,0.0,1742430.0,1193350.0,5.87787e-07,5.77772e-07,0.000702617,0.000701458,0.000702182,0.000702209,0.000702538,208.862,0.0002
5.425,3104200.0,0.0,1720480.0,1191870.0,5.80964e-07,5.70856e-07,0.000689413,0.000688267,0.000688954,0.000688979,0.000689291,211.995,0.0002
5.43,3145200.0,0.0,1732400.0,1192680.0,5.84682e-07,5.74626e-07,0.000696624,0.000695471,0.000696178,0.000696204,0.000696525,215.534,0.0002
5.435,3203760.0,0.0,1749410.0,1193800.0,5.89927e-07,5.79941e-07,0.000706723,0.000705559,0.000706296,0.000706323,0.000706658,218.034,0.0002
5.44,3255680.0,0.0,1764490.0,1194800.0,5.94567e-07,5.84642e-07,0.000715641,0.000714468,0.000715231,0.000715259,0.000715606,218.972,0.0002
5.445,3271360.0,0.0,1769040.0,1195090.0,5.9595e-07,5.86043e-07,0.000718279,0.000717104,0.000717875,0.000717903,0.000718254,222.045,0.0002
5.45,3313100.0,0.0,1781150.0,1195870.0,5.9964e-07,5.89781e-07,0.000725329,0.000724147,0.000724939,0.000724968,0.000725329,225.484,0.0002
5.455,3370970.0,0.0,1797920.0,1196930.0,6.04698e-07,5.94903e-07,0.000734931,0.000733738,0.000734561,0.000734591,0.000734966,227.984,0.0002
5.46,3422750.0,0.0,1812920.0,1197870.0,6.09211e-07,5.99473e-07,0.000743487,0.000742286,0.000743135,0.000743166,0.000743554,229.695,0.0002
5.465,3451790.0,0.0,1821330.0,1198390.0,6.11715e-07,6.02007e-07,0.000748205,0.000746998,0.000747863,0.000747895,0.00074829,232.043,0.0002
5.47,3494250.0,0.0,1833620.0,1199140.0,6.15373e-07,6.0571e-07,0.000755096,0.000753882,0.00075477,0.000754802,0.000755207,234.294,0.0002
5.475,3532690.0,0.0,1844740.0,1199810.0,6.18655e-07,6.09031e-07,0.00076125,0.00076003,0.000760938,0.000760971,0.000761386,236.794,0.0002
5.48,3572860.0,0.0,1856360.0,1200510.0,6.22077e-07,6.12494e-07,0.000767659,0.000766431,0.000767362,0.000767395,0.00076782,244.409,0.0002
5.485,3704250.0,0.0,1894310.0,1202740.0,6.33119e-07,6.23663e-07,0.000788199,0.00078695,0.000787952,0.000787989,0.000788446,244.275,0.0002
5.49,3747640.0,0.0,1906840.0,1203460.0,6.36731e-07,6.27315e-07,0.000794887,0.000793631,0.000794658,0.000794695,0.000795164,242.448,0.0002
5.495,3715910.0,0.0,1897680.0,1202940.0,6.34093e-07,6.24647e-07,0.000790005,0.000788754,0.000789763,0.0007898,0.00079026,244.948,0.0002
5.5,3713550.0,0.0,1897000.0,1202900.0,6.339e-07,6.24452e-07,0.000789651,0.0007884,0.000789408,0.000789444,0.000789905,250.91,0.0002
5.505,3817480.0,0.0,1926990.0,1204600.0,6.42488e-07,6.33135e-07,0.000805497,0.000804229,0.000805295,0.000805334,0.000805821,251.575,0.0002
5.51,3861240.0,0.0,1939610.0,1205310.0,6.46079e-07,6.36765e-07,0.000812101,0.000810827,0.000811918,0.000811957,0.000812456,251.062,0.0002
5.515,3852230.0,0.0,1937010.0,1205170.0,6.45342e-07,6.3602e-07,0.000810749,0.000809475,0.000810561,0.000810601,0.000811097,253.562,0.0002
5.52,3863900.0,0.0,1940370.0,1205360.0,6.46296e-07,6.36985e-07,0.0008125,0.000811225,0.000812318,0.000812357,0.000812857,259.751,0.0002
5.525,3973030.0,0.0,1971820.0,1207080.0,6.55142e-07,6.45923e-07,0.00082868,0.000827387,0.000828543,0.000828585,0.000829113,262.476,0.0002
5.53,4017290.0,0.0,1984560.0,1207780.0,6.58704e-07,6.49523e-07,0.000835175,0.000833875,0.000835056,0.000835099,0.000835639,265.345,0.0002
5.535,4068360.0,0.0,1999260.0,1208560.0,6.62776e-07,6.53635e-07,0.000842569,0.000841261,0.000842473,0.000842517,0.000843071,267.845,0.0002
5.54,4116910.0,0.0,2013230.0,1209310.0,6.66639e-07,6.57538e-07,0.000849578,0.000848263,0.000849503,0.000849549,0.000850115,269.349,0.0002
5.545,4143850.0,0.0,2020980.0,1209710.0,6.68763e-07,6.59683e-07,0.000853418,0.000852098,0.000853355,0.0008534,0.000853975,274.578,0.0002
5.55,4188620.0,0.0,2033850.0,1210390.0,6.72294e-07,6.63248e-07,0.0008598,0.000858473,0.000859757,0.000859803,0.00086039,281.562,0.0002
5.555,4314790.0,0.0,2070100.0,1212230.0,6.82087e-07,6.73134e-07,0.000877389,0.000876042,0.000877403,0.000877453,0.000878074,284.062,0.0002
5.56,4409390.0,0.0,2097280.0,1213610.0,6.89412e-07,6.80529e-07,0.000890534,0.000889174,0.000890593,0.000890644,0.000891292,281.294,0.0002
5.565,4359130.0,0.0,2082850.0,1212890.0,6.85547e-07,6.76628e-07,0.000883617,0.000882264,0.000883652,0.000883702,0.000884337,284.035,0.0002
5.57,4404510.0,0.0,2095880.0,1213540.0,6.89039e-07,6.80152e-07,0.000889866,0.000888506,0.000889922,0.000889974,0.000890621,286.932,0.0002
5.575,4457340.0,0.0,2111040.0,1214290.0,6.93067e-07,6.84217e-07,0.000897053,0.000895685,0.000897134,0.000897187,0.000897849,289.432,0.0002
5.58,4507380.0,0.0,2125400.0,1215000.0,6.96877e-07,6.88061e-07,0.000903843,0.000902468,0.000903948,0.000904002,0.000904678,290.208,0.0002
5.585,4521630.0,0.0,2129490.0,1215200.0,6.97951e-07,6.89144e-07,0.00090575,0.000904372,0.000905862,0.000905916,0.000906596,291.839,0.0002
5.59,4567440.0,0.0,2142630.0,1215840.0,7.01413e-07,6.92637e-07,0.000911905,0.00091052,0.000912039,0.000912094,0.000912788,292.913,0.0002
5.595,4587170.0,0.0,2148280.0,1216110.0,7.02895e-07,6.94132e-07,0.000914534,0.000913147,0.000914678,0.000914734,0.000915433,295.413,0.0002
5.6,4617170.0,0.0,2156880.0,1216520.0,7.05146e-07,6.96403e-07,0.000918526,0.000917134,0.000918684,0.00091874,0.000919448,301.091,0.0002
5.605,4722050.0,0.0,2186940.0,1217950.0,7.12952e-07,7.04276e-07,0.000932325,0.000930918,0.000932536,0.000932595,0.000933334,303.726,0.0002
5.61,4768360.0,0.0,2200210.0,1218570.0,7.16379e-07,7.07731e-07,0.000938371,0.000936957,0.000938605,0.000938665,0.000939417,306.447,0.0002
5.615,4818960.0,0.0,2214700.0,1219250.0,7.20094e-07,7.11477e-07,0.000944907,0.000943485,0.000945167,0.000945228,0.000945995,308.947,0.0002
5.62,4868000.0,0.0,2228750.0,1219890.0,7.23688e-07,7.151e-07,0.000951225,0.000949796,0.000951511,0.000951572,0.000952354,310.389,0.0002
5.625,4894940.0,0.0,2236460.0,1220250.0,7.25647e-07,7.17075e-07,0.00095466,0.000953227,0.00095496,0.000955022,0.000955812,315.028,0.0002
5.63,4941660.0,0.0,2249830.0,1220860.0,7.29043e-07,7.20499e-07,0.000960616,0.000959177,0.000960941,0.000961004,0.000961808,321.043,0.0002
5.635,5054720.0,0.0,2282170.0,1222300.0,7.37162e-07,7.28681e-07,0.000974794,0.000973338,0.000975179,0.000975245,0.000976084,323.543,0.0002
5.64,5142030.0,0.0,2307150.0,1223410.0,7.43419e-07,7.34986e-07,0.000985712,0.000984244,0.000986144,0.000986212,0.000987078,323.194,0.0002
5.645,5135480.0,0.0,2305270.0,1223330.0,7.42949e-07,7.34512e-07,0.000984891,0.000983424,0.000985319,0.000985387,0.000986251,325.247,0.0002
5.65,5182720.0,0.0,2318780.0,1223920.0,7.46305e-07,7.37894e-07,0.00099073,0.000989257,0.000991185,0.000991254,0.000992132,327.014,0.0002
5.655,5216200.0,0.0,2328350.0,1224340.0,7.48669e-07,7.40275e-07,0.000994836,0.000993357,0.000995308,0.000995379,0.000996267,329.514,0.0002
5.66,5255150.0,0.0,2339480.0,1224820.0,7.51414e-07,7.43041e-07,0.000999601,0.000998117,0.0010001,0.00100017,0.00100107,327.648,0.0002
5.665,5219770.0,0.0,2329370.0,1224380.0,7.48918e-07,7.40526e-07,0.000995267,0.000993788,0.000995742,0.000995812,0.000996702,331.065,0.0002
5.67,5267190.0,0.0,2342920.0,1224970.0,7.5226e-07,7.43893e-07,0.00100107,0.000999582,0.00100157,0.00100164,0.00100254,335.071,0.0002
5.675,5343500.0,0.0,2364720.0,1225900.0,7.57589e-07,7.49261e-07,0.00101029,0.0010088,0.00101084,0.00101091,0.00101184,337.571,0.0002
5.68,5408650.0,0.0,2383330.0,1226690.0,7.6213e-07,7.53835e-07,0.00101815,0.00101664,0.00101873,0.0010188,0.00101975,336.556,0.0002
5.685,5389290.0,0.0,2377800.0,1226460.0,7.60782e-07,7.52477e-07,0.00101582,0.00101431,0.00101639,0.00101646,0.0010174,339.915,0.0002
5.69,5437050.0,0.0,2391440.0,1227040.0,7.64096e-07,7.55815e-07,0.00102154,0.00102003,0.00102214,0.00102221,0.00102317,343.826,0.0002
5.695,5512080.0,0.0,2412860.0,1227930.0,7.69256e-07,7.61011e-07,0.00103043,0.00102891,0.00103107,0.00103115,0.00103213,346.326,0.0002
5.7,5576570.0,0.0,2431270.0,1228690.0,7.73684e-07,7.65469e-07,0.00103805,0.00103652,0.00103873,0.00103881,0.00103981,352.53,0.0002
5.705,5696280.0,0.0,2465420.0,1230090.0,7.81813e-07,7.73654e-07,0.001052,0.00105046,0.00105275,0.00105284,0.00105388,353.061,0.0002
5.71,5744640.0,0.0,2479220.0,1230640.0,7.85079e-07,7.76941e-07,0.0010576,0.00105605,0.00105838,0.00105846,0.00105952,352.327,0.0002
5.715,5730420.0,0.0,2475160.0,1230480.0,7.84121e-07,7.75977e-07,0.00105596,0.00105441,0.00105673,0.00105681,0.00105787,354.827,0.0002
5.72,5740700.0,0.0,2478090.0,1230600.0,7.84813e-07,7.76674e-07,0.00105715,0.0010556,0.00105792,0.00105801,0.00105906,355.074,0.0002
5.725,5745510.0,0.0,2479460.0,1230650.0,7.85133e-07,7.76996e-07,0.00105769,0.00105614,0.00105847,0.00105855,0.00105961,359.838,0.0002
5.73,5793950.0,0.0,2493280.0,1231210.0,7.88391e-07,7.80275e-07,0.00106327,0.00106171,0.00106408,0.00106416,0.00106523,366.057,0.0002
5.735,5915050.0,0.0,2527800.0,1232570.0,7.96443e-07,7.88378e-07,0.001077,0.00107543,0.00107789,0.00107797,0.00107909,368.557,0.0002
5.74,6007900.0,0.0,2554260.0,1233610.0,8.02605e-07,7.9458e-07,0.00108751,0.00108593,0.00108845,0.00108854,0.00108969,367.096,0.0002
5.745,5979380.0,0.0,2546140.0,1233290.0,8.00721e-07,7.92684e-07,0.0010843,0.00108272,0.00108523,0.00108531,0.00108645,371.193,0.0002
5.75,6028230.0,0.0,2560060.0,1233840.0,8.03943e-07,7.95926e-07,0.00108979,0.0010882,0.00109074,0.00109083,0.00109198,376.316,0.0002
5.755,6128760.0,0.0,2588700.0,1234930.0,8.1051e-07,8.02533e-07,0.00110094,0.00109934,0.00110195,0.00110205,0.00110323,378.816,0.0002
5.76,6209220.0,0.0,2611610.0,1235810.0,8.15756e-07,8.07811e-07,0.00110984,0.00110823,0.00111091,0.001111,0.00111222,376.181,0.0002
5.765,6157410.0,0.0,2596860.0,1235250.0,8.12388e-07,8.04422e-07,0.00110413,0.00110252,0.00110516,0.00110526,0.00110645,380.209,0.0002
5.77,6206560.0,0.0,2610860.0,1235780.0,8.15584e-07,8.07638e-07,0.00110955,0.00110794,0.00111061,0.00111071,0.00111192,385.218,0.0002
5.775,6305430.0,0.0,2639000.0,1236840.0,8.21953e-07,8.14044e-07,0.00112032,0.0011187,0.00112145,0.00112155,0.00112279,387.718,0.0002
5.78,6384990.0,0.0,2661650.0,1237690.0,8.27068e-07,8.19189e-07,0.00112897,0.00112734,0.00113015,0.00113025,0.00113153,389.849,0.0002
5.785,6427230.0,0.0,2673670.0,1238130.0,8.29761e-07,8.21897e-07,0.00113351,0.00113187,0.00113472,0.00113482,0.00113611,391.745,0.0002
5.79,6476820.0,0.0,2687790.0,1238650.0,8.32918e-07,8.25072e-07,0.00113884,0.00113719,0.00114008,0.00114018,0.00114149,393.254,0.0002
5.795,6506800.0,0.0,2696320.0,1238960.0,8.34817e-07,8.26982e-07,0.00114204,0.00114039,0.0011433,0.0011434,0.00114472,395.754,0.0002
5.8,6544510.0,0.0,2707040.0,1239350.0,8.37203e-07,8.29382e-07,0.00114605,0.0011444,0.00114734,0.00114745,0.00114878,400.253,0.0002
5.805,6634190.0,0.0,2732550.0,1240280.0,8.42845e-07,8.35054e-07,0.00115554,0.00115388,0.00115689,0.001157,0.00115835,401.523,0.0002
5.81,6684090.0,0.0,2746750.0,1240790.0,8.45973e-07,8.38199e-07,0.00116079,0.00115912,0.00116218,0.00116229,0.00116366,402.003,0.0002
5.815,6693670.0,0.0,2749470.0,1240880.0,8.46572e-07,8.38801e-07,0.0011618,0.00116013,0.00116319,0.0011633,0.00116468,404.503,0.0002
5.82,6700730.0,0.0,2751480.0,1240950.0,8.47013e-07,6.79945e-06,0.00116846,0.00116087,0.00116393,0.00116404,0.00116543,411.252,0.0002
5.825,6702150.0,0.0,2751880.0,1240970.0,8.47101e-07,5.02073e-05,0.00121171,0.00116102,0.00116408,0.00116419,0.00116558,413.752,0.0002
5.83,6702570.0,0.0,2752000.0,1240970.0,8.47127e-07,6.63213e-05,0.00122776,0.00116106,0.00116413,0.00116424,0.00116562,414.999,0.0002
5.835,6702780.0,0.0,2752060.0,1240980.0,8.47141e-07,7.43596e-05,0.00123577,0.00116108,0.00116415,0.00116426,0.00116564,417.819,0.0002
5.84,6703200.0,0.0,2752180.0,1240980.0,8.47167e-07,9.04736e-05,0.00125181,0.00116113,0.00116419,0.0011643,0.00116569,421.076,0.0002
5.845,6703740.0,0.0,2752340.0,1240990.0,8.47201e-07,0.000111466,0.00127272,0.00116118,0.00116425,0.00116436,0.00116574,423.576,0.0002
5.85,6704220.0,0.0,2752470.0,1240990.0,8.4723e-07,0.000129648,0.00129082,0.00116123,0.0011643,0.00116441,0.00116579,423.358,0.0002
5.855,6704180.0,0.0,2752460.0,1240990.0,8.47228e-07,0.000128237,0.00128942,0.00116123,0.0011643,0.00116441,0.00116579,426.271,0.0002
5.86,6704600.0,0.0,2752580.0,1240990.0,8.47254e-07,0.000144351,0.00130546,0.00116127,0.00116434,0.00116445,0.00116584,429.747,0.0002
5.865,6705180.0,0.0,2752750.0,1241000.0,8.47291e-07,0.000166755,0.00132777,0.00116133,0.0011644,0.00116451,0.0011659,432.247,0.0002
5.87,6705670.0,0.0,2752890.0,1241010.0,8.47321e-07,0.000185534,0.00134647,0.00116138,0.00116445,0.00116456,0.00116595,434.649,0.0002
5.875,6706080.0,0.0,2753000.0,1241010.0,8.47346e-07,0.000201015,0.00136189,0.00116143,0.0011645,0.00116461,0.00116599,436.901,0.0002
5.88,6706500.0,0.0,2753120.0,1241010.0,8.47373e-07,0.000217129,0.00137794,0.00116147,0.00116454,0.00116465,0.00116604,438.818,0.0002
5.885,6706820.0,0.0,2753210.0,1241020.0,8.47393e-07,0.000229483,0.00139024,0.0011615,0.00116457,0.00116468,0.00116607,441.318,0.0002
5.89,6707190.0,0.0,2753320.0,1241020.0,8.47416e-07,0.000244004,0.0014047,0.00116154,0.00116461,0.00116472,0.00116611,446.055,0.0002
5.895,6707990.0,0.0,2753540.0,1241030.0,8.47466e-07,0.000274534,0.0014351,0.00116163,0.0011647,0.00116481,0.00116619,448.692,0.0002
5.9,6708410.0,0.0,2753660.0,1241030.0,8.47492e-07,0.000290648,0.00145115,0.00116167,0.00116474,0.00116485,0.00116624,451.515,0.0002
5.905,6708880.0,0.0,2753800.0,1241040.0,8.47522e-07,0.000308847,0.00146927,0.00116172,0.00116479,0.0011649,0.00116629,454.015,0.0002
5.91,6709320.0,0.0,2753920.0,1241040.0,8.47549e-07,0.000325845,0.0014862,0.00116177,0.00116484,0.00116495,0.00116634,455.301,0.0002
5.915,6709540.0,0.0,2753990.0,1241050.0,8.47563e-07,0.000334133,0.00149445,0.00116179,0.00116486,0.00116497,0.00116636,457.627,0.0002
5.92,6709960.0,0.0,2754110.0,1241050.0,8.47589e-07,0.000350247,0.0015105,0.00116183,0.00116491,0.00116502,0.0011664,459.717,0.0002
5.925,6710310.0,0.0,2754200.0,1241050.0,8.47611e-07,0.00036372,0.00152391,0.00116187,0.00116494,0.00116505,0.00116644,462.217,0.0002
5.93,6710700.0,0.0,2754320.0,1241060.0,8.47635e-07,0.000378715,0.00153884,0.00116191,0.00116498,0.00116509,0.00116648,460.164,0.0002
5.935,6710360.0,0.0,2754220.0,1241050.0,8.47613e-07,0.000365476,0.00152566,0.00116187,0.00116495,0.00116506,0.00116644,463.47,0.0002
5.94,6710780.0,0.0,2754340.0,1241060.0,8.4764e-07,0.00038159,0.00154171,0.00116192,0.00116499,0.0011651,0.00116649,467.874,0.0002
5.945,6711510.0,0.0,2754550.0,1241070.0,8.47686e-07,0.000409976,0.00156997,0.00116199,0.00116507,0.00116518,0.00116657,470.374,0.0002
5.95,6712070.0,0.0,2754700.0,1241070.0,8.4772e-07,0.00043129,0.0015912,0.00116205,0.00116513,0.00116524,0.00116663,472.873,0.0002
5.955,6712490.0,0.0,2754820.0,1241080.0,8.47746e-07,0.000447399,0.00160724,0.0011621,0.00116517,0.00116528,0.00116667,476.531,0.0002
5.96,6712910.0,0.0,2754940.0,1241080.0,8.47773e-07,0.000463513,0.00162329,0.00116214,0.00116522,0.00116533,0.00116671,481.762,0.0002
5.965,6713780.0,0.0,2755190.0,1241090.0,8.47827e-07,0.000497234,0.00165687,0.00116223,0.00116531,0.00116542,0.00116681,484.262,0.0002
5.97,6714400.0,0.0,2755370.0,1241090.0,8.47865e-07,0.000520809,0.00168034,0.0011623,0.00116537,0.00116548,0.00116687,487.317,0.0002
5.975,6714910.0,0.0,2755510.0,1241100.0,8.47897e-07,0.000540497,0.00169995,0.00116235,0.00116543,0.00116554,0.00116693,488.955,0.0002
5.98,6715330.0,0.0,2755630.0,1241100.0,8.47924e-07,0.000556611,0.00171599,0.00116239,0.00116547,0.00116558,0.00116697,489.42,0.0002
5.985,6715410.0,0.0,2755650.0,1241110.0,8.47928e-07,0.000559614,0.00171898,0.0011624,0.00116548,0.00116559,0.00116698,491.92,0.0002
5.99,6715680.0,0.0,2755730.0,1241110.0,8.47945e-07,0.000570173,0.0017295,0.00116243,0.00116551,0.00116562,0.00116701,492.354,0.0002
5.995,6715750.0,0.0,2755750.0,1241110.0,8.4795e-07,0.000572965,0.00173228,0.00116244,0.00116552,0.00116563,0.00116701,496.171,0.0002
6.0,6716170.0,0.0,2755870.0,1241110.0,8.47976e-07,0.00058908,0.00174832,0.00116248,0.00116556,0.00116567,0.00116706,501.78,0.0002
6.005,6717110.0,0.0,2756140.0,1241120.0,8.48035e-07,0.000625233,0.00178432,0.00116258,0.00116566,0.00116577,0.00116716,504.28,0.0002
6.01,6717750.0,0.0,2756320.0,1241130.0,8.48075e-07,0.000649838,0.00180883,0.00116265,0.00116573,0.00116584,0.00116723,504.703,0.0002
6.015,6717820.0,0.0,2756340.0,1241130.0,8.48079e-07,0.000652565,0.00181154,0.00116265,0.00116573,0.00116584,0.00116723,507.973,0.0002
6.02,6718240.0,0.0,2756460.0,1241130.0,8.48105e-07,0.000668679,0.00182759,0.0011627,0.00116578,0.00116589,0.00116728,512.291,0.0002
6.025,6718960.0,0.0,2756670.0,1241140.0,8.4815e-07,0.000696513,0.0018553,0.00116277,0.00116585,0.00116596,0.00116735,514.791,0.0002
6.03,6719510.0,0.0,2756820.0,1241150.0,8.48184e-07,0.000717594,0.0018763,0.00116283,0.00116591,0.00116602,0.00116741,515.659,0.0002
6.035,6719660.0,0.0,2756860.0,1241150.0,8.48193e-07,0.000723183,0.00188186,0.00116285,0.00116593,0.00116604,0.00116743,516.676,0.0002
6.04,6720070.0,0.0,2756980.0,1241150.0,8.4822e-07,0.000739298,0.00189791,0.00116289,0.00116597,0.00116608,0.00116747,515.678,0.0002
6.045,6719910.0,0.0,2756930.0,1241150.0,8.48209e-07,0.000732865,0.0018915,0.00116287,0.00116595,0.00116606,0.00116745,518.178,0.0002
6.05,6720080.0,0.0,2756980.0,1241150.0,8.4822e-07,0.000739425,0.00189803,0.00116289,0.00116597,0.00116608,0.00116747,523.469,0.0002
6.055,6720960.0,0.0,2757240.0,1241160.0,8.48275e-07,0.000773528,0.00193199,0.00116298,0.00116606,0.00116617,0.00116757,526.558,0.0002
6.06,6721380.0,0.0,2757350.0,1241170.0,8.48301e-07,0.000789642,0.00194804,0.00116303,0.00116611,0.00116622,0.00116761,530.449,0.0002
6.065,6722030.0,0.0,2757540.0,1241170.0,8.48342e-07,0.000814722,0.00197301,0.00116309,0.00116618,0.00116629,0.00116768,532.949,0.0002
6.07,6722550.0,0.0,2757690.0,1241180.0,8.48374e-07,0.000834635,0.00199284,0.00116315,0.00116623,0.00116634,0.00116773,535.293,0.0002
6.075,6722940.0,0.0,2757800.0,1241180.0,8.48398e-07,0.000849743,0.00200789,0.00116319,0.00116627,0.00116638,0.00116777,537.257,0.0002
6.08,6723360.0,0.0,2757920.0,1241190.0,8.48424e-07,0.000865857,0.00202393,0.00116323,0.00116632,0.00116643,0.00116782,538.491,0.0002
6.085,6723570.0,0.0,2757980.0,1241190.0,8.48437e-07,0.000873816,0.00203186,0.00116325,0.00116634,0.00116645,0.00116784,540.991,0.0002
6.09,6723900.0,0.0,2758070.0,1241190.0,8.48458e-07,0.000886475,0.00204446,0.00116329,0.00116637,0.00116648,0.00116788,546.982,0.0002
6.095,6724900.0,0.0,2758350.0,1241200.0,8.4852e-07,0.000925087,0.00208291,0.00116339,0.00116648,0.00116659,0.00116798,549.54,0.0002
6.1,6725320.0,0.0,2758470.0,1241210.0,8.48546e-07,0.000941202,0.00209896,0.00116344,0.00116652,0.00116663,0.00116803,552.177,0.0002
6.105,6725760.0,0.0,2758600.0,1241210.0,8.48574e-07,0.0009582,0.00211588,0.00116348,0.00116657,0.00116668,0.00116807,554.677,0.0002
6.11,6726190.0,0.0,2758720.0,1241220.0,8.48601e-07,0.000974689,0.0021323,0.00116353,0.00116661,0.00116672,0.00116812,553.762,0.0002
6.115,6726030.0,0.0,2758680.0,1241210.0,8.48591e-07,0.000968794,0.00212643,0.00116351,0.0011666,0.00116671,0.0011681,555.493,0.0002
6.12,6726450.0,0.0,2758800.0,1241220.0,8.48617e-07,0.000984909,0.00214248,0.00116356,0.00116664,0.00116675,0.00116814,556.178,0.0002
6.125,6726570.0,0.0,2758830.0,1241220.0,8.48624e-07,0.000989326,0.00214688,0.00116357,0.00116665,0.00116676,0.00116816,558.678,0.0002
6.13,6726860.0,0.0,2758910.0,1241220.0,8.48642e-07,0.00100048,0.00215799,0.0011636,0.00116668,0.00116679,0.00116819,564.256,0.0002
6.135,6727790.0,0.0,2759180.0,1241230.0,8.487e-07,0.00103644,0.00219379,0.0011637,0.00116678,0.00116689,0.00116829,566.522,0.0002
6.14,6728210.0,0.0,2759300.0,1241240.0,8.48726e-07,0.00105255,0.00220984,0.00116374,0.00116683,0.00116694,0.00116833,568.469,0.0002
6.145,6728530.0,0.0,2759390.0,1241240.0,8.48747e-07,0.0010651,0.00222233,0.00116377,0.00116686,0.00116697,0.00116836,570.969,0.0002
6.15,6728910.0,0.0,2759500.0,1241240.0,8.4877e-07,0.00107971,0.00223688,0.00116381,0.0011669,0.00116701,0.0011684,573.074,0.0002
6.155,6729260.0,0.0,2759600.0,1241250.0,8.48792e-07,0.00109328,0.00225039,0.00116385,0.00116694,0.00116705,0.00116844,576.139,0.0002
6.16,6729680.0,0.0,2759720.0,1241250.0,8.48818e-07,0.00110939,0.00226644,0.00116389,0.00116698,0.00116709,0.00116849,579.973,0.0002
6.165,6730320.0,0.0,2759900.0,1241260.0,8.48858e-07,0.0011341,0.00229104,0.00116396,0.00116705,0.00116716,0.00116855,582.473,0.0002
6.17,6730840.0,0.0,2760040.0,1241260.0,8.4889e-07,0.00115386,0.00231072,0.00116401,0.0011671,0.00116721,0.00116861,584.71,0.0002
6.175,6731210.0,0.0,2760150.0,1241270.0,8.48913e-07,0.00116828,0.00232508,0.00116405,0.00116714,0.00116725,0.00116865,588.06,0.0002
6.18,6731630.0,0.0,2760270.0,1241270.0,8.4894e-07,0.0011844,0.00234112,0.0011641,0.00116719,0.0011673,0.00116869,592.566,0.0002
6.185,6732380.0,0.0,2760480.0,1241280.0,8.48986e-07,0.00121344,0.00237005,0.00116417,0.00116727,0.00116738,0.00116877,595.066,0.0002
6.19,6732940.0,0.0,2760640.0,1241280.0,8.49021e-07,0.00123504,0.00239155,0.00116423,0.00116732,0.00116743,0.00116883,599.83,0.0002
6.195,6733740.0,0.0,2760870.0,1241290.0,8.49071e-07,0.00126575,0.00242213,0.00116432,0.00116741,0.00116752,0.00116891,599.848,0.0002
6.2,6734160.0,0.0,2760990.0,1241300.0,8.49097e-07,0.00128186,0.00243818,0.00116436,0.00116745,0.00116756,0.00116896,596.49,0.0002
6.205,6733590.0,0.0,2760830.0,1241290.0,8.49062e-07,0.00126022,0.00241662,0.0011643,0.00116739,0.0011675,0.0011689,598.99,0.0002
6.21,6733600.0,0.0,2760830.0,1241290.0,8.49062e-07,0.00126033,0.00241674,0.0011643,0.00116739,0.0011675,0.0011689,600.478,0.0002
6.215,6733850.0,0.0,2760900.0,1241290.0,8.49078e-07,0.00126992,0.00242629,0.00116433,0.00116742,0.00116753,0.00116893,603.898,0.0002
6.22,6734260.0,0.0,2761020.0,1241300.0,8.49104e-07,0.00128604,0.00244233,0.00116437,0.00116746,0.00116757,0.00116897,608.571,0.0002
6.225,6735040.0,0.0,2761240.0,1241310.0,8.49152e-07,0.00131616,0.00247232,0.00116445,0.00116755,0.00116766,0.00116905,611.071,0.0002
6.23,6735620.0,0.0,2761400.0,1241310.0,8.49188e-07,0.0013382,0.00249428,0.00116451,0.00116761,0.00116772,0.00116911,612.042,0.0002
6.235,6735780.0,0.0,2761450.0,1241310.0,8.49198e-07,0.00134447,0.00250051,0.00116453,0.00116762,0.00116773,0.00116913,614.967,0.0002
6.24,6736200.0,0.0,2761570.0,1241320.0,8.49224e-07,0.00136058,0.00251656,0.00116457,0.00116767,0.00116778,0.00116917,618.468,0.0002
6.245,6736780.0,0.0,2761730.0,1241320.0,8.4926e-07,0.00138315,0.00253903,0.00116463,0.00116773,0.00116784,0.00116923,620.968,0.0002
6.25,6737270.0,0.0,2761870.0,1241330.0,8.49291e-07,0.001402,0.00255781,0.00116468,0.00116778,0.00116789,0.00116929,624.132,0.0002
6.255,6737800.0,0.0,2762020.0,1241330.0,8.49324e-07,0.0014224,0.00257811,0.00116474,0.00116784,0.00116795,0.00116934,626.632,0.0002
6.26,6737940.0,0.0,2762060.0,1241340.0,8.49332e-07,0.00142768,0.00258337,0.00116475,0.00116785,0.00116796,0.00116936,628.74,0.0002
6.265,6738150.0,0.0,2762120.0,1241340.0,8.49346e-07,0.00143599,0.00259164,0.00116478,0.00116787,0.00116798,0.00116938,628.03,0.0002
6.27,6738150.0,0.0,2762120.0,1241340.0,8.49346e-07,0.00143599,0.00259164,0.00116478,0.00116787,0.00116798,0.00116938,625.864,0.0002
6.275,6737790.0,0.0,2762020.0,1241330.0,8.49323e-07,0.00142203,0.00257774,0.00116474,0.00116783,0.00116794,0.00116934,625.864,0.0002
6.28,6737670.0,0.0,2761990.0,1241330.0,8.49316e-07,0.00141745,0.00257318,0.00116473,0.00116782,0.00116793,0.00116933,629.54,0.0002
6.285,6738280.0,0.0,2762160.0,1241340.0,8.49354e-07,0.00144114,0.00259678,0.00116479,0.00116789,0.001168,0.00116939,629.266,0.0002
6.29,6738280.0,0.0,2762160.0,1241340.0,8.49354e-07,0.00144114,0.00259678,0.00116479,0.00116789,0.001168,0.00116939,628.43,0.0002
6.295,6738140.0,0.0,2762120.0,1241340.0,8.49345e-07,0.00143575,0.00259141,0.00116478,0.00116787,0.00116798,0.00116938,628.43,0.0002
6.3,6738100.0,0.0,2762110.0,1241340.0,8.49342e-07,0.00143399,0.00258965,0.00116477,0.00116787,0.00116798,0.00116937,627.972,0.0002
6.305,6738020.0,0.0,2762090.0,1241340.0,8.49338e-07,0.00143104,0.00258671,0.00116476,0.00116786,0.00116797,0.00116937,626.696,0.0002
6.31,6738020.0,0.0,2762090.0,1241340.0,8.49338e-07,0.00143104,0.00258671,0.00116476,0.00116786,0.00116797,0.00116937,622.806,0.0002
6.315,6737370.0,0.0,2761900.0,1241330.0,8.49297e-07,0.00140596,0.00256175,0.00116469,0.00116779,0.0011679,0.0011693,622.806,0.0002
6.32,6737160.0,0.0,2761840.0,1241330.0,8.49284e-07,0.00139774,0.00255356,0.00116467,0.00116777,0.00116788,0.00116927,631.974,0.0002
6.325,6738690.0,0.0,2762280.0,1241340.0,8.49379e-07,0.00145683,0.0026124,0.00116483,0.00116793,0.00116804,0.00116944,631.326,0.0002
6.33,6738690.0,0.0,2762280.0,1241340.0,8.49379e-07,0.00145683,0.0026124,0.00116483,0.00116793,0.00116804,0.00116944,629.352,0.0002
6.335,6738360.0,0.0,2762180.0,1241340.0,8.49359e-07,0.00144411,0.00259973,0.0011648,0.00116789,0.001168,0.0011694,629.352,0.0002
6.34,6738250.0,0.0,2762150.0,1241340.0,8.49352e-07,0.00143993,0.00259557,0.00116479,0.00116788,0.00116799,0.00116939,628.379,0.0002
6.345,6738090.0,0.0,2762110.0,1241340.0,8.49342e-07,0.00143366,0.00258933,0.00116477,0.00116787,0.00116798,0.00116937,628.242,0.0002
6.35,6738090.0,0.0,2762110.0,1241340.0,8.49342e-07,0.00143366,0.00258933,0.00116477,0.00116787,0.00116798,0.00116937,627.822,0.0002
6.355,6738020.0,0.0,2762090.0,1241340.0,8.49338e-07,0.00143096,0.00258663,0.00116476,0.00116786,0.00116797,0.00116937,627.822,0.0002
6.36,6738000.0,0.0,2762080.0,1241340.0,8.49336e-07,0.00143007,0.00258575,0.00116476,0.00116786,0.00116797,0.00116936,630.476,0.0002
6.365,6738440.0,0.0,2762210.0,1241340.0,8.49364e-07,0.00144718,0.00260279,0.00116481,0.0011679,0.00116801,0.00116941,628.876,0.0002
6.37,6738440.0,0.0,2762210.0,1241340.0,8.49364e-07,0.00144718,0.00260279,0.00116481,0.0011679,0.00116801,0.00116941,623.995,0.0002
6.375,6737630.0,0.0,2761970.0,1241330.0,8.49313e-07,0.00141572,0.00257146,0.00116472,0.00116782,0.00116793,0.00116932,623.995,0.0002
6.38,6737360.0,0.0,2761900.0,1241330.0,8.49296e-07,0.0014054,0.00256119,0.00116469,0.00116779,0.0011679,0.0011693,628.047,0.0002
6.385,6738030.0,0.0,2762090.0,1241340.0,8.49338e-07,0.00143152,0.00258719,0.00116476,0.00116786,0.00116797,0.00116937,629.119,0.0002
6.39,6738030.0,0.0,2762090.0,1241340.0,8.49338e-07,0.00143152,0.00258719,0.00116476,0.00116786,0.00116797,0.00116937,632.388,0.0002
6.395,6738580.0,0.0,2762250.0,1241340.0,8.49372e-07,0.00145259,0.00260818,0.00116482,0.00116792,0.00116803,0.00116942,632.388,0.0002
6.4,6738760.0,0.0,2762300.0,1241350.0,8.49384e-07,0.0014595,0.00261506,0.00116484,0.00116794,0.00116805,0.00116944,626.326,0.0002
6.405,6737750.0,0.0,2762010.0,1241340.0,8.49321e-07,0.00142043,0.00257615,0.00116473,0.00116783,0.00116794,0.00116934,627.628,0.0002
6.41,6737750.0,0.0,2762010.0,1241340.0,8.49321e-07,0.00142043,0.00257615,0.00116473,0.00116783,0.00116794,0.00116934,631.598,0.0002
6.415,6738410.0,0.0,2762200.0,1241340.0,8.49362e-07,0.00144602,0.00260163,0.0011648,0.0011679,0.00116801,0.00116941,631.598,0.0002
6.42,6738630.0,0.0,2762260.0,1241340.0,8.49375e-07,0.00145441,0.00260999,0.00116483,0.00116792,0.00116803,0.00116943,630.581,0.0002
6.425,6738460.0,0.0,2762210.0,1241340.0,8.49365e-07,0.00144785,0.00260346,0.00116481,0.0011679,0.00116801,0.00116941,630.166,0.0002
6.43,6738460.0,0.0,2762210.0,1241340.0,8.49365e-07,0.00144785,0.00260346,0.00116481,0.0011679,0.00116801,0.00116941,628.903,0.0002
6.435,6738250.0,0.0,2762150.0,1241340.0,8.49352e-07,0.00143971,0.00259535,0.00116479,0.00116788,0.00116799,0.00116939,628.903,0.0002
6.44,6738180.0,0.0,2762130.0,1241340.0,8.49347e-07,0.00143704,0.00259269,0.00116478,0.00116787,0.00116799,0.00116938,627.957,0.0002
6.445,6738020.0,0.0,2762090.0,1241340.0,8.49338e-07,0.00143094,0.00258662,0.00116476,0.00116786,0.00116797,0.00116937,629.284,0.0002
6.45,6738020.0,0.0,2762090.0,1241340.0,8.49338e-07,0.00143094,0.00258662,0.00116476,0.00116786,0.00116797,0.00116937,633.329,0.0002
6.455,6738690.0,0.0,2762280.0,1241350.0,8.4938e-07,0.00145701,0.00261258,0.00116483,0.00116793,0.00116804,0.00116944,633.329,0.0002
6.46,6738920.0,0.0,2762340.0,1241350.0,8.49393e-07,0.00146557,0.0026211,0.00116486,0.00116795,0.00116806,0.00116946,628.929,0.0002
6.465,6738180.0,0.0,2762130.0,1241340.0,8.49348e-07,0.0014372,0.00259285,0.00116478,0.00116788,0.00116799,0.00116938,628.984,0.0002
6.47,6738180.0,0.0,2762130.0,1241340.0,8.49348e-07,0.0014372,0.00259285,0.00116478,0.00116788,0.00116799,0.00116938,629.151,0.0002
6.475,6738210.0,0.0,2762140.0,1241340.0,8.49349e-07,0.00143828,0.00259393,0.00116478,0.00116788,0.00116799,0.00116939,629.151,0.0002
6.48,6738220.0,0.0,2762140.0,1241340.0,8.4935e-07,0.00143864,0.00259428,0.00116478,0.00116788,0.00116799,0.00116939,632.012,0.0002
6.485,6738700.0,0.0,2762280.0,1241350.0,8.4938e-07,0.00145708,0.00261265,0.00116483,0.00116793,0.00116804,0.00116944,631.624,0.0002
6.49,6738700.0,0.0,2762280.0,1241350.0,8.4938e-07,0.00145708,0.00261265,0.00116483,0.00116793,0.00116804,0.00116944,630.438,0.0002
6.495,6738500.0,0.0,2762220.0,1241340.0,8.49367e-07,0.00144944,0.00260504,0.00116481,0.00116791,0.00116802,0.00116942,630.438,0.0002
6.5,6738430.0,0.0,2762210.0,1241340.0,8.49363e-07,0.00144693,0.00260254,0.00116481,0.0011679,0.00116801,0.00116941,627.834,0.0002
6.505,6738000.0,0.0,2762080.0,1241340.0,8.49336e-07,0.00143015,0.00258583,0.00116476,0.00116786,0.00116797,0.00116936,628.238,0.0002
6.51,6738000.0,0.0,2762080.0,1241340.0,8.49336e-07,0.00143015,0.00258583,0.00116476,0.00116786,0.00116797,0.00116936,629.471,0.0002
6.515,6738200.0,0.0,2762140.0,1241340.0,8.49349e-07,0.00143809,0.00259374,0.00116478,0.00116788,0.00116799,0.00116938,629.471,0.0002
6.52,6738270.0,0.0,2762160.0,1241340.0,8.49353e-07,0.0014407,0.00259634,0.00116479,0.00116788,0.001168,0.00116939,629.396,0.0002
6.525,6738260.0,0.0,2762160.0,1241340.0,8.49352e-07,0.00144022,0.00259586,0.00116479,0.00116788,0.00116799,0.00116939,629.749,0.0002
6.53,6738260.0,0.0,2762160.0,1241340.0,8.49352e-07,0.00144022,0.00259586,0.00116479,0.00116788,0.00116799,0.00116939,630.822,0.0002
6.535,6738440.0,0.0,2762210.0,1241340.0,8.49364e-07,0.00144714,0.00260275,0.00116481,0.0011679,0.00116801,0.00116941,630.822,0.0002
6.54,6738500.0,0.0,2762220.0,1241340.0,8.49367e-07,0.00144941,0.00260501,0.00116481,0.00116791,0.00116802,0.00116942,629.372,0.0002
6.545,6738260.0,0.0,2762160.0,1241340.0,8.49352e-07,0.00144006,0.0025957,0.00116479,0.00116788,0.00116799,0.00116939,629.232,0.0002
6.55,6738260.0,0.0,2762160.0,1241340.0,8.49352e-07,0.00144006,0.0025957,0.00116479,0.00116788,0.00116799,0.00116939,628.807,0.0002
6.555,6738180.0,0.0,2762140.0,1241340.0,8.49348e-07,0.00143732,0.00259297,0.00116478,0.00116788,0.00116799,0.00116938,628.807,0.0002
6.56,6738160.0,0.0,2762130.0,1241340.0,8.49346e-07,0.00143642,0.00259208,0.00116478,0.00116787,0.00116798,0.00116938,629.466,0.0002
6.565,6738270.0,0.0,2762160.0,1241340.0,8.49353e-07,0.00144067,0.0025963,0.00116479,0.00116788,0.001168,0.00116939,630.441,0.0002
6.57,6738270.0,0.0,2762160.0,1241340.0,8.49353e-07,0.00144067,0.0025963,0.00116479,0.00116788,0.001168,0.00116939,633.414,0.0002
6.575,6738770.0,0.0,2762300.0,1241350.0,8.49384e-07,0.00145983,0.00261538,0.00116484,0.00116794,0.00116805,0.00116944,633.414,0.0002
6.58,6738930.0,0.0,2762350.0,1241350.0,8.49394e-07,0.00146611,0.00262164,0.00116486,0.00116795,0.00116806,0.00116946,627.935,0.0002
6.585,6738020.0,0.0,2762090.0,1241340.0,8.49337e-07,0.0014308,0.00258648,0.00116476,0.00116786,0.00116797,0.00116936,627.959,0.0002
6.59,6738020.0,0.0,2762090.0,1241340.0,8.49337e-07,0.0014308,0.00258648,0.00116476,0.00116786,0.00116797,0.00116936,628.031,0.0002
6.595,6738030.0,0.0,2762090.0,1241340.0,8.49338e-07,0.00143126,0.00258694,0.00116476,0.00116786,0.00116797,0.00116937,628.031,0.0002
6.6,6738030.0,0.0,2762090.0,1241340.0,8.49338e-07,0.00143142,0.00258709,0.00116476,0.00116786,0.00116797,0.00116937,627.324,0.0002
6.605,6737910.0,0.0,2762060.0,1241340.0,8.49331e-07,0.00142686,0.00258255,0.00116475,0.00116785,0.00116796,0.00116935,627.19,0.0002
6.61,6737910.0,0.0,2762060.0,1241340.0,8.49331e-07,0.00142686,0.00258255,0.00116475,0.00116785,0.00116796,0.00116935,626.783,0.0002
6.615,6737850.0,0.0,2762040.0,1241340.0,8.49327e-07,0.00142423,0.00257994,0.00116474,0.00116784,0.00116795,0.00116935,626.783,0.0002
6.62,6737820.0,0.0,2762030.0,1241340.0,8.49325e-07,0.00142337,0.00257908,0.00116474,0.00116784,0.00116795,0.00116934,627.029,0.0002
6.625,6737860.0,0.0,2762040.0,1241340.0,8.49328e-07,0.00142496,0.00258066,0.00116475,0.00116784,0.00116795,0.00116935,627.821,0.0002
6.63,6737860.0,0.0,2762040.0,1241340.0,8.49328e-07,0.00142496,0.00258066,0.00116475,0.00116784,0.00116795,0.00116935,630.235,0.0002
6.635,6738270.0,0.0,2762160.0,1241340.0,8.49353e-07,0.00144052,0.00259615,0.00116479,0.00116788,0.00116799,0.00116939,630.235,0.0002
6.64,6738400.0,0.0,2762200.0,1241340.0,8.49361e-07,0.00144562,0.00260124,0.0011648,0.0011679,0.00116801,0.00116941,629.721,0.0002
6.645,6738310.0,0.0,2762170.0,1241340.0,8.49356e-07,0.00144231,0.00259794,0.00116479,0.00116789,0.001168,0.0011694,630.226,0.0002
6.65,6738310.0,0.0,2762170.0,1241340.0,8.49356e-07,0.00144231,0.00259794,0.00116479,0.00116789,0.001168,0.0011694,631.766,0.0002
6.655,6738570.0,0.0,2762250.0,1241350.0,8.49372e-07,0.00145223,0.00260782,0.00116482,0.00116792,0.00116803,0.00116942,631.766,0.0002
6.66,6738660.0,0.0,2762270.0,1241350.0,8.49377e-07,0.00145549,0.00261106,0.00116483,0.00116792,0.00116804,0.00116943,626.103,0.0002
6.665,6737710.0,0.0,2762000.0,1241340.0,8.49318e-07,0.00141899,0.00257471,0.00116473,0.00116783,0.00116794,0.00116933,627.85,0.0002
6.67,6737710.0,0.0,2762000.0,1241340.0,8.49318e-07,0.00141899,0.00257471,0.00116473,0.00116783,0.00116794,0.00116933,633.175,0.0002
6.675,6738600.0,0.0,2762250.0,1241350.0,8.49374e-07,0.00145332,0.0026089,0.00116482,0.00116792,0.00116803,0.00116943,633.175,0.0002
6.68,6738890.0,0.0,2762340.0,1241350.0,8.49392e-07,0.00146458,0.00262011,0.00116485,0.00116795,0.00116806,0.00116946,625.597,0.0002
6.685,6737630.0,0.0,2761980.0,1241340.0,8.49313e-07,0.00141573,0.00257147,0.00116472,0.00116782,0.00116793,0.00116932,625.534,0.0002
6.69,6737630.0,0.0,2761980.0,1241340.0,8.49313e-07,0.00141573,0.00257147,0.00116472,0.00116782,0.00116793,0.00116932,625.343,0.0002
6.695,6737590.0,0.0,2761970.0,1241340.0,8.49311e-07,0.00141449,0.00257024,0.00116472,0.00116781,0.00116792,0.00116932,625.343,0.0002
6.7,6737580.0,0.0,2761970.0,1241340.0,8.4931e-07,0.00141409,0.00256984,0.00116472,0.00116781,0.00116792,0.00116932,629.393,0.0002
6.705,6738260.0,0.0,2762160.0,1241340.0,8.49352e-07,0.0014402,0.00259584,0.00116479,0.00116788,0.00116799,0.00116939,629.302,0.0002
6.71,6738260.0,0.0,2762160.0,1241340.0,8.49352e-07,0.0014402,0.00259584,0.00116479,0.00116788,0.00116799,0.00116939,629.022,0.0002
6.715,6738210.0,0.0,2762140.0,1241340.0,8.4935e-07,0.0014384,0.00259404,0.00116478,0.00116788,0.00116799,0.00116939,629.022,0.0002
6.72,6738200.0,0.0,2762140.0,1241340.0,8.49349e-07,0.00143781,0.00259345,0.00116478,0.00116788,0.00116799,0.00116938,632.078,0.0002
6.725,6738710.0,0.0,2762290.0,1241350.0,8.4938e-07,0.0014575,0.00261307,0.00116483,0.00116793,0.00116804,0.00116944,631.118,0.0002
6.73,6738710.0,0.0,2762290.0,1241350.0,8.4938e-07,0.0014575,0.00261307,0.00116483,0.00116793,0.00116804,0.00116944,628.191,0.0002
6.735,6738220.0,0.0,2762150.0,1241340.0,8.4935e-07,0.00143864,0.00259428,0.00116478,0.00116788,0.00116799,0.00116939,628.191,0.0002
6.74,6738060.0,0.0,2762100.0,1241340.0,8.4934e-07,0.00143245,0.00258812,0.00116477,0.00116786,0.00116797,0.00116937,627.281,0.0002
6.745,6737910.0,0.0,2762060.0,1241340.0,8.4933e-07,0.00142658,0.00258228,0.00116475,0.00116785,0.00116796,0.00116935,626.73,0.0002
6.75,6737910.0,0.0,2762060.0,1241340.0,8.4933e-07,0.00142658,0.00258228,0.00116475,0.00116785,0.00116796,0.00116935,625.051,0.0002
6.755,6737630.0,0.0,2761980.0,1241340.0,8.49313e-07,0.00141576,0.0025715,0.00116472,0.00116782,0.00116793,0.00116932,625.051,0.0002
6.76,6737530.0,0.0,2761950.0,1241340.0,8.49307e-07,0.00141221,0.00256797,0.00116471,0.00116781,0.00116792,0.00116931,632.0,0.0002
6.765,6738690.0,0.0,2762280.0,1241350.0,8.4938e-07,0.001457,0.00261257,0.00116483,0.00116793,0.00116804,0.00116944,631.242,0.0002
6.77,6738690.0,0.0,2762280.0,1241350.0,8.4938e-07,0.001457,0.00261257,0.00116483,0.00116793,0.00116804,0.00116944,628.929,0.0002
6.775,6738310.0,0.0,2762170.0,1241340.0,8.49355e-07,0.00144209,0.00259772,0.00116479,0.00116789,0.001168,0.0011694,628.929,0.0002
6.78,6738180.0,0.0,2762140.0,1241340.0,8.49348e-07,0.0014372,0.00259285,0.00116478,0.00116788,0.00116799,0.00116938,629.193,0.0002
6.785,6738230.0,0.0,2762150.0,1241340.0,8.4935e-07,0.00143891,0.00259455,0.00116478,0.00116788,0.00116799,0.00116939,628.835,0.0002
6.79,6738230.0,0.0,2762150.0,1241340.0,8.4935e-07,0.00143891,0.00259455,0.00116478,0.00116788,0.00116799,0.00116939,627.744,0.0002
6.795,6738040.0,0.0,2762100.0,1241340.0,8.49339e-07,0.00143188,0.00258755,0.00116476,0.00116786,0.00116797,0.00116937,627.744,0.0002
6.8,6737980.0,0.0,2762080.0,1241340.0,8.49335e-07,0.00142957,0.00258525,0.00116476,0.00116785,0.00116796,0.00116936,631.443,0.0002
6.805,6738600.0,0.0,2762260.0,1241350.0,8.49374e-07,0.00145341,0.00260899,0.00116482,0.00116792,0.00116803,0.00116943,629.987,0.0002
6.81,6738600.0,0.0,2762260.0,1241350.0,8.49374e-07,0.00145341,0.00260899,0.00116482,0.00116792,0.00116803,0.00116943,625.547,0.0002
6.815,6737860.0,0.0,2762040.0,1241340.0,8.49328e-07,0.00142479,0.00258049,0.00116475,0.00116784,0.00116795,0.00116935,625.547,0.0002
6.82,6737620.0,0.0,2761980.0,1241340.0,8.49312e-07,0.0014154,0.00257115,0.00116472,0.00116782,0.00116793,0.00116932,629.81,0.0002
6.825,6738330.0,0.0,2762180.0,1241340.0,8.49357e-07,0.00144289,0.00259851,0.00116479,0.00116789,0.001168,0.0011694,629.941,0.0002
6.83,6738330.0,0.0,2762180.0,1241340.0,8.49357e-07,0.00144289,0.00259851,0.00116479,0.00116789,0.001168,0.0011694,630.34,0.0002
6.835,6738400.0,0.0,2762200.0,1241350.0,8.49361e-07,0.00144546,0.00260107,0.0011648,0.0011679,0.00116801,0.0011694,630.34,0.0002
6.84,6738420.0,0.0,2762200.0,1241350.0,8.49362e-07,0.0014463,0.00260191,0.0011648,0.0011679,0.00116801,0.00116941,627.308,0.0002
6.845,6737910.0,0.0,2762060.0,1241340.0,8.49331e-07,0.00142676,0.00258245,0.00116475,0.00116785,0.00116796,0.00116935,628.153,0.0002
6.85,6737910.0,0.0,2762060.0,1241340.0,8.49331e-07,0.00142676,0.00258245,0.00116475,0.00116785,0.00116796,0.00116935,630.729,0.0002
6.855,6738340.0,0.0,2762180.0,1241350.0,8.49358e-07,0.00144336,0.00259898,0.0011648,0.00116789,0.001168,0.0011694,630.729,0.0002
6.86,6738480.0,0.0,2762220.0,1241350.0,8.49366e-07,0.00144881,0.00260441,0.00116481,0.00116791,0.00116802,0.00116941,629.095,0.0002
6.865,6738210.0,0.0,2762140.0,1241340.0,8.49349e-07,0.00143827,0.00259392,0.00116478,0.00116788,0.00116799,0.00116938,630.67,0.0002
6.87,6738210.0,0.0,2762140.0,1241340.0,8.49349e-07,0.00143827,0.00259392,0.00116478,0.00116788,0.00116799,0.00116938,635.474,0.0002
6.875,6739010.0,0.0,2762370.0,1241350.0,8.49399e-07,0.00146924,0.00262475,0.00116487,0.00116796,0.00116807,0.00116947,635.474,0.0002
6.88,6739270.0,0.0,2762450.0,1241350.0,8.49416e-07,0.0014794,0.00263487,0.00116489,0.00116799,0.0011681,0.0011695,631.738,0.0002
6.885,6738650.0,0.0,2762270.0,1241350.0,8.49377e-07,0.00145531,0.00261089,0.00116483,0.00116792,0.00116803,0.00116943,630.86,0.0002
6.89,6738650.0,0.0,2762270.0,1241350.0,8.49377e-07,0.00145531,0.00261089,0.00116483,0.00116792,0.00116803,0.00116943,628.185,0.0002
6.895,6738200.0,0.0,2762140.0,1241340.0,8.49349e-07,0.00143807,0.00259371,0.00116478,0.00116788,0.00116799,0.00116938,628.185,0.0002
6.9,6738060.0,0.0,2762100.0,1241340.0,8.4934e-07,0.00143241,0.00258808,0.00116477,0.00116786,0.00116797,0.00116937,627.979,0.0002
6.905,6738020.0,0.0,2762090.0,1241340.0,8.49338e-07,0.00143108,0.00258676,0.00116476,0.00116786,0.00116797,0.00116937,627.806,0.0002
6.91,6738020.0,0.0,2762090.0,1241340.0,8.49338e-07,0.00143108,0.00258676,0.00116476,0.00116786,0.00116797,0.00116937,627.277,0.0002
6.915,6737930.0,0.0,2762070.0,1241340.0,8.49332e-07,0.00142768,0.00258337,0.00116475,0.00116785,0.00116796,0.00116936,627.277,0.0002
6.92,6737910.0,0.0,2762060.0,1241340.0,8.4933e-07,0.00142656,0.00258225,0.00116475,0.00116785,0.00116796,0.00116935,626.934,0.0002
6.925,6737850.0,0.0,2762040.0,1241340.0,8.49327e-07,0.00142434,0.00258005,0.00116474,0.00116784,0.00116795,0.00116935,626.793,0.0002
6.93,6737850.0,0.0,2762040.0,1241340.0,8.49327e-07,0.00142434,0.00258005,0.00116474,0.00116784,0.00116795,0.00116935,626.365,0.0002
6.935,6737780.0,0.0,2762020.0,1241340.0,8.49322e-07,0.00142158,0.0025773,0.00116474,0.00116783,0.00116794,0.00116934,626.365,0.0002
6.94,6737750.0,0.0,2762020.0,1241340.0,8.49321e-07,0.00142068,0.0025764,0.00116473,0.00116783,0.00116794,0.00116934,627.125,0.0002
6.945,6737880.0,0.0,2762050.0,1241340.0,8.49329e-07,0.00142558,0.00258128,0.00116475,0.00116784,0.00116795,0.00116935,627.63,0.0002
6.95,6737880.0,0.0,2762050.0,1241340.0,8.49329e-07,0.00142558,0.00258128,0.00116475,0.00116784,0.00116795,0.00116935,629.171,0.0002
6.955,6738140.0,0.0,2762120.0,1241340.0,8.49345e-07,0.00143551,0.00259116,0.00116477,0.00116787,0.00116798,0.00116938,629.171,0.0002
6.96,6738220.0,0.0,2762150.0,1241340.0,8.4935e-07,0.00143876,0.00259441,0.00116478,0.00116788,0.00116799,0.00116939,627.168,0.0002
6.965,6737890.0,0.0,2762050.0,1241340.0,8.49329e-07,0.00142586,0.00258156,0.00116475,0.00116784,0.00116795,0.00116935,627.335,0.0002
6.97,6737890.0,0.0,2762050.0,1241340.0,8.49329e-07,0.00142586,0.00258156,0.00116475,0.00116784,0.00116795,0.00116935,627.841,0.0002
6.975,6737970.0,0.0,2762080.0,1241340.0,8.49335e-07,0.00142912,0.00258481,0.00116476,0.00116785,0.00116796,0.00116936,627.841,0.0002
6.98,6738000.0,0.0,2762090.0,1241340.0,8.49336e-07,0.00143019,0.00258587,0.00116476,0.00116786,0.00116797,0.00116936,629.79,0.0002
6.985,6738330.0,0.0,2762180.0,1241350.0,8.49357e-07,0.00144276,0.00259838,0.00116479,0.00116789,0.001168,0.0011694,629.713,0.0002
6.99,6738330.0,0.0,2762180.0,1241350.0,8.49357e-07,0.00144276,0.00259838,0.00116479,0.00116789,0.001168,0.0011694,629.479,0.0002
6.995,6738290.0,0.0,2762170.0,1241350.0,8.49354e-07,0.00144125,0.00259688,0.00116479,0.00116789,0.001168,0.00116939,629.479,0.0002
7.0,6738270.0,0.0,2762160.0,1241350.0,8.49353e-07,0.00144075,0.00259639,0.00116479,0.00116788,0.00116799,0.00116939,624.494,0.0002
7.005,6737440.0,0.0,2761930.0,1241340.0,8.49301e-07,0.00140861,0.00256439,0.0011647,0.0011678,0.00116791,0.0011693,624.88,0.0002
7.01,6737440.0,0.0,2761930.0,1241340.0,8.49301e-07,0.00140861,0.00256439,0.0011647,0.0011678,0.00116791,0.0011693,626.057,0.0002
7.015,6737640.0,0.0,2761980.0,1241340.0,8.49314e-07,0.0014162,0.00257194,0.00116472,0.00116782,0.00116793,0.00116932,626.057,0.0002
7.02,6737700.0,0.0,2762000.0,1241340.0,8.49318e-07,0.00141869,0.00257442,0.00116473,0.00116782,0.00116793,0.00116933,632.461,0.0002
7.025,6738770.0,0.0,2762310.0,1241350.0,8.49384e-07,0.00145997,0.00261552,0.00116484,0.00116794,0.00116805,0.00116944,631.23,0.0002
7.03,6738770.0,0.0,2762310.0,1241350.0,8.49384e-07,0.00145997,0.00261552,0.00116484,0.00116794,0.00116805,0.00116944,627.479,0.0002
7.035,6738150.0,0.0,2762130.0,1241340.0,8.49345e-07,0.00143579,0.00259145,0.00116477,0.00116787,0.00116798,0.00116938,627.479,0.0002
7.04,6737940.0,0.0,2762070.0,1241340.0,8.49333e-07,0.00142786,0.00258355,0.00116475,0.00116785,0.00116796,0.00116936,629.573,0.0002
7.045,6738290.0,0.0,2762170.0,1241350.0,8.49354e-07,0.00144135,0.00259699,0.00116479,0.00116789,0.001168,0.00116939,629.075,0.0002
7.05,6738290.0,0.0,2762170.0,1241350.0,8.49354e-07,0.00144135,0.00259699,0.00116479,0.00116789,0.001168,0.00116939,627.556,0.0002
7.055,6738040.0,0.0,2762100.0,1241340.0,8.49339e-07,0.00143157,0.00258724,0.00116476,0.00116786,0.00116797,0.00116937,627.556,0.0002
7.06,6737950.0,0.0,2762070.0,1241340.0,8.49333e-07,0.00142835,0.00258404,0.00116475,0.00116785,0.00116796,0.00116936,628.488,0.0002
7.065,6738110.0,0.0,2762120.0,1241340.0,8.49343e-07,0.00143436,0.00259002,0.00116477,0.00116787,0.00116798,0.00116937,627.748,0.0002
7.07,6738110.0,0.0,2762120.0,1241340.0,8.49343e-07,0.00143436,0.00259002,0.00116477,0.00116787,0.00116798,0.00116937,625.49,0.0002
7.075,6737730.0,0.0,2762010.0,1241340.0,8.4932e-07,0.00141981,0.00257554,0.00116473,0.00116783,0.00116794,0.00116933,625.49,0.0002
7.08,6737610.0,0.0,2761970.0,1241340.0,8.49312e-07,0.00141504,0.00257078,0.00116472,0.00116781,0.00116792,0.00116932,626.49,0.0002
7.085,6737770.0,0.0,2762020.0,1241340.0,8.49322e-07,0.00142148,0.0025772,0.00116474,0.00116783,0.00116794,0.00116934,626.458,0.0002
7.09,6737770.0,0.0,2762020.0,1241340.0,8.49322e-07,0.00142148,0.0025772,0.00116474,0.00116783,0.00116794,0.00116934,626.361,0.0002
7.095,6737760.0,0.0,2762020.0,1241340.0,8.49321e-07,0.00142086,0.00257657,0.00116473,0.00116783,0.00116794,0.00116934,626.361,0.0002
7.1,6737750.0,0.0,2762020.0,1241340.0,8.49321e-07,0.00142065,0.00257637,0.00116473,0.00116783,0.00116794,0.00116934,626.616,0.0002
7.105,6737800.0,0.0,2762030.0,1241340.0,8.49324e-07,0.0014223,0.00257801,0.00116474,0.00116783,0.00116794,0.00116934,628.003,0.0002
7.11,6737800.0,0.0,2762030.0,1241340.0,8.49324e-07,0.0014223,0.00257801,0.00116474,0.00116783,0.00116794,0.00116934,632.23,0.0002
7.115,6738500.0,0.0,2762230.0,1241350.0,8.49368e-07,0.00144955,0.00260515,0.00116481,0.00116791,0.00116802,0.00116942,632.23,0.0002
7.12,6738730.0,0.0,2762290.0,1241350.0,8.49382e-07,0.00145849,0.00261405,0.00116484,0.00116793,0.00116804,0.00116944,632.444,0.0002
7.125,6738770.0,0.0,2762310.0,1241350.0,8.49384e-07,0.00145986,0.00261542,0.00116484,0.00116794,0.00116805,0.00116944,630.945,0.0002
7.13,6738770.0,0.0,2762310.0,1241350.0,8.49384e-07,0.00145986,0.00261542,0.00116484,0.00116794,0.00116805,0.00116944,626.376,0.0002
7.135,6738010.0,0.0,2762090.0,1241340.0,8.49337e-07,0.00143041,0.00258609,0.00116476,0.00116786,0.00116797,0.00116936,626.376,0.0002
7.14,6737760.0,0.0,2762020.0,1241340.0,8.49321e-07,0.00142075,0.00257647,0.00116473,0.00116783,0.00116794,0.00116934,628.467,0.0002
7.145,6738100.0,0.0,2762120.0,1241350.0,8.49343e-07,0.00143423,0.00258989,0.00116477,0.00116787,0.00116798,0.00116937,629.192,0.0002
7.15,6738100.0,0.0,2762120.0,1241350.0,8.49343e-07,0.00143423,0.00258989,0.00116477,0.00116787,0.00116798,0.00116937,631.403,0.0002
7.155,6738470.0,0.0,2762220.0,1241350.0,8.49366e-07,0.00144848,0.00260408,0.00116481,0.00116791,0.00116802,0.00116941,631.403,0.0002
7.16,6738590.0,0.0,2762260.0,1241350.0,8.49373e-07,0.00145315,0.00260873,0.00116482,0.00116792,0.00116803,0.00116943,628.812,0.0002
7.165,6738160.0,0.0,2762130.0,1241350.0,8.49346e-07,0.00143645,0.0025921,0.00116478,0.00116787,0.00116798,0.00116938,628.134,0.0002
7.17,6738160.0,0.0,2762130.0,1241350.0,8.49346e-07,0.00143645,0.0025921,0.00116478,0.00116787,0.00116798,0.00116938,626.068,0.0002
7.175,6737820.0,0.0,2762030.0,1241340.0,8.49325e-07,0.00142313,0.00257884,0.00116474,0.00116784,0.00116795,0.00116934,626.068,0.0002
7.18,6737700.0,0.0,2762000.0,1241340.0,8.49318e-07,0.00141877,0.00257449,0.00116473,0.00116782,0.00116793,0.00116933,627.762,0.0002
7.185,6737990.0,0.0,2762080.0,1241340.0,8.49335e-07,0.00142968,0.00258536,0.00116476,0.00116785,0.00116796,0.00116936,628.318,0.0002
7.19,6737990.0,0.0,2762080.0,1241340.0,8.49335e-07,0.00142968,0.00258536,0.00116476,0.00116785,0.00116796,0.00116936,630.012,0.0002
7.195,6738270.0,0.0,2762160.0,1241350.0,8.49353e-07,0.00144061,0.00259624,0.00116479,0.00116788,0.00116799,0.00116939,630.012,0.0002
7.2,6738360.0,0.0,2762190.0,1241350.0,8.49359e-07,0.00144419,0.00259981,0.0011648,0.00116789,0.001168,0.0011694,628.388,0.0002
7.205,6738090.0,0.0,2762110.0,1241350.0,8.49342e-07,0.00143372,0.00258939,0.00116477,0.00116787,0.00116798,0.00116937,627.549,0.0002
7.21,6738090.0,0.0,2762110.0,1241350.0,8.49342e-07,0.00143372,0.00258939,0.00116477,0.00116787,0.00116798,0.00116937,624.989,0.0002
7.215,6737660.0,0.0,2761990.0,1241340.0,8.49315e-07,0.00141722,0.00257296,0.00116472,0.00116782,0.00116793,0.00116933,624.989,0.0002
7.22,6737520.0,0.0,2761950.0,1241340.0,8.49307e-07,0.00141181,0.00256757,0.00116471,0.00116781,0.00116792,0.00116931,625.778,0.0002
7.225,6737660.0,0.0,2761990.0,1241340.0,8.49315e-07,0.00141689,0.00257263,0.00116472,0.00116782,0.00116793,0.00116933,626.667,0.0002
7.23,6737660.0,0.0,2761990.0,1241340.0,8.49315e-07,0.00141689,0.00257263,0.00116472,0.00116782,0.00116793,0.00116933,629.377,0.0002
7.235,6738110.0,0.0,2762120.0,1241350.0,8.49343e-07,0.00143436,0.00259003,0.00116477,0.00116787,0.00116798,0.00116937,629.377,0.0002
7.24,6738260.0,0.0,2762160.0,1241350.0,8.49352e-07,0.0014401,0.00259573,0.00116479,0.00116788,0.00116799,0.00116939,626.926,0.0002
7.245,6737850.0,0.0,2762040.0,1241340.0,8.49327e-07,0.00142429,0.00258,0.00116474,0.00116784,0.00116795,0.00116935,626.921,0.0002
7.25,6737850.0,0.0,2762040.0,1241340.0,8.49327e-07,0.00142429,0.00258,0.00116474,0.00116784,0.00116795,0.00116935,626.905,0.0002
7.255,6737840.0,0.0,2762040.0,1241340.0,8.49327e-07,0.00142419,0.0025799,0.00116474,0.00116784,0.00116795,0.00116935,626.905,0.0002
7.26,6737840.0,0.0,2762040.0,1241340.0,8.49327e-07,0.00142416,0.00257986,0.00116474,0.00116784,0.00116795,0.00116935,625.022,0.0002
7.265,6737530.0,0.0,2761950.0,1241340.0,8.49307e-07,0.00141202,0.00256778,0.00116471,0.00116781,0.00116792,0.00116931,625.409,0.0002
7.27,6737530.0,0.0,2761950.0,1241340.0,8.49307e-07,0.00141202,0.00256778,0.00116471,0.00116781,0.00116792,0.00116931,626.591,0.0002
7.275,6737730.0,0.0,2762010.0,1241340.0,8.49319e-07,0.00141964,0.00257536,0.00116473,0.00116783,0.00116794,0.00116933,626.591,0.0002
7.28,6737790.0,0.0,2762030.0,1241340.0,8.49323e-07,0.00142214,0.00257785,0.00116474,0.00116783,0.00116794,0.00116934,626.66,0.0002
7.285,6737800.0,0.0,2762030.0,1241340.0,8.49324e-07,0.00142258,0.00257829,0.00116474,0.00116783,0.00116795,0.00116934,626.484,0.0002
7.29,6737800.0,0.0,2762030.0,1241340.0,8.49324e-07,0.00142258,0.00257829,0.00116474,0.00116783,0.00116795,0.00116934,625.946,0.0002
7.295,6737710.0,0.0,2762010.0,1241340.0,8.49318e-07,0.00141911,0.00257484,0.00116473,0.00116783,0.00116794,0.00116933,625.946,0.0002
7.3,6737680.0,0.0,2762000.0,1241340.0,8.49317e-07,0.00141798,0.00257371,0.00116473,0.00116782,0.00116793,0.00116933,628.106,0.0002
7.305,6738040.0,0.0,2762100.0,1241350.0,8.49339e-07,0.0014319,0.00258758,0.00116476,0.00116786,0.00116797,0.00116937,628.317,0.0002
7.31,6738040.0,0.0,2762100.0,1241350.0,8.49339e-07,0.0014319,0.00258758,0.00116476,0.00116786,0.00116797,0.00116937,628.96,0.0002
7.315,6738150.0,0.0,2762130.0,1241350.0,8.49346e-07,0.00143604,0.0025917,0.00116478,0.00116787,0.00116798,0.00116938,628.96,0.0002
7.32,6738190.0,0.0,2762140.0,1241350.0,8.49348e-07,0.0014374,0.00259305,0.00116478,0.00116788,0.00116799,0.00116938,629.565,0.0002
7.325,6738290.0,0.0,2762170.0,1241350.0,8.49354e-07,0.00144131,0.00259694,0.00116479,0.00116789,0.001168,0.00116939,629.657,0.0002
7.33,6738290.0,0.0,2762170.0,1241350.0,8.49354e-07,0.00144131,0.00259694,0.00116479,0.00116789,0.001168,0.00116939,629.938,0.0002
7.335,6738330.0,0.0,2762180.0,1241350.0,8.49357e-07,0.00144312,0.00259874,0.00116479,0.00116789,0.001168,0.0011694,629.938,0.0002
7.34,6738350.0,0.0,2762190.0,1241350.0,8.49358e-07,0.00144371,0.00259933,0.0011648,0.00116789,0.001168,0.0011694,631.768,0.0002
7.345,6738660.0,0.0,2762270.0,1241350.0,8.49377e-07,0.0014555,0.00261108,0.00116483,0.00116792,0.00116803,0.00116943,630.528,0.0002
7.35,6738660.0,0.0,2762270.0,1241350.0,8.49377e-07,0.0014555,0.00261108,0.00116483,0.00116792,0.00116803,0.00116943,626.75,0.0002
7.355,6738020.0,0.0,2762090.0,1241350.0,8.49338e-07,0.00143115,0.00258682,0.00116476,0.00116786,0.00116797,0.00116937,626.75,0.0002
7.36,6737820.0,0.0,2762040.0,1241340.0,8.49325e-07,0.00142316,0.00257887,0.00116474,0.00116784,0.00116795,0.00116934,626.821,0.0002
7.365,6737830.0,0.0,2762040.0,1241340.0,8.49326e-07,0.00142362,0.00257932,0.00116474,0.00116784,0.00116795,0.00116934,628.285,0.0002
7.37,6737830.0,0.0,2762040.0,1241340.0,8.49326e-07,0.00142362,0.00257932,0.00116474,0.00116784,0.00116795,0.00116934,632.747,0.0002
7.375,6738570.0,0.0,2762250.0,1241350.0,8.49372e-07,0.00145238,0.00260797,0.00116482,0.00116792,0.00116803,0.00116942,632.747,0.0002
7.38,6738820.0,0.0,2762320.0,1241350.0,8.49387e-07,0.00146182,0.00261736,0.00116484,0.00116794,0.00116805,0.00116945,625.699,0.0002
7.385,6737640.0,0.0,2761990.0,1241340.0,8.49314e-07,0.00141639,0.00257212,0.00116472,0.00116782,0.00116793,0.00116932,625.628,0.0002
7.39,6737640.0,0.0,2761990.0,1241340.0,8.49314e-07,0.00141639,0.00257212,0.00116472,0.00116782,0.00116793,0.00116932,625.411,0.0002
7.395,6737610.0,0.0,2761980.0,1241340.0,8.49312e-07,0.00141499,0.00257073,0.00116472,0.00116781,0.00116792,0.00116932,625.411,0.0002
7.4,6737590.0,0.0,2761970.0,1241340.0,8.49311e-07,0.00141453,0.00257028,0.00116472,0.00116781,0.00116792,0.00116932,629.866,0.0002
7.405,6738340.0,0.0,2762180.0,1241350.0,8.49357e-07,0.00144325,0.00259887,0.00116479,0.00116789,0.001168,0.0011694,629.035,0.0002
7.41,6738340.0,0.0,2762180.0,1241350.0,8.49357e-07,0.00144325,0.00259887,0.00116479,0.00116789,0.001168,0.0011694,626.502,0.0002
7.415,6737920.0,0.0,2762060.0,1241350.0,8.49331e-07,0.00142692,0.00258261,0.00116475,0.00116785,0.00116796,0.00116935,626.502,0.0002
7.42,6737780.0,0.0,2762020.0,1241340.0,8.49322e-07,0.00142156,0.00257728,0.00116474,0.00116783,0.00116794,0.00116934,630.099,0.0002
7.425,6738380.0,0.0,2762200.0,1241350.0,8.4936e-07,0.00144475,0.00260037,0.0011648,0.00116789,0.00116801,0.0011694,629.892,0.0002
7.43,6738380.0,0.0,2762200.0,1241350.0,8.4936e-07,0.00144475,0.00260037,0.0011648,0.00116789,0.00116801,0.0011694,629.259,0.0002
7.435,6738270.0,0.0,2762170.0,1241350.0,8.49353e-07,0.00144067,0.0025963,0.00116479,0.00116788,0.00116799,0.00116939,629.259,0.0002
7.44,6738240.0,0.0,2762160.0,1241350.0,8.49351e-07,0.00143933,0.00259497,0.00116478,0.00116788,0.00116799,0.00116939,629.151,0.0002
7.445,6738220.0,0.0,2762150.0,1241350.0,8.4935e-07,0.00143864,0.00259428,0.00116478,0.00116788,0.00116799,0.00116939,629.048,0.0002
7.45,6738220.0,0.0,2762150.0,1241350.0,8.4935e-07,0.00143864,0.00259428,0.00116478,0.00116788,0.00116799,0.00116939,628.733,0.0002
7.455,6738170.0,0.0,2762140.0,1241350.0,8.49347e-07,0.00143661,0.00259226,0.00116478,0.00116787,0.00116798,0.00116938,628.733,0.0002
7.46,6738150.0,0.0,2762130.0,1241350.0,8.49346e-07,0.00143594,0.0025916,0.00116477,0.00116787,0.00116798,0.00116938,627.986,0.0002
7.465,6738020.0,0.0,2762100.0,1241350.0,8.49338e-07,0.00143113,0.0025868,0.00116476,0.00116786,0.00116797,0.00116936,628.537,0.0002
7.47,6738020.0,0.0,2762100.0,1241350.0,8.49338e-07,0.00143113,0.0025868,0.00116476,0.00116786,0.00116797,0.00116936,630.215,0.0002
7.475,6738300.0,0.0,2762180.0,1241350.0,8.49355e-07,0.00144195,0.00259758,0.00116479,0.00116789,0.001168,0.00116939,630.215,0.0002
7.48,6738400.0,0.0,2762200.0,1241350.0,8.49361e-07,0.0014455,0.00260111,0.0011648,0.0011679,0.00116801,0.0011694,631.109,0.0002
7.485,6738550.0,0.0,2762240.0,1241350.0,8.4937e-07,0.00145126,0.00260685,0.00116482,0.00116791,0.00116802,0.00116942,630.724,0.0002
7.49,6738550.0,0.0,2762240.0,1241350.0,8.4937e-07,0.00145126,0.00260685,0.00116482,0.00116791,0.00116802,0.00116942,629.552,0.0002
7.495,6738350.0,0.0,2762190.0,1241350.0,8.49358e-07,0.0014437,0.00259932,0.0011648,0.00116789,0.001168,0.0011694,629.552,0.0002
7.5,6738290.0,0.0,2762170.0,1241350.0,8.49354e-07,0.00144122,0.00259685,0.00116479,0.00116789,0.001168,0.00116939,628.675,0.0002
7.505,6738140.0,0.0,2762130.0,1241350.0,8.49345e-07,0.00143557,0.00259122,0.00116477,0.00116787,0.00116798,0.00116938,628.853,0.0002
7.51,6738140.0,0.0,2762130.0,1241350.0,8.49345e-07,0.00143557,0.00259122,0.00116477,0.00116787,0.00116798,0.00116938,629.395,0.0002
7.515,6738230.0,0.0,2762150.0,1241350.0,8.49351e-07,0.00143906,0.0025947,0.00116478,0.00116788,0.00116799,0.00116939,629.395,0.0002
7.52,6738260.0,0.0,2762160.0,1241350.0,8.49352e-07,0.00144021,0.00259585,0.00116479,0.00116788,0.00116799,0.00116939,626.733,0.0002
7.525,6737810.0,0.0,2762040.0,1241350.0,8.49325e-07,0.00142305,0.00257876,0.00116474,0.00116784,0.00116795,0.00116934,626.952,0.0002
7.53,6737810.0,0.0,2762040.0,1241350.0,8.49325e-07,0.00142305,0.00257876,0.00116474,0.00116784,0.00116795,0.00116934,627.62,0.0002
7.535,6737930.0,0.0,2762070.0,1241350.0,8.49332e-07,0.00142736,0.00258305,0.00116475,0.00116785,0.00116796,0.00116935,627.62,0.0002
7.54,6737960.0,0.0,2762080.0,1241350.0,8.49334e-07,0.00142877,0.00258445,0.00116476,0.00116785,0.00116796,0.00116936,628.106,0.0002
7.545,6738040.0,0.0,2762100.0,1241350.0,8.49339e-07,0.0014319,0.00258758,0.00116476,0.00116786,0.00116797,0.00116937,627.592,0.0002
7.55,6738040.0,0.0,2762100.0,1241350.0,8.49339e-07,0.0014319,0.00258758,0.00116476,0.00116786,0.00116797,0.00116937,626.023,0.0002
7.555,6737780.0,0.0,2762030.0,1241350.0,8.49323e-07,0.00142179,0.00257751,0.00116474,0.00116783,0.00116794,0.00116934,626.023,0.0002
7.56,6737700.0,0.0,2762000.0,1241340.0,8.49317e-07,0.00141848,0.0025742,0.00116473,0.00116782,0.00116793,0.00116933,628.355,0.0002
7.565,6738090.0,0.0,2762110.0,1241350.0,8.49342e-07,0.00143351,0.00258917,0.00116477,0.00116786,0.00116797,0.00116937,627.733,0.0002
7.57,6738090.0,0.0,2762110.0,1241350.0,8.49342e-07,0.00143351,0.00258917,0.00116477,0.00116786,0.00116797,0.00116937,625.837,0.0002
7.575,6737770.0,0.0,2762020.0,1241350.0,8.49322e-07,0.00142128,0.002577,0.00116474,0.00116783,0.00116794,0.00116934,625.837,0.0002
7.58,6737670.0,0.0,2761990.0,1241340.0,8.49315e-07,0.00141728,0.00257301,0.00116472,0.00116782,0.00116793,0.00116933,629.302,0.0002
7.585,6738240.0,0.0,2762160.0,1241350.0,8.49351e-07,0.00143961,0.00259525,0.00116478,0.00116788,0.00116799,0.00116939,629.359,0.0002
7.59,6738240.0,0.0,2762160.0,1241350.0,8.49351e-07,0.00143961,0.00259525,0.00116478,0.00116788,0.00116799,0.00116939,629.531,0.0002
7.595,6738270.0,0.0,2762170.0,1241350.0,8.49353e-07,0.00144072,0.00259636,0.00116479,0.00116788,0.00116799,0.00116939,629.531,0.0002
7.6,6738280.0,0.0,2762170.0,1241350.0,8.49354e-07,0.00144109,0.00259672,0.00116479,0.00116788,0.001168,0.00116939,629.503,0.0002
7.605,6738280.0,0.0,2762170.0,1241350.0,8.49354e-07,0.00144091,0.00259654,0.00116479,0.00116788,0.00116799,0.00116939,629.069,0.0002
7.61,6738280.0,0.0,2762170.0,1241350.0,8.49354e-07,0.00144091,0.00259654,0.00116479,0.00116788,0.00116799,0.00116939,627.746,0.0002
7.615,6738060.0,0.0,2762110.0,1241350.0,8.4934e-07,0.00143238,0.00258805,0.00116476,0.00116786,0.00116797,0.00116937,627.746,0.0002
7.62,6737980.0,0.0,2762090.0,1241350.0,8.49335e-07,0.00142958,0.00258526,0.00116476,0.00116785,0.00116796,0.00116936,629.014,0.0002
7.625,6738200.0,0.0,2762150.0,1241350.0,8.49349e-07,0.00143775,0.0025934,0.00116478,0.00116788,0.00116799,0.00116938,628.365,0.0002
7.63,6738200.0,0.0,2762150.0,1241350.0,8.49349e-07,0.00143775,0.0025934,0.00116478,0.00116788,0.00116799,0.00116938,626.388,0.0002
7.635,6737870.0,0.0,2762050.0,1241350.0,8.49328e-07,0.00142501,0.00258071,0.00116475,0.00116784,0.00116795,0.00116935,626.388,0.0002
7.64,6737760.0,0.0,2762020.0,1241350.0,8.49321e-07,0.00142082,0.00257654,0.00116473,0.00116783,0.00116794,0.00116934,627.769,0.0002
7.645,6737990.0,0.0,2762090.0,1241350.0,8.49336e-07,0.00142973,0.00258541,0.00116476,0.00116785,0.00116796,0.00116936,627.694,0.0002
7.65,6737990.0,0.0,2762090.0,1241350.0,8.49336e-07,0.00142973,0.00258541,0.00116476,0.00116785,0.00116796,0.00116936,627.465,0.0002
7.655,6737950.0,0.0,2762080.0,1241350.0,8.49333e-07,0.00142825,0.00258394,0.00116475,0.00116785,0.00116796,0.00116936,627.465,0.0002
7.66,6737940.0,0.0,2762070.0,1241350.0,8.49332e-07,0.00142777,0.00258346,0.00116475,0.00116785,0.00116796,0.00116936,632.91,0.0002
7.665,6738850.0,0.0,2762330.0,1241360.0,8.49389e-07,0.00146286,0.0026184,0.00116485,0.00116794,0.00116805,0.00116945,632.371,0.0002
7.67,6738850.0,0.0,2762330.0,1241360.0,8.49389e-07,0.00146286,0.0026184,0.00116485,0.00116794,0.00116805,0.00116945,630.729,0.0002
7.675,6738570.0,0.0,2762250.0,1241350.0,8.49372e-07,0.00145228,0.00260787,0.00116482,0.00116792,0.00116803,0.00116942,630.729,0.0002
7.68,6738480.0,0.0,2762230.0,1241350.0,8.49366e-07,0.00144881,0.00260441,0.00116481,0.00116791,0.00116802,0.00116941,630.681,0.0002
7.685,6738470.0,0.0,2762220.0,1241350.0,8.49366e-07,0.0014485,0.0026041,0.00116481,0.0011679,0.00116802,0.00116941,629.536,0.0002
7.69,6738470.0,0.0,2762220.0,1241350.0,8.49366e-07,0.0014485,0.0026041,0.00116481,0.0011679,0.00116802,0.00116941,626.046,0.0002
7.695,6737890.0,0.0,2762060.0,1241350.0,8.4933e-07,0.001426,0.0025817,0.00116475,0.00116784,0.00116795,0.00116935,626.046,0.0002
7.7,6737700.0,0.0,2762000.0,1241350.0,8.49318e-07,0.00141862,0.00257435,0.00116473,0.00116782,0.00116793,0.00116933,631.804,0.0002
7.705,6738660.0,0.0,2762280.0,1241360.0,8.49378e-07,0.00145574,0.00261131,0.00116483,0.00116792,0.00116803,0.00116943,630.518,0.0002
7.71,6738660.0,0.0,2762280.0,1241360.0,8.49378e-07,0.00145574,0.00261131,0.00116483,0.00116792,0.00116803,0.00116943,626.596,0.0002
7.715,6738010.0,0.0,2762090.0,1241350.0,8.49337e-07,0.00143046,0.00258614,0.00116476,0.00116786,0.00116797,0.00116936,626.596,0.0002
7.72,6737790.0,0.0,2762030.0,1241350.0,8.49323e-07,0.00142217,0.00257788,0.00116474,0.00116783,0.00116794,0.00116934,626.896,0.0002
7.725,6737840.0,0.0,2762050.0,1241350.0,8.49326e-07,0.0014241,0.00257981,0.00116474,0.00116784,0.00116795,0.00116935,627.937,0.0002
7.73,6737840.0,0.0,2762050.0,1241350.0,8.49326e-07,0.0014241,0.00257981,0.00116474,0.00116784,0.00116795,0.00116935,631.11,0.0002
7.735,6738370.0,0.0,2762200.0,1241350.0,8.49359e-07,0.00144455,0.00260017,0.0011648,0.00116789,0.001168,0.0011694,631.11,0.0002
7.74,6738550.0,0.0,2762250.0,1241360.0,8.4937e-07,0.00145126,0.00260685,0.00116482,0.00116791,0.00116802,0.00116942,627.362,0.0002
7.745,6737920.0,0.0,2762070.0,1241350.0,8.49331e-07,0.00142711,0.0025828,0.00116475,0.00116785,0.00116796,0.00116935,626.817,0.0002
7.75,6737920.0,0.0,2762070.0,1241350.0,8.49331e-07,0.00142711,0.0025828,0.00116475,0.00116785,0.00116796,0.00116935,625.155,0.0002
7.755,6737640.0,0.0,2761990.0,1241350.0,8.49314e-07,0.00141639,0.00257213,0.00116472,0.00116782,0.00116793,0.00116932,625.155,0.0002
7.76,6737550.0,0.0,2761960.0,1241350.0,8.49308e-07,0.00141288,0.00256863,0.00116471,0.00116781,0.00116792,0.00116931,627.335,0.0002
7.765,6737920.0,0.0,2762070.0,1241350.0,8.49331e-07,0.00142693,0.00258262,0.00116475,0.00116785,0.00116796,0.00116935,627.686,0.0002
7.77,6737920.0,0.0,2762070.0,1241350.0,8.49331e-07,0.00142693,0.00258262,0.00116475,0.00116785,0.00116796,0.00116935,628.757,0.0002
7.775,6738090.0,0.0,2762120.0,1241350.0,8.49342e-07,0.00143384,0.0025895,0.00116477,0.00116786,0.00116798,0.00116937,628.757,0.0002
7.78,6738150.0,0.0,2762130.0,1241350.0,8.49346e-07,0.0014361,0.00259175,0.00116477,0.00116787,0.00116798,0.00116938,628.727,0.0002
7.785,6738150.0,0.0,2762130.0,1241350.0,8.49346e-07,0.0014359,0.00259156,0.00116477,0.00116787,0.00116798,0.00116938,629.011,0.0002
7.79,6738150.0,0.0,2762130.0,1241350.0,8.49346e-07,0.0014359,0.00259156,0.00116477,0.00116787,0.00116798,0.00116938,629.876,0.0002
7.795,6738290.0,0.0,2762170.0,1241350.0,8.49355e-07,0.00144148,0.00259711,0.00116479,0.00116789,0.001168,0.00116939,629.876,0.0002
7.8,6738340.0,0.0,2762190.0,1241350.0,8.49357e-07,0.00144331,0.00259894,0.00116479,0.00116789,0.001168,0.0011694,629.1,0.0002
7.805,6738210.0,0.0,2762150.0,1241350.0,8.49349e-07,0.00143831,0.00259396,0.00116478,0.00116788,0.00116799,0.00116938,628.165,0.0002
7.81,6738210.0,0.0,2762150.0,1241350.0,8.49349e-07,0.00143831,0.00259396,0.00116478,0.00116788,0.00116799,0.00116938,625.314,0.0002
7.815,6737730.0,0.0,2762020.0,1241350.0,8.4932e-07,0.00141993,0.00257566,0.00116473,0.00116783,0.00116794,0.00116933,625.314,0.0002
7.82,6737580.0,0.0,2761970.0,1241350.0,8.4931e-07,0.0014139,0.00256965,0.00116471,0.00116781,0.00116792,0.00116932,625.62,0.0002
7.825,6737630.0,0.0,2761990.0,1241350.0,8.49313e-07,0.00141587,0.00257161,0.00116472,0.00116782,0.00116793,0.00116932,626.283,0.0002
7.83,6737630.0,0.0,2761990.0,1241350.0,8.49313e-07,0.00141587,0.00257161,0.00116472,0.00116782,0.00116793,0.00116932,628.304,0.0002
7.835,6737970.0,0.0,2762080.0,1241350.0,8.49334e-07,0.0014289,0.00258459,0.00116476,0.00116785,0.00116796,0.00116936,628.304,0.0002
7.84,6738080.0,0.0,2762110.0,1241350.0,8.49341e-07,0.00143318,0.00258884,0.00116477,0.00116786,0.00116797,0.00116937,629.839,0.0002
7.845,6738330.0,0.0,2762190.0,1241350.0,8.49357e-07,0.00144307,0.0025987,0.00116479,0.00116789,0.001168,0.0011694,629.721,0.0002
7.85,6738330.0,0.0,2762190.0,1241350.0,8.49357e-07,0.00144307,0.0025987,0.00116479,0.00116789,0.001168,0.0011694,629.362,0.0002
7.855,6738270.0,0.0,2762170.0,1241350.0,8.49353e-07,0.00144076,0.00259639,0.00116479,0.00116788,0.00116799,0.00116939,629.362,0.0002
7.86,6738250.0,0.0,2762160.0,1241350.0,8.49352e-07,0.00144,0.00259563,0.00116479,0.00116788,0.00116799,0.00116939,627.4,0.0002
7.865,6737930.0,0.0,2762070.0,1241350.0,8.49332e-07,0.00142735,0.00258304,0.00116475,0.00116785,0.00116796,0.00116935,628.049,0.0002
7.87,6737930.0,0.0,2762070.0,1241350.0,8.49332e-07,0.00142735,0.00258304,0.00116475,0.00116785,0.00116796,0.00116935,630.029,0.0002
7.875,6738260.0,0.0,2762160.0,1241350.0,8.49352e-07,0.00144011,0.00259575,0.00116479,0.00116788,0.00116799,0.00116939,630.029,0.0002
7.88,6738370.0,0.0,2762200.0,1241350.0,8.49359e-07,0.0014443,0.00259992,0.0011648,0.00116789,0.001168,0.0011694,631.549,0.0002
7.885,6738620.0,0.0,2762270.0,1241360.0,8.49375e-07,0.00145409,0.00260967,0.00116482,0.00116792,0.00116803,0.00116943,630.787,0.0002
7.89,6738620.0,0.0,2762270.0,1241360.0,8.49375e-07,0.00145409,0.00260967,0.00116482,0.00116792,0.00116803,0.00116943,628.464,0.0002
7.895,6738230.0,0.0,2762160.0,1241350.0,8.49351e-07,0.00143912,0.00259476,0.00116478,0.00116788,0.00116799,0.00116939,628.464,0.0002
7.9,6738100.0,0.0,2762120.0,1241350.0,8.49343e-07,0.00143421,0.00258987,0.00116477,0.00116787,0.00116798,0.00116937,623.265,0.0002
7.905,6737240.0,0.0,2761870.0,1241340.0,8.49289e-07,0.0014007,0.0025565,0.00116468,0.00116777,0.00116788,0.00116928,624.844,0.0002
7.91,6737240.0,0.0,2761870.0,1241340.0,8.49289e-07,0.0014007,0.0025565,0.00116468,0.00116777,0.00116788,0.00116928,629.657,0.0002
7.915,6738040.0,0.0,2762100.0,1241350.0,8.49339e-07,0.00143172,0.00258739,0.00116476,0.00116786,0.00116797,0.00116937,629.657,0.0002
7.92,6738300.0,0.0,2762180.0,1241350.0,8.49355e-07,0.0014419,0.00259753,0.00116479,0.00116789,0.001168,0.00116939,624.844,0.0002
7.925,6737500.0,0.0,2761950.0,1241350.0,8.49305e-07,0.00141087,0.00256663,0.00116471,0.0011678,0.00116791,0.00116931,625.688,0.0002
7.93,6737500.0,0.0,2761950.0,1241350.0,8.49305e-07,0.00141087,0.00256663,0.00116471,0.0011678,0.00116791,0.00116931,628.261,0.0002
7.935,6737930.0,0.0,2762070.0,1241350.0,8.49332e-07,0.00142746,0.00258315,0.00116475,0.00116785,0.00116796,0.00116935,628.261,0.0002
7.94,6738070.0,0.0,2762110.0,1241350.0,8.49341e-07,0.0014329,0.00258857,0.00116477,0.00116786,0.00116797,0.00116937,626.44,0.0002
7.945,6737770.0,0.0,2762030.0,1241350.0,8.49322e-07,0.00142116,0.00257688,0.00116473,0.00116783,0.00116794,0.00116934,626.886,0.0002
7.95,6737770.0,0.0,2762030.0,1241350.0,8.49322e-07,0.00142116,0.00257688,0.00116473,0.00116783,0.00116794,0.00116934,628.243,0.0002
7.955,6737990.0,0.0,2762090.0,1241350.0,8.49336e-07,0.00142991,0.00258559,0.00116476,0.00116785,0.00116796,0.00116936,628.243,0.0002
7.96,6738070.0,0.0,2762110.0,1241350.0,8.4934e-07,0.00143278,0.00258845,0.00116477,0.00116786,0.00116797,0.00116937,627.669,0.0002
7.965,6737970.0,0.0,2762080.0,1241350.0,8.49335e-07,0.00142908,0.00258476,0.00116476,0.00116785,0.00116796,0.00116936,627.808,0.0002
7.97,6737970.0,0.0,2762080.0,1241350.0,8.49335e-07,0.00142908,0.00258476,0.00116476,0.00116785,0.00116796,0.00116936,628.233,0.0002
7.975,6738040.0,0.0,2762100.0,1241350.0,8.49339e-07,0.00143182,0.00258749,0.00116476,0.00116786,0.00116797,0.00116937,628.233,0.0002
7.98,6738070.0,0.0,2762110.0,1241350.0,8.4934e-07,0.00143272,0.00258839,0.00116477,0.00116786,0.00116797,0.00116937,629.146,0.0002
7.985,6738220.0,0.0,2762150.0,1241350.0,8.4935e-07,0.00143861,0.00259425,0.00116478,0.00116788,0.00116799,0.00116938,629.011,0.0002
7.99,6738220.0,0.0,2762150.0,1241350.0,8.4935e-07,0.00143861,0.00259425,0.00116478,0.00116788,0.00116799,0.00116938,628.6,0.0002
7.995,6738150.0,0.0,2762130.0,1241350.0,8.49346e-07,0.00143596,0.00259161,0.00116477,0.00116787,0.00116798,0.00116938,628.6,0.0002
8.0,6738130.0,0.0,2762130.0,1241350.0,8.49344e-07,0.00143509,0.00259074,0.00116477,0.00116787,0.00116798,0.00116938,626.855,0.0002
8.005,6737840.0,0.0,2762050.0,1241350.0,8.49326e-07,0.00142384,0.00257954,0.00116474,0.00116784,0.00116795,0.00116934,627.917,0.0002
8.01,6737840.0,0.0,2762050.0,1241350.0,8.49326e-07,0.00142384,0.00257954,0.00116474,0.00116784,0.00116795,0.00116934,631.156,0.0002
8.015,6738380.0,0.0,2762200.0,1241360.0,8.4936e-07,0.00144472,0.00260033,0.0011648,0.00116789,0.001168,0.0011694,631.156,0.0002
8.02,6738550.0,0.0,2762250.0,1241360.0,8.49371e-07,0.00145156,0.00260715,0.00116482,0.00116791,0.00116802,0.00116942,628.97,0.0002
8.025,6738190.0,0.0,2762150.0,1241350.0,8.49348e-07,0.00143747,0.00259312,0.00116478,0.00116787,0.00116798,0.00116938,629.105,0.0002
8.03,6738190.0,0.0,2762150.0,1241350.0,8.49348e-07,0.00143747,0.00259312,0.00116478,0.00116787,0.00116798,0.00116938,629.519,0.0002
8.035,6738260.0,0.0,2762170.0,1241350.0,8.49352e-07,0.00144014,0.00259577,0.00116479,0.00116788,0.00116799,0.00116939,629.519,0.0002
8.04,6738280.0,0.0,2762170.0,1241360.0,8.49354e-07,0.00144101,0.00259664,0.00116479,0.00116788,0.00116799,0.00116939,631.545,0.0002
8.045,6738620.0,0.0,2762270.0,1241360.0,8.49375e-07,0.00145407,0.00260964,0.00116482,0.00116792,0.00116803,0.00116943,630.85,0.0002
8.05,6738620.0,0.0,2762270.0,1241360.0,8.49375e-07,0.00145407,0.00260964,0.00116482,0.00116792,0.00116803,0.00116943,628.731,0.0002
8.055,6738260.0,0.0,2762170.0,1241360.0,8.49353e-07,0.00144041,0.00259604,0.00116479,0.00116788,0.00116799,0.00116939,628.731,0.0002
8.06,6738150.0,0.0,2762130.0,1241350.0,8.49346e-07,0.00143593,0.00259158,0.00116477,0.00116787,0.00116798,0.00116938,628.092,0.0002
8.065,6738040.0,0.0,2762100.0,1241350.0,8.49339e-07,0.00143181,0.00258749,0.00116476,0.00116786,0.00116797,0.00116937,627.828,0.0002
8.07,6738040.0,0.0,2762100.0,1241350.0,8.49339e-07,0.00143181,0.00258749,0.00116476,0.00116786,0.00116797,0.00116937,627.024,0.0002
8.075,6737910.0,0.0,2762070.0,1241350.0,8.49331e-07,0.00142663,0.00258232,0.00116475,0.00116785,0.00116796,0.00116935,627.024,0.0002
8.08,6737860.0,0.0,2762050.0,1241350.0,8.49328e-07,0.00142492,0.00258063,0.00116474,0.00116784,0.00116795,0.00116935,629.542,0.0002
8.085,6738280.0,0.0,2762170.0,1241360.0,8.49354e-07,0.00144116,0.00259679,0.00116479,0.00116788,0.00116799,0.00116939,628.806,0.0002
8.09,6738280.0,0.0,2762170.0,1241360.0,8.49354e-07,0.00144116,0.00259679,0.00116479,0.00116788,0.00116799,0.00116939,626.561,0.0002
8.095,6737910.0,0.0,2762070.0,1241350.0,8.49331e-07,0.00142669,0.00258238,0.00116475,0.00116785,0.00116796,0.00116935,626.561,0.0002
8.1,6737790.0,0.0,2762030.0,1241350.0,8.49323e-07,0.00142194,0.00257766,0.00116474,0.00116783,0.00116794,0.00116934,625.255,0.0002
8.105,6737570.0,0.0,2761970.0,1241350.0,8.49309e-07,0.00141352,0.00256927,0.00116471,0.00116781,0.00116792,0.00116932,625.139,0.0002
8.11,6737570.0,0.0,2761970.0,1241350.0,8.49309e-07,0.00141352,0.00256927,0.00116471,0.00116781,0.00116792,0.00116932,624.785,0.0002
8.115,6737510.0,0.0,2761950.0,1241350.0,8.49306e-07,0.00141124,0.002567,0.00116471,0.0011678,0.00116791,0.00116931,624.785,0.0002
8.12,6737490.0,0.0,2761950.0,1241350.0,8.49305e-07,0.00141049,0.00256626,0.00116471,0.0011678,0.00116791,0.00116931,623.919,0.0002
8.125,6737340.0,0.0,2761910.0,1241350.0,8.49296e-07,0.00140491,0.0025607,0.00116469,0.00116779,0.0011679,0.00116929,624.662,0.0002
8.13,6737340.0,0.0,2761910.0,1241350.0,8.49296e-07,0.00140491,0.0025607,0.00116469,0.00116779,0.0011679,0.00116929,626.927,0.0002
8.135,6737720.0,0.0,2762010.0,1241350.0,8.49319e-07,0.00141951,0.00257524,0.00116473,0.00116783,0.00116794,0.00116933,626.927,0.0002
8.14,6737850.0,0.0,2762050.0,1241350.0,8.49327e-07,0.0014243,0.00258,0.00116474,0.00116784,0.00116795,0.00116935,628.329,0.0002
8.145,6738080.0,0.0,2762120.0,1241350.0,8.49341e-07,0.00143334,0.00258901,0.00116477,0.00116786,0.00116797,0.00116937,628.344,0.0002
8.15,6738080.0,0.0,2762120.0,1241350.0,8.49341e-07,0.00143334,0.00258901,0.00116477,0.00116786,0.00116797,0.00116937,628.389,0.0002
8.155,6738090.0,0.0,2762120.0,1241350.0,8.49342e-07,0.00143363,0.00258929,0.00116477,0.00116786,0.00116797,0.00116937,628.389,0.0002
8.16,6738090.0,0.0,2762120.0,1241350.0,8.49342e-07,0.00143372,0.00258939,0.00116477,0.00116786,0.00116797,0.00116937,626.121,0.0002
8.165,6737710.0,0.0,2762010.0,1241350.0,8.49318e-07,0.00141911,0.00257483,0.00116473,0.00116782,0.00116793,0.00116933,626.394,0.0002
8.17,6737710.0,0.0,2762010.0,1241350.0,8.49318e-07,0.00141911,0.00257483,0.00116473,0.00116782,0.00116793,0.00116933,627.227,0.0002
8.175,6737850.0,0.0,2762050.0,1241350.0,8.49327e-07,0.00142448,0.00258018,0.00116474,0.00116784,0.00116795,0.00116935,627.227,0.0002
8.18,6737900.0,0.0,2762060.0,1241350.0,8.4933e-07,0.00142624,0.00258193,0.00116475,0.00116784,0.00116795,0.00116935,624.667,0.0002
8.185,6737470.0,0.0,2761940.0,1241350.0,8.49303e-07,0.00140973,0.0025655,0.0011647,0.0011678,0.00116791,0.00116931,624.504,0.0002
8.19,6737470.0,0.0,2761940.0,1241350.0,8.49303e-07,0.00140973,0.0025655,0.0011647,0.0011678,0.00116791,0.00116931,624.005,0.0002
8.195,6737390.0,0.0,2761920.0,1241350.0,8.49298e-07,0.00140652,0.0025623,0.00116469,0.00116779,0.0011679,0.0011693,624.005,0.0002
8.2,6737360.0,0.0,2761910.0,1241350.0,8.49296e-07,0.00140547,0.00256125,0.00116469,0.00116779,0.0011679,0.00116929,627.739,0.0002
8.205,6737980.0,0.0,2762090.0,1241350.0,8.49335e-07,0.00142953,0.00258522,0.00116476,0.00116785,0.00116796,0.00116936,628.23,0.0002
8.21,6737980.0,0.0,2762090.0,1241350.0,8.49335e-07,0.00142953,0.00258522,0.00116476,0.00116785,0.00116796,0.00116936,629.729,0.0002
8.215,6738230.0,0.0,2762160.0,1241360.0,8.49351e-07,0.0014392,0.00259484,0.00116478,0.00116788,0.00116799,0.00116939,629.729,0.0002
8.22,6738320.0,0.0,2762180.0,1241360.0,8.49356e-07,0.00144237,0.00259799,0.00116479,0.00116789,0.001168,0.00116939,627.983,0.0002
8.225,6738020.0,0.0,2762100.0,1241350.0,8.49338e-07,0.00143111,0.00258679,0.00116476,0.00116786,0.00116797,0.00116936,628.638,0.0002
8.23,6738020.0,0.0,2762100.0,1241350.0,8.49338e-07,0.00143111,0.00258679,0.00116476,0.00116786,0.00116797,0.00116936,630.635,0.0002
8.235,6738360.0,0.0,2762200.0,1241360.0,8.49359e-07,0.00144398,0.0025996,0.0011648,0.00116789,0.001168,0.0011694,630.635,0.0002
8.24,6738470.0,0.0,2762230.0,1241360.0,8.49365e-07,0.0014482,0.00260381,0.00116481,0.0011679,0.00116801,0.00116941,632.324,0.0002
8.245,6738750.0,0.0,2762310.0,1241360.0,8.49383e-07,0.00145909,0.00261465,0.00116484,0.00116793,0.00116804,0.00116944,631.526,0.0002
8.25,6738750.0,0.0,2762310.0,1241360.0,8.49383e-07,0.00145909,0.00261465,0.00116484,0.00116793,0.00116804,0.00116944,629.094,0.0002
8.255,6738340.0,0.0,2762190.0,1241360.0,8.49358e-07,0.00144341,0.00259903,0.00116479,0.00116789,0.001168,0.0011694,629.094,0.0002
8.26,6738210.0,0.0,2762150.0,1241360.0,8.49349e-07,0.00143827,0.00259391,0.00116478,0.00116788,0.00116799,0.00116938,628.22,0.0002
8.265,6738060.0,0.0,2762110.0,1241350.0,8.4934e-07,0.00143264,0.00258831,0.00116477,0.00116786,0.00116797,0.00116937,628.185,0.0002
8.27,6738060.0,0.0,2762110.0,1241350.0,8.4934e-07,0.00143264,0.00258831,0.00116477,0.00116786,0.00116797,0.00116937,628.076,0.0002
8.275,6738050.0,0.0,2762110.0,1241350.0,8.49339e-07,0.00143194,0.00258761,0.00116476,0.00116786,0.00116797,0.00116937,628.076,0.0002
8.28,6738040.0,0.0,2762110.0,1241350.0,8.49339e-07,0.00143171,0.00258738,0.00116476,0.00116786,0.00116797,0.00116937,630.707,0.0002
8.285,6738480.0,0.0,2762230.0,1241360.0,8.49366e-07,0.00144867,0.00260427,0.00116481,0.0011679,0.00116802,0.00116941,630.541,0.0002
8.29,6738480.0,0.0,2762230.0,1241360.0,8.49366e-07,0.00144867,0.00260427,0.00116481,0.0011679,0.00116802,0.00116941,630.034,0.0002
8.295,6738390.0,0.0,2762210.0,1241360.0,8.49361e-07,0.0014454,0.00260102,0.0011648,0.0011679,0.00116801,0.0011694,630.034,0.0002
8.3,6738370.0,0.0,2762200.0,1241360.0,8.49359e-07,0.00144433,0.00259995,0.0011648,0.00116789,0.001168,0.0011694,629.272,0.0002
8.305,6738240.0,0.0,2762160.0,1241360.0,8.49351e-07,0.00143942,0.00259506,0.00116478,0.00116788,0.00116799,0.00116939,627.808,0.0002
8.31,6738240.0,0.0,2762160.0,1241360.0,8.49351e-07,0.00143942,0.00259506,0.00116478,0.00116788,0.00116799,0.00116939,623.345,0.0002
8.315,6737490.0,0.0,2761950.0,1241350.0,8.49305e-07,0.00141065,0.00256641,0.00116471,0.0011678,0.00116791,0.00116931,623.345,0.0002
8.32,6737250.0,0.0,2761880.0,1241350.0,8.4929e-07,0.00140121,0.00255701,0.00116468,0.00116778,0.00116789,0.00116928,626.234,0.0002
8.325,6737730.0,0.0,2762020.0,1241350.0,8.4932e-07,0.00141984,0.00257556,0.00116473,0.00116783,0.00116794,0.00116933,625.817,0.0002
8.33,6737730.0,0.0,2762020.0,1241350.0,8.4932e-07,0.00141984,0.00257556,0.00116473,0.00116783,0.00116794,0.00116933,624.545,0.0002
8.335,6737520.0,0.0,2761960.0,1241350.0,8.49306e-07,0.00141164,0.00256739,0.00116471,0.0011678,0.00116791,0.00116931,624.545,0.0002
8.34,6737450.0,0.0,2761940.0,1241350.0,8.49302e-07,0.00140895,0.00256472,0.0011647,0.0011678,0.00116791,0.0011693,629.697,0.0002
8.345,6738310.0,0.0,2762180.0,1241360.0,8.49356e-07,0.00144216,0.00259779,0.00116479,0.00116789,0.001168,0.00116939,630.302,0.0002
8.35,6738310.0,0.0,2762180.0,1241360.0,8.49356e-07,0.00144216,0.00259779,0.00116479,0.00116789,0.001168,0.00116939,632.148,0.0002
8.355,6738620.0,0.0,2762270.0,1241360.0,8.49375e-07,0.00145405,0.00260963,0.00116482,0.00116792,0.00116803,0.00116943,632.148,0.0002
8.36,6738720.0,0.0,2762300.0,1241360.0,8.49381e-07,0.00145795,0.00261351,0.00116483,0.00116793,0.00116804,0.00116944,629.83,0.0002
8.365,6738330.0,0.0,2762190.0,1241360.0,8.49357e-07,0.00144302,0.00259864,0.00116479,0.00116789,0.001168,0.0011694,629.555,0.0002
8.37,6738330.0,0.0,2762190.0,1241360.0,8.49357e-07,0.00144302,0.00259864,0.00116479,0.00116789,0.001168,0.0011694,628.716,0.0002
8.375,6738190.0,0.0,2762150.0,1241360.0,8.49348e-07,0.00143761,0.00259325,0.00116478,0.00116787,0.00116798,0.00116938,628.716,0.0002
8.38,6738150.0,0.0,2762140.0,1241360.0,8.49345e-07,0.00143583,0.00259149,0.00116477,0.00116787,0.00116798,0.00116938,628.576,0.0002
8.385,6738120.0,0.0,2762130.0,1241360.0,8.49344e-07,0.00143493,0.00259059,0.00116477,0.00116787,0.00116798,0.00116937,628.892,0.0002
8.39,6738120.0,0.0,2762130.0,1241360.0,8.49344e-07,0.00143493,0.00259059,0.00116477,0.00116787,0.00116798,0.00116937,629.855,0.0002
8.395,6738280.0,0.0,2762180.0,1241360.0,8.49354e-07,0.00144114,0.00259677,0.00116479,0.00116788,0.00116799,0.00116939,629.855,0.0002
8.4,6738340.0,0.0,2762190.0,1241360.0,8.49357e-07,0.00144318,0.0025988,0.00116479,0.00116789,0.001168,0.0011694,626.019,0.0002
8.405,6737700.0,0.0,2762010.0,1241350.0,8.49317e-07,0.00141845,0.00257418,0.00116473,0.00116782,0.00116793,0.00116933,626.551,0.0002
8.41,6737700.0,0.0,2762010.0,1241350.0,8.49317e-07,0.00141845,0.00257418,0.00116473,0.00116782,0.00116793,0.00116933,628.175,0.0002
8.415,6737970.0,0.0,2762090.0,1241360.0,8.49334e-07,0.00142891,0.0025846,0.00116475,0.00116785,0.00116796,0.00116936,628.175,0.0002
8.42,6738060.0,0.0,2762110.0,1241360.0,8.4934e-07,0.00143234,0.00258801,0.00116476,0.00116786,0.00116797,0.00116937,625.597,0.0002
8.425,6737630.0,0.0,2761990.0,1241350.0,8.49313e-07,0.00141573,0.00257147,0.00116472,0.00116782,0.00116793,0.00116932,626.425,0.0002
8.43,6737630.0,0.0,2761990.0,1241350.0,8.49313e-07,0.00141573,0.00257147,0.00116472,0.00116782,0.00116793,0.00116932,628.948,0.0002
8.435,6738050.0,0.0,2762110.0,1241360.0,8.49339e-07,0.00143199,0.00258766,0.00116476,0.00116786,0.00116797,0.00116937,628.948,0.0002
8.44,6738180.0,0.0,2762150.0,1241360.0,8.49348e-07,0.00143733,0.00259298,0.00116478,0.00116787,0.00116798,0.00116938,631.092,0.0002
8.445,6738540.0,0.0,2762250.0,1241360.0,8.4937e-07,0.00145115,0.00260674,0.00116481,0.00116791,0.00116802,0.00116942,630.148,0.0002
8.45,6738540.0,0.0,2762250.0,1241360.0,8.4937e-07,0.00145115,0.00260674,0.00116481,0.00116791,0.00116802,0.00116942,627.269,0.0002
8.455,6738060.0,0.0,2762110.0,1241360.0,8.4934e-07,0.00143259,0.00258826,0.00116476,0.00116786,0.00116797,0.00116937,627.269,0.0002
8.46,6737900.0,0.0,2762070.0,1241360.0,8.4933e-07,0.0014265,0.0025822,0.00116475,0.00116784,0.00116795,0.00116935,628.01,0.0002
8.465,6738030.0,0.0,2762100.0,1241360.0,8.49338e-07,0.00143128,0.00258696,0.00116476,0.00116786,0.00116797,0.00116936,627.598,0.0002
8.47,6738030.0,0.0,2762100.0,1241360.0,8.49338e-07,0.00143128,0.00258696,0.00116476,0.00116786,0.00116797,0.00116936,626.342,0.0002
8.475,6737820.0,0.0,2762040.0,1241350.0,8.49325e-07,0.00142319,0.00257889,0.00116474,0.00116784,0.00116795,0.00116934,626.342,0.0002
8.48,6737750.0,0.0,2762020.0,1241350.0,8.49321e-07,0.00142053,0.00257625,0.00116473,0.00116783,0.00116794,0.00116933,626.304,0.0002
8.485,6737740.0,0.0,2762020.0,1241350.0,8.4932e-07,0.00142028,0.002576,0.00116473,0.00116783,0.00116794,0.00116933,627.384,0.0002
8.49,6737740.0,0.0,2762020.0,1241350.0,8.4932e-07,0.00142028,0.002576,0.00116473,0.00116783,0.00116794,0.00116933,630.679,0.0002
8.495,6738290.0,0.0,2762180.0,1241360.0,8.49355e-07,0.00144152,0.00259715,0.00116479,0.00116789,0.001168,0.00116939,630.679,0.0002
8.5,6738470.0,0.0,2762230.0,1241360.0,8.49366e-07,0.00144849,0.00260409,0.00116481,0.0011679,0.00116801,0.00116941,630.54,0.0002
8.505,6738450.0,0.0,2762220.0,1241360.0,8.49364e-07,0.00144759,0.0026032,0.00116481,0.0011679,0.00116801,0.00116941,629.631,0.0002
8.51,6738450.0,0.0,2762220.0,1241360.0,8.49364e-07,0.00144759,0.0026032,0.00116481,0.0011679,0.00116801,0.00116941,626.857,0.0002
8.515,6737990.0,0.0,2762090.0,1241360.0,8.49336e-07,0.00142972,0.0025854,0.00116476,0.00116785,0.00116796,0.00116936,626.857,0.0002
8.52,6737840.0,0.0,2762050.0,1241350.0,8.49326e-07,0.00142385,0.00257956,0.00116474,0.00116784,0.00116795,0.00116934,625.397,0.0002
8.525,6737590.0,0.0,2761980.0,1241350.0,8.49311e-07,0.00141444,0.00257019,0.00116472,0.00116781,0.00116792,0.00116932,626.539,0.0002
8.53,6737590.0,0.0,2761980.0,1241350.0,8.49311e-07,0.00141444,0.00257019,0.00116472,0.00116781,0.00116792,0.00116932,630.02,0.0002
8.535,6738170.0,0.0,2762140.0,1241360.0,8.49347e-07,0.00143688,0.00259253,0.00116478,0.00116787,0.00116798,0.00116938,630.02,0.0002
8.54,6738360.0,0.0,2762200.0,1241360.0,8.49359e-07,0.00144424,0.00259986,0.0011648,0.00116789,0.001168,0.0011694,629.333,0.0002
8.545,6738250.0,0.0,2762170.0,1241360.0,8.49352e-07,0.00143981,0.00259545,0.00116478,0.00116788,0.00116799,0.00116939,630.038,0.0002
8.55,6738250.0,0.0,2762170.0,1241360.0,8.49352e-07,0.00143981,0.00259545,0.00116478,0.00116788,0.00116799,0.00116939,632.187,0.0002
8.555,6738610.0,0.0,2762270.0,1241360.0,8.49374e-07,0.00145366,0.00260924,0.00116482,0.00116792,0.00116803,0.00116943,632.187,0.0002
8.56,6738730.0,0.0,2762300.0,1241360.0,8.49381e-07,0.00145821,0.00261377,0.00116483,0.00116793,0.00116804,0.00116944,625.567,0.0002
8.565,6737620.0,0.0,2761990.0,1241350.0,8.49313e-07,0.00141553,0.00257127,0.00116472,0.00116781,0.00116792,0.00116932,626.606,0.0002
8.57,6737620.0,0.0,2761990.0,1241350.0,8.49313e-07,0.00141553,0.00257127,0.00116472,0.00116781,0.00116792,0.00116932,629.773,0.0002
8.575,6738150.0,0.0,2762140.0,1241360.0,8.49346e-07,0.00143595,0.0025916,0.00116477,0.00116787,0.00116798,0.00116938,629.773,0.0002
8.58,6738320.0,0.0,2762190.0,1241360.0,8.49356e-07,0.00144265,0.00259827,0.00116479,0.00116789,0.001168,0.0011694,628.689,0.0002
8.585,6738140.0,0.0,2762140.0,1241360.0,8.49345e-07,0.00143566,0.00259131,0.00116477,0.00116787,0.00116798,0.00116938,628.768,0.0002
8.59,6738140.0,0.0,2762140.0,1241360.0,8.49345e-07,0.00143566,0.00259131,0.00116477,0.00116787,0.00116798,0.00116938,629.008,0.0002
8.595,6738180.0,0.0,2762150.0,1241360.0,8.49348e-07,0.00143721,0.00259286,0.00116478,0.00116787,0.00116798,0.00116938,629.008,0.0002
8.6,6738190.0,0.0,2762150.0,1241360.0,8.49348e-07,0.00143771,0.00259336,0.00116478,0.00116787,0.00116799,0.00116938,627.097,0.0002
8.605,6737880.0,0.0,2762060.0,1241360.0,8.49329e-07,0.0014254,0.0025811,0.00116475,0.00116784,0.00116795,0.00116935,627.71,0.0002
8.61,6737880.0,0.0,2762060.0,1241360.0,8.49329e-07,0.0014254,0.0025811,0.00116475,0.00116784,0.00116795,0.00116935,629.581,0.0002
8.615,6738190.0,0.0,2762150.0,1241360.0,8.49348e-07,0.00143745,0.0025931,0.00116478,0.00116787,0.00116798,0.00116938,629.581,0.0002
8.62,6738290.0,0.0,2762180.0,1241360.0,8.49354e-07,0.00144141,0.00259704,0.00116479,0.00116788,0.001168,0.00116939,628.079,0.0002
8.625,6738040.0,0.0,2762110.0,1241360.0,8.49339e-07,0.00143172,0.0025874,0.00116476,0.00116786,0.00116797,0.00116937,628.421,0.0002
8.63,6738040.0,0.0,2762110.0,1241360.0,8.49339e-07,0.00143172,0.0025874,0.00116476,0.00116786,0.00116797,0.00116937,629.466,0.0002
8.635,6738210.0,0.0,2762160.0,1241360.0,8.4935e-07,0.00143846,0.0025941,0.00116478,0.00116788,0.00116799,0.00116938,629.466,0.0002
8.64,6738270.0,0.0,2762170.0,1241360.0,8.49353e-07,0.00144067,0.0025963,0.00116479,0.00116788,0.00116799,0.00116939,629.948,0.0002
8.645,6738350.0,0.0,2762200.0,1241360.0,8.49358e-07,0.00144377,0.00259939,0.00116479,0.00116789,0.001168,0.0011694,629.36,0.0002
8.65,6738350.0,0.0,2762200.0,1241360.0,8.49358e-07,0.00144377,0.00259939,0.00116479,0.00116789,0.001168,0.0011694,627.567,0.0002
8.655,6738050.0,0.0,2762110.0,1241360.0,8.4934e-07,0.00143222,0.00258789,0.00116476,0.00116786,0.00116797,0.00116937,627.567,0.0002
8.66,6737950.0,0.0,2762080.0,1241360.0,8.49333e-07,0.00142842,0.00258411,0.00116475,0.00116785,0.00116796,0.00116936,629.548,0.0002
8.665,6738290.0,0.0,2762180.0,1241360.0,8.49354e-07,0.00144119,0.00259683,0.00116479,0.00116788,0.00116799,0.00116939,629.013,0.0002
8.67,6738290.0,0.0,2762180.0,1241360.0,8.49354e-07,0.00144119,0.00259683,0.00116479,0.00116788,0.00116799,0.00116939,627.384,0.0002
8.675,6738010.0,0.0,2762100.0,1241360.0,8.49337e-07,0.00143069,0.00258637,0.00116476,0.00116786,0.00116797,0.00116936,627.384,0.0002
8.68,6737920.0,0.0,2762070.0,1241360.0,8.49332e-07,0.00142725,0.00258294,0.00116475,0.00116785,0.00116796,0.00116935,632.803,0.0002
8.685,6738830.0,0.0,2762330.0,1241370.0,8.49388e-07,0.00146218,0.00261772,0.00116484,0.00116794,0.00116805,0.00116945,631.656,0.0002
8.69,6738830.0,0.0,2762330.0,1241370.0,8.49388e-07,0.00146218,0.00261772,0.00116484,0.00116794,0.00116805,0.00116945,628.159,0.0002
8.695,6738240.0,0.0,2762170.0,1241360.0,8.49352e-07,0.00143964,0.00259527,0.00116478,0.00116788,0.00116799,0.00116939,628.159,0.0002
8.7,6738050.0,0.0,2762110.0,1241360.0,8.4934e-07,0.00143224,0.00258791,0.00116476,0.00116786,0.00116797,0.00116937,629.789,0.0002
8.705,6738330.0,0.0,2762190.0,1241360.0,8.49357e-07,0.00144275,0.00259837,0.00116479,0.00116789,0.001168,0.0011694,630.287,0.0002
8.71,6738330.0,0.0,2762190.0,1241360.0,8.49357e-07,0.00144275,0.00259837,0.00116479,0.00116789,0.001168,0.0011694,631.806,0.0002
8.715,6738580.0,0.0,2762260.0,1241360.0,8.49372e-07,0.00145254,0.00260813,0.00116482,0.00116791,0.00116803,0.00116942,631.806,0.0002
8.72,6738660.0,0.0,2762290.0,1241370.0,8.49378e-07,0.00145575,0.00261132,0.00116483,0.00116792,0.00116803,0.00116943,624.46,0.0002
8.725,6737440.0,0.0,2761940.0,1241350.0,8.49301e-07,0.0014084,0.00256417,0.0011647,0.00116779,0.00116791,0.0011693,625.886,0.0002
8.73,6737440.0,0.0,2761940.0,1241350.0,8.49301e-07,0.0014084,0.00256417,0.0011647,0.00116779,0.00116791,0.0011693,630.231,0.0002
8.735,6738160.0,0.0,2762140.0,1241360.0,8.49346e-07,0.00143641,0.00259207,0.00116477,0.00116787,0.00116798,0.00116938,630.231,0.0002
8.74,6738400.0,0.0,2762210.0,1241360.0,8.49361e-07,0.0014456,0.00260121,0.0011648,0.0011679,0.00116801,0.0011694,630.889,0.0002
8.745,6738510.0,0.0,2762240.0,1241360.0,8.49368e-07,0.00144984,0.00260543,0.00116481,0.00116791,0.00116802,0.00116941,630.276,0.0002
8.75,6738510.0,0.0,2762240.0,1241360.0,8.49368e-07,0.00144984,0.00260543,0.00116481,0.00116791,0.00116802,0.00116941,628.408,0.0002
8.755,6738200.0,0.0,2762150.0,1241360.0,8.49349e-07,0.0014378,0.00259344,0.00116478,0.00116787,0.00116799,0.00116938,628.408,0.0002
8.76,6738090.0,0.0,2762120.0,1241360.0,8.49342e-07,0.00143385,0.00258951,0.00116477,0.00116786,0.00116797,0.00116937,628.138,0.0002
8.765,6738050.0,0.0,2762110.0,1241360.0,8.49339e-07,0.00143211,0.00258778,0.00116476,0.00116786,0.00116797,0.00116937,628.999,0.0002
8.77,6738050.0,0.0,2762110.0,1241360.0,8.49339e-07,0.00143211,0.00258778,0.00116476,0.00116786,0.00116797,0.00116937,631.621,0.0002
8.775,6738490.0,0.0,2762240.0,1241360.0,8.49367e-07,0.00144902,0.00260461,0.00116481,0.00116791,0.00116802,0.00116941,631.621,0.0002
8.78,6738630.0,0.0,2762280.0,1241370.0,8.49376e-07,0.00145456,0.00261014,0.00116482,0.00116792,0.00116803,0.00116943,630.838,0.0002
8.785,6738500.0,0.0,2762240.0,1241360.0,8.49367e-07,0.00144951,0.00260511,0.00116481,0.00116791,0.00116802,0.00116941,631.333,0.0002
8.79,6738500.0,0.0,2762240.0,1241360.0,8.49367e-07,0.00144951,0.00260511,0.00116481,0.00116791,0.00116802,0.00116941,632.841,0.0002
8.795,6738750.0,0.0,2762310.0,1241370.0,8.49383e-07,0.00145923,0.00261479,0.00116484,0.00116793,0.00116804,0.00116944,632.841,0.0002
8.8,6738840.0,0.0,2762330.0,1241370.0,8.49388e-07,0.00146242,0.00261796,0.00116485,0.00116794,0.00116805,0.00116945,628.126,0.0002
8.805,6738050.0,0.0,2762110.0,1241360.0,8.49339e-07,0.00143203,0.0025877,0.00116476,0.00116786,0.00116797,0.00116937,628.147,0.0002
8.81,6738050.0,0.0,2762110.0,1241360.0,8.49339e-07,0.00143203,0.0025877,0.00116476,0.00116786,0.00116797,0.00116937,628.208,0.0002
8.815,6738060.0,0.0,2762110.0,1241360.0,8.4934e-07,0.00143243,0.0025881,0.00116476,0.00116786,0.00116797,0.00116937,628.208,0.0002
8.82,6738060.0,0.0,2762110.0,1241360.0,8.4934e-07,0.00143256,0.00258823,0.00116476,0.00116786,0.00116797,0.00116937,627.379,0.0002
8.825,6737920.0,0.0,2762080.0,1241360.0,8.49332e-07,0.00142722,0.00258291,0.00116475,0.00116785,0.00116796,0.00116935,626.594,0.0002
8.83,6737920.0,0.0,2762080.0,1241360.0,8.49332e-07,0.00142722,0.00258291,0.00116475,0.00116785,0.00116796,0.00116935,624.201,0.0002
8.835,6737520.0,0.0,2761960.0,1241350.0,8.49307e-07,0.00141179,0.00256755,0.00116471,0.0011678,0.00116791,0.00116931,624.201,0.0002
8.84,6737390.0,0.0,2761920.0,1241350.0,8.49298e-07,0.00140673,0.00256251,0.00116469,0.00116779,0.0011679,0.0011693,625.046,0.0002
8.845,6737530.0,0.0,2761960.0,1241350.0,8.49307e-07,0.00141217,0.00256793,0.00116471,0.0011678,0.00116792,0.00116931,626.281,0.0002
8.85,6737530.0,0.0,2761960.0,1241350.0,8.49307e-07,0.00141217,0.00256793,0.00116471,0.0011678,0.00116792,0.00116931,630.048,0.0002
8.855,6738160.0,0.0,2762140.0,1241360.0,8.49346e-07,0.00143645,0.00259211,0.00116477,0.00116787,0.00116798,0.00116938,630.048,0.0002
8.86,6738370.0,0.0,2762200.0,1241360.0,8.49359e-07,0.00144442,0.00260004,0.0011648,0.00116789,0.001168,0.0011694,629.713,0.0002
8.865,6738310.0,0.0,2762190.0,1241360.0,8.49356e-07,0.00144226,0.00259789,0.00116479,0.00116789,0.001168,0.00116939,628.866,0.0002
8.87,6738310.0,0.0,2762190.0,1241360.0,8.49356e-07,0.00144226,0.00259789,0.00116479,0.00116789,0.001168,0.00116939,626.283,0.0002
8.875,6737880.0,0.0,2762060.0,1241360.0,8.49329e-07,0.00142561,0.00258131,0.00116475,0.00116784,0.00116795,0.00116935,626.283,0.0002
8.88,6737740.0,0.0,2762020.0,1241360.0,8.4932e-07,0.00142015,0.00257587,0.00116473,0.00116783,0.00116794,0.00116933,629.141,0.0002
8.885,6738220.0,0.0,2762160.0,1241360.0,8.4935e-07,0.00143857,0.00259422,0.00116478,0.00116788,0.00116799,0.00116938,629.665,0.0002
8.89,6738220.0,0.0,2762160.0,1241360.0,8.4935e-07,0.00143857,0.00259422,0.00116478,0.00116788,0.00116799,0.00116938,631.264,0.0002
8.895,6738480.0,0.0,2762240.0,1241360.0,8.49366e-07,0.00144888,0.00260448,0.00116481,0.0011679,0.00116802,0.00116941,631.264,0.0002
8.9,6738570.0,0.0,2762260.0,1241370.0,8.49372e-07,0.00145226,0.00260784,0.00116482,0.00116791,0.00116802,0.00116942,626.872,0.0002
8.905,6737840.0,0.0,2762050.0,1241360.0,8.49326e-07,0.00142395,0.00257966,0.00116474,0.00116784,0.00116795,0.00116934,627.087,0.0002
8.91,6737840.0,0.0,2762050.0,1241360.0,8.49326e-07,0.00142395,0.00257966,0.00116474,0.00116784,0.00116795,0.00116934,627.741,0.0002
8.915,6737950.0,0.0,2762080.0,1241360.0,8.49333e-07,0.00142817,0.00258385,0.00116475,0.00116785,0.00116796,0.00116936,627.741,0.0002
8.92,6737980.0,0.0,2762090.0,1241360.0,8.49335e-07,0.00142955,0.00258523,0.00116476,0.00116785,0.00116796,0.00116936,626.82,0.0002
8.925,6737830.0,0.0,2762050.0,1241360.0,8.49326e-07,0.00142361,0.00257932,0.00116474,0.00116784,0.00116795,0.00116934,626.47,0.0002
8.93,6737830.0,0.0,2762050.0,1241360.0,8.49326e-07,0.00142361,0.00257932,0.00116474,0.00116784,0.00116795,0.00116934,625.404,0.0002
8.935,6737650.0,0.0,2762000.0,1241360.0,8.49315e-07,0.00141674,0.00257247,0.00116472,0.00116782,0.00116793,0.00116932,625.404,0.0002
8.94,6737590.0,0.0,2761980.0,1241360.0,8.49311e-07,0.00141449,0.00257023,0.00116472,0.00116781,0.00116792,0.00116932,626.625,0.0002
8.945,6737800.0,0.0,2762040.0,1241360.0,8.49324e-07,0.00142236,0.00257807,0.00116474,0.00116783,0.00116794,0.00116934,627.641,0.0002
8.95,6737800.0,0.0,2762040.0,1241360.0,8.49324e-07,0.00142236,0.00257807,0.00116474,0.00116783,0.00116794,0.00116934,630.737,0.0002
8.955,6738310.0,0.0,2762190.0,1241360.0,8.49356e-07,0.00144231,0.00259794,0.00116479,0.00116789,0.001168,0.00116939,630.737,0.0002
8.96,6738480.0,0.0,2762240.0,1241370.0,8.49366e-07,0.00144886,0.00260446,0.00116481,0.0011679,0.00116802,0.00116941,626.184,0.0002
8.965,6737720.0,0.0,2762020.0,1241360.0,8.49319e-07,0.00141951,0.00257524,0.00116473,0.00116782,0.00116794,0.00116933,626.644,0.0002
8.97,6737720.0,0.0,2762020.0,1241360.0,8.49319e-07,0.00141951,0.00257524,0.00116473,0.00116782,0.00116794,0.00116933,628.046,0.0002
8.975,6737960.0,0.0,2762090.0,1241360.0,8.49334e-07,0.00142855,0.00258424,0.00116475,0.00116785,0.00116796,0.00116936,628.046,0.0002
8.98,6738030.0,0.0,2762110.0,1241360.0,8.49338e-07,0.00143152,0.00258719,0.00116476,0.00116786,0.00116797,0.00116936,630.289,0.0002
8.985,6738410.0,0.0,2762210.0,1241360.0,8.49362e-07,0.00144598,0.00260159,0.0011648,0.0011679,0.00116801,0.0011694,630.169,0.0002
8.99,6738410.0,0.0,2762210.0,1241360.0,8.49362e-07,0.00144598,0.00260159,0.0011648,0.0011679,0.00116801,0.0011694,629.802,0.0002
8.995,6738350.0,0.0,2762200.0,1241360.0,8.49358e-07,0.00144361,0.00259923,0.00116479,0.00116789,0.001168,0.0011694,629.802,0.0002
9.0,6738330.0,0.0,2762190.0,1241360.0,8.49357e-07,0.00144283,0.00259846,0.00116479,0.00116789,0.001168,0.0011694,623.21,0.0002
9.005,6737230.0,0.0,2761880.0,1241350.0,8.49288e-07,0.00140034,0.00255615,0.00116468,0.00116777,0.00116788,0.00116928,625.442,0.0002
9.01,6737230.0,0.0,2761880.0,1241350.0,8.49288e-07,0.00140034,0.00255615,0.00116468,0.00116777,0.00116788,0.00116928,632.246,0.0002
9.015,6738360.0,0.0,2762200.0,1241360.0,8.49359e-07,0.0014442,0.00259982,0.0011648,0.00116789,0.001168,0.0011694,632.246,0.0002
9.02,6738740.0,0.0,2762310.0,1241370.0,8.49382e-07,0.00145859,0.00261415,0.00116483,0.00116793,0.00116804,0.00116944,622.942,0.0002
9.025,6737180.0,0.0,2761870.0,1241350.0,8.49285e-07,0.00139861,0.00255443,0.00116467,0.00116777,0.00116788,0.00116927,625.095,0.0002
9.03,6737180.0,0.0,2761870.0,1241350.0,8.49285e-07,0.00139861,0.00255443,0.00116467,0.00116777,0.00116788,0.00116927,631.659,0.0002
9.035,6738280.0,0.0,2762180.0,1241360.0,8.49354e-07,0.00144093,0.00259656,0.00116479,0.00116788,0.00116799,0.00116939,631.659,0.0002
9.04,6738640.0,0.0,2762280.0,1241370.0,8.49376e-07,0.00145481,0.00261038,0.00116482,0.00116792,0.00116803,0.00116943,627.826,0.0002
9.045,6738000.0,0.0,2762100.0,1241360.0,8.49336e-07,0.00143009,0.00258577,0.00116476,0.00116785,0.00116796,0.00116936,628.186,0.0002
9.05,6738000.0,0.0,2762100.0,1241360.0,8.49336e-07,0.00143009,0.00258577,0.00116476,0.00116785,0.00116796,0.00116936,629.285,0.0002
9.055,6738180.0,0.0,2762150.0,1241360.0,8.49348e-07,0.00143718,0.00259283,0.00116478,0.00116787,0.00116798,0.00116938,629.285,0.0002
9.06,6738240.0,0.0,2762170.0,1241360.0,8.49351e-07,0.0014395,0.00259514,0.00116478,0.00116788,0.00116799,0.00116939,628.121,0.0002
9.065,6738050.0,0.0,2762110.0,1241360.0,8.49339e-07,0.001432,0.00258767,0.00116476,0.00116786,0.00116797,0.00116937,627.987,0.0002
9.07,6738050.0,0.0,2762110.0,1241360.0,8.49339e-07,0.001432,0.00258767,0.00116476,0.00116786,0.00116797,0.00116937,627.58,0.0002
9.075,6737980.0,0.0,2762090.0,1241360.0,8.49335e-07,0.00142937,0.00258506,0.00116476,0.00116785,0.00116796,0.00116936,627.58,0.0002
9.08,6737960.0,0.0,2762090.0,1241360.0,8.49334e-07,0.00142851,0.0025842,0.00116475,0.00116785,0.00116796,0.00116936,629.293,0.0002
9.085,6738240.0,0.0,2762170.0,1241360.0,8.49351e-07,0.00143955,0.00259519,0.00116478,0.00116788,0.00116799,0.00116939,629.439,0.0002
9.09,6738240.0,0.0,2762170.0,1241360.0,8.49351e-07,0.00143955,0.00259519,0.00116478,0.00116788,0.00116799,0.00116939,629.884,0.0002
9.095,6738320.0,0.0,2762190.0,1241360.0,8.49356e-07,0.00144242,0.00259805,0.00116479,0.00116789,0.001168,0.00116939,629.884,0.0002
9.1,6738340.0,0.0,2762200.0,1241370.0,8.49358e-07,0.00144336,0.00259899,0.00116479,0.00116789,0.001168,0.0011694,628.197,0.0002
9.105,6738060.0,0.0,2762120.0,1241360.0,8.4934e-07,0.00143249,0.00258816,0.00116476,0.00116786,0.00116797,0.00116937,627.888,0.0002
9.11,6738060.0,0.0,2762120.0,1241360.0,8.4934e-07,0.00143249,0.00258816,0.00116476,0.00116786,0.00116797,0.00116937,626.946,0.0002
9.115,6737900.0,0.0,2762070.0,1241360.0,8.4933e-07,0.00142641,0.00258211,0.00116475,0.00116784,0.00116795,0.00116935,626.946,0.0002
9.12,6737850.0,0.0,2762060.0,1241360.0,8.49327e-07,0.00142442,0.00258012,0.00116474,0.00116784,0.00116795,0.00116934,627.744,0.0002
9.125,6737980.0,0.0,2762090.0,1241360.0,8.49335e-07,0.00142957,0.00258525,0.00116476,0.00116785,0.00116796,0.00116936,626.881,0.0002
9.13,6737980.0,0.0,2762090.0,1241360.0,8.49335e-07,0.00142957,0.00258525,0.00116476,0.00116785,0.00116796,0.00116936,624.251,0.0002
9.135,6737540.0,0.0,2761970.0,1241360.0,8.49308e-07,0.00141261,0.00256837,0.00116471,0.00116781,0.00116792,0.00116931,624.251,0.0002
9.14,6737400.0,0.0,2761930.0,1241360.0,8.49299e-07,0.00140705,0.00256283,0.0011647,0.00116779,0.0011679,0.0011693,626.829,0.0002
9.145,6737830.0,0.0,2762050.0,1241360.0,8.49326e-07,0.00142367,0.00257938,0.00116474,0.00116784,0.00116795,0.00116934,626.98,0.0002
9.15,6737830.0,0.0,2762050.0,1241360.0,8.49326e-07,0.00142367,0.00257938,0.00116474,0.00116784,0.00116795,0.00116934,627.439,0.0002
9.155,6737910.0,0.0,2762070.0,1241360.0,8.49331e-07,0.00142663,0.00258232,0.00116475,0.00116784,0.00116795,0.00116935,627.439,0.0002
9.16,6737930.0,0.0,2762080.0,1241360.0,8.49332e-07,0.0014276,0.00258329,0.00116475,0.00116785,0.00116796,0.00116935,628.152,0.0002
9.165,6738050.0,0.0,2762110.0,1241360.0,8.4934e-07,0.0014322,0.00258787,0.00116476,0.00116786,0.00116797,0.00116937,627.75,0.0002
9.17,6738050.0,0.0,2762110.0,1241360.0,8.4934e-07,0.0014322,0.00258787,0.00116476,0.00116786,0.00116797,0.00116937,626.525,0.0002
9.175,6737850.0,0.0,2762060.0,1241360.0,8.49327e-07,0.0014243,0.00258,0.00116474,0.00116784,0.00116795,0.00116934,626.525,0.0002
9.18,6737780.0,0.0,2762040.0,1241360.0,8.49323e-07,0.00142171,0.00257742,0.00116473,0.00116783,0.00116794,0.00116934,624.415,0.0002
9.185,6737430.0,0.0,2761940.0,1241360.0,8.49301e-07,0.00140811,0.00256388,0.0011647,0.00116779,0.0011679,0.0011693,625.909,0.0002
9.19,6737430.0,0.0,2761940.0,1241360.0,8.49301e-07,0.00140811,0.00256388,0.0011647,0.00116779,0.0011679,0.0011693,630.462,0.0002
9.195,6738190.0,0.0,2762150.0,1241360.0,8.49348e-07,0.00143746,0.00259311,0.00116478,0.00116787,0.00116798,0.00116938,630.462,0.0002
9.2,6738440.0,0.0,2762220.0,1241370.0,8.49364e-07,0.00144709,0.0026027,0.0011648,0.0011679,0.00116801,0.00116941,629.192,0.0002
9.205,6738230.0,0.0,2762160.0,1241360.0,8.4935e-07,0.0014389,0.00259454,0.00116478,0.00116788,0.00116799,0.00116938,629.425,0.0002
9.21,6738230.0,0.0,2762160.0,1241370.0,8.4935e-07,0.0014389,0.00259454,0.00116478,0.00116788,0.00116799,0.00116938,630.137,0.0002
9.215,6738340.0,0.0,2762200.0,1241370.0,8.49358e-07,0.00144349,0.00259911,0.00116479,0.00116789,0.001168,0.0011694,630.137,0.0002
9.22,6738380.0,0.0,2762210.0,1241370.0,8.4936e-07,0.00144499,0.00260061,0.0011648,0.00116789,0.001168,0.0011694,628.695,0.0002
9.225,6738140.0,0.0,2762140.0,1241360.0,8.49345e-07,0.0014357,0.00259135,0.00116477,0.00116787,0.00116798,0.00116938,628.972,0.0002
9.23,6738140.0,0.0,2762140.0,1241360.0,8.49345e-07,0.0014357,0.00259135,0.00116477,0.00116787,0.00116798,0.00116938,629.817,0.0002
9.235,6738280.0,0.0,2762180.0,1241370.0,8.49354e-07,0.00144115,0.00259678,0.00116479,0.00116788,0.00116799,0.00116939,629.817,0.0002
9.24,6738330.0,0.0,2762190.0,1241370.0,8.49357e-07,0.00144293,0.00259856,0.00116479,0.00116789,0.001168,0.0011694,628.923,0.0002
9.245,6738180.0,0.0,2762150.0,1241360.0,8.49348e-07,0.00143717,0.00259282,0.00116478,0.00116787,0.00116798,0.00116938,628.012,0.0002
9.25,6738180.0,0.0,2762150.0,1241360.0,8.49348e-07,0.00143717,0.00259282,0.00116478,0.00116787,0.00116798,0.00116938,625.234,0.0002
9.255,6737720.0,0.0,2762020.0,1241360.0,8.49319e-07,0.00141926,0.00257499,0.00116473,0.00116782,0.00116793,0.00116933,625.234,0.0002
9.26,6737560.0,0.0,2761980.0,1241360.0,8.49309e-07,0.00141339,0.00256914,0.00116471,0.00116781,0.00116792,0.00116931,631.753,0.0002
9.265,6738650.0,0.0,2762290.0,1241370.0,8.49377e-07,0.00145541,0.00261098,0.00116483,0.00116792,0.00116803,0.00116943,631.733,0.0002
9.27,6738650.0,0.0,2762290.0,1241370.0,8.49377e-07,0.00145541,0.00261098,0.00116483,0.00116792,0.00116803,0.00116943,631.671,0.0002
9.275,6738640.0,0.0,2762280.0,1241370.0,8.49376e-07,0.00145501,0.00261059,0.00116482,0.00116792,0.00116803,0.00116943,631.671,0.0002
9.28,6738640.0,0.0,2762280.0,1241370.0,8.49376e-07,0.00145488,0.00261046,0.00116482,0.00116792,0.00116803,0.00116943,629.601,0.0002
9.285,6738290.0,0.0,2762180.0,1241370.0,8.49355e-07,0.00144154,0.00259717,0.00116479,0.00116788,0.00116799,0.00116939,628.698,0.0002
9.29,6738290.0,0.0,2762180.0,1241370.0,8.49355e-07,0.00144154,0.00259717,0.00116479,0.00116788,0.00116799,0.00116939,625.945,0.0002
9.295,6737830.0,0.0,2762050.0,1241360.0,8.49326e-07,0.0014238,0.0025795,0.00116474,0.00116784,0.00116795,0.00116934,625.945,0.0002
9.3,6737680.0,0.0,2762010.0,1241360.0,8.49317e-07,0.00141798,0.00257371,0.00116472,0.00116782,0.00116793,0.00116933,628.165,0.0002
9.305,6738050.0,0.0,2762120.0,1241360.0,8.4934e-07,0.00143228,0.00258795,0.00116476,0.00116786,0.00116797,0.00116937,628.622,0.0002
9.31,6738050.0,0.0,2762120.0,1241360.0,8.4934e-07,0.00143228,0.00258795,0.00116476,0.00116786,0.00116797,0.00116937,630.015,0.0002
9.315,6738290.0,0.0,2762180.0,1241370.0,8.49354e-07,0.00144126,0.00259689,0.00116479,0.00116788,0.00116799,0.00116939,630.015,0.0002
9.32,6738360.0,0.0,2762200.0,1241370.0,8.49359e-07,0.00144421,0.00259983,0.0011648,0.00116789,0.001168,0.0011694,629.44,0.0002
9.325,6738270.0,0.0,2762180.0,1241370.0,8.49353e-07,0.0014405,0.00259613,0.00116479,0.00116788,0.00116799,0.00116939,628.624,0.0002
9.33,6738270.0,0.0,2762180.0,1241370.0,8.49353e-07,0.0014405,0.00259613,0.00116479,0.00116788,0.00116799,0.00116939,626.136,0.0002
9.335,6737850.0,0.0,2762060.0,1241360.0,8.49327e-07,0.00142446,0.00258017,0.00116474,0.00116784,0.00116795,0.00116934,626.136,0.0002
9.34,6737720.0,0.0,2762020.0,1241360.0,8.49319e-07,0.0014192,0.00257493,0.00116473,0.00116782,0.00116793,0.00116933,627.93,0.0002
9.345,6738020.0,0.0,2762100.0,1241360.0,8.49337e-07,0.00143077,0.00258645,0.00116476,0.00116786,0.00116797,0.00116936,628.175,0.0002
9.35,6738020.0,0.0,2762110.0,1241360.0,8.49337e-07,0.00143077,0.00258645,0.00116476,0.00116786,0.00116797,0.00116936,628.919,0.0002
9.355,6738140.0,0.0,2762140.0,1241370.0,8.49345e-07,0.00143557,0.00259122,0.00116477,0.00116787,0.00116798,0.00116938,628.919,0.0002
9.36,6738180.0,0.0,2762150.0,1241370.0,8.49348e-07,0.00143714,0.00259279,0.00116478,0.00116787,0.00116798,0.00116938,629.713,0.0002
9.365,6738310.0,0.0,2762190.0,1241370.0,8.49356e-07,0.00144226,0.00259789,0.00116479,0.00116789,0.001168,0.00116939,629.786,0.0002
9.37,6738310.0,0.0,2762190.0,1241370.0,8.49356e-07,0.00144226,0.00259789,0.00116479,0.00116789,0.001168,0.00116939,630.009,0.0002
9.375,6738350.0,0.0,2762200.0,1241370.0,8.49358e-07,0.0014437,0.00259932,0.00116479,0.00116789,0.001168,0.0011694,630.009,0.0002
9.38,6738360.0,0.0,2762200.0,1241370.0,8.49359e-07,0.00144417,0.00259979,0.0011648,0.00116789,0.001168,0.0011694,627.195,0.0002
9.385,6737890.0,0.0,2762070.0,1241360.0,8.4933e-07,0.00142603,0.00258173,0.00116475,0.00116784,0.00116795,0.00116935,627.59,0.0002
9.39,6737890.0,0.0,2762070.0,1241360.0,8.4933e-07,0.00142603,0.00258173,0.00116475,0.00116784,0.00116795,0.00116935,628.794,0.0002
9.395,6738090.0,0.0,2762130.0,1241370.0,8.49342e-07,0.00143379,0.00258945,0.00116477,0.00116786,0.00116797,0.00116937,628.794,0.0002
9.4,6738160.0,0.0,2762150.0,1241370.0,8.49346e-07,0.00143634,0.00259199,0.00116477,0.00116787,0.00116798,0.00116938,631.428,0.0002
9.405,6738600.0,0.0,2762270.0,1241370.0,8.49374e-07,0.00145332,0.0026089,0.00116482,0.00116792,0.00116803,0.00116942,630.598,0.0002
9.41,6738600.0,0.0,2762270.0,1241370.0,8.49374e-07,0.00145332,0.0026089,0.00116482,0.00116792,0.00116803,0.00116942,628.065,0.0002
9.415,6738180.0,0.0,2762150.0,1241370.0,8.49347e-07,0.00143699,0.00259264,0.00116478,0.00116787,0.00116798,0.00116938,628.065,0.0002
9.42,6738040.0,0.0,2762110.0,1241360.0,8.49339e-07,0.00143164,0.00258731,0.00116476,0.00116786,0.00116797,0.00116936,624.333,0.0002
9.425,6737410.0,0.0,2761930.0,1241360.0,8.493e-07,0.00140758,0.00256335,0.0011647,0.00116779,0.0011679,0.0011693,624.992,0.0002
9.43,6737410.0,0.0,2761930.0,1241360.0,8.493e-07,0.00140758,0.00256335,0.0011647,0.00116779,0.0011679,0.0011693,627.003,0.0002
9.435,6737750.0,0.0,2762030.0,1241360.0,8.49321e-07,0.00142054,0.00257626,0.00116473,0.00116783,0.00116794,0.00116933,627.003,0.0002
9.44,6737860.0,0.0,2762060.0,1241360.0,8.49328e-07,0.00142479,0.00258049,0.00116474,0.00116784,0.00116795,0.00116935,626.027,0.0002
9.445,6737700.0,0.0,2762020.0,1241360.0,8.49317e-07,0.0014185,0.00257423,0.00116473,0.00116782,0.00116793,0.00116933,626.554,0.0002
9.45,6737700.0,0.0,2762020.0,1241360.0,8.49317e-07,0.0014185,0.00257423,0.00116473,0.00116782,0.00116793,0.00116933,628.16,0.0002
9.455,6737970.0,0.0,2762090.0,1241360.0,8.49334e-07,0.00142885,0.00258454,0.00116475,0.00116785,0.00116796,0.00116936,628.16,0.0002
9.46,6738050.0,0.0,2762120.0,1241370.0,8.4934e-07,0.00143225,0.00258792,0.00116476,0.00116786,0.00116797,0.00116937,623.083,0.0002
9.465,6737210.0,0.0,2761880.0,1241360.0,8.49287e-07,0.00139953,0.00255533,0.00116467,0.00116777,0.00116788,0.00116928,623.352,0.0002
9.47,6737210.0,0.0,2761880.0,1241360.0,8.49287e-07,0.00139953,0.00255533,0.00116467,0.00116777,0.00116788,0.00116928,624.172,0.0002
9.475,6737340.0,0.0,2761910.0,1241360.0,8.49295e-07,0.00140481,0.0025606,0.00116469,0.00116778,0.00116789,0.00116929,624.172,0.0002
9.48,6737390.0,0.0,2761930.0,1241360.0,8.49298e-07,0.00140655,0.00256232,0.00116469,0.00116779,0.0011679,0.0011693,622.905,0.0002
9.485,6737180.0,0.0,2761870.0,1241360.0,8.49285e-07,0.00139838,0.00255419,0.00116467,0.00116777,0.00116788,0.00116927,624.946,0.0002
9.49,6737180.0,0.0,2761870.0,1241360.0,8.49285e-07,0.00139838,0.00255419,0.00116467,0.00116777,0.00116788,0.00116927,631.167,0.0002
9.495,6738210.0,0.0,2762160.0,1241370.0,8.4935e-07,0.00143848,0.00259412,0.00116478,0.00116788,0.00116799,0.00116938,631.167,0.0002
9.5,6738560.0,0.0,2762260.0,1241370.0,8.49371e-07,0.00145163,0.00260722,0.00116482,0.00116791,0.00116802,0.00116942,630.828,0.0002
9.505,6738500.0,0.0,2762240.0,1241370.0,8.49367e-07,0.00144945,0.00260505,0.00116481,0.00116791,0.00116802,0.00116941,631.112,0.0002
9.51,6738500.0,0.0,2762240.0,1241370.0,8.49367e-07,0.00144945,0.00260505,0.00116481,0.00116791,0.00116802,0.00116941,631.977,0.0002
9.515,6738640.0,0.0,2762280.0,1241370.0,8.49376e-07,0.00145503,0.0026106,0.00116482,0.00116792,0.00116803,0.00116943,631.977,0.0002
9.52,6738690.0,0.0,2762300.0,1241370.0,8.49379e-07,0.00145686,0.00261242,0.00116483,0.00116793,0.00116804,0.00116943,632.198,0.0002
9.525,6738730.0,0.0,2762310.0,1241370.0,8.49382e-07,0.00145828,0.00261384,0.00116483,0.00116793,0.00116804,0.00116944,631.551,0.0002
9.53,6738730.0,0.0,2762310.0,1241370.0,8.49382e-07,0.00145828,0.00261384,0.00116483,0.00116793,0.00116804,0.00116944,629.577,0.0002
9.535,6738400.0,0.0,2762220.0,1241370.0,8.49361e-07,0.00144556,0.00260117,0.0011648,0.0011679,0.00116801,0.0011694,629.577,0.0002
9.54,6738290.0,0.0,2762180.0,1241370.0,8.49354e-07,0.00144138,0.00259701,0.00116479,0.00116788,0.00116799,0.00116939,627.448,0.0002
9.545,6737930.0,0.0,2762080.0,1241370.0,8.49332e-07,0.00142766,0.00258335,0.00116475,0.00116785,0.00116796,0.00116935,627.319,0.0002
9.55,6737930.0,0.0,2762080.0,1241370.0,8.49332e-07,0.00142766,0.00258335,0.00116475,0.00116785,0.00116796,0.00116935,626.927,0.0002
9.555,6737870.0,0.0,2762060.0,1241360.0,8.49328e-07,0.00142513,0.00258083,0.00116474,0.00116784,0.00116795,0.00116935,626.927,0.0002
9.56,6737850.0,0.0,2762060.0,1241360.0,8.49327e-07,0.0014243,0.00258,0.00116474,0.00116784,0.00116795,0.00116934,631.98,0.0002
9.565,6738690.0,0.0,2762300.0,1241370.0,8.49379e-07,0.00145688,0.00261244,0.00116483,0.00116793,0.00116804,0.00116943,631.767,0.0002
9.57,6738690.0,0.0,2762300.0,1241370.0,8.49379e-07,0.00145688,0.00261244,0.00116483,0.00116793,0.00116804,0.00116943,631.118,0.0002
9.575,6738580.0,0.0,2762270.0,1241370.0,8.49373e-07,0.00145269,0.00260827,0.00116482,0.00116791,0.00116802,0.00116942,631.118,0.0002
9.58,6738550.0,0.0,2762260.0,1241370.0,8.4937e-07,0.00145132,0.0026069,0.00116481,0.00116791,0.00116802,0.00116942,629.579,0.0002
9.585,6738290.0,0.0,2762180.0,1241370.0,8.49354e-07,0.00144139,0.00259702,0.00116479,0.00116788,0.00116799,0.00116939,629.412,0.0002
9.59,6738290.0,0.0,2762180.0,1241370.0,8.49354e-07,0.00144139,0.00259702,0.00116479,0.00116788,0.00116799,0.00116939,628.903,0.0002
9.595,6738210.0,0.0,2762160.0,1241370.0,8.49349e-07,0.00143812,0.00259376,0.00116478,0.00116787,0.00116799,0.00116938,628.903,0.0002
9.6,6738180.0,0.0,2762150.0,1241370.0,8.49347e-07,0.00143704,0.00259269,0.00116478,0.00116787,0.00116798,0.00116938,626.619,0.0002
9.605,6737800.0,0.0,2762040.0,1241360.0,8.49324e-07,0.00142232,0.00257803,0.00116474,0.00116783,0.00116794,0.00116934,626.884,0.0002
9.61,6737800.0,0.0,2762040.0,1241360.0,8.49324e-07,0.00142232,0.00257803,0.00116474,0.00116783,0.00116794,0.00116934,627.692,0.0002
9.615,6737930.0,0.0,2762080.0,1241370.0,8.49332e-07,0.00142753,0.00258322,0.00116475,0.00116785,0.00116796,0.00116935,627.692,0.0002
9.62,6737980.0,0.0,2762100.0,1241370.0,8.49335e-07,0.00142924,0.00258492,0.00116475,0.00116785,0.00116796,0.00116936,629.993,0.0002
9.625,6738360.0,0.0,2762200.0,1241370.0,8.49359e-07,0.00144407,0.00259969,0.00116479,0.00116789,0.001168,0.0011694,629.772,0.0002
9.63,6738360.0,0.0,2762200.0,1241370.0,8.49359e-07,0.00144407,0.00259969,0.00116479,0.00116789,0.001168,0.0011694,629.097,0.0002
9.635,6738250.0,0.0,2762170.0,1241370.0,8.49352e-07,0.00143972,0.00259536,0.00116478,0.00116788,0.00116799,0.00116939,629.097,0.0002
9.64,6738210.0,0.0,2762160.0,1241370.0,8.49349e-07,0.00143829,0.00259393,0.00116478,0.00116788,0.00116799,0.00116938,626.383,0.0002
9.645,6737760.0,0.0,2762030.0,1241360.0,8.49321e-07,0.0014208,0.00257651,0.00116473,0.00116783,0.00116794,0.00116933,627.305,0.0002
9.65,6737760.0,0.0,2762030.0,1241360.0,8.49321e-07,0.0014208,0.00257651,0.00116473,0.00116783,0.00116794,0.00116933,630.114,0.0002
9.655,6738230.0,0.0,2762170.0,1241370.0,8.4935e-07,0.00143891,0.00259455,0.00116478,0.00116788,0.00116799,0.00116938,630.114,0.0002
9.66,6738380.0,0.0,2762210.0,1241370.0,8.4936e-07,0.00144485,0.00260046,0.0011648,0.00116789,0.001168,0.0011694,627.597,0.0002
9.665,6737960.0,0.0,2762090.0,1241370.0,8.49334e-07,0.00142862,0.00258431,0.00116475,0.00116785,0.00116796,0.00116936,628.489,0.0002
9.67,6737960.0,0.0,2762090.0,1241370.0,8.49334e-07,0.00142862,0.00258431,0.00116475,0.00116785,0.00116796,0.00116936,631.205,0.0002
9.675,6738410.0,0.0,2762220.0,1241370.0,8.49362e-07,0.00144614,0.00260175,0.0011648,0.0011679,0.00116801,0.0011694,631.205,0.0002
9.68,6738560.0,0.0,2762260.0,1241370.0,8.49371e-07,0.00145188,0.00260747,0.00116482,0.00116791,0.00116802,0.00116942,625.4,0.0002
9.685,6737590.0,0.0,2761990.0,1241360.0,8.49311e-07,0.00141446,0.0025702,0.00116471,0.00116781,0.00116792,0.00116932,625.96,0.0002
9.69,6737590.0,0.0,2761990.0,1241360.0,8.49311e-07,0.00141446,0.0025702,0.00116471,0.00116781,0.00116792,0.00116932,627.668,0.0002
9.695,6737880.0,0.0,2762070.0,1241370.0,8.49329e-07,0.00142547,0.00258116,0.00116474,0.00116784,0.00116795,0.00116935,627.668,0.0002
9.7,6737970.0,0.0,2762090.0,1241370.0,8.49335e-07,0.00142908,0.00258476,0.00116475,0.00116785,0.00116796,0.00116936,625.79,0.0002
9.705,6737660.0,0.0,2762010.0,1241360.0,8.49315e-07,0.00141697,0.00257271,0.00116472,0.00116782,0.00116793,0.00116932,625.777,0.0002
9.71,6737660.0,0.0,2762010.0,1241360.0,8.49315e-07,0.00141697,0.00257271,0.00116472,0.00116782,0.00116793,0.00116932,625.739,0.0002
9.715,6737650.0,0.0,2762000.0,1241360.0,8.49315e-07,0.00141673,0.00257246,0.00116472,0.00116782,0.00116793,0.00116932,625.739,0.0002
9.72,6737650.0,0.0,2762000.0,1241360.0,8.49314e-07,0.00141664,0.00257238,0.00116472,0.00116782,0.00116793,0.00116932,630.068,0.0002
9.725,6738370.0,0.0,2762210.0,1241370.0,8.49359e-07,0.00144455,0.00260017,0.0011648,0.00116789,0.001168,0.0011694,631.293,0.0002
9.73,6738370.0,0.0,2762210.0,1241370.0,8.49359e-07,0.00144455,0.00260017,0.0011648,0.00116789,0.001168,0.0011694,635.026,0.0002
9.735,6739000.0,0.0,2762390.0,1241380.0,8.49398e-07,0.00146862,0.00262413,0.00116486,0.00116796,0.00116807,0.00116947,635.026,0.0002
9.74,6739200.0,0.0,2762440.0,1241380.0,8.49411e-07,0.00147651,0.00263199,0.00116488,0.00116798,0.00116809,0.00116949,630.05,0.0002
9.745,6738370.0,0.0,2762210.0,1241370.0,8.49359e-07,0.00144443,0.00260005,0.0011648,0.00116789,0.001168,0.0011694,630.246,0.0002
9.75,6738370.0,0.0,2762210.0,1241370.0,8.49359e-07,0.00144443,0.00260005,0.0011648,0.00116789,0.001168,0.0011694,630.844,0.0002
9.755,6738470.0,0.0,2762240.0,1241370.0,8.49365e-07,0.00144829,0.00260389,0.00116481,0.0011679,0.00116801,0.00116941,630.844,0.0002
9.76,6738500.0,0.0,2762250.0,1241370.0,8.49368e-07,0.00144955,0.00260515,0.00116481,0.00116791,0.00116802,0.00116941,630.188,0.0002
9.765,6738390.0,0.0,2762210.0,1241370.0,8.49361e-07,0.00144532,0.00260093,0.0011648,0.00116789,0.001168,0.0011694,629.345,0.0002
9.77,6738390.0,0.0,2762210.0,1241370.0,8.49361e-07,0.00144532,0.00260093,0.0011648,0.00116789,0.001168,0.0011694,626.777,0.0002
9.775,6737960.0,0.0,2762090.0,1241370.0,8.49334e-07,0.00142877,0.00258445,0.00116475,0.00116785,0.00116796,0.00116936,626.777,0.0002
9.78,6737820.0,0.0,2762050.0,1241370.0,8.49325e-07,0.00142334,0.00257904,0.00116474,0.00116783,0.00116794,0.00116934,626.931,0.0002
9.785,6737850.0,0.0,2762060.0,1241370.0,8.49327e-07,0.00142433,0.00258003,0.00116474,0.00116784,0.00116795,0.00116934,627.365,0.0002
9.79,6737850.0,0.0,2762060.0,1241370.0,8.49327e-07,0.00142433,0.00258003,0.00116474,0.00116784,0.00116795,0.00116934,628.685,0.0002
9.795,6738070.0,0.0,2762120.0,1241370.0,8.49341e-07,0.00143284,0.00258851,0.00116476,0.00116786,0.00116797,0.00116937,628.685,0.0002
9.8,6738140.0,0.0,2762140.0,1241370.0,8.49345e-07,0.00143564,0.00259129,0.00116477,0.00116787,0.00116798,0.00116937,622.402,0.0002
9.805,6737090.0,0.0,2761850.0,1241360.0,8.4928e-07,0.00139514,0.00255096,0.00116466,0.00116776,0.00116787,0.00116926,623.864,0.0002
9.81,6737090.0,0.0,2761850.0,1241360.0,8.4928e-07,0.00139514,0.00255096,0.00116466,0.00116776,0.00116787,0.00116926,628.32,0.0002
9.815,6737840.0,0.0,2762060.0,1241370.0,8.49326e-07,0.00142386,0.00257957,0.00116474,0.00116784,0.00116795,0.00116934,628.32,0.0002
9.82,6738080.0,0.0,2762130.0,1241370.0,8.49341e-07,0.00143328,0.00258895,0.00116477,0.00116786,0.00116797,0.00116937,632.074,0.0002
9.825,6738710.0,0.0,2762300.0,1241380.0,8.4938e-07,0.00145748,0.00261304,0.00116483,0.00116793,0.00116804,0.00116943,630.21,0.0002
9.83,6738710.0,0.0,2762300.0,1241380.0,8.4938e-07,0.00145748,0.00261304,0.00116483,0.00116793,0.00116804,0.00116943,624.528,0.0002
9.835,6737760.0,0.0,2762040.0,1241370.0,8.49321e-07,0.00142085,0.00257657,0.00116473,0.00116783,0.00116794,0.00116933,624.528,0.0002
9.84,6737450.0,0.0,2761950.0,1241360.0,8.49302e-07,0.00140884,0.0025646,0.0011647,0.00116779,0.00116791,0.0011693,625.133,0.0002
9.845,6737550.0,0.0,2761980.0,1241360.0,8.49308e-07,0.00141274,0.00256849,0.00116471,0.00116781,0.00116792,0.00116931,624.582,0.0002
9.85,6737550.0,0.0,2761980.0,1241360.0,8.49308e-07,0.00141274,0.00256849,0.00116471,0.00116781,0.00116792,0.00116931,622.902,0.0002
9.855,6737270.0,0.0,2761900.0,1241360.0,8.49291e-07,0.00140191,0.00255771,0.00116468,0.00116778,0.00116789,0.00116928,622.902,0.0002
9.86,6737180.0,0.0,2761870.0,1241360.0,8.49285e-07,0.00139836,0.00255417,0.00116467,0.00116777,0.00116788,0.00116927,627.735,0.0002
9.865,6737980.0,0.0,2762100.0,1241370.0,8.49335e-07,0.00142951,0.00258519,0.00116476,0.00116785,0.00116796,0.00116936,627.799,0.0002
9.87,6737980.0,0.0,2762100.0,1241370.0,8.49335e-07,0.00142951,0.00258519,0.00116476,0.00116785,0.00116796,0.00116936,627.994,0.0002
9.875,6738010.0,0.0,2762110.0,1241370.0,8.49337e-07,0.00143077,0.00258644,0.00116476,0.00116785,0.00116796,0.00116936,627.994,0.0002
9.88,6738030.0,0.0,2762110.0,1241370.0,8.49338e-07,0.00143118,0.00258685,0.00116476,0.00116786,0.00116797,0.00116936,630.481,0.0002
9.885,6738440.0,0.0,2762230.0,1241370.0,8.49364e-07,0.00144721,0.00260282,0.0011648,0.0011679,0.00116801,0.00116941,629.97,0.0002
9.89,6738440.0,0.0,2762230.0,1241370.0,8.49364e-07,0.00144721,0.00260282,0.0011648,0.0011679,0.00116801,0.00116941,628.411,0.0002
9.895,6738180.0,0.0,2762160.0,1241370.0,8.49348e-07,0.00143716,0.00259281,0.00116478,0.00116787,0.00116798,0.00116938,628.411,0.0002
9.9,6738100.0,0.0,2762130.0,1241370.0,8.49342e-07,0.00143387,0.00258953,0.00116477,0.00116786,0.00116797,0.00116937,624.834,0.0002
9.905,6737500.0,0.0,2761960.0,1241360.0,8.49305e-07,0.00141081,0.00256657,0.0011647,0.0011678,0.00116791,0.00116931,625.151,0.0002
9.91,6737500.0,0.0,2761960.0,1241360.0,8.49305e-07,0.00141081,0.00256657,0.0011647,0.0011678,0.00116791,0.00116931,626.12,0.0002
9.915,6737660.0,0.0,2762010.0,1241370.0,8.49315e-07,0.00141706,0.00257279,0.00116472,0.00116782,0.00116793,0.00116932,626.12,0.0002
9.92,6737710.0,0.0,2762020.0,1241370.0,8.49318e-07,0.0014191,0.00257483,0.00116473,0.00116782,0.00116793,0.00116933,630.156,0.0002
9.925,6738390.0,0.0,2762210.0,1241370.0,8.4936e-07,0.00144512,0.00260073,0.0011648,0.00116789,0.001168,0.0011694,629.81,0.0002
9.93,6738390.0,0.0,2762210.0,1241370.0,8.4936e-07,0.00144512,0.00260073,0.0011648,0.00116789,0.001168,0.0011694,628.754,0.0002
9.935,6738210.0,0.0,2762160.0,1241370.0,8.49349e-07,0.00143831,0.00259395,0.00116478,0.00116788,0.00116799,0.00116938,628.754,0.0002
9.94,6738150.0,0.0,2762150.0,1241370.0,8.49346e-07,0.00143608,0.00259173,0.00116477,0.00116787,0.00116798,0.00116938,626.985,0.0002
9.945,6737860.0,0.0,2762060.0,1241370.0,8.49327e-07,0.00142468,0.00258038,0.00116474,0.00116784,0.00116795,0.00116934,626.501,0.0002
9.95,6737860.0,0.0,2762060.0,1241370.0,8.49327e-07,0.00142468,0.00258038,0.00116474,0.00116784,0.00116795,0.00116934,625.025,0.0002
9.955,6737610.0,0.0,2761990.0,1241370.0,8.49312e-07,0.00141516,0.0025709,0.00116472,0.00116781,0.00116792,0.00116932,625.025,0.0002
9.96,6737530.0,0.0,2761970.0,1241360.0,8.49307e-07,0.00141204,0.0025678,0.00116471,0.0011678,0.00116791,0.00116931,628.982,0.0002
9.965,6738190.0,0.0,2762160.0,1241370.0,8.49348e-07,0.00143755,0.00259319,0.00116478,0.00116787,0.00116798,0.00116938,627.811,0.0002
9.97,6738190.0,0.0,2762160.0,1241370.0,8.49348e-07,0.00143755,0.00259319,0.00116478,0.00116787,0.00116798,0.00116938,624.242,0.0002
9.975,6737590.0,0.0,2761990.0,1241370.0,8.49311e-07,0.00141454,0.00257028,0.00116471,0.00116781,0.00116792,0.00116932,624.242,0.0002
9.98,6737400.0,0.0,2761930.0,1241360.0,8.49299e-07,0.00140699,0.00256277,0.00116469,0.00116779,0.0011679,0.0011693,627.452,0.0002
9.985,6737940.0,0.0,2762090.0,1241370.0,8.49332e-07,0.00142768,0.00258337,0.00116475,0.00116785,0.00116796,0.00116935,628.461,0.0002
9.99,6737940.0,0.0,2762090.0,1241370.0,8.49332e-07,0.00142768,0.00258337,0.00116475,0.00116785,0.00116796,0.00116935,631.537,0.0002
9.995,6738450.0,0.0,2762230.0,1241370.0,8.49364e-07,0.00144752,0.00260312,0.0011648,0.0011679,0.00116801,0.00116941,631.537,0.0002
10.0,6738620.0,0.0,2762280.0,1241380.0,8.49375e-07,0.00145402,0.0026096,0.00116482,0.00116792,0.00116803,0.00116943,635.667,0.0002
10.005,6739310.0,0.0,2762480.0,1241380.0,8.49418e-07,0.00148064,0.0026361,0.00116489,0.00116799,0.0011681,0.0011695,634.269,0.0002
10.01,6739310.0,0.0,2762480.0,1241380.0,8.49418e-07,0.00148064,0.0026361,0.00116489,0.00116799,0.0011681,0.0011695,630.005,0.0002
10.015,6738600.0,0.0,2762270.0,1241380.0,8.49373e-07,0.00145316,0.00260874,0.00116482,0.00116792,0.00116803,0.00116942,630.005,0.0002
10.02,6738360.0,0.0,2762210.0,1241370.0,8.49359e-07,0.00144415,0.00259976,0.00116479,0.00116789,0.001168,0.0011694,627.771,0.0002
10.025,6737990.0,0.0,2762100.0,1241370.0,8.49336e-07,0.00142975,0.00258543,0.00116476,0.00116785,0.00116796,0.00116936,628.581,0.0002
10.03,6737990.0,0.0,2762100.0,1241370.0,8.49336e-07,0.00142975,0.00258543,0.00116476,0.00116785,0.00116796,0.00116936,631.05,0.0002
10.035,6738400.0,0.0,2762220.0,1241370.0,8.49361e-07,0.00144566,0.00260127,0.0011648,0.00116789,0.00116801,0.0011694,631.05,0.0002
10.04,6738540.0,0.0,2762260.0,1241380.0,8.4937e-07,0.00145088,0.00260647,0.00116481,0.00116791,0.00116802,0.00116942,629.733,0.0002
10.045,6738320.0,0.0,2762200.0,1241370.0,8.49356e-07,0.00144239,0.00259802,0.00116479,0.00116789,0.001168,0.00116939,629.151,0.0002
10.05,6738320.0,0.0,2762200.0,1241370.0,8.49356e-07,0.00144239,0.00259802,0.00116479,0.00116789,0.001168,0.00116939,627.375,0.0002
10.055,6738020.0,0.0,2762110.0,1241370.0,8.49338e-07,0.00143094,0.00258662,0.00116476,0.00116785,0.00116797,0.00116936,627.375,0.0002
10.06,6737920.0,0.0,2762080.0,1241370.0,8.49331e-07,0.00142719,0.00258288,0.00116475,0.00116784,0.00116795,0.00116935,626.014,0.0002
10.065,6737700.0,0.0,2762020.0,1241370.0,8.49317e-07,0.00141842,0.00257415,0.00116472,0.00116782,0.00116793,0.00116933,626.247,0.0002
10.07,6737700.0,0.0,2762020.0,1241370.0,8.49317e-07,0.00141842,0.00257415,0.00116472,0.00116782,0.00116793,0.00116933,626.958,0.0002
10.075,6737810.0,0.0,2762050.0,1241370.0,8.49325e-07,0.001423,0.00257871,0.00116474,0.00116783,0.00116794,0.00116934,626.958,0.0002
10.08,6737850.0,0.0,2762060.0,1241370.0,8.49327e-07,0.0014245,0.0025802,0.00116474,0.00116784,0.00116795,0.00116934,627.872,0.0002
10.085,6738010.0,0.0,2762110.0,1241370.0,8.49337e-07,0.00143039,0.00258607,0.00116476,0.00116785,0.00116796,0.00116936,626.878,0.0002
10.09,6738010.0,0.0,2762110.0,1241370.0,8.49337e-07,0.00143039,0.00258607,0.00116476,0.00116785,0.00116796,0.00116936,623.848,0.0002
10.095,6737500.0,0.0,2761960.0,1241370.0,8.49305e-07,0.00141086,0.00256662,0.0011647,0.0011678,0.00116791,0.00116931,623.848,0.0002
10.1,6737330.0,0.0,2761920.0,1241360.0,8.49295e-07,0.00140446,0.00256024,0.00116469,0.00116778,0.00116789,0.00116929,624.827,0.0002
10.105,6737500.0,0.0,2761960.0,1241370.0,8.49305e-07,0.00141077,0.00256653,0.0011647,0.0011678,0.00116791,0.00116931,626.098,0.0002
10.11,6737500.0,0.0,2761960.0,1241370.0,8.49305e-07,0.00141077,0.00256653,0.0011647,0.0011678,0.00116791,0.00116931,629.971,0.0002
10.115,6738140.0,0.0,2762150.0,1241370.0,8.49345e-07,0.00143574,0.00259139,0.00116477,0.00116787,0.00116798,0.00116937,629.971,0.0002
10.12,6738360.0,0.0,2762210.0,1241370.0,8.49358e-07,0.00144393,0.00259955,0.00116479,0.00116789,0.001168,0.0011694,626.276,0.0002
10.125,6737740.0,0.0,2762030.0,1241370.0,8.4932e-07,0.00142011,0.00257583,0.00116473,0.00116783,0.00116794,0.00116933,627.494,0.0002
10.13,6737740.0,0.0,2762030.0,1241370.0,8.4932e-07,0.00142011,0.00257583,0.00116473,0.00116783,0.00116794,0.00116933,631.206,0.0002
10.135,6738360.0,0.0,2762210.0,1241370.0,8.49359e-07,0.00144404,0.00259965,0.00116479,0.00116789,0.001168,0.0011694,631.206,0.0002
10.14,6738560.0,0.0,2762270.0,1241380.0,8.49371e-07,0.00145188,0.00260747,0.00116482,0.00116791,0.00116802,0.00116942,630.176,0.0002
10.145,6738390.0,0.0,2762220.0,1241370.0,8.49361e-07,0.00144524,0.00260086,0.0011648,0.00116789,0.001168,0.0011694,629.234,0.0002
10.15,6738390.0,0.0,2762220.0,1241380.0,8.49361e-07,0.00144524,0.00260086,0.0011648,0.00116789,0.001168,0.0011694,626.364,0.0002
10.155,6737910.0,0.0,2762080.0,1241370.0,8.49331e-07,0.00142674,0.00258243,0.00116475,0.00116784,0.00116795,0.00116935,626.364,0.0002
10.16,6737750.0,0.0,2762040.0,1241370.0,8.49321e-07,0.00142067,0.00257639,0.00116473,0.00116783,0.00116794,0.00116933,629.864,0.0002
10.165,6738340.0,0.0,2762200.0,1241370.0,8.49357e-07,0.00144323,0.00259886,0.00116479,0.00116789,0.001168,0.0011694,628.996,0.0002
10.17,6738340.0,0.0,2762200.0,1241370.0,8.49357e-07,0.00144323,0.00259886,0.00116479,0.00116789,0.001168,0.0011694,626.35,0.0002
10.175,6737900.0,0.0,2762080.0,1241370.0,8.4933e-07,0.00142618,0.00258187,0.00116475,0.00116784,0.00116795,0.00116935,626.35,0.0002
10.18,6737750.0,0.0,2762040.0,1241370.0,8.49321e-07,0.00142058,0.0025763,0.00116473,0.00116783,0.00116794,0.00116933,628.221,0.0002
10.185,6738060.0,0.0,2762120.0,1241370.0,8.4934e-07,0.00143264,0.00258831,0.00116476,0.00116786,0.00116797,0.00116937,628.379,0.0002
10.19,6738060.0,0.0,2762120.0,1241370.0,8.4934e-07,0.00143264,0.00258831,0.00116476,0.00116786,0.00116797,0.00116937,628.862,0.0002
10.195,6738140.0,0.0,2762150.0,1241370.0,8.49345e-07,0.00143575,0.00259141,0.00116477,0.00116787,0.00116798,0.00116937,628.862,0.0002
10.2,6738170.0,0.0,2762150.0,1241370.0,8.49347e-07,0.00143678,0.00259242,0.00116477,0.00116787,0.00116798,0.00116938,629.209,0.0002
10.205,6738230.0,0.0,2762170.0,1241370.0,8.49351e-07,0.00143902,0.00259465,0.00116478,0.00116788,0.00116799,0.00116938,629.264,0.0002
10.21,6738230.0,0.0,2762170.0,1241370.0,8.49351e-07,0.00143902,0.00259465,0.00116478,0.00116788,0.00116799,0.00116938,629.43,0.0002
10.215,6738260.0,0.0,2762180.0,1241370.0,8.49352e-07,0.00144008,0.00259572,0.00116478,0.00116788,0.00116799,0.00116939,629.43,0.0002
10.22,6738270.0,0.0,2762180.0,1241370.0,8.49353e-07,0.00144043,0.00259607,0.00116478,0.00116788,0.00116799,0.00116939,629.324,0.0002
10.225,6738250.0,0.0,2762180.0,1241370.0,8.49352e-07,0.00143976,0.00259539,0.00116478,0.00116788,0.00116799,0.00116939,630.177,0.0002
10.23,6738250.0,0.0,2762180.0,1241370.0,8.49352e-07,0.00143976,0.00259539,0.00116478,0.00116788,0.00116799,0.00116939,632.778,0.0002
10.235,6738680.0,0.0,2762300.0,1241380.0,8.49379e-07,0.00145652,0.00261209,0.00116483,0.00116792,0.00116803,0.00116943,632.778,0.0002
10.24,6738820.0,0.0,2762340.0,1241380.0,8.49388e-07,0.00146202,0.00261756,0.00116484,0.00116794,0.00116805,0.00116945,629.409,0.0002
10.245,6738260.0,0.0,2762180.0,1241370.0,8.49353e-07,0.00144031,0.00259594,0.00116478,0.00116788,0.00116799,0.00116939,629.903,0.0002
10.25,6738260.0,0.0,2762180.0,1241370.0,8.49353e-07,0.00144031,0.00259594,0.00116478,0.00116788,0.00116799,0.00116939,631.407,0.0002
10.255,6738510.0,0.0,2762250.0,1241380.0,8.49368e-07,0.00145,0.00260559,0.00116481,0.00116791,0.00116802,0.00116941,631.407,0.0002
10.26,6738600.0,0.0,2762280.0,1241380.0,8.49373e-07,0.00145318,0.00260876,0.00116482,0.00116792,0.00116803,0.00116942,628.195,0.0002
10.265,6738060.0,0.0,2762120.0,1241370.0,8.4934e-07,0.00143248,0.00258815,0.00116476,0.00116786,0.00116797,0.00116937,629.276,0.0002
10.27,6738060.0,0.0,2762120.0,1241370.0,8.4934e-07,0.00143248,0.00258815,0.00116476,0.00116786,0.00116797,0.00116937,632.572,0.0002
10.275,6738610.0,0.0,2762280.0,1241380.0,8.49374e-07,0.00145372,0.0026093,0.00116482,0.00116792,0.00116803,0.00116942,632.572,0.0002
10.28,6738790.0,0.0,2762330.0,1241380.0,8.49385e-07,0.00146069,0.00261624,0.00116484,0.00116794,0.00116805,0.00116944,627.221,0.0002
10.285,6737900.0,0.0,2762080.0,1241370.0,8.4933e-07,0.0014262,0.00258189,0.00116475,0.00116784,0.00116795,0.00116935,627.866,0.0002
10.29,6737900.0,0.0,2762080.0,1241370.0,8.4933e-07,0.0014262,0.00258189,0.00116475,0.00116784,0.00116795,0.00116935,629.83,0.0002
10.295,6738220.0,0.0,2762170.0,1241370.0,8.4935e-07,0.00143886,0.0025945,0.00116478,0.00116788,0.00116799,0.00116938,629.83,0.0002
10.3,6738330.0,0.0,2762200.0,1241380.0,8.49357e-07,0.00144302,0.00259864,0.00116479,0.00116789,0.001168,0.00116939,626.533,0.0002
10.305,6737780.0,0.0,2762040.0,1241370.0,8.49323e-07,0.00142176,0.00257748,0.00116473,0.00116783,0.00116794,0.00116934,626.729,0.0002
10.31,6737780.0,0.0,2762040.0,1241370.0,8.49323e-07,0.00142176,0.00257748,0.00116473,0.00116783,0.00116794,0.00116934,627.325,0.0002
10.315,6737880.0,0.0,2762070.0,1241370.0,8.49329e-07,0.00142561,0.00258131,0.00116474,0.00116784,0.00116795,0.00116935,627.325,0.0002
10.32,6737910.0,0.0,2762080.0,1241370.0,8.49331e-07,0.00142687,0.00258256,0.00116475,0.00116784,0.00116795,0.00116935,628.007,0.0002
10.325,6738030.0,0.0,2762110.0,1241370.0,8.49338e-07,0.00143126,0.00258694,0.00116476,0.00116786,0.00116797,0.00116936,628.535,0.0002
10.33,6738030.0,0.0,2762110.0,1241370.0,8.49338e-07,0.00143126,0.00258694,0.00116476,0.00116786,0.00116797,0.00116936,630.145,0.0002
10.335,6738300.0,0.0,2762190.0,1241380.0,8.49355e-07,0.00144164,0.00259727,0.00116479,0.00116788,0.00116799,0.00116939,630.145,0.0002
10.34,6738380.0,0.0,2762220.0,1241380.0,8.4936e-07,0.00144504,0.00260066,0.0011648,0.00116789,0.001168,0.0011694,628.437,0.0002
10.345,6738100.0,0.0,2762140.0,1241370.0,8.49343e-07,0.00143404,0.0025897,0.00116477,0.00116786,0.00116797,0.00116937,627.75,0.0002
10.35,6738100.0,0.0,2762140.0,1241370.0,8.49343e-07,0.00143404,0.0025897,0.00116477,0.00116786,0.00116797,0.00116937,625.655,0.0002
10.355,6737750.0,0.0,2762040.0,1241370.0,8.49321e-07,0.00142053,0.00257625,0.00116473,0.00116783,0.00116794,0.00116933,625.655,0.0002
10.36,6737630.0,0.0,2762000.0,1241370.0,8.49314e-07,0.0014161,0.00257184,0.00116472,0.00116781,0.00116792,0.00116932,626.348,0.0002
10.365,6737750.0,0.0,2762040.0,1241370.0,8.49321e-07,0.00142057,0.00257629,0.00116473,0.00116783,0.00116794,0.00116933,627.379,0.0002
10.37,6737750.0,0.0,2762040.0,1241370.0,8.49321e-07,0.00142057,0.00257629,0.00116473,0.00116783,0.00116794,0.00116933,630.523,0.0002
10.375,6738280.0,0.0,2762190.0,1241380.0,8.49353e-07,0.00144083,0.00259646,0.00116479,0.00116788,0.00116799,0.00116939,630.523,0.0002
10.38,6738450.0,0.0,2762230.0,1241380.0,8.49364e-07,0.00144748,0.00260308,0.0011648,0.0011679,0.00116801,0.00116941,627.248,0.0002
10.385,6737900.0,0.0,2762080.0,1241370.0,8.4933e-07,0.00142638,0.00258207,0.00116475,0.00116784,0.00116795,0.00116935,627.837,0.0002
10.39,6737900.0,0.0,2762080.0,1241370.0,8.4933e-07,0.00142638,0.00258207,0.00116475,0.00116784,0.00116795,0.00116935,629.632,0.0002
10.395,6738200.0,0.0,2762160.0,1241380.0,8.49349e-07,0.00143794,0.00259359,0.00116478,0.00116787,0.00116798,0.00116938,629.632,0.0002
10.4,6738300.0,0.0,2762190.0,1241380.0,8.49355e-07,0.00144174,0.00259736,0.00116479,0.00116788,0.00116799,0.00116939,629.394,0.0002
10.405,6738260.0,0.0,2762180.0,1241380.0,8.49352e-07,0.00144021,0.00259584,0.00116478,0.00116788,0.00116799,0.00116939,628.268,0.0002
10.41,6738260.0,0.0,2762180.0,1241380.0,8.49352e-07,0.00144021,0.00259584,0.00116478,0.00116788,0.00116799,0.00116939,624.834,0.0002
10.415,6737690.0,0.0,2762020.0,1241370.0,8.49317e-07,0.00141807,0.0025738,0.00116472,0.00116782,0.00116793,0.00116933,624.834,0.0002
10.42,6737500.0,0.0,2761960.0,1241370.0,8.49305e-07,0.00141081,0.00256657,0.0011647,0.0011678,0.00116791,0.00116931,630.592,0.0002
10.425,6738460.0,0.0,2762240.0,1241380.0,8.49365e-07,0.00144793,0.00260353,0.0011648,0.0011679,0.00116801,0.00116941,630.067,0.0002
10.43,6738460.0,0.0,2762240.0,1241380.0,8.49365e-07,0.00144793,0.00260353,0.0011648,0.0011679,0.00116801,0.00116941,628.468,0.0002
10.435,6738190.0,0.0,2762160.0,1241380.0,8.49348e-07,0.00143762,0.00259326,0.00116478,0.00116787,0.00116798,0.00116938,628.468,0.0002
10.44,6738100.0,0.0,2762140.0,1241370.0,8.49343e-07,0.00143423,0.00258989,0.00116477,0.00116786,0.00116797,0.00116937,631.479,0.0002
10.445,6738610.0,0.0,2762280.0,1241380.0,8.49374e-07,0.00145365,0.00260922,0.00116482,0.00116792,0.00116803,0.00116942,630.159,0.0002
10.45,6738610.0,0.0,2762280.0,1241380.0,8.49374e-07,0.00145365,0.00260922,0.00116482,0.00116792,0.00116803,0.00116942,626.135,0.0002
10.455,6737940.0,0.0,2762090.0,1241370.0,8.49332e-07,0.0014277,0.00258339,0.00116475,0.00116785,0.00116796,0.00116935,626.135,0.0002
10.46,6737720.0,0.0,2762030.0,1241370.0,8.49319e-07,0.0014192,0.00257492,0.00116473,0.00116782,0.00116793,0.00116933,628.341,0.0002
10.465,6738080.0,0.0,2762130.0,1241370.0,8.49342e-07,0.00143342,0.00258908,0.00116477,0.00116786,0.00116797,0.00116937,628.909,0.0002
10.47,6738080.0,0.0,2762130.0,1241370.0,8.49342e-07,0.00143342,0.00258908,0.00116477,0.00116786,0.00116797,0.00116937,630.643,0.0002
10.475,6738370.0,0.0,2762210.0,1241380.0,8.4936e-07,0.00144459,0.0026002,0.0011648,0.00116789,0.001168,0.0011694,630.643,0.0002
10.48,6738470.0,0.0,2762240.0,1241380.0,8.49365e-07,0.00144825,0.00260385,0.00116481,0.0011679,0.00116801,0.00116941,629.538,0.0002
10.485,6738280.0,0.0,2762190.0,1241380.0,8.49354e-07,0.00144113,0.00259676,0.00116479,0.00116788,0.00116799,0.00116939,629.066,0.0002
10.49,6738280.0,0.0,2762190.0,1241380.0,8.49354e-07,0.00144113,0.00259676,0.00116479,0.00116788,0.00116799,0.00116939,627.629,0.0002
10.495,6738040.0,0.0,2762120.0,1241370.0,8.49339e-07,0.00143187,0.00258754,0.00116476,0.00116786,0.00116797,0.00116936,627.629,0.0002
10.5,6737960.0,0.0,2762100.0,1241370.0,8.49334e-07,0.00142883,0.00258451,0.00116475,0.00116785,0.00116796,0.00116936,634.315,0.0002
10.505,6739080.0,0.0,2762420.0,1241390.0,8.49404e-07,0.00147193,0.00262742,0.00116487,0.00116797,0.00116808,0.00116947,632.813,0.0002
10.51,6739080.0,0.0,2762420.0,1241390.0,8.49404e-07,0.00147193,0.00262742,0.00116487,0.00116797,0.00116808,0.00116947,628.236,0.0002
10.515,6738320.0,0.0,2762200.0,1241380.0,8.49356e-07,0.00144242,0.00259804,0.00116479,0.00116789,0.001168,0.00116939,628.236,0.0002
10.52,6738070.0,0.0,2762130.0,1241380.0,8.4934e-07,0.00143274,0.00258841,0.00116476,0.00116786,0.00116797,0.00116937,626.163,0.0002
10.525,6737720.0,0.0,2762030.0,1241370.0,8.49319e-07,0.00141938,0.0025751,0.00116473,0.00116782,0.00116793,0.00116933,627.228,0.0002
10.53,6737720.0,0.0,2762030.0,1241370.0,8.49319e-07,0.00141938,0.0025751,0.00116473,0.00116782,0.00116793,0.00116933,630.474,0.0002
10.535,6738260.0,0.0,2762180.0,1241380.0,8.49353e-07,0.0014403,0.00259594,0.00116478,0.00116788,0.00116799,0.00116939,630.474,0.0002
10.54,6738440.0,0.0,2762230.0,1241380.0,8.49364e-07,0.00144717,0.00260277,0.0011648,0.0011679,0.00116801,0.00116941,632.077,0.0002
10.545,6738710.0,0.0,2762310.0,1241380.0,8.4938e-07,0.0014575,0.00261306,0.00116483,0.00116793,0.00116804,0.00116943,630.547,0.0002
10.55,6738710.0,0.0,2762310.0,1241380.0,8.4938e-07,0.0014575,0.00261306,0.00116483,0.00116793,0.00116804,0.00116943,625.882,0.0002
10.555,6737930.0,0.0,2762090.0,1241370.0,8.49332e-07,0.00142743,0.00258312,0.00116475,0.00116784,0.00116796,0.00116935,625.882,0.0002
10.56,6737670.0,0.0,2762020.0,1241370.0,8.49316e-07,0.00141757,0.0025733,0.00116472,0.00116782,0.00116793,0.00116932,630.956,0.0002
10.565,6738520.0,0.0,2762260.0,1241380.0,8.49369e-07,0.00145027,0.00260587,0.00116481,0.00116791,0.00116802,0.00116941,630.62,0.0002
10.57,6738520.0,0.0,2762260.0,1241380.0,8.49369e-07,0.00145027,0.00260587,0.00116481,0.00116791,0.00116802,0.00116941,629.595,0.0002
10.575,6738350.0,0.0,2762210.0,1241380.0,8.49358e-07,0.00144367,0.00259929,0.00116479,0.00116789,0.001168,0.0011694,629.595,0.0002
10.58,6738290.0,0.0,2762190.0,1241380.0,8.49355e-07,0.0014415,0.00259713,0.00116479,0.00116788,0.00116799,0.00116939,626.396,0.0002
10.585,6737760.0,0.0,2762040.0,1241370.0,8.49321e-07,0.00142088,0.0025766,0.00116473,0.00116783,0.00116794,0.00116933,627.123,0.0002
10.59,6737760.0,0.0,2762040.0,1241370.0,8.49321e-07,0.00142088,0.0025766,0.00116473,0.00116783,0.00116794,0.00116933,629.34,0.0002
10.595,6738130.0,0.0,2762150.0,1241380.0,8.49344e-07,0.00143517,0.00259083,0.00116477,0.00116787,0.00116798,0.00116937,629.34,0.0002
10.6,6738250.0,0.0,2762180.0,1241380.0,8.49352e-07,0.00143986,0.00259549,0.00116478,0.00116788,0.00116799,0.00116939,631.116,0.0002
10.605,6738550.0,0.0,2762260.0,1241380.0,8.4937e-07,0.00145131,0.0026069,0.00116481,0.00116791,0.00116802,0.00116942,630.868,0.0002
10.61,6738550.0,0.0,2762260.0,1241380.0,8.4937e-07,0.00145131,0.0026069,0.00116481,0.00116791,0.00116802,0.00116942,630.113,0.0002
10.615,6738420.0,0.0,2762230.0,1241380.0,8.49363e-07,0.00144644,0.00260204,0.0011648,0.0011679,0.00116801,0.0011694,630.113,0.0002
10.62,6738380.0,0.0,2762220.0,1241380.0,8.4936e-07,0.00144484,0.00260045,0.0011648,0.00116789,0.001168,0.0011694,630.607,0.0002
10.625,6738460.0,0.0,2762240.0,1241380.0,8.49365e-07,0.00144803,0.00260363,0.0011648,0.0011679,0.00116801,0.00116941,630.479,0.0002
10.63,6738460.0,0.0,2762240.0,1241380.0,8.49365e-07,0.00144803,0.00260363,0.0011648,0.0011679,0.00116801,0.00116941,630.089,0.0002
10.635,6738400.0,0.0,2762220.0,1241380.0,8.49361e-07,0.00144551,0.00260112,0.0011648,0.00116789,0.001168,0.0011694,630.089,0.0002
10.64,6738380.0,0.0,2762220.0,1241380.0,8.4936e-07,0.00144468,0.0026003,0.0011648,0.00116789,0.001168,0.0011694,631.694,0.0002
10.645,6738640.0,0.0,2762290.0,1241380.0,8.49376e-07,0.00145504,0.00261061,0.00116482,0.00116792,0.00116803,0.00116943,631.054,0.0002
10.65,6738640.0,0.0,2762290.0,1241380.0,8.49376e-07,0.00145504,0.00261061,0.00116482,0.00116792,0.00116803,0.00116943,629.101,0.0002
10.655,6738320.0,0.0,2762200.0,1241380.0,8.49356e-07,0.00144245,0.00259807,0.00116479,0.00116789,0.001168,0.00116939,629.101,0.0002
10.66,6738210.0,0.0,2762170.0,1241380.0,8.49349e-07,0.00143832,0.00259396,0.00116478,0.00116787,0.00116798,0.00116938,623.273,0.0002
10.665,6737240.0,0.0,2761890.0,1241370.0,8.49289e-07,0.00140075,0.00255655,0.00116468,0.00116777,0.00116788,0.00116928,624.903,0.0002
10.67,6737240.0,0.0,2761890.0,1241370.0,8.49289e-07,0.00140075,0.00255655,0.00116468,0.00116777,0.00116788,0.00116928,629.872,0.0002
10.675,6738070.0,0.0,2762130.0,1241380.0,8.4934e-07,0.00143278,0.00258845,0.00116476,0.00116786,0.00116797,0.00116937,629.872,0.0002
10.68,6738340.0,0.0,2762210.0,1241380.0,8.49357e-07,0.00144329,0.00259891,0.00116479,0.00116789,0.001168,0.0011694,627.692,0.0002
10.685,6737980.0,0.0,2762100.0,1241380.0,8.49335e-07,0.00142924,0.00258492,0.00116475,0.00116785,0.00116796,0.00116936,627.715,0.0002
10.69,6737980.0,0.0,2762100.0,1241380.0,8.49335e-07,0.00142924,0.00258492,0.00116475,0.00116785,0.00116796,0.00116936,627.783,0.0002
10.695,6737990.0,0.0,2762110.0,1241380.0,8.49335e-07,0.00142967,0.00258535,0.00116475,0.00116785,0.00116796,0.00116936,627.783,0.0002
10.7,6737990.0,0.0,2762110.0,1241380.0,8.49336e-07,0.00142982,0.0025855,0.00116476,0.00116785,0.00116796,0.00116936,630.418,0.0002
10.705,6738430.0,0.0,2762230.0,1241380.0,8.49363e-07,0.00144681,0.00260241,0.0011648,0.0011679,0.00116801,0.0011694,629.036,0.0002
10.71,6738430.0,0.0,2762230.0,1241380.0,8.49363e-07,0.00144681,0.00260241,0.0011648,0.0011679,0.00116801,0.0011694,624.821,0.0002
10.715,6737730.0,0.0,2762030.0,1241370.0,8.49319e-07,0.00141964,0.00257536,0.00116473,0.00116782,0.00116793,0.00116933,624.821,0.0002
10.72,6737500.0,0.0,2761970.0,1241370.0,8.49305e-07,0.00141073,0.00256649,0.0011647,0.0011678,0.00116791,0.00116931,628.289,0.0002
10.725,6738070.0,0.0,2762130.0,1241380.0,8.49341e-07,0.00143308,0.00258875,0.00116476,0.00116786,0.00116797,0.00116937,628.137,0.0002
10.73,6738070.0,0.0,2762130.0,1241380.0,8.49341e-07,0.00143308,0.00258875,0.00116476,0.00116786,0.00116797,0.00116937,627.675,0.0002
10.735,6738000.0,0.0,2762110.0,1241380.0,8.49336e-07,0.0014301,0.00258578,0.00116476,0.00116785,0.00116796,0.00116936,627.675,0.0002
10.74,6737970.0,0.0,2762100.0,1241380.0,8.49335e-07,0.00142912,0.00258481,0.00116475,0.00116785,0.00116796,0.00116936,626.239,0.0002
10.745,6737730.0,0.0,2762030.0,1241370.0,8.4932e-07,0.00141987,0.00257559,0.00116473,0.00116782,0.00116793,0.00116933,626.756,0.0002
10.75,6737730.0,0.0,2762030.0,1241370.0,8.4932e-07,0.00141987,0.00257559,0.00116473,0.00116782,0.00116793,0.00116933,628.331,0.0002
10.755,6738000.0,0.0,2762110.0,1241380.0,8.49336e-07,0.00143002,0.0025857,0.00116476,0.00116785,0.00116796,0.00116936,628.331,0.0002
10.76,6738080.0,0.0,2762130.0,1241380.0,8.49341e-07,0.00143335,0.00258902,0.00116476,0.00116786,0.00116797,0.00116937,624.08,0.0002
10.765,6737370.0,0.0,2761930.0,1241370.0,8.49297e-07,0.00140595,0.00256173,0.00116469,0.00116779,0.0011679,0.00116929,624.338,0.0002
10.77,6737370.0,0.0,2761930.0,1241370.0,8.49297e-07,0.00140595,0.00256173,0.00116469,0.00116779,0.0011679,0.00116929,625.123,0.0002
10.775,6737500.0,0.0,2761970.0,1241370.0,8.49305e-07,0.00141102,0.00256678,0.0011647,0.0011678,0.00116791,0.00116931,625.123,0.0002
10.78,6737550.0,0.0,2761980.0,1241370.0,8.49308e-07,0.00141268,0.00256843,0.00116471,0.0011678,0.00116791,0.00116931,629.043,0.0002
10.785,6738200.0,0.0,2762170.0,1241380.0,8.49349e-07,0.00143794,0.00259359,0.00116478,0.00116787,0.00116798,0.00116938,629.341,0.0002
10.79,6738200.0,0.0,2762170.0,1241380.0,8.49349e-07,0.00143794,0.00259359,0.00116478,0.00116787,0.00116798,0.00116938,630.248,0.0002
10.795,6738350.0,0.0,2762210.0,1241380.0,8.49358e-07,0.00144379,0.00259941,0.00116479,0.00116789,0.001168,0.0011694,630.248,0.0002
10.8,6738400.0,0.0,2762220.0,1241380.0,8.49361e-07,0.00144571,0.00260132,0.0011648,0.00116789,0.001168,0.0011694,627.872,0.0002
10.805,6738010.0,0.0,2762110.0,1241380.0,8.49337e-07,0.0014304,0.00258607,0.00116476,0.00116785,0.00116796,0.00116936,628.571,0.0002
10.81,6738010.0,0.0,2762110.0,1241380.0,8.49337e-07,0.0014304,0.00258607,0.00116476,0.00116785,0.00116796,0.00116936,630.701,0.0002
10.815,6738360.0,0.0,2762210.0,1241380.0,8.49359e-07,0.00144413,0.00259974,0.00116479,0.00116789,0.001168,0.0011694,630.701,0.0002
10.82,6738480.0,0.0,2762250.0,1241380.0,8.49366e-07,0.00144863,0.00260423,0.00116481,0.0011679,0.00116801,0.00116941,627.624,0.0002
10.825,6737960.0,0.0,2762100.0,1241380.0,8.49334e-07,0.00142879,0.00258448,0.00116475,0.00116785,0.00116796,0.00116936,627.632,0.0002
10.83,6737960.0,0.0,2762100.0,1241380.0,8.49334e-07,0.00142879,0.00258448,0.00116475,0.00116785,0.00116796,0.00116936,627.66,0.0002
10.835,6737970.0,0.0,2762100.0,1241380.0,8.49334e-07,0.00142897,0.00258465,0.00116475,0.00116785,0.00116796,0.00116936,627.66,0.0002
10.84,6737970.0,0.0,2762100.0,1241380.0,8.49334e-07,0.00142903,0.00258471,0.00116475,0.00116785,0.00116796,0.00116936,631.899,0.0002
10.845,6738680.0,0.0,2762300.0,1241380.0,8.49379e-07,0.00145636,0.00261192,0.00116483,0.00116792,0.00116803,0.00116943,631.459,0.0002
10.85,6738680.0,0.0,2762300.0,1241380.0,8.49379e-07,0.00145636,0.00261192,0.00116483,0.00116792,0.00116803,0.00116943,630.116,0.0002
10.855,6738450.0,0.0,2762240.0,1241380.0,8.49365e-07,0.0014477,0.0026033,0.0011648,0.0011679,0.00116801,0.00116941,630.116,0.0002
10.86,6738380.0,0.0,2762220.0,1241380.0,8.4936e-07,0.00144486,0.00260047,0.0011648,0.00116789,0.001168,0.0011694,628.279,0.0002
10.865,6738070.0,0.0,2762130.0,1241380.0,8.49341e-07,0.00143302,0.00258869,0.00116476,0.00116786,0.00116797,0.00116937,629.078,0.0002
10.87,6738070.0,0.0,2762130.0,1241380.0,8.49341e-07,0.00143302,0.00258869,0.00116476,0.00116786,0.00116797,0.00116937,631.513,0.0002
10.875,6738480.0,0.0,2762250.0,1241380.0,8.49366e-07,0.00144872,0.00260431,0.00116481,0.0011679,0.00116801,0.00116941,631.513,0.0002
10.88,6738610.0,0.0,2762280.0,1241380.0,8.49374e-07,0.00145386,0.00260944,0.00116482,0.00116792,0.00116803,0.00116942,631.394,0.0002
10.885,6738590.0,0.0,2762280.0,1241380.0,8.49373e-07,0.0014531,0.00260867,0.00116482,0.00116791,0.00116802,0.00116942,630.195,0.0002
10.89,6738590.0,0.0,2762280.0,1241380.0,8.49373e-07,0.0014531,0.00260867,0.00116482,0.00116791,0.00116802,0.00116942,626.542,0.0002
10.895,6737980.0,0.0,2762110.0,1241380.0,8.49335e-07,0.00142955,0.00258522,0.00116475,0.00116785,0.00116796,0.00116936,626.542,0.0002
10.9,6737780.0,0.0,2762050.0,1241380.0,8.49323e-07,0.00142182,0.00257753,0.00116473,0.00116783,0.00116794,0.00116934,628.483,0.0002
10.905,6738110.0,0.0,2762140.0,1241380.0,8.49343e-07,0.00143434,0.00258999,0.00116477,0.00116786,0.00116797,0.00116937,628.621,0.0002
10.91,6738110.0,0.0,2762140.0,1241380.0,8.49343e-07,0.00143434,0.00258999,0.00116477,0.00116786,0.00116797,0.00116937,629.04,0.0002
10.915,6738180.0,0.0,2762160.0,1241380.0,8.49347e-07,0.00143704,0.00259269,0.00116477,0.00116787,0.00116798,0.00116938,629.04,0.0002
10.92,6738200.0,0.0,2762170.0,1241380.0,8.49349e-07,0.00143793,0.00259357,0.00116478,0.00116787,0.00116798,0.00116938,626.789,0.0002
10.925,6737820.0,0.0,2762060.0,1241380.0,8.49325e-07,0.00142342,0.00257912,0.00116474,0.00116783,0.00116794,0.00116934,626.455,0.0002
10.93,6737820.0,0.0,2762060.0,1241380.0,8.49325e-07,0.00142342,0.00257912,0.00116474,0.00116783,0.00116794,0.00116934,625.435,0.0002
10.935,6737650.0,0.0,2762010.0,1241370.0,8.49315e-07,0.00141684,0.00257257,0.00116472,0.00116782,0.00116793,0.00116932,625.435,0.0002
10.94,6737600.0,0.0,2762000.0,1241370.0,8.49311e-07,0.00141468,0.00257043,0.00116471,0.00116781,0.00116792,0.00116932,628.921,0.0002
10.945,6738180.0,0.0,2762160.0,1241380.0,8.49348e-07,0.00143716,0.0025928,0.00116477,0.00116787,0.00116798,0.00116938,628.118,0.0002
10.95,6738180.0,0.0,2762160.0,1241380.0,8.49348e-07,0.00143716,0.0025928,0.00116477,0.00116787,0.00116798,0.00116938,625.669,0.0002
10.955,6737770.0,0.0,2762050.0,1241380.0,8.49322e-07,0.00142137,0.00257709,0.00116473,0.00116783,0.00116794,0.00116933,625.669,0.0002
10.96,6737640.0,0.0,2762010.0,1241370.0,8.49314e-07,0.00141619,0.00257193,0.00116472,0.00116781,0.00116792,0.00116932,627.88,0.0002
10.965,6738010.0,0.0,2762110.0,1241380.0,8.49337e-07,0.00143044,0.00258612,0.00116476,0.00116785,0.00116796,0.00116936,627.591,0.0002
10.97,6738010.0,0.0,2762110.0,1241380.0,8.49337e-07,0.00143044,0.00258612,0.00116476,0.00116785,0.00116796,0.00116936,626.711,0.0002
10.975,6737860.0,0.0,2762070.0,1241380.0,8.49328e-07,0.00142477,0.00258047,0.00116474,0.00116784,0.00116795,0.00116934,626.711,0.0002
10.98,6737810.0,0.0,2762060.0,1241380.0,8.49325e-07,0.00142291,0.00257862,0.00116474,0.00116783,0.00116794,0.00116934,630.102,0.0002
10.985,6738380.0,0.0,2762220.0,1241380.0,8.4936e-07,0.00144477,0.00260038,0.0011648,0.00116789,0.001168,0.0011694,630.474,0.0002
10.99,6738380.0,0.0,2762220.0,1241380.0,8.4936e-07,0.00144477,0.00260038,0.0011648,0.00116789,0.001168,0.0011694,631.608,0.0002
10.995,6738570.0,0.0,2762270.0,1241380.0,8.49372e-07,0.00145208,0.00260766,0.00116482,0.00116791,0.00116802,0.00116942,631.608,0.0002
11.0,6738630.0,0.0,2762290.0,1241390.0,8.49375e-07,0.00145448,0.00261005,0.00116482,0.00116792,0.00116803,0.00116943,625.91,0.0002
11.005,6737680.0,0.0,2762020.0,1241380.0,8.49316e-07,0.00141775,0.00257347,0.00116472,0.00116782,0.00116793,0.00116932,626.259,0.0002
11.01,6737680.0,0.0,2762020.0,1241380.0,8.49316e-07,0.00141775,0.00257347,0.00116472,0.00116782,0.00116793,0.00116932,627.325,0.0002
11.015,6737860.0,0.0,2762070.0,1241380.0,8.49327e-07,0.00142461,0.00258031,0.00116474,0.00116784,0.00116795,0.00116934,627.325,0.0002
11.02,6737910.0,0.0,2762090.0,1241380.0,8.49331e-07,0.00142687,0.00258256,0.00116475,0.00116784,0.00116795,0.00116935,628.176,0.0002
11.025,6738060.0,0.0,2762130.0,1241380.0,8.4934e-07,0.00143235,0.00258802,0.00116476,0.00116786,0.00116797,0.00116936,629.135,0.0002
11.03,6738060.0,0.0,2762130.0,1241380.0,8.4934e-07,0.00143235,0.00258802,0.00116476,0.00116786,0.00116797,0.00116936,632.061,0.0002
11.035,6738540.0,0.0,2762270.0,1241380.0,8.4937e-07,0.00145121,0.0026068,0.00116481,0.00116791,0.00116802,0.00116942,632.061,0.0002
11.04,6738700.0,0.0,2762310.0,1241390.0,8.4938e-07,0.0014574,0.00261296,0.00116483,0.00116793,0.00116804,0.00116943,631.07,0.0002
11.045,6738540.0,0.0,2762270.0,1241380.0,8.4937e-07,0.00145101,0.00260659,0.00116481,0.00116791,0.00116802,0.00116942,629.295,0.0002
11.05,6738540.0,0.0,2762270.0,1241380.0,8.4937e-07,0.00145101,0.00260659,0.00116481,0.00116791,0.00116802,0.00116942,623.885,0.0002
11.055,6737640.0,0.0,2762010.0,1241380.0,8.49314e-07,0.00141614,0.00257187,0.00116472,0.00116781,0.00116792,0.00116932,623.885,0.0002
11.06,6737340.0,0.0,2761920.0,1241370.0,8.49295e-07,0.0014047,0.00256048,0.00116469,0.00116778,0.00116789,0.00116929,631.139,0.0002
11.065,6738550.0,0.0,2762270.0,1241380.0,8.49371e-07,0.00145146,0.00260704,0.00116481,0.00116791,0.00116802,0.00116942,630.169,0.0002
11.07,6738550.0,0.0,2762270.0,1241380.0,8.49371e-07,0.00145146,0.00260704,0.00116481,0.00116791,0.00116802,0.00116942,627.212,0.0002
11.075,6738060.0,0.0,2762130.0,1241380.0,8.4934e-07,0.00143239,0.00258806,0.00116476,0.00116786,0.00116797,0.00116936,627.212,0.0002
11.08,6737900.0,0.0,2762080.0,1241380.0,8.4933e-07,0.00142614,0.00258183,0.00116474,0.00116784,0.00116795,0.00116935,627.329,0.0002
11.085,6737910.0,0.0,2762090.0,1241380.0,8.49331e-07,0.00142689,0.00258258,0.00116475,0.00116784,0.00116795,0.00116935,627.262,0.0002
11.09,6737910.0,0.0,2762090.0,1241380.0,8.49331e-07,0.00142689,0.00258258,0.00116475,0.00116784,0.00116795,0.00116935,627.058,0.0002
11.095,6737880.0,0.0,2762080.0,1241380.0,8.49329e-07,0.00142558,0.00258128,0.00116474,0.00116784,0.00116795,0.00116935,627.058,0.0002
11.1,6737870.0,0.0,2762070.0,1241380.0,8.49328e-07,0.00142515,0.00258085,0.00116474,0.00116784,0.00116795,0.00116935,628.395,0.0002
11.105,6738090.0,0.0,2762140.0,1241380.0,8.49342e-07,0.00143376,0.00258943,0.00116477,0.00116786,0.00116797,0.00116937,628.466,0.0002
11.11,6738090.0,0.0,2762140.0,1241380.0,8.49342e-07,0.00143376,0.00258943,0.00116477,0.00116786,0.00116797,0.00116937,628.682,0.0002
11.115,6738130.0,0.0,2762150.0,1241380.0,8.49344e-07,0.00143516,0.00259082,0.00116477,0.00116787,0.00116798,0.00116937,628.682,0.0002
11.12,6738140.0,0.0,2762150.0,1241380.0,8.49345e-07,0.00143562,0.00259127,0.00116477,0.00116787,0.00116798,0.00116937,625.667,0.0002
11.125,6737640.0,0.0,2762010.0,1241380.0,8.49314e-07,0.00141618,0.00257192,0.00116472,0.00116781,0.00116792,0.00116932,626.409,0.0002
11.13,6737640.0,0.0,2762010.0,1241380.0,8.49314e-07,0.00141618,0.00257192,0.00116472,0.00116781,0.00116792,0.00116932,628.669,0.0002
11.135,6738010.0,0.0,2762120.0,1241380.0,8.49337e-07,0.00143076,0.00258643,0.00116476,0.00116785,0.00116796,0.00116936,628.669,0.0002
11.14,6738140.0,0.0,2762150.0,1241380.0,8.49345e-07,0.00143553,0.00259119,0.00116477,0.00116787,0.00116798,0.00116937,625.995,0.0002
11.145,6737690.0,0.0,2762020.0,1241380.0,8.49317e-07,0.00141829,0.00257402,0.00116472,0.00116782,0.00116793,0.00116933,626.489,0.0002
11.15,6737690.0,0.0,2762020.0,1241380.0,8.49317e-07,0.00141829,0.00257402,0.00116472,0.00116782,0.00116793,0.00116933,627.997,0.0002
11.155,6737940.0,0.0,2762100.0,1241380.0,8.49333e-07,0.00142801,0.0025837,0.00116475,0.00116785,0.00116796,0.00116935,627.997,0.0002
11.16,6738030.0,0.0,2762120.0,1241380.0,8.49338e-07,0.0014312,0.00258687,0.00116476,0.00116785,0.00116796,0.00116936,630.944,0.0002
11.165,6738520.0,0.0,2762260.0,1241390.0,8.49369e-07,0.0014502,0.00260579,0.00116481,0.00116791,0.00116802,0.00116941,630.118,0.0002
11.17,6738520.0,0.0,2762260.0,1241390.0,8.49369e-07,0.0014502,0.00260579,0.00116481,0.00116791,0.00116802,0.00116941,627.601,0.0002
11.175,6738100.0,0.0,2762140.0,1241380.0,8.49342e-07,0.00143397,0.00258963,0.00116477,0.00116786,0.00116797,0.00116937,627.601,0.0002
11.18,6737960.0,0.0,2762100.0,1241380.0,8.49334e-07,0.00142865,0.00258433,0.00116475,0.00116785,0.00116796,0.00116935,626.553,0.0002
11.185,6737790.0,0.0,2762050.0,1241380.0,8.49323e-07,0.00142189,0.0025776,0.00116473,0.00116783,0.00116794,0.00116934,627.076,0.0002
11.19,6737790.0,0.0,2762050.0,1241380.0,8.49323e-07,0.00142189,0.0025776,0.00116473,0.00116783,0.00116794,0.00116934,628.671,0.0002
11.195,6738050.0,0.0,2762130.0,1241380.0,8.49339e-07,0.00143217,0.00258784,0.00116476,0.00116786,0.00116797,0.00116936,628.671,0.0002
11.2,6738140.0,0.0,2762150.0,1241380.0,8.49345e-07,0.00143554,0.0025912,0.00116477,0.00116787,0.00116798,0.00116937,629.792,0.0002
11.205,6738330.0,0.0,2762210.0,1241380.0,8.49357e-07,0.00144277,0.00259839,0.00116479,0.00116789,0.001168,0.00116939,629.706,0.0002
11.21,6738330.0,0.0,2762210.0,1241380.0,8.49357e-07,0.00144277,0.00259839,0.00116479,0.00116789,0.001168,0.00116939,629.446,0.0002
11.215,6738280.0,0.0,2762190.0,1241380.0,8.49354e-07,0.00144109,0.00259672,0.00116479,0.00116788,0.00116799,0.00116939,629.446,0.0002
11.22,6738270.0,0.0,2762190.0,1241380.0,8.49353e-07,0.00144054,0.00259617,0.00116478,0.00116788,0.00116799,0.00116939,630.381,0.0002
11.225,6738420.0,0.0,2762230.0,1241380.0,8.49363e-07,0.00144657,0.00260218,0.0011648,0.0011679,0.00116801,0.0011694,630.416,0.0002
11.23,6738420.0,0.0,2762230.0,1241390.0,8.49363e-07,0.00144657,0.00260218,0.0011648,0.0011679,0.00116801,0.0011694,630.522,0.0002
11.235,6738440.0,0.0,2762240.0,1241390.0,8.49364e-07,0.00144725,0.00260286,0.0011648,0.0011679,0.00116801,0.00116941,630.522,0.0002
11.24,6738450.0,0.0,2762240.0,1241390.0,8.49364e-07,0.00144748,0.00260308,0.0011648,0.0011679,0.00116801,0.00116941,625.466,0.0002
11.245,6737600.0,0.0,2762000.0,1241380.0,8.49312e-07,0.00141488,0.00257063,0.00116471,0.00116781,0.00116792,0.00116932,626.56,0.0002
11.25,6737600.0,0.0,2762000.0,1241380.0,8.49312e-07,0.00141488,0.00257063,0.00116471,0.00116781,0.00116792,0.00116932,629.896,0.0002
11.255,6738160.0,0.0,2762160.0,1241380.0,8.49346e-07,0.00143639,0.00259204,0.00116477,0.00116787,0.00116798,0.00116938,629.896,0.0002
11.26,6738340.0,0.0,2762210.0,1241380.0,8.49358e-07,0.00144344,0.00259906,0.00116479,0.00116789,0.001168,0.00116939,626.29,0.0002
11.265,6737740.0,0.0,2762040.0,1241380.0,8.4932e-07,0.0014202,0.00257592,0.00116473,0.00116782,0.00116793,0.00116933,626.12,0.0002
11.27,6737740.0,0.0,2762040.0,1241380.0,8.4932e-07,0.0014202,0.00257592,0.00116473,0.00116782,0.00116793,0.00116933,625.601,0.0002
11.275,6737650.0,0.0,2762010.0,1241380.0,8.49315e-07,0.00141685,0.00257259,0.00116472,0.00116782,0.00116793,0.00116932,625.601,0.0002
11.28,6737630.0,0.0,2762010.0,1241380.0,8.49313e-07,0.00141576,0.00257149,0.00116472,0.00116781,0.00116792,0.00116932,631.247,0.0002
11.285,6738570.0,0.0,2762270.0,1241390.0,8.49372e-07,0.00145215,0.00260773,0.00116481,0.00116791,0.00116802,0.00116942,631.23,0.0002
11.29,6738570.0,0.0,2762280.0,1241390.0,8.49372e-07,0.00145215,0.00260773,0.00116481,0.00116791,0.00116802,0.00116942,631.181,0.0002
11.295,6738560.0,0.0,2762270.0,1241390.0,8.49371e-07,0.00145183,0.00260741,0.00116481,0.00116791,0.00116802,0.00116942,631.181,0.0002
11.3,6738560.0,0.0,2762270.0,1241390.0,8.49371e-07,0.00145172,0.00260731,0.00116481,0.00116791,0.00116802,0.00116942,631.348,0.0002
11.305,6738590.0,0.0,2762280.0,1241390.0,8.49373e-07,0.0014528,0.00260838,0.00116482,0.00116791,0.00116802,0.00116942,629.666,0.0002
11.31,6738590.0,0.0,2762280.0,1241390.0,8.49373e-07,0.0014528,0.00260838,0.00116482,0.00116791,0.00116802,0.00116942,624.54,0.0002
11.315,6737730.0,0.0,2762040.0,1241380.0,8.49319e-07,0.00141976,0.00257548,0.00116473,0.00116782,0.00116793,0.00116933,624.54,0.0002
11.32,6737450.0,0.0,2761960.0,1241380.0,8.49302e-07,0.00140892,0.00256469,0.0011647,0.00116779,0.0011679,0.0011693,625.417,0.0002
11.325,6737600.0,0.0,2762000.0,1241380.0,8.49311e-07,0.00141457,0.00257031,0.00116471,0.00116781,0.00116792,0.00116932,626.677,0.0002
11.33,6737600.0,0.0,2762000.0,1241380.0,8.49311e-07,0.00141457,0.00257031,0.00116471,0.00116781,0.00116792,0.00116932,630.52,0.0002
11.335,6738240.0,0.0,2762180.0,1241380.0,8.49351e-07,0.00143934,0.00259497,0.00116478,0.00116788,0.00116799,0.00116938,630.52,0.0002
11.34,6738450.0,0.0,2762240.0,1241390.0,8.49364e-07,0.00144746,0.00260306,0.0011648,0.0011679,0.00116801,0.00116941,631.808,0.0002
11.345,6738660.0,0.0,2762300.0,1241390.0,8.49378e-07,0.00145577,0.00261133,0.00116482,0.00116792,0.00116803,0.00116943,630.857,0.0002
11.35,6738660.0,0.0,2762300.0,1241390.0,8.49378e-07,0.00145577,0.00261133,0.00116482,0.00116792,0.00116803,0.00116943,627.959,0.0002
11.355,6738180.0,0.0,2762160.0,1241380.0,8.49347e-07,0.00143708,0.00259273,0.00116477,0.00116787,0.00116798,0.00116938,627.959,0.0002
11.36,6738020.0,0.0,2762120.0,1241380.0,8.49338e-07,0.00143096,0.00258663,0.00116476,0.00116785,0.00116796,0.00116936,629.334,0.0002
11.365,6738250.0,0.0,2762180.0,1241380.0,8.49352e-07,0.00143982,0.00259545,0.00116478,0.00116788,0.00116799,0.00116938,629.63,0.0002
11.37,6738250.0,0.0,2762180.0,1241380.0,8.49352e-07,0.00143982,0.00259545,0.00116478,0.00116788,0.00116799,0.00116938,630.531,0.0002
11.375,6738400.0,0.0,2762230.0,1241390.0,8.49361e-07,0.00144563,0.00260124,0.0011648,0.00116789,0.001168,0.0011694,630.531,0.0002
11.38,6738450.0,0.0,2762240.0,1241390.0,8.49364e-07,0.00144754,0.00260314,0.0011648,0.0011679,0.00116801,0.00116941,628.426,0.0002
11.385,6738100.0,0.0,2762140.0,1241380.0,8.49342e-07,0.00143396,0.00258962,0.00116477,0.00116786,0.00116797,0.00116937,628.906,0.0002
11.39,6738100.0,0.0,2762140.0,1241380.0,8.49342e-07,0.00143396,0.00258962,0.00116477,0.00116786,0.00116797,0.00116937,630.369,0.0002
11.395,6738340.0,0.0,2762210.0,1241390.0,8.49358e-07,0.0014434,0.00259902,0.00116479,0.00116789,0.001168,0.00116939,630.369,0.0002
11.4,6738420.0,0.0,2762230.0,1241390.0,8.49363e-07,0.00144649,0.0026021,0.0011648,0.0011679,0.00116801,0.0011694,627.075,0.0002
11.405,6737870.0,0.0,2762080.0,1241380.0,8.49328e-07,0.00142526,0.00258096,0.00116474,0.00116784,0.00116795,0.00116935,626.933,0.0002
11.41,6737870.0,0.0,2762080.0,1241380.0,8.49328e-07,0.00142526,0.00258096,0.00116474,0.00116784,0.00116795,0.00116935,626.498,0.0002
11.415,6737800.0,0.0,2762060.0,1241380.0,8.49324e-07,0.00142246,0.00257817,0.00116473,0.00116783,0.00116794,0.00116934,626.498,0.0002
11.42,6737780.0,0.0,2762050.0,1241380.0,8.49322e-07,0.00142154,0.00257725,0.00116473,0.00116783,0.00116794,0.00116933,631.5,0.0002
11.425,6738610.0,0.0,2762290.0,1241390.0,8.49374e-07,0.00145378,0.00260936,0.00116482,0.00116792,0.00116803,0.00116942,630.953,0.0002
11.43,6738610.0,0.0,2762290.0,1241390.0,8.49374e-07,0.00145378,0.00260936,0.00116482,0.00116792,0.00116803,0.00116942,629.286,0.0002
11.435,6738330.0,0.0,2762210.0,1241390.0,8.49357e-07,0.00144303,0.00259866,0.00116479,0.00116789,0.001168,0.00116939,629.286,0.0002
11.44,6738240.0,0.0,2762180.0,1241390.0,8.49351e-07,0.00143951,0.00259514,0.00116478,0.00116788,0.00116799,0.00116938,631.258,0.0002
11.445,6738570.0,0.0,2762280.0,1241390.0,8.49372e-07,0.00145223,0.00260781,0.00116481,0.00116791,0.00116802,0.00116942,630.633,0.0002
11.45,6738570.0,0.0,2762280.0,1241390.0,8.49372e-07,0.00145223,0.00260781,0.00116481,0.00116791,0.00116802,0.00116942,628.728,0.0002
11.455,6738250.0,0.0,2762190.0,1241390.0,8.49352e-07,0.00143994,0.00259558,0.00116478,0.00116788,0.00116799,0.00116939,628.728,0.0002
11.46,6738150.0,0.0,2762160.0,1241380.0,8.49346e-07,0.00143591,0.00259156,0.00116477,0.00116787,0.00116798,0.00116937,628.33,0.0002
11.465,6738080.0,0.0,2762140.0,1241380.0,8.49341e-07,0.00143335,0.00258901,0.00116476,0.00116786,0.00116797,0.00116937,628.812,0.0002
11.47,6738080.0,0.0,2762140.0,1241380.0,8.49341e-07,0.00143335,0.00258901,0.00116476,0.00116786,0.00116797,0.00116937,630.282,0.0002
11.475,6738330.0,0.0,2762210.0,1241390.0,8.49357e-07,0.00144282,0.00259845,0.00116479,0.00116789,0.001168,0.00116939,630.282,0.0002
11.48,6738410.0,0.0,2762230.0,1241390.0,8.49362e-07,0.00144593,0.00260154,0.0011648,0.00116789,0.001168,0.0011694,627.629,0.0002
11.485,6737960.0,0.0,2762100.0,1241380.0,8.49334e-07,0.00142883,0.00258451,0.00116475,0.00116785,0.00116796,0.00116935,628.291,0.0002
11.49,6737960.0,0.0,2762100.0,1241380.0,8.49334e-07,0.00142883,0.00258451,0.00116475,0.00116785,0.00116796,0.00116935,630.311,0.0002
11.495,6738300.0,0.0,2762200.0,1241390.0,8.49355e-07,0.00144185,0.00259747,0.00116479,0.00116788,0.00116799,0.00116939,630.311,0.0002
11.5,6738410.0,0.0,2762230.0,1241390.0,8.49362e-07,0.00144611,0.00260172,0.0011648,0.00116789,0.00116801,0.0011694,628.727,0.0002
11.505,6738150.0,0.0,2762160.0,1241380.0,8.49346e-07,0.0014359,0.00259156,0.00116477,0.00116787,0.00116798,0.00116937,629.374,0.0002
11.51,6738150.0,0.0,2762160.0,1241380.0,8.49346e-07,0.0014359,0.00259156,0.00116477,0.00116787,0.00116798,0.00116937,631.349,0.0002
11.515,6738480.0,0.0,2762250.0,1241390.0,8.49366e-07,0.00144863,0.00260423,0.00116481,0.0011679,0.00116801,0.00116941,631.349,0.0002
11.52,6738590.0,0.0,2762280.0,1241390.0,8.49373e-07,0.00145281,0.00260839,0.00116482,0.00116791,0.00116802,0.00116942,630.042,0.0002
11.525,6738370.0,0.0,2762220.0,1241390.0,8.49359e-07,0.00144438,0.0026,0.00116479,0.00116789,0.001168,0.0011694,629.406,0.0002
11.53,6738370.0,0.0,2762220.0,1241390.0,8.49359e-07,0.00144438,0.0026,0.00116479,0.00116789,0.001168,0.0011694,627.468,0.0002
11.535,6738040.0,0.0,2762130.0,1241380.0,8.49339e-07,0.00143189,0.00258756,0.00116476,0.00116786,0.00116797,0.00116936,627.468,0.0002
11.54,6737940.0,0.0,2762100.0,1241380.0,8.49332e-07,0.00142779,0.00258348,0.00116475,0.00116784,0.00116796,0.00116935,625.986,0.0002
11.545,6737690.0,0.0,2762030.0,1241380.0,8.49317e-07,0.00141824,0.00257397,0.00116472,0.00116782,0.00116793,0.00116933,626.924,0.0002
11.55,6737690.0,0.0,2762030.0,1241380.0,8.49317e-07,0.00141824,0.00257397,0.00116472,0.00116782,0.00116793,0.00116933,629.782,0.0002
11.555,6738170.0,0.0,2762160.0,1241390.0,8.49347e-07,0.00143667,0.00259231,0.00116477,0.00116787,0.00116798,0.00116938,629.782,0.0002
11.56,6738320.0,0.0,2762210.0,1241390.0,8.49356e-07,0.00144271,0.00259833,0.00116479,0.00116789,0.001168,0.00116939,629.156,0.0002
11.565,6738220.0,0.0,2762180.0,1241390.0,8.4935e-07,0.00143868,0.00259431,0.00116478,0.00116787,0.00116798,0.00116938,628.67,0.0002
11.57,6738220.0,0.0,2762180.0,1241390.0,8.4935e-07,0.00143868,0.00259431,0.00116478,0.00116787,0.00116798,0.00116938,627.186,0.0002
11.575,6737970.0,0.0,2762110.0,1241380.0,8.49335e-07,0.00142911,0.00258479,0.00116475,0.00116785,0.00116796,0.00116936,627.186,0.0002
11.58,6737890.0,0.0,2762080.0,1241380.0,8.49329e-07,0.00142597,0.00258167,0.00116474,0.00116784,0.00116795,0.00116935,627.894,0.0002
11.585,6738010.0,0.0,2762120.0,1241380.0,8.49337e-07,0.00143054,0.00258621,0.00116476,0.00116785,0.00116796,0.00116936,628.914,0.0002
11.59,6738010.0,0.0,2762120.0,1241380.0,8.49337e-07,0.00143054,0.00258621,0.00116476,0.00116785,0.00116796,0.00116936,632.023,0.0002
11.595,6738530.0,0.0,2762270.0,1241390.0,8.49369e-07,0.00145058,0.00260617,0.00116481,0.00116791,0.00116802,0.00116941,632.023,0.0002
11.6,6738700.0,0.0,2762310.0,1241390.0,8.4938e-07,0.00145716,0.00261272,0.00116483,0.00116792,0.00116804,0.00116943,627.834,0.0002
11.605,6738000.0,0.0,2762110.0,1241380.0,8.49336e-07,0.00143015,0.00258583,0.00116476,0.00116785,0.00116796,0.00116936,628.524,0.0002
11.61,6738000.0,0.0,2762110.0,1241380.0,8.49336e-07,0.00143015,0.00258583,0.00116476,0.00116785,0.00116796,0.00116936,630.627,0.0002
11.615,6738350.0,0.0,2762210.0,1241390.0,8.49358e-07,0.00144371,0.00259933,0.00116479,0.00116789,0.001168,0.0011694,630.627,0.0002
11.62,6738470.0,0.0,2762250.0,1241390.0,8.49365e-07,0.00144816,0.00260376,0.0011648,0.0011679,0.00116801,0.00116941,627.519,0.0002
11.625,6737950.0,0.0,2762100.0,1241380.0,8.49333e-07,0.00142812,0.0025838,0.00116475,0.00116785,0.00116796,0.00116935,627.815,0.0002
11.63,6737950.0,0.0,2762100.0,1241380.0,8.49333e-07,0.00142812,0.0025838,0.00116475,0.00116785,0.00116796,0.00116935,628.718,0.0002
11.635,6738100.0,0.0,2762140.0,1241390.0,8.49342e-07,0.00143394,0.0025896,0.00116477,0.00116786,0.00116797,0.00116937,628.718,0.0002
11.64,6738150.0,0.0,2762160.0,1241390.0,8.49345e-07,0.00143585,0.0025915,0.00116477,0.00116787,0.00116798,0.00116937,631.757,0.0002
11.645,6738650.0,0.0,2762300.0,1241390.0,8.49377e-07,0.00145544,0.00261101,0.00116482,0.00116792,0.00116803,0.00116943,630.366,0.0002
11.65,6738650.0,0.0,2762300.0,1241390.0,8.49377e-07,0.00145544,0.00261101,0.00116482,0.00116792,0.00116803,0.00116943,626.124,0.0002
11.655,6737950.0,0.0,2762100.0,1241380.0,8.49333e-07,0.0014281,0.00258378,0.00116475,0.00116785,0.00116796,0.00116935,626.124,0.0002
11.66,6737710.0,0.0,2762030.0,1241380.0,8.49318e-07,0.00141913,0.00257485,0.00116473,0.00116782,0.00116793,0.00116933,629.303,0.0002
11.665,6738240.0,0.0,2762190.0,1241390.0,8.49352e-07,0.00143962,0.00259526,0.00116478,0.00116788,0.00116799,0.00116938,628.319,0.0002
11.67,6738240.0,0.0,2762190.0,1241390.0,8.49352e-07,0.00143962,0.00259526,0.00116478,0.00116788,0.00116799,0.00116938,625.318,0.0002
11.675,6737740.0,0.0,2762040.0,1241380.0,8.4932e-07,0.00142028,0.002576,0.00116473,0.00116782,0.00116793,0.00116933,625.318,0.0002
11.68,6737580.0,0.0,2762000.0,1241380.0,8.4931e-07,0.00141394,0.00256968,0.00116471,0.00116781,0.00116792,0.00116931,630.51,0.0002
11.685,6738450.0,0.0,2762240.0,1241390.0,8.49364e-07,0.0014474,0.00260301,0.0011648,0.0011679,0.00116801,0.00116941,630.106,0.0002
11.69,6738450.0,0.0,2762240.0,1241390.0,8.49364e-07,0.0014474,0.00260301,0.0011648,0.0011679,0.00116801,0.00116941,628.874,0.0002
11.695,6738240.0,0.0,2762180.0,1241390.0,8.49351e-07,0.00143946,0.0025951,0.00116478,0.00116788,0.00116799,0.00116938,628.874,0.0002
11.7,6738170.0,0.0,2762160.0,1241390.0,8.49347e-07,0.00143685,0.0025925,0.00116477,0.00116787,0.00116798,0.00116938,624.829,0.0002
11.705,6737500.0,0.0,2761970.0,1241380.0,8.49305e-07,0.00141078,0.00256654,0.0011647,0.0011678,0.00116791,0.00116931,625.513,0.0002
11.71,6737500.0,0.0,2761970.0,1241380.0,8.49305e-07,0.00141078,0.00256654,0.0011647,0.0011678,0.00116791,0.00116931,627.599,0.0002
11.715,6737850.0,0.0,2762070.0,1241380.0,8.49327e-07,0.00142422,0.00257993,0.00116474,0.00116784,0.00116795,0.00116934,627.599,0.0002
11.72,6737960.0,0.0,2762100.0,1241380.0,8.49334e-07,0.00142863,0.00258432,0.00116475,0.00116785,0.00116796,0.00116935,629.73,0.0002
11.725,6738320.0,0.0,2762210.0,1241390.0,8.49356e-07,0.00144237,0.00259799,0.00116479,0.00116788,0.00116799,0.00116939,628.319,0.0002
11.73,6738320.0,0.0,2762210.0,1241390.0,8.49356e-07,0.00144237,0.00259799,0.00116479,0.00116788,0.00116799,0.00116939,624.016,0.0002
11.735,6737600.0,0.0,2762000.0,1241380.0,8.49311e-07,0.00141464,0.00257038,0.00116471,0.00116781,0.00116792,0.00116932,624.016,0.0002
11.74,6737360.0,0.0,2761930.0,1241380.0,8.49297e-07,0.00140554,0.00256132,0.00116469,0.00116778,0.00116789,0.00116929,623.082,0.0002
11.745,6737210.0,0.0,2761890.0,1241380.0,8.49287e-07,0.00139952,0.00255532,0.00116467,0.00116777,0.00116788,0.00116927,623.469,0.0002
11.75,6737210.0,0.0,2761890.0,1241380.0,8.49287e-07,0.00139952,0.00255532,0.00116467,0.00116777,0.00116788,0.00116927,624.648,0.0002
11.755,6737400.0,0.0,2761950.0,1241380.0,8.49299e-07,0.00140712,0.00256289,0.00116469,0.00116779,0.0011679,0.0011693,624.648,0.0002
11.76,6737470.0,0.0,2761960.0,1241380.0,8.49303e-07,0.00140962,0.00256538,0.0011647,0.0011678,0.00116791,0.0011693,626.305,0.0002
11.765,6737740.0,0.0,2762040.0,1241380.0,8.4932e-07,0.0014203,0.00257601,0.00116473,0.00116782,0.00116793,0.00116933,627.057,0.0002
11.77,6737740.0,0.0,2762040.0,1241380.0,8.4932e-07,0.0014203,0.00257601,0.00116473,0.00116782,0.00116793,0.00116933,629.35,0.0002
11.775,6738130.0,0.0,2762150.0,1241390.0,8.49344e-07,0.00143508,0.00259073,0.00116477,0.00116786,0.00116797,0.00116937,629.35,0.0002
11.78,6738250.0,0.0,2762190.0,1241390.0,8.49352e-07,0.00143993,0.00259556,0.00116478,0.00116788,0.00116799,0.00116938,629.342,0.0002
11.785,6738250.0,0.0,2762190.0,1241390.0,8.49352e-07,0.00143987,0.00259551,0.00116478,0.00116788,0.00116799,0.00116938,629.0,0.0002
11.79,6738250.0,0.0,2762190.0,1241390.0,8.49352e-07,0.00143987,0.00259551,0.00116478,0.00116788,0.00116799,0.00116938,627.958,0.0002
11.795,6738080.0,0.0,2762140.0,1241390.0,8.49341e-07,0.00143315,0.00258882,0.00116476,0.00116786,0.00116797,0.00116937,627.958,0.0002
11.8,6738020.0,0.0,2762120.0,1241390.0,8.49338e-07,0.00143095,0.00258662,0.00116476,0.00116785,0.00116796,0.00116936,626.113,0.0002
11.805,6737710.0,0.0,2762030.0,1241380.0,8.49318e-07,0.00141906,0.00257478,0.00116473,0.00116782,0.00116793,0.00116933,627.148,0.0002
11.81,6737710.0,0.0,2762030.0,1241380.0,8.49318e-07,0.00141906,0.00257478,0.00116473,0.00116782,0.00116793,0.00116933,630.303,0.0002
11.815,6738240.0,0.0,2762180.0,1241390.0,8.49351e-07,0.00143939,0.00259503,0.00116478,0.00116788,0.00116799,0.00116938,630.303,0.0002
11.82,6738410.0,0.0,2762230.0,1241390.0,8.49362e-07,0.00144606,0.00260167,0.0011648,0.00116789,0.001168,0.0011694,634.084,0.0002
11.825,6739040.0,0.0,2762410.0,1241400.0,8.49401e-07,0.00147044,0.00262594,0.00116486,0.00116796,0.00116807,0.00116947,632.576,0.0002
11.83,6739040.0,0.0,2762410.0,1241400.0,8.49401e-07,0.00147044,0.00262594,0.00116486,0.00116796,0.00116807,0.00116947,627.98,0.0002
11.835,6738280.0,0.0,2762190.0,1241390.0,8.49353e-07,0.00144081,0.00259644,0.00116478,0.00116788,0.00116799,0.00116939,627.98,0.0002
11.84,6738020.0,0.0,2762120.0,1241390.0,8.49338e-07,0.00143109,0.00258676,0.00116476,0.00116785,0.00116796,0.00116936,628.908,0.0002
11.845,6738180.0,0.0,2762170.0,1241390.0,8.49347e-07,0.00143707,0.00259272,0.00116477,0.00116787,0.00116798,0.00116938,628.052,0.0002
11.85,6738180.0,0.0,2762170.0,1241390.0,8.49347e-07,0.00143707,0.00259272,0.00116477,0.00116787,0.00116798,0.00116938,625.44,0.0002
11.855,6737740.0,0.0,2762040.0,1241380.0,8.4932e-07,0.00142024,0.00257596,0.00116473,0.00116782,0.00116793,0.00116933,625.44,0.0002
11.86,6737600.0,0.0,2762000.0,1241380.0,8.49311e-07,0.00141472,0.00257046,0.00116471,0.00116781,0.00116792,0.00116932,628.167,0.0002
11.865,6738050.0,0.0,2762130.0,1241390.0,8.4934e-07,0.0014323,0.00258797,0.00116476,0.00116786,0.00116797,0.00116936,628.56,0.0002
11.87,6738050.0,0.0,2762130.0,1241390.0,8.4934e-07,0.0014323,0.00258797,0.00116476,0.00116786,0.00116797,0.00116936,629.756,0.0002
11.875,6738250.0,0.0,2762190.0,1241390.0,8.49352e-07,0.00144001,0.00259564,0.00116478,0.00116788,0.00116799,0.00116938,629.756,0.0002
11.88,6738320.0,0.0,2762210.0,1241390.0,8.49356e-07,0.00144254,0.00259816,0.00116479,0.00116788,0.001168,0.00116939,628.44,0.0002
11.885,6738100.0,0.0,2762150.0,1241390.0,8.49343e-07,0.00143406,0.00258971,0.00116477,0.00116786,0.00116797,0.00116937,628.336,0.0002
11.89,6738100.0,0.0,2762150.0,1241390.0,8.49343e-07,0.00143406,0.00258971,0.00116477,0.00116786,0.00116797,0.00116937,628.022,0.0002
11.895,6738050.0,0.0,2762130.0,1241390.0,8.49339e-07,0.00143203,0.0025877,0.00116476,0.00116786,0.00116797,0.00116936,628.022,0.0002
11.9,6738030.0,0.0,2762130.0,1241390.0,8.49338e-07,0.00143136,0.00258703,0.00116476,0.00116785,0.00116796,0.00116936,628.237,0.0002
11.905,6738070.0,0.0,2762140.0,1241390.0,8.4934e-07,0.00143275,0.00258841,0.00116476,0.00116786,0.00116797,0.00116937,628.342,0.0002
11.91,6738070.0,0.0,2762140.0,1241390.0,8.4934e-07,0.00143275,0.00258841,0.00116476,0.00116786,0.00116797,0.00116937,628.664,0.0002
11.915,6738120.0,0.0,2762150.0,1241390.0,8.49344e-07,0.00143482,0.00259048,0.00116477,0.00116786,0.00116797,0.00116937,628.664,0.0002
11.92,6738140.0,0.0,2762160.0,1241390.0,8.49345e-07,0.0014355,0.00259115,0.00116477,0.00116787,0.00116798,0.00116937,627.224,0.0002
11.925,6737900.0,0.0,2762090.0,1241390.0,8.4933e-07,0.00142622,0.00258191,0.00116474,0.00116784,0.00116795,0.00116935,626.485,0.0002
11.93,6737900.0,0.0,2762090.0,1241390.0,8.4933e-07,0.00142622,0.00258191,0.00116474,0.00116784,0.00116795,0.00116935,624.231,0.0002
11.935,6737520.0,0.0,2761980.0,1241380.0,8.49306e-07,0.00141169,0.00256745,0.0011647,0.0011678,0.00116791,0.00116931,624.231,0.0002
11.94,6737400.0,0.0,2761950.0,1241380.0,8.49299e-07,0.00140693,0.0025627,0.00116469,0.00116779,0.0011679,0.00116929,625.548,0.0002
11.945,6737620.0,0.0,2762010.0,1241380.0,8.49312e-07,0.00141541,0.00257115,0.00116472,0.00116781,0.00116792,0.00116932,625.891,0.0002
11.95,6737620.0,0.0,2762010.0,1241380.0,8.49312e-07,0.00141541,0.00257115,0.00116472,0.00116781,0.00116792,0.00116932,626.939,0.0002
11.955,6737790.0,0.0,2762060.0,1241390.0,8.49323e-07,0.00142217,0.00257788,0.00116473,0.00116783,0.00116794,0.00116934,626.939,0.0002
11.96,6737850.0,0.0,2762070.0,1241390.0,8.49327e-07,0.00142438,0.00258008,0.00116474,0.00116784,0.00116795,0.00116934,624.678,0.0002
11.965,6737470.0,0.0,2761970.0,1241380.0,8.49303e-07,0.00140981,0.00256557,0.0011647,0.0011678,0.00116791,0.0011693,624.483,0.0002
11.97,6737470.0,0.0,2761970.0,1241380.0,8.49303e-07,0.00140981,0.00256557,0.0011647,0.0011678,0.00116791,0.0011693,623.889,0.0002
11.975,6737370.0,0.0,2761940.0,1241380.0,8.49297e-07,0.00140598,0.00256175,0.00116469,0.00116779,0.0011679,0.00116929,623.889,0.0002
11.98,6737340.0,0.0,2761930.0,1241380.0,8.49295e-07,0.00140472,0.0025605,0.00116469,0.00116778,0.00116789,0.00116929,629.14,0.0002
11.985,6738220.0,0.0,2762180.0,1241390.0,8.4935e-07,0.00143857,0.00259421,0.00116478,0.00116787,0.00116798,0.00116938,628.176,0.0002
11.99,6738220.0,0.0,2762180.0,1241390.0,8.4935e-07,0.00143857,0.00259421,0.00116478,0.00116787,0.00116798,0.00116938,625.237,0.0002
11.995,6737730.0,0.0,2762040.0,1241380.0,8.49319e-07,0.00141963,0.00257535,0.00116473,0.00116782,0.00116793,0.00116933,625.237,0.0002
12.0,6737570.0,0.0,2761990.0,1241380.0,8.49309e-07,0.00141341,0.00256916,0.00116471,0.00116781,0.00116792,0.00116931,630.387,0.0002
12.005,6738290.0,0.0,2776730.0,1241910.0,8.49354e-07,0.00144126,0.00260225,0.00117014,0.00117324,0.00117335,0.00117476,629.987,0.000201167
12.01,6738150.0,0.0,2791210.0,1242420.0,8.49346e-07,0.00143594,0.00260228,0.00117546,0.00117856,0.00117867,0.0011801,628.767,0.000202333
12.015,6737810.0,0.0,2805600.0,1242920.0,8.49324e-07,0.00142279,0.00259448,0.00118072,0.00118381,0.00118393,0.00118538,628.767,0.0002035
12.02,6737610.0,0.0,2820000.0,1243420.0,8.49312e-07,0.00141495,0.00259194,0.00118596,0.00118906,0.00118918,0.00119065,630.892,0.000204667
12.025,6737820.0,0.0,2834490.0,1243930.0,8.49325e-07,0.00142342,0.0026056,0.00119121,0.00119431,0.00119443,0.00119592,630.066,0.000205833
12.03,6737690.0,0.0,2848860.0,1244420.0,8.49317e-07,0.00141823,0.00260563,0.0011964,0.0011995,0.00119962,0.00120113,627.549,0.000207
12.035,6737140.0,0.0,2863060.0,1244910.0,8.49283e-07,0.00139685,0.00258951,0.00120151,0.0012046,0.00120472,0.00120625,627.549,0.000208167
12.04,6736870.0,0.0,2877330.0,1245400.0,8.49266e-07,0.0013864,0.00258424,0.00120662,0.00120971,0.00120984,0.00121138,630.966,0.000209333
12.045,6737300.0,0.0,2891770.0,1245890.0,8.49293e-07,0.00140333,0.0026062,0.00121176,0.00121486,0.00121498,0.00121655,629.965,0.0002105
12.05,6737170.0,0.0,2906010.0,1246370.0,8.49285e-07,0.00139826,0.00260622,0.00121683,0.00121992,0.00122005,0.00122163,626.914,0.000211667
12.055,6736530.0,0.0,2920060.0,1246840.0,8.49245e-07,0.00137356,0.00258667,0.00122179,0.00122489,0.00122501,0.00122661,626.914,0.000212833
12.06,6736240.0,0.0,2934180.0,1247310.0,8.49226e-07,0.00136211,0.00258027,0.00122677,0.00122987,0.00123,0.00123161,629.016,0.000214
12.065,6736460.0,0.0,2948430.0,1247780.0,8.4924e-07,0.00137069,0.0025938,0.00123177,0.00123486,0.00123499,0.00123663,628.979,0.000215167
12.07,6736330.0,0.0,2962540.0,1248250.0,8.49232e-07,0.00136575,0.00259382,0.00123671,0.0012398,0.00123993,0.00124159,628.864,0.000216333
12.075,6736180.0,0.0,2976600.0,1248710.0,8.49223e-07,0.00136011,0.00259312,0.0012416,0.00124469,0.00124483,0.0012465,628.864,0.0002175
12.08,6736050.0,0.0,2990630.0,1249170.0,8.49215e-07,0.00135498,0.0025929,0.00124648,0.00124957,0.0012497,0.00125139,626.783,0.000218667
12.085,6735580.0,0.0,3004510.0,1249630.0,8.49185e-07,0.00133673,0.00257957,0.00125127,0.00125436,0.0012545,0.00125621,627.97,0.000219833
12.09,6735450.0,0.0,3018480.0,1250080.0,8.49178e-07,0.00133191,0.0025796,0.00125609,0.00125917,0.00125931,0.00126104,631.587,0.000221
12.095,6735930.0,0.0,3032590.0,1250540.0,8.49208e-07,0.00135044,0.00260285,0.00126093,0.00126402,0.00126415,0.0012659,631.587,0.000222167
12.1,6736010.0,0.0,3046550.0,1250980.0,8.49212e-07,0.00135333,0.00261049,0.00126571,0.00126879,0.00126893,0.0012707,628.242,0.000223333
12.105,6735330.0,0.0,3060200.0,1251420.0,8.4917e-07,0.00132705,0.00258905,0.00127036,0.00127344,0.00127358,0.00127536,628.085,0.0002245
12.11,6735210.0,0.0,3074020.0,1251860.0,8.49162e-07,0.00132235,0.00258907,0.00127505,0.00127813,0.00127827,0.00128008,627.604,0.000225667
12.115,6735000.0,0.0,3087750.0,1252300.0,8.4915e-07,0.00131459,0.00258601,0.0012797,0.00128277,0.00128292,0.00128474,627.604,0.000226833
12.12,6734860.0,0.0,3101480.0,1252730.0,8.49141e-07,0.00130894,0.00258503,0.00128433,0.0012874,0.00128755,0.00128939,631.401,0.000228
12.125,6735370.0,0.0,3115380.0,1253160.0,8.49173e-07,0.00132881,0.00260943,0.001289,0.00129207,0.00129221,0.00129407,631.187,0.000229167
12.13,6735250.0,0.0,3129030.0,1253590.0,8.49165e-07,0.00132422,0.00260945,0.00129357,0.00129664,0.00129679,0.00129867,630.533,0.000230333
12.135,6735030.0,0.0,3142590.0,1254010.0,8.49151e-07,0.00131547,0.00260528,0.0012981,0.00130116,0.00130131,0.00130321,630.533,0.0002315
12.14,6734870.0,0.0,3156150.0,1254430.0,8.49142e-07,0.00130956,0.00260393,0.00130261,0.00130567,0.00130582,0.00130774,629.658,0.000232667
12.145,6734610.0,0.0,3169610.0,1254850.0,8.49125e-07,0.00129944,0.00259834,0.00130707,0.00131013,0.00131028,0.00131222,629.995,0.000233833
12.15,6734500.0,0.0,3183100.0,1255260.0,8.49118e-07,0.00129497,0.00259836,0.00131153,0.00131459,0.00131474,0.00131669,631.025,0.000235
12.155,6734550.0,0.0,3196590.0,1255680.0,8.49122e-07,0.00129718,0.002605,0.00131597,0.00131903,0.00131918,0.00132115,631.025,0.000236167
12.16,6734490.0,0.0,3210010.0,1256080.0,8.49118e-07,0.00129495,0.00260719,0.00132038,0.00132343,0.00132359,0.00132558,625.504,0.000237333
12.165,6733460.0,0.0,3223010.0,1256480.0,8.49054e-07,0.001255,0.00257178,0.00132464,0.00132768,0.00132784,0.00132985,626.408,0.0002385
12.17,6733350.0,0.0,3236320.0,1256880.0,8.49047e-07,0.00125065,0.00257181,0.00132898,0.00133202,0.00133218,0.00133421,629.162,0.000239667
12.175,6733690.0,0.0,3249740.0,1257280.0,8.49068e-07,0.00126409,0.00258951,0.00133335,0.00133638,0.00133655,0.00133859,629.162,0.000240833
12.18,6733730.0,0.0,3263020.0,1257680.0,8.49071e-07,0.00126561,0.00259533,0.00133766,0.00134069,0.00134085,0.00134292,631.39,0.000242
12.185,6734000.0,0.0,3276320.0,1258080.0,8.49087e-07,0.00127571,0.00260965,0.00134195,0.00134498,0.00134515,0.00134723,631.444,0.000243167
12.19,6733890.0,0.0,3289450.0,1258470.0,8.4908e-07,0.00127147,0.00260968,0.00134619,0.00134921,0.00134938,0.00135148,631.61,0.000244333
12.195,6733800.0,0.0,3302540.0,1258860.0,8.49075e-07,0.00126833,0.00261076,0.00135039,0.00135341,0.00135358,0.0013557,631.61,0.0002455
12.2,6733710.0,0.0,3315580.0,1259240.0,8.49069e-07,0.00126449,0.00261114,0.00135457,0.00135759,0.00135776,0.0013599,628.015,0.000246667
12.205,6733000.0,0.0,3328330.0,1259620.0,8.49025e-07,0.00123719,0.00258809,0.00135864,0.00136165,0.00136183,0.00136398,628.695,0.000247833
12.21,6732890.0,0.0,3341270.0,1259990.0,8.49018e-07,0.00123305,0.00258811,0.00136277,0.00136578,0.00136595,0.00136813,630.768,0.000249
12.215,6733130.0,0.0,3354290.0,1260370.0,8.49033e-07,0.00124231,0.00260144,0.0013669,0.0013699,0.00137008,0.00137227,630.768,0.000250167
12.22,6733140.0,0.0,3367190.0,1260750.0,8.49034e-07,0.00124262,0.00260583,0.00137099,0.00137399,0.00137416,0.00137638,626.271,0.000251333
12.225,6732280.0,0.0,3379680.0,1261110.0,8.4898e-07,0.0012096,0.00257699,0.00137493,0.00137793,0.0013781,0.00138034,626.419,0.0002525
12.23,6732180.0,0.0,3392440.0,1261480.0,8.48974e-07,0.00120558,0.00257701,0.00137895,0.00138194,0.00138212,0.00138437,626.87,0.000253667
12.235,6732150.0,0.0,3405160.0,1261840.0,8.48972e-07,0.00120449,0.00257993,0.00138294,0.00138593,0.00138611,0.00138838,626.87,0.000254833
12.24,6732070.0,0.0,3417830.0,1262200.0,8.48967e-07,0.00120148,0.0025809,0.00138692,0.0013899,0.00139008,0.00139236,630.401,0.000256
12.245,6732560.0,0.0,3430670.0,1262570.0,8.48997e-07,0.00122028,0.00260358,0.00139092,0.0013939,0.00139408,0.00139639,630.586,0.000257167
12.25,6732460.0,0.0,3443230.0,1262930.0,8.48991e-07,0.00121636,0.00260361,0.00139484,0.00139781,0.00139799,0.00140032,631.149,0.000258333
12.255,6732450.0,0.0,3455770.0,1263280.0,8.48991e-07,0.00121611,0.00260725,0.00139873,0.0014017,0.00140188,0.00140423,631.149,0.0002595
12.26,6732380.0,0.0,3468250.0,1263630.0,8.48986e-07,0.00121343,0.00260846,0.0014026,0.00140556,0.00140575,0.00140811,630.4,0.000260667
12.265,6732160.0,0.0,3480600.0,1263980.0,8.48972e-07,0.00120476,0.00260367,0.00140641,0.00140937,0.00140956,0.00141194,629.349,0.000261833
12.27,6732060.0,0.0,3492970.0,1264330.0,8.48966e-07,0.00120095,0.00260369,0.00141023,0.00141318,0.00141337,0.00141577,626.145,0.000263
12.275,6731420.0,0.0,3505060.0,1264670.0,8.48927e-07,0.00117652,0.00258314,0.00141394,0.00141689,0.00141708,0.00141949,626.145,0.000264167
12.28,6731150.0,0.0,3517250.0,1265010.0,8.4891e-07,0.00116598,0.00257642,0.00141768,0.00142062,0.00142082,0.00142325,626.21,0.000265333
12.285,6731060.0,0.0,3529460.0,1265340.0,8.48904e-07,0.00116266,0.00257686,0.00142142,0.00142435,0.00142454,0.001427,625.951,0.0002665
12.29,6730970.0,0.0,3541630.0,1265680.0,8.48898e-07,0.00115894,0.00257688,0.00142513,0.00142806,0.00142825,0.00143073,625.16,0.000267667
12.295,6730740.0,0.0,3553680.0,1266010.0,8.48884e-07,0.00115016,0.00257182,0.0014288,0.00143172,0.00143192,0.00143441,625.16,0.000268833
12.3,6730600.0,0.0,3565740.0,1266340.0,8.48876e-07,0.00114482,0.00257018,0.00143246,0.00143537,0.00143557,0.00143808,631.763,0.00027
12.305,6731610.0,0.0,3578220.0,1266680.0,8.48938e-07,0.00118371,0.00261258,0.00143624,0.00143915,0.00143935,0.00144187,629.815,0.000271167
12.31,6731520.0,0.0,3590190.0,1267010.0,8.48933e-07,0.00118009,0.0026126,0.00143985,0.00144276,0.00144296,0.0014455,623.876,0.000272333
12.315,6730430.0,0.0,3601670.0,1267320.0,8.48865e-07,0.00113824,0.00257451,0.00144331,0.00144621,0.00144641,0.00144897,623.876,0.0002735
12.32,6730010.0,0.0,3613400.0,1267640.0,8.48839e-07,0.00112212,0.00256203,0.00144684,0.00144973,0.00144994,0.00145252,628.463,0.000274667
12.325,6730690.0,0.0,3625540.0,1267970.0,8.48881e-07,0.00114812,0.00259149,0.00145048,0.00145337,0.00145357,0.00145617,628.274,0.000275833
12.33,6730600.0,0.0,3637310.0,1268290.0,8.48875e-07,0.00114459,0.00259151,0.00145401,0.00145689,0.00145709,0.00145971,627.698,0.000277
12.335,6730410.0,0.0,3648980.0,1268600.0,8.48864e-07,0.00113738,0.00258783,0.00145749,0.00146036,0.00146057,0.0014632,627.698,0.000278167
12.34,6730290.0,0.0,3660640.0,1268910.0,8.48856e-07,0.00113268,0.00258663,0.00146096,0.00146383,0.00146404,0.00146669,624.685,0.000279333
12.345,6729690.0,0.0,3672020.0,1269220.0,8.48819e-07,0.00110983,0.00256732,0.00146434,0.0014672,0.00146741,0.00147008,625.872,0.0002805
12.35,6729600.0,0.0,3683590.0,1269520.0,8.48813e-07,0.00110639,0.00256734,0.00146777,0.00147063,0.00147084,0.00147353,629.492,0.000281667
12.355,6730120.0,0.0,3695360.0,1269840.0,8.48846e-07,0.0011263,0.00259059,0.00147126,0.00147411,0.00147432,0.00147702,629.492,0.000282833
12.36,6730230.0,0.0,3706920.0,1270140.0,8.48853e-07,0.00113055,0.00259822,0.00147467,0.00147751,0.00147773,0.00148045,630.348,0.000284
12.365,6730290.0,0.0,3718390.0,1270450.0,8.48856e-07,0.00113271,0.00260374,0.00147805,0.00148088,0.0014811,0.00148384,629.22,0.000285167
12.37,6730200.0,0.0,3729760.0,1270740.0,8.48851e-07,0.00112936,0.00260376,0.00148139,0.00148422,0.00148444,0.0014872,625.781,0.000286333
12.375,6729540.0,0.0,3740800.0,1271030.0,8.48809e-07,0.00110389,0.0025817,0.00148463,0.00148745,0.00148767,0.00149045,625.781,0.0002875
12.38,6729270.0,0.0,3751990.0,1271330.0,8.48792e-07,0.00109332,0.00257448,0.0014879,0.00149072,0.00149094,0.00149373,629.014,0.000288667
12.385,6729720.0,0.0,3763440.0,1271630.0,8.48821e-07,0.00111087,0.00259525,0.00149124,0.00149405,0.00149428,0.00149709,628.64,0.000289833
12.39,6729640.0,0.0,3774610.0,1271920.0,8.48815e-07,0.00110761,0.00259527,0.0014945,0.0014973,0.00149753,0.00150036,627.497,0.000291
12.395,6729360.0,0.0,3785620.0,1272200.0,8.48798e-07,0.00109702,0.00258796,0.0014977,0.0015005,0.00150072,0.00150357,627.497,0.000292167
12.4,6729220.0,0.0,3796660.0,1272490.0,8.48789e-07,0.00109139,0.00258557,0.00150091,0.0015037,0.00150392,0.00150679,627.228,0.000293333
12.405,6729090.0,0.0,3807640.0,1272770.0,8.48781e-07,0.00108647,0.00258386,0.00150408,0.00150687,0.0015071,0.00150998,627.602,0.0002945
12.41,6729010.0,0.0,3818610.0,1273050.0,8.48776e-07,0.00108329,0.00258388,0.00150726,0.00151003,0.00151026,0.00151316,628.744,0.000295667
12.415,6729110.0,0.0,3829600.0,1273330.0,8.48783e-07,0.0010875,0.00259123,0.00151042,0.0015132,0.00151343,0.00151634,628.744,0.000296833
12.42,6729100.0,0.0,3840500.0,1273610.0,8.48782e-07,0.00108678,0.00259365,0.00151356,0.00151633,0.00151656,0.00151949,632.151,0.000298
12.425,6729580.0,0.0,3851570.0,1273900.0,8.48812e-07,0.00110561,0.00261553,0.00151674,0.0015195,0.00151973,0.00152268,631.453,0.000299167
12.43,6729500.0,0.0,3862340.0,1274170.0,8.48807e-07,0.00110252,0.00261555,0.00151983,0.00152258,0.00152282,0.00152578,629.324,0.000300333
12.435,6729070.0,0.0,3872870.0,1274440.0,8.4878e-07,0.00108575,0.0026019,0.00152284,0.00152559,0.00152582,0.00152881,629.324,0.0003015
12.44,6728870.0,0.0,3883480.0,1274710.0,8.48768e-07,0.0010782,0.00259744,0.00152588,0.00152861,0.00152885,0.00153185,629.11,0.000302667
12.445,6728760.0,0.0,3894070.0,1274970.0,8.48761e-07,0.00107379,0.00259608,0.00152889,0.00153162,0.00153186,0.00153488,628.849,0.000303833
12.45,6728680.0,0.0,3904640.0,1275240.0,8.48756e-07,0.00107078,0.0025961,0.0015319,0.00153462,0.00153486,0.0015379,628.053,0.000305
12.455,6728470.0,0.0,3915070.0,1275500.0,8.48743e-07,0.00106267,0.00259101,0.00153486,0.00153758,0.00153782,0.00154087,628.053,0.000306167
12.46,6728350.0,0.0,3925520.0,1275770.0,8.48735e-07,0.00105801,0.00258935,0.00153783,0.00154053,0.00154078,0.00154385,631.092,0.000307333
12.465,6728780.0,0.0,3936180.0,1276030.0,8.48762e-07,0.00107464,0.00260888,0.00154084,0.00154354,0.00154379,0.00154687,630.798,0.0003085
12.47,6728710.0,0.0,3946550.0,1276290.0,8.48757e-07,0.00107171,0.00260889,0.00154377,0.00154646,0.00154671,0.00154981,629.902,0.000309667
12.475,6728480.0,0.0,3956780.0,1276550.0,8.48743e-07,0.00106303,0.00260316,0.00154665,0.00154934,0.00154959,0.0015527,629.902,0.000310833
12.48,6728360.0,0.0,3967030.0,1276800.0,8.48736e-07,0.00105824,0.00260129,0.00154954,0.00155222,0.00155247,0.0015556,630.543,0.000312
12.485,6728390.0,0.0,3977290.0,1277050.0,8.48738e-07,0.0010595,0.00260542,0.00155242,0.00155509,0.00155534,0.00155849,630.222,0.000313167
12.49,6728310.0,0.0,3987460.0,1277310.0,8.48733e-07,0.00105664,0.00260543,0.00155527,0.00155794,0.00155819,0.00156136,629.242,0.000314333
12.495,6728080.0,0.0,3997490.0,1277550.0,8.48718e-07,0.0010475,0.00259916,0.00155808,0.00156074,0.00156099,0.00156417,629.242,0.0003155
12.5,6727950.0,0.0,4007540.0,1277800.0,8.4871e-07,0.00104261,0.00259711,0.00156089,0.00156354,0.00156379,0.00156699,623.888,0.000316667
12.505,6726980.0,0.0,4017090.0,1278040.0,8.4865e-07,0.00100534,0.00256276,0.00156355,0.0015662,0.00156645,0.00156967,625.268,0.000317833
12.51,6726910.0,0.0,4027070.0,1278280.0,8.48646e-07,0.00100255,0.00256278,0.00156633,0.00156897,0.00156923,0.00157246,629.476,0.000319
12.515,6727540.0,0.0,4037350.0,1278530.0,8.48685e-07,0.00102689,0.0025898,0.00156919,0.00157182,0.00157208,0.00157532,629.476,0.000320167
12.52,6727700.0,0.0,4047350.0,1278780.0,8.48695e-07,0.00103303,0.00259868,0.00157196,0.00157459,0.00157485,0.00157811,630.029,0.000321333
12.525,6727720.0,0.0,4057210.0,1279020.0,8.48696e-07,0.00103387,0.00260224,0.00157469,0.00157731,0.00157757,0.00158085,629.761,0.0003225
12.53,6727650.0,0.0,4067000.0,1279250.0,8.48692e-07,0.00103116,0.00260226,0.0015774,0.00158001,0.00158027,0.00158357,628.946,0.000323667
12.535,6727450.0,0.0,4076650.0,1279490.0,8.48679e-07,0.00102322,0.00259704,0.00158007,0.00158267,0.00158293,0.00158624,628.946,0.000324833
12.54,6727330.0,0.0,4086320.0,1279720.0,8.48672e-07,0.00101882,0.00259533,0.00158273,0.00158533,0.00158559,0.00158892,622.418,0.000326
12.545,6726170.0,0.0,4095380.0,1279940.0,8.486e-07,0.000974134,0.00255345,0.00158523,0.00158781,0.00158808,0.00159142,624.583,0.000327167
12.55,6726100.0,0.0,4104970.0,1280170.0,8.48595e-07,0.000971493,0.00255346,0.00158786,0.00159044,0.00159071,0.00159407,631.185,0.000328333
12.555,6727140.0,0.0,4115080.0,1280410.0,8.4866e-07,0.00101139,0.00259585,0.00159063,0.00159321,0.00159348,0.00159685,631.185,0.0003295
12.56,6727430.0,0.0,4124780.0,1280650.0,8.48678e-07,0.00102272,0.00260977,0.00159329,0.00159586,0.00159613,0.00159952,627.508,0.000330667
12.565,6726750.0,0.0,4133890.0,1280860.0,8.48636e-07,0.000996463,0.00258618,0.00159578,0.00159834,0.00159861,0.00160202,627.987,0.000331833
12.57,6726690.0,0.0,4143300.0,1281090.0,8.48632e-07,0.000993891,0.0025862,0.00159835,0.0016009,0.00160118,0.0016046,629.446,0.000333
12.575,6726860.0,0.0,4152770.0,1281310.0,8.48643e-07,0.00100073,0.00259557,0.00160093,0.00160348,0.00160375,0.00160719,629.446,0.000334167
12.58,6726880.0,0.0,4162130.0,1281540.0,8.48644e-07,0.00100128,0.00259866,0.00160348,0.00160602,0.0016063,0.00160975,626.528,0.000335333
12.585,6726320.0,0.0,4171120.0,1281750.0,8.48609e-07,0.00097997,0.00257995,0.00160593,0.00160846,0.00160873,0.0016122,627.217,0.0003365
12.59,6726260.0,0.0,4180340.0,1281970.0,8.48605e-07,0.000977464,0.00257996,0.00160843,0.00161095,0.00161123,0.00161471,629.317,0.000337667
12.595,6726550.0,0.0,4189690.0,1282190.0,8.48623e-07,0.000988504,0.00259346,0.00161096,0.00161348,0.00161376,0.00161726,629.317,0.000338833
12.6,6726600.0,0.0,4198880.0,1282410.0,8.48626e-07,0.000990466,0.00259789,0.00161345,0.00161596,0.00161624,0.00161975,624.713,0.00034
12.605,6725760.0,0.0,4207530.0,1282610.0,8.48574e-07,0.000958368,0.00256835,0.00161579,0.00161829,0.00161857,0.0016221,626.629,0.000341167
12.61,6725700.0,0.0,4216570.0,1282820.0,8.4857e-07,0.000955926,0.00256837,0.00161823,0.00162072,0.001621,0.00162455,632.471,0.000342333
12.615,6726610.0,0.0,4226080.0,1283050.0,8.48627e-07,0.000991119,0.00260588,0.00162079,0.00162327,0.00162356,0.00162712,632.471,0.0003435
12.62,6726870.0,0.0,4235200.0,1283260.0,8.48643e-07,0.00100105,0.00261819,0.00162324,0.00162572,0.00162601,0.00162958,631.827,0.000344667
12.625,6726700.0,0.0,4244030.0,1283470.0,8.48633e-07,0.000994514,0.00261407,0.00162561,0.00162808,0.00162837,0.00163196,630.568,0.000345833
12.63,6726640.0,0.0,4252890.0,1283670.0,8.48629e-07,0.000992134,0.00261409,0.00162799,0.00163045,0.00163074,0.00163435,626.726,0.000347
12.635,6725940.0,0.0,4261330.0,1283870.0,8.48585e-07,0.000965043,0.00258945,0.00163025,0.00163271,0.001633,0.00163662,626.726,0.000348167
12.64,6725670.0,0.0,4269980.0,1284070.0,8.48568e-07,0.000954582,0.00258137,0.00163256,0.00163502,0.00163531,0.00163894,627.696,0.000349333
12.645,6725770.0,0.0,4278780.0,1284270.0,8.48574e-07,0.000958499,0.00258761,0.00163491,0.00163736,0.00163765,0.0016413,627.092,0.0003505
12.65,6725710.0,0.0,4287460.0,1284470.0,8.48571e-07,0.00095618,0.00258763,0.00163723,0.00163967,0.00163996,0.00164362,625.248,0.000351667
12.655,6725340.0,0.0,4295910.0,1284670.0,8.48548e-07,0.000942012,0.00257581,0.00163948,0.00164191,0.0016422,0.00164588,625.248,0.000352833
12.66,6725180.0,0.0,4304440.0,1284870.0,8.48538e-07,0.00093583,0.00257194,0.00164175,0.00164417,0.00164447,0.00164816,629.117,0.000354
12.665,6725770.0,0.0,4313330.0,1285070.0,8.48574e-07,0.000958467,0.00259678,0.00164411,0.00164653,0.00164682,0.00165053,627.995,0.000355167
12.67,6725710.0,0.0,4321840.0,1285270.0,8.48571e-07,0.000956207,0.00259679,0.00164637,0.00164878,0.00164908,0.0016528,624.574,0.000356333
12.675,6725080.0,0.0,4329960.0,1285450.0,8.48531e-07,0.000931943,0.00257485,0.00164852,0.00165092,0.00165122,0.00165496,624.574,0.0003575
12.68,6724830.0,0.0,4338270.0,1285640.0,8.48516e-07,0.000922489,0.00256766,0.00165072,0.00165312,0.00165342,0.00165717,627.248,0.000358667
12.685,6725220.0,0.0,4346880.0,1285840.0,8.4854e-07,0.000937494,0.00258484,0.001653,0.00165538,0.00165568,0.00165945,626.898,0.000359833
12.69,6725160.0,0.0,4355210.0,1286030.0,8.48537e-07,0.000935292,0.00258485,0.0016552,0.00165758,0.00165788,0.00166166,625.83,0.000361
12.695,6724930.0,0.0,4363380.0,1286220.0,8.48522e-07,0.000926232,0.00257801,0.00165735,0.00165972,0.00166003,0.00166382,625.83,0.000362167
12.7,6724810.0,0.0,4371600.0,1286400.0,8.48515e-07,0.000921802,0.00257577,0.00165951,0.00166188,0.00166218,0.00166599,629.38,0.000363333
12.705,6725350.0,0.0,4380130.0,1286600.0,8.48548e-07,0.000942503,0.00259857,0.00166176,0.00166411,0.00166442,0.00166824,630.863,0.0003645
12.71,6725300.0,0.0,4388290.0,1286780.0,8.48545e-07,0.000940357,0.00259858,0.0016639,0.00166625,0.00166656,0.00167039,635.383,0.000365667
12.715,6726000.0,0.0,4396830.0,1286980.0,8.48589e-07,0.000967332,0.00262761,0.00166614,0.00166848,0.00166879,0.00167264,635.383,0.000366833
12.72,6726190.0,0.0,4405050.0,1287160.0,8.48601e-07,0.000974759,0.00263714,0.00166829,0.00167063,0.00167094,0.0016748,627.765,0.000368
12.725,6724860.0,0.0,4412330.0,1287330.0,8.48518e-07,0.000923613,0.00258826,0.0016702,0.00167253,0.00167284,0.00167672,627.856,0.000369167
12.73,6724810.0,0.0,4420330.0,1287510.0,8.48515e-07,0.000921521,0.00258827,0.00167229,0.00167461,0.00167492,0.00167881,628.131,0.000370333
12.735,6724800.0,0.0,4428290.0,1287690.0,8.48514e-07,0.000921218,0.00259005,0.00167437,0.00167668,0.001677,0.0016809,628.131,0.0003715
12.74,6724760.0,0.0,4436220.0,1287860.0,8.48512e-07,0.000919734,0.00259064,0.00167643,0.00167874,0.00167905,0.00168297,631.056,0.000372667
12.745,6725200.0,0.0,4444360.0,1288050.0,8.48539e-07,0.00093652,0.00260943,0.00167855,0.00168085,0.00168117,0.0016851,630.927,0.000373833
12.75,6725140.0,0.0,4452190.0,1288220.0,8.48535e-07,0.00093448,0.00260944,0.00168059,0.00168289,0.0016832,0.00168715,630.534,0.000375
12.755,6725030.0,0.0,4459930.0,1288400.0,8.48528e-07,0.000929923,0.00260692,0.0016826,0.00168489,0.0016852,0.00168916,630.534,0.000376167
12.76,6724950.0,0.0,4467670.0,1288570.0,8.48524e-07,0.000927077,0.0026061,0.00168461,0.00168689,0.00168721,0.00169118,627.502,0.000377333
12.765,6724390.0,0.0,4475060.0,1288730.0,8.48489e-07,0.000905561,0.00258666,0.00168653,0.0016888,0.00168912,0.0016931,628.279,0.0003785
12.77,6724340.0,0.0,4482730.0,1288900.0,8.48485e-07,0.000903573,0.00258667,0.00168851,0.00169078,0.0016911,0.0016951,630.649,0.000379667
12.775,6724690.0,0.0,4490580.0,1289080.0,8.48507e-07,0.000916858,0.00260189,0.00169054,0.0016928,0.00169312,0.00169714,630.649,0.000380833
12.78,6724770.0,0.0,4498250.0,1289250.0,8.48512e-07,0.000919899,0.00260689,0.00169252,0.00169478,0.0016951,0.00169912,630.442,0.000382
12.785,6724680.0,0.0,4505770.0,1289410.0,8.48507e-07,0.000916622,0.00260558,0.00169446,0.00169671,0.00169703,0.00170107,630.329,0.000383167
12.79,6724630.0,0.0,4513280.0,1289580.0,8.48503e-07,0.000914683,0.00260559,0.0016964,0.00169864,0.00169896,0.00170301,629.982,0.000384333
12.795,6724520.0,0.0,4520710.0,1289740.0,8.48497e-07,0.00091053,0.00260337,0.00169831,0.00170054,0.00170087,0.00170493,629.982,0.0003855
12.8,6724450.0,0.0,4528130.0,1289910.0,8.48492e-07,0.000907884,0.00260266,0.00170022,0.00170244,0.00170277,0.00170685,630.087,0.000386667
12.805,6724420.0,0.0,4535520.0,1290070.0,8.4849e-07,0.000906659,0.00260334,0.00170212,0.00170434,0.00170466,0.00170876,630.078,0.000387833
12.81,6724370.0,0.0,4542880.0,1290230.0,8.48487e-07,0.000904768,0.00260335,0.00170401,0.00170622,0.00170655,0.00171065,630.052,0.000389
12.815,6724320.0,0.0,4550190.0,1290390.0,8.48484e-07,0.000902723,0.00260319,0.00170588,0.00170808,0.00170841,0.00171253,630.052,0.000390167
12.82,6724270.0,0.0,4557470.0,1290550.0,8.48481e-07,0.0009008,0.00260315,0.00170775,0.00170994,0.00171027,0.0017144,630.498,0.000391333
12.825,6724300.0,0.0,4564740.0,1290710.0,8.48483e-07,0.000901822,0.00260602,0.00170961,0.0017118,0.00171213,0.00171627,629.447,0.0003925
12.83,6724250.0,0.0,4571950.0,1290870.0,8.4848e-07,0.000899978,0.00260603,0.00171145,0.00171363,0.00171396,0.00171812,626.242,0.000393667
12.835,6723660.0,0.0,4578780.0,1291020.0,8.48443e-07,0.000877514,0.00258547,0.00171319,0.00171537,0.0017157,0.00171987,626.242,0.000394833
12.84,6723440.0,0.0,4585800.0,1291170.0,8.48429e-07,0.000868925,0.00257873,0.00171498,0.00171715,0.00171749,0.00172167,626.639,0.000396
12.845,6723460.0,0.0,4592920.0,1291330.0,8.48431e-07,0.000869675,0.00258129,0.0017168,0.00171896,0.00171929,0.00172349,626.71,0.000397167
12.85,6723410.0,0.0,4599970.0,1291480.0,8.48428e-07,0.000867877,0.0025813,0.00171859,0.00172075,0.00172108,0.00172529,626.926,0.000398333
12.855,6723400.0,0.0,4607000.0,1291630.0,8.48427e-07,0.000867485,0.0025827,0.00172038,0.00172253,0.00172286,0.00172708,626.926,0.0003995
12.86,6723370.0,0.0,4613990.0,1291790.0,8.48425e-07,0.000866165,0.00258316,0.00172216,0.0017243,0.00172463,0.00172887,628.736,0.000400667
12.865,6723630.0,0.0,4621120.0,1291940.0,8.48441e-07,0.000876056,0.00259479,0.00172396,0.0017261,0.00172644,0.00173068,628.05,0.000401833
12.87,6723580.0,0.0,4628030.0,1292090.0,8.48438e-07,0.000874302,0.0025948,0.00172571,0.00172784,0.00172818,0.00173244,625.958,0.000403
12.875,6723190.0,0.0,4634670.0,1292230.0,8.48414e-07,0.000859098,0.00258138,0.0017274,0.00172952,0.00172986,0.00173413,625.958,0.000404167
12.88,6723030.0,0.0,4641440.0,1292380.0,8.48404e-07,0.000852949,0.00257699,0.00172911,0.00173122,0.00173157,0.00173585,627.685,0.000405333
12.885,6723270.0,0.0,4648410.0,1292530.0,8.48419e-07,0.000862345,0.00258808,0.00173087,0.00173298,0.00173332,0.00173761,628.255,0.0004065
12.89,6723230.0,0.0,4655180.0,1292680.0,8.48416e-07,0.000860634,0.00258809,0.00173258,0.00173468,0.00173503,0.00173933,629.992,0.000407667
12.895,6723470.0,0.0,4662080.0,1292820.0,8.48431e-07,0.000870118,0.00259925,0.00173432,0.00173641,0.00173676,0.00174108,629.992,0.000408833
12.9,6723520.0,0.0,4668830.0,1292970.0,8.48435e-07,0.000872095,0.00260292,0.00173602,0.00173811,0.00173846,0.00174279,632.043,0.00041
12.905,6723820.0,0.0,4675700.0,1293120.0,8.48453e-07,0.000883624,0.0026161,0.00173775,0.00173983,0.00174018,0.00174452,630.878,0.000411167
12.91,6723780.0,0.0,4682330.0,1293260.0,8.4845e-07,0.000881954,0.00261611,0.00173942,0.00174149,0.00174184,0.0017462,627.324,0.000412333
12.915,6723140.0,0.0,4688540.0,1293390.0,8.48411e-07,0.000857424,0.00259331,0.00174098,0.00174305,0.0017434,0.00174776,627.324,0.0004135
12.92,6722910.0,0.0,4694970.0,1293530.0,8.48396e-07,0.000848272,0.00258583,0.0017426,0.00174466,0.00174501,0.00174938,627.158,0.000414667
12.925,6722840.0,0.0,4701470.0,1293670.0,8.48392e-07,0.000845565,0.00258478,0.00174423,0.00174628,0.00174663,0.00175102,627.297,0.000415833
12.93,6722790.0,0.0,4707960.0,1293810.0,8.48389e-07,0.000843936,0.00258478,0.00174585,0.0017479,0.00174825,0.00175265,627.723,0.000417
12.935,6722820.0,0.0,4714450.0,1293940.0,8.48391e-07,0.00084506,0.00258753,0.00174748,0.00174952,0.00174987,0.00175428,627.723,0.000418167
12.94,6722800.0,0.0,4720890.0,1294080.0,8.4839e-07,0.00084435,0.00258843,0.00174909,0.00175112,0.00175148,0.0017559,625.077,0.000419333
12.945,6722320.0,0.0,4726980.0,1294210.0,8.48359e-07,0.000825724,0.00257146,0.00175061,0.00175264,0.001753,0.00175743,626.096,0.0004205
12.95,6722280.0,0.0,4733340.0,1294350.0,8.48357e-07,0.000824134,0.00257147,0.0017522,0.00175422,0.00175458,0.00175902,629.203,0.000421667
12.955,6722760.0,0.0,4739980.0,1294490.0,8.48387e-07,0.000842556,0.00259142,0.00175386,0.00175587,0.00175623,0.00176069,629.203,0.000422833
12.96,6722890.0,0.0,4746380.0,1294620.0,8.48395e-07,0.000847545,0.00259797,0.00175545,0.00175746,0.00175782,0.00176229,628.006,0.000424
12.965,6722650.0,0.0,4752500.0,1294760.0,8.4838e-07,0.000838284,0.0025903,0.00175698,0.00175898,0.00175934,0.00176382,628.413,0.000425167
12.97,6722610.0,0.0,4758730.0,1294910.0,8.48377e-07,0.000836736,0.0025903,0.00175852,0.00176052,0.00176088,0.00176537,629.655,0.000426333
12.975,6722770.0,0.0,4765070.0,1295100.0,8.48388e-07,0.000843194,0.00259828,0.00176008,0.00176207,0.00176243,0.00176694,629.655,0.0004275
12.98,6722800.0,0.0,4771300.0,1295320.0,8.4839e-07,0.000844296,0.0026009,0.00176161,0.0017636,0.00176396,0.00176847,624.516,0.000428667
12.985,6721900.0,0.0,4776940.0,1295650.0,8.48334e-07,0.000809732,0.00256792,0.00176296,0.00176494,0.0017653,0.00176982,625.0,0.000429833
12.99,6721870.0,0.0,4783160.0,1296120.0,8.48331e-07,0.000808273,0.00256793,0.00176442,0.00176639,0.00176675,0.00177128,626.475,0.000431
12.995,6722080.0,0.0,4789510.0,1296630.0,8.48344e-07,0.000816329,0.00257741,0.0017659,0.00176786,0.00176822,0.00177277,626.475,0.000432167
13.0,6722120.0,0.0,4795720.0,1297120.0,8.48347e-07,0.000818008,0.00258053,0.00176734,0.0017693,0.00176966,0.00177422,627.553,0.000433333
13.005,6722260.0,0.0,4801960.0,1297620.0,8.48356e-07,0.000823522,0.00258745,0.00176879,0.00177074,0.00177111,0.00177568,627.954,0.0004345
13.01,6722230.0,0.0,4808060.0,1298100.0,8.48354e-07,0.000822102,0.00258746,0.00177021,0.00177216,0.00177252,0.0017771,629.175,0.000435667
13.015,6722390.0,0.0,4814250.0,1298590.0,8.48364e-07,0.000828556,0.00259531,0.00177165,0.00177359,0.00177396,0.00177854,629.175,0.000436833
13.02,6722420.0,0.0,4820320.0,1299070.0,8.48366e-07,0.000829733,0.00259789,0.00177306,0.00177499,0.00177536,0.00177996,627.578,0.000438
13.025,6722120.0,0.0,4826130.0,1299540.0,8.48347e-07,0.00081806,0.00258764,0.00177441,0.00177633,0.0017767,0.00178131,627.436,0.000439167
13.03,6722080.0,0.0,4832100.0,1300010.0,8.48345e-07,0.000816675,0.00258765,0.00177579,0.00177771,0.00177808,0.0017827,627.003,0.000440333
13.035,6721980.0,0.0,4837980.0,1300480.0,8.48338e-07,0.000812512,0.00258488,0.00177715,0.00177907,0.00177944,0.00178406,627.003,0.0004415
13.04,6721920.0,0.0,4843870.0,1300950.0,8.48334e-07,0.000810228,0.00258397,0.00177852,0.00178042,0.00178079,0.00178543,627.957,0.000442667
13.045,6722040.0,0.0,4849840.0,1301420.0,8.48342e-07,0.000815014,0.00259011,0.0017799,0.0017818,0.00178217,0.00178682,628.106,0.000443833
13.05,6722010.0,0.0,4855680.0,1301880.0,8.4834e-07,0.000813662,0.00259012,0.00178125,0.00178314,0.00178352,0.00178817,628.56,0.000445
13.055,6722050.0,0.0,4861530.0,1302350.0,8.48343e-07,0.000815243,0.00259304,0.0017826,0.00178449,0.00178486,0.00178953,628.56,0.000446167
13.06,6722040.0,0.0,4867330.0,1302810.0,8.48342e-07,0.000814866,0.002594,0.00178394,0.00178582,0.00178619,0.00179087,627.828,0.000447333
13.065,6721880.0,0.0,4872980.0,1303260.0,8.48332e-07,0.000808831,0.00258931,0.00178524,0.00178712,0.00178749,0.00179218,628.011,0.0004485
13.07,6721850.0,0.0,4878700.0,1303710.0,8.4833e-07,0.000807511,0.00258932,0.00178656,0.00178843,0.00178881,0.0017935,628.569,0.000449667
13.075,6721910.0,0.0,4884450.0,1304170.0,8.48334e-07,0.000809792,0.00259291,0.00178788,0.00178974,0.00179012,0.00179483,628.569,0.000450833
13.08,6721900.0,0.0,4890120.0,1304620.0,8.48333e-07,0.000809665,0.00259409,0.00178919,0.00179105,0.00179142,0.00179614,627.706,0.000452
13.085,6721720.0,0.0,4895650.0,1305060.0,8.48322e-07,0.000802817,0.00258856,0.00179046,0.00179231,0.00179269,0.00179741,627.88,0.000453167
13.09,6721690.0,0.0,4901240.0,1305500.0,8.4832e-07,0.000801529,0.00258856,0.00179175,0.00179359,0.00179397,0.0017987,628.41,0.000454333
13.095,6721750.0,0.0,4906870.0,1305950.0,8.48324e-07,0.000803663,0.00259197,0.00179304,0.00179487,0.00179525,0.0018,628.41,0.0004555
13.1,6721740.0,0.0,4912430.0,1306390.0,8.48324e-07,0.000803509,0.0025931,0.00179431,0.00179614,0.00179653,0.00180128,624.2,0.000456667
13.105,6721010.0,0.0,4917440.0,1306790.0,8.48278e-07,0.000775144,0.00256608,0.00179546,0.00179729,0.00179767,0.00180243,625.301,0.000457833
13.11,6720970.0,0.0,4922930.0,1307230.0,8.48276e-07,0.000773886,0.00256609,0.00179672,0.00179854,0.00179892,0.00180369,628.658,0.000459
13.115,6721500.0,0.0,4928760.0,1307690.0,8.48309e-07,0.000794248,0.00258764,0.00179805,0.00179987,0.00180025,0.00180503,628.658,0.000460167
13.12,6721650.0,0.0,4934310.0,1308130.0,8.48318e-07,0.000800093,0.00259472,0.00179932,0.00180113,0.00180152,0.00180631,622.152,0.000461333
13.125,6720530.0,0.0,4938940.0,1308500.0,8.48248e-07,0.000756982,0.00255297,0.00180039,0.00180219,0.00180257,0.00180737,623.119,0.0004625
13.13,6720500.0,0.0,4944310.0,1308930.0,8.48246e-07,0.000755754,0.00255297,0.00180161,0.00180341,0.00180379,0.0018086,626.065,0.000463667
13.135,6720960.0,0.0,4949980.0,1309380.0,8.48275e-07,0.000773504,0.00257189,0.00180291,0.0018047,0.00180508,0.0018099,626.065,0.000464833
13.14,6721090.0,0.0,4955400.0,1309810.0,8.48283e-07,0.000778511,0.0025781,0.00180414,0.00180593,0.00180631,0.00181114,628.662,0.000466
13.145,6721500.0,0.0,4960980.0,1310250.0,8.48308e-07,0.000794024,0.00259478,0.00180541,0.00180719,0.00180758,0.00181242,629.034,0.000467167
13.15,6721470.0,0.0,4966230.0,1310670.0,8.48306e-07,0.000792824,0.00259479,0.00180661,0.00180838,0.00180877,0.00181362,630.168,0.000468333
13.155,6721620.0,0.0,4971580.0,1311090.0,8.48316e-07,0.000798933,0.00260207,0.00180783,0.0018096,0.00180999,0.00181484,630.168,0.0004695
13.16,6721660.0,0.0,4976830.0,1311510.0,8.48318e-07,0.000800142,0.00260447,0.00180902,0.00181078,0.00181118,0.00181604,628.2,0.000470667
13.165,6721300.0,0.0,4981770.0,1311900.0,8.48296e-07,0.000786296,0.00259184,0.00181015,0.0018119,0.00181229,0.00181717,628.453,0.000471833
13.17,6721270.0,0.0,4986910.0,1312310.0,8.48294e-07,0.000785124,0.00259184,0.00181132,0.00181307,0.00181346,0.00181834,629.227,0.000473
13.175,6721360.0,0.0,4992110.0,1312720.0,8.483e-07,0.000788944,0.00259682,0.0018125,0.00181424,0.00181463,0.00181952,629.227,0.000474167
13.18,6721380.0,0.0,4997240.0,1313130.0,8.48301e-07,0.00078942,0.00259846,0.00181366,0.0018154,0.00181579,0.00182069,629.848,0.000475333
13.185,6721450.0,0.0,5002370.0,1313540.0,8.48305e-07,0.000792267,0.00260245,0.00181483,0.00181656,0.00181695,0.00182186,629.643,0.0004765
13.19,6721420.0,0.0,5007410.0,1313940.0,8.48303e-07,0.000791123,0.00260245,0.00181597,0.00181769,0.00181809,0.00182301,629.019,0.000477667
13.195,6721290.0,0.0,5012340.0,1314330.0,8.48295e-07,0.000785967,0.00259845,0.00181709,0.00181881,0.0018192,0.00182413,629.019,0.000478833
13.2,6721220.0,0.0,5017300.0,1314720.0,8.48291e-07,0.000783517,0.00259714,0.00181821,0.00181992,0.00182032,0.00182525,630.73,0.00048
13.205,6721480.0,0.0,5022460.0,1315130.0,8.48307e-07,0.00079341,0.00260813,0.00181938,0.00182109,0.00182148,0.00182643,630.718,0.000481167
13.21,6721450.0,0.0,5027390.0,1315530.0,8.48305e-07,0.000792292,0.00260814,0.00182049,0.0018222,0.00182259,0.00182755,630.681,0.000482333
13.215,6721420.0,0.0,5032290.0,1315920.0,8.48303e-07,0.000790944,0.00260791,0.0018216,0.0018233,0.0018237,0.00182866,630.681,0.0004835
13.22,6721390.0,0.0,5037180.0,1316300.0,8.48301e-07,0.00078976,0.00260783,0.0018227,0.0018244,0.00182479,0.00182976,630.013,0.000484667
13.225,6721250.0,0.0,5041950.0,1316680.0,8.48293e-07,0.000784364,0.00260355,0.00182378,0.00182547,0.00182587,0.00183084,629.418,0.000485833
13.23,6721220.0,0.0,5046780.0,1317070.0,8.48291e-07,0.000783271,0.00260356,0.00182487,0.00182655,0.00182695,0.00183194,627.605,0.000487
13.235,6720890.0,0.0,5051370.0,1317430.0,8.4827e-07,0.000770517,0.00259193,0.00182591,0.00182758,0.00182798,0.00183298,627.605,0.000488167
13.24,6720760.0,0.0,5056080.0,1317810.0,8.48262e-07,0.000765609,0.00258812,0.00182697,0.00182864,0.00182904,0.00183404,631.853,0.000489333
13.245,6721440.0,0.0,5061340.0,1318220.0,8.48305e-07,0.000791884,0.00261539,0.00182815,0.00182982,0.00183022,0.00183523,630.976,0.0004905
13.25,6721410.0,0.0,5066070.0,1318600.0,8.48303e-07,0.000790817,0.0026154,0.00182922,0.00183088,0.00183128,0.0018363,628.301,0.000491667
13.255,6720940.0,0.0,5070460.0,1318950.0,8.48273e-07,0.000772541,0.00259824,0.0018302,0.00183186,0.00183226,0.00183729,628.301,0.000492833
13.26,6720760.0,0.0,5075040.0,1319310.0,8.48263e-07,0.000765839,0.00259261,0.00183123,0.00183288,0.00183329,0.00183832,633.097,0.000494
13.265,6721540.0,0.0,5080270.0,1319730.0,8.48311e-07,0.000795659,0.0026234,0.00183241,0.00183405,0.00183446,0.0018395,631.456,0.000495167
13.27,6721510.0,0.0,5084910.0,1320100.0,8.48309e-07,0.000794616,0.0026234,0.00183345,0.00183509,0.00183549,0.00184054,626.452,0.000496333
13.275,6720650.0,0.0,5088910.0,1320410.0,8.48255e-07,0.000761375,0.00259129,0.00183435,0.00183598,0.00183639,0.00184145,626.452,0.0004975
13.28,6720350.0,0.0,5093310.0,1320760.0,8.48237e-07,0.000749781,0.00258077,0.00183534,0.00183696,0.00183737,0.00184244,631.043,0.000498667
13.285,6721090.0,0.0,5098420.0,1321170.0,8.48283e-07,0.00077831,0.00261024,0.00183648,0.0018381,0.00183851,0.00184359,631.204,0.000499833
13.29,6721060.0,0.0,5102960.0,1321530.0,8.48281e-07,0.00077729,0.00261025,0.0018375,0.00183912,0.00183952,0.00184461,631.693,0.000501
13.295,6721120.0,0.0,5107530.0,1321890.0,8.48285e-07,0.000779425,0.00261339,0.00183852,0.00184013,0.00184054,0.00184563,631.693,0.000502167
13.3,6721120.0,0.0,5112050.0,1322250.0,8.48285e-07,0.000779449,0.00261443,0.00183953,0.00184114,0.00184155,0.00184665,631.486,0.000503333
13.305,6721060.0,0.0,5116490.0,1322610.0,8.48281e-07,0.000777115,0.0026131,0.00184053,0.00184213,0.00184254,0.00184765,630.867,0.0005045
13.31,6721030.0,0.0,5120940.0,1322960.0,8.48279e-07,0.000776119,0.00261311,0.00184152,0.00184312,0.00184353,0.00184864,628.982,0.000505667
13.315,6720690.0,0.0,5125140.0,1323290.0,8.48258e-07,0.000762995,0.00260101,0.00184246,0.00184405,0.00184446,0.00184958,628.982,0.000506833
13.32,6720560.0,0.0,5129470.0,1323640.0,8.4825e-07,0.00075803,0.00259705,0.00184343,0.00184501,0.00184542,0.00185055,626.159,0.000508
13.325,6720060.0,0.0,5133500.0,1323960.0,8.48219e-07,0.000738883,0.00257894,0.00184433,0.00184591,0.00184632,0.00185146,626.853,0.000509167
13.33,6720040.0,0.0,5137860.0,1324300.0,8.48217e-07,0.000737909,0.00257894,0.0018453,0.00184688,0.00184729,0.00185243,628.968,0.000510333
13.335,6720370.0,0.0,5142450.0,1324670.0,8.48238e-07,0.000750555,0.00259252,0.00184632,0.00184789,0.00184831,0.00185346,628.968,0.0005115
13.34,6720460.0,0.0,5146850.0,1325020.0,8.48243e-07,0.000754057,0.00259698,0.00184731,0.00184887,0.00184928,0.00185444,626.444,0.000512667
13.345,6720010.0,0.0,5150830.0,1325330.0,8.48216e-07,0.000736853,0.00258078,0.00184819,0.00184975,0.00185017,0.00185533,627.276,0.000513833
13.35,6719990.0,0.0,5155100.0,1325670.0,8.48214e-07,0.0007359,0.00258079,0.00184914,0.0018507,0.00185111,0.00185629,629.815,0.000515
13.355,6720390.0,0.0,5159660.0,1326040.0,8.48239e-07,0.000751296,0.00259709,0.00185016,0.00185171,0.00185212,0.00185731,629.815,0.000516167
13.36,6720500.0,0.0,5163990.0,1326380.0,8.48246e-07,0.000755715,0.00260244,0.00185112,0.00185266,0.00185308,0.00185827,625.781,0.000517333
13.365,6719800.0,0.0,5167700.0,1326680.0,8.48203e-07,0.00072881,0.00257655,0.00185195,0.00185348,0.0018539,0.0018591,627.799,0.0005185
13.37,6719780.0,0.0,5171880.0,1327010.0,8.48201e-07,0.000727879,0.00257655,0.00185288,0.00185441,0.00185483,0.00186003,633.952,0.000519667
13.375,6720780.0,0.0,5176790.0,1327400.0,8.48264e-07,0.000766559,0.00261606,0.00185396,0.00185549,0.00185591,0.00186113,633.952,0.000520833
13.38,6721100.0,0.0,5181180.0,1327750.0,8.48283e-07,0.000778628,0.00262901,0.00185494,0.00185646,0.00185688,0.0018621,630.176,0.000522
13.385,6720440.0,0.0,5184840.0,1328040.0,8.48242e-07,0.000753411,0.00260479,0.00185575,0.00185727,0.00185769,0.00186292,630.293,0.000523167
13.39,6720420.0,0.0,5188940.0,1328360.0,8.48241e-07,0.0007525,0.00260479,0.00185666,0.00185818,0.0018586,0.00186383,630.65,0.000524333
13.395,6720450.0,0.0,5193060.0,1328690.0,8.48243e-07,0.000753893,0.00260709,0.00185757,0.00185908,0.0018595,0.00186475,630.65,0.0005255
13.4,6720450.0,0.0,5197140.0,1329010.0,8.48243e-07,0.000753745,0.00260784,0.00185848,0.00185998,0.0018604,0.00186565,628.839,0.000526667
13.405,6720120.0,0.0,5200950.0,1329320.0,8.48223e-07,0.000741194,0.00259622,0.00185932,0.00186082,0.00186124,0.0018665,629.427,0.000527833
13.41,6720100.0,0.0,5204970.0,1329640.0,8.48221e-07,0.000740302,0.00259623,0.00186021,0.00186171,0.00186213,0.00186739,631.221,0.000529
13.415,6720380.0,0.0,5209180.0,1329970.0,8.48238e-07,0.000750959,0.00260774,0.00186114,0.00186263,0.00186306,0.00186833,631.221,0.000530167
13.42,6720450.0,0.0,5213240.0,1330290.0,8.48243e-07,0.000753864,0.00261152,0.00186204,0.00186352,0.00186395,0.00186923,627.985,0.000531333
13.425,6719890.0,0.0,5216790.0,1330580.0,8.48208e-07,0.000732161,0.00259076,0.00186283,0.00186431,0.00186473,0.00187001,628.977,0.0005325
13.43,6719870.0,0.0,5220730.0,1330890.0,8.48207e-07,0.000731289,0.00259076,0.0018637,0.00186517,0.0018656,0.00187089,632.004,0.000533667
13.435,6720350.0,0.0,5225020.0,1331230.0,8.48237e-07,0.000749907,0.0026102,0.00186464,0.00186611,0.00186654,0.00187184,632.004,0.000534833
13.44,6720490.0,0.0,5229040.0,1331550.0,8.48246e-07,0.000755435,0.00261657,0.00186553,0.001867,0.00186742,0.00187273,628.307,0.000536
13.445,6719850.0,0.0,5232460.0,1331820.0,8.48206e-07,0.000730783,0.00259285,0.00186629,0.00186775,0.00186817,0.00187349,628.41,0.000537167
13.45,6719830.0,0.0,5236320.0,1332130.0,8.48204e-07,0.00072993,0.00259285,0.00186714,0.00186859,0.00186902,0.00187434,628.725,0.000538333
13.455,6719860.0,0.0,5240200.0,1332440.0,8.48206e-07,0.000731107,0.00259488,0.00186799,0.00186944,0.00186987,0.0018752,628.725,0.0005395
13.46,6719860.0,0.0,5244040.0,1332740.0,8.48206e-07,0.000730927,0.00259554,0.00186884,0.00187028,0.00187071,0.00187605,632.93,0.000540667
13.465,6720540.0,0.0,5248360.0,1333090.0,8.48248e-07,0.000757157,0.00262254,0.00186979,0.00187123,0.00187166,0.001877,632.578,0.000541833
13.47,6720520.0,0.0,5252140.0,1333390.0,8.48247e-07,0.000756323,0.00262255,0.00187062,0.00187206,0.00187249,0.00187784,631.502,0.000543
13.475,6720320.0,0.0,5255770.0,1333670.0,8.48235e-07,0.000748574,0.00261565,0.00187142,0.00187285,0.00187328,0.00187864,631.502,0.000544167
13.48,6720240.0,0.0,5259480.0,1333970.0,8.4823e-07,0.000745478,0.00261339,0.00187223,0.00187366,0.0018741,0.00187945,631.391,0.000545333
13.485,6720200.0,0.0,5263190.0,1334260.0,8.48227e-07,0.000743944,0.00261268,0.00187305,0.00187447,0.00187491,0.00188027,631.356,0.0005465
13.49,6720170.0,0.0,5266900.0,1334560.0,8.48226e-07,0.000743127,0.00261269,0.00187387,0.00187529,0.00187572,0.00188109,631.247,0.000547667
13.495,6720140.0,0.0,5270570.0,1334850.0,8.48223e-07,0.000741615,0.00261199,0.00187467,0.00187609,0.00187652,0.0018819,631.247,0.000548833
13.5,6720110.0,0.0,5274240.0,1335140.0,8.48222e-07,0.000740577,0.00261177,0.00187548,0.00187689,0.00187732,0.00188271,635.34,0.00055
13.505,6720770.0,0.0,5278410.0,1335470.0,8.48263e-07,0.000766121,0.00263805,0.00187639,0.0018778,0.00187823,0.00188363,633.526,0.000551167
13.51,6720750.0,0.0,5282050.0,1335760.0,8.48262e-07,0.000765322,0.00263805,0.00187719,0.00187859,0.00187903,0.00188443,627.996,0.000552333
13.515,6719810.0,0.0,5284970.0,1335990.0,8.48203e-07,0.000728934,0.00260256,0.00187783,0.00187923,0.00187966,0.00188507,627.996,0.0005535
13.52,6719480.0,0.0,5288340.0,1336260.0,8.48183e-07,0.000716468,0.00259092,0.00187857,0.00187996,0.0018804,0.00188581,629.68,0.000554667
13.525,6719740.0,0.0,5292130.0,1336560.0,8.48199e-07,0.000726522,0.00260173,0.0018794,0.00188079,0.00188123,0.00188664,628.887,0.000555833
13.53,6719720.0,0.0,5295700.0,1336850.0,8.48198e-07,0.00072574,0.00260174,0.00188018,0.00188157,0.001882,0.00188743,626.468,0.000557
13.535,6719300.0,0.0,5298940.0,1337100.0,8.48171e-07,0.000709399,0.00258622,0.00188089,0.00188227,0.00188271,0.00188814,626.468,0.000558167
13.54,6719150.0,0.0,5302370.0,1337380.0,8.48162e-07,0.00070352,0.00258113,0.00188164,0.00188302,0.00188346,0.00188889,628.613,0.000559333
13.545,6719480.0,0.0,5306150.0,1337680.0,8.48183e-07,0.000716552,0.0025949,0.00188247,0.00188384,0.00188428,0.00188972,628.306,0.0005605
13.55,6719460.0,0.0,5309650.0,1337960.0,8.48181e-07,0.000715787,0.0025949,0.00188323,0.0018846,0.00188504,0.00189049,627.373,0.000561667
13.555,6719290.0,0.0,5313010.0,1338220.0,8.4817e-07,0.000709017,0.00258892,0.00188397,0.00188533,0.00188577,0.00189123,627.373,0.000562833
13.56,6719220.0,0.0,5316430.0,1338500.0,8.48166e-07,0.000706288,0.00258695,0.00188472,0.00188608,0.00188652,0.00189198,627.517,0.000564
13.565,6719220.0,0.0,5319890.0,1338770.0,8.48166e-07,0.000706467,0.00258789,0.00188547,0.00188683,0.00188727,0.00189273,627.748,0.000565167
13.57,6719200.0,0.0,5323320.0,1339040.0,8.48165e-07,0.000705717,0.00258789,0.00188622,0.00188757,0.00188801,0.00189349,628.452,0.000566333
13.575,6719300.0,0.0,5326820.0,1339320.0,8.48171e-07,0.000709502,0.00259241,0.00188698,0.00188833,0.00188877,0.00189425,628.452,0.0005675
13.58,6719320.0,0.0,5330240.0,1339590.0,8.48172e-07,0.000710246,0.0025939,0.00188773,0.00188907,0.00188952,0.001895,629.897,0.000568667
13.585,6719540.0,0.0,5333800.0,1339880.0,8.48186e-07,0.000718811,0.00260318,0.00188851,0.00188984,0.00189029,0.00189578,629.475,0.000569833
13.59,6719520.0,0.0,5337170.0,1340140.0,8.48185e-07,0.000718077,0.00260318,0.00188924,0.00189057,0.00189102,0.00189651,628.186,0.000571
13.595,6719290.0,0.0,5340350.0,1340400.0,8.48171e-07,0.000709053,0.00259492,0.00188993,0.00189126,0.00189171,0.00189721,628.186,0.000572167
13.6,6719200.0,0.0,5343620.0,1340660.0,8.48165e-07,0.000705606,0.00259221,0.00189065,0.00189197,0.00189242,0.00189793,627.747,0.000573333
13.605,6719110.0,0.0,5346880.0,1340910.0,8.48159e-07,0.000702059,0.00258939,0.00189136,0.00189268,0.00189312,0.00189864,627.536,0.0005745
13.61,6719090.0,0.0,5350180.0,1341180.0,8.48158e-07,0.00070134,0.0025894,0.00189207,0.00189339,0.00189383,0.00189936,626.895,0.000575667
13.615,6718960.0,0.0,5353370.0,1341430.0,8.4815e-07,0.000696497,0.00258528,0.00189277,0.00189408,0.00189453,0.00190005,626.895,0.000576833
13.62,6718910.0,0.0,5356610.0,1341690.0,8.48147e-07,0.000694431,0.00258394,0.00189347,0.00189478,0.00189523,0.00190076,632.695,0.000578
13.625,6719860.0,0.0,5360600.0,1342010.0,8.48206e-07,0.000731057,0.00262117,0.00189434,0.00189564,0.00189609,0.00190163,630.963,0.000579167
13.63,6719840.0,0.0,5363830.0,1342260.0,8.48205e-07,0.000730353,0.00262118,0.00189504,0.00189634,0.00189679,0.00190234,625.681,0.000580333
13.635,6718940.0,0.0,5366380.0,1342460.0,8.48149e-07,0.000695661,0.00258728,0.00189559,0.00189689,0.00189734,0.00190289,625.681,0.0005815
13.64,6718630.0,0.0,5369360.0,1342700.0,8.4813e-07,0.000683814,0.00257616,0.00189624,0.00189754,0.00189798,0.00190354,631.054,0.000582667
13.645,6719510.0,0.0,5373230.0,1343010.0,8.48185e-07,0.000717698,0.00261065,0.00189708,0.00189837,0.00189882,0.00190438,630.049,0.000583833
13.65,6719500.0,0.0,5376400.0,1343260.0,8.48183e-07,0.000717008,0.00261065,0.00189777,0.00189906,0.0018995,0.00190507,626.986,0.000585
13.655,6718970.0,0.0,5379170.0,1343480.0,8.4815e-07,0.000696611,0.002591,0.00189837,0.00189965,0.0019001,0.00190567,626.986,0.000586167
13.66,6718780.0,0.0,5382180.0,1343720.0,8.48139e-07,0.000689463,0.00258455,0.00189902,0.0019003,0.00190075,0.00190633,628.241,0.000587333
13.665,6718970.0,0.0,5385470.0,1343980.0,8.48151e-07,0.000696859,0.00259261,0.00189974,0.00190101,0.00190146,0.00190704,627.443,0.0005885
13.67,6718950.0,0.0,5388580.0,1344230.0,8.4815e-07,0.000696184,0.00259261,0.00190041,0.00190168,0.00190213,0.00190772,625.01,0.000589667
13.675,6718530.0,0.0,5391360.0,1344450.0,8.48123e-07,0.000679858,0.002577,0.00190101,0.00190228,0.00190273,0.00190833,625.01,0.000590833
13.68,6718380.0,0.0,5394340.0,1344690.0,8.48114e-07,0.000674055,0.00257189,0.00190166,0.00190292,0.00190337,0.00190897,627.097,0.000592
13.685,6718710.0,0.0,5397680.0,1344950.0,8.48135e-07,0.000686817,0.00258528,0.00190238,0.00190364,0.00190409,0.0019097,627.429,0.000593167
13.69,6718690.0,0.0,5400730.0,1345200.0,8.48133e-07,0.000686155,0.00258529,0.00190304,0.00190429,0.00190475,0.00191036,628.444,0.000594333
13.695,6718850.0,0.0,5403900.0,1345450.0,8.48143e-07,0.000692028,0.0025918,0.00190373,0.00190498,0.00190543,0.00191105,628.444,0.0005955
13.7,6718890.0,0.0,5406970.0,1345690.0,8.48145e-07,0.000693515,0.00259394,0.00190439,0.00190564,0.00190609,0.00191171,630.352,0.000596667
13.705,6719190.0,0.0,5410220.0,1345950.0,8.48164e-07,0.000705141,0.00260619,0.00190509,0.00190633,0.00190679,0.00191242,629.915,0.000597833
13.71,6719170.0,0.0,5413220.0,1346190.0,8.48163e-07,0.000704493,0.00260619,0.00190574,0.00190698,0.00190743,0.00191307,628.584,0.000599
13.715,6718930.0,0.0,5416020.0,1346410.0,8.48148e-07,0.000695282,0.00259765,0.00190635,0.00190758,0.00190804,0.00191368,628.584,0.000600167
13.72,6718840.0,0.0,5418940.0,1346640.0,8.48143e-07,0.00069183,0.00259486,0.00190698,0.00190821,0.00190866,0.00191431,627.184,0.000601333
13.725,6718590.0,0.0,5421700.0,1346860.0,8.48127e-07,0.000682182,0.00258587,0.00190757,0.0019088,0.00190926,0.00191491,628.011,0.0006025
13.73,6718570.0,0.0,5424650.0,1347100.0,8.48126e-07,0.000681546,0.00258588,0.00190821,0.00190943,0.00190989,0.00191554,630.534,0.000603667
13.735,6718980.0,0.0,5427890.0,1347350.0,8.48151e-07,0.000697151,0.00260207,0.00190891,0.00191013,0.00191058,0.00191625,630.534,0.000604833
13.74,6719100.0,0.0,5430920.0,1347590.0,8.48159e-07,0.000701847,0.00260739,0.00190956,0.00191078,0.00191123,0.0019169,629.857,0.000606
13.745,6718970.0,0.0,5433720.0,1347820.0,8.48151e-07,0.000696866,0.00260305,0.00191017,0.00191138,0.00191183,0.00191751,629.739,0.000607167
13.75,6718960.0,0.0,5436610.0,1348050.0,8.4815e-07,0.000696243,0.00260305,0.00191079,0.001912,0.00191245,0.00191813,629.379,0.000608333
13.755,6718880.0,0.0,5439430.0,1348270.0,8.48145e-07,0.000693308,0.00260074,0.0019114,0.0019126,0.00191306,0.00191874,629.379,0.0006095
13.76,6718840.0,0.0,5442270.0,1348500.0,8.48143e-07,0.000691931,0.00259999,0.00191201,0.00191321,0.00191367,0.00191936,626.336,0.000610667
13.765,6718320.0,0.0,5444720.0,1348690.0,8.4811e-07,0.000671734,0.00258046,0.00191254,0.00191373,0.00191419,0.00191988,627.605,0.000611833
13.77,6718300.0,0.0,5447550.0,1348920.0,8.48109e-07,0.000671124,0.00258046,0.00191314,0.00191434,0.0019148,0.0019205,631.476,0.000613
13.775,6718930.0,0.0,5450870.0,1349180.0,8.48148e-07,0.000695424,0.00260531,0.00191386,0.00191505,0.00191551,0.00192121,631.476,0.000614167
13.78,6719130.0,0.0,5453840.0,1349420.0,8.48161e-07,0.000702989,0.00261346,0.0019145,0.00191568,0.00191614,0.00192185,628.382,0.000615333
13.785,6718600.0,0.0,5456230.0,1349610.0,8.48128e-07,0.000682481,0.00259361,0.00191501,0.00191619,0.00191665,0.00192237,628.374,0.0006165
13.79,6718580.0,0.0,5459010.0,1349830.0,8.48127e-07,0.000681883,0.00259361,0.00191561,0.00191679,0.00191725,0.00192297,628.351,0.000617667
13.795,6718560.0,0.0,5461770.0,1350050.0,8.48125e-07,0.000681137,0.00259346,0.0019162,0.00191738,0.00191784,0.00192356,628.351,0.000618833
13.8,6718550.0,0.0,5464520.0,1350270.0,8.48124e-07,0.000680494,0.00259342,0.00191679,0.00191796,0.00191843,0.00192415,626.252,0.00062
13.805,6718180.0,0.0,5466980.0,1350460.0,8.48101e-07,0.000666397,0.00257995,0.00191732,0.00191849,0.00191895,0.00192469,627.182,0.000621167
13.81,6718170.0,0.0,5469710.0,1350680.0,8.481e-07,0.00066581,0.00257995,0.00191791,0.00191907,0.00191954,0.00192527,630.017,0.000622333
13.815,6718620.0,0.0,5472800.0,1350920.0,8.48129e-07,0.000683472,0.00259815,0.00191857,0.00191973,0.00192019,0.00192594,630.017,0.0006235
13.82,6718760.0,0.0,5475620.0,1351150.0,8.48138e-07,0.000688876,0.00260412,0.00191917,0.00192033,0.0019208,0.00192655,629.19,0.000624667
13.825,6718610.0,0.0,5478200.0,1351350.0,8.48128e-07,0.000682976,0.00259882,0.00191973,0.00192088,0.00192135,0.0019271,628.328,0.000625833
13.83,6718600.0,0.0,5480880.0,1351570.0,8.48127e-07,0.000682401,0.00259882,0.0019203,0.00192145,0.00192192,0.00192768,625.703,0.000627
13.835,6718140.0,0.0,5483200.0,1351750.0,8.48099e-07,0.000664932,0.00258197,0.0019208,0.00192195,0.00192241,0.00192817,625.703,0.000628167
13.84,6717980.0,0.0,5485740.0,1351950.0,8.48089e-07,0.00065882,0.00257644,0.00192134,0.00192249,0.00192295,0.00192872,627.088,0.000629333
13.845,6718200.0,0.0,5488560.0,1352180.0,8.48103e-07,0.000667171,0.00258534,0.00192195,0.00192309,0.00192356,0.00192933,627.937,0.0006305
13.85,6718190.0,0.0,5491190.0,1352390.0,8.48102e-07,0.000666607,0.00258534,0.00192251,0.00192365,0.00192412,0.00192989,630.526,0.000631667
13.855,6718600.0,0.0,5494140.0,1352620.0,8.48128e-07,0.000682707,0.00260196,0.00192314,0.00192428,0.00192474,0.00193053,630.526,0.000632833
13.86,6718730.0,0.0,5496860.0,1352840.0,8.48136e-07,0.000687613,0.00260742,0.00192373,0.00192486,0.00192532,0.00193111,630.339,0.000634
13.865,6718690.0,0.0,5499420.0,1353040.0,8.48133e-07,0.000685855,0.00260622,0.00192427,0.0019254,0.00192587,0.00193166,630.33,0.000635167
13.87,6718670.0,0.0,5502000.0,1353250.0,8.48132e-07,0.000685302,0.00260622,0.00192483,0.00192595,0.00192642,0.00193221,630.304,0.000636333
13.875,6718650.0,0.0,5504570.0,1353450.0,8.48131e-07,0.000684579,0.00260605,0.00192537,0.0019265,0.00192696,0.00193276,630.304,0.0006375
13.88,6718640.0,0.0,5507120.0,1353650.0,8.4813e-07,0.000683975,0.002606,0.00192592,0.00192704,0.00192751,0.00193331,628.453,0.000638667
13.885,6718310.0,0.0,5509420.0,1353830.0,8.4811e-07,0.00067152,0.00259412,0.00192641,0.00192753,0.001928,0.00193381,628.404,0.000639833
13.89,6718300.0,0.0,5511960.0,1354040.0,8.48109e-07,0.000670977,0.00259413,0.00192695,0.00192807,0.00192854,0.00193435,628.257,0.000641
13.895,6718260.0,0.0,5514460.0,1354240.0,8.48106e-07,0.000669492,0.00259319,0.00192749,0.0019286,0.00192907,0.00193489,628.257,0.000642167
13.9,6718240.0,0.0,5516960.0,1354430.0,8.48105e-07,0.000668645,0.00259288,0.00192802,0.00192913,0.0019296,0.00193542,629.438,0.000643333
13.905,6718420.0,0.0,5519620.0,1354650.0,8.48117e-07,0.000675707,0.00260046,0.00192859,0.00192969,0.00193016,0.00193599,628.65,0.0006445
13.91,6718410.0,0.0,5522100.0,1354840.0,8.48116e-07,0.000675175,0.00260046,0.00192912,0.00193022,0.00193069,0.00193652,626.247,0.000645667
13.915,6717990.0,0.0,5524260.0,1355010.0,8.4809e-07,0.000659185,0.00258504,0.00192958,0.00193068,0.00193115,0.00193698,626.247,0.000646833
13.92,6717850.0,0.0,5526620.0,1355200.0,8.48081e-07,0.000653587,0.00257999,0.00193009,0.00193118,0.00193165,0.00193749,630.138,0.000648
13.925,6718480.0,0.0,5529590.0,1355440.0,8.4812e-07,0.000678101,0.00260496,0.00193072,0.00193181,0.00193228,0.00193813,630.161,0.000649167
13.93,6718470.0,0.0,5532040.0,1355630.0,8.4812e-07,0.000677579,0.00260497,0.00193124,0.00193232,0.0019328,0.00193865,630.23,0.000650333
13.935,6718470.0,0.0,5534470.0,1355830.0,8.48119e-07,0.000677508,0.00260542,0.00193176,0.00193284,0.00193331,0.00193917,630.23,0.0006515
13.94,6718460.0,0.0,5536900.0,1356020.0,8.48119e-07,0.000677138,0.00260557,0.00193228,0.00193336,0.00193383,0.00193969,626.627,0.000652667
13.945,6717840.0,0.0,5538830.0,1356170.0,8.4808e-07,0.000653439,0.00258244,0.00193269,0.00193376,0.00193424,0.0019401,626.48,0.000653833
13.95,6717830.0,0.0,5541230.0,1356360.0,8.4808e-07,0.000652927,0.00258245,0.0019332,0.00193427,0.00193475,0.00194061,626.032,0.000655
13.955,6717740.0,0.0,5543560.0,1356550.0,8.48074e-07,0.000649534,0.00257957,0.0019337,0.00193476,0.00193524,0.00194111,626.032,0.000656167
13.96,6717700.0,0.0,5545920.0,1356740.0,8.48072e-07,0.000648081,0.00257863,0.0019342,0.00193526,0.00193574,0.00194161,628.917,0.000657333
13.965,6718170.0,0.0,5548660.0,1356950.0,8.48101e-07,0.000666143,0.00259715,0.00193478,0.00193585,0.00193632,0.0019422,628.192,0.0006585
13.97,6718160.0,0.0,5551020.0,1357140.0,8.481e-07,0.00066564,0.00259716,0.00193528,0.00193634,0.00193682,0.00194271,625.98,0.000659667
13.975,6717780.0,0.0,5553070.0,1357300.0,8.48076e-07,0.000650907,0.00258296,0.00193572,0.00193678,0.00193725,0.00194314,625.98,0.000660833
13.98,6717640.0,0.0,5555310.0,1357480.0,8.48068e-07,0.00064574,0.00257831,0.0019362,0.00193725,0.00193773,0.00194362,628.668,0.000662
13.985,6718080.0,0.0,5557990.0,1357700.0,8.48095e-07,0.000662544,0.00259556,0.00193677,0.00193782,0.00193829,0.00194419,629.46,0.000663167
13.99,6718070.0,0.0,5560310.0,1357880.0,8.48094e-07,0.000662051,0.00259557,0.00193726,0.00193831,0.00193878,0.00194469,631.873,0.000664333
13.995,6718460.0,0.0,5562930.0,1358090.0,8.48119e-07,0.000677094,0.00261106,0.00193782,0.00193886,0.00193934,0.00194525,631.873,0.0006655
14.0,6718580.0,0.0,5565340.0,1358280.0,8.48126e-07,0.0006817,0.00261615,0.00193833,0.00193937,0.00193985,0.00194576,628.139,0.000666667
14.005,6717940.0,0.0,5567120.0,1358420.0,8.48087e-07,0.000657183,0.00259218,0.00193871,0.00193974,0.00194022,0.00194614,627.937,0.000667833
14.01,6717930.0,0.0,5569390.0,1358600.0,8.48086e-07,0.0006567,0.00259218,0.00193919,0.00194022,0.0019407,0.00194662,627.323,0.000669
14.015,6717810.0,0.0,5571570.0,1358780.0,8.48079e-07,0.000652267,0.00258824,0.00193965,0.00194068,0.00194116,0.00194709,627.323,0.000670167
14.02,6717770.0,0.0,5573800.0,1358950.0,8.48076e-07,0.000650491,0.00258695,0.00194012,0.00194115,0.00194163,0.00194756,626.771,0.000671333
14.025,6717660.0,0.0,5575970.0,1359130.0,8.48069e-07,0.000646462,0.00258341,0.00194058,0.00194161,0.00194209,0.00194802,627.263,0.0006725
14.03,6717650.0,0.0,5578200.0,1359300.0,8.48068e-07,0.000645988,0.00258341,0.00194106,0.00194208,0.00194256,0.0019485,628.761,0.000673667
14.035,6717890.0,0.0,5580630.0,1359500.0,8.48083e-07,0.00065516,0.00259304,0.00194157,0.00194259,0.00194307,0.00194901,628.761,0.000674833
14.04,6717960.0,0.0,5582910.0,1359680.0,8.48088e-07,0.000657852,0.00259619,0.00194206,0.00194307,0.00194355,0.0019495,630.14,0.000676
14.045,6718180.0,0.0,5585300.0,1359870.0,8.48101e-07,0.000666253,0.00260504,0.00194256,0.00194358,0.00194406,0.00195001,630.371,0.000677167
14.05,6718160.0,0.0,5587490.0,1360040.0,8.481e-07,0.000665787,0.00260505,0.00194303,0.00194404,0.00194452,0.00195047,631.075,0.000678333
14.055,6718270.0,0.0,5589770.0,1360220.0,8.48107e-07,0.000669855,0.00260957,0.00194351,0.00194452,0.001945,0.00195096,631.075,0.0006795
14.06,6718300.0,0.0,5591980.0,1360400.0,8.48109e-07,0.000670879,0.00261105,0.00194398,0.00194498,0.00194547,0.00195143,629.797,0.000680667
14.065,6718070.0,0.0,5593970.0,1360560.0,8.48095e-07,0.000662199,0.00260285,0.0019444,0.0019454,0.00194589,0.00195185,630.384,0.000681833
14.07,6718060.0,0.0,5596130.0,1360730.0,8.48094e-07,0.000661741,0.00260286,0.00194486,0.00194586,0.00194634,0.00195231,632.174,0.000683
14.075,6718350.0,0.0,5598520.0,1360920.0,8.48112e-07,0.000672803,0.00261435,0.00194536,0.00194636,0.00194684,0.00195282,632.174,0.000684167
14.08,6718430.0,0.0,5600730.0,1361090.0,8.48117e-07,0.000676127,0.00261812,0.00194583,0.00194683,0.00194731,0.00195329,626.963,0.000685333
14.085,6717550.0,0.0,5602160.0,1361210.0,8.48062e-07,0.000642148,0.00258468,0.00194613,0.00194713,0.00194761,0.00195359,627.311,0.0006865
14.09,6717540.0,0.0,5604280.0,1361380.0,8.48061e-07,0.000641699,0.00258468,0.00194658,0.00194757,0.00194805,0.00195404,628.372,0.000687667
14.095,6717700.0,0.0,5606530.0,1361550.0,8.48072e-07,0.000648078,0.00259149,0.00194706,0.00194804,0.00194853,0.00195452,628.372,0.000688833
14.1,6717750.0,0.0,5608680.0,1361730.0,8.48075e-07,0.000649872,0.00259373,0.00194751,0.0019485,0.00194898,0.00195497,628.695,0.00069
14.105,6717790.0,0.0,5610810.0,1361900.0,8.48077e-07,0.000651509,0.0025958,0.00194796,0.00194894,0.00194943,0.00195542,628.939,0.000691167
14.11,6717780.0,0.0,5612900.0,1362060.0,8.48077e-07,0.000651068,0.0025958,0.0019484,0.00194938,0.00194987,0.00195587,629.684,0.000692333
14.115,6717900.0,0.0,5615070.0,1362230.0,8.48084e-07,0.00065542,0.00260058,0.00194886,0.00194984,0.00195032,0.00195633,629.684,0.0006935
14.12,6717920.0,0.0,5617170.0,1362400.0,8.48085e-07,0.000656554,0.00260215,0.00194931,0.00195028,0.00195076,0.00195677,628.84,0.000694667
14.125,6717770.0,0.0,5619110.0,1362550.0,8.48076e-07,0.00065069,0.00259674,0.00194972,0.00195069,0.00195117,0.00195718,629.783,0.000695833
14.13,6717760.0,0.0,5621150.0,1362720.0,8.48075e-07,0.000650257,0.00259674,0.00195015,0.00195112,0.0019516,0.00195762,632.659,0.000697
14.135,6718230.0,0.0,5623580.0,1362910.0,8.48105e-07,0.000668334,0.00261521,0.00195066,0.00195162,0.00195211,0.00195813,632.659,0.000698167
14.14,6718380.0,0.0,5625740.0,1363080.0,8.48114e-07,0.000673976,0.00262126,0.00195111,0.00195208,0.00195256,0.00195859,626.351,0.000699333
14.145,6717310.0,0.0,5626900.0,1363170.0,8.48047e-07,0.000632953,0.00258077,0.00195136,0.00195232,0.00195281,0.00195883,627.04,0.0007005
14.15,6717300.0,0.0,5628920.0,1363330.0,8.48047e-07,0.000632528,0.00258078,0.00195179,0.00195274,0.00195323,0.00195926,629.143,0.000701667
14.155,6717640.0,0.0,5631200.0,1363520.0,8.48068e-07,0.000645638,0.00259428,0.00195227,0.00195322,0.00195371,0.00195974,629.143,0.000702833
14.16,6717750.0,0.0,5633290.0,1363680.0,8.48074e-07,0.000649655,0.00259871,0.00195271,0.00195366,0.00195415,0.00196019,628.741,0.000704
14.165,6717670.0,0.0,5635220.0,1363840.0,8.48069e-07,0.000646648,0.00259613,0.00195312,0.00195406,0.00195455,0.00196059,629.081,0.000705167
14.17,6717660.0,0.0,5637200.0,1363990.0,8.48069e-07,0.00064623,0.00259613,0.00195353,0.00195448,0.00195497,0.00196101,630.115,0.000706333
14.175,6717820.0,0.0,5639310.0,1364160.0,8.48079e-07,0.000652472,0.00260277,0.00195398,0.00195492,0.00195541,0.00196146,630.115,0.0007075
14.18,6717860.0,0.0,5641310.0,1364320.0,8.48082e-07,0.000654242,0.00260495,0.0019544,0.00195534,0.00195583,0.00196188,623.916,0.000708667
14.185,6716820.0,0.0,5642420.0,1364410.0,8.48016e-07,0.000613942,0.00256517,0.00195463,0.00195557,0.00195606,0.00196212,624.622,0.000709833
14.19,6716810.0,0.0,5644370.0,1364560.0,8.48016e-07,0.000613532,0.00256517,0.00195504,0.00195598,0.00195647,0.00196253,626.772,0.000711
14.195,6717160.0,0.0,5646590.0,1364740.0,8.48038e-07,0.000626961,0.00257897,0.00195551,0.00195645,0.00195694,0.001963,626.772,0.000712167
14.2,6717260.0,0.0,5648620.0,1364900.0,8.48044e-07,0.000631092,0.0025835,0.00195594,0.00195687,0.00195736,0.00196342,628.176,0.000713333
14.205,6717490.0,0.0,5650730.0,1365070.0,8.48058e-07,0.000639721,0.00259252,0.00195638,0.00195731,0.0019578,0.00196387,627.865,0.0007145
14.21,6717480.0,0.0,5652640.0,1365220.0,8.48058e-07,0.000639319,0.00259252,0.00195678,0.00195771,0.0019582,0.00196427,626.92,0.000715667
14.215,6717310.0,0.0,5654410.0,1365360.0,8.48047e-07,0.000632835,0.00258645,0.00195716,0.00195808,0.00195857,0.00196465,626.92,0.000716833
14.22,6717250.0,0.0,5656260.0,1365510.0,8.48043e-07,0.00063044,0.00258446,0.00195755,0.00195847,0.00195896,0.00196504,631.678,0.000718
14.225,6718030.0,0.0,5658800.0,1365710.0,8.48092e-07,0.000660661,0.00261501,0.00195808,0.001959,0.00195949,0.00196557,630.091,0.000719167
14.23,6718020.0,0.0,5660680.0,1365860.0,8.48092e-07,0.000660266,0.00261501,0.00195848,0.00195939,0.00195988,0.00196597,625.25,0.000720333
14.235,6717200.0,0.0,5661890.0,1365960.0,8.4804e-07,0.000628726,0.00258394,0.00195873,0.00195964,0.00196013,0.00196623,625.25,0.0007215
14.24,6716930.0,0.0,5663530.0,1366090.0,8.48023e-07,0.000618118,0.00257376,0.00195908,0.00195999,0.00196048,0.00196657,625.886,0.000722667
14.245,6717020.0,0.0,5665480.0,1366240.0,8.48029e-07,0.000621819,0.00257784,0.00195948,0.00196039,0.00196088,0.00196698,626.163,0.000723833
14.25,6717010.0,0.0,5667320.0,1366390.0,8.48029e-07,0.00062143,0.00257784,0.00195987,0.00196078,0.00196127,0.00196737,627.006,0.000725
14.255,6717140.0,0.0,5669280.0,1366540.0,8.48037e-07,0.000626467,0.00258325,0.00196028,0.00196119,0.00196168,0.00196778,627.006,0.000726167
14.26,6717180.0,0.0,5671150.0,1366690.0,8.48039e-07,0.00062786,0.00258503,0.00196068,0.00196158,0.00196207,0.00196818,626.296,0.000727333
14.265,6717050.0,0.0,5672870.0,1366830.0,8.48031e-07,0.000622911,0.00258048,0.00196104,0.00196194,0.00196243,0.00196854,626.9,0.0007285
14.27,6717040.0,0.0,5674690.0,1366970.0,8.4803e-07,0.000622529,0.00258048,0.00196142,0.00196232,0.00196281,0.00196892,628.742,0.000729667
14.275,6717340.0,0.0,5676750.0,1367140.0,8.48049e-07,0.000634004,0.00259231,0.00196185,0.00196274,0.00196324,0.00196936,628.742,0.000730833
14.28,6717430.0,0.0,5678640.0,1367290.0,8.48055e-07,0.000637513,0.00259619,0.00196225,0.00196314,0.00196363,0.00196975,628.434,0.000732
14.285,6717370.0,0.0,5680390.0,1367430.0,8.48051e-07,0.000635151,0.00259421,0.00196261,0.0019635,0.001964,0.00197012,629.114,0.000733167
14.29,6717360.0,0.0,5682170.0,1367570.0,8.4805e-07,0.000634776,0.00259421,0.00196299,0.00196388,0.00196437,0.0019705,631.189,0.000734333
14.295,6717700.0,0.0,5684240.0,1367730.0,8.48071e-07,0.000647751,0.00260753,0.00196342,0.0019643,0.0019648,0.00197093,631.189,0.0007355
14.3,6717800.0,0.0,5686100.0,1367880.0,8.48078e-07,0.000651757,0.0026119,0.00196381,0.00196469,0.00196519,0.00197132,632.571,0.000736667
14.305,6718020.0,0.0,5688050.0,1368040.0,8.48092e-07,0.000660283,0.00262077,0.00196422,0.0019651,0.0019656,0.00197174,630.775,0.000737833
14.31,6718010.0,0.0,5689810.0,1368180.0,8.48091e-07,0.000659914,0.00262078,0.00196459,0.00196547,0.00196596,0.00197211,625.297,0.000739
14.315,6717090.0,0.0,5690810.0,1368260.0,8.48033e-07,0.000624298,0.00258562,0.0019648,0.00196567,0.00196617,0.00197231,625.297,0.000740167
14.32,6716780.0,0.0,5692300.0,1368370.0,8.48014e-07,0.00061237,0.00257409,0.00196511,0.00196599,0.00196648,0.00197263,628.134,0.000741333
14.325,6717240.0,0.0,5694430.0,1368540.0,8.48043e-07,0.000630266,0.0025923,0.00196556,0.00196643,0.00196692,0.00197308,627.836,0.0007425
14.33,6717230.0,0.0,5696160.0,1368680.0,8.48042e-07,0.000629903,0.0025923,0.00196592,0.00196679,0.00196729,0.00197344,626.925,0.000743667
14.335,6717070.0,0.0,5697750.0,1368810.0,8.48032e-07,0.000623684,0.00258646,0.00196626,0.00196712,0.00196762,0.00197377,626.925,0.000744833
14.34,6717010.0,0.0,5699430.0,1368940.0,8.48029e-07,0.000621403,0.00258455,0.00196661,0.00196747,0.00196797,0.00197413,632.321,0.000746
14.345,6717900.0,0.0,5701870.0,1369140.0,8.48084e-07,0.000655767,0.00261918,0.00196712,0.00196798,0.00196848,0.00197464,630.972,0.000747167
14.35,6717900.0,0.0,5703570.0,1369270.0,8.48084e-07,0.00065541,0.00261919,0.00196747,0.00196833,0.00196883,0.001975,626.86,0.000748333
14.355,6717200.0,0.0,5704700.0,1369360.0,8.4804e-07,0.000628594,0.00259279,0.00196771,0.00196856,0.00196906,0.00197523,626.86,0.0007495
14.36,6716960.0,0.0,5706200.0,1369480.0,8.48026e-07,0.000619561,0.00258414,0.00196802,0.00196888,0.00196938,0.00197555,628.127,0.000750667
14.365,6717170.0,0.0,5708050.0,1369630.0,8.48038e-07,0.000627366,0.00259227,0.00196841,0.00196926,0.00196976,0.00197594,628.621,0.000751833
14.37,6717160.0,0.0,5709730.0,1369760.0,8.48038e-07,0.000627016,0.00259228,0.00196876,0.00196961,0.00197011,0.00197629,630.126,0.000753
14.375,6717400.0,0.0,5711600.0,1369910.0,8.48053e-07,0.000636351,0.00260194,0.00196915,0.00197,0.0019705,0.00197668,630.126,0.000754167
14.38,6717470.0,0.0,5713320.0,1370050.0,8.48057e-07,0.000639179,0.00260511,0.00196951,0.00197036,0.00197086,0.00197704,629.163,0.000755333
14.385,6717300.0,0.0,5714840.0,1370170.0,8.48047e-07,0.000632638,0.00259893,0.00196983,0.00197067,0.00197117,0.00197736,629.493,0.0007565
14.39,6717290.0,0.0,5716490.0,1370300.0,8.48046e-07,0.000632293,0.00259893,0.00197017,0.00197101,0.00197151,0.00197771,630.499,0.000757667
14.395,6717450.0,0.0,5718260.0,1370440.0,8.48056e-07,0.000638423,0.00260539,0.00197055,0.00197138,0.00197188,0.00197808,630.499,0.000758833
14.4,6717500.0,0.0,5719940.0,1370570.0,8.48059e-07,0.000640205,0.00260751,0.0019709,0.00197173,0.00197223,0.00197843,631.808,0.00076
14.405,6717710.0,0.0,5721750.0,1370720.0,8.48072e-07,0.000648287,0.00261591,0.00197127,0.00197211,0.00197261,0.00197881,630.772,0.000761167
14.41,6717700.0,0.0,5723370.0,1370840.0,8.48072e-07,0.000647948,0.00261591,0.00197161,0.00197244,0.00197294,0.00197915,627.614,0.000762333
14.415,6717160.0,0.0,5724540.0,1370940.0,8.48038e-07,0.000627294,0.00259565,0.00197186,0.00197268,0.00197319,0.00197939,627.614,0.0007635
14.42,6716980.0,0.0,5726000.0,1371050.0,8.48027e-07,0.000620294,0.002589,0.00197216,0.00197299,0.00197349,0.0019797,624.432,0.000764667
14.425,6716440.0,0.0,5727160.0,1371150.0,8.47993e-07,0.000599486,0.00256858,0.00197241,0.00197323,0.00197373,0.00197994,625.274,0.000765833
14.43,6716430.0,0.0,5728750.0,1371270.0,8.47992e-07,0.000599153,0.00256858,0.00197274,0.00197356,0.00197406,0.00198028,627.839,0.000767
14.435,6716850.0,0.0,5730690.0,1371430.0,8.48019e-07,0.000615326,0.00258505,0.00197314,0.00197396,0.00197446,0.00198068,627.839,0.000768167
14.44,6716990.0,0.0,5732390.0,1371560.0,8.48027e-07,0.000620409,0.00259045,0.0019735,0.00197431,0.00197482,0.00198104,628.34,0.000769333
14.445,6717060.0,0.0,5734030.0,1371690.0,8.48032e-07,0.00062331,0.00259367,0.00197384,0.00197465,0.00197516,0.00198138,628.62,0.0007705
14.45,6717050.0,0.0,5735600.0,1371820.0,8.48031e-07,0.000622982,0.00259367,0.00197417,0.00197498,0.00197548,0.00198171,629.473,0.000771667
14.455,6717190.0,0.0,5737270.0,1371950.0,8.48039e-07,0.000628142,0.00259915,0.00197451,0.00197533,0.00197583,0.00198206,629.473,0.000772833
14.46,6717220.0,0.0,5738870.0,1372080.0,8.48042e-07,0.000629617,0.00260094,0.00197485,0.00197566,0.00197616,0.00198239,629.509,0.000774
14.465,6717220.0,0.0,5740420.0,1372200.0,8.48042e-07,0.000629528,0.00260118,0.00197517,0.00197598,0.00197648,0.00198272,629.575,0.000775167
14.47,6717210.0,0.0,5741960.0,1372320.0,8.48041e-07,0.000629206,0.00260118,0.00197549,0.0019763,0.0019768,0.00198304,629.774,0.000776333
14.475,6717240.0,0.0,5743530.0,1372450.0,8.48043e-07,0.000630172,0.00260247,0.00197582,0.00197662,0.00197712,0.00198337,629.774,0.0007775
14.48,6717240.0,0.0,5745060.0,1372570.0,8.48043e-07,0.000630275,0.00260289,0.00197614,0.00197694,0.00197744,0.00198369,625.705,0.000778667
14.485,6716550.0,0.0,5746020.0,1372650.0,8.48e-07,0.00060377,0.00257677,0.00197634,0.00197714,0.00197764,0.00198389,626.596,0.000779833
14.49,6716540.0,0.0,5747540.0,1372770.0,8.47999e-07,0.000603454,0.00257677,0.00197666,0.00197745,0.00197796,0.00198421,629.315,0.000781
14.495,6716990.0,0.0,5749430.0,1372920.0,8.48027e-07,0.00062063,0.00259422,0.00197705,0.00197784,0.00197835,0.0019846,629.315,0.000782167
14.5,6717130.0,0.0,5751060.0,1373050.0,8.48036e-07,0.000626053,0.00259995,0.00197739,0.00197818,0.00197868,0.00198494,626.136,0.000783333
14.505,6716590.0,0.0,5752110.0,1373130.0,8.48002e-07,0.000605287,0.00257954,0.00197761,0.0019784,0.0019789,0.00198516,626.545,0.0007845
14.51,6716580.0,0.0,5753610.0,1373250.0,8.48002e-07,0.000604976,0.00257955,0.00197792,0.00197871,0.00197921,0.00198547,627.792,0.000785667
14.515,6716780.0,0.0,5755270.0,1373380.0,8.48014e-07,0.000612692,0.00258755,0.00197826,0.00197905,0.00197956,0.00198582,627.792,0.000786833
14.52,6716850.0,0.0,5756810.0,1373500.0,8.48018e-07,0.000615016,0.00259018,0.00197858,0.00197937,0.00197987,0.00198614,627.655,0.000788
14.525,6716810.0,0.0,5758260.0,1373620.0,8.48016e-07,0.000613821,0.0025893,0.00197889,0.00197967,0.00198018,0.00198645,627.705,0.000789167
14.53,6716810.0,0.0,5759730.0,1373740.0,8.48016e-07,0.000613515,0.0025893,0.00197919,0.00197997,0.00198048,0.00198675,627.857,0.000790333
14.535,6716820.0,0.0,5761220.0,1373850.0,8.48017e-07,0.00061419,0.00259028,0.0019795,0.00198028,0.00198079,0.00198706,627.857,0.0007915
14.54,6716820.0,0.0,5762680.0,1373970.0,8.48017e-07,0.000614208,0.0025906,0.00197981,0.00198058,0.00198109,0.00198737,629.018,0.000792667
14.545,6717010.0,0.0,5764300.0,1374100.0,8.48028e-07,0.00062138,0.00259806,0.00198014,0.00198092,0.00198142,0.0019877,628.082,0.000793833
14.55,6717000.0,0.0,5765740.0,1374210.0,8.48028e-07,0.000621079,0.00259806,0.00198044,0.00198121,0.00198172,0.00198801,625.228,0.000795
14.555,6716520.0,0.0,5766780.0,1374300.0,8.47998e-07,0.000602412,0.00257974,0.00198066,0.00198143,0.00198194,0.00198822,625.228,0.000796167
14.56,6716350.0,0.0,5768090.0,1374400.0,8.47987e-07,0.000596088,0.00257373,0.00198093,0.0019817,0.00198221,0.0019885,625.949,0.000797333
14.565,6716470.0,0.0,5769620.0,1374520.0,8.47995e-07,0.000600431,0.00257836,0.00198125,0.00198201,0.00198252,0.00198881,626.372,0.0007985
14.57,6716460.0,0.0,5771040.0,1374640.0,8.47994e-07,0.000600134,0.00257837,0.00198155,0.00198231,0.00198282,0.00198911,627.663,0.000799667
14.575,6716670.0,0.0,5772640.0,1374760.0,8.48007e-07,0.000608144,0.00258665,0.00198188,0.00198264,0.00198315,0.00198944,627.663,0.000800833
14.58,6716730.0,0.0,5774110.0,1374880.0,8.48011e-07,0.000610573,0.00258937,0.00198218,0.00198294,0.00198345,0.00198975,629.913,0.000802
14.585,6717100.0,0.0,5775840.0,1375020.0,8.48034e-07,0.000624763,0.00260382,0.00198254,0.0019833,0.00198381,0.00199011,628.751,0.000803167
14.59,6717090.0,0.0,5777240.0,1375130.0,8.48034e-07,0.000624471,0.00260382,0.00198283,0.00198359,0.0019841,0.0019904,625.208,0.000804333
14.595,6716490.0,0.0,5778140.0,1375200.0,8.47996e-07,0.000601383,0.00258108,0.00198302,0.00198377,0.00198428,0.00199059,625.208,0.0008055
14.6,6716290.0,0.0,5779370.0,1375300.0,8.47983e-07,0.000593616,0.00257362,0.00198327,0.00198403,0.00198454,0.00199085,628.211,0.000806667
14.605,6716780.0,0.0,5781170.0,1375440.0,8.48014e-07,0.000612653,0.0025929,0.00198365,0.0019844,0.00198491,0.00199122,628.519,0.000807833
14.61,6716780.0,0.0,5782550.0,1375550.0,8.48014e-07,0.000612366,0.0025929,0.00198394,0.00198468,0.00198519,0.00199151,629.458,0.000809
14.615,6716930.0,0.0,5784060.0,1375670.0,8.48023e-07,0.00061812,0.00259893,0.00198425,0.00198499,0.00198551,0.00199182,629.458,0.000810167
14.62,6716970.0,0.0,5785470.0,1375780.0,8.48026e-07,0.000619816,0.00260091,0.00198454,0.00198529,0.0019858,0.00199212,629.209,0.000811333
14.625,6716920.0,0.0,5786800.0,1375890.0,8.48023e-07,0.000617932,0.00259931,0.00198482,0.00198556,0.00198607,0.00199239,628.986,0.0008125
14.63,6716910.0,0.0,5788160.0,1376000.0,8.48022e-07,0.00061765,0.00259931,0.0019851,0.00198584,0.00198635,0.00199268,628.306,0.000813667
14.635,6716790.0,0.0,5789420.0,1376100.0,8.48015e-07,0.000612995,0.00259495,0.00198536,0.0019861,0.00198661,0.00199294,628.306,0.000814833
14.64,6716750.0,0.0,5790740.0,1376200.0,8.48012e-07,0.00061128,0.00259352,0.00198563,0.00198637,0.00198688,0.00199321,627.247,0.000816
14.645,6716560.0,0.0,5791930.0,1376300.0,8.48001e-07,0.000604183,0.00258672,0.00198588,0.00198662,0.00198713,0.00199346,627.397,0.000817167
14.65,6716560.0,0.0,5793270.0,1376400.0,8.48e-07,0.000603905,0.00258672,0.00198616,0.00198689,0.0019874,0.00199374,627.855,0.000818333
14.655,6716630.0,0.0,5794660.0,1376510.0,8.48004e-07,0.000606575,0.00258966,0.00198645,0.00198718,0.00198769,0.00199403,627.855,0.0008195
14.66,6716640.0,0.0,5796010.0,1376620.0,8.48006e-07,0.000607266,0.00259063,0.00198673,0.00198746,0.00198797,0.00199431,629.7,0.000820667
14.665,6716950.0,0.0,5797600.0,1376750.0,8.48024e-07,0.000618865,0.00260248,0.00198706,0.00198778,0.0019883,0.00199464,629.833,0.000821833
14.67,6716940.0,0.0,5798910.0,1376850.0,8.48024e-07,0.000618591,0.00260248,0.00198733,0.00198805,0.00198857,0.00199491,630.237,0.000823
14.675,6717000.0,0.0,5800280.0,1376960.0,8.48028e-07,0.00062092,0.00260507,0.00198761,0.00198834,0.00198885,0.0019952,630.237,0.000824167
14.68,6717010.0,0.0,5801610.0,1377070.0,8.48029e-07,0.000621502,0.00260593,0.00198789,0.00198861,0.00198912,0.00199547,630.862,0.000825333
14.685,6717110.0,0.0,5803000.0,1377180.0,8.48035e-07,0.00062525,0.00260994,0.00198817,0.00198889,0.00198941,0.00199576,629.86,0.0008265
14.69,6717100.0,0.0,5804300.0,1377280.0,8.48034e-07,0.000624981,0.00260994,0.00198844,0.00198916,0.00198968,0.00199603,626.805,0.000827667
14.695,6716590.0,0.0,5805160.0,1377350.0,8.48002e-07,0.000605056,0.00259033,0.00198862,0.00198934,0.00198985,0.00199621,626.805,0.000828833
14.7,6716410.0,0.0,5806310.0,1377440.0,8.47991e-07,0.000598341,0.0025839,0.00198886,0.00198958,0.00199009,0.00199645,627.104,0.00083
14.705,6716460.0,0.0,5807630.0,1377550.0,8.47994e-07,0.000600005,0.00258583,0.00198913,0.00198985,0.00199036,0.00199672,627.402,0.000831167
14.71,6716450.0,0.0,5808910.0,1377650.0,8.47993e-07,0.00059974,0.00258583,0.0019894,0.00199011,0.00199063,0.00199699,628.311,0.000832333
14.715,6716590.0,0.0,5810310.0,1377760.0,8.48002e-07,0.000605324,0.00259166,0.00198969,0.0019904,0.00199091,0.00199728,628.311,0.0008335
14.72,6716640.0,0.0,5811620.0,1377860.0,8.48005e-07,0.000606979,0.00259358,0.00198996,0.00199067,0.00199118,0.00199755,625.17,0.000834667
14.725,6716100.0,0.0,5812440.0,1377930.0,8.47972e-07,0.000586508,0.00257342,0.00199013,0.00199084,0.00199135,0.00199772,624.747,0.000835833
14.73,6716100.0,0.0,5813700.0,1378030.0,8.47972e-07,0.000586247,0.00257342,0.00199039,0.0019911,0.00199161,0.00199798,623.458,0.000837
14.735,6715870.0,0.0,5814770.0,1378110.0,8.47958e-07,0.00057769,0.00256514,0.00199061,0.00199132,0.00199183,0.00199821,623.458,0.000838167
14.74,6715800.0,0.0,5815960.0,1378210.0,8.47953e-07,0.000574709,0.00256243,0.00199086,0.00199156,0.00199208,0.00199845,629.315,0.000839333
14.745,6716770.0,0.0,5818030.0,1378370.0,8.48014e-07,0.000612138,0.00260003,0.00199129,0.00199198,0.0019925,0.00199888,628.908,0.0008405
14.75,6716760.0,0.0,5819270.0,1378470.0,8.48013e-07,0.000611882,0.00260003,0.00199154,0.00199224,0.00199276,0.00199914,627.668,0.000841667
14.755,6716550.0,0.0,5820330.0,1378560.0,8.48e-07,0.000603647,0.00259207,0.00199176,0.00199246,0.00199297,0.00199936,627.668,0.000842833
14.76,6716480.0,0.0,5821510.0,1378650.0,8.47995e-07,0.000600775,0.00258946,0.001992,0.0019927,0.00199322,0.0019996,628.357,0.000844
14.765,6716580.0,0.0,5822830.0,1378750.0,8.48002e-07,0.000604952,0.00259388,0.00199228,0.00199297,0.00199349,0.00199988,627.749,0.000845167
14.77,6716580.0,0.0,5824050.0,1378850.0,8.48001e-07,0.000604699,0.00259388,0.00199253,0.00199322,0.00199374,0.00200013,625.896,0.000846333
14.775,6716260.0,0.0,5825000.0,1378930.0,8.47982e-07,0.000592527,0.00258199,0.00199273,0.00199342,0.00199393,0.00200033,625.896,0.0008475
14.78,6716150.0,0.0,5826130.0,1379020.0,8.47975e-07,0.000588366,0.00257809,0.00199296,0.00199365,0.00199417,0.00200056,629.431,0.000848667
14.785,6716740.0,0.0,5827840.0,1379150.0,8.48011e-07,0.000610858,0.00260078,0.00199331,0.001994,0.00199452,0.00200092,630.328,0.000849833
14.79,6716730.0,0.0,5829040.0,1379250.0,8.48011e-07,0.000610609,0.00260078,0.00199356,0.00199424,0.00199476,0.00200117,633.062,0.000851
14.795,6717180.0,0.0,5830630.0,1379370.0,8.48039e-07,0.000627957,0.00261834,0.00199389,0.00199457,0.00199509,0.00200149,633.062,0.000852167
14.8,6717330.0,0.0,5831950.0,1379480.0,8.48048e-07,0.000633481,0.0026241,0.00199416,0.00199484,0.00199536,0.00200177,626.464,0.000853333
14.805,6716220.0,0.0,5832200.0,1379500.0,8.47979e-07,0.000590779,0.00258174,0.00199422,0.00199489,0.00199541,0.00200182,626.388,0.0008545
14.81,6716210.0,0.0,5833390.0,1379590.0,8.47978e-07,0.000590534,0.00258175,0.00199446,0.00199514,0.00199566,0.00200207,626.155,0.000855667
14.815,6716160.0,0.0,5834540.0,1379690.0,8.47976e-07,0.000588791,0.00258025,0.0019947,0.00199537,0.00199589,0.0020023,626.155,0.000856833
14.82,6716140.0,0.0,5835700.0,1379780.0,8.47974e-07,0.000588056,0.00257976,0.00199494,0.00199561,0.00199613,0.00200255,624.805,0.000858
14.825,6715910.0,0.0,5836680.0,1379860.0,8.4796e-07,0.000579133,0.00257111,0.00199514,0.00199581,0.00199633,0.00200275,625.252,0.000859167
14.83,6715910.0,0.0,5837850.0,1379950.0,8.4796e-07,0.000578892,0.00257111,0.00199538,0.00199605,0.00199657,0.00200299,626.613,0.000860333
14.835,6716130.0,0.0,5839210.0,1380060.0,8.47973e-07,0.000587411,0.00257985,0.00199566,0.00199633,0.00199685,0.00200327,626.613,0.0008615
14.84,6716200.0,0.0,5840430.0,1380150.0,8.47978e-07,0.000590045,0.00258271,0.00199591,0.00199658,0.0019971,0.00200352,623.691,0.000862667
14.845,6715700.0,0.0,5841170.0,1380210.0,8.47947e-07,0.000571005,0.00256396,0.00199607,0.00199673,0.00199725,0.00200368,624.566,0.000863833
14.85,6715700.0,0.0,5842320.0,1380310.0,8.47946e-07,0.000570767,0.00256396,0.0019963,0.00199697,0.00199749,0.00200392,627.234,0.000865
14.855,6716140.0,0.0,5843840.0,1380430.0,8.47974e-07,0.000587697,0.00258109,0.00199662,0.00199728,0.0019978,0.00200423,627.234,0.000866167
14.86,6716280.0,0.0,5845110.0,1380530.0,8.47983e-07,0.000593092,0.00258671,0.00199688,0.00199754,0.00199806,0.00200449,629.06,0.000867333
14.865,6716570.0,0.0,5846510.0,1380640.0,8.48001e-07,0.000604606,0.00259843,0.00199717,0.00199783,0.00199835,0.00200478,628.527,0.0008685
14.87,6716570.0,0.0,5847640.0,1380730.0,8.48001e-07,0.000604372,0.00259843,0.0019974,0.00199806,0.00199858,0.00200502,626.901,0.000869667
14.875,6716290.0,0.0,5848540.0,1380800.0,8.47984e-07,0.000593678,0.00258799,0.00199759,0.00199824,0.00199876,0.0020052,626.901,0.000870833
14.88,6716200.0,0.0,5849590.0,1380880.0,8.47978e-07,0.000590015,0.00258457,0.0019978,0.00199846,0.00199898,0.00200542,628.286,0.000872
14.885,6716420.0,0.0,5850910.0,1380990.0,8.47992e-07,0.000598692,0.00259346,0.00199807,0.00199873,0.00199925,0.00200569,627.682,0.000873167
14.89,6716410.0,0.0,5852030.0,1381080.0,8.47991e-07,0.000598461,0.00259346,0.0019983,0.00199895,0.00199948,0.00200592,625.84,0.000874333
14.895,6716100.0,0.0,5852880.0,1381140.0,8.47972e-07,0.00058638,0.00258164,0.00199848,0.00199913,0.00199965,0.0020061,625.84,0.0008755
14.9,6715990.0,0.0,5853900.0,1381230.0,8.47965e-07,0.000582264,0.00257776,0.00199869,0.00199934,0.00199986,0.00200631,631.378,0.000876667
14.905,6716910.0,0.0,5855790.0,1381380.0,8.48022e-07,0.000617669,0.00261331,0.00199908,0.00199973,0.00200025,0.0020067,630.634,0.000877833
14.91,6716910.0,0.0,5856890.0,1381460.0,8.48022e-07,0.000617442,0.00261331,0.00199931,0.00199995,0.00200047,0.00200693,628.367,0.000879
14.915,6716520.0,0.0,5857670.0,1381530.0,8.47998e-07,0.000602627,0.00259876,0.00199947,0.00200011,0.00200063,0.00200709,628.367,0.000880167
14.92,6716390.0,0.0,5858660.0,1381600.0,8.4799e-07,0.000597617,0.00259399,0.00199967,0.00200031,0.00200083,0.00200729,625.514,0.000881333
14.925,6715910.0,0.0,5859340.0,1381660.0,8.4796e-07,0.000579037,0.00257568,0.00199981,0.00200045,0.00200097,0.00200743,626.43,0.0008825
14.93,6715900.0,0.0,5860420.0,1381750.0,8.47959e-07,0.000578813,0.00257568,0.00200003,0.00200067,0.0020012,0.00200766,629.223,0.000883667
14.935,6716370.0,0.0,5861900.0,1381860.0,8.47988e-07,0.000596558,0.00259361,0.00200034,0.00200098,0.0020015,0.00200796,629.223,0.000884833
14.94,6716510.0,0.0,5863110.0,1381960.0,8.47997e-07,0.000602229,0.00259949,0.00200059,0.00200122,0.00200175,0.00200821,626.098,0.000886
14.945,6715980.0,0.0,5863740.0,1382010.0,8.47965e-07,0.000581905,0.00257943,0.00200072,0.00200135,0.00200187,0.00200834,627.079,0.000887167
14.95,6715980.0,0.0,5864810.0,1382090.0,8.47964e-07,0.000581684,0.00257943,0.00200094,0.00200157,0.00200209,0.00200856,630.07,0.000888333
14.955,6716470.0,0.0,5866300.0,1382210.0,8.47995e-07,0.000600707,0.00259863,0.00200124,0.00200187,0.0020024,0.00200887,630.07,0.0008895
14.96,6716630.0,0.0,5867500.0,1382310.0,8.48005e-07,0.0006068,0.00260493,0.00200149,0.00200212,0.00200264,0.00200912,625.664,0.000890667
14.965,6715890.0,0.0,5867930.0,1382340.0,8.47959e-07,0.000578232,0.00257665,0.00200158,0.00200221,0.00200273,0.00200921,626.857,0.000891833
14.97,6715880.0,0.0,5868980.0,1382430.0,8.47958e-07,0.000578015,0.00257665,0.0020018,0.00200242,0.00200295,0.00200943,630.495,0.000893
14.975,6716490.0,0.0,5870550.0,1382550.0,8.47996e-07,0.000601205,0.0026,0.00200212,0.00200274,0.00200327,0.00200975,630.495,0.000894167
14.98,6716680.0,0.0,5871770.0,1382650.0,8.48008e-07,0.000608666,0.00260766,0.00200237,0.00200299,0.00200352,0.00201,628.146,0.000895333
14.985,6716280.0,0.0,5872480.0,1382700.0,8.47983e-07,0.000593338,0.00259258,0.00200251,0.00200314,0.00200366,0.00201015,627.657,0.0008965
14.99,6716280.0,0.0,5873520.0,1382790.0,8.47983e-07,0.000593123,0.00259259,0.00200273,0.00200335,0.00200387,0.00201036,626.167,0.000897667
14.995,6716020.0,0.0,5874340.0,1382850.0,8.47967e-07,0.000583325,0.00258302,0.0020029,0.00200352,0.00200404,0.00201053,626.167,0.000898833
15.0,6715930.0,0.0,5875300.0,1382930.0,8.47961e-07,0.000579968,0.00257989,0.0020031,0.00200371,0.00200424,0.00201073,631.235,0.0009
15.005,6716780.0,0.0,5876030.0,1382990.0,8.48014e-07,0.000612573,0.00261242,0.00200324,0.00200386,0.00200439,0.00201088,630.85,0.0009
15.01,6716780.0,0.0,5876030.0,1382990.0,8.48014e-07,0.000612573,0.00261242,0.00200324,0.00200386,0.00200439,0.00201088,629.677,0.0009
15.015,6716590.0,0.0,5875860.0,1382970.0,8.48002e-07,0.000605027,0.00260489,0.00200321,0.00200383,0.00200435,0.00201084,629.677,0.0009
15.02,6716520.0,0.0,5875800.0,1382970.0,8.47998e-07,0.000602552,0.00260242,0.0020032,0.00200382,0.00200434,0.00201083,625.806,0.0009
15.025,6715870.0,0.0,5875250.0,1382930.0,8.47958e-07,0.000577648,0.00257757,0.00200309,0.0020037,0.00200423,0.00201072,626.466,0.0009
15.03,6715870.0,0.0,5875250.0,1382930.0,8.47958e-07,0.000577648,0.00257757,0.00200309,0.0020037,0.00200423,0.00201072,628.475,0.0009
15.035,6716210.0,0.0,5875540.0,1382950.0,8.47979e-07,0.000590579,0.00259047,0.00200314,0.00200376,0.00200429,0.00201078,628.475,0.0009
15.04,6716320.0,0.0,5875630.0,1382960.0,8.47985e-07,0.000594821,0.00259471,0.00200316,0.00200378,0.00200431,0.0020108,631.976,0.0009
15.045,6716910.0,0.0,5876130.0,1383000.0,8.48022e-07,0.000617342,0.00261717,0.00200326,0.00200388,0.00200441,0.0020109,631.876,0.0009
15.05,6716910.0,0.0,5876130.0,1383000.0,8.48022e-07,0.000617342,0.00261717,0.00200326,0.00200388,0.00200441,0.0020109,631.573,0.0009
15.055,6716850.0,0.0,5876090.0,1382990.0,8.48019e-07,0.000615391,0.00261523,0.00200326,0.00200387,0.0020044,0.00201089,631.573,0.0009
15.06,6716840.0,0.0,5876070.0,1382990.0,8.48018e-07,0.000614751,0.00261459,0.00200325,0.00200387,0.0020044,0.00201089,627.517,0.0009
15.065,6716160.0,0.0,5875490.0,1382950.0,8.47975e-07,0.000588653,0.00258855,0.00200313,0.00200375,0.00200428,0.00201077,627.991,0.0009
15.07,6716160.0,0.0,5875490.0,1382950.0,8.47975e-07,0.000588653,0.00258855,0.00200313,0.00200375,0.00200428,0.00201077,629.436,0.0009
15.075,6716400.0,0.0,5875700.0,1382960.0,8.47991e-07,0.000597953,0.00259783,0.00200318,0.00200379,0.00200432,0.00201081,629.436,0.0009
15.08,6716480.0,0.0,5875770.0,1382970.0,8.47995e-07,0.000601004,0.00260087,0.00200319,0.00200381,0.00200433,0.00201082,631.319,0.0009
15.085,6716800.0,0.0,5876040.0,1382990.0,8.48015e-07,0.000613117,0.00261296,0.00200325,0.00200386,0.00200439,0.00201088,630.766,0.0009
15.09,6716800.0,0.0,5876040.0,1382990.0,8.48015e-07,0.000613117,0.00261296,0.00200325,0.00200386,0.00200439,0.00201088,629.082,0.0009
15.095,6716510.0,0.0,5875800.0,1382970.0,8.47998e-07,0.000602278,0.00260215,0.0020032,0.00200381,0.00200434,0.00201083,629.082,0.0009
15.1,6716420.0,0.0,5875720.0,1382960.0,8.47992e-07,0.000598723,0.0025986,0.00200318,0.0020038,0.00200432,0.00201081,626.524,0.0009
15.105,6715990.0,0.0,5875350.0,1382930.0,8.47965e-07,0.000582266,0.00258218,0.00200311,0.00200372,0.00200425,0.00201074,626.499,0.0009
15.11,6715990.0,0.0,5875350.0,1382930.0,8.47965e-07,0.000582266,0.00258218,0.00200311,0.00200372,0.00200425,0.00201074,626.421,0.0009
15.115,6715980.0,0.0,5875340.0,1382930.0,8.47964e-07,0.000581767,0.00258168,0.0020031,0.00200372,0.00200425,0.00201074,626.421,0.0009
15.12,6715980.0,0.0,5875340.0,1382930.0,8.47964e-07,0.000581604,0.00258152,0.0020031,0.00200372,0.00200425,0.00201074,630.321,0.0009
15.125,6716630.0,0.0,5875900.0,1382980.0,8.48005e-07,0.000606695,0.00260655,0.00200322,0.00200383,0.00200436,0.00201085,629.73,0.0009
15.13,6716630.0,0.0,5875900.0,1382980.0,8.48005e-07,0.000606695,0.00260655,0.00200322,0.00200383,0.00200436,0.00201085,627.928,0.0009
15.135,6716330.0,0.0,5875640.0,1382960.0,8.47986e-07,0.000595102,0.00259499,0.00200316,0.00200378,0.00200431,0.0020108,627.928,0.0009
15.14,6716230.0,0.0,5875550.0,1382950.0,8.4798e-07,0.000591299,0.00259119,0.00200315,0.00200376,0.00200429,0.00201078,628.272,0.0009
15.145,6716290.0,0.0,5875600.0,1382950.0,8.47983e-07,0.000593515,0.0025934,0.00200316,0.00200377,0.0020043,0.00201079,628.28,0.0009
15.15,6716290.0,0.0,5875600.0,1382950.0,8.47983e-07,0.000593515,0.0025934,0.00200316,0.00200377,0.0020043,0.00201079,628.303,0.0009
15.155,6716290.0,0.0,5875610.0,1382960.0,8.47984e-07,0.000593661,0.00259355,0.00200316,0.00200377,0.0020043,0.00201079,628.303,0.0009
15.16,6716290.0,0.0,5875610.0,1382960.0,8.47984e-07,0.000593709,0.0025936,0.00200316,0.00200378,0.0020043,0.00201079,628.487,0.0009
15.165,6716320.0,0.0,5875630.0,1382960.0,8.47986e-07,0.000594893,0.00259478,0.00200316,0.00200378,0.00200431,0.0020108,628.236,0.0009
15.17,6716320.0,0.0,5875630.0,1382960.0,8.47986e-07,0.000594893,0.00259478,0.00200316,0.00200378,0.00200431,0.0020108,627.473,0.0009
15.175,6716190.0,0.0,5875520.0,1382950.0,8.47978e-07,0.000589982,0.00258988,0.00200314,0.00200376,0.00200428,0.00201077,627.473,0.0009
15.18,6716150.0,0.0,5875490.0,1382950.0,8.47975e-07,0.000588371,0.00258827,0.00200313,0.00200375,0.00200428,0.00201077,625.357,0.0009
15.185,6715800.0,0.0,5875190.0,1382920.0,8.47953e-07,0.000574759,0.00257469,0.00200307,0.00200369,0.00200421,0.0020107,625.457,0.0009
15.19,6715800.0,0.0,5875190.0,1382920.0,8.47953e-07,0.000574759,0.00257469,0.00200307,0.00200369,0.00200421,0.0020107,625.761,0.0009
15.195,6715850.0,0.0,5875230.0,1382930.0,8.47956e-07,0.000576716,0.00257664,0.00200308,0.0020037,0.00200422,0.00201071,625.761,0.0009
15.2,6715870.0,0.0,5875240.0,1382930.0,8.47957e-07,0.000577358,0.00257728,0.00200308,0.0020037,0.00200423,0.00201072,627.712,0.0009
15.205,6716190.0,0.0,5875520.0,1382950.0,8.47977e-07,0.000589906,0.0025898,0.00200314,0.00200376,0.00200428,0.00201077,627.447,0.0009
15.21,6716190.0,0.0,5875520.0,1382950.0,8.47977e-07,0.000589906,0.0025898,0.00200314,0.00200376,0.00200428,0.00201077,626.639,0.0009
15.215,6716060.0,0.0,5875410.0,1382940.0,8.47969e-07,0.000584711,0.00258462,0.00200312,0.00200373,0.00200426,0.00201075,626.639,0.0009
15.22,6716010.0,0.0,5875370.0,1382940.0,8.47966e-07,0.000583007,0.00258292,0.00200311,0.00200373,0.00200425,0.00201074,629.877,0.0009
15.225,6716550.0,0.0,5875830.0,1382970.0,8.48e-07,0.000603838,0.0026037,0.0020032,0.00200382,0.00200435,0.00201084,630.44,0.0009
15.23,6716550.0,0.0,5875830.0,1382970.0,8.48e-07,0.000603838,0.0026037,0.0020032,0.00200382,0.00200435,0.00201084,632.156,0.0009
15.235,6716840.0,0.0,5876080.0,1382990.0,8.48018e-07,0.000614881,0.00261472,0.00200325,0.00200387,0.0020044,0.00201089,632.156,0.0009
15.24,6716940.0,0.0,5876160.0,1383000.0,8.48024e-07,0.000618503,0.00261833,0.00200327,0.00200389,0.00200441,0.0020109,626.601,0.0009
15.245,6716010.0,0.0,5875360.0,1382940.0,8.47966e-07,0.00058276,0.00258267,0.00200311,0.00200373,0.00200425,0.00201074,626.853,0.0009
15.25,6716010.0,0.0,5875360.0,1382940.0,8.47966e-07,0.00058276,0.00258267,0.00200311,0.00200373,0.00200425,0.00201074,627.623,0.0009
15.255,6716140.0,0.0,5875470.0,1382950.0,8.47974e-07,0.000587712,0.00258761,0.00200313,0.00200375,0.00200427,0.00201076,627.623,0.0009
15.26,6716180.0,0.0,5875510.0,1382950.0,8.47977e-07,0.000589337,0.00258923,0.00200314,0.00200376,0.00200428,0.00201077,629.572,0.0009
15.265,6716500.0,0.0,5875790.0,1382970.0,8.47997e-07,0.000601878,0.00260175,0.00200319,0.00200381,0.00200434,0.00201083,629.05,0.0009
15.27,6716500.0,0.0,5875790.0,1382970.0,8.47997e-07,0.000601878,0.00260175,0.00200319,0.00200381,0.00200434,0.00201083,627.458,0.0009
15.275,6716240.0,0.0,5875560.0,1382950.0,8.4798e-07,0.000591633,0.00259152,0.00200315,0.00200377,0.00200429,0.00201078,627.458,0.0009
15.28,6716150.0,0.0,5875490.0,1382950.0,8.47975e-07,0.000588272,0.00258817,0.00200313,0.00200375,0.00200428,0.00201077,630.253,0.0009
15.285,6716620.0,0.0,5875890.0,1382980.0,8.48004e-07,0.000606258,0.00260612,0.00200321,0.00200383,0.00200436,0.00201085,629.535,0.0009
15.29,6716620.0,0.0,5875890.0,1382980.0,8.48004e-07,0.000606258,0.00260612,0.00200321,0.00200383,0.00200436,0.00201085,627.345,0.0009
15.295,6716250.0,0.0,5875570.0,1382950.0,8.47981e-07,0.000592169,0.00259206,0.00200315,0.00200377,0.00200429,0.00201078,627.345,0.0009
15.3,6716130.0,0.0,5875470.0,1382950.0,8.47974e-07,0.000587548,0.00258745,0.00200313,0.00200375,0.00200427,0.00201076,629.063,0.0009
15.305,6716420.0,0.0,5875720.0,1382970.0,8.47992e-07,0.000598601,0.00259848,0.00200318,0.0020038,0.00200432,0.00201081,629.36,0.0009
15.31,6716420.0,0.0,5875720.0,1382970.0,8.47992e-07,0.000598601,0.00259848,0.00200318,0.0020038,0.00200432,0.00201081,630.267,0.0009
15.315,6716570.0,0.0,5875850.0,1382980.0,8.48001e-07,0.000604433,0.00260429,0.00200321,0.00200382,0.00200435,0.00201084,630.267,0.0009
15.32,6716620.0,0.0,5875890.0,1382980.0,8.48004e-07,0.000606346,0.0026062,0.00200321,0.00200383,0.00200436,0.00201085,631.498,0.0009
15.325,6716830.0,0.0,5876060.0,1382990.0,8.48017e-07,0.000614271,0.00261411,0.00200325,0.00200387,0.00200439,0.00201088,630.416,0.0009
15.33,6716830.0,0.0,5876060.0,1382990.0,8.48017e-07,0.000614271,0.00261411,0.00200325,0.00200387,0.00200439,0.00201088,627.118,0.0009
15.335,6716270.0,0.0,5875590.0,1382960.0,8.47983e-07,0.000593049,0.00259294,0.00200315,0.00200377,0.0020043,0.00201079,627.118,0.0009
15.34,6716090.0,0.0,5875440.0,1382940.0,8.47971e-07,0.000586088,0.00258599,0.00200312,0.00200374,0.00200427,0.00201076,628.84,0.0009
15.345,6716380.0,0.0,5875680.0,1382960.0,8.47989e-07,0.000597167,0.00259705,0.00200317,0.00200379,0.00200432,0.00201081,628.493,0.0009
15.35,6716380.0,0.0,5875680.0,1382960.0,8.47989e-07,0.000597167,0.00259705,0.00200317,0.00200379,0.00200432,0.00201081,627.434,0.0009
15.355,6716200.0,0.0,5875530.0,1382950.0,8.47978e-07,0.000590353,0.00259025,0.00200314,0.00200376,0.00200429,0.00201078,627.434,0.0009
15.36,6716150.0,0.0,5875480.0,1382950.0,8.47975e-07,0.000588118,0.00258802,0.00200313,0.00200375,0.00200427,0.00201076,633.242,0.0009
15.365,6717120.0,0.0,5876310.0,1383010.0,8.48035e-07,0.000625493,0.0026253,0.0020033,0.00200392,0.00200444,0.00201094,632.212,0.0009
15.37,6717120.0,0.0,5876310.0,1383010.0,8.48035e-07,0.000625493,0.0026253,0.0020033,0.00200392,0.00200444,0.00201094,629.072,0.0009
15.375,6716590.0,0.0,5875860.0,1382980.0,8.48002e-07,0.000605289,0.00260515,0.00200321,0.00200383,0.00200435,0.00201084,629.072,0.0009
15.38,6716420.0,0.0,5875720.0,1382970.0,8.47992e-07,0.000598661,0.00259854,0.00200318,0.0020038,0.00200432,0.00201081,633.948,0.0009
15.385,6717240.0,0.0,5876410.0,1383020.0,8.48043e-07,0.000630032,0.00262983,0.00200332,0.00200394,0.00200446,0.00201096,633.367,0.0009
15.39,6717240.0,0.0,5876410.0,1383020.0,8.48043e-07,0.000630032,0.00262983,0.00200332,0.00200394,0.00200446,0.00201096,631.598,0.0009
15.395,6716940.0,0.0,5876160.0,1383000.0,8.48024e-07,0.000618647,0.00261847,0.00200327,0.00200389,0.00200441,0.0020109,631.598,0.0009
15.4,6716840.0,0.0,5876080.0,1383000.0,8.48018e-07,0.000614912,0.00261475,0.00200325,0.00200387,0.0020044,0.00201089,629.404,0.0009
15.405,6716480.0,0.0,5875760.0,1382970.0,8.47995e-07,0.000600796,0.00260067,0.00200319,0.00200381,0.00200433,0.00201082,629.045,0.0009
15.41,6716480.0,0.0,5875760.0,1382970.0,8.47995e-07,0.000600796,0.00260067,0.00200319,0.00200381,0.00200433,0.00201082,627.95,0.0009
15.415,6716290.0,0.0,5875610.0,1382960.0,8.47984e-07,0.000593751,0.00259364,0.00200316,0.00200377,0.0020043,0.00201079,627.95,0.0009
15.42,6716230.0,0.0,5875560.0,1382960.0,8.4798e-07,0.000591441,0.00259133,0.00200315,0.00200376,0.00200429,0.00201078,624.705,0.0009
15.425,6715690.0,0.0,5875090.0,1382920.0,8.47946e-07,0.000570564,0.00257051,0.00200305,0.00200367,0.0020042,0.00201068,626.136,0.0009
15.43,6715690.0,0.0,5875090.0,1382920.0,8.47946e-07,0.000570564,0.00257051,0.00200305,0.00200367,0.0020042,0.00201068,630.497,0.0009
15.435,6716420.0,0.0,5875720.0,1382970.0,8.47992e-07,0.000598625,0.0025985,0.00200318,0.0020038,0.00200432,0.00201081,630.497,0.0009
15.44,6716660.0,0.0,5875920.0,1382980.0,8.48007e-07,0.000607829,0.00260768,0.00200322,0.00200384,0.00200436,0.00201085,632.899,0.0009
15.445,6717060.0,0.0,5876260.0,1383010.0,8.48032e-07,0.000623286,0.0026231,0.00200329,0.00200391,0.00200443,0.00201093,631.538,0.0009
15.45,6717060.0,0.0,5876260.0,1383010.0,8.48032e-07,0.000623286,0.0026231,0.00200329,0.00200391,0.00200443,0.00201093,627.386,0.0009
15.455,6716370.0,0.0,5875670.0,1382960.0,8.47988e-07,0.000596572,0.00259645,0.00200317,0.00200379,0.00200431,0.0020108,627.386,0.0009
15.46,6716140.0,0.0,5875480.0,1382950.0,8.47974e-07,0.00058781,0.00258771,0.00200313,0.00200375,0.00200427,0.00201076,625.891,0.0009
15.465,6715890.0,0.0,5875260.0,1382930.0,8.47958e-07,0.000578193,0.00257812,0.00200309,0.0020037,0.00200423,0.00201072,627.211,0.0009
15.47,6715890.0,0.0,5875260.0,1382930.0,8.47958e-07,0.000578193,0.00257812,0.00200309,0.0020037,0.00200423,0.00201072,631.235,0.0009
15.475,6716560.0,0.0,5875840.0,1382980.0,8.48e-07,0.000604085,0.00260395,0.0020032,0.00200382,0.00200435,0.00201084,631.235,0.0009
15.48,6716780.0,0.0,5876030.0,1382990.0,8.48014e-07,0.000612577,0.00261242,0.00200324,0.00200386,0.00200439,0.00201088,625.125,0.0009
15.485,6715760.0,0.0,5875150.0,1382920.0,8.47951e-07,0.000573266,0.0025732,0.00200306,0.00200368,0.00200421,0.0020107,625.128,0.0009
15.49,6715760.0,0.0,5875150.0,1382920.0,8.47951e-07,0.000573266,0.0025732,0.00200306,0.00200368,0.00200421,0.0020107,625.136,0.0009
15.495,6715760.0,0.0,5875160.0,1382920.0,8.47951e-07,0.000573318,0.00257325,0.00200306,0.00200368,0.00200421,0.0020107,625.136,0.0009
15.5,6715760.0,0.0,5875160.0,1382920.0,8.47951e-07,0.000573335,0.00257327,0.00200306,0.00200368,0.00200421,0.0020107,628.924,0.0009
15.505,6716400.0,0.0,5875700.0,1382970.0,8.4799e-07,0.000597708,0.00259758,0.00200317,0.00200379,0.00200432,0.00201081,628.705,0.0009
15.51,6716400.0,0.0,5875700.0,1382970.0,8.4799e-07,0.000597708,0.00259758,0.00200317,0.00200379,0.00200432,0.00201081,628.038,0.0009
15.515,6716280.0,0.0,5875600.0,1382960.0,8.47983e-07,0.000593414,0.0025933,0.00200316,0.00200377,0.0020043,0.00201079,628.038,0.0009
15.52,6716250.0,0.0,5875570.0,1382960.0,8.47981e-07,0.000592005,0.0025919,0.00200315,0.00200377,0.00200429,0.00201078,630.301,0.0009
15.525,6716630.0,0.0,5875890.0,1382980.0,8.48004e-07,0.000606566,0.00260642,0.00200321,0.00200383,0.00200436,0.00201085,630.232,0.0009
15.53,6716630.0,0.0,5875890.0,1382980.0,8.48004e-07,0.000606566,0.00260642,0.00200321,0.00200383,0.00200436,0.00201085,630.024,0.0009
15.535,6716590.0,0.0,5875860.0,1382980.0,8.48002e-07,0.000605226,0.00260509,0.00200321,0.00200383,0.00200435,0.00201084,630.024,0.0009
15.54,6716580.0,0.0,5875850.0,1382980.0,8.48002e-07,0.000604787,0.00260465,0.00200321,0.00200382,0.00200435,0.00201084,624.205,0.0009
15.545,6715610.0,0.0,5875020.0,1382910.0,8.47941e-07,0.000567348,0.0025673,0.00200304,0.00200365,0.00200418,0.00201067,625.258,0.0009
15.55,6715610.0,0.0,5875020.0,1382910.0,8.47941e-07,0.000567348,0.0025673,0.00200304,0.00200365,0.00200418,0.00201067,628.468,0.0009
15.555,6716140.0,0.0,5875480.0,1382950.0,8.47974e-07,0.000588,0.0025879,0.00200313,0.00200375,0.00200427,0.00201076,628.468,0.0009
15.56,6716320.0,0.0,5875630.0,1382960.0,8.47985e-07,0.000594774,0.00259466,0.00200316,0.00200378,0.0020043,0.00201079,627.689,0.0009
15.565,6716190.0,0.0,5875520.0,1382950.0,8.47977e-07,0.000589764,0.00258966,0.00200314,0.00200376,0.00200428,0.00201077,628.636,0.0009
15.57,6716190.0,0.0,5875520.0,1382950.0,8.47977e-07,0.000589764,0.00258966,0.00200314,0.00200376,0.00200428,0.00201077,631.521,0.0009
15.575,6716670.0,0.0,5875930.0,1382990.0,8.48007e-07,0.000608326,0.00260818,0.00200322,0.00200384,0.00200437,0.00201086,631.521,0.0009
15.58,6716830.0,0.0,5876070.0,1383000.0,8.48017e-07,0.000614415,0.00261425,0.00200325,0.00200387,0.00200439,0.00201088,629.002,0.0009
15.585,6716410.0,0.0,5875710.0,1382970.0,8.47991e-07,0.00059821,0.00259809,0.00200318,0.00200379,0.00200432,0.00201081,628.959,0.0009
15.59,6716410.0,0.0,5875710.0,1382970.0,8.47991e-07,0.00059821,0.00259809,0.00200318,0.00200379,0.00200432,0.00201081,628.829,0.0009
15.595,6716390.0,0.0,5875690.0,1382970.0,8.4799e-07,0.000597373,0.00259725,0.00200317,0.00200379,0.00200432,0.00201081,628.829,0.0009
15.6,6716380.0,0.0,5875680.0,1382970.0,8.47989e-07,0.000597099,0.00259698,0.00200317,0.00200379,0.00200431,0.00201081,629.603,0.0009
15.605,6716510.0,0.0,5875790.0,1382980.0,8.47997e-07,0.000602079,0.00260194,0.00200319,0.00200381,0.00200434,0.00201083,629.917,0.0009
15.61,6716510.0,0.0,5875790.0,1382980.0,8.47997e-07,0.000602079,0.00260194,0.00200319,0.00200381,0.00200434,0.00201083,630.873,0.0009
15.615,6716670.0,0.0,5875930.0,1382990.0,8.48007e-07,0.000608231,0.00260808,0.00200322,0.00200384,0.00200437,0.00201086,630.873,0.0009
15.62,6716720.0,0.0,5875970.0,1382990.0,8.4801e-07,0.000610249,0.0026101,0.00200323,0.00200385,0.00200437,0.00201087,631.279,0.0009
15.625,6716790.0,0.0,5876030.0,1383000.0,8.48015e-07,0.000612859,0.0026127,0.00200324,0.00200386,0.00200439,0.00201088,630.191,0.0009
15.63,6716790.0,0.0,5876030.0,1383000.0,8.48015e-07,0.000612859,0.0026127,0.00200324,0.00200386,0.00200439,0.00201088,626.876,0.0009
15.635,6716230.0,0.0,5875560.0,1382960.0,8.4798e-07,0.000591527,0.00259142,0.00200315,0.00200376,0.00200429,0.00201078,626.876,0.0009
15.64,6716050.0,0.0,5875400.0,1382950.0,8.47969e-07,0.00058453,0.00258444,0.00200311,0.00200373,0.00200426,0.00201075,632.107,0.0009
15.645,6716930.0,0.0,5876150.0,1383010.0,8.48023e-07,0.000618187,0.00261801,0.00200327,0.00200388,0.00200441,0.0020109,632.024,0.0009
15.65,6716930.0,0.0,5876150.0,1383010.0,8.48023e-07,0.000618187,0.00261801,0.00200327,0.00200388,0.00200441,0.0020109,631.77,0.0009
15.655,6716890.0,0.0,5876110.0,1383000.0,8.48021e-07,0.000616553,0.00261638,0.00200326,0.00200388,0.0020044,0.00201089,631.77,0.0009
15.66,6716870.0,0.0,5876100.0,1383000.0,8.4802e-07,0.000616017,0.00261585,0.00200326,0.00200387,0.0020044,0.00201089,629.128,0.0009
15.665,6716430.0,0.0,5875730.0,1382970.0,8.47992e-07,0.00059902,0.00259889,0.00200318,0.0020038,0.00200432,0.00201081,629.053,0.0009
15.67,6716430.0,0.0,5875730.0,1382970.0,8.47992e-07,0.00059902,0.00259889,0.00200318,0.0020038,0.00200432,0.00201081,628.824,0.0009
15.675,6716390.0,0.0,5875690.0,1382970.0,8.4799e-07,0.00059755,0.00259743,0.00200317,0.00200379,0.00200432,0.00201081,628.824,0.0009
15.68,6716380.0,0.0,5875680.0,1382970.0,8.47989e-07,0.000597068,0.00259695,0.00200317,0.00200379,0.00200431,0.0020108,629.002,0.0009
15.685,6716410.0,0.0,5875710.0,1382970.0,8.47991e-07,0.000598211,0.00259809,0.00200318,0.00200379,0.00200432,0.00201081,628.926,0.0009
15.69,6716410.0,0.0,5875710.0,1382970.0,8.47991e-07,0.000598211,0.00259809,0.00200318,0.00200379,0.00200432,0.00201081,628.693,0.0009
15.695,6716370.0,0.0,5875670.0,1382970.0,8.47989e-07,0.000596715,0.00259659,0.00200317,0.00200379,0.00200431,0.0020108,628.693,0.0009
15.7,6716360.0,0.0,5875660.0,1382970.0,8.47988e-07,0.000596224,0.0025961,0.00200317,0.00200379,0.00200431,0.0020108,629.504,0.0009
15.705,6716490.0,0.0,5875780.0,1382980.0,8.47996e-07,0.000601438,0.00260131,0.00200319,0.00200381,0.00200433,0.00201082,627.707,0.0009
15.71,6716490.0,0.0,5875780.0,1382980.0,8.47996e-07,0.000601438,0.00260131,0.00200319,0.00200381,0.00200433,0.00201082,622.23,0.0009
15.715,6715580.0,0.0,5875000.0,1382910.0,8.47939e-07,0.000566198,0.00256615,0.00200303,0.00200365,0.00200417,0.00201066,622.23,0.0009
15.72,6715280.0,0.0,5874740.0,1382890.0,8.4792e-07,0.000554639,0.00255462,0.00200298,0.0020036,0.00200412,0.00201061,632.973,0.0009
15.725,6717070.0,0.0,5876270.0,1383020.0,8.48032e-07,0.000623758,0.00262357,0.00200329,0.00200391,0.00200444,0.00201093,633.008,0.0009
15.73,6717070.0,0.0,5876270.0,1383020.0,8.48032e-07,0.000623758,0.00262357,0.00200329,0.00200391,0.00200444,0.00201093,633.118,0.0009
15.735,6717090.0,0.0,5876290.0,1383020.0,8.48033e-07,0.000624462,0.00262427,0.00200329,0.00200391,0.00200444,0.00201093,633.118,0.0009
15.74,6717100.0,0.0,5876300.0,1383020.0,8.48034e-07,0.000624692,0.0026245,0.0020033,0.00200391,0.00200444,0.00201093,629.728,0.0009
15.745,6716530.0,0.0,5875810.0,1382980.0,8.47999e-07,0.000602879,0.00260274,0.0020032,0.00200382,0.00200434,0.00201083,629.902,0.0009
15.75,6716530.0,0.0,5875810.0,1382980.0,8.47999e-07,0.000602879,0.00260274,0.0020032,0.00200382,0.00200434,0.00201083,630.433,0.0009
15.755,6716620.0,0.0,5875890.0,1382990.0,8.48004e-07,0.000606299,0.00260615,0.00200321,0.00200383,0.00200436,0.00201085,630.433,0.0009
15.76,6716650.0,0.0,5875910.0,1382990.0,8.48006e-07,0.000607421,0.00260727,0.00200322,0.00200384,0.00200436,0.00201085,627.229,0.0009
15.765,6716110.0,0.0,5875460.0,1382950.0,8.47972e-07,0.000586804,0.00258671,0.00200312,0.00200374,0.00200427,0.00201076,628.678,0.0009
15.77,6716110.0,0.0,5875460.0,1382950.0,8.47972e-07,0.000586804,0.00258671,0.00200312,0.00200374,0.00200427,0.00201076,633.097,0.0009
15.775,6716850.0,0.0,5876090.0,1383000.0,8.48019e-07,0.000615235,0.00261507,0.00200325,0.00200387,0.0020044,0.00201089,633.097,0.0009
15.78,6717090.0,0.0,5876290.0,1383020.0,8.48034e-07,0.00062456,0.00262437,0.0020033,0.00200391,0.00200444,0.00201093,633.254,0.0009
15.785,6717120.0,0.0,5876320.0,1383020.0,8.48035e-07,0.00062557,0.00262538,0.0020033,0.00200392,0.00200444,0.00201093,632.016,0.0009
15.79,6717120.0,0.0,5876320.0,1383020.0,8.48035e-07,0.00062557,0.00262538,0.0020033,0.00200392,0.00200444,0.00201093,628.242,0.0009
15.795,6716490.0,0.0,5875780.0,1382980.0,8.47996e-07,0.000601284,0.00260115,0.00200319,0.00200381,0.00200433,0.00201082,628.242,0.0009
15.8,6716280.0,0.0,5875600.0,1382960.0,8.47983e-07,0.000593319,0.00259321,0.00200315,0.00200377,0.0020043,0.00201079,627.336,0.0009
15.805,6716130.0,0.0,5875470.0,1382950.0,8.47974e-07,0.000587494,0.0025874,0.00200313,0.00200375,0.00200427,0.00201076,627.378,0.0009
15.81,6716130.0,0.0,5875470.0,1382950.0,8.47974e-07,0.000587494,0.0025874,0.00200313,0.00200375,0.00200427,0.00201076,627.506,0.0009
15.815,6716150.0,0.0,5875490.0,1382960.0,8.47975e-07,0.000588316,0.00258821,0.00200313,0.00200375,0.00200427,0.00201076,627.506,0.0009
15.82,6716160.0,0.0,5875490.0,1382960.0,8.47975e-07,0.000588585,0.00258848,0.00200313,0.00200375,0.00200428,0.00201077,629.285,0.0009
15.825,6716460.0,0.0,5875750.0,1382980.0,8.47994e-07,0.000600031,0.0025999,0.00200318,0.0020038,0.00200433,0.00201082,628.174,0.0009
15.83,6716460.0,0.0,5875750.0,1382980.0,8.47994e-07,0.000600031,0.0025999,0.00200318,0.0020038,0.00200433,0.00201082,624.789,0.0009
15.835,6715890.0,0.0,5875270.0,1382940.0,8.47959e-07,0.000578248,0.00257817,0.00200309,0.0020037,0.00200423,0.00201072,624.789,0.0009
15.84,6715700.0,0.0,5875110.0,1382930.0,8.47947e-07,0.000571104,0.00257104,0.00200305,0.00200367,0.0020042,0.00201069,625.703,0.0009
15.845,6715860.0,0.0,5875240.0,1382940.0,8.47957e-07,0.000576983,0.00257691,0.00200308,0.0020037,0.00200422,0.00201071,626.998,0.0009
15.85,6715860.0,0.0,5875240.0,1382940.0,8.47957e-07,0.000576983,0.00257691,0.00200308,0.0020037,0.00200422,0.00201071,630.949,0.0009
15.855,6716520.0,0.0,5875800.0,1382980.0,8.47998e-07,0.0006024,0.00260226,0.00200319,0.00200381,0.00200434,0.00201083,630.949,0.0009
15.86,6716730.0,0.0,5875990.0,1383000.0,8.48011e-07,0.000610737,0.00261058,0.00200323,0.00200385,0.00200438,0.00201087,631.15,0.0009
15.865,6716770.0,0.0,5876010.0,1383000.0,8.48013e-07,0.000612028,0.00261187,0.00200324,0.00200386,0.00200438,0.00201087,629.899,0.0009
15.87,6716770.0,0.0,5876010.0,1383000.0,8.48013e-07,0.000612028,0.00261187,0.00200324,0.00200386,0.00200438,0.00201087,626.087,0.0009
15.875,6716130.0,0.0,5875470.0,1382950.0,8.47974e-07,0.000587499,0.0025874,0.00200313,0.00200375,0.00200427,0.00201076,626.087,0.0009
15.88,6715920.0,0.0,5875290.0,1382940.0,8.47961e-07,0.000579453,0.00257937,0.00200309,0.00200371,0.00200423,0.00201072,626.589,0.0009
15.885,6716000.0,0.0,5875360.0,1382950.0,8.47966e-07,0.000582687,0.0025826,0.00200311,0.00200372,0.00200425,0.00201074,627.547,0.0009
15.89,6716000.0,0.0,5875360.0,1382950.0,8.47966e-07,0.000582687,0.0025826,0.00200311,0.00200372,0.00200425,0.00201074,630.469,0.0009
15.895,6716490.0,0.0,5875780.0,1382980.0,8.47996e-07,0.000601484,0.00260135,0.00200319,0.00200381,0.00200433,0.00201082,630.469,0.0009
15.9,6716650.0,0.0,5875920.0,1382990.0,8.48006e-07,0.000607649,0.0026075,0.00200322,0.00200384,0.00200436,0.00201085,629.849,0.0009
15.905,6716550.0,0.0,5875830.0,1382980.0,8.48e-07,0.000603659,0.00260352,0.0020032,0.00200382,0.00200434,0.00201083,629.876,0.0009
15.91,6716550.0,0.0,5875830.0,1382980.0,8.48e-07,0.000603659,0.00260352,0.0020032,0.00200382,0.00200434,0.00201083,629.958,0.0009
15.915,6716560.0,0.0,5875840.0,1382980.0,8.48001e-07,0.000604187,0.00260405,0.0020032,0.00200382,0.00200435,0.00201084,629.958,0.0009
15.92,6716570.0,0.0,5875850.0,1382990.0,8.48001e-07,0.00060436,0.00260422,0.0020032,0.00200382,0.00200435,0.00201084,628.648,0.0009
15.925,6716350.0,0.0,5875660.0,1382970.0,8.47987e-07,0.000595932,0.00259581,0.00200317,0.00200378,0.00200431,0.0020108,627.98,0.0009
15.93,6716350.0,0.0,5875660.0,1382970.0,8.47987e-07,0.000595932,0.00259581,0.00200317,0.00200378,0.00200431,0.0020108,625.946,0.0009
15.935,6716010.0,0.0,5875370.0,1382950.0,8.47966e-07,0.000582843,0.00258276,0.00200311,0.00200372,0.00200425,0.00201074,625.946,0.0009
15.94,6715900.0,0.0,5875270.0,1382940.0,8.47959e-07,0.000578551,0.00257847,0.00200309,0.0020037,0.00200423,0.00201072,626.687,0.0009
15.945,6716020.0,0.0,5875380.0,1382950.0,8.47967e-07,0.000583317,0.00258323,0.00200311,0.00200373,0.00200425,0.00201074,626.86,0.0009
15.95,6716020.0,0.0,5875380.0,1382950.0,8.47967e-07,0.000583317,0.00258323,0.00200311,0.00200373,0.00200425,0.00201074,627.387,0.0009
15.955,6716110.0,0.0,5875450.0,1382950.0,8.47972e-07,0.00058671,0.00258661,0.00200312,0.00200374,0.00200427,0.00201076,627.387,0.0009
15.96,6716140.0,0.0,5875480.0,1382960.0,8.47974e-07,0.000587823,0.00258772,0.00200313,0.00200375,0.00200427,0.00201076,630.271,0.0009
15.965,6716620.0,0.0,5875890.0,1382990.0,8.48004e-07,0.000606377,0.00260623,0.00200321,0.00200383,0.00200436,0.00201085,628.859,0.0009
15.97,6716620.0,0.0,5875890.0,1382990.0,8.48004e-07,0.000606377,0.00260623,0.00200321,0.00200383,0.00200436,0.00201085,624.555,0.0009
15.975,6715900.0,0.0,5875280.0,1382940.0,8.47959e-07,0.000578685,0.00257861,0.00200309,0.0020037,0.00200423,0.00201072,624.555,0.0009
15.98,6715660.0,0.0,5875070.0,1382920.0,8.47945e-07,0.000569601,0.00256954,0.00200305,0.00200366,0.00200419,0.00201068,627.938,0.0009
15.985,6716230.0,0.0,5875560.0,1382960.0,8.4798e-07,0.000591363,0.00259125,0.00200314,0.00200376,0.00200429,0.00201078,628.553,0.0009
15.99,6716230.0,0.0,5875560.0,1382960.0,8.4798e-07,0.000591363,0.00259125,0.00200314,0.00200376,0.00200429,0.00201078,630.428,0.0009
15.995,6716540.0,0.0,5875820.0,1382980.0,8.47999e-07,0.000603429,0.00260329,0.0020032,0.00200382,0.00200434,0.00201083,630.428,0.0009
16.0,6716650.0,0.0,5875910.0,1382990.0,8.48006e-07,0.000607387,0.00260724,0.00200322,0.00200383,0.00200436,0.00201085,627.44,0.0009
16.005,6716150.0,0.0,5875490.0,1382960.0,8.47975e-07,0.000588158,0.00258806,0.00200313,0.00200375,0.00200427,0.00201076,627.325,0.0009
16.01,6716150.0,0.0,5875490.0,1382960.0,8.47975e-07,0.000588158,0.00258806,0.00200313,0.00200375,0.00200427,0.00201076,626.974,0.0009
16.015,6716090.0,0.0,5875440.0,1382950.0,8.47971e-07,0.000585904,0.00258581,0.00200312,0.00200374,0.00200426,0.00201075,626.974,0.0009
16.02,6716070.0,0.0,5875420.0,1382950.0,8.4797e-07,0.000585164,0.00258507,0.00200312,0.00200373,0.00200426,0.00201075,627.997,0.0009
16.025,6716240.0,0.0,5875570.0,1382960.0,8.4798e-07,0.000591743,0.00259163,0.00200315,0.00200376,0.00200429,0.00201078,629.278,0.0009
16.03,6716240.0,0.0,5875570.0,1382960.0,8.4798e-07,0.000591743,0.00259163,0.00200315,0.00200376,0.00200429,0.00201078,633.183,0.0009
16.035,6716890.0,0.0,5876120.0,1383010.0,8.48021e-07,0.000616873,0.0026167,0.00200326,0.00200388,0.0020044,0.00201089,633.183,0.0009
16.04,6717110.0,0.0,5876310.0,1383020.0,8.48035e-07,0.000625116,0.00262493,0.0020033,0.00200391,0.00200444,0.00201093,628.051,0.0009
16.045,6716250.0,0.0,5875570.0,1382970.0,8.47981e-07,0.000592091,0.00259198,0.00200315,0.00200377,0.00200429,0.00201078,627.506,0.0009
16.05,6716250.0,0.0,5875570.0,1382970.0,8.47981e-07,0.000592091,0.00259198,0.00200315,0.00200377,0.00200429,0.00201078,625.843,0.0009
16.055,6715970.0,0.0,5875340.0,1382950.0,8.47964e-07,0.000581397,0.00258131,0.0020031,0.00200372,0.00200424,0.00201073,625.843,0.0009
16.06,6715880.0,0.0,5875260.0,1382940.0,8.47958e-07,0.000577889,0.00257781,0.00200308,0.0020037,0.00200423,0.00201072,630.639,0.0009
16.065,6716680.0,0.0,5875940.0,1382990.0,8.48008e-07,0.000608742,0.00260859,0.00200322,0.00200384,0.00200437,0.00201086,629.857,0.0009
16.07,6716680.0,0.0,5875940.0,1383000.0,8.48008e-07,0.000608742,0.00260859,0.00200322,0.00200384,0.00200437,0.00201086,627.473,0.0009
16.075,6716280.0,0.0,5875600.0,1382970.0,8.47983e-07,0.000593404,0.00259329,0.00200315,0.00200377,0.0020043,0.00201079,627.473,0.0009
16.08,6716150.0,0.0,5875490.0,1382960.0,8.47975e-07,0.000588373,0.00258827,0.00200313,0.00200375,0.00200427,0.00201076,631.455,0.0009
16.085,6716820.0,0.0,5876060.0,1383000.0,8.48017e-07,0.000613994,0.00261383,0.00200325,0.00200386,0.00200439,0.00201088,631.141,0.0009
16.09,6716820.0,0.0,5876060.0,1383000.0,8.48017e-07,0.000613994,0.00261383,0.00200325,0.00200386,0.00200439,0.00201088,630.183,0.0009
16.095,6716660.0,0.0,5875920.0,1382990.0,8.48007e-07,0.000607833,0.00260768,0.00200322,0.00200384,0.00200436,0.00201085,630.183,0.0009
16.1,6716610.0,0.0,5875880.0,1382990.0,8.48003e-07,0.000605813,0.00260567,0.00200321,0.00200383,0.00200435,0.00201084,629.088,0.0009
16.105,6716420.0,0.0,5875720.0,1382980.0,8.47992e-07,0.000598767,0.00259864,0.00200318,0.0020038,0.00200432,0.00201081,629.066,0.0009
16.11,6716420.0,0.0,5875720.0,1382980.0,8.47992e-07,0.000598767,0.00259864,0.00200318,0.0020038,0.00200432,0.00201081,628.999,0.0009
16.115,6716410.0,0.0,5875710.0,1382980.0,8.47991e-07,0.000598335,0.00259821,0.00200318,0.00200379,0.00200432,0.00201081,628.999,0.0009
16.12,6716410.0,0.0,5875710.0,1382980.0,8.47991e-07,0.000598194,0.00259807,0.00200318,0.00200379,0.00200432,0.00201081,629.82,0.0009
16.125,6716550.0,0.0,5875830.0,1382990.0,8.47999e-07,0.000603475,0.00260334,0.0020032,0.00200382,0.00200434,0.00201083,630.188,0.0009
16.13,6716550.0,0.0,5875830.0,1382990.0,8.47999e-07,0.000603475,0.00260334,0.0020032,0.00200382,0.00200434,0.00201083,631.309,0.0009
16.135,6716730.0,0.0,5875990.0,1383000.0,8.48011e-07,0.000610689,0.00261053,0.00200323,0.00200385,0.00200438,0.00201087,631.309,0.0009
16.14,6716790.0,0.0,5876040.0,1383000.0,8.48015e-07,0.000613055,0.00261289,0.00200324,0.00200386,0.00200439,0.00201088,626.57,0.0009
16.145,6716000.0,0.0,5875360.0,1382950.0,8.47966e-07,0.000582566,0.00258248,0.0020031,0.00200372,0.00200425,0.00201074,626.2,0.0009
16.15,6716000.0,0.0,5875360.0,1382950.0,8.47966e-07,0.000582566,0.00258248,0.0020031,0.00200372,0.00200425,0.00201074,625.072,0.0009
16.155,6715810.0,0.0,5875200.0,1382940.0,8.47954e-07,0.000575308,0.00257524,0.00200307,0.00200369,0.00200421,0.0020107,625.072,0.0009
16.16,6715750.0,0.0,5875150.0,1382930.0,8.4795e-07,0.000572927,0.00257286,0.00200306,0.00200368,0.0020042,0.00201069,628.204,0.0009
16.165,6716270.0,0.0,5875600.0,1382970.0,8.47983e-07,0.000593076,0.00259296,0.00200315,0.00200377,0.0020043,0.00201079,627.741,0.0009
16.17,6716270.0,0.0,5875600.0,1382970.0,8.47983e-07,0.000593076,0.00259296,0.00200315,0.00200377,0.0020043,0.00201079,626.329,0.0009
16.175,6716040.0,0.0,5875390.0,1382950.0,8.47968e-07,0.000583992,0.0025839,0.00200311,0.00200373,0.00200425,0.00201074,626.329,0.0009
16.18,6715960.0,0.0,5875330.0,1382950.0,8.47963e-07,0.000581012,0.00258093,0.0020031,0.00200371,0.00200424,0.00201073,628.847,0.0009
16.185,6716380.0,0.0,5875690.0,1382980.0,8.47989e-07,0.000597212,0.00259709,0.00200317,0.00200379,0.00200431,0.0020108,628.871,0.0009
16.19,6716380.0,0.0,5875690.0,1382980.0,8.47989e-07,0.000597212,0.00259709,0.00200317,0.00200379,0.00200431,0.0020108,628.946,0.0009
16.195,6716400.0,0.0,5875700.0,1382980.0,8.4799e-07,0.000597696,0.00259757,0.00200317,0.00200379,0.00200432,0.00201081,628.946,0.0009
16.2,6716400.0,0.0,5875700.0,1382980.0,8.4799e-07,0.000597854,0.00259773,0.00200317,0.00200379,0.00200432,0.00201081,624.949,0.0009
16.205,6715730.0,0.0,5875130.0,1382930.0,8.47949e-07,0.000572133,0.00257207,0.00200306,0.00200367,0.0020042,0.00201069,625.844,0.0009
16.21,6715730.0,0.0,5875130.0,1382930.0,8.47949e-07,0.000572133,0.00257207,0.00200306,0.00200367,0.0020042,0.00201069,628.573,0.0009
16.215,6716190.0,0.0,5875520.0,1382960.0,8.47977e-07,0.000589691,0.00258959,0.00200314,0.00200375,0.00200428,0.00201077,628.573,0.0009
16.22,6716340.0,0.0,5875650.0,1382970.0,8.47986e-07,0.00059545,0.00259533,0.00200316,0.00200378,0.00200431,0.0020108,627.102,0.0009
16.225,6716090.0,0.0,5875440.0,1382960.0,8.47971e-07,0.000585988,0.00258589,0.00200312,0.00200374,0.00200426,0.00201075,626.959,0.0009
16.23,6716090.0,0.0,5875440.0,1382960.0,8.47971e-07,0.000585988,0.00258589,0.00200312,0.00200374,0.00200426,0.00201075,626.522,0.0009
16.235,6716020.0,0.0,5875380.0,1382950.0,8.47967e-07,0.000583176,0.00258309,0.00200311,0.00200372,0.00200425,0.00201074,626.522,0.0009
16.24,6715990.0,0.0,5875360.0,1382950.0,8.47965e-07,0.000582253,0.00258217,0.0020031,0.00200372,0.00200425,0.00201074,626.039,0.0009
16.245,6715910.0,0.0,5875290.0,1382950.0,8.4796e-07,0.000579146,0.00257907,0.00200309,0.00200371,0.00200423,0.00201072,626.743,0.0009
16.25,6715910.0,0.0,5875290.0,1382950.0,8.4796e-07,0.000579146,0.00257907,0.00200309,0.00200371,0.00200423,0.00201072,628.89,0.0009
16.255,6716270.0,0.0,5875590.0,1382970.0,8.47982e-07,0.000592963,0.00259285,0.00200315,0.00200377,0.00200429,0.00201078,628.89,0.0009
16.26,6716390.0,0.0,5875690.0,1382980.0,8.4799e-07,0.000597495,0.00259737,0.00200317,0.00200379,0.00200431,0.00201081,627.907,0.0009
16.265,6716230.0,0.0,5875550.0,1382970.0,8.4798e-07,0.000591169,0.00259106,0.00200314,0.00200376,0.00200429,0.00201078,628.393,0.0009
16.27,6716230.0,0.0,5875550.0,1382970.0,8.4798e-07,0.000591169,0.00259106,0.00200314,0.00200376,0.00200429,0.00201078,629.874,0.0009
16.275,6716470.0,0.0,5875760.0,1382980.0,8.47995e-07,0.000600697,0.00260056,0.00200319,0.0020038,0.00200433,0.00201082,629.874,0.0009
16.28,6716550.0,0.0,5875830.0,1382990.0,8.48e-07,0.000603822,0.00260368,0.0020032,0.00200382,0.00200434,0.00201083,630.815,0.0009
16.285,6716710.0,0.0,5875970.0,1383000.0,8.4801e-07,0.00060988,0.00260973,0.00200323,0.00200385,0.00200437,0.00201086,630.506,0.0009
16.29,6716710.0,0.0,5875970.0,1383000.0,8.4801e-07,0.00060988,0.00260973,0.00200323,0.00200385,0.00200437,0.00201086,629.561,0.0009
16.295,6716550.0,0.0,5875830.0,1382990.0,8.48e-07,0.000603803,0.00260366,0.0020032,0.00200382,0.00200434,0.00201083,629.561,0.0009
16.3,6716500.0,0.0,5875790.0,1382990.0,8.47997e-07,0.00060181,0.00260167,0.00200319,0.00200381,0.00200433,0.00201082,627.208,0.0009
16.305,6716110.0,0.0,5875450.0,1382960.0,8.47972e-07,0.000586667,0.00258657,0.00200312,0.00200374,0.00200427,0.00201076,627.619,0.0009
16.31,6716110.0,0.0,5875450.0,1382960.0,8.47972e-07,0.000586667,0.00258657,0.00200312,0.00200374,0.00200427,0.00201076,628.872,0.0009
16.315,6716320.0,0.0,5875630.0,1382970.0,8.47985e-07,0.000594733,0.00259461,0.00200316,0.00200378,0.0020043,0.00201079,628.872,0.0009
16.32,6716390.0,0.0,5875690.0,1382980.0,8.4799e-07,0.000597379,0.00259725,0.00200317,0.00200379,0.00200431,0.0020108,630.512,0.0009
16.325,6716660.0,0.0,5875930.0,1383000.0,8.48007e-07,0.000607926,0.00260778,0.00200322,0.00200384,0.00200436,0.00201085,629.162,0.0009
16.33,6716660.0,0.0,5875930.0,1383000.0,8.48007e-07,0.000607926,0.00260778,0.00200322,0.00200384,0.00200436,0.00201085,625.046,0.0009
16.335,6715970.0,0.0,5875340.0,1382950.0,8.47964e-07,0.000581445,0.00258136,0.0020031,0.00200372,0.00200424,0.00201073,625.046,0.0009
16.34,6715750.0,0.0,5875150.0,1382940.0,8.4795e-07,0.000572759,0.00257269,0.00200306,0.00200368,0.0020042,0.00201069,626.444,0.0009
16.345,6715980.0,0.0,5875340.0,1382950.0,8.47964e-07,0.000581757,0.00258167,0.0020031,0.00200372,0.00200424,0.00201073,626.684,0.0009
16.35,6715980.0,0.0,5875340.0,1382950.0,8.47964e-07,0.000581757,0.00258167,0.0020031,0.00200372,0.00200424,0.00201073,627.416,0.0009
16.355,6716100.0,0.0,5875450.0,1382960.0,8.47972e-07,0.000586464,0.00258637,0.00200312,0.00200374,0.00200426,0.00201075,627.416,0.0009
16.36,6716140.0,0.0,5875480.0,1382960.0,8.47974e-07,0.000588008,0.00258791,0.00200313,0.00200375,0.00200427,0.00201076,626.507,0.0009
16.365,6715990.0,0.0,5875350.0,1382950.0,8.47965e-07,0.000582158,0.00258207,0.0020031,0.00200372,0.00200425,0.00201073,626.408,0.0009
16.37,6715990.0,0.0,5875350.0,1382950.0,8.47965e-07,0.000582158,0.00258207,0.0020031,0.00200372,0.00200425,0.00201073,626.107,0.0009
16.375,6715940.0,0.0,5875310.0,1382950.0,8.47962e-07,0.000580223,0.00258014,0.00200309,0.00200371,0.00200424,0.00201073,626.107,0.0009
16.38,6715920.0,0.0,5875300.0,1382950.0,8.47961e-07,0.000579588,0.00257951,0.00200309,0.00200371,0.00200423,0.00201072,625.594,0.0009
16.385,6715840.0,0.0,5875220.0,1382940.0,8.47955e-07,0.000576282,0.00257621,0.00200308,0.00200369,0.00200422,0.00201071,626.822,0.0009
16.39,6715840.0,0.0,5875220.0,1382940.0,8.47955e-07,0.000576282,0.00257621,0.00200308,0.00200369,0.00200422,0.00201071,630.566,0.0009
16.395,6716460.0,0.0,5875760.0,1382980.0,8.47994e-07,0.000600375,0.00260024,0.00200318,0.0020038,0.00200433,0.00201082,630.566,0.0009
16.4,6716670.0,0.0,5875930.0,1383000.0,8.48007e-07,0.000608278,0.00260813,0.00200322,0.00200384,0.00200436,0.00201085,629.98,0.0009
16.405,6716570.0,0.0,5875850.0,1382990.0,8.48001e-07,0.000604504,0.00260436,0.0020032,0.00200382,0.00200435,0.00201084,630.348,0.0009
16.41,6716570.0,0.0,5875850.0,1382990.0,8.48001e-07,0.000604504,0.00260436,0.0020032,0.00200382,0.00200435,0.00201084,631.472,0.0009
16.415,6716760.0,0.0,5876010.0,1383010.0,8.48013e-07,0.000611735,0.00261158,0.00200324,0.00200385,0.00200438,0.00201087,631.472,0.0009
16.42,6716820.0,0.0,5876060.0,1383010.0,8.48017e-07,0.000614107,0.00261394,0.00200325,0.00200386,0.00200439,0.00201088,627.184,0.0009
16.425,6716100.0,0.0,5875450.0,1382960.0,8.47972e-07,0.000586517,0.00258642,0.00200312,0.00200374,0.00200426,0.00201075,627.895,0.0009
16.43,6716100.0,0.0,5875450.0,1382960.0,8.47972e-07,0.000586517,0.00258642,0.00200312,0.00200374,0.00200426,0.00201075,630.062,0.0009
16.435,6716470.0,0.0,5875760.0,1382990.0,8.47995e-07,0.000600459,0.00260033,0.00200318,0.0020038,0.00200433,0.00201082,630.062,0.0009
16.44,6716590.0,0.0,5875860.0,1382990.0,8.48002e-07,0.000605032,0.00260489,0.00200321,0.00200382,0.00200435,0.00201084,630.853,0.0009
16.445,6716720.0,0.0,5875970.0,1383000.0,8.4801e-07,0.000610125,0.00260997,0.00200323,0.00200385,0.00200437,0.00201086,630.667,0.0009
16.45,6716720.0,0.0,5875970.0,1383000.0,8.4801e-07,0.000610125,0.00260997,0.00200323,0.00200385,0.00200437,0.00201086,630.099,0.0009
16.455,6716620.0,0.0,5875890.0,1383000.0,8.48004e-07,0.000606471,0.00260632,0.00200321,0.00200383,0.00200436,0.00201085,630.099,0.0009
16.46,6716590.0,0.0,5875870.0,1382990.0,8.48002e-07,0.000605272,0.00260513,0.00200321,0.00200382,0.00200435,0.00201084,629.29,0.0009
16.465,6716460.0,0.0,5875750.0,1382990.0,8.47994e-07,0.000600065,0.00259993,0.00200318,0.0020038,0.00200433,0.00201082,629.024,0.0009
16.47,6716460.0,0.0,5875750.0,1382990.0,8.47994e-07,0.000600065,0.00259993,0.00200318,0.0020038,0.00200433,0.00201082,628.213,0.0009
16.475,6716320.0,0.0,5875640.0,1382980.0,8.47985e-07,0.000594846,0.00259473,0.00200316,0.00200378,0.0020043,0.00201079,628.213,0.0009
16.48,6716280.0,0.0,5875600.0,1382970.0,8.47983e-07,0.000593134,0.00259302,0.00200315,0.00200377,0.00200429,0.00201078,626.909,0.0009
16.485,6716060.0,0.0,5875410.0,1382960.0,8.47969e-07,0.000584744,0.00258465,0.00200311,0.00200373,0.00200426,0.00201075,627.527,0.0009
16.49,6716060.0,0.0,5875410.0,1382960.0,8.47969e-07,0.000584744,0.00258465,0.00200311,0.00200373,0.00200426,0.00201075,629.413,0.0009
16.495,6716370.0,0.0,5875680.0,1382980.0,8.47989e-07,0.000596876,0.00259675,0.00200317,0.00200379,0.00200431,0.0020108,629.413,0.0009
16.5,6716480.0,0.0,5875770.0,1382990.0,8.47995e-07,0.000600855,0.00260072,0.00200319,0.0020038,0.00200433,0.00201082,627.863,0.0009
16.505,6716220.0,0.0,5875550.0,1382970.0,8.47979e-07,0.000590881,0.00259077,0.00200314,0.00200376,0.00200428,0.00201077,628.088,0.0009
16.51,6716220.0,0.0,5875550.0,1382970.0,8.47979e-07,0.000590881,0.00259077,0.00200314,0.00200376,0.00200428,0.00201077,628.774,0.0009
16.515,6716330.0,0.0,5875650.0,1382980.0,8.47986e-07,0.0005953,0.00259518,0.00200316,0.00200378,0.0020043,0.00201079,628.774,0.0009
16.52,6716370.0,0.0,5875680.0,1382980.0,8.47989e-07,0.000596749,0.00259663,0.00200317,0.00200379,0.00200431,0.0020108,630.318,0.0009
16.525,6716630.0,0.0,5875900.0,1383000.0,8.48005e-07,0.000606677,0.00260653,0.00200321,0.00200383,0.00200436,0.00201085,629.552,0.0009
16.53,6716630.0,0.0,5875900.0,1383000.0,8.48005e-07,0.000606677,0.00260653,0.00200321,0.00200383,0.00200436,0.00201085,627.216,0.0009
16.535,6716240.0,0.0,5875560.0,1382970.0,8.4798e-07,0.000591651,0.00259154,0.00200314,0.00200376,0.00200429,0.00201078,627.216,0.0009
16.54,6716110.0,0.0,5875460.0,1382960.0,8.47972e-07,0.000586722,0.00258662,0.00200312,0.00200374,0.00200427,0.00201076,627.469,0.0009
16.545,6716150.0,0.0,5875490.0,1382970.0,8.47975e-07,0.00058835,0.00258825,0.00200313,0.00200375,0.00200427,0.00201076,628.115,0.0009
16.55,6716150.0,0.0,5875490.0,1382970.0,8.47975e-07,0.00058835,0.00258825,0.00200313,0.00200375,0.00200427,0.00201076,630.083,0.0009
16.555,6716480.0,0.0,5875770.0,1382990.0,8.47995e-07,0.000601015,0.00260088,0.00200319,0.0020038,0.00200433,0.00201082,630.083,0.0009
16.56,6716590.0,0.0,5875860.0,1383000.0,8.48002e-07,0.000605169,0.00260502,0.00200321,0.00200382,0.00200435,0.00201084,626.721,0.0009
16.565,6716030.0,0.0,5875380.0,1382960.0,8.47967e-07,0.000583536,0.00258344,0.00200311,0.00200373,0.00200425,0.00201074,626.23,0.0009
16.57,6716030.0,0.0,5875380.0,1382960.0,8.47967e-07,0.000583536,0.00258344,0.00200311,0.00200373,0.00200425,0.00201074,624.734,0.0009
16.575,6715780.0,0.0,5875170.0,1382940.0,8.47952e-07,0.000573911,0.00257384,0.00200306,0.00200368,0.00200421,0.0020107,624.734,0.0009
16.58,6715690.0,0.0,5875100.0,1382940.0,8.47946e-07,0.000570755,0.00257069,0.00200305,0.00200367,0.00200419,0.00201068,630.219,0.0009
16.585,6716610.0,0.0,5875880.0,1383000.0,8.48004e-07,0.000606042,0.0026059,0.00200321,0.00200383,0.00200435,0.00201084,629.975,0.0009
16.59,6716610.0,0.0,5875880.0,1383000.0,8.48004e-07,0.000606042,0.0026059,0.00200321,0.00200383,0.00200435,0.00201084,629.232,0.0009
16.595,6716490.0,0.0,5875780.0,1382990.0,8.47996e-07,0.00060126,0.00260113,0.00200319,0.00200381,0.00200433,0.00201082,629.232,0.0009
16.6,6716450.0,0.0,5875740.0,1382990.0,8.47993e-07,0.000599692,0.00259956,0.00200318,0.0020038,0.00200432,0.00201081,629.619,0.0009
16.605,6716510.0,0.0,5875800.0,1382990.0,8.47997e-07,0.000602183,0.00260205,0.00200319,0.00200381,0.00200434,0.00201083,630.078,0.0009
16.61,6716510.0,0.0,5875800.0,1382990.0,8.47997e-07,0.000602183,0.00260205,0.00200319,0.00200381,0.00200434,0.00201083,631.476,0.0009
16.615,6716750.0,0.0,5876000.0,1383010.0,8.48012e-07,0.000611182,0.00261102,0.00200323,0.00200385,0.00200438,0.00201087,631.476,0.0009
16.62,6716820.0,0.0,5876060.0,1383010.0,8.48017e-07,0.000614134,0.00261397,0.00200325,0.00200386,0.00200439,0.00201088,627.633,0.0009
16.625,6716180.0,0.0,5875510.0,1382970.0,8.47977e-07,0.000589406,0.0025893,0.00200313,0.00200375,0.00200428,0.00201077,627.229,0.0009
16.63,6716180.0,0.0,5875510.0,1382970.0,8.47977e-07,0.000589406,0.0025893,0.00200313,0.00200375,0.00200428,0.00201077,625.996,0.0009
16.635,6715970.0,0.0,5875340.0,1382960.0,8.47964e-07,0.000581472,0.00258138,0.0020031,0.00200372,0.00200424,0.00201073,625.996,0.0009
16.64,6715910.0,0.0,5875280.0,1382950.0,8.4796e-07,0.00057887,0.00257879,0.00200309,0.0020037,0.00200423,0.00201072,624.96,0.0009
16.645,6715730.0,0.0,5875130.0,1382940.0,8.47949e-07,0.000572206,0.00257214,0.00200306,0.00200367,0.0020042,0.00201069,626.248,0.0009
16.65,6715730.0,0.0,5875130.0,1382940.0,8.47949e-07,0.000572206,0.00257214,0.00200306,0.00200367,0.0020042,0.00201069,630.174,0.0009
16.655,6716390.0,0.0,5875690.0,1382980.0,8.4799e-07,0.000597468,0.00259734,0.00200317,0.00200379,0.00200431,0.0020108,630.174,0.0009
16.66,6716600.0,0.0,5875880.0,1383000.0,8.48003e-07,0.000605754,0.00260561,0.00200321,0.00200383,0.00200435,0.00201084,623.928,0.0009
16.665,6715560.0,0.0,5874990.0,1382930.0,8.47938e-07,0.000565568,0.00256552,0.00200303,0.00200364,0.00200417,0.00201066,624.355,0.0009
16.67,6715560.0,0.0,5874990.0,1382930.0,8.47938e-07,0.000565568,0.00256552,0.00200303,0.00200364,0.00200417,0.00201066,625.656,0.0009
16.675,6715780.0,0.0,5875170.0,1382940.0,8.47952e-07,0.000573939,0.00257387,0.00200306,0.00200368,0.00200421,0.0020107,625.656,0.0009
16.68,6715850.0,0.0,5875230.0,1382950.0,8.47956e-07,0.000576685,0.00257661,0.00200308,0.00200369,0.00200422,0.00201071,627.856,0.0009
16.685,6716220.0,0.0,5875550.0,1382970.0,8.47979e-07,0.000590843,0.00259073,0.00200314,0.00200376,0.00200428,0.00201077,627.776,0.0009
16.69,6716220.0,0.0,5875550.0,1382970.0,8.47979e-07,0.000590843,0.00259073,0.00200314,0.00200376,0.00200428,0.00201077,627.53,0.0009
16.695,6716180.0,0.0,5875510.0,1382970.0,8.47976e-07,0.000589262,0.00258916,0.00200313,0.00200375,0.00200428,0.00201077,627.53,0.0009
16.7,6716160.0,0.0,5875500.0,1382970.0,8.47976e-07,0.000588743,0.00258864,0.00200313,0.00200375,0.00200427,0.00201076,624.159,0.0009
16.705,6715600.0,0.0,5875020.0,1382930.0,8.4794e-07,0.000567055,0.002567,0.00200303,0.00200365,0.00200418,0.00201066,624.837,0.0009
16.71,6715600.0,0.0,5875020.0,1382930.0,8.4794e-07,0.000567055,0.002567,0.00200303,0.00200365,0.00200418,0.00201066,626.902,0.0009
16.715,6715940.0,0.0,5875310.0,1382950.0,8.47962e-07,0.000580342,0.00258026,0.00200309,0.00200371,0.00200424,0.00201073,626.902,0.0009
16.72,6716060.0,0.0,5875410.0,1382960.0,8.47969e-07,0.0005847,0.0025846,0.00200311,0.00200373,0.00200426,0.00201075,623.951,0.0009
16.725,6715560.0,0.0,5874990.0,1382930.0,8.47938e-07,0.000565717,0.00256567,0.00200303,0.00200364,0.00200417,0.00201066,624.544,0.0009
16.73,6715560.0,0.0,5874990.0,1382930.0,8.47938e-07,0.000565717,0.00256567,0.00200303,0.00200364,0.00200417,0.00201066,626.352,0.0009
16.735,6715870.0,0.0,5875250.0,1382950.0,8.47957e-07,0.000577348,0.00257727,0.00200308,0.0020037,0.00200422,0.00201071,626.352,0.0009
16.74,6715970.0,0.0,5875330.0,1382960.0,8.47963e-07,0.000581163,0.00258108,0.0020031,0.00200371,0.00200424,0.00201073,624.761,0.0009
16.745,6715700.0,0.0,5875110.0,1382940.0,8.47947e-07,0.000570924,0.00257086,0.00200305,0.00200367,0.00200419,0.00201068,625.358,0.0009
16.75,6715700.0,0.0,5875110.0,1382940.0,8.47947e-07,0.000570924,0.00257086,0.00200305,0.00200367,0.00200419,0.00201068,627.18,0.0009
16.755,6716000.0,0.0,5875370.0,1382960.0,8.47966e-07,0.000582647,0.00258256,0.0020031,0.00200372,0.00200425,0.00201074,627.18,0.0009
16.76,6716100.0,0.0,5875450.0,1382970.0,8.47972e-07,0.000586492,0.00258639,0.00200312,0.00200374,0.00200426,0.00201075,625.693,0.0009
16.765,6715860.0,0.0,5875240.0,1382950.0,8.47956e-07,0.000576925,0.00257685,0.00200308,0.00200369,0.00200422,0.00201071,625.381,0.0009
16.77,6715860.0,0.0,5875240.0,1382950.0,8.47956e-07,0.000576925,0.00257685,0.00200308,0.00200369,0.00200422,0.00201071,624.43,0.0009
16.775,6715700.0,0.0,5875100.0,1382940.0,8.47947e-07,0.000570804,0.00257074,0.00200305,0.00200367,0.00200419,0.00201068,624.43,0.0009
16.78,6715640.0,0.0,5875060.0,1382930.0,8.47943e-07,0.000568796,0.00256874,0.00200304,0.00200366,0.00200418,0.00201067,624.668,0.0009
16.785,6715680.0,0.0,5875090.0,1382940.0,8.47946e-07,0.000570329,0.00257027,0.00200305,0.00200366,0.00200419,0.00201068,625.32,0.0009
16.79,6715680.0,0.0,5875090.0,1382940.0,8.47946e-07,0.000570329,0.00257027,0.00200305,0.00200366,0.00200419,0.00201068,627.307,0.0009
16.795,6716020.0,0.0,5875380.0,1382960.0,8.47966e-07,0.000583112,0.00258302,0.0020031,0.00200372,0.00200425,0.00201074,627.307,0.0009
16.8,6716120.0,0.0,5875470.0,1382970.0,8.47973e-07,0.000587305,0.0025872,0.00200312,0.00200374,0.00200427,0.00201076,624.093,0.0009
16.805,6715590.0,0.0,5875010.0,1382930.0,8.4794e-07,0.000566628,0.00256658,0.00200303,0.00200365,0.00200417,0.00201066,624.627,0.0009
16.81,6715590.0,0.0,5875010.0,1382930.0,8.4794e-07,0.000566628,0.00256658,0.00200303,0.00200365,0.00200417,0.00201066,626.254,0.0009
16.815,6715860.0,0.0,5875240.0,1382950.0,8.47957e-07,0.000577098,0.00257702,0.00200308,0.0020037,0.00200422,0.00201071,626.254,0.0009
16.82,6715950.0,0.0,5875320.0,1382960.0,8.47962e-07,0.000580533,0.00258045,0.00200309,0.00200371,0.00200424,0.00201073,629.573,0.0009
16.825,6716500.0,0.0,5875790.0,1382990.0,8.47997e-07,0.000601888,0.00260175,0.00200319,0.00200381,0.00200433,0.00201082,630.116,0.0009
16.83,6716500.0,0.0,5875790.0,1382990.0,8.47997e-07,0.000601888,0.00260175,0.00200319,0.00200381,0.00200433,0.00201082,631.771,0.0009
16.835,6716780.0,0.0,5876030.0,1383010.0,8.48014e-07,0.000612536,0.00261237,0.00200324,0.00200386,0.00200438,0.00201087,631.771,0.0009
16.84,6716870.0,0.0,5876110.0,1383020.0,8.4802e-07,0.000616029,0.00261586,0.00200325,0.00200387,0.0020044,0.00201089,626.769,0.0009
16.845,6716040.0,0.0,5875390.0,1382960.0,8.47968e-07,0.000583848,0.00258376,0.00200311,0.00200373,0.00200425,0.00201074,627.254,0.0009
16.85,6716040.0,0.0,5875390.0,1382960.0,8.47968e-07,0.000583848,0.00258376,0.00200311,0.00200373,0.00200425,0.00201074,628.733,0.0009
16.855,6716280.0,0.0,5875600.0,1382980.0,8.47983e-07,0.000593361,0.00259325,0.00200315,0.00200377,0.00200429,0.00201078,628.733,0.0009
16.86,6716360.0,0.0,5875670.0,1382980.0,8.47988e-07,0.000596482,0.00259636,0.00200317,0.00200378,0.00200431,0.0020108,630.779,0.0009
16.865,6716710.0,0.0,5875960.0,1383010.0,8.48009e-07,0.000609644,0.00260949,0.00200322,0.00200384,0.00200437,0.00201086,630.033,0.0009
16.87,6716710.0,0.0,5875960.0,1383010.0,8.48009e-07,0.000609644,0.00260949,0.00200322,0.00200384,0.00200437,0.00201086,627.759,0.0009
16.875,6716330.0,0.0,5875640.0,1382980.0,8.47986e-07,0.000595013,0.00259489,0.00200316,0.00200378,0.0020043,0.00201079,627.759,0.0009
16.88,6716200.0,0.0,5875530.0,1382970.0,8.47978e-07,0.000590214,0.0025901,0.00200314,0.00200375,0.00200428,0.00201077,630.295,0.0009
16.885,6716620.0,0.0,5875900.0,1383000.0,8.48004e-07,0.000606532,0.00260638,0.00200321,0.00200383,0.00200435,0.00201084,629.773,0.0009
16.89,6716620.0,0.0,5875900.0,1383000.0,8.48004e-07,0.000606532,0.00260638,0.00200321,0.00200383,0.00200435,0.00201084,628.182,0.0009
16.895,6716360.0,0.0,5875670.0,1382980.0,8.47988e-07,0.000596296,0.00259617,0.00200316,0.00200378,0.00200431,0.0020108,628.182,0.0009
16.9,6716270.0,0.0,5875590.0,1382980.0,8.47982e-07,0.000592939,0.00259282,0.00200315,0.00200377,0.00200429,0.00201078,629.627,0.0009
16.905,6716510.0,0.0,5875800.0,1383000.0,8.47997e-07,0.000602234,0.0026021,0.00200319,0.00200381,0.00200433,0.00201083,629.456,0.0009
16.91,6716510.0,0.0,5875800.0,1383000.0,8.47997e-07,0.000602234,0.0026021,0.00200319,0.00200381,0.00200433,0.00201083,628.934,0.0009
16.915,6716430.0,0.0,5875730.0,1382990.0,8.47992e-07,0.000598877,0.00259875,0.00200318,0.00200379,0.00200432,0.00201081,628.934,0.0009
16.92,6716400.0,0.0,5875700.0,1382990.0,8.4799e-07,0.000597776,0.00259765,0.00200317,0.00200379,0.00200431,0.0020108,622.178,0.0009
16.925,6715270.0,0.0,5874740.0,1382910.0,8.4792e-07,0.000554308,0.00255429,0.00200297,0.00200359,0.00200412,0.00201061,623.964,0.0009
16.93,6715270.0,0.0,5874740.0,1382910.0,8.4792e-07,0.000554308,0.00255429,0.00200297,0.00200359,0.00200412,0.00201061,629.411,0.0009
16.935,6716180.0,0.0,5875510.0,1382970.0,8.47977e-07,0.000589351,0.00258924,0.00200313,0.00200375,0.00200428,0.00201077,629.411,0.0009
16.94,6716480.0,0.0,5875770.0,1382990.0,8.47995e-07,0.000600845,0.00260071,0.00200318,0.0020038,0.00200433,0.00201082,627.115,0.0009
16.945,6716090.0,0.0,5875440.0,1382970.0,8.47971e-07,0.000586071,0.00258597,0.00200312,0.00200374,0.00200426,0.00201075,627.352,0.0009
16.95,6716090.0,0.0,5875440.0,1382970.0,8.47971e-07,0.000586071,0.00258597,0.00200312,0.00200374,0.00200426,0.00201075,628.075,0.0009
16.955,6716210.0,0.0,5875540.0,1382980.0,8.47979e-07,0.000590724,0.00259061,0.00200314,0.00200376,0.00200428,0.00201077,628.075,0.0009
16.96,6716250.0,0.0,5875580.0,1382980.0,8.47981e-07,0.00059225,0.00259214,0.00200315,0.00200376,0.00200429,0.00201078,629.477,0.0009
16.965,6716490.0,0.0,5875780.0,1382990.0,8.47996e-07,0.000601271,0.00260114,0.00200319,0.0020038,0.00200433,0.00201082,627.649,0.0009
16.97,6716490.0,0.0,5875780.0,1382990.0,8.47996e-07,0.000601271,0.00260114,0.00200319,0.0020038,0.00200433,0.00201082,622.074,0.0009
16.975,6715560.0,0.0,5874980.0,1382930.0,8.47938e-07,0.000565406,0.00256536,0.00200302,0.00200364,0.00200417,0.00201066,622.074,0.0009
16.98,6715250.0,0.0,5874720.0,1382910.0,8.47919e-07,0.000553642,0.00255362,0.00200297,0.00200359,0.00200411,0.0020106,627.672,0.0009
16.985,6716190.0,0.0,5875520.0,1382970.0,8.47977e-07,0.000589658,0.00258955,0.00200313,0.00200375,0.00200428,0.00201077,627.102,0.0009
16.99,6716190.0,0.0,5875520.0,1382970.0,8.47977e-07,0.000589658,0.00258955,0.00200313,0.00200375,0.00200428,0.00201077,625.363,0.0009
16.995,6715900.0,0.0,5875270.0,1382950.0,8.47959e-07,0.000578471,0.00257839,0.00200308,0.0020037,0.00200423,0.00201072,625.363,0.0009
17.0,6715800.0,0.0,5875190.0,1382950.0,8.47953e-07,0.000574802,0.00257473,0.00200307,0.00200368,0.00200421,0.0020107,627.954,0.0009
17.005,6716240.0,0.0,5874680.0,1382910.0,8.4798e-07,0.00059165,0.00259135,0.00200296,0.00200358,0.0020041,0.00201059,626.991,0.000899
17.01,6716240.0,0.0,5873790.0,1382840.0,8.47981e-07,0.000591833,0.00259135,0.00200278,0.0020034,0.00200392,0.00201041,624.058,0.000898
17.015,6715760.0,0.0,5872480.0,1382730.0,8.4795e-07,0.000573144,0.00257253,0.00200251,0.00200313,0.00200366,0.00201014,624.058,0.000897
17.02,6715600.0,0.0,5871450.0,1382650.0,8.47941e-07,0.000567138,0.00256635,0.0020023,0.00200292,0.00200345,0.00200993,628.481,0.000896
17.025,6716350.0,0.0,5871190.0,1382630.0,8.47987e-07,0.000595776,0.00259473,0.00200224,0.00200287,0.00200339,0.00200987,628.667,0.000895
17.03,6716350.0,0.0,5870290.0,1382560.0,8.47987e-07,0.000595961,0.00259473,0.00200206,0.00200268,0.00200321,0.00200969,629.235,0.000894
17.035,6716450.0,0.0,5869470.0,1382490.0,8.47994e-07,0.000599801,0.00259838,0.00200189,0.00200252,0.00200304,0.00200952,629.235,0.000893
17.04,6716490.0,0.0,5868600.0,1382420.0,8.47996e-07,0.000601185,0.00259957,0.00200171,0.00200234,0.00200286,0.00200934,628.749,0.000892
17.045,6716410.0,0.0,5867620.0,1382350.0,8.47991e-07,0.000598242,0.00259645,0.00200151,0.00200214,0.00200266,0.00200914,628.325,0.000891
17.05,6716410.0,0.0,5866710.0,1382280.0,8.47991e-07,0.00059843,0.00259645,0.00200132,0.00200195,0.00200248,0.00200895,627.035,0.00089
17.055,6716200.0,0.0,5865610.0,1382190.0,8.47978e-07,0.000590316,0.00258817,0.0020011,0.00200173,0.00200225,0.00200872,627.035,0.000889
17.06,6716140.0,0.0,5864640.0,1382110.0,8.47974e-07,0.000587782,0.00258545,0.0020009,0.00200153,0.00200205,0.00200852,626.764,0.000888
17.065,6716100.0,0.0,5863680.0,1382030.0,8.47972e-07,0.000586229,0.00258371,0.0020007,0.00200133,0.00200186,0.00200832,627.7,0.000887
17.07,6716100.0,0.0,5862760.0,1381960.0,8.47972e-07,0.000586418,0.00258371,0.00200051,0.00200115,0.00200167,0.00200813,630.551,0.000886
17.075,6716580.0,0.0,5862250.0,1381920.0,8.48002e-07,0.000604955,0.00260201,0.0020004,0.00200104,0.00200156,0.00200803,630.551,0.000885
17.08,6716750.0,0.0,5861450.0,1381860.0,8.48012e-07,0.000611163,0.00260801,0.00200024,0.00200088,0.0020014,0.00200786,630.645,0.000884
17.085,6716770.0,0.0,5860540.0,1381790.0,8.48013e-07,0.000611957,0.00260861,0.00200005,0.00200069,0.00200121,0.00200767,629.99,0.000883
17.09,6716770.0,0.0,5859610.0,1381710.0,8.48014e-07,0.000612149,0.00260861,0.00199986,0.0020005,0.00200102,0.00200748,627.994,0.000882
17.095,6716440.0,0.0,5858390.0,1381610.0,8.47993e-07,0.000599502,0.0025958,0.00199961,0.00200025,0.00200077,0.00200723,627.994,0.000881
17.1,6716340.0,0.0,5857360.0,1381530.0,8.47987e-07,0.000595484,0.0025916,0.0019994,0.00200004,0.00200056,0.00200702,626.966,0.00088
17.105,6716170.0,0.0,5856270.0,1381450.0,8.47976e-07,0.000589061,0.002585,0.00199917,0.00199982,0.00200034,0.00200679,627.104,0.000879
17.11,6716180.0,0.0,5855330.0,1381370.0,8.47976e-07,0.000589255,0.00258499,0.00199898,0.00199962,0.00200015,0.0020066,627.525,0.000878
17.115,6716250.0,0.0,5854440.0,1381300.0,8.47981e-07,0.00059216,0.0025877,0.00199879,0.00199944,0.00199996,0.00200641,627.525,0.000877
17.12,6716280.0,0.0,5853510.0,1381230.0,8.47983e-07,0.000593244,0.00258858,0.0019986,0.00199925,0.00199977,0.00200622,628.116,0.000876
17.125,6716380.0,0.0,5852640.0,1381160.0,8.47989e-07,0.000597243,0.00259237,0.00199842,0.00199907,0.0019996,0.00200604,628.187,0.000875
17.13,6716390.0,0.0,5851690.0,1381080.0,8.4799e-07,0.00059744,0.00259237,0.00199823,0.00199888,0.0019994,0.00200585,628.404,0.000874
17.135,6716430.0,0.0,5850760.0,1381010.0,8.47992e-07,0.000599035,0.00259376,0.00199804,0.00199869,0.00199921,0.00200565,628.404,0.000873
17.14,6716450.0,0.0,5849810.0,1380930.0,8.47993e-07,0.000599692,0.00259422,0.00199784,0.00199849,0.00199902,0.00200546,627.738,0.000872
17.145,6716340.0,0.0,5848750.0,1380850.0,8.47987e-07,0.000595603,0.00258994,0.00199762,0.00199828,0.0019988,0.00200524,628.089,0.000871
17.15,6716350.0,0.0,5847780.0,1380770.0,8.47987e-07,0.000595803,0.00258994,0.00199742,0.00199808,0.0019986,0.00200504,629.157,0.00087
17.155,6716530.0,0.0,5846960.0,1380710.0,8.47999e-07,0.000602878,0.0025968,0.00199725,0.00199791,0.00199843,0.00200487,629.157,0.000869
17.16,6716590.0,0.0,5846040.0,1380630.0,8.48002e-07,0.000605334,0.00259905,0.00199706,0.00199772,0.00199824,0.00200468,631.139,0.000868
17.165,6716930.0,0.0,5845340.0,1380580.0,8.48023e-07,0.000618287,0.00261177,0.00199692,0.00199758,0.0019981,0.00200453,630.356,0.000867
17.17,6716940.0,0.0,5844360.0,1380500.0,8.48024e-07,0.00061849,0.00261176,0.00199672,0.00199738,0.0019979,0.00200433,627.968,0.000866
17.175,6716540.0,0.0,5843040.0,1380400.0,8.47999e-07,0.000603332,0.00259644,0.00199644,0.00199711,0.00199763,0.00200406,627.968,0.000865
17.18,6716420.0,0.0,5841950.0,1380310.0,8.47991e-07,0.000598497,0.00259141,0.00199622,0.00199688,0.0019974,0.00200383,628.612,0.000864
17.185,6716530.0,0.0,5841050.0,1380240.0,8.47998e-07,0.000602841,0.00259554,0.00199603,0.0019967,0.00199722,0.00200364,628.259,0.000863
17.19,6716530.0,0.0,5840060.0,1380160.0,8.47999e-07,0.000603046,0.00259554,0.00199583,0.0019965,0.00199702,0.00200344,627.182,0.000862
17.195,6716360.0,0.0,5838910.0,1380070.0,8.47988e-07,0.000596323,0.00258863,0.00199559,0.00199626,0.00199678,0.0020032,627.182,0.000861
17.2,6716310.0,0.0,5837860.0,1379980.0,8.47985e-07,0.000594256,0.00258636,0.00199538,0.00199605,0.00199657,0.00200298,631.769,0.00086
17.205,6717080.0,0.0,5837510.0,1379960.0,8.48033e-07,0.000623977,0.0026158,0.0019953,0.00199597,0.00199649,0.00200291,631.296,0.000859
17.21,6717080.0,0.0,5836500.0,1379880.0,8.48033e-07,0.000624184,0.0026158,0.00199509,0.00199577,0.00199629,0.0020027,629.855,0.000858
17.215,6716850.0,0.0,5835290.0,1379780.0,8.48018e-07,0.00061512,0.00260655,0.00199484,0.00199552,0.00199604,0.00200245,629.855,0.000857
17.22,6716770.0,0.0,5834210.0,1379690.0,8.48014e-07,0.000612287,0.00260351,0.00199462,0.0019953,0.00199582,0.00200223,626.675,0.000856
17.225,6716250.0,0.0,5832750.0,1379580.0,8.47981e-07,0.000592041,0.0025831,0.00199432,0.001995,0.00199552,0.00200193,627.726,0.000855
17.23,6716250.0,0.0,5831730.0,1379500.0,8.47981e-07,0.000592251,0.0025831,0.00199411,0.00199479,0.00199531,0.00200171,630.931,0.000854
17.235,6716790.0,0.0,5831160.0,1379450.0,8.48015e-07,0.000613079,0.00260367,0.00199399,0.00199467,0.00199519,0.0020016,630.931,0.000853
17.24,6716980.0,0.0,5830290.0,1379380.0,8.48026e-07,0.000620053,0.00261041,0.00199381,0.00199449,0.00199501,0.00200142,629.087,0.000852
17.245,6716670.0,0.0,5829000.0,1379280.0,8.48007e-07,0.000608405,0.00259858,0.00199354,0.00199423,0.00199475,0.00200115,628.68,0.000851
17.25,6716680.0,0.0,5827970.0,1379200.0,8.48008e-07,0.000608618,0.00259858,0.00199333,0.00199402,0.00199453,0.00200094,627.438,0.00085
17.255,6716480.0,0.0,5826760.0,1379100.0,8.47995e-07,0.000600842,0.00259061,0.00199308,0.00199377,0.00199429,0.00200068,627.438,0.000849
17.26,6716410.0,0.0,5825660.0,1379020.0,8.47991e-07,0.000598436,0.00258799,0.00199286,0.00199354,0.00199406,0.00200046,627.137,0.000848
17.265,6716370.0,0.0,5824580.0,1378930.0,8.47989e-07,0.000596715,0.00258606,0.00199263,0.00199332,0.00199384,0.00200023,628.61,0.000847
17.27,6716380.0,0.0,5823540.0,1378850.0,8.47989e-07,0.000596931,0.00258606,0.00199242,0.00199311,0.00199362,0.00200002,633.1,0.000846
17.275,6717130.0,0.0,5823120.0,1378810.0,8.48036e-07,0.000626037,0.00261487,0.00199233,0.00199302,0.00199354,0.00199993,633.1,0.000845
17.28,6717380.0,0.0,5822280.0,1378750.0,8.48052e-07,0.000635731,0.00262432,0.00199216,0.00199285,0.00199337,0.00199976,623.967,0.000844
17.285,6715860.0,0.0,5819930.0,1378560.0,8.47957e-07,0.000577186,0.0025657,0.00199167,0.00199237,0.00199288,0.00199927,626.34,0.000843
17.29,6715870.0,0.0,5818880.0,1378480.0,8.47957e-07,0.000577405,0.0025657,0.00199145,0.00199215,0.00199267,0.00199905,633.576,0.000842
17.295,6717080.0,0.0,5818840.0,1378470.0,8.48033e-07,0.000624181,0.00261214,0.00199144,0.00199214,0.00199266,0.00199904,633.576,0.000841
17.3,6717490.0,0.0,5818110.0,1378420.0,8.48058e-07,0.000639672,0.00262738,0.00199129,0.00199199,0.00199251,0.00199889,631.247,0.00084
17.305,6717100.0,0.0,5816710.0,1378300.0,8.48034e-07,0.000624911,0.00261243,0.001991,0.00199171,0.00199222,0.0019986,632.04,0.000839
17.31,6717110.0,0.0,5815640.0,1378220.0,8.48035e-07,0.000625133,0.00261243,0.00199078,0.00199149,0.001992,0.00199838,634.458,0.000838
17.315,6717520.0,0.0,5814900.0,1378160.0,8.4806e-07,0.00064091,0.00262794,0.00199063,0.00199133,0.00199185,0.00199823,634.458,0.000837
17.32,6717660.0,0.0,5813940.0,1378080.0,8.48069e-07,0.000646235,0.00263303,0.00199043,0.00199114,0.00199165,0.00199803,626.938,0.000836
17.325,6716400.0,0.0,5811800.0,1377910.0,8.47991e-07,0.000598077,0.00258476,0.00198999,0.0019907,0.00199121,0.00199758,627.22,0.000835
17.33,6716410.0,0.0,5810710.0,1377830.0,8.47991e-07,0.000598302,0.00258476,0.00198976,0.00199047,0.00199099,0.00199736,628.08,0.000834
17.335,6716560.0,0.0,5809740.0,1377750.0,8.48e-07,0.00060406,0.00259028,0.00198956,0.00199027,0.00199079,0.00199715,628.08,0.000833
17.34,6716610.0,0.0,5808690.0,1377670.0,8.48004e-07,0.000606101,0.00259209,0.00198934,0.00199006,0.00199057,0.00199694,627.112,0.000832
17.345,6716460.0,0.0,5807460.0,1377570.0,8.47994e-07,0.000600099,0.00258588,0.00198909,0.0019898,0.00199032,0.00199668,628.116,0.000831
17.35,6716460.0,0.0,5806360.0,1377480.0,8.47994e-07,0.000600327,0.00258587,0.00198886,0.00198958,0.00199009,0.00199645,631.179,0.00083
17.355,6716980.0,0.0,5805680.0,1377430.0,8.48027e-07,0.000620259,0.00260553,0.00198872,0.00198944,0.00198995,0.00199631,631.179,0.000829
17.36,6717160.0,0.0,5804720.0,1377350.0,8.48038e-07,0.000626951,0.00261197,0.00198852,0.00198924,0.00198975,0.00199611,627.915,0.000828
17.365,6716620.0,0.0,5803150.0,1377230.0,8.48004e-07,0.000606182,0.00259102,0.0019882,0.00198892,0.00198943,0.00199578,628.144,0.000827
17.37,6716620.0,0.0,5802030.0,1377140.0,8.48004e-07,0.000606413,0.00259102,0.00198797,0.00198869,0.0019892,0.00199555,628.844,0.000826
17.375,6716740.0,0.0,5801010.0,1377060.0,8.48012e-07,0.000611145,0.00259551,0.00198776,0.00198848,0.00198899,0.00199534,628.844,0.000825
17.38,6716790.0,0.0,5799930.0,1376970.0,8.48015e-07,0.000612853,0.00259698,0.00198753,0.00198825,0.00198877,0.00199511,627.498,0.000824
17.385,6716570.0,0.0,5798610.0,1376870.0,8.48001e-07,0.000604429,0.00258834,0.00198726,0.00198798,0.0019885,0.00199484,627.977,0.000823
17.39,6716580.0,0.0,5797480.0,1376780.0,8.48001e-07,0.000604663,0.00258834,0.00198702,0.00198775,0.00198826,0.00199461,629.438,0.000822
17.395,6716830.0,0.0,5796550.0,1376700.0,8.48017e-07,0.000614299,0.00259772,0.00198683,0.00198756,0.00198807,0.00199441,629.438,0.000821
17.4,6716910.0,0.0,5795490.0,1376620.0,8.48022e-07,0.000617618,0.00260079,0.00198661,0.00198734,0.00198785,0.00199419,626.383,0.00082
17.405,6716410.0,0.0,5793920.0,1376490.0,8.47991e-07,0.000598199,0.00258118,0.00198628,0.00198702,0.00198753,0.00199387,627.081,0.000819
17.41,6716410.0,0.0,5792770.0,1376400.0,8.47991e-07,0.000598436,0.00258118,0.00198605,0.00198678,0.00198729,0.00199363,629.207,0.000818
17.415,6716780.0,0.0,5791920.0,1376340.0,8.48014e-07,0.000612356,0.00259483,0.00198587,0.00198661,0.00198712,0.00199345,629.207,0.000817
17.42,6716900.0,0.0,5790870.0,1376250.0,8.48022e-07,0.000617083,0.0025993,0.00198565,0.00198639,0.0019869,0.00199323,631.803,0.000816
17.425,6717340.0,0.0,5790080.0,1376190.0,8.48049e-07,0.000634027,0.00261596,0.00198549,0.00198623,0.00198674,0.00199307,631.475,0.000815
17.43,6717350.0,0.0,5788920.0,1376100.0,8.48049e-07,0.000634267,0.00261596,0.00198525,0.00198599,0.0019865,0.00199283,630.476,0.000814
17.435,6717180.0,0.0,5787610.0,1375990.0,8.48039e-07,0.000628078,0.00260955,0.00198498,0.00198572,0.00198623,0.00199255,630.476,0.000813
17.44,6717140.0,0.0,5786400.0,1375900.0,8.48036e-07,0.000626211,0.00260744,0.00198472,0.00198547,0.00198598,0.0019923,628.809,0.000812
17.445,6716860.0,0.0,5785000.0,1375790.0,8.48019e-07,0.000615727,0.00259674,0.00198443,0.00198518,0.00198569,0.00199201,628.334,0.000811
17.45,6716870.0,0.0,5783820.0,1375690.0,8.4802e-07,0.000615971,0.00259674,0.00198419,0.00198494,0.00198545,0.00199176,626.887,0.00081
17.455,6716630.0,0.0,5782440.0,1375580.0,8.48005e-07,0.000606905,0.00258745,0.0019839,0.00198465,0.00198516,0.00199148,626.887,0.000809
17.46,6716560.0,0.0,5781190.0,1375480.0,8.48e-07,0.000604097,0.0025844,0.00198364,0.00198439,0.0019849,0.00199122,628.059,0.000808
17.465,6716760.0,0.0,5780170.0,1375400.0,8.48013e-07,0.000611885,0.00259192,0.00198343,0.00198418,0.00198469,0.001991,628.5,0.000807
17.47,6716770.0,0.0,5778980.0,1375310.0,8.48014e-07,0.000612132,0.00259192,0.00198318,0.00198394,0.00198445,0.00199076,629.845,0.000806
17.475,6717000.0,0.0,5777970.0,1375230.0,8.48028e-07,0.000621035,0.00260055,0.00198298,0.00198373,0.00198424,0.00199055,629.845,0.000805
17.48,6717080.0,0.0,5776840.0,1375140.0,8.48033e-07,0.000624123,0.00260338,0.00198274,0.0019835,0.00198401,0.00199031,633.422,0.000804
17.485,6717690.0,0.0,5776130.0,1375080.0,8.48071e-07,0.000647391,0.00262634,0.00198259,0.00198335,0.00198386,0.00199016,634.233,0.000803
17.49,6717690.0,0.0,5774930.0,1374990.0,8.48071e-07,0.000647642,0.00262634,0.00198234,0.0019831,0.00198361,0.00198991,636.703,0.000802
17.495,6718110.0,0.0,5774060.0,1374920.0,8.48097e-07,0.000663791,0.0026422,0.00198216,0.00198292,0.00198343,0.00198973,636.703,0.000801
17.5,6718250.0,0.0,5772960.0,1374830.0,8.48106e-07,0.000669258,0.0026474,0.00198193,0.00198269,0.0019832,0.0019895,628.373,0.0008
17.505,6716870.0,0.0,5770580.0,1374640.0,8.4802e-07,0.00061591,0.00259392,0.00198144,0.0019822,0.00198271,0.001989,627.616,0.000799
17.51,6716880.0,0.0,5769350.0,1374540.0,8.4802e-07,0.000616164,0.00259392,0.00198118,0.00198195,0.00198246,0.00198875,625.307,0.000798
17.515,6716500.0,0.0,5767800.0,1374420.0,8.47996e-07,0.000601563,0.0025791,0.00198086,0.00198163,0.00198214,0.00198843,625.307,0.000797
17.52,6716380.0,0.0,5766470.0,1374310.0,8.47989e-07,0.000596947,0.00257424,0.00198059,0.00198135,0.00198186,0.00198815,627.386,0.000796
17.525,6716730.0,0.0,5765520.0,1374240.0,8.48011e-07,0.000610581,0.00258758,0.00198039,0.00198116,0.00198167,0.00198795,627.47,0.000795
17.53,6716740.0,0.0,5764280.0,1374140.0,8.48011e-07,0.000610839,0.00258758,0.00198013,0.0019809,0.00198141,0.00198769,627.728,0.000794
17.535,6716790.0,0.0,5763070.0,1374040.0,8.48015e-07,0.000612757,0.00258923,0.00197988,0.00198065,0.00198116,0.00198744,627.728,0.000793
17.54,6716810.0,0.0,5761840.0,1373950.0,8.48016e-07,0.000613561,0.00258978,0.00197962,0.0019804,0.00198091,0.00198718,623.413,0.000792
17.545,6716090.0,0.0,5759990.0,1373800.0,8.47971e-07,0.000586053,0.00256207,0.00197924,0.00198002,0.00198052,0.0019868,622.958,0.000791
17.55,6716100.0,0.0,5758730.0,1373700.0,8.47972e-07,0.000586315,0.00256207,0.00197898,0.00197976,0.00198026,0.00198653,621.573,0.00079
17.555,6715870.0,0.0,5757280.0,1373580.0,8.47958e-07,0.000577666,0.00255318,0.00197867,0.00197945,0.00197996,0.00198623,621.573,0.000789
17.56,6715810.0,0.0,5755950.0,1373480.0,8.47953e-07,0.000575006,0.00255026,0.0019784,0.00197918,0.00197969,0.00198595,628.021,0.000788
17.565,6716890.0,0.0,5755580.0,1373450.0,8.48021e-07,0.000616758,0.00259165,0.00197832,0.0019791,0.00197961,0.00198587,627.711,0.000787
17.57,6716900.0,0.0,5754300.0,1373350.0,8.48021e-07,0.000617024,0.00259165,0.00197805,0.00197884,0.00197935,0.00198561,626.766,0.000786
17.575,6716750.0,0.0,5752890.0,1373240.0,8.48012e-07,0.000611211,0.00258558,0.00197776,0.00197855,0.00197905,0.00198531,626.766,0.000785
17.58,6716700.0,0.0,5751570.0,1373130.0,8.48009e-07,0.000609485,0.00258359,0.00197748,0.00197827,0.00197878,0.00198504,627.663,0.000784
17.585,6716860.0,0.0,5750410.0,1373040.0,8.48019e-07,0.000615525,0.00258935,0.00197724,0.00197803,0.00197854,0.00198479,627.391,0.000783
17.59,6716870.0,0.0,5749120.0,1372940.0,8.48019e-07,0.000615794,0.00258934,0.00197697,0.00197777,0.00197827,0.00198453,626.561,0.000782
17.595,6716730.0,0.0,5747700.0,1372820.0,8.48011e-07,0.000610721,0.00258401,0.00197668,0.00197747,0.00197798,0.00198423,626.561,0.000781
17.6,6716700.0,0.0,5746370.0,1372720.0,8.48009e-07,0.00060924,0.00258226,0.0019764,0.0019772,0.0019777,0.00198395,631.822,0.00078
17.605,6717580.0,0.0,5745790.0,1372670.0,8.48064e-07,0.00064337,0.00261604,0.00197628,0.00197708,0.00197758,0.00198383,631.143,0.000779
17.61,6717590.0,0.0,5744480.0,1372570.0,8.48065e-07,0.000643643,0.00261603,0.00197601,0.00197681,0.00197731,0.00198356,629.073,0.000778
17.615,6717250.0,0.0,5742880.0,1372440.0,8.48043e-07,0.000630594,0.00260274,0.00197567,0.00197648,0.00197698,0.00198322,629.073,0.000777
17.62,6717140.0,0.0,5741470.0,1372330.0,8.48037e-07,0.000626498,0.00259838,0.00197538,0.00197618,0.00197669,0.00198293,631.534,0.000776
17.625,6717560.0,0.0,5740490.0,1372250.0,8.48063e-07,0.000642613,0.00261418,0.00197517,0.00197598,0.00197649,0.00198272,630.701,0.000775
17.63,6717570.0,0.0,5739160.0,1372150.0,8.48063e-07,0.00064289,0.00261418,0.0019749,0.00197571,0.00197621,0.00198244,628.161,0.000774
17.635,6717150.0,0.0,5737480.0,1372010.0,8.48037e-07,0.000626827,0.00259787,0.00197455,0.00197536,0.00197586,0.00198209,628.161,0.000773
17.64,6717020.0,0.0,5736030.0,1371900.0,8.48029e-07,0.000621746,0.00259253,0.00197424,0.00197506,0.00197556,0.00198179,630.677,0.000772
17.645,6717450.0,0.0,5735030.0,1371820.0,8.48056e-07,0.00063821,0.00260867,0.00197404,0.00197485,0.00197535,0.00198158,631.417,0.000771
17.65,6717460.0,0.0,5733690.0,1371710.0,8.48056e-07,0.000638491,0.00260867,0.00197376,0.00197457,0.00197508,0.0019813,633.675,0.00077
17.655,6717840.0,0.0,5732650.0,1371630.0,8.4808e-07,0.000653301,0.00262316,0.00197354,0.00197436,0.00197486,0.00198108,633.675,0.000769
17.66,6717970.0,0.0,5731400.0,1371530.0,8.48088e-07,0.00065835,0.00262791,0.00197328,0.0019741,0.0019746,0.00198082,630.363,0.000768
17.665,6717430.0,0.0,5729580.0,1371380.0,8.48054e-07,0.000637324,0.00260665,0.0019729,0.00197372,0.00197422,0.00198044,629.802,0.000767
17.67,6717430.0,0.0,5728220.0,1371280.0,8.48055e-07,0.000637609,0.00260665,0.00197261,0.00197344,0.00197394,0.00198015,628.092,0.000766
17.675,6717150.0,0.0,5726610.0,1371150.0,8.48037e-07,0.000626889,0.00259567,0.00197228,0.0019731,0.00197361,0.00197982,628.092,0.000765
17.68,6717070.0,0.0,5725160.0,1371030.0,8.48032e-07,0.000623566,0.00259207,0.00197198,0.0019728,0.00197331,0.00197951,628.63,0.000764
17.685,6717170.0,0.0,5723860.0,1370930.0,8.48038e-07,0.000627318,0.00259552,0.0019717,0.00197253,0.00197303,0.00197924,628.874,0.000763
17.69,6717170.0,0.0,5722470.0,1370820.0,8.48039e-07,0.000627608,0.00259552,0.00197142,0.00197225,0.00197275,0.00197895,629.617,0.000762
17.695,6717300.0,0.0,5721190.0,1370720.0,8.48047e-07,0.000632682,0.00260029,0.00197115,0.00197198,0.00197248,0.00197868,629.617,0.000761
17.7,6717350.0,0.0,5719830.0,1370610.0,8.4805e-07,0.000634542,0.00260185,0.00197086,0.0019717,0.0019722,0.0019784,627.812,0.00076
17.705,6717060.0,0.0,5718180.0,1370480.0,8.48031e-07,0.000623218,0.00259026,0.00197052,0.00197135,0.00197186,0.00197805,628.698,0.000759
17.71,6717070.0,0.0,5716780.0,1370370.0,8.48032e-07,0.000623511,0.00259026,0.00197023,0.00197106,0.00197156,0.00197776,631.401,0.000758
17.715,6717530.0,0.0,5715740.0,1370290.0,8.48061e-07,0.000641197,0.00260761,0.00197001,0.00197085,0.00197135,0.00197754,631.401,0.000757
17.72,6717680.0,0.0,5714450.0,1370180.0,8.4807e-07,0.000647196,0.00261329,0.00196974,0.00197058,0.00197108,0.00197727,629.924,0.000756
17.725,6717440.0,0.0,5712830.0,1370050.0,8.48055e-07,0.000637986,0.00260381,0.0019694,0.00197024,0.00197074,0.00197693,630.403,0.000755
17.73,6717450.0,0.0,5711410.0,1369940.0,8.48056e-07,0.000638283,0.00260381,0.0019691,0.00196995,0.00197045,0.00197663,631.864,0.000754
17.735,6717700.0,0.0,5710180.0,1369840.0,8.48072e-07,0.000647984,0.00261318,0.00196885,0.00196969,0.00197019,0.00197637,631.864,0.000753
17.74,6717790.0,0.0,5708820.0,1369740.0,8.48077e-07,0.000651367,0.00261626,0.00196856,0.00196941,0.00196991,0.00197609,630.237,0.000752
17.745,6717530.0,0.0,5707150.0,1369600.0,8.48061e-07,0.000641199,0.00260581,0.00196821,0.00196906,0.00196956,0.00197574,629.149,0.000751
17.75,6717530.0,0.0,5705710.0,1369490.0,8.48061e-07,0.000641501,0.00260581,0.00196791,0.00196876,0.00196926,0.00197543,625.833,0.00075
17.755,6716990.0,0.0,5703810.0,1369340.0,8.48027e-07,0.000620466,0.00258452,0.00196751,0.00196837,0.00196887,0.00197503,625.833,0.000749
17.76,6716810.0,0.0,5702210.0,1369210.0,8.48016e-07,0.000613771,0.00257754,0.00196718,0.00196803,0.00196853,0.0019747,626.882,0.000748
17.765,6717000.0,0.0,5700890.0,1369110.0,8.48028e-07,0.000620827,0.00258427,0.0019669,0.00196776,0.00196826,0.00197442,626.805,0.000747
17.77,6717000.0,0.0,5699430.0,1368990.0,8.48028e-07,0.000621133,0.00258427,0.0019666,0.00196746,0.00196796,0.00197411,626.571,0.000746
17.775,6716970.0,0.0,5697930.0,1368870.0,8.48026e-07,0.000619936,0.00258277,0.00196628,0.00196714,0.00196764,0.0019738,626.571,0.000745
17.78,6716970.0,0.0,5696440.0,1368750.0,8.48026e-07,0.000619751,0.00258227,0.00196597,0.00196684,0.00196733,0.00197349,628.62,0.000744
17.785,6717320.0,0.0,5695250.0,1368660.0,8.48048e-07,0.000633248,0.00259542,0.00196572,0.00196659,0.00196708,0.00197324,628.16,0.000743
17.79,6717330.0,0.0,5693760.0,1368540.0,8.48048e-07,0.000633559,0.00259542,0.00196541,0.00196628,0.00196678,0.00197292,626.758,0.000742
17.795,6717100.0,0.0,5692080.0,1368410.0,8.48034e-07,0.000624849,0.00258642,0.00196506,0.00196593,0.00196642,0.00197257,626.758,0.000741
17.8,6717030.0,0.0,5690520.0,1368280.0,8.4803e-07,0.000622203,0.00258347,0.00196473,0.0019656,0.0019661,0.00197224,626.454,0.00074
17.805,6716990.0,0.0,5688980.0,1368160.0,8.48027e-07,0.000620559,0.00258151,0.00196441,0.00196528,0.00196578,0.00197192,627.015,0.000739
17.81,6717000.0,0.0,5687480.0,1368040.0,8.48028e-07,0.000620875,0.00258151,0.00196409,0.00196497,0.00196547,0.0019716,628.725,0.000738
17.815,6717290.0,0.0,5686200.0,1367940.0,8.48046e-07,0.000632196,0.00259248,0.00196382,0.0019647,0.0019652,0.00197133,628.725,0.000737
17.82,6717390.0,0.0,5684760.0,1367820.0,8.48052e-07,0.000636123,0.00259608,0.00196352,0.0019644,0.0019649,0.00197103,628.776,0.000736
17.825,6717410.0,0.0,5683250.0,1367700.0,8.48053e-07,0.000636772,0.00259641,0.0019632,0.00196409,0.00196458,0.00197071,627.613,0.000735
17.83,6717420.0,0.0,5681720.0,1367580.0,8.48054e-07,0.000637092,0.00259641,0.00196288,0.00196377,0.00196426,0.00197039,624.069,0.000734
17.835,6716830.0,0.0,5679700.0,1367420.0,8.48018e-07,0.000614609,0.00257365,0.00196246,0.00196335,0.00196384,0.00196997,624.069,0.000733
17.84,6716650.0,0.0,5678010.0,1367290.0,8.48006e-07,0.000607451,0.00256619,0.00196211,0.00196299,0.00196349,0.00196961,621.98,0.000732
17.845,6716310.0,0.0,5676180.0,1367140.0,8.47985e-07,0.00059433,0.00255278,0.00196172,0.00196261,0.00196311,0.00196922,623.778,0.000731
17.85,6716320.0,0.0,5674630.0,1367020.0,8.47985e-07,0.000594655,0.00255278,0.0019614,0.00196229,0.00196278,0.0019689,629.261,0.00073
17.855,6717240.0,0.0,5673820.0,1366960.0,8.48043e-07,0.000630263,0.00258797,0.00196123,0.00196212,0.00196262,0.00196873,629.261,0.000729
17.86,6717550.0,0.0,5672510.0,1366850.0,8.48062e-07,0.000642164,0.00259951,0.00196095,0.00196185,0.00196234,0.00196845,631.541,0.000728
17.865,6717940.0,0.0,5671250.0,1366750.0,8.48086e-07,0.000657162,0.00261414,0.00196069,0.00196159,0.00196208,0.00196819,629.73,0.000727
17.87,6717950.0,0.0,5669680.0,1366630.0,8.48087e-07,0.000657492,0.00261414,0.00196036,0.00196126,0.00196175,0.00196786,624.211,0.000726
17.875,6717030.0,0.0,5667350.0,1366440.0,8.4803e-07,0.000622311,0.00257871,0.00195987,0.00196077,0.00196127,0.00196737,624.211,0.000725
17.88,6716740.0,0.0,5665520.0,1366300.0,8.48012e-07,0.000610995,0.00256709,0.00195948,0.00196039,0.00196088,0.00196698,631.295,0.000724
17.885,6717930.0,0.0,5664900.0,1366250.0,8.48086e-07,0.000656913,0.00261256,0.00195935,0.00196026,0.00196075,0.00196685,629.794,0.000723
17.89,6717940.0,0.0,5663310.0,1366120.0,8.48087e-07,0.000657248,0.00261255,0.00195902,0.00195993,0.00196042,0.00196651,625.216,0.000722
17.895,6717190.0,0.0,5661080.0,1365940.0,8.48039e-07,0.000628129,0.00258317,0.00195855,0.00195946,0.00195995,0.00196604,625.216,0.000721
17.9,6716940.0,0.0,5659270.0,1365800.0,8.48024e-07,0.000618805,0.00257353,0.00195817,0.00195908,0.00195958,0.00196566,629.982,0.00072
17.905,6717750.0,0.0,5658310.0,1365720.0,8.48075e-07,0.000649814,0.00260412,0.00195797,0.00195888,0.00195937,0.00196546,629.959,0.000719
17.91,6717760.0,0.0,5656690.0,1365600.0,8.48075e-07,0.000650155,0.00260412,0.00195763,0.00195855,0.00195904,0.00196512,629.889,0.000718
17.915,6717760.0,0.0,5655060.0,1365470.0,8.48075e-07,0.000650043,0.00260366,0.00195728,0.0019582,0.00195869,0.00196477,629.889,0.000717
17.92,6717760.0,0.0,5653430.0,1365340.0,8.48075e-07,0.000650238,0.00260351,0.00195694,0.00195786,0.00195835,0.00196443,627.524,0.000716
17.925,6717370.0,0.0,5651470.0,1365180.0,8.48051e-07,0.000635368,0.00258834,0.00195653,0.00195745,0.00195794,0.00196401,628.408,0.000715
17.93,6717380.0,0.0,5649830.0,1365050.0,8.48052e-07,0.000635714,0.00258833,0.00195618,0.00195711,0.0019576,0.00196367,631.1,0.000714
17.935,6717840.0,0.0,5648550.0,1364950.0,8.4808e-07,0.000653387,0.00260561,0.00195591,0.00195684,0.00195733,0.0019634,631.1,0.000713
17.94,6718000.0,0.0,5647010.0,1364830.0,8.4809e-07,0.000659418,0.00261128,0.00195559,0.00195652,0.00195701,0.00196307,630.487,0.000712
17.945,6717910.0,0.0,5645270.0,1364690.0,8.48084e-07,0.000655822,0.00260734,0.00195522,0.00195616,0.00195665,0.00196271,630.676,0.000711
17.95,6717910.0,0.0,5643610.0,1364560.0,8.48085e-07,0.000656173,0.00260734,0.00195487,0.00195581,0.0019563,0.00196235,631.254,0.00071
17.955,6718020.0,0.0,5642010.0,1364430.0,8.48091e-07,0.000660246,0.00261105,0.00195453,0.00195547,0.00195596,0.00196202,631.254,0.000709
17.96,6718060.0,0.0,5640360.0,1364300.0,8.48094e-07,0.000661819,0.00261226,0.00195419,0.00195513,0.00195562,0.00196167,628.732,0.000708
17.965,6717650.0,0.0,5638330.0,1364140.0,8.48068e-07,0.000645945,0.00259607,0.00195376,0.0019547,0.00195519,0.00196124,629.487,0.000707
17.97,6717660.0,0.0,5636640.0,1364000.0,8.48069e-07,0.000646302,0.00259607,0.0019534,0.00195435,0.00195484,0.00196088,631.788,0.000706
17.975,6718050.0,0.0,5635260.0,1363890.0,8.48093e-07,0.000661468,0.00261084,0.00195311,0.00195406,0.00195455,0.00196059,631.788,0.000705
17.98,6718190.0,0.0,5633660.0,1363770.0,8.48102e-07,0.000666684,0.00261568,0.00195277,0.00195373,0.00195421,0.00196025,628.518,0.000704
17.985,6717650.0,0.0,5631510.0,1363590.0,8.48068e-07,0.000646004,0.00259469,0.00195232,0.00195327,0.00195376,0.0019598,628.055,0.000703
17.99,6717660.0,0.0,5629790.0,1363460.0,8.48069e-07,0.000646366,0.00259469,0.00195196,0.00195291,0.0019534,0.00195943,626.643,0.000702
17.995,6717430.0,0.0,5627880.0,1363310.0,8.48055e-07,0.000637645,0.00258563,0.00195156,0.00195251,0.001953,0.00195903,626.643,0.000701
18.0,6717370.0,0.0,5626090.0,1363160.0,8.48051e-07,0.00063503,0.00258265,0.00195118,0.00195214,0.00195263,0.00195865,635.582,0.0007
18.005,6718870.0,0.0,5625560.0,1363120.0,8.48144e-07,0.000692913,0.00264002,0.00195107,0.00195203,0.00195251,0.00195854,633.513,0.000699
18.01,6718880.0,0.0,5623830.0,1362980.0,8.48145e-07,0.00069328,0.00264002,0.0019507,0.00195166,0.00195215,0.00195817,627.206,0.000698
18.015,6717830.0,0.0,5621220.0,1362780.0,8.4808e-07,0.000653065,0.00259953,0.00195015,0.00195112,0.0019516,0.00195762,627.206,0.000697
18.02,6717500.0,0.0,5619190.0,1362620.0,8.48059e-07,0.000640124,0.00258625,0.00194972,0.00195069,0.00195118,0.00195719,631.591,0.000696
18.025,6718240.0,0.0,5618020.0,1362520.0,8.48105e-07,0.000668711,0.0026144,0.00194947,0.00195045,0.00195093,0.00195694,630.602,0.000695
18.03,6718250.0,0.0,5616260.0,1362380.0,8.48106e-07,0.000669085,0.00261439,0.0019491,0.00195008,0.00195056,0.00195657,627.589,0.000694
18.035,6717760.0,0.0,5614080.0,1362210.0,8.48075e-07,0.000650071,0.00259505,0.00194864,0.00194962,0.0019501,0.0019561,627.589,0.000693
18.04,6717600.0,0.0,5612160.0,1362060.0,8.48065e-07,0.000644088,0.00258871,0.00194824,0.00194922,0.0019497,0.0019557,626.445,0.000692
18.045,6717420.0,0.0,5610220.0,1361900.0,8.48054e-07,0.000637102,0.00258136,0.00194783,0.00194881,0.00194929,0.00195529,627.798,0.000691
18.05,6717430.0,0.0,5608430.0,1361760.0,8.48055e-07,0.000637481,0.00258136,0.00194745,0.00194843,0.00194892,0.00195491,631.924,0.00069
18.055,6718130.0,0.0,5607190.0,1361660.0,8.48098e-07,0.000664411,0.00260783,0.00194718,0.00194817,0.00194865,0.00195464,631.924,0.000689
18.06,6718370.0,0.0,5605560.0,1361530.0,8.48113e-07,0.000673501,0.00261652,0.00194684,0.00194783,0.00194831,0.0019543,630.322,0.000688
18.065,6718110.0,0.0,5603530.0,1361370.0,8.48097e-07,0.000663582,0.00260624,0.00194641,0.0019474,0.00194788,0.00195387,630.443,0.000687
18.07,6718120.0,0.0,5601710.0,1361230.0,8.48098e-07,0.000663967,0.00260624,0.00194603,0.00194702,0.0019475,0.00195348,630.811,0.000686
18.075,6718190.0,0.0,5599930.0,1361090.0,8.48102e-07,0.00066672,0.00260859,0.00194565,0.00194665,0.00194713,0.0019531,630.811,0.000685
18.08,6718220.0,0.0,5598120.0,1360940.0,8.48104e-07,0.000667884,0.00260937,0.00194526,0.00194626,0.00194675,0.00195272,629.863,0.000684
18.085,6718070.0,0.0,5596150.0,1360790.0,8.48095e-07,0.000662179,0.00260328,0.00194485,0.00194585,0.00194633,0.0019523,629.735,0.000683
18.09,6718080.0,0.0,5594300.0,1360640.0,8.48095e-07,0.00066257,0.00260328,0.00194446,0.00194546,0.00194594,0.00195191,629.343,0.000682
18.095,6718030.0,0.0,5592390.0,1360490.0,8.48092e-07,0.00066044,0.00260076,0.00194405,0.00194506,0.00194554,0.0019515,629.343,0.000681
18.1,6718010.0,0.0,5590520.0,1360340.0,8.48091e-07,0.000660007,0.00259993,0.00194366,0.00194466,0.00194514,0.0019511,627.993,0.00068
18.105,6717800.0,0.0,5588470.0,1360180.0,8.48078e-07,0.000651717,0.00259127,0.00194322,0.00194423,0.00194471,0.00195067,628.024,0.000679
18.11,6717810.0,0.0,5586590.0,1360030.0,8.48078e-07,0.000652114,0.00259126,0.00194282,0.00194384,0.00194432,0.00195027,628.121,0.000678
18.115,6717840.0,0.0,5584720.0,1359880.0,8.4808e-07,0.000653135,0.00259188,0.00194243,0.00194344,0.00194392,0.00194987,628.121,0.000677
18.12,6717850.0,0.0,5582840.0,1359730.0,8.48081e-07,0.00065374,0.00259208,0.00194203,0.00194305,0.00194353,0.00194947,625.106,0.000676
18.125,6717360.0,0.0,5580530.0,1359550.0,8.4805e-07,0.000634744,0.00257273,0.00194154,0.00194256,0.00194304,0.00194898,626.207,0.000675
18.13,6717370.0,0.0,5578630.0,1359390.0,8.48051e-07,0.000635148,0.00257273,0.00194114,0.00194216,0.00194264,0.00194858,629.564,0.000674
18.135,6717940.0,0.0,5577170.0,1359280.0,8.48086e-07,0.000657157,0.00259427,0.00194083,0.00194185,0.00194233,0.00194826,629.564,0.000673
18.14,6718140.0,0.0,5575400.0,1359140.0,8.48099e-07,0.00066465,0.00260134,0.00194045,0.00194148,0.00194196,0.00194789,631.179,0.000672
18.145,6718420.0,0.0,5573690.0,1359000.0,8.48116e-07,0.000675448,0.0026117,0.00194009,0.00194112,0.0019416,0.00194752,631.803,0.000671
18.15,6718430.0,0.0,5571750.0,1358850.0,8.48117e-07,0.000675859,0.0026117,0.00193968,0.00194071,0.00194119,0.00194711,633.706,0.00067
18.155,6718760.0,0.0,5570070.0,1358710.0,8.48137e-07,0.000688516,0.00262391,0.00193932,0.00194035,0.00194083,0.00194675,633.706,0.000669
18.16,6718870.0,0.0,5568200.0,1358570.0,8.48144e-07,0.000692947,0.00262791,0.00193892,0.00193996,0.00194044,0.00194635,626.603,0.000668
18.165,6717690.0,0.0,5565300.0,1358340.0,8.48071e-07,0.000647655,0.00258232,0.00193831,0.00193935,0.00193982,0.00194574,626.759,0.000667
18.17,6717700.0,0.0,5563340.0,1358180.0,8.48072e-07,0.000648072,0.00258231,0.00193789,0.00193893,0.00193941,0.00194532,627.238,0.000666
18.175,6717800.0,0.0,5561430.0,1358030.0,8.48077e-07,0.000651569,0.00258538,0.00193748,0.00193853,0.00193901,0.00194491,627.238,0.000665
18.18,6717830.0,0.0,5559470.0,1357870.0,8.4808e-07,0.000652999,0.00258639,0.00193707,0.00193812,0.00193859,0.00194449,630.388,0.000664
18.185,6718370.0,0.0,5557910.0,1357750.0,8.48113e-07,0.000673697,0.00260661,0.00193673,0.00193779,0.00193826,0.00194416,631.013,0.000663
18.19,6718380.0,0.0,5555910.0,1357590.0,8.48114e-07,0.000674121,0.0026066,0.00193631,0.00193736,0.00193784,0.00194373,632.917,0.000662
18.195,6718710.0,0.0,5554160.0,1357450.0,8.48134e-07,0.0006868,0.00261882,0.00193594,0.00193699,0.00193747,0.00194336,632.917,0.000661
18.2,6718830.0,0.0,5552240.0,1357300.0,8.48142e-07,0.000691247,0.00262283,0.00193553,0.00193659,0.00193706,0.00194295,634.418,0.00066
18.205,6719090.0,0.0,5550420.0,1357150.0,8.48158e-07,0.000701334,0.00263246,0.00193514,0.0019362,0.00193668,0.00194256,633.165,0.000659
18.21,6719100.0,0.0,5548400.0,1356990.0,8.48159e-07,0.000701765,0.00263246,0.00193471,0.00193578,0.00193625,0.00194213,629.346,0.000658
18.215,6718470.0,0.0,5545860.0,1356790.0,8.4812e-07,0.000677622,0.00260794,0.00193417,0.00193524,0.00193571,0.00194159,629.346,0.000657
18.22,6718270.0,0.0,5543650.0,1356620.0,8.48107e-07,0.000669996,0.0025999,0.0019337,0.00193477,0.00193525,0.00194112,630.48,0.000656
18.225,6718480.0,0.0,5541750.0,1356470.0,8.4812e-07,0.000677732,0.00260718,0.0019333,0.00193437,0.00193484,0.00194071,630.373,0.000655
18.23,6718490.0,0.0,5539700.0,1356300.0,8.48121e-07,0.000678171,0.00260717,0.00193286,0.00193393,0.00193441,0.00194027,630.045,0.000654
18.235,6718440.0,0.0,5537590.0,1356130.0,8.48118e-07,0.0006765,0.00260507,0.00193241,0.00193349,0.00193396,0.00193982,630.045,0.000653
18.24,6718440.0,0.0,5535510.0,1355970.0,8.48117e-07,0.00067625,0.00260437,0.00193197,0.00193305,0.00193352,0.00193938,628.418,0.000652
18.245,6718180.0,0.0,5533210.0,1355790.0,8.48101e-07,0.000666225,0.00259393,0.00193148,0.00193256,0.00193303,0.00193889,628.158,0.000651
18.25,6718190.0,0.0,5531120.0,1355620.0,8.48102e-07,0.00066667,0.00259393,0.00193103,0.00193212,0.00193259,0.00193844,627.367,0.00065
18.255,6718070.0,0.0,5528920.0,1355450.0,8.48094e-07,0.000662026,0.00258884,0.00193056,0.00193165,0.00193212,0.00193797,627.367,0.000649
18.26,6718040.0,0.0,5526790.0,1355280.0,8.48092e-07,0.000660805,0.00258718,0.00193011,0.0019312,0.00193167,0.00193751,630.189,0.000648
18.265,6718520.0,0.0,5525050.0,1355140.0,8.48123e-07,0.000679414,0.00260529,0.00192973,0.00193083,0.0019313,0.00193714,629.271,0.000647
18.27,6718530.0,0.0,5522930.0,1354970.0,8.48123e-07,0.000679867,0.00260528,0.00192928,0.00193038,0.00193085,0.00193669,626.474,0.000646
18.275,6718070.0,0.0,5520430.0,1354770.0,8.48095e-07,0.000662319,0.00258732,0.00192875,0.00192985,0.00193032,0.00193615,626.474,0.000645
18.28,6717930.0,0.0,5518170.0,1354590.0,8.48086e-07,0.000656871,0.00258143,0.00192827,0.00192937,0.00192984,0.00193567,629.839,0.000644
18.285,6718510.0,0.0,5516470.0,1354460.0,8.48122e-07,0.000678989,0.00260303,0.0019279,0.00192901,0.00192948,0.0019353,630.423,0.000643
18.29,6718520.0,0.0,5514320.0,1354290.0,8.48123e-07,0.000679449,0.00260303,0.00192744,0.00192855,0.00192902,0.00193484,632.203,0.000642
18.295,6718830.0,0.0,5512390.0,1354130.0,8.48142e-07,0.000691364,0.00261445,0.00192703,0.00192814,0.00192861,0.00193443,632.203,0.000641
18.3,6718940.0,0.0,5510300.0,1353970.0,8.48149e-07,0.000695585,0.00261819,0.00192658,0.0019277,0.00192817,0.00193398,628.778,0.00064
18.305,6718380.0,0.0,5507660.0,1353760.0,8.48114e-07,0.000674016,0.00259621,0.00192602,0.00192714,0.00192761,0.00193341,628.49,0.000639
18.31,6718390.0,0.0,5505480.0,1353580.0,8.48115e-07,0.000674484,0.00259621,0.00192556,0.00192667,0.00192714,0.00193295,627.612,0.000638
18.315,6718260.0,0.0,5503160.0,1353400.0,8.48106e-07,0.000669302,0.00259057,0.00192506,0.00192618,0.00192665,0.00193245,627.612,0.000637
18.32,6718220.0,0.0,5500920.0,1353220.0,8.48104e-07,0.000667921,0.00258872,0.00192458,0.00192571,0.00192617,0.00193197,630.327,0.000636
18.325,6718690.0,0.0,5499070.0,1353070.0,8.48133e-07,0.000685868,0.00260614,0.00192418,0.00192531,0.00192578,0.00193157,630.277,0.000635
18.33,6718700.0,0.0,5496850.0,1352900.0,8.48134e-07,0.000686344,0.00260614,0.00192371,0.00192484,0.00192531,0.00193109,630.125,0.000634
18.335,6718690.0,0.0,5494590.0,1352720.0,8.48133e-07,0.000685841,0.00260516,0.00192323,0.00192436,0.00192483,0.00193061,630.125,0.000633
18.34,6718690.0,0.0,5492350.0,1352540.0,8.48133e-07,0.000685999,0.00260483,0.00192275,0.00192388,0.00192435,0.00193013,630.926,0.000632
18.345,6718840.0,0.0,5490200.0,1352370.0,8.48142e-07,0.000691636,0.00260997,0.00192229,0.00192343,0.00192389,0.00192967,630.721,0.000631
18.35,6718850.0,0.0,5487950.0,1352190.0,8.48143e-07,0.00069212,0.00260997,0.0019218,0.00192295,0.00192341,0.00192918,630.097,0.00063
18.355,6718760.0,0.0,5485600.0,1352000.0,8.48137e-07,0.00068859,0.00260596,0.0019213,0.00192244,0.00192291,0.00192868,630.097,0.000629
18.36,6718740.0,0.0,5483300.0,1351820.0,8.48136e-07,0.00068776,0.00260464,0.00192081,0.00192195,0.00192242,0.00192818,624.257,0.000628
18.365,6717770.0,0.0,5480250.0,1351580.0,8.48076e-07,0.000650671,0.00256716,0.00192015,0.0019213,0.00192177,0.00192753,624.66,0.000627
18.37,6717780.0,0.0,5477950.0,1351400.0,8.48077e-07,0.000651163,0.00256716,0.00191966,0.00192082,0.00192128,0.00192703,625.889,0.000626
18.375,6718000.0,0.0,5475810.0,1351230.0,8.4809e-07,0.000659563,0.00257504,0.0019192,0.00192036,0.00192082,0.00192657,625.889,0.000625
18.38,6718080.0,0.0,5473550.0,1351050.0,8.48095e-07,0.000662653,0.00257762,0.00191872,0.00191988,0.00192034,0.00192609,632.23,0.000624
18.385,6719160.0,0.0,5472060.0,1350930.0,8.48162e-07,0.000703959,0.00261832,0.0019184,0.00191956,0.00192002,0.00192576,629.99,0.000623
18.39,6719170.0,0.0,5469730.0,1350740.0,8.48163e-07,0.00070446,0.00261832,0.0019179,0.00191906,0.00191952,0.00192526,623.163,0.000622
18.395,6718040.0,0.0,5466500.0,1350490.0,8.48093e-07,0.000661026,0.00257449,0.0019172,0.00191837,0.00191883,0.00192457,623.163,0.000621
18.4,6717680.0,0.0,5463860.0,1350280.0,8.4807e-07,0.000647119,0.00256012,0.00191664,0.00191781,0.00191827,0.001924,624.433,0.00062
18.405,6717910.0,0.0,5461670.0,1350100.0,8.48084e-07,0.0006558,0.00256826,0.00191616,0.00191734,0.0019178,0.00192352,624.976,0.000619
18.41,6717920.0,0.0,5459300.0,1349920.0,8.48085e-07,0.000656309,0.00256826,0.00191566,0.00191683,0.0019173,0.00192301,626.63,0.000618
18.415,6718210.0,0.0,5457140.0,1349740.0,8.48103e-07,0.000667469,0.00257888,0.00191519,0.00191637,0.00191683,0.00192255,626.63,0.000617
18.42,6718310.0,0.0,5454820.0,1349560.0,8.4811e-07,0.000671475,0.00258236,0.00191469,0.00191588,0.00191634,0.00192205,631.003,0.000616
18.425,6719060.0,0.0,5453000.0,1349410.0,8.48156e-07,0.00070013,0.00261042,0.0019143,0.00191549,0.00191595,0.00192165,629.643,0.000615
18.43,6719070.0,0.0,5450590.0,1349220.0,8.48157e-07,0.000700648,0.00261042,0.00191378,0.00191497,0.00191543,0.00192114,625.496,0.000614
18.435,6718390.0,0.0,5447640.0,1348990.0,8.48115e-07,0.000674484,0.0025838,0.00191315,0.00191434,0.0019148,0.0019205,625.496,0.000613
18.44,6718180.0,0.0,5445030.0,1348780.0,8.48101e-07,0.000666254,0.00257507,0.00191259,0.00191378,0.00191424,0.00191994,629.003,0.000612
18.445,6718780.0,0.0,5443050.0,1348630.0,8.48139e-07,0.000689348,0.00259758,0.00191216,0.00191336,0.00191382,0.00191951,628.436,0.000611
18.45,6718790.0,0.0,5440610.0,1348430.0,8.48139e-07,0.000689875,0.00259757,0.00191163,0.00191284,0.0019133,0.00191898,626.708,0.00061
18.455,6718520.0,0.0,5437930.0,1348220.0,8.48122e-07,0.000679284,0.00258648,0.00191106,0.00191226,0.00191272,0.0019184,626.708,0.000609
18.46,6718430.0,0.0,5435390.0,1348020.0,8.48117e-07,0.000676167,0.00258284,0.00191051,0.00191172,0.00191218,0.00191785,627.437,0.000608
18.465,6718570.0,0.0,5433010.0,1347830.0,8.48126e-07,0.000681393,0.00258751,0.00191,0.00191121,0.00191167,0.00191734,627.602,0.000607
18.47,6718580.0,0.0,5430530.0,1347630.0,8.48127e-07,0.000681929,0.00258751,0.00190946,0.00191068,0.00191113,0.0019168,628.105,0.000606
18.475,6718680.0,0.0,5428100.0,1347440.0,8.48133e-07,0.000685705,0.00259074,0.00190894,0.00191016,0.00191061,0.00191627,628.105,0.000605
18.48,6718720.0,0.0,5425620.0,1347240.0,8.48135e-07,0.000687308,0.00259179,0.0019084,0.00190962,0.00191008,0.00191574,626.184,0.000604
18.485,6718420.0,0.0,5422850.0,1347020.0,8.48116e-07,0.000675489,0.00257946,0.00190781,0.00190903,0.00190949,0.00191514,626.166,0.000603
18.49,6718430.0,0.0,5420330.0,1346820.0,8.48117e-07,0.000676034,0.00257946,0.00190726,0.00190849,0.00190895,0.00191459,626.109,0.000602
18.495,6718440.0,0.0,5417790.0,1346620.0,8.48117e-07,0.000676219,0.00257909,0.00190671,0.00190794,0.0019084,0.00191404,626.109,0.000601
18.5,6718450.0,0.0,5415240.0,1346420.0,8.48118e-07,0.00067665,0.00257897,0.00190616,0.0019074,0.00190785,0.00191349,629.609,0.0006
18.505,6719050.0,0.0,5413140.0,1346250.0,8.48155e-07,0.000699723,0.00260143,0.00190571,0.00190695,0.0019074,0.00191303,630.726,0.000599
18.51,6719060.0,0.0,5410570.0,1346040.0,8.48156e-07,0.000700278,0.00260142,0.00190515,0.00190639,0.00190685,0.00191248,634.132,0.000598
18.515,6719650.0,0.0,5408430.0,1345870.0,8.48193e-07,0.000722757,0.00262328,0.00190469,0.00190593,0.00190639,0.00191201,634.132,0.000597
18.52,6719850.0,0.0,5405990.0,1345680.0,8.48205e-07,0.000730506,0.00263045,0.00190416,0.00190541,0.00190586,0.00191148,627.767,0.000596
18.525,6718800.0,0.0,5402570.0,1345410.0,8.4814e-07,0.000690104,0.00258959,0.00190342,0.00190467,0.00190513,0.00191074,627.598,0.000595
18.53,6718810.0,0.0,5399960.0,1345200.0,8.48141e-07,0.000690669,0.00258959,0.00190286,0.00190411,0.00190457,0.00191018,627.086,0.000594
18.535,6718740.0,0.0,5397280.0,1344990.0,8.48136e-07,0.000687936,0.00258629,0.00190228,0.00190354,0.00190399,0.00190959,627.086,0.000593
18.54,6718730.0,0.0,5394630.0,1344780.0,8.48136e-07,0.000687423,0.00258521,0.0019017,0.00190297,0.00190342,0.00190902,625.038,0.000592
18.545,6718400.0,0.0,5391720.0,1344550.0,8.48115e-07,0.000674819,0.00257206,0.00190108,0.00190234,0.00190279,0.00190839,624.709,0.000591
18.55,6718410.0,0.0,5389070.0,1344340.0,8.48116e-07,0.000675394,0.00257206,0.0019005,0.00190177,0.00190222,0.00190781,623.707,0.00059
18.555,6718260.0,0.0,5386280.0,1344120.0,8.48107e-07,0.000669519,0.00256562,0.0018999,0.00190117,0.00190162,0.0019072,623.707,0.000589
18.56,6718220.0,0.0,5383570.0,1343900.0,8.48104e-07,0.000667983,0.00256351,0.00189931,0.00190058,0.00190103,0.00190661,630.993,0.000588
18.565,6719460.0,0.0,5381810.0,1343760.0,8.48181e-07,0.000715458,0.00261027,0.00189893,0.00190021,0.00190066,0.00190623,630.44,0.000587
18.57,6719470.0,0.0,5379120.0,1343550.0,8.48182e-07,0.000716043,0.00261027,0.00189834,0.00189963,0.00190007,0.00190565,628.754,0.000586
18.575,6719200.0,0.0,5376200.0,1343310.0,8.48165e-07,0.000705779,0.00259944,0.00189771,0.00189899,0.00189944,0.00190501,628.754,0.000585
18.58,6719130.0,0.0,5373410.0,1343090.0,8.4816e-07,0.000702809,0.00259589,0.00189711,0.00189839,0.00189884,0.0019044,627.077,0.000584
18.585,6718860.0,0.0,5370470.0,1342860.0,8.48144e-07,0.000692611,0.00258512,0.00189647,0.00189776,0.00189821,0.00190376,628.022,0.000583
18.59,6718880.0,0.0,5367730.0,1342640.0,8.48145e-07,0.000693207,0.00258512,0.00189587,0.00189717,0.00189761,0.00190317,630.902,0.000582
18.595,6719370.0,0.0,5365340.0,1342450.0,8.48176e-07,0.000712342,0.0026036,0.00189535,0.00189665,0.0018971,0.00190265,630.902,0.000581
18.6,6719550.0,0.0,5362700.0,1342240.0,8.48187e-07,0.000719023,0.00260966,0.00189478,0.00189608,0.00189653,0.00190207,628.693,0.00058
18.605,6719190.0,0.0,5359640.0,1342000.0,8.48165e-07,0.00070541,0.00259548,0.00189412,0.00189542,0.00189587,0.00190141,629.024,0.000579
18.61,6719210.0,0.0,5356860.0,1341780.0,8.48166e-07,0.000706016,0.00259548,0.00189351,0.00189482,0.00189526,0.0019008,630.032,0.000578
18.615,6719390.0,0.0,5354190.0,1341570.0,8.48177e-07,0.000713114,0.00260195,0.00189293,0.00189424,0.00189469,0.00190022,630.032,0.000577
18.62,6719470.0,0.0,5351420.0,1341350.0,8.48182e-07,0.000715854,0.00260406,0.00189233,0.00189364,0.00189409,0.00189961,627.576,0.000576
18.625,6719070.0,0.0,5348290.0,1341100.0,8.48157e-07,0.000700665,0.0025883,0.00189165,0.00189297,0.00189341,0.00189893,628.493,0.000575
18.63,6719090.0,0.0,5345460.0,1340870.0,8.48158e-07,0.000701282,0.0025883,0.00189103,0.00189235,0.0018928,0.00189831,631.286,0.000574
18.635,6719570.0,0.0,5342970.0,1340670.0,8.48188e-07,0.000719883,0.00260623,0.00189049,0.00189181,0.00189226,0.00189777,631.286,0.000573
18.64,6719740.0,0.0,5340230.0,1340460.0,8.48199e-07,0.000726404,0.0026121,0.00188989,0.00189122,0.00189166,0.00189717,628.575,0.000572
18.645,6719300.0,0.0,5337020.0,1340200.0,8.48171e-07,0.000709579,0.0025947,0.00188919,0.00189052,0.00189097,0.00189646,627.723,0.000571
18.65,6719320.0,0.0,5334140.0,1339970.0,8.48172e-07,0.000710207,0.00259469,0.00188856,0.0018899,0.00189034,0.00189584,625.127,0.00057
18.655,6718900.0,0.0,5330910.0,1339720.0,8.48146e-07,0.00069413,0.00257802,0.00188786,0.0018892,0.00188964,0.00189513,625.127,0.000569
18.66,6718780.0,0.0,5327910.0,1339480.0,8.48139e-07,0.000689283,0.00257256,0.0018872,0.00188855,0.00188899,0.00189447,628.697,0.000568
18.665,6719390.0,0.0,5325440.0,1339280.0,8.48177e-07,0.000712894,0.00259546,0.00188667,0.00188801,0.00188846,0.00189393,628.443,0.000567
18.67,6719410.0,0.0,5322510.0,1339050.0,8.48178e-07,0.000713533,0.00259546,0.00188603,0.00188738,0.00188782,0.00189329,627.67,0.000566
18.675,6719290.0,0.0,5319470.0,1338810.0,8.48171e-07,0.000709201,0.00259049,0.00188536,0.00188672,0.00188716,0.00189263,627.67,0.000565
18.68,6719270.0,0.0,5316490.0,1338570.0,8.48169e-07,0.000708214,0.00258886,0.00188471,0.00188607,0.00188651,0.00189197,629.768,0.000564
18.685,6719630.0,0.0,5313790.0,1338360.0,8.48192e-07,0.000722368,0.00260233,0.00188412,0.00188548,0.00188592,0.00189138,628.121,0.000563
18.69,6719650.0,0.0,5310810.0,1338120.0,8.48193e-07,0.00072302,0.00260232,0.00188347,0.00188484,0.00188528,0.00189073,623.1,0.000562
18.695,6718830.0,0.0,5307190.0,1337830.0,8.48142e-07,0.000691358,0.00257009,0.00188268,0.00188405,0.00188449,0.00188993,623.1,0.000561
18.7,6718570.0,0.0,5303980.0,1337580.0,8.48126e-07,0.000681415,0.00255952,0.00188198,0.00188335,0.00188379,0.00188923,626.961,0.00056
18.705,6719230.0,0.0,5301450.0,1337380.0,8.48167e-07,0.000706923,0.00258429,0.00188142,0.0018828,0.00188324,0.00188867,626.537,0.000559
18.71,6719250.0,0.0,5298420.0,1337140.0,8.48168e-07,0.000707586,0.00258429,0.00188076,0.00188214,0.00188258,0.00188801,625.244,0.000558
18.715,6719050.0,0.0,5295210.0,1336880.0,8.48156e-07,0.000699932,0.00257598,0.00188006,0.00188144,0.00188188,0.0018873,625.244,0.000557
18.72,6719000.0,0.0,5292110.0,1336630.0,8.48152e-07,0.000697871,0.00257326,0.00187938,0.00188077,0.0018812,0.00188662,625.149,0.000556
18.725,6719000.0,0.0,5289030.0,1336390.0,8.48153e-07,0.000697938,0.00257265,0.0018787,0.0018801,0.00188053,0.00188594,626.01,0.000555
18.73,6719020.0,0.0,5285950.0,1336150.0,8.48154e-07,0.000698613,0.00257265,0.00187803,0.00187943,0.00187986,0.00188527,628.634,0.000554
18.735,6719470.0,0.0,5283180.0,1335930.0,8.48182e-07,0.00071618,0.00258948,0.00187742,0.00187882,0.00187926,0.00188466,628.634,0.000553
18.74,6719640.0,0.0,5280190.0,1335690.0,8.48192e-07,0.000722401,0.002595,0.00187677,0.00187817,0.0018786,0.001884,631.436,0.000552
18.745,6720120.0,0.0,5277420.0,1335470.0,8.48222e-07,0.000741123,0.00261299,0.00187616,0.00187756,0.001878,0.00188339,630.26,0.000551
18.75,6720140.0,0.0,5274290.0,1335220.0,8.48224e-07,0.000741811,0.00261298,0.00187547,0.00187688,0.00187732,0.0018827,626.673,0.00055
18.755,6719560.0,0.0,5270690.0,1334930.0,8.48187e-07,0.000719418,0.00258996,0.00187468,0.0018761,0.00187653,0.00188191,626.673,0.000549
18.76,6719380.0,0.0,5267390.0,1334670.0,8.48176e-07,0.00071254,0.0025824,0.00187396,0.00187537,0.00187581,0.00188118,627.098,0.000548
18.765,6719470.0,0.0,5264260.0,1334420.0,8.48182e-07,0.000715973,0.00258512,0.00187327,0.00187469,0.00187512,0.00188049,627.786,0.000547
18.77,6719490.0,0.0,5261080.0,1334170.0,8.48183e-07,0.000716673,0.00258512,0.00187257,0.001874,0.00187443,0.00187979,629.883,0.000546
18.775,6719860.0,0.0,5258140.0,1333940.0,8.48206e-07,0.000730876,0.00259858,0.00187192,0.00187335,0.00187378,0.00187914,629.883,0.000545
18.78,6719990.0,0.0,5255010.0,1333690.0,8.48214e-07,0.000736011,0.00260299,0.00187124,0.00187267,0.0018731,0.00187845,627.583,0.000544
18.785,6719620.0,0.0,5251500.0,1333410.0,8.48191e-07,0.00072192,0.00258822,0.00187046,0.0018719,0.00187233,0.00187768,627.725,0.000543
18.79,6719640.0,0.0,5248260.0,1333150.0,8.48193e-07,0.000722634,0.00258822,0.00186975,0.00187119,0.00187162,0.00187696,628.16,0.000542
18.795,6719730.0,0.0,5245060.0,1332900.0,8.48198e-07,0.000726148,0.002591,0.00186904,0.00187049,0.00187092,0.00187625,628.16,0.000541
18.8,6719780.0,0.0,5241810.0,1332640.0,8.48201e-07,0.000727786,0.00259191,0.00186833,0.00186978,0.00187021,0.00187553,628.844,0.00054
18.805,6719910.0,0.0,5238610.0,1332390.0,8.48209e-07,0.000732913,0.0025963,0.00186762,0.00186908,0.0018695,0.00187483,629.016,0.000539
18.81,6719930.0,0.0,5235310.0,1332120.0,8.4821e-07,0.000733641,0.0025963,0.0018669,0.00186835,0.00186878,0.0018741,629.54,0.000538
18.815,6720030.0,0.0,5232060.0,1331870.0,8.48217e-07,0.000737743,0.00259965,0.00186618,0.00186764,0.00186807,0.00187338,629.54,0.000537
18.82,6720080.0,0.0,5228760.0,1331600.0,8.4822e-07,0.000739583,0.00260075,0.00186545,0.00186692,0.00186734,0.00187265,623.6,0.000536
18.825,6719110.0,0.0,5224680.0,1331280.0,8.48159e-07,0.000702097,0.00256263,0.00186455,0.00186602,0.00186645,0.00187175,624.964,0.000535
18.83,6719130.0,0.0,5221330.0,1331010.0,8.4816e-07,0.000702838,0.00256262,0.00186381,0.00186529,0.00186571,0.001871,629.12,0.000534
18.835,6719840.0,0.0,5218480.0,1330790.0,8.48205e-07,0.000730336,0.0025893,0.00186318,0.00186466,0.00186508,0.00187037,629.12,0.000533
18.84,6720090.0,0.0,5215260.0,1330530.0,8.4822e-07,0.000739859,0.00259805,0.00186247,0.00186395,0.00186438,0.00186966,626.742,0.000532
18.845,6719710.0,0.0,5211570.0,1330240.0,8.48197e-07,0.000725305,0.00258278,0.00186165,0.00186314,0.00186356,0.00186884,626.726,0.000531
18.85,6719730.0,0.0,5208160.0,1329970.0,8.48198e-07,0.00072606,0.00258277,0.0018609,0.00186239,0.00186281,0.00186808,626.675,0.00053
18.855,6719740.0,0.0,5204730.0,1329690.0,8.48199e-07,0.000726497,0.00258245,0.00186014,0.00186163,0.00186206,0.00186732,626.675,0.000529
18.86,6719760.0,0.0,5201280.0,1329420.0,8.482e-07,0.000727153,0.00258234,0.00185938,0.00186088,0.0018613,0.00186656,630.857,0.000528
18.865,6720480.0,0.0,5198340.0,1329190.0,8.48245e-07,0.000754833,0.00260917,0.00185872,0.00186023,0.00186065,0.0018659,630.953,0.000527
18.87,6720500.0,0.0,5194870.0,1328910.0,8.48246e-07,0.000755602,0.00260917,0.00185796,0.00185946,0.00185989,0.00186513,631.245,0.000526
18.875,6720570.0,0.0,5191410.0,1328640.0,8.4825e-07,0.000758257,0.00261104,0.00185719,0.0018587,0.00185912,0.00186436,631.245,0.000525
18.88,6720600.0,0.0,5187930.0,1328360.0,8.48252e-07,0.000759651,0.00261165,0.00185642,0.00185793,0.00185835,0.00186359,629.362,0.000524
18.885,6720310.0,0.0,5184180.0,1328060.0,8.48234e-07,0.000748315,0.00259956,0.00185559,0.00185711,0.00185753,0.00186275,628.949,0.000523
18.89,6720330.0,0.0,5180650.0,1327780.0,8.48235e-07,0.000749099,0.00259955,0.0018548,0.00185633,0.00185675,0.00186197,627.688,0.000522
18.895,6720140.0,0.0,5176940.0,1327490.0,8.48224e-07,0.000741772,0.00259146,0.00185398,0.00185551,0.00185593,0.00186114,627.688,0.000521
18.9,6720090.0,0.0,5173330.0,1327200.0,8.48221e-07,0.000739902,0.0025888,0.00185318,0.00185471,0.00185513,0.00186034,624.635,0.00052
18.905,6719600.0,0.0,5169380.0,1326890.0,8.4819e-07,0.000721053,0.0025692,0.0018523,0.00185384,0.00185425,0.00185945,625.904,0.000519
18.91,6719620.0,0.0,5165780.0,1326600.0,8.48191e-07,0.000721852,0.0025692,0.0018515,0.00185304,0.00185346,0.00185865,629.773,0.000518
18.915,6720290.0,0.0,5162640.0,1326350.0,8.48233e-07,0.000747557,0.00259402,0.0018508,0.00185235,0.00185276,0.00185795,629.773,0.000517
18.92,6720520.0,0.0,5159170.0,1326080.0,8.48247e-07,0.000756531,0.00260216,0.00185003,0.00185158,0.001852,0.00185718,627.098,0.000516
18.925,6720100.0,0.0,5155200.0,1325760.0,8.48221e-07,0.000740125,0.00258499,0.00184915,0.0018507,0.00185112,0.00185629,627.597,0.000515
18.93,6720120.0,0.0,5151550.0,1325470.0,8.48222e-07,0.00074094,0.00258498,0.00184833,0.00184989,0.00185031,0.00185548,629.12,0.000514
18.935,6720390.0,0.0,5148060.0,1325190.0,8.48239e-07,0.00075156,0.00259475,0.00184756,0.00184912,0.00184953,0.0018547,629.12,0.000513
18.94,6720500.0,0.0,5144430.0,1324900.0,8.48246e-07,0.000755597,0.00259795,0.00184675,0.00184831,0.00184873,0.00185388,623.128,0.000512
18.945,6719520.0,0.0,5140000.0,1324550.0,8.48185e-07,0.000717862,0.00255949,0.00184576,0.00184733,0.00184774,0.00185289,624.716,0.000511
18.95,6719540.0,0.0,5136280.0,1324260.0,8.48186e-07,0.000718692,0.00255949,0.00184493,0.00184651,0.00184692,0.00185206,629.555,0.00051
18.955,6720370.0,0.0,5133120.0,1324010.0,8.48238e-07,0.000750676,0.00259054,0.00184422,0.0018458,0.00184622,0.00185135,629.555,0.000509
18.96,6720660.0,0.0,5129560.0,1323720.0,8.48256e-07,0.000761732,0.00260073,0.00184343,0.00184501,0.00184543,0.00185056,624.495,0.000508
18.965,6719830.0,0.0,5125180.0,1323380.0,8.48204e-07,0.00073001,0.00256825,0.00184245,0.00184404,0.00184445,0.00184957,625.565,0.000507
18.97,6719860.0,0.0,5121390.0,1323070.0,8.48206e-07,0.000730857,0.00256824,0.00184161,0.0018432,0.00184361,0.00184872,628.826,0.000506
18.975,6720420.0,0.0,5117980.0,1322800.0,8.48241e-07,0.000752698,0.00258917,0.00184084,0.00184244,0.00184285,0.00184796,628.826,0.000505
18.98,6720620.0,0.0,5114290.0,1322510.0,8.48254e-07,0.000760437,0.00259603,0.00184002,0.00184162,0.00184203,0.00184713,622.63,0.000504
18.985,6719610.0,0.0,5109700.0,1322150.0,8.48191e-07,0.000721419,0.00255625,0.00183899,0.0018406,0.00184101,0.0018461,624.007,0.000503
18.99,6719630.0,0.0,5105850.0,1321840.0,8.48192e-07,0.000722282,0.00255625,0.00183813,0.00183974,0.00184015,0.00184524,628.205,0.000502
18.995,6720360.0,0.0,5102480.0,1321570.0,8.48237e-07,0.000750171,0.00258319,0.00183737,0.00183899,0.0018394,0.00184448,628.205,0.000501
19.0,6720610.0,0.0,5098760.0,1321280.0,8.48253e-07,0.000759905,0.00259202,0.00183654,0.00183816,0.00183857,0.00184364,629.792,0.0005
19.005,6720900.0,0.0,5095040.0,1320980.0,8.48271e-07,0.000770999,0.0026022,0.0018357,0.00183733,0.00183774,0.00184281,629.967,0.000499
19.01,6720920.0,0.0,5091120.0,1320670.0,8.48272e-07,0.000771879,0.0026022,0.00183482,0.00183645,0.00183686,0.00184192,630.502,0.000498
19.015,6721030.0,0.0,5087240.0,1320360.0,8.48279e-07,0.000776209,0.00260563,0.00183395,0.00183559,0.00183599,0.00184105,630.502,0.000497
19.02,6721090.0,0.0,5083300.0,1320050.0,8.48283e-07,0.000778227,0.00260675,0.00183307,0.00183471,0.00183511,0.00184016,632.552,0.000496
19.025,6721450.0,0.0,5079560.0,1319750.0,8.48305e-07,0.000792313,0.0026199,0.00183223,0.00183387,0.00183428,0.00183932,630.995,0.000495
19.03,6721480.0,0.0,5075570.0,1319440.0,8.48307e-07,0.000793211,0.00261989,0.00183133,0.00183298,0.00183339,0.00183842,626.248,0.000494
19.035,6720710.0,0.0,5070990.0,1319070.0,8.48259e-07,0.000763564,0.00258942,0.0018303,0.00183196,0.00183236,0.00183739,626.248,0.000493
19.04,6720470.0,0.0,5066780.0,1318740.0,8.48244e-07,0.00075445,0.00257942,0.00182936,0.00183101,0.00183142,0.00183644,626.723,0.000492
19.045,6720570.0,0.0,5062790.0,1318420.0,8.4825e-07,0.000758415,0.00258246,0.00182846,0.00183012,0.00183052,0.00183554,626.456,0.000491
19.05,6720600.0,0.0,5058720.0,1318100.0,8.48252e-07,0.000759331,0.00258246,0.00182754,0.00182921,0.00182961,0.00183462,625.645,0.00049
19.055,6720480.0,0.0,5054540.0,1317760.0,8.48245e-07,0.00075503,0.00257724,0.0018266,0.00182827,0.00182867,0.00183367,625.645,0.000489
19.06,6720460.0,0.0,5050410.0,1317440.0,8.48244e-07,0.000754242,0.00257553,0.00182567,0.00182735,0.00182775,0.00183274,627.402,0.000488
19.065,6720780.0,0.0,5046500.0,1317130.0,8.48264e-07,0.000766483,0.0025868,0.00182479,0.00182647,0.00182687,0.00183185,627.283,0.000487
19.07,6720810.0,0.0,5042360.0,1316800.0,8.48265e-07,0.000767418,0.0025868,0.00182385,0.00182554,0.00182594,0.00183092,626.92,0.000486
19.075,6720770.0,0.0,5038160.0,1316460.0,8.48263e-07,0.000766022,0.00258446,0.00182291,0.0018246,0.001825,0.00182997,626.92,0.000485
19.08,6720770.0,0.0,5033970.0,1316130.0,8.48263e-07,0.0007662,0.00258369,0.00182196,0.00182366,0.00182405,0.00182902,627.139,0.000484
19.085,6720830.0,0.0,5029800.0,1315800.0,8.48267e-07,0.000768556,0.00258509,0.00182102,0.00182272,0.00182312,0.00182807,627.699,0.000483
19.09,6720860.0,0.0,5025590.0,1315470.0,8.48268e-07,0.000769509,0.00258509,0.00182007,0.00182177,0.00182217,0.00182712,629.405,0.000482
19.095,6721170.0,0.0,5021560.0,1315140.0,8.48288e-07,0.000781451,0.00259603,0.00181915,0.00182086,0.00182126,0.0018262,629.405,0.000481
19.1,6721290.0,0.0,5017380.0,1314810.0,8.48295e-07,0.000786016,0.00259962,0.00181821,0.00181992,0.00182032,0.00182525,628.687,0.00048
19.105,6721190.0,0.0,5013020.0,1314470.0,8.48289e-07,0.000782367,0.00259501,0.00181722,0.00181894,0.00181933,0.00182426,629.483,0.000479
19.11,6721220.0,0.0,5008730.0,1314130.0,8.48291e-07,0.00078334,0.002595,0.00181625,0.00181797,0.00181837,0.00182329,631.907,0.000478
19.115,6721650.0,0.0,5004700.0,1313810.0,8.48318e-07,0.000799923,0.00261056,0.00181534,0.00181706,0.00181746,0.00182237,631.907,0.000477
19.12,6721810.0,0.0,5000470.0,1313470.0,8.48328e-07,0.000806023,0.00261566,0.00181438,0.00181611,0.0018165,0.00182141,635.582,0.000476
19.125,6722450.0,0.0,4996550.0,1313160.0,8.48367e-07,0.000830672,0.00263924,0.00181349,0.00181522,0.00181562,0.00182052,633.45,0.000475
19.13,6722470.0,0.0,4992190.0,1312810.0,8.48369e-07,0.000831664,0.00263924,0.00181249,0.00181424,0.00181463,0.00181952,626.95,0.000474
19.135,6721410.0,0.0,4987040.0,1312400.0,8.48303e-07,0.000790818,0.00259751,0.00181133,0.00181307,0.00181347,0.00181835,626.95,0.000473
19.14,6721080.0,0.0,4982390.0,1312030.0,8.48282e-07,0.000778095,0.00258382,0.00181027,0.00181202,0.00181241,0.00181729,632.75,0.000472
19.145,6722080.0,0.0,4978630.0,1311740.0,8.48344e-07,0.000816438,0.00262104,0.00180941,0.00181117,0.00181156,0.00181643,632.377,0.000471
19.15,6722100.0,0.0,4974190.0,1311380.0,8.48346e-07,0.00081745,0.00262103,0.0018084,0.00181017,0.00181056,0.00181542,631.242,0.00047
19.155,6721940.0,0.0,4969590.0,1311020.0,8.48336e-07,0.000811159,0.00261374,0.00180736,0.00180912,0.00180951,0.00181437,631.242,0.000469
19.16,6721910.0,0.0,4965060.0,1310660.0,8.48334e-07,0.000809784,0.00261134,0.00180633,0.0018081,0.00180849,0.00181333,627.502,0.000468
19.165,6721310.0,0.0,4960120.0,1310270.0,8.48296e-07,0.000786741,0.00258733,0.0018052,0.00180698,0.00180737,0.0018122,627.603,0.000467
19.17,6721330.0,0.0,4955600.0,1309910.0,8.48298e-07,0.000787774,0.00258733,0.00180417,0.00180595,0.00180634,0.00181117,627.913,0.000466
19.175,6721410.0,0.0,4951080.0,1309550.0,8.48303e-07,0.000790806,0.00258931,0.00180314,0.00180493,0.00180531,0.00181013,627.913,0.000465
19.18,6721460.0,0.0,4946530.0,1309190.0,8.48306e-07,0.000792502,0.00258995,0.0018021,0.00180389,0.00180428,0.00180909,629.905,0.000464
19.185,6721820.0,0.0,4942170.0,1308840.0,8.48328e-07,0.000806377,0.00260273,0.0018011,0.0018029,0.00180328,0.00180809,629.178,0.000463
19.19,6721840.0,0.0,4937560.0,1308470.0,8.4833e-07,0.000807431,0.00260273,0.00180005,0.00180185,0.00180224,0.00180703,626.963,0.000462
19.195,6721500.0,0.0,4932670.0,1308090.0,8.48308e-07,0.000794232,0.0025885,0.00179893,0.00180074,0.00180112,0.00180591,626.963,0.000461
19.2,6721410.0,0.0,4927940.0,1307710.0,8.48303e-07,0.00079062,0.00258383,0.00179785,0.00179966,0.00180005,0.00180482,629.255,0.00046
19.205,6721820.0,0.0,4923530.0,1307360.0,8.48328e-07,0.000806446,0.00259854,0.00179684,0.00179866,0.00179904,0.00180381,628.229,0.000459
19.21,6721850.0,0.0,4918840.0,1306990.0,8.4833e-07,0.000807522,0.00259853,0.00179576,0.00179759,0.00179797,0.00180273,625.098,0.000458
19.215,6721350.0,0.0,4913770.0,1306580.0,8.48299e-07,0.000788454,0.00257843,0.0017946,0.00179643,0.00179681,0.00180157,625.098,0.000457
19.22,6721210.0,0.0,4908920.0,1306200.0,8.4829e-07,0.000782931,0.00257184,0.00179349,0.00179532,0.0017957,0.00180045,626.311,0.000456
19.225,6721440.0,0.0,4904290.0,1305830.0,8.48305e-07,0.000791831,0.00257961,0.00179243,0.00179427,0.00179465,0.00179938,627.338,0.000455
19.23,6721470.0,0.0,4899520.0,1305450.0,8.48306e-07,0.000792929,0.00257961,0.00179133,0.00179317,0.00179355,0.00179828,630.469,0.000454
19.235,6722020.0,0.0,4895070.0,1305100.0,8.48341e-07,0.000814192,0.0025997,0.00179031,0.00179216,0.00179254,0.00179726,630.469,0.000453
19.24,6722220.0,0.0,4890370.0,1304730.0,8.48353e-07,0.000821914,0.00260629,0.00178923,0.00179108,0.00179146,0.00179617,628.415,0.000452
19.245,6721910.0,0.0,4885290.0,1304320.0,8.48334e-07,0.000809807,0.00259309,0.00178806,0.00178992,0.00179029,0.001795,628.331,0.000451
19.25,6721940.0,0.0,4880430.0,1303940.0,8.48336e-07,0.000810928,0.00259309,0.00178694,0.0017888,0.00178918,0.00179388,628.074,0.00045
19.255,6721920.0,0.0,4875510.0,1303540.0,8.48335e-07,0.000810402,0.00259143,0.0017858,0.00178767,0.00178805,0.00179274,628.074,0.000449
19.26,6721940.0,0.0,4870590.0,1303150.0,8.48336e-07,0.000810992,0.00259088,0.00178467,0.00178655,0.00178692,0.0017916,627.709,0.000448
19.265,6721910.0,0.0,4865610.0,1302760.0,8.48334e-07,0.000809784,0.00258854,0.00178352,0.0017854,0.00178578,0.00179045,626.793,0.000447
19.27,6721940.0,0.0,4860660.0,1302370.0,8.48336e-07,0.000810928,0.00258853,0.00178238,0.00178427,0.00178464,0.0017893,624.001,0.000446
19.275,6721500.0,0.0,4855360.0,1301940.0,8.48308e-07,0.000794106,0.0025706,0.00178115,0.00178305,0.00178342,0.00178808,624.001,0.000445
19.28,6721380.0,0.0,4850260.0,1301540.0,8.48301e-07,0.000789366,0.00256472,0.00177998,0.00178187,0.00178225,0.00178689,628.384,0.000444
19.285,6722140.0,0.0,4845730.0,1301180.0,8.48348e-07,0.000818749,0.00259285,0.00177893,0.00178083,0.0017812,0.00178584,627.798,0.000443
19.29,6722170.0,0.0,4840690.0,1300780.0,8.4835e-07,0.000819918,0.00259284,0.00177776,0.00177967,0.00178004,0.00178467,626.01,0.000442
19.295,6721900.0,0.0,4835410.0,1300360.0,8.48333e-07,0.000809585,0.00258136,0.00177654,0.00177845,0.00177882,0.00178345,626.01,0.000441
19.3,6721830.0,0.0,4830260.0,1299950.0,8.48329e-07,0.00080699,0.00257759,0.00177534,0.00177726,0.00177763,0.00178225,631.212,0.00044
19.305,6722730.0,0.0,4825720.0,1299590.0,8.48385e-07,0.000841669,0.00261097,0.00177429,0.00177622,0.00177659,0.00178119,631.2,0.000439
19.31,6722760.0,0.0,4820580.0,1299180.0,8.48387e-07,0.000842862,0.00261096,0.0017731,0.00177503,0.0017754,0.00178,631.162,0.000438
19.315,6722790.0,0.0,4815410.0,1298770.0,8.48389e-07,0.00084382,0.00261071,0.0017719,0.00177383,0.0017742,0.00177879,631.162,0.000437
19.32,6722820.0,0.0,4810230.0,1298360.0,8.48391e-07,0.000844946,0.00261063,0.00177069,0.00177264,0.001773,0.00177758,628.705,0.000436
19.325,6722440.0,0.0,4804740.0,1297920.0,8.48367e-07,0.00083034,0.00259485,0.00176942,0.00177137,0.00177173,0.0017763,628.701,0.000435
19.33,6722470.0,0.0,4799510.0,1297510.0,8.48369e-07,0.000831558,0.00259484,0.0017682,0.00177015,0.00177052,0.00177508,628.69,0.000434
19.335,6722500.0,0.0,4794240.0,1297090.0,8.48371e-07,0.000832715,0.00259476,0.00176698,0.00176893,0.0017693,0.00177385,628.69,0.000433
19.34,6722530.0,0.0,4788960.0,1296670.0,8.48373e-07,0.000833924,0.00259473,0.00176575,0.00176771,0.00176807,0.00177262,631.957,0.000432
19.345,6723110.0,0.0,4784010.0,1296280.0,8.48409e-07,0.000856192,0.00261569,0.00176459,0.00176656,0.00176692,0.00177146,630.794,0.000431
19.35,6723140.0,0.0,4778690.0,1295860.0,8.48411e-07,0.000857436,0.00261569,0.00176335,0.00176532,0.00176569,0.00177021,627.249,0.00043
19.355,6722390.0,0.0,4772840.0,1295480.0,8.48364e-07,0.000828397,0.00258546,0.00176196,0.00176394,0.0017643,0.00176882,627.485,0.000429
19.36,6722420.0,0.0,4767540.0,1295270.0,8.48366e-07,0.00082969,0.00258545,0.00176067,0.00176266,0.00176302,0.00176752,629.397,0.000428
19.365,6722780.0,0.0,4762440.0,1295110.0,8.48388e-07,0.000843303,0.00259772,0.00175941,0.00176141,0.00176177,0.00176626,629.397,0.000427
19.37,6722850.0,0.0,4757140.0,1294960.0,8.48393e-07,0.00084614,0.00259922,0.00175811,0.0017601,0.00176046,0.00176495,631.42,0.000426
19.375,6723220.0,0.0,4752010.0,1294840.0,8.48416e-07,0.000860493,0.0026122,0.00175683,0.00175884,0.00175919,0.00176367,631.103,0.000425
19.38,6723260.0,0.0,4746650.0,1294720.0,8.48418e-07,0.000861829,0.0026122,0.0017555,0.00175751,0.00175786,0.00176233,628.535,0.000424
19.385,6722860.0,0.0,4740990.0,1294600.0,8.48393e-07,0.000846642,0.00259571,0.00175409,0.0017561,0.00175646,0.00176092,628.535,0.000423
19.39,6722850.0,0.0,4735550.0,1294490.0,8.48392e-07,0.000845951,0.00259366,0.00175273,0.00175475,0.0017551,0.00175955,629.714,0.000422
19.395,6723080.0,0.0,4730240.0,1294380.0,8.48407e-07,0.0008549,0.00260122,0.0017514,0.00175343,0.00175378,0.00175822,629.066,0.000421
19.4,6723110.0,0.0,4724780.0,1294260.0,8.48409e-07,0.000856265,0.00260121,0.00175004,0.00175207,0.00175243,0.00175685,623.824,0.00042
19.405,6722270.0,0.0,4718740.0,1294130.0,8.48357e-07,0.000823894,0.00256756,0.00174853,0.00175057,0.00175092,0.00175534,623.824,0.000419
19.41,6722200.0,0.0,4713170.0,1294010.0,8.48352e-07,0.000821106,0.00256339,0.00174714,0.00174918,0.00174953,0.00175394,627.335,0.000418
19.415,6722820.0,0.0,4708010.0,1293900.0,8.48391e-07,0.000845093,0.00258592,0.00174584,0.00174789,0.00174824,0.00175264,627.303,0.000417
19.42,6722860.0,0.0,4702460.0,1293780.0,8.48393e-07,0.000846487,0.00258591,0.00174445,0.0017465,0.00174685,0.00175124,627.048,0.000416
19.425,6722850.0,0.0,4696850.0,1293660.0,8.48393e-07,0.000846243,0.00258426,0.00174304,0.0017451,0.00174545,0.00174983,627.048,0.000415
19.43,6722880.0,0.0,4691240.0,1293550.0,8.48395e-07,0.000847448,0.00258405,0.00174164,0.0017437,0.00174405,0.00174842,629.301,0.000414
19.435,6723300.0,0.0,4685840.0,1293430.0,8.4842e-07,0.00086337,0.00259851,0.00174028,0.00174235,0.0017427,0.00174706,629.131,0.000413
19.44,6723330.0,0.0,4680190.0,1293310.0,8.48423e-07,0.000864794,0.0025985,0.00173886,0.00174093,0.00174128,0.00174563,627.753,0.000412
19.445,6723140.0,0.0,4674360.0,1293180.0,8.48411e-07,0.000857358,0.00258965,0.00173739,0.00173947,0.00173982,0.00174416,627.753,0.000411
19.45,6723150.0,0.0,4668640.0,1293060.0,8.48411e-07,0.000857701,0.00258855,0.00173595,0.00173804,0.00173838,0.00174271,628.094,0.00041
19.455,6723240.0,0.0,4662940.0,1292940.0,8.48417e-07,0.00086134,0.00259073,0.00173451,0.00173661,0.00173695,0.00174127,628.33,0.000409
19.46,6723280.0,0.0,4657180.0,1292820.0,8.48419e-07,0.000862794,0.00259072,0.00173306,0.00173516,0.0017355,0.00173981,630.244,0.000408
19.465,6723640.0,0.0,4651590.0,1292700.0,8.48442e-07,0.000876576,0.002603,0.00173165,0.00173376,0.0017341,0.0017384,630.244,0.000407
19.47,6723720.0,0.0,4645810.0,1292570.0,8.48447e-07,0.000879567,0.0026045,0.00173019,0.0017323,0.00173264,0.00173693,630.277,0.000406
19.475,6723760.0,0.0,4639970.0,1292450.0,8.48449e-07,0.000881259,0.00260471,0.00172871,0.00173083,0.00173117,0.00173545,630.074,0.000405
19.48,6723800.0,0.0,4634110.0,1292320.0,8.48452e-07,0.000882744,0.0026047,0.00172723,0.00172935,0.00172969,0.00173396,628.43,0.000404
19.485,6723560.0,0.0,4628050.0,1292190.0,8.48437e-07,0.000873655,0.00259414,0.0017257,0.00172782,0.00172816,0.00173242,628.43,0.000403
19.49,6723570.0,0.0,4622120.0,1292060.0,8.48437e-07,0.000873849,0.00259283,0.00172419,0.00172632,0.00172666,0.00173091,629.289,0.000402
19.495,6723750.0,0.0,4616260.0,1291930.0,8.48449e-07,0.000880888,0.00259833,0.00172271,0.00172484,0.00172518,0.00172942,629.107,0.000401
19.5,6723790.0,0.0,4610290.0,1291800.0,8.48451e-07,0.000882405,0.00259832,0.00172119,0.00172334,0.00172367,0.0017279,627.636,0.0004
19.505,6723590.0,0.0,4604150.0,1291670.0,8.48438e-07,0.000874463,0.00258887,0.00171963,0.00172178,0.00172212,0.00172633,627.636,0.000399
19.51,6723590.0,0.0,4598110.0,1291540.0,8.48439e-07,0.000874827,0.0025877,0.00171809,0.00172025,0.00172058,0.00172479,629.929,0.000398
19.515,6724020.0,0.0,4592290.0,1291410.0,8.48465e-07,0.000891127,0.0026024,0.00171661,0.00171877,0.00171911,0.0017233,629.841,0.000397
19.52,6724060.0,0.0,4586210.0,1291280.0,8.48468e-07,0.000892677,0.0026024,0.00171506,0.00171723,0.00171757,0.00172175,629.133,0.000396
19.525,6723980.0,0.0,4580040.0,1291150.0,8.48463e-07,0.000889677,0.00259784,0.00171349,0.00171566,0.001716,0.00172017,629.133,0.000395
19.53,6724010.0,0.0,4573900.0,1291010.0,8.48465e-07,0.000890681,0.00259727,0.00171192,0.0017141,0.00171443,0.00171859,629.16,0.000394
19.535,6724050.0,0.0,4567740.0,1290880.0,8.48467e-07,0.000892429,0.00259743,0.00171035,0.00171253,0.00171287,0.00171701,629.07,0.000393
19.54,6724090.0,0.0,4561550.0,1290740.0,8.4847e-07,0.000894012,0.00259743,0.00170877,0.00171096,0.00171129,0.00171543,628.345,0.000392
19.545,6724010.0,0.0,4555270.0,1290600.0,8.48465e-07,0.000890935,0.00259276,0.00170716,0.00170935,0.00170968,0.00171381,628.345,0.000391
19.55,6724040.0,0.0,4549020.0,1290470.0,8.48467e-07,0.000891959,0.00259218,0.00170556,0.00170776,0.00170809,0.0017122,632.351,0.00039
19.555,6724750.0,0.0,4543150.0,1290340.0,8.48511e-07,0.00091936,0.00261788,0.00170405,0.00170626,0.00170659,0.00171069,631.962,0.000389
19.56,6724790.0,0.0,4536850.0,1290200.0,8.48514e-07,0.000920978,0.00261787,0.00170244,0.00170465,0.00170498,0.00170907,628.808,0.000388
19.565,6724310.0,0.0,4530210.0,1290050.0,8.48483e-07,0.000902304,0.00259762,0.00170073,0.00170295,0.00170328,0.00170736,628.808,0.000387
19.57,6724290.0,0.0,4523810.0,1289910.0,8.48482e-07,0.000901432,0.00259511,0.00169909,0.00170131,0.00170164,0.00170571,628.791,0.000386
19.575,6724330.0,0.0,4517430.0,1289770.0,8.48484e-07,0.000902967,0.00259499,0.00169744,0.00169968,0.0017,0.00170406,628.647,0.000385
19.58,6724370.0,0.0,4511020.0,1289630.0,8.48487e-07,0.00090462,0.00259498,0.00169579,0.00169803,0.00169835,0.0017024,627.48,0.000384
19.585,6724220.0,0.0,4504460.0,1289480.0,8.48478e-07,0.000898772,0.00258749,0.0016941,0.00169635,0.00169667,0.00170071,627.48,0.000383
19.59,6724240.0,0.0,4497980.0,1289340.0,8.48479e-07,0.000899515,0.00258655,0.00169243,0.00169468,0.001695,0.00169903,630.002,0.000382
19.595,6724700.0,0.0,4491730.0,1289200.0,8.48508e-07,0.000917431,0.00260273,0.00169081,0.00169307,0.00169339,0.00169741,629.653,0.000381
19.6,6724740.0,0.0,4485200.0,1289060.0,8.48511e-07,0.00091912,0.00260272,0.00168913,0.00169139,0.00169171,0.00169571,626.829,0.00038
19.605,6724320.0,0.0,4478370.0,1288910.0,8.48484e-07,0.000902638,0.00258458,0.00168736,0.00168963,0.00168994,0.00169394,626.829,0.000379
19.61,6724300.0,0.0,4471750.0,1288760.0,8.48483e-07,0.0009021,0.00258233,0.00168564,0.00168792,0.00168824,0.00169222,628.028,0.000378
19.615,6724550.0,0.0,4465250.0,1288610.0,8.48498e-07,0.000911536,0.00259002,0.00168396,0.00168624,0.00168656,0.00169052,628.062,0.000377
19.62,6724590.0,0.0,4458610.0,1288470.0,8.48501e-07,0.000913262,0.00259001,0.00168223,0.00168452,0.00168484,0.00168879,628.336,0.000376
19.625,6724680.0,0.0,4451960.0,1288320.0,8.48507e-07,0.000916765,0.00259176,0.00168051,0.0016828,0.00168311,0.00168706,628.336,0.000375
19.63,6724730.0,0.0,4445260.0,1288170.0,8.4851e-07,0.000918728,0.00259197,0.00167876,0.00168106,0.00168138,0.00168531,629.494,0.000374
19.635,6724970.0,0.0,4438640.0,1288020.0,8.48525e-07,0.000927936,0.00259939,0.00167704,0.00167934,0.00167966,0.00168358,629.509,0.000373
19.64,6725020.0,0.0,4431880.0,1287870.0,8.48528e-07,0.0009297,0.00259938,0.00167528,0.00167759,0.0016779,0.00168181,629.635,0.000372
19.645,6725090.0,0.0,4425100.0,1287710.0,8.48532e-07,0.000932288,0.00260018,0.00167351,0.00167583,0.00167614,0.00168004,629.635,0.000371
19.65,6725140.0,0.0,4418280.0,1287560.0,8.48535e-07,0.000934172,0.00260027,0.00167173,0.00167405,0.00167436,0.00167825,630.601,0.00037
19.655,6725340.0,0.0,4411510.0,1287410.0,8.48548e-07,0.000942182,0.00260645,0.00166996,0.00167229,0.0016726,0.00167647,630.62,0.000369
19.66,6725390.0,0.0,4404630.0,1287250.0,8.48551e-07,0.000943985,0.00260644,0.00166816,0.00167049,0.0016708,0.00167467,630.78,0.000368
19.665,6725460.0,0.0,4397730.0,1287100.0,8.48555e-07,0.000946829,0.00260746,0.00166635,0.00166869,0.001669,0.00167285,630.78,0.000367
19.67,6725510.0,0.0,4390790.0,1286940.0,8.48559e-07,0.000948779,0.00260757,0.00166453,0.00166688,0.00166718,0.00167102,631.587,0.000366
19.675,6725700.0,0.0,4383890.0,1286780.0,8.4857e-07,0.000955808,0.00261274,0.00166272,0.00166507,0.00166538,0.00166921,631.639,0.000365
19.68,6725750.0,0.0,4376880.0,1286630.0,8.48573e-07,0.000957652,0.00261273,0.00166088,0.00166324,0.00166354,0.00166736,632.055,0.000364
19.685,6725860.0,0.0,4369880.0,1286470.0,8.4858e-07,0.000962189,0.0026154,0.00165903,0.0016614,0.0016617,0.00166551,632.055,0.000363
19.69,6725920.0,0.0,4362820.0,1286310.0,8.48584e-07,0.000964384,0.00261572,0.00165717,0.00165955,0.00165985,0.00166364,632.112,0.000362
19.695,6725980.0,0.0,4355720.0,1286140.0,8.48587e-07,0.000966627,0.00261607,0.0016553,0.00165768,0.00165798,0.00166176,630.875,0.000361
19.7,6726030.0,0.0,4348590.0,1285980.0,8.48591e-07,0.000968511,0.00261606,0.00165342,0.00165581,0.00165611,0.00165987,620.856,0.00036
19.705,6724400.0,0.0,4340470.0,1285800.0,8.48489e-07,0.000905898,0.00255174,0.00165128,0.00165367,0.00165397,0.00165772,620.856,0.000359
19.71,6724240.0,0.0,4333160.0,1285630.0,8.48479e-07,0.000899835,0.00254379,0.00164934,0.00165174,0.00165204,0.00165578,627.209,0.000358
19.715,6725360.0,0.0,4326540.0,1285480.0,8.48549e-07,0.000942659,0.00258456,0.00164759,0.00164999,0.00165029,0.00165402,627.36,0.000357
19.72,6725410.0,0.0,4319280.0,1285310.0,8.48552e-07,0.000944586,0.00258455,0.00164566,0.00164807,0.00164837,0.00165209,628.583,0.000356
19.725,6725660.0,0.0,4312100.0,1285150.0,8.48568e-07,0.000954399,0.00259239,0.00164376,0.00164618,0.00164647,0.00165018,628.583,0.000355
19.73,6725740.0,0.0,4304800.0,1284980.0,8.48572e-07,0.000957319,0.00259335,0.00164182,0.00164424,0.00164454,0.00164823,625.801,0.000354
19.735,6725320.0,0.0,4297180.0,1284800.0,8.48547e-07,0.000941362,0.00257547,0.00163979,0.00164222,0.00164251,0.00164619,625.915,0.000353
19.74,6725370.0,0.0,4289800.0,1284630.0,8.4855e-07,0.000943331,0.00257546,0.00163783,0.00164026,0.00164055,0.00164422,626.842,0.000352
19.745,6725580.0,0.0,4282460.0,1284460.0,8.48563e-07,0.000951278,0.0025814,0.00163587,0.00163831,0.0016386,0.00164226,626.842,0.000351
19.75,6725650.0,0.0,4275030.0,1284290.0,8.48567e-07,0.000954006,0.00258212,0.00163388,0.00163633,0.00163662,0.00164026,626.562,0.00035
19.755,6725660.0,0.0,4267510.0,1284120.0,8.48567e-07,0.000954206,0.00258031,0.00163188,0.00163433,0.00163462,0.00163825,626.805,0.000349
19.76,6725710.0,0.0,4260000.0,1283940.0,8.48571e-07,0.00095622,0.0025803,0.00162987,0.00163232,0.00163261,0.00163623,628.774,0.000348
19.765,6726090.0,0.0,4252630.0,1283770.0,8.48594e-07,0.000970926,0.00259293,0.00162789,0.00163036,0.00163064,0.00163425,628.774,0.000347
19.77,6726180.0,0.0,4245070.0,1283590.0,8.486e-07,0.000974528,0.00259448,0.00162586,0.00162834,0.00162862,0.00163221,627.33,0.000346
19.775,6726000.0,0.0,4237320.0,1283410.0,8.48589e-07,0.000967277,0.0025852,0.00162378,0.00162626,0.00162655,0.00163012,627.311,0.000345
19.78,6726050.0,0.0,4229680.0,1283230.0,8.48592e-07,0.000969336,0.00258519,0.00162173,0.00162421,0.00162449,0.00162806,627.156,0.000344
19.785,6726080.0,0.0,4221980.0,1283050.0,8.48594e-07,0.000970408,0.00258418,0.00161965,0.00162214,0.00162243,0.00162598,627.156,0.000343
19.79,6726130.0,0.0,4214260.0,1282870.0,8.48597e-07,0.000972366,0.00258404,0.00161757,0.00162007,0.00162035,0.00162389,628.425,0.000342
19.795,6726390.0,0.0,4206630.0,1282690.0,8.48613e-07,0.000982635,0.00259218,0.00161551,0.00161802,0.0016183,0.00162182,628.427,0.000341
19.8,6726450.0,0.0,4198850.0,1282510.0,8.48617e-07,0.00098474,0.00259217,0.00161341,0.00161592,0.0016162,0.00161971,628.44,0.00034
19.805,6726510.0,0.0,4191030.0,1282330.0,8.4862e-07,0.000986944,0.00259224,0.0016113,0.00161381,0.00161409,0.00161759,628.44,0.000339
19.81,6726560.0,0.0,4183190.0,1282140.0,8.48624e-07,0.000989083,0.00259224,0.00160917,0.00161169,0.00161197,0.00161546,628.301,0.000338
19.815,6726590.0,0.0,4175290.0,1281950.0,8.48626e-07,0.000990327,0.00259133,0.00160703,0.00160956,0.00160983,0.00161331,628.263,0.000337
19.82,6726650.0,0.0,4167370.0,1281770.0,8.48629e-07,0.00099248,0.00259132,0.00160488,0.00160741,0.00160769,0.00161115,627.959,0.000336
19.825,6726650.0,0.0,4159390.0,1281580.0,8.4863e-07,0.000992685,0.00258936,0.00160271,0.00160525,0.00160552,0.00160897,627.959,0.000335
19.83,6726700.0,0.0,4151410.0,1281390.0,8.48633e-07,0.000994619,0.0025891,0.00160053,0.00160308,0.00160335,0.00160679,628.617,0.000334
19.835,6726870.0,0.0,4143440.0,1281200.0,8.48643e-07,0.00100105,0.00259331,0.00159836,0.00160091,0.00160119,0.00160461,628.82,0.000333
19.84,6726930.0,0.0,4135390.0,1281000.0,8.48647e-07,0.00100325,0.0025933,0.00159616,0.00159872,0.00159899,0.0016024,630.464,0.000332
19.845,6727260.0,0.0,4127450.0,1280810.0,8.48667e-07,0.00101605,0.00260384,0.00159399,0.00159656,0.00159683,0.00160022,630.464,0.000331
19.85,6727350.0,0.0,4119350.0,1280620.0,8.48673e-07,0.00101958,0.00260513,0.00159177,0.00159434,0.00159461,0.001598,632.298,0.00033
19.855,6727720.0,0.0,4111350.0,1280430.0,8.48696e-07,0.00103363,0.00261689,0.00158958,0.00159216,0.00159243,0.00159579,631.846,0.000329
19.86,6727780.0,0.0,4103160.0,1280230.0,8.48699e-07,0.00103588,0.00261688,0.00158733,0.00158992,0.00159018,0.00159354,628.185,0.000328
19.865,6727220.0,0.0,4094610.0,1280030.0,8.48665e-07,0.00101458,0.00259337,0.00158498,0.00158757,0.00158784,0.00159118,628.185,0.000327
19.87,6727210.0,0.0,4086310.0,1279830.0,8.48664e-07,0.00101394,0.00259045,0.0015827,0.00158529,0.00158556,0.00158889,629.97,0.000326
19.875,6727560.0,0.0,4078160.0,1279630.0,8.48686e-07,0.00102773,0.0026019,0.00158045,0.00158306,0.00158332,0.00158663,630.178,0.000325
19.88,6727620.0,0.0,4069830.0,1279430.0,8.4869e-07,0.00103003,0.00260188,0.00157815,0.00158076,0.00158103,0.00158433,631.863,0.000324
19.885,6727970.0,0.0,4061610.0,1279230.0,8.48711e-07,0.00104319,0.00261268,0.00157588,0.0015785,0.00157876,0.00158204,631.863,0.000323
19.89,6728060.0,0.0,4053230.0,1279020.0,8.48717e-07,0.00104686,0.00261401,0.00157356,0.00157618,0.00157644,0.00157971,631.781,0.000322
19.895,6728110.0,0.0,4044780.0,1278820.0,8.4872e-07,0.00104868,0.00261347,0.00157122,0.00157385,0.0015741,0.00157736,631.859,0.000321
19.9,6728170.0,0.0,4036310.0,1278610.0,8.48724e-07,0.00105103,0.00261346,0.00156887,0.0015715,0.00157176,0.001575,632.484,0.00032
19.905,6728330.0,0.0,4027850.0,1278410.0,8.48734e-07,0.00105743,0.00261746,0.00156652,0.00156915,0.00156941,0.00157264,632.484,0.000319
19.91,6728410.0,0.0,4019320.0,1278200.0,8.48739e-07,0.00106031,0.00261794,0.00156414,0.00156678,0.00156704,0.00157026,630.023,0.000318
19.915,6728060.0,0.0,4010520.0,1277980.0,8.48717e-07,0.00104686,0.00260213,0.00156169,0.00156434,0.00156459,0.0015678,629.636,0.000317
19.92,6728120.0,0.0,4001910.0,1277770.0,8.48721e-07,0.00104926,0.00260212,0.00155928,0.00156194,0.00156219,0.00156538,626.5,0.000316
19.925,6727660.0,0.0,3992990.0,1277550.0,8.48692e-07,0.0010315,0.00258198,0.00155679,0.00155945,0.00155971,0.00156288,626.5,0.000315
19.93,6727660.0,0.0,3984280.0,1277330.0,8.48692e-07,0.00103144,0.00257948,0.00155435,0.00155702,0.00155727,0.00156043,630.789,0.000314
19.935,6728440.0,0.0,3975910.0,1277130.0,8.48741e-07,0.00106151,0.00260699,0.001552,0.00155468,0.00155493,0.00155807,630.716,0.000313
19.94,6728500.0,0.0,3967160.0,1276910.0,8.48745e-07,0.00106397,0.00260698,0.00154954,0.00155222,0.00155247,0.00155561,630.122,0.000312
19.945,6728470.0,0.0,3958310.0,1276690.0,8.48743e-07,0.00106263,0.00260316,0.00154705,0.00154974,0.00154999,0.00155311,630.122,0.000311
19.95,6728520.0,0.0,3949470.0,1276470.0,8.48746e-07,0.00106465,0.00260267,0.00154456,0.00154726,0.0015475,0.00155061,627.764,0.00031
19.955,6728190.0,0.0,3940410.0,1276250.0,8.48725e-07,0.00105196,0.00258752,0.00154201,0.0015447,0.00154495,0.00154804,627.71,0.000309
19.96,6728260.0,0.0,3931510.0,1276020.0,8.4873e-07,0.00105448,0.0025875,0.00153949,0.00154219,0.00154244,0.00154551,627.271,0.000308
19.965,6728250.0,0.0,3922530.0,1275800.0,8.48729e-07,0.00105419,0.00258467,0.00153695,0.00153966,0.0015399,0.00154296,627.271,0.000307
19.97,6728310.0,0.0,3913550.0,1275570.0,8.48733e-07,0.00105639,0.00258431,0.0015344,0.00153712,0.00153736,0.00154041,628.047,0.000306
19.975,6728500.0,0.0,3904600.0,1275350.0,8.48745e-07,0.00106395,0.00258928,0.00153186,0.00153458,0.00153482,0.00153786,627.962,0.000305
19.98,6728570.0,0.0,3895560.0,1275120.0,8.48749e-07,0.00106653,0.00258927,0.00152929,0.00153201,0.00153225,0.00153527,627.27,0.000304
19.985,6728520.0,0.0,3886410.0,1274890.0,8.48746e-07,0.00106467,0.00258481,0.00152668,0.00152942,0.00152965,0.00153266,627.27,0.000303
19.99,6728580.0,0.0,3877290.0,1274660.0,8.48749e-07,0.00106672,0.00258425,0.00152408,0.00152682,0.00152705,0.00153004,632.038,0.000302
19.995,6729440.0,0.0,3868510.0,1274440.0,8.48803e-07,0.00110005,0.00261483,0.00152157,0.00152431,0.00152455,0.00152752,631.017,0.000301
20.0,6729510.0,0.0,3859320.0,1274200.0,8.48807e-07,0.00110269,0.00261482,0.00151893,0.00152169,0.00152192,0.00152488,622.749,0.0003
20.005,6728130.0,0.0,3858660.0,1274190.0,8.48721e-07,0.00104944,0.00256175,0.00151874,0.0015215,0.00152173,0.00152469,622.749,0.0003
20.01,6727960.0,0.0,3858570.0,1274180.0,8.48711e-07,0.00104286,0.0025552,0.00151872,0.00152147,0.00152171,0.00152467,625.341,0.0003
20.015,6728390.0,0.0,3858780.0,1274190.0,8.48738e-07,0.00105956,0.00257184,0.00151878,0.00152153,0.00152177,0.00152473,626.054,0.0003
20.02,6728390.0,0.0,3858780.0,1274190.0,8.48738e-07,0.00105956,0.00257184,0.00151878,0.00152153,0.00152177,0.00152473,631.829,0.0003
20.025,6729350.0,0.0,3859250.0,1274200.0,8.48798e-07,0.00109675,0.0026089,0.00151891,0.00152167,0.0015219,0.00152486,631.829,0.0003
20.03,6729470.0,0.0,3859300.0,1274200.0,8.48805e-07,0.00110134,0.00261348,0.00151893,0.00152168,0.00152192,0.00152488,629.762,0.0003
20.035,6729130.0,0.0,3859140.0,1274200.0,8.48784e-07,0.00108803,0.00260021,0.00151888,0.00152163,0.00152187,0.00152483,629.581,0.0003
20.04,6729130.0,0.0,3859140.0,1274200.0,8.48784e-07,0.00108803,0.00260021,0.00151888,0.00152163,0.00152187,0.00152483,628.114,0.0003
20.045,6728880.0,0.0,3859020.0,1274200.0,8.48769e-07,0.00107858,0.0025908,0.00151885,0.0015216,0.00152184,0.0015248,628.114,0.0003
20.05,6728850.0,0.0,3859010.0,1274200.0,8.48767e-07,0.00107742,0.00258963,0.00151884,0.0015216,0.00152183,0.00152479,625.684,0.0003
20.055,6728450.0,0.0,3858810.0,1274190.0,8.48741e-07,0.00106177,0.00257404,0.00151879,0.00152154,0.00152178,0.00152474,625.829,0.0003
20.06,6728450.0,0.0,3858810.0,1274190.0,8.48741e-07,0.00106177,0.00257404,0.00151879,0.00152154,0.00152178,0.00152474,626.997,0.0003
20.065,6728640.0,0.0,3858900.0,1274190.0,8.48753e-07,0.00106929,0.00258154,0.00151882,0.00152157,0.0015218,0.00152476,626.997,0.0003
20.07,6728670.0,0.0,3858920.0,1274190.0,8.48755e-07,0.00107022,0.00258246,0.00151882,0.00152157,0.00152181,0.00152477,626.106,0.0003
20.075,6728520.0,0.0,3858840.0,1274190.0,8.48746e-07,0.00106448,0.00257675,0.0015188,0.00152155,0.00152179,0.00152475,626.371,0.0003
20.08,6728520.0,0.0,3858840.0,1274190.0,8.48746e-07,0.00106448,0.00257675,0.0015188,0.00152155,0.00152179,0.00152475,628.515,0.0003
20.085,6728880.0,0.0,3859020.0,1274200.0,8.48768e-07,0.00107829,0.00259051,0.00151885,0.0015216,0.00152183,0.00152479,628.515,0.0003
20.09,6728920.0,0.0,3859040.0,1274200.0,8.48771e-07,0.00108,0.00259221,0.00151885,0.00152161,0.00152184,0.0015248,624.838,0.0003
20.095,6728310.0,0.0,3858740.0,1274190.0,8.48733e-07,0.00105632,0.0025686,0.00151877,0.00152152,0.00152176,0.00152472,624.955,0.0003
20.1,6728310.0,0.0,3858740.0,1274190.0,8.48733e-07,0.00105632,0.0025686,0.00151877,0.00152152,0.00152176,0.00152472,625.902,0.0003
20.105,6728460.0,0.0,3858820.0,1274190.0,8.48742e-07,0.00106242,0.00257468,0.00151879,0.00152154,0.00152178,0.00152474,625.902,0.0003
20.11,6728480.0,0.0,3858830.0,1274190.0,8.48744e-07,0.00106317,0.00257544,0.00151879,0.00152155,0.00152178,0.00152474,630.03,0.0003
20.115,6729170.0,0.0,3859160.0,1274200.0,8.48787e-07,0.00108976,0.00260193,0.00151889,0.00152164,0.00152188,0.00152484,629.894,0.0003
20.12,6729170.0,0.0,3859160.0,1274200.0,8.48787e-07,0.00108976,0.00260193,0.00151889,0.00152164,0.00152188,0.00152484,628.79,0.0003
20.125,6728990.0,0.0,3859070.0,1274200.0,8.48775e-07,0.00108265,0.00259485,0.00151886,0.00152162,0.00152185,0.00152481,628.79,0.0003
20.13,6728970.0,0.0,3859060.0,1274200.0,8.48774e-07,0.00108177,0.00259397,0.00151886,0.00152161,0.00152185,0.00152481,630.565,0.0003
20.135,6729260.0,0.0,3859200.0,1274200.0,8.48792e-07,0.0010932,0.00260536,0.0015189,0.00152165,0.00152189,0.00152485,630.269,0.0003
20.14,6729260.0,0.0,3859200.0,1274200.0,8.48792e-07,0.0010932,0.00260536,0.0015189,0.00152165,0.00152189,0.00152485,627.875,0.0003
20.145,6728860.0,0.0,3859010.0,1274200.0,8.48767e-07,0.00107778,0.00259,0.00151885,0.0015216,0.00152183,0.00152479,627.875,0.0003
20.15,6728810.0,0.0,3858990.0,1274200.0,8.48764e-07,0.00107588,0.0025881,0.00151884,0.00152159,0.00152183,0.00152479,628.367,0.0003
20.155,6728900.0,0.0,3859030.0,1274200.0,8.48769e-07,0.00107905,0.00259126,0.00151885,0.0015216,0.00152184,0.0015248,628.134,0.0003
20.16,6728900.0,0.0,3859030.0,1274200.0,8.48769e-07,0.00107905,0.00259126,0.00151885,0.0015216,0.00152184,0.0015248,626.247,0.0003
20.165,6728580.0,0.0,3858870.0,1274190.0,8.4875e-07,0.00106689,0.00257915,0.00151881,0.00152156,0.00152179,0.00152475,626.247,0.0003
20.17,6728540.0,0.0,3858860.0,1274190.0,8.48747e-07,0.00106539,0.00257765,0.0015188,0.00152155,0.00152179,0.00152475,626.944,0.0003
20.175,6728660.0,0.0,3858910.0,1274190.0,8.48754e-07,0.00106988,0.00258212,0.00151882,0.00152157,0.0015218,0.00152476,627.145,0.0003
20.18,6728660.0,0.0,3858910.0,1274190.0,8.48754e-07,0.00106988,0.00258212,0.00151882,0.00152157,0.0015218,0.00152476,628.773,0.0003
20.185,6728930.0,0.0,3859040.0,1274200.0,8.48771e-07,0.00108036,0.00259257,0.00151885,0.00152161,0.00152184,0.0015248,628.773,0.0003
20.19,6728960.0,0.0,3859060.0,1274200.0,8.48773e-07,0.00108166,0.00259386,0.00151886,0.00152161,0.00152185,0.00152481,627.371,0.0003
20.195,6728730.0,0.0,3858950.0,1274200.0,8.48759e-07,0.00107263,0.00258486,0.00151883,0.00152158,0.00152181,0.00152477,627.966,0.0003
20.2,6728730.0,0.0,3858950.0,1274200.0,8.48759e-07,0.00107263,0.00258486,0.00151883,0.00152158,0.00152181,0.00152477,632.786,0.0003
20.205,6729530.0,0.0,3859330.0,1274210.0,8.48809e-07,0.00110367,0.0026158,0.00151894,0.00152169,0.00152193,0.00152489,632.786,0.0003
20.21,6729630.0,0.0,3859380.0,1274210.0,8.48815e-07,0.00110751,0.00261962,0.00151895,0.0015217,0.00152194,0.0015249,625.802,0.0003
20.215,6728470.0,0.0,3858820.0,1274190.0,8.48743e-07,0.00106253,0.00257479,0.00151879,0.00152154,0.00152178,0.00152474,626.366,0.0003
20.22,6728470.0,0.0,3858820.0,1274190.0,8.48743e-07,0.00106253,0.00257479,0.00151879,0.00152154,0.00152178,0.00152474,630.931,0.0003
20.225,6729230.0,0.0,3859190.0,1274200.0,8.4879e-07,0.00109193,0.0026041,0.0015189,0.00152165,0.00152188,0.00152484,630.931,0.0003
20.23,6729320.0,0.0,3859230.0,1274200.0,8.48796e-07,0.00109556,0.00260772,0.00151891,0.00152166,0.0015219,0.00152486,625.196,0.0003
20.235,6728370.0,0.0,3858770.0,1274190.0,8.48736e-07,0.00105862,0.00257091,0.00151878,0.00152153,0.00152176,0.00152472,625.649,0.0003
20.24,6728370.0,0.0,3858770.0,1274190.0,8.48736e-07,0.00105862,0.00257091,0.00151878,0.00152153,0.00152176,0.00152472,629.316,0.0003
20.245,6728980.0,0.0,3859070.0,1274200.0,8.48774e-07,0.00108224,0.00259444,0.00151886,0.00152161,0.00152185,0.00152481,629.316,0.0003
20.25,6729050.0,0.0,3859100.0,1274200.0,8.48779e-07,0.00108516,0.00259735,0.00151887,0.00152162,0.00152186,0.00152482,631.553,0.0003
20.255,6729430.0,0.0,3859280.0,1274200.0,8.48802e-07,0.00109956,0.00261171,0.00151892,0.00152168,0.00152191,0.00152487,631.63,0.0003
20.26,6729430.0,0.0,3859280.0,1274200.0,8.48802e-07,0.00109956,0.00261171,0.00151892,0.00152168,0.00152191,0.00152487,632.255,0.0003
20.265,6729530.0,0.0,3859330.0,1274210.0,8.48809e-07,0.00110359,0.00261572,0.00151894,0.00152169,0.00152192,0.00152489,632.255,0.0003
20.27,6729550.0,0.0,3859340.0,1274210.0,8.4881e-07,0.00110409,0.00261621,0.00151894,0.00152169,0.00152193,0.00152489,625.787,0.0003
20.275,6728460.0,0.0,3858820.0,1274190.0,8.48742e-07,0.00106243,0.0025747,0.00151879,0.00152154,0.00152178,0.00152474,626.137,0.0003
20.28,6728460.0,0.0,3858820.0,1274190.0,8.48742e-07,0.00106243,0.0025747,0.00151879,0.00152154,0.00152178,0.00152474,628.973,0.0003
20.285,6728940.0,0.0,3859050.0,1274200.0,8.48772e-07,0.00108069,0.0025929,0.00151886,0.00152161,0.00152184,0.0015248,628.973,0.0003
20.29,6729000.0,0.0,3859080.0,1274200.0,8.48776e-07,0.00108295,0.00259515,0.00151886,0.00152162,0.00152185,0.00152481,629.411,0.0003
20.295,6729070.0,0.0,3859110.0,1274200.0,8.4878e-07,0.00108577,0.00259796,0.00151887,0.00152163,0.00152186,0.00152482,629.548,0.0003
20.3,6729070.0,0.0,3859110.0,1274200.0,8.4878e-07,0.00108577,0.00259796,0.00151887,0.00152163,0.00152186,0.00152482,630.663,0.0003
20.305,6729260.0,0.0,3859200.0,1274200.0,8.48792e-07,0.00109295,0.00260511,0.0015189,0.00152165,0.00152189,0.00152485,630.663,0.0003
20.31,6729280.0,0.0,3859210.0,1274200.0,8.48793e-07,0.00109383,0.00260599,0.0015189,0.00152165,0.00152189,0.00152485,629.58,0.0003
20.315,6729100.0,0.0,3859120.0,1274200.0,8.48782e-07,0.00108686,0.00259904,0.00151888,0.00152163,0.00152187,0.00152483,629.525,0.0003
20.32,6729100.0,0.0,3859120.0,1274200.0,8.48782e-07,0.00108686,0.00259904,0.00151888,0.00152163,0.00152187,0.00152483,629.079,0.0003
20.325,6729020.0,0.0,3859090.0,1274200.0,8.48777e-07,0.00108399,0.00259618,0.00151887,0.00152162,0.00152185,0.00152481,629.079,0.0003
20.33,6729010.0,0.0,3859080.0,1274200.0,8.48777e-07,0.00108363,0.00259583,0.00151887,0.00152162,0.00152185,0.00152481,628.542,0.0003
20.335,6728920.0,0.0,3859040.0,1274200.0,8.48771e-07,0.00108017,0.00259238,0.00151885,0.00152161,0.00152184,0.0015248,628.331,0.0003
20.34,6728920.0,0.0,3859040.0,1274200.0,8.48771e-07,0.00108017,0.00259238,0.00151885,0.00152161,0.00152184,0.0015248,626.619,0.0003
20.345,6728640.0,0.0,3858900.0,1274200.0,8.48753e-07,0.00106915,0.00258139,0.00151881,0.00152157,0.0015218,0.00152476,626.619,0.0003
20.35,6728600.0,0.0,3858890.0,1274200.0,8.48751e-07,0.00106779,0.00258004,0.00151881,0.00152156,0.0015218,0.00152476,629.533,0.0003
20.355,6729090.0,0.0,3859120.0,1274200.0,8.48781e-07,0.00108656,0.00259874,0.00151888,0.00152163,0.00152186,0.00152482,629.591,0.0003
20.36,6729090.0,0.0,3859120.0,1274200.0,8.48781e-07,0.00108656,0.00259874,0.00151888,0.00152163,0.00152186,0.00152482,630.06,0.0003
20.365,6729170.0,0.0,3859160.0,1274200.0,8.48786e-07,0.00108958,0.00260175,0.00151889,0.00152164,0.00152187,0.00152483,630.06,0.0003
20.37,6729180.0,0.0,3859160.0,1274200.0,8.48787e-07,0.00108995,0.00260212,0.00151889,0.00152164,0.00152188,0.00152484,630.422,0.0003
20.375,6729240.0,0.0,3859190.0,1274200.0,8.48791e-07,0.00109228,0.00260445,0.0015189,0.00152165,0.00152188,0.00152484,630.208,0.0003
20.38,6729240.0,0.0,3859190.0,1274200.0,8.48791e-07,0.00109228,0.00260445,0.0015189,0.00152165,0.00152188,0.00152484,628.481,0.0003
20.385,6728950.0,0.0,3859050.0,1274200.0,8.48773e-07,0.00108115,0.00259336,0.00151886,0.00152161,0.00152184,0.0015248,628.481,0.0003
20.39,6728910.0,0.0,3859040.0,1274200.0,8.4877e-07,0.00107978,0.00259199,0.00151885,0.0015216,0.00152184,0.0015248,633.381,0.0003
20.395,6729730.0,0.0,3859430.0,1274210.0,8.48821e-07,0.00111134,0.00262344,0.00151896,0.00152172,0.00152195,0.00152491,632.841,0.0003
20.4,6729730.0,0.0,3859430.0,1274210.0,8.48821e-07,0.00111134,0.00262344,0.00151896,0.00152172,0.00152195,0.00152491,628.465,0.0003
20.405,6729000.0,0.0,3859080.0,1274200.0,8.48776e-07,0.00108316,0.00259536,0.00151886,0.00152162,0.00152185,0.00152481,628.465,0.0003
20.41,6728910.0,0.0,3859040.0,1274200.0,8.4877e-07,0.00107968,0.00259189,0.00151885,0.0015216,0.00152184,0.0015248,628.237,0.0003
20.415,6728870.0,0.0,3859020.0,1274200.0,8.48768e-07,0.00107821,0.00259042,0.00151885,0.0015216,0.00152183,0.00152479,627.985,0.0003
20.42,6728870.0,0.0,3859020.0,1274200.0,8.48768e-07,0.00107821,0.00259042,0.00151885,0.0015216,0.00152183,0.00152479,625.946,0.0003
20.425,6728530.0,0.0,3858850.0,1274200.0,8.48747e-07,0.00106508,0.00257733,0.0015188,0.00152155,0.00152179,0.00152475,625.946,0.0003
20.43,6728490.0,0.0,3858830.0,1274190.0,8.48744e-07,0.00106345,0.00257572,0.00151879,0.00152155,0.00152178,0.00152474,625.631,0.0003
20.435,6728440.0,0.0,3858810.0,1274190.0,8.48741e-07,0.00106142,0.0025737,0.00151879,0.00152154,0.00152177,0.00152473,626.481,0.0003
20.44,6728440.0,0.0,3858810.0,1274190.0,8.48741e-07,0.00106142,0.0025737,0.00151879,0.00152154,0.00152177,0.00152473,633.365,0.0003
20.445,6729590.0,0.0,3859360.0,1274210.0,8.48812e-07,0.00110576,0.00261788,0.00151894,0.0015217,0.00152193,0.00152489,633.365,0.0003
20.45,6729730.0,0.0,3859430.0,1274210.0,8.48821e-07,0.00111123,0.00262334,0.00151896,0.00152172,0.00152195,0.00152491,627.86,0.0003
20.455,6728810.0,0.0,3858990.0,1274200.0,8.48764e-07,0.00107578,0.002588,0.00151884,0.00152159,0.00152183,0.00152479,627.493,0.0003
20.46,6728810.0,0.0,3858990.0,1274200.0,8.48764e-07,0.00107578,0.002588,0.00151884,0.00152159,0.00152183,0.00152479,624.527,0.0003
20.465,6728320.0,0.0,3858750.0,1274190.0,8.48733e-07,0.00105668,0.00256896,0.00151877,0.00152152,0.00152176,0.00152472,624.527,0.0003
20.47,6728250.0,0.0,3858720.0,1274190.0,8.48729e-07,0.00105432,0.00256661,0.00151876,0.00152151,0.00152175,0.00152471,630.695,0.0003
20.475,6729280.0,0.0,3859210.0,1274210.0,8.48794e-07,0.00109404,0.0026062,0.0015189,0.00152166,0.00152189,0.00152485,630.923,0.0003
20.48,6729280.0,0.0,3859220.0,1274210.0,8.48794e-07,0.00109404,0.0026062,0.0015189,0.00152166,0.00152189,0.00152485,632.764,0.0003
20.485,6729590.0,0.0,3859360.0,1274210.0,8.48813e-07,0.0011059,0.00261802,0.00151894,0.0015217,0.00152193,0.00152489,632.764,0.0003
20.49,6729630.0,0.0,3859380.0,1274210.0,8.48815e-07,0.00110737,0.00261948,0.00151895,0.0015217,0.00152194,0.0015249,629.969,0.0003
20.495,6729160.0,0.0,3859160.0,1274200.0,8.48786e-07,0.00108937,0.00260154,0.00151889,0.00152164,0.00152187,0.00152483,630.035,0.0003
20.5,6729160.0,0.0,3859160.0,1274200.0,8.48786e-07,0.00108937,0.00260154,0.00151889,0.00152164,0.00152187,0.00152483,630.569,0.0003
20.505,6729250.0,0.0,3859200.0,1274210.0,8.48792e-07,0.0010928,0.00260497,0.0015189,0.00152165,0.00152189,0.00152485,630.569,0.0003
20.51,6729260.0,0.0,3859210.0,1274210.0,8.48792e-07,0.00109323,0.00260539,0.0015189,0.00152165,0.00152189,0.00152485,627.918,0.0003
20.515,6728820.0,0.0,3858990.0,1274200.0,8.48765e-07,0.00107616,0.00258838,0.00151884,0.00152159,0.00152183,0.00152479,627.564,0.0003
20.52,6728820.0,0.0,3858990.0,1274200.0,8.48765e-07,0.00107616,0.00258838,0.00151884,0.00152159,0.00152183,0.00152479,624.699,0.0003
20.525,6728340.0,0.0,3858760.0,1274190.0,8.48735e-07,0.0010577,0.00256998,0.00151877,0.00152153,0.00152176,0.00152472,624.699,0.0003
20.53,6728280.0,0.0,3858730.0,1274190.0,8.48731e-07,0.00105542,0.00256771,0.00151877,0.00152152,0.00152175,0.00152471,629.189,0.0003
20.535,6729030.0,0.0,3859090.0,1274200.0,8.48778e-07,0.00108434,0.00259653,0.00151887,0.00152162,0.00152186,0.00152482,628.609,0.0003
20.54,6729030.0,0.0,3859090.0,1274200.0,8.48778e-07,0.00108434,0.00259653,0.00151887,0.00152162,0.00152186,0.00152482,623.919,0.0003
20.545,6728250.0,0.0,3858720.0,1274190.0,8.48729e-07,0.00105413,0.00256643,0.00151876,0.00152151,0.00152175,0.00152471,623.919,0.0003
20.55,6728150.0,0.0,3858670.0,1274190.0,8.48723e-07,0.0010504,0.00256271,0.00151875,0.0015215,0.00152173,0.00152469,631.036,0.0003
20.555,6729340.0,0.0,3859240.0,1274210.0,8.48797e-07,0.00109624,0.00260839,0.00151891,0.00152166,0.0015219,0.00152486,630.606,0.0003
20.56,6729340.0,0.0,3859240.0,1274210.0,8.48797e-07,0.00109624,0.00260839,0.00151891,0.00152166,0.0015219,0.00152486,627.126,0.0003
20.565,6728760.0,0.0,3858960.0,1274200.0,8.48761e-07,0.00107382,0.00258605,0.00151883,0.00152158,0.00152182,0.00152478,627.126,0.0003
20.57,6728690.0,0.0,3858930.0,1274200.0,8.48756e-07,0.00107105,0.00258329,0.00151882,0.00152157,0.00152181,0.00152477,625.472,0.0003
20.575,6728410.0,0.0,3858800.0,1274200.0,8.48739e-07,0.0010604,0.00257268,0.00151878,0.00152153,0.00152177,0.00152473,625.694,0.0003
20.58,6728410.0,0.0,3858800.0,1274200.0,8.48739e-07,0.0010604,0.00257268,0.00151878,0.00152153,0.00152177,0.00152473,627.487,0.0003
20.585,6728710.0,0.0,3858940.0,1274200.0,8.48758e-07,0.00107195,0.00258418,0.00151882,0.00152158,0.00152181,0.00152477,627.487,0.0003
20.59,6728750.0,0.0,3858960.0,1274200.0,8.4876e-07,0.00107338,0.00258561,0.00151883,0.00152158,0.00152182,0.00152478,624.219,0.0003
20.595,6728200.0,0.0,3858700.0,1274190.0,8.48726e-07,0.00105233,0.00256463,0.00151875,0.00152151,0.00152174,0.0015247,624.505,0.0003
20.6,6728200.0,0.0,3858700.0,1274190.0,8.48726e-07,0.00105233,0.00256463,0.00151875,0.00152151,0.00152174,0.0015247,626.82,0.0003
20.605,6728590.0,0.0,3858880.0,1274200.0,8.4875e-07,0.00106724,0.00257949,0.00151881,0.00152156,0.00152179,0.00152475,626.82,0.0003
20.61,6728640.0,0.0,3858900.0,1274200.0,8.48753e-07,0.00106909,0.00258133,0.00151881,0.00152157,0.0015218,0.00152476,626.947,0.0003
20.615,6728660.0,0.0,3858910.0,1274200.0,8.48754e-07,0.0010699,0.00258214,0.00151882,0.00152157,0.0015218,0.00152476,627.188,0.0003
20.62,6728660.0,0.0,3858910.0,1274200.0,8.48754e-07,0.0010699,0.00258214,0.00151882,0.00152157,0.0015218,0.00152476,629.142,0.0003
20.625,6728980.0,0.0,3859070.0,1274200.0,8.48775e-07,0.00108248,0.00259468,0.00151886,0.00152161,0.00152185,0.00152481,629.142,0.0003
20.63,6729020.0,0.0,3859090.0,1274200.0,8.48777e-07,0.00108404,0.00259623,0.00151887,0.00152162,0.00152185,0.00152481,632.355,0.0003
20.635,6729560.0,0.0,3859350.0,1274210.0,8.48811e-07,0.00110473,0.00261686,0.00151894,0.00152169,0.00152193,0.00152489,631.647,0.0003
20.64,6729560.0,0.0,3859350.0,1274210.0,8.48811e-07,0.00110473,0.00261686,0.00151894,0.00152169,0.00152193,0.00152489,625.916,0.0003
20.645,6728600.0,0.0,3858890.0,1274200.0,8.48751e-07,0.00106782,0.00258007,0.00151881,0.00152156,0.0015218,0.00152476,625.916,0.0003
20.65,6728490.0,0.0,3858830.0,1274200.0,8.48744e-07,0.00106326,0.00257553,0.00151879,0.00152155,0.00152178,0.00152474,630.025,0.0003
20.655,6729170.0,0.0,3859160.0,1274210.0,8.48787e-07,0.00108972,0.0026019,0.00151889,0.00152164,0.00152187,0.00152483,629.825,0.0003
20.66,6729170.0,0.0,3859160.0,1274210.0,8.48787e-07,0.00108972,0.0026019,0.00151889,0.00152164,0.00152187,0.00152483,628.211,0.0003
20.665,6728900.0,0.0,3859030.0,1274200.0,8.4877e-07,0.00107933,0.00259154,0.00151885,0.0015216,0.00152184,0.0015248,628.211,0.0003
20.67,6728870.0,0.0,3859020.0,1274200.0,8.48768e-07,0.00107804,0.00259026,0.00151885,0.0015216,0.00152183,0.00152479,626.651,0.0003
20.675,6728610.0,0.0,3858890.0,1274200.0,8.48751e-07,0.00106799,0.00258024,0.00151881,0.00152156,0.0015218,0.00152476,626.649,0.0003
20.68,6728610.0,0.0,3858890.0,1274200.0,8.48751e-07,0.00106799,0.00258024,0.00151881,0.00152156,0.0015218,0.00152476,626.631,0.0003
20.685,6728610.0,0.0,3858890.0,1274200.0,8.48751e-07,0.00106788,0.00258013,0.00151881,0.00152156,0.0015218,0.00152476,626.631,0.0003
20.69,6728610.0,0.0,3858890.0,1274200.0,8.48751e-07,0.00106786,0.00258011,0.00151881,0.00152156,0.0015218,0.00152476,627.64,0.0003
20.695,6728770.0,0.0,3858970.0,1274200.0,8.48762e-07,0.00107436,0.00258659,0.00151883,0.00152158,0.00152182,0.00152478,627.718,0.0003
20.7,6728770.0,0.0,3858970.0,1274200.0,8.48762e-07,0.00107436,0.00258659,0.00151883,0.00152158,0.00152182,0.00152478,628.353,0.0003
20.705,6728880.0,0.0,3859020.0,1274200.0,8.48768e-07,0.00107845,0.00259066,0.00151885,0.0015216,0.00152183,0.00152479,628.353,0.0003
20.71,6728890.0,0.0,3859030.0,1274200.0,8.48769e-07,0.00107895,0.00259117,0.00151885,0.0015216,0.00152184,0.0015248,630.49,0.0003
20.715,6729250.0,0.0,3859200.0,1274210.0,8.48791e-07,0.00109272,0.00260488,0.0015189,0.00152165,0.00152189,0.00152485,630.474,0.0003
20.72,6729250.0,0.0,3859200.0,1274210.0,8.48791e-07,0.00109272,0.00260488,0.0015189,0.00152165,0.00152189,0.00152485,630.349,0.0003
20.725,6729230.0,0.0,3859190.0,1274210.0,8.4879e-07,0.00109191,0.00260408,0.00151889,0.00152165,0.00152188,0.00152484,630.349,0.0003
20.73,6729230.0,0.0,3859190.0,1274210.0,8.4879e-07,0.00109181,0.00260398,0.00151889,0.00152165,0.00152188,0.00152484,632.311,0.0003
20.735,6729550.0,0.0,3859350.0,1274210.0,8.4881e-07,0.00110445,0.00261657,0.00151894,0.00152169,0.00152193,0.00152489,632.058,0.0003
20.74,6729550.0,0.0,3859350.0,1274210.0,8.4881e-07,0.00110445,0.00261657,0.00151894,0.00152169,0.00152193,0.00152489,630.014,0.0003
20.745,6729210.0,0.0,3859180.0,1274210.0,8.48789e-07,0.00109128,0.00260345,0.00151889,0.00152164,0.00152188,0.00152484,630.014,0.0003
20.75,6729170.0,0.0,3859160.0,1274210.0,8.48786e-07,0.00108965,0.00260183,0.00151889,0.00152164,0.00152187,0.00152483,632.678,0.0003
20.755,6729620.0,0.0,3859380.0,1274210.0,8.48814e-07,0.00110681,0.00261893,0.00151895,0.0015217,0.00152194,0.0015249,632.293,0.0003
20.76,6729620.0,0.0,3859380.0,1274210.0,8.48814e-07,0.00110681,0.00261893,0.00151895,0.0015217,0.00152194,0.0015249,629.17,0.0003
20.765,6729090.0,0.0,3859130.0,1274210.0,8.48782e-07,0.0010867,0.00259889,0.00151888,0.00152163,0.00152186,0.00152482,629.17,0.0003
20.77,6729030.0,0.0,3859090.0,1274210.0,8.48778e-07,0.00108422,0.00259641,0.00151887,0.00152162,0.00152185,0.00152481,630.506,0.0003
20.775,6729250.0,0.0,3859200.0,1274210.0,8.48792e-07,0.00109282,0.00260499,0.0015189,0.00152165,0.00152189,0.00152485,630.193,0.0003
20.78,6729250.0,0.0,3859200.0,1274210.0,8.48792e-07,0.00109282,0.00260499,0.0015189,0.00152165,0.00152189,0.00152485,627.654,0.0003
20.785,6728830.0,0.0,3859000.0,1274200.0,8.48765e-07,0.00107647,0.00258869,0.00151884,0.00152159,0.00152183,0.00152479,627.654,0.0003
20.79,6728780.0,0.0,3858970.0,1274200.0,8.48762e-07,0.00107445,0.00258668,0.00151883,0.00152158,0.00152182,0.00152478,632.895,0.0003
20.795,6729650.0,0.0,3859390.0,1274210.0,8.48816e-07,0.00110821,0.00262032,0.00151895,0.00152171,0.00152194,0.0015249,632.14,0.0003
20.8,6729650.0,0.0,3859390.0,1274210.0,8.48816e-07,0.00110821,0.00262032,0.00151895,0.00152171,0.00152194,0.0015249,626.035,0.0003
20.805,6728630.0,0.0,3858900.0,1274200.0,8.48753e-07,0.00106888,0.00258113,0.00151881,0.00152156,0.0015218,0.00152476,626.035,0.0003
20.81,6728510.0,0.0,3858840.0,1274200.0,8.48745e-07,0.00106403,0.00257629,0.0015188,0.00152155,0.00152178,0.00152474,628.172,0.0003
20.815,6728860.0,0.0,3859010.0,1274200.0,8.48767e-07,0.00107779,0.00259001,0.00151884,0.0015216,0.00152183,0.00152479,628.259,0.0003
20.82,6728860.0,0.0,3859010.0,1274200.0,8.48767e-07,0.00107779,0.00259001,0.00151884,0.0015216,0.00152183,0.00152479,628.962,0.0003
20.825,6728980.0,0.0,3859070.0,1274210.0,8.48775e-07,0.00108232,0.00259452,0.00151886,0.00152161,0.00152185,0.00152481,628.962,0.0003
20.83,6729000.0,0.0,3859080.0,1274210.0,8.48775e-07,0.00108288,0.00259508,0.00151886,0.00152161,0.00152185,0.00152481,626.934,0.0003
20.835,6728660.0,0.0,3858920.0,1274200.0,8.48754e-07,0.00106982,0.00258206,0.00151882,0.00152157,0.0015218,0.00152476,627.191,0.0003
20.84,6728660.0,0.0,3858920.0,1274200.0,8.48754e-07,0.00106982,0.00258206,0.00151882,0.00152157,0.0015218,0.00152476,629.269,0.0003
20.845,6729000.0,0.0,3859080.0,1274210.0,8.48776e-07,0.0010832,0.0025954,0.00151886,0.00152162,0.00152185,0.00152481,629.269,0.0003
20.85,6729050.0,0.0,3859100.0,1274210.0,8.48779e-07,0.00108485,0.00259704,0.00151887,0.00152162,0.00152186,0.00152482,626.395,0.0003
20.855,6728570.0,0.0,3858870.0,1274200.0,8.48749e-07,0.00106635,0.0025786,0.0015188,0.00152156,0.00152179,0.00152475,626.737,0.0003
20.86,6728570.0,0.0,3858870.0,1274200.0,8.48749e-07,0.00106635,0.0025786,0.0015188,0.00152156,0.00152179,0.00152475,629.508,0.0003
20.865,6729030.0,0.0,3859090.0,1274210.0,8.48778e-07,0.00108419,0.00259638,0.00151887,0.00152162,0.00152185,0.00152481,629.508,0.0003
20.87,6729090.0,0.0,3859120.0,1274210.0,8.48781e-07,0.00108639,0.00259858,0.00151887,0.00152163,0.00152186,0.00152482,631.668,0.0003
20.875,6729450.0,0.0,3859300.0,1274210.0,8.48804e-07,0.00110031,0.00261245,0.00151892,0.00152168,0.00152191,0.00152487,630.958,0.0003
20.88,6729450.0,0.0,3859300.0,1274210.0,8.48804e-07,0.00110031,0.00261245,0.00151892,0.00152168,0.00152191,0.00152487,625.208,0.0003
20.885,6728490.0,0.0,3858830.0,1274200.0,8.48744e-07,0.00106327,0.00257554,0.00151879,0.00152154,0.00152178,0.00152474,625.208,0.0003
20.89,6728370.0,0.0,3858780.0,1274200.0,8.48736e-07,0.0010587,0.00257098,0.00151878,0.00152153,0.00152176,0.00152472,629.017,0.0003
20.895,6729000.0,0.0,3859080.0,1274210.0,8.48776e-07,0.00108323,0.00259543,0.00151886,0.00152162,0.00152185,0.00152481,628.883,0.0003
20.9,6729000.0,0.0,3859080.0,1274210.0,8.48776e-07,0.00108323,0.00259543,0.00151886,0.00152162,0.00152185,0.00152481,627.801,0.0003
20.905,6728820.0,0.0,3859000.0,1274200.0,8.48765e-07,0.00107626,0.00258848,0.00151884,0.00152159,0.00152183,0.00152479,627.801,0.0003
20.91,6728800.0,0.0,3858990.0,1274200.0,8.48763e-07,0.0010754,0.00258762,0.00151884,0.00152159,0.00152182,0.00152478,630.805,0.0003
20.915,6729300.0,0.0,3859230.0,1274210.0,8.48795e-07,0.00109475,0.00260691,0.0015189,0.00152166,0.00152189,0.00152485,630.954,0.0003
20.92,6729300.0,0.0,3859230.0,1274210.0,8.48795e-07,0.00109475,0.00260691,0.0015189,0.00152166,0.00152189,0.00152485,632.163,0.0003
20.925,6729500.0,0.0,3859320.0,1274210.0,8.48807e-07,0.00110253,0.00261466,0.00151893,0.00152168,0.00152192,0.00152488,632.163,0.0003
20.93,6729530.0,0.0,3859340.0,1274210.0,8.48809e-07,0.0011035,0.00261562,0.00151894,0.00152169,0.00152192,0.00152488,629.48,0.0003
20.935,6729080.0,0.0,3859120.0,1274210.0,8.48781e-07,0.00108622,0.0025984,0.00151887,0.00152163,0.00152186,0.00152482,629.733,0.0003
20.94,6729080.0,0.0,3859120.0,1274210.0,8.48781e-07,0.00108622,0.0025984,0.00151887,0.00152163,0.00152186,0.00152482,631.784,0.0003
20.945,6729420.0,0.0,3859280.0,1274210.0,8.48802e-07,0.00109942,0.00261156,0.00151892,0.00152167,0.00152191,0.00152487,631.784,0.0003
20.95,6729470.0,0.0,3859310.0,1274210.0,8.48805e-07,0.00110105,0.00261319,0.00151893,0.00152168,0.00152191,0.00152488,629.856,0.0003
20.955,6729140.0,0.0,3859150.0,1274210.0,8.48785e-07,0.00108863,0.00260081,0.00151888,0.00152164,0.00152187,0.00152483,629.991,0.0003
20.96,6729140.0,0.0,3859150.0,1274210.0,8.48785e-07,0.00108863,0.00260081,0.00151888,0.00152164,0.00152187,0.00152483,631.085,0.0003
20.965,6729330.0,0.0,3859240.0,1274210.0,8.48796e-07,0.00109568,0.00260784,0.00151891,0.00152166,0.0015219,0.00152486,631.085,0.0003
20.97,6729350.0,0.0,3859250.0,1274210.0,8.48798e-07,0.00109655,0.00260871,0.00151891,0.00152166,0.0015219,0.00152486,629.457,0.0003
20.975,6729080.0,0.0,3859120.0,1274210.0,8.48781e-07,0.00108607,0.00259825,0.00151887,0.00152163,0.00152186,0.00152482,630.049,0.0003
20.98,6729080.0,0.0,3859120.0,1274210.0,8.48781e-07,0.00108607,0.00259825,0.00151887,0.00152163,0.00152186,0.00152482,634.84,0.0003
20.985,6729880.0,0.0,3859500.0,1274220.0,8.4883e-07,0.00111692,0.002629,0.00151898,0.00152174,0.00152197,0.00152493,634.84,0.0003
20.99,6729980.0,0.0,3859550.0,1274220.0,8.48837e-07,0.00112073,0.0026328,0.001519,0.00152175,0.00152198,0.00152495,629.382,0.0003
20.995,6729070.0,0.0,3859110.0,1274210.0,8.4878e-07,0.00108558,0.00259777,0.00151887,0.00152162,0.00152186,0.00152482,628.909,0.0003
21.0,6729070.0,0.0,3859110.0,1274210.0,8.4878e-07,0.00108558,0.00259777,0.00151887,0.00152162,0.00152186,0.00152482,625.082,0.0003
21.005,6728430.0,0.0,3858810.0,1274200.0,8.4874e-07,0.00106094,0.00257321,0.00151878,0.00152154,0.00152177,0.00152473,625.082,0.0003
21.01,6728350.0,0.0,3858770.0,1274200.0,8.48735e-07,0.00105789,0.00257017,0.00151877,0.00152153,0.00152176,0.00152472,630.917,0.0003
21.015,6729320.0,0.0,3859240.0,1274210.0,8.48796e-07,0.00109547,0.00260762,0.00151891,0.00152166,0.00152189,0.00152485,630.816,0.0003
21.02,6729320.0,0.0,3859240.0,1274210.0,8.48796e-07,0.00109547,0.00260762,0.00151891,0.00152166,0.00152189,0.00152485,629.998,0.0003
21.025,6729190.0,0.0,3859170.0,1274210.0,8.48787e-07,0.0010902,0.00260238,0.00151889,0.00152164,0.00152188,0.00152484,629.998,0.0003
21.03,6729170.0,0.0,3859160.0,1274210.0,8.48786e-07,0.00108955,0.00260173,0.00151889,0.00152164,0.00152187,0.00152483,629.308,0.0003
21.035,6729050.0,0.0,3859110.0,1274210.0,8.48779e-07,0.00108511,0.0025973,0.00151887,0.00152162,0.00152186,0.00152482,629.12,0.0003
21.04,6729050.0,0.0,3859110.0,1274210.0,8.48779e-07,0.00108511,0.0025973,0.00151887,0.00152162,0.00152186,0.00152482,627.598,0.0003
21.045,6728800.0,0.0,3858980.0,1274210.0,8.48763e-07,0.0010753,0.00258753,0.00151883,0.00152159,0.00152182,0.00152478,627.598,0.0003
21.05,6728770.0,0.0,3858970.0,1274210.0,8.48761e-07,0.00107409,0.00258632,0.00151883,0.00152158,0.00152182,0.00152478,623.83,0.0003
21.055,6728140.0,0.0,3858670.0,1274200.0,8.48722e-07,0.00104982,0.00256213,0.00151874,0.0015215,0.00152173,0.00152469,624.177,0.0003
21.06,6728140.0,0.0,3858670.0,1274200.0,8.48722e-07,0.00104982,0.00256213,0.00151874,0.0015215,0.00152173,0.00152469,626.99,0.0003
21.065,6728610.0,0.0,3858890.0,1274200.0,8.48751e-07,0.00106794,0.00258019,0.00151881,0.00152156,0.0015218,0.00152476,626.99,0.0003
21.07,6728670.0,0.0,3858920.0,1274200.0,8.48755e-07,0.00107018,0.00258242,0.00151882,0.00152157,0.0015218,0.00152476,627.382,0.0003
21.075,6728730.0,0.0,3858950.0,1274210.0,8.48759e-07,0.00107271,0.00258494,0.00151883,0.00152158,0.00152181,0.00152477,627.357,0.0003
21.08,6728730.0,0.0,3858950.0,1274210.0,8.48759e-07,0.00107271,0.00258494,0.00151883,0.00152158,0.00152181,0.00152477,627.15,0.0003
21.085,6728700.0,0.0,3858940.0,1274210.0,8.48757e-07,0.00107137,0.00258361,0.00151882,0.00152157,0.00152181,0.00152477,627.15,0.0003
21.09,6728690.0,0.0,3858930.0,1274210.0,8.48757e-07,0.00107121,0.00258345,0.00151882,0.00152157,0.00152181,0.00152477,629.582,0.0003
21.095,6729100.0,0.0,3859130.0,1274210.0,8.48782e-07,0.00108687,0.00259905,0.00151888,0.00152163,0.00152186,0.00152482,629.183,0.0003
21.1,6729100.0,0.0,3859130.0,1274210.0,8.48782e-07,0.00108687,0.00259905,0.00151888,0.00152163,0.00152186,0.00152482,625.952,0.0003
21.105,6728560.0,0.0,3858870.0,1274200.0,8.48748e-07,0.00106606,0.00257832,0.0015188,0.00152155,0.00152179,0.00152475,625.952,0.0003
21.11,6728490.0,0.0,3858840.0,1274200.0,8.48744e-07,0.00106349,0.00257575,0.00151879,0.00152155,0.00152178,0.00152474,627.801,0.0003
21.115,6728800.0,0.0,3858990.0,1274210.0,8.48763e-07,0.0010754,0.00258763,0.00151884,0.00152159,0.00152182,0.00152478,627.973,0.0003
21.12,6728800.0,0.0,3858990.0,1274210.0,8.48763e-07,0.0010754,0.00258763,0.00151884,0.00152159,0.00152182,0.00152478,629.363,0.0003
21.125,6729030.0,0.0,3859100.0,1274210.0,8.48778e-07,0.00108435,0.00259655,0.00151887,0.00152162,0.00152185,0.00152481,629.363,0.0003
21.13,6729060.0,0.0,3859110.0,1274210.0,8.4878e-07,0.00108546,0.00259765,0.00151887,0.00152162,0.00152186,0.00152482,631.808,0.0003
21.135,6729470.0,0.0,3859310.0,1274220.0,8.48805e-07,0.00110121,0.00261334,0.00151893,0.00152168,0.00152191,0.00152488,631.283,0.0003
21.14,6729470.0,0.0,3859310.0,1274220.0,8.48805e-07,0.00110121,0.00261334,0.00151893,0.00152168,0.00152191,0.00152488,627.036,0.0003
21.145,6728760.0,0.0,3858970.0,1274210.0,8.48761e-07,0.00107385,0.00258608,0.00151883,0.00152158,0.00152182,0.00152478,627.036,0.0003
21.15,6728670.0,0.0,3858930.0,1274210.0,8.48755e-07,0.00107047,0.00258271,0.00151882,0.00152157,0.00152181,0.00152477,632.798,0.0003
21.155,6729640.0,0.0,3859390.0,1274220.0,8.48815e-07,0.00110759,0.0026197,0.00151895,0.0015217,0.00152194,0.0015249,632.087,0.0003
21.16,6729640.0,0.0,3859390.0,1274220.0,8.48815e-07,0.00110759,0.0026197,0.00151895,0.0015217,0.00152194,0.0015249,626.33,0.0003
21.165,6728670.0,0.0,3858930.0,1274210.0,8.48755e-07,0.00107051,0.00258275,0.00151882,0.00152157,0.00152181,0.00152477,626.33,0.0003
21.17,6728560.0,0.0,3858870.0,1274200.0,8.48748e-07,0.00106593,0.00257818,0.0015188,0.00152155,0.00152179,0.00152475,635.964,0.0003
21.175,6730160.0,0.0,3859640.0,1274220.0,8.48848e-07,0.00112797,0.00264002,0.00151902,0.00152178,0.00152201,0.00152497,635.246,0.0003
21.18,6730160.0,0.0,3859640.0,1274220.0,8.48848e-07,0.00112797,0.00264002,0.00151902,0.00152178,0.00152201,0.00152497,629.438,0.0003
21.185,6729190.0,0.0,3859180.0,1274210.0,8.48788e-07,0.00109056,0.00260273,0.00151889,0.00152164,0.00152188,0.00152484,629.438,0.0003
21.19,6729070.0,0.0,3859120.0,1274210.0,8.4878e-07,0.00108594,0.00259813,0.00151887,0.00152163,0.00152186,0.00152482,626.915,0.0003
21.195,6728650.0,0.0,3858920.0,1274210.0,8.48754e-07,0.0010697,0.00258194,0.00151881,0.00152157,0.0015218,0.00152476,627.4,0.0003
21.2,6728650.0,0.0,3858920.0,1274210.0,8.48754e-07,0.0010697,0.00258194,0.00151881,0.00152157,0.0015218,0.00152476,631.321,0.0003
21.205,6729310.0,0.0,3859230.0,1274210.0,8.48795e-07,0.00109496,0.00260711,0.0015189,0.00152166,0.00152189,0.00152485,631.321,0.0003
21.21,6729390.0,0.0,3859270.0,1274220.0,8.488e-07,0.00109808,0.00261022,0.00151892,0.00152167,0.0015219,0.00152486,630.97,0.0003
21.215,6729330.0,0.0,3859240.0,1274210.0,8.48796e-07,0.00109581,0.00260796,0.00151891,0.00152166,0.0015219,0.00152486,630.57,0.0003
21.22,6729330.0,0.0,3859240.0,1274210.0,8.48796e-07,0.00109581,0.00260796,0.00151891,0.00152166,0.0015219,0.00152486,627.334,0.0003
21.225,6728790.0,0.0,3858980.0,1274210.0,8.48763e-07,0.00107497,0.00258719,0.00151883,0.00152159,0.00152182,0.00152478,627.334,0.0003
21.23,6728720.0,0.0,3858950.0,1274210.0,8.48759e-07,0.00107239,0.00258462,0.00151882,0.00152158,0.00152181,0.00152477,630.263,0.0003
21.235,6729210.0,0.0,3859180.0,1274210.0,8.48789e-07,0.00109126,0.00260343,0.00151889,0.00152164,0.00152188,0.00152484,629.784,0.0003
21.24,6729210.0,0.0,3859180.0,1274210.0,8.48789e-07,0.00109126,0.00260343,0.00151889,0.00152164,0.00152188,0.00152484,625.903,0.0003
21.245,6728560.0,0.0,3858870.0,1274210.0,8.48749e-07,0.00106626,0.00257852,0.0015188,0.00152155,0.00152179,0.00152475,625.903,0.0003
21.25,6728480.0,0.0,3858830.0,1274200.0,8.48744e-07,0.00106318,0.00257544,0.00151879,0.00152154,0.00152178,0.00152474,630.794,0.0003
21.255,6729300.0,0.0,3859230.0,1274210.0,8.48795e-07,0.00109468,0.00260683,0.0015189,0.00152166,0.00152189,0.00152485,630.503,0.0003
21.26,6729300.0,0.0,3859230.0,1274210.0,8.48795e-07,0.00109468,0.00260683,0.0015189,0.00152166,0.00152189,0.00152485,628.148,0.0003
21.265,6728910.0,0.0,3859040.0,1274210.0,8.4877e-07,0.00107951,0.00259172,0.00151885,0.0015216,0.00152184,0.0015248,628.148,0.0003
21.27,6728860.0,0.0,3859020.0,1274210.0,8.48767e-07,0.00107764,0.00258985,0.00151884,0.0015216,0.00152183,0.00152479,631.878,0.0003
21.275,6729480.0,0.0,3859310.0,1274220.0,8.48806e-07,0.00110166,0.00261379,0.00151893,0.00152168,0.00152192,0.00152488,631.475,0.0003
21.28,6729480.0,0.0,3859310.0,1274220.0,8.48806e-07,0.00110166,0.00261379,0.00151893,0.00152168,0.00152192,0.00152488,628.212,0.0003
21.285,6728940.0,0.0,3859050.0,1274210.0,8.48772e-07,0.00108064,0.00259285,0.00151885,0.00152161,0.00152184,0.0015248,628.212,0.0003
21.29,6728870.0,0.0,3859020.0,1274210.0,8.48768e-07,0.00107805,0.00259026,0.00151884,0.0015216,0.00152183,0.00152479,627.695,0.0003
21.295,6728780.0,0.0,3858980.0,1274210.0,8.48762e-07,0.00107472,0.00258694,0.00151883,0.00152158,0.00152182,0.00152478,628.128,0.0003
21.3,6728780.0,0.0,3858980.0,1274210.0,8.48762e-07,0.00107472,0.00258694,0.00151883,0.00152158,0.00152182,0.00152478,631.634,0.0003
21.305,6729370.0,0.0,3859260.0,1274220.0,8.48799e-07,0.0010973,0.00260945,0.00151891,0.00152167,0.0015219,0.00152486,631.634,0.0003
21.31,6729440.0,0.0,3859300.0,1274220.0,8.48803e-07,0.00110009,0.00261223,0.00151892,0.00152168,0.00152191,0.00152487,630.255,0.0003
21.315,6729210.0,0.0,3859180.0,1274210.0,8.48789e-07,0.00109121,0.00260338,0.00151889,0.00152164,0.00152188,0.00152484,630.138,0.0003
21.32,6729210.0,0.0,3859180.0,1274210.0,8.48789e-07,0.00109121,0.00260338,0.00151889,0.00152164,0.00152188,0.00152484,629.187,0.0003
21.325,6729050.0,0.0,3859110.0,1274210.0,8.48779e-07,0.00108509,0.00259728,0.00151887,0.00152162,0.00152186,0.00152482,629.187,0.0003
21.33,6729030.0,0.0,3859100.0,1274210.0,8.48778e-07,0.00108433,0.00259652,0.00151887,0.00152162,0.00152185,0.00152481,630.813,0.0003
21.335,6729300.0,0.0,3859230.0,1274220.0,8.48795e-07,0.0010948,0.00260696,0.0015189,0.00152166,0.00152189,0.00152485,630.611,0.0003
21.34,6729300.0,0.0,3859230.0,1274220.0,8.48795e-07,0.0010948,0.00260696,0.0015189,0.00152166,0.00152189,0.00152485,628.977,0.0003
21.345,6729030.0,0.0,3859100.0,1274210.0,8.48778e-07,0.00108428,0.00259647,0.00151887,0.00152162,0.00152185,0.00152481,628.977,0.0003
21.35,6729000.0,0.0,3859080.0,1274210.0,8.48776e-07,0.00108298,0.00259517,0.00151886,0.00152161,0.00152185,0.00152481,627.602,0.0003
21.355,6728770.0,0.0,3858970.0,1274210.0,8.48761e-07,0.00107412,0.00258635,0.00151883,0.00152158,0.00152182,0.00152478,627.722,0.0003
21.36,6728770.0,0.0,3858970.0,1274210.0,8.48761e-07,0.00107412,0.00258635,0.00151883,0.00152158,0.00152182,0.00152478,628.697,0.0003
21.365,6728930.0,0.0,3859050.0,1274210.0,8.48771e-07,0.0010804,0.0025926,0.00151885,0.00152161,0.00152184,0.0015248,628.697,0.0003
21.37,6728950.0,0.0,3859060.0,1274210.0,8.48773e-07,0.00108117,0.00259338,0.00151886,0.00152161,0.00152184,0.0015248,630.851,0.0003
21.375,6729310.0,0.0,3859230.0,1274220.0,8.48795e-07,0.00109505,0.0026072,0.0015189,0.00152166,0.00152189,0.00152485,631.041,0.0003
21.38,6729310.0,0.0,3859230.0,1274220.0,8.48795e-07,0.00109505,0.0026072,0.0015189,0.00152166,0.00152189,0.00152485,632.576,0.0003
21.385,6729570.0,0.0,3859360.0,1274220.0,8.48811e-07,0.00110493,0.00261706,0.00151894,0.00152169,0.00152193,0.00152489,632.576,0.0003
21.39,6729600.0,0.0,3859370.0,1274220.0,8.48813e-07,0.00110615,0.00261827,0.00151894,0.0015217,0.00152193,0.00152489,629.912,0.0003
21.395,6729150.0,0.0,3859160.0,1274210.0,8.48785e-07,0.001089,0.00260117,0.00151888,0.00152164,0.00152187,0.00152483,629.561,0.0003
21.4,6729150.0,0.0,3859160.0,1274210.0,8.48785e-07,0.001089,0.00260117,0.00151888,0.00152164,0.00152187,0.00152483,626.722,0.0003
21.405,6728680.0,0.0,3858930.0,1274210.0,8.48756e-07,0.00107071,0.00258295,0.00151882,0.00152157,0.00152181,0.00152477,626.722,0.0003
21.41,6728620.0,0.0,3858900.0,1274210.0,8.48752e-07,0.00106845,0.0025807,0.00151881,0.00152156,0.0015218,0.00152476,628.344,0.0003
21.415,6728890.0,0.0,3859030.0,1274210.0,8.48769e-07,0.0010789,0.00259111,0.00151885,0.0015216,0.00152183,0.00152479,628.318,0.0003
21.42,6728890.0,0.0,3859030.0,1274210.0,8.48769e-07,0.0010789,0.00259111,0.00151885,0.0015216,0.00152183,0.00152479,628.109,0.0003
21.425,6728860.0,0.0,3859020.0,1274210.0,8.48767e-07,0.00107755,0.00258977,0.00151884,0.00152159,0.00152183,0.00152479,628.109,0.0003
21.43,6728850.0,0.0,3859010.0,1274210.0,8.48767e-07,0.00107739,0.0025896,0.00151884,0.00152159,0.00152183,0.00152479,630.065,0.0003
21.435,6729180.0,0.0,3859170.0,1274220.0,8.48787e-07,0.00108998,0.00260216,0.00151889,0.00152164,0.00152187,0.00152483,630.361,0.0003
21.44,6729180.0,0.0,3859170.0,1274220.0,8.48787e-07,0.00108998,0.00260216,0.00151889,0.00152164,0.00152187,0.00152483,632.759,0.0003
21.445,6729580.0,0.0,3859360.0,1274220.0,8.48812e-07,0.00110543,0.00261755,0.00151894,0.00152169,0.00152193,0.00152489,632.759,0.0003
21.45,6729630.0,0.0,3859390.0,1274220.0,8.48815e-07,0.00110734,0.00261945,0.00151895,0.0015217,0.00152194,0.0015249,630.672,0.0003
21.455,6729280.0,0.0,3859220.0,1274220.0,8.48793e-07,0.00109389,0.00260605,0.0015189,0.00152165,0.00152189,0.00152485,630.095,0.0003
21.46,6729280.0,0.0,3859220.0,1274220.0,8.48793e-07,0.00109389,0.00260605,0.0015189,0.00152165,0.00152189,0.00152485,625.426,0.0003
21.465,6728500.0,0.0,3858840.0,1274210.0,8.48745e-07,0.00106382,0.00257608,0.00151879,0.00152155,0.00152178,0.00152474,625.426,0.0003
21.47,6728400.0,0.0,3858800.0,1274210.0,8.48739e-07,0.00106011,0.00257238,0.00151878,0.00152153,0.00152177,0.00152473,627.604,0.0003
21.475,6728770.0,0.0,3858970.0,1274210.0,8.48761e-07,0.00107414,0.00258636,0.00151883,0.00152158,0.00152182,0.00152478,627.855,0.0003
21.48,6728770.0,0.0,3858970.0,1274210.0,8.48761e-07,0.00107414,0.00258636,0.00151883,0.00152158,0.00152182,0.00152478,629.879,0.0003
21.485,6729110.0,0.0,3859140.0,1274210.0,8.48782e-07,0.00108718,0.00259936,0.00151888,0.00152163,0.00152186,0.00152482,629.879,0.0003
21.49,6729150.0,0.0,3859160.0,1274220.0,8.48785e-07,0.00108879,0.00260096,0.00151888,0.00152163,0.00152187,0.00152483,627.589,0.0003
21.495,6728770.0,0.0,3858970.0,1274210.0,8.48761e-07,0.00107404,0.00258627,0.00151883,0.00152158,0.00152182,0.00152478,627.939,0.0003
21.5,6728770.0,0.0,3858970.0,1274210.0,8.48761e-07,0.00107404,0.00258627,0.00151883,0.00152158,0.00152182,0.00152478,630.765,0.0003
21.505,6729240.0,0.0,3859200.0,1274220.0,8.48791e-07,0.00109225,0.00260441,0.00151889,0.00152165,0.00152188,0.00152484,630.765,0.0003
21.51,6729300.0,0.0,3859230.0,1274220.0,8.48794e-07,0.00109449,0.00260665,0.0015189,0.00152166,0.00152189,0.00152485,628.915,0.0003
21.515,6728990.0,0.0,3859080.0,1274210.0,8.48775e-07,0.00108258,0.00259477,0.00151886,0.00152161,0.00152185,0.00152481,629.116,0.0003
21.52,6728990.0,0.0,3859080.0,1274210.0,8.48775e-07,0.00108258,0.00259477,0.00151886,0.00152161,0.00152185,0.00152481,630.746,0.0003
21.525,6729260.0,0.0,3859210.0,1274220.0,8.48792e-07,0.00109308,0.00260524,0.0015189,0.00152165,0.00152189,0.00152485,630.746,0.0003
21.53,6729290.0,0.0,3859230.0,1274220.0,8.48794e-07,0.00109437,0.00260653,0.0015189,0.00152165,0.00152189,0.00152485,632.168,0.0003
21.535,6729530.0,0.0,3859340.0,1274220.0,8.48809e-07,0.00110353,0.00261565,0.00151893,0.00152169,0.00152192,0.00152488,631.52,0.0003
21.54,6729530.0,0.0,3859340.0,1274220.0,8.48809e-07,0.00110353,0.00261565,0.00151893,0.00152169,0.00152192,0.00152488,626.27,0.0003
21.545,6728650.0,0.0,3858920.0,1274210.0,8.48754e-07,0.00106972,0.00258196,0.00151881,0.00152157,0.0015218,0.00152476,626.27,0.0003
21.55,6728550.0,0.0,3858870.0,1274210.0,8.48747e-07,0.00106554,0.0025778,0.0015188,0.00152155,0.00152179,0.00152475,630.893,0.0003
21.555,6729320.0,0.0,3859240.0,1274220.0,8.48796e-07,0.00109532,0.00260747,0.00151891,0.00152166,0.00152189,0.00152485,630.851,0.0003
21.56,6729320.0,0.0,3859240.0,1274220.0,8.48796e-07,0.00109532,0.00260747,0.00151891,0.00152166,0.00152189,0.00152485,630.512,0.0003
21.565,6729260.0,0.0,3859210.0,1274220.0,8.48792e-07,0.00109313,0.0026053,0.0015189,0.00152165,0.00152189,0.00152485,630.512,0.0003
21.57,6729250.0,0.0,3859210.0,1274220.0,8.48792e-07,0.00109286,0.00260503,0.0015189,0.00152165,0.00152188,0.00152484,629.362,0.0003
21.575,6729060.0,0.0,3859110.0,1274220.0,8.4878e-07,0.00108546,0.00259764,0.00151887,0.00152162,0.00152186,0.00152482,629.485,0.0003
21.58,6729060.0,0.0,3859110.0,1274220.0,8.4878e-07,0.00108546,0.00259764,0.00151887,0.00152162,0.00152186,0.00152482,630.476,0.0003
21.585,6729230.0,0.0,3859190.0,1274220.0,8.4879e-07,0.00109184,0.00260401,0.00151889,0.00152165,0.00152188,0.00152484,630.476,0.0003
21.59,6729250.0,0.0,3859200.0,1274220.0,8.48791e-07,0.00109263,0.00260479,0.0015189,0.00152165,0.00152188,0.00152484,625.926,0.0003
21.595,6728490.0,0.0,3858840.0,1274210.0,8.48744e-07,0.00106333,0.00257559,0.00151879,0.00152154,0.00152178,0.00152474,626.313,0.0003
21.6,6728490.0,0.0,3858840.0,1274210.0,8.48744e-07,0.00106333,0.00257559,0.00151879,0.00152154,0.00152178,0.00152474,629.446,0.0003
21.605,6729010.0,0.0,3859090.0,1274210.0,8.48776e-07,0.00108351,0.0025957,0.00151886,0.00152162,0.00152185,0.00152481,629.446,0.0003
21.61,6729080.0,0.0,3859120.0,1274220.0,8.4878e-07,0.001086,0.00259818,0.00151887,0.00152162,0.00152186,0.00152482,627.857,0.0003
21.615,6728810.0,0.0,3858990.0,1274210.0,8.48764e-07,0.00107576,0.00258798,0.00151884,0.00152159,0.00152182,0.00152478,627.898,0.0003
21.62,6728810.0,0.0,3858990.0,1274210.0,8.48764e-07,0.00107576,0.00258798,0.00151884,0.00152159,0.00152182,0.00152478,628.227,0.0003
21.625,6728870.0,0.0,3859020.0,1274210.0,8.48767e-07,0.00107789,0.0025901,0.00151884,0.0015216,0.00152183,0.00152479,628.227,0.0003
21.63,6728870.0,0.0,3859020.0,1274210.0,8.48768e-07,0.00107815,0.00259036,0.00151884,0.0015216,0.00152183,0.00152479,623.407,0.0003
21.635,6728070.0,0.0,3858640.0,1274200.0,8.48718e-07,0.0010471,0.00255942,0.00151873,0.00152149,0.00152172,0.00152468,624.572,0.0003
21.64,6728070.0,0.0,3858640.0,1274200.0,8.48718e-07,0.0010471,0.00255942,0.00151873,0.00152149,0.00152172,0.00152468,634.004,0.0003
21.645,6729640.0,0.0,3859390.0,1274220.0,8.48816e-07,0.00110785,0.00261996,0.00151895,0.0015217,0.00152194,0.0015249,634.004,0.0003
21.65,6729840.0,0.0,3859490.0,1274230.0,8.48828e-07,0.00111535,0.00262744,0.00151898,0.00152173,0.00152196,0.00152493,625.494,0.0003
21.655,6728420.0,0.0,3858800.0,1274210.0,8.48739e-07,0.00106055,0.00257282,0.00151878,0.00152153,0.00152177,0.00152473,625.612,0.0003
21.66,6728420.0,0.0,3858800.0,1274210.0,8.48739e-07,0.00106055,0.00257282,0.00151878,0.00152153,0.00152177,0.00152473,626.562,0.0003
21.665,6728570.0,0.0,3858880.0,1274210.0,8.48749e-07,0.00106667,0.00257892,0.0015188,0.00152156,0.00152179,0.00152475,626.562,0.0003
21.67,6728590.0,0.0,3858890.0,1274210.0,8.4875e-07,0.00106742,0.00257967,0.00151881,0.00152156,0.00152179,0.00152475,625.283,0.0003
21.675,6728380.0,0.0,3858790.0,1274210.0,8.48737e-07,0.00105918,0.00257146,0.00151878,0.00152153,0.00152176,0.00152472,625.838,0.0003
21.68,6728380.0,0.0,3858790.0,1274210.0,8.48737e-07,0.00105918,0.00257146,0.00151878,0.00152153,0.00152176,0.00152472,630.331,0.0003
21.685,6729130.0,0.0,3859150.0,1274220.0,8.48784e-07,0.00108812,0.0026003,0.00151888,0.00152163,0.00152187,0.00152483,630.331,0.0003
21.69,6729220.0,0.0,3859190.0,1274220.0,8.4879e-07,0.0010917,0.00260386,0.00151889,0.00152164,0.00152188,0.00152484,630.11,0.0003
21.695,6729190.0,0.0,3859180.0,1274220.0,8.48787e-07,0.00109028,0.00260245,0.00151889,0.00152164,0.00152188,0.00152484,630.112,0.0003
21.7,6729190.0,0.0,3859180.0,1274220.0,8.48787e-07,0.00109028,0.00260245,0.00151889,0.00152164,0.00152188,0.00152484,630.125,0.0003
21.705,6729190.0,0.0,3859180.0,1274220.0,8.48788e-07,0.00109036,0.00260253,0.00151889,0.00152164,0.00152188,0.00152484,630.125,0.0003
21.71,6729190.0,0.0,3859180.0,1274220.0,8.48788e-07,0.00109037,0.00260254,0.00151889,0.00152164,0.00152188,0.00152484,628.277,0.0003
21.715,6728880.0,0.0,3859030.0,1274210.0,8.48768e-07,0.00107847,0.00259068,0.00151885,0.0015216,0.00152183,0.00152479,628.471,0.0003
21.72,6728880.0,0.0,3859030.0,1274210.0,8.48768e-07,0.00107847,0.00259068,0.00151885,0.0015216,0.00152183,0.00152479,630.034,0.0003
21.725,6729140.0,0.0,3859150.0,1274220.0,8.48785e-07,0.00108854,0.00260072,0.00151888,0.00152163,0.00152187,0.00152483,630.034,0.0003
21.73,6729170.0,0.0,3859170.0,1274220.0,8.48787e-07,0.00108979,0.00260196,0.00151889,0.00152164,0.00152187,0.00152483,630.701,0.0003
21.735,6729290.0,0.0,3859220.0,1274220.0,8.48794e-07,0.00109408,0.00260624,0.0015189,0.00152165,0.00152189,0.00152485,630.364,0.0003
21.74,6729290.0,0.0,3859220.0,1274220.0,8.48794e-07,0.00109408,0.00260624,0.0015189,0.00152165,0.00152189,0.00152485,627.633,0.0003
21.745,6728830.0,0.0,3859000.0,1274210.0,8.48765e-07,0.0010765,0.00258871,0.00151884,0.00152159,0.00152183,0.00152479,627.633,0.0003
21.75,6728770.0,0.0,3858980.0,1274210.0,8.48762e-07,0.00107432,0.00258655,0.00151883,0.00152158,0.00152182,0.00152478,632.685,0.0003
21.755,6729620.0,0.0,3859380.0,1274220.0,8.48814e-07,0.00110686,0.00261897,0.00151895,0.0015217,0.00152193,0.00152489,632.3,0.0003
21.76,6729620.0,0.0,3859380.0,1274220.0,8.48814e-07,0.00110686,0.00261897,0.00151895,0.0015217,0.00152193,0.00152489,629.182,0.0003
21.765,6729100.0,0.0,3859130.0,1274220.0,8.48782e-07,0.00108678,0.00259896,0.00151887,0.00152163,0.00152186,0.00152482,629.182,0.0003
21.77,6729030.0,0.0,3859100.0,1274220.0,8.48778e-07,0.0010843,0.00259649,0.00151887,0.00152162,0.00152185,0.00152481,628.292,0.0003
21.775,6728880.0,0.0,3859030.0,1274220.0,8.48768e-07,0.00107857,0.00259078,0.00151885,0.0015216,0.00152183,0.00152479,628.034,0.0003
21.78,6728880.0,0.0,3859030.0,1274220.0,8.48768e-07,0.00107857,0.00259078,0.00151885,0.0015216,0.00152183,0.00152479,625.946,0.0003
21.785,6728530.0,0.0,3858860.0,1274210.0,8.48747e-07,0.00106511,0.00257737,0.0015188,0.00152155,0.00152179,0.00152474,625.946,0.0003
21.79,6728490.0,0.0,3858840.0,1274210.0,8.48744e-07,0.00106345,0.00257571,0.00151879,0.00152154,0.00152178,0.00152474,629.623,0.0003
21.795,6729110.0,0.0,3859140.0,1274220.0,8.48782e-07,0.00108714,0.00259932,0.00151888,0.00152163,0.00152186,0.00152482,629.517,0.0003
21.8,6729110.0,0.0,3859140.0,1274220.0,8.48782e-07,0.00108714,0.00259932,0.00151888,0.00152163,0.00152186,0.00152482,628.654,0.0003
21.805,6728960.0,0.0,3859070.0,1274220.0,8.48773e-07,0.00108158,0.00259378,0.00151886,0.00152161,0.00152184,0.0015248,628.654,0.0003
21.81,6728940.0,0.0,3859060.0,1274220.0,8.48772e-07,0.00108089,0.0025931,0.00151885,0.00152161,0.00152184,0.0015248,631.815,0.0003
21.815,6729470.0,0.0,3859310.0,1274220.0,8.48805e-07,0.00110126,0.00261339,0.00151893,0.00152168,0.00152191,0.00152487,631.323,0.0003
21.82,6729470.0,0.0,3859310.0,1274220.0,8.48805e-07,0.00110126,0.00261339,0.00151893,0.00152168,0.00152191,0.00152487,627.341,0.0003
21.825,6728810.0,0.0,3858990.0,1274220.0,8.48764e-07,0.00107561,0.00258783,0.00151883,0.00152159,0.00152182,0.00152478,627.341,0.0003
21.83,6728720.0,0.0,3858950.0,1274210.0,8.48759e-07,0.00107244,0.00258467,0.00151882,0.00152158,0.00152181,0.00152477,629.322,0.0003
21.835,6729060.0,0.0,3859110.0,1274220.0,8.48779e-07,0.0010852,0.00259739,0.00151887,0.00152162,0.00152186,0.00152482,629.276,0.0003
21.84,6729060.0,0.0,3859110.0,1274220.0,8.48779e-07,0.0010852,0.00259739,0.00151887,0.00152162,0.00152186,0.00152482,628.898,0.0003
21.845,6728990.0,0.0,3859080.0,1274220.0,8.48775e-07,0.00108277,0.00259497,0.00151886,0.00152161,0.00152185,0.00152481,628.898,0.0003
21.85,6728980.0,0.0,3859080.0,1274220.0,8.48775e-07,0.00108247,0.00259467,0.00151886,0.00152161,0.00152185,0.00152481,627.774,0.0003
21.855,6728800.0,0.0,3858990.0,1274220.0,8.48763e-07,0.00107523,0.00258745,0.00151883,0.00152159,0.00152182,0.00152478,627.818,0.0003
21.86,6728800.0,0.0,3858990.0,1274220.0,8.48763e-07,0.00107523,0.00258745,0.00151883,0.00152159,0.00152182,0.00152478,628.176,0.0003
21.865,6728860.0,0.0,3859020.0,1274220.0,8.48767e-07,0.00107753,0.00258975,0.00151884,0.00152159,0.00152183,0.00152479,628.176,0.0003
21.87,6728860.0,0.0,3859020.0,1274220.0,8.48767e-07,0.00107782,0.00259003,0.00151884,0.00152159,0.00152183,0.00152479,628.868,0.0003
21.875,6728980.0,0.0,3859080.0,1274220.0,8.48774e-07,0.00108227,0.00259447,0.00151886,0.00152161,0.00152185,0.00152481,628.612,0.0003
21.88,6728980.0,0.0,3859080.0,1274220.0,8.48774e-07,0.00108227,0.00259447,0.00151886,0.00152161,0.00152185,0.00152481,626.545,0.0003
21.885,6728630.0,0.0,3858910.0,1274210.0,8.48753e-07,0.00106896,0.0025812,0.00151881,0.00152156,0.0015218,0.00152476,626.545,0.0003
21.89,6728590.0,0.0,3858890.0,1274210.0,8.4875e-07,0.00106731,0.00257956,0.00151881,0.00152156,0.00152179,0.00152475,625.275,0.0003
21.895,6728380.0,0.0,3858790.0,1274210.0,8.48737e-07,0.00105913,0.00257141,0.00151878,0.00152153,0.00152176,0.00152472,625.269,0.0003
21.9,6728380.0,0.0,3858790.0,1274210.0,8.48737e-07,0.00105913,0.00257141,0.00151878,0.00152153,0.00152176,0.00152472,625.216,0.0003
21.905,6728370.0,0.0,3858780.0,1274210.0,8.48737e-07,0.00105879,0.00257107,0.00151878,0.00152153,0.00152176,0.00152472,625.216,0.0003
21.91,6728370.0,0.0,3858780.0,1274210.0,8.48736e-07,0.00105875,0.00257103,0.00151877,0.00152153,0.00152176,0.00152472,628.085,0.0003
21.915,6728850.0,0.0,3859010.0,1274220.0,8.48766e-07,0.00107723,0.00258945,0.00151884,0.00152159,0.00152183,0.00152479,628.534,0.0003
21.92,6728850.0,0.0,3859010.0,1274220.0,8.48766e-07,0.00107723,0.00258945,0.00151884,0.00152159,0.00152183,0.00152479,632.168,0.0003
21.925,6729460.0,0.0,3859310.0,1274220.0,8.48804e-07,0.00110064,0.00261278,0.00151892,0.00152168,0.00152191,0.00152487,632.168,0.0003
21.93,6729530.0,0.0,3859340.0,1274230.0,8.48809e-07,0.00110353,0.00261566,0.00151893,0.00152169,0.00152192,0.00152488,626.037,0.0003
21.935,6728510.0,0.0,3858850.0,1274210.0,8.48745e-07,0.00106404,0.0025763,0.00151879,0.00152155,0.00152178,0.00152474,626.234,0.0003
21.94,6728510.0,0.0,3858850.0,1274210.0,8.48745e-07,0.00106404,0.0025763,0.00151879,0.00152155,0.00152178,0.00152474,627.826,0.0003
21.945,6728770.0,0.0,3858980.0,1274220.0,8.48762e-07,0.0010743,0.00258652,0.00151883,0.00152158,0.00152182,0.00152478,627.826,0.0003
21.95,6728810.0,0.0,3858990.0,1274220.0,8.48764e-07,0.00107556,0.00258779,0.00151883,0.00152159,0.00152182,0.00152478,625.994,0.0003
21.955,6728500.0,0.0,3858850.0,1274210.0,8.48745e-07,0.00106376,0.00257602,0.00151879,0.00152154,0.00152178,0.00152474,626.645,0.0003
21.96,6728500.0,0.0,3858850.0,1274210.0,8.48745e-07,0.00106376,0.00257602,0.00151879,0.00152154,0.00152178,0.00152474,631.921,0.0003
21.965,6729380.0,0.0,3859270.0,1274220.0,8.48799e-07,0.00109774,0.00260989,0.00151891,0.00152167,0.0015219,0.00152486,631.921,0.0003
21.97,6729490.0,0.0,3859320.0,1274230.0,8.48806e-07,0.00110194,0.00261407,0.00151893,0.00152168,0.00152192,0.00152488,626.616,0.0003
21.975,6728600.0,0.0,3858900.0,1274210.0,8.48751e-07,0.00106777,0.00258002,0.00151881,0.00152156,0.00152179,0.00152475,626.886,0.0003
21.98,6728600.0,0.0,3858900.0,1274210.0,8.48751e-07,0.00106777,0.00258002,0.00151881,0.00152156,0.00152179,0.00152475,629.075,0.0003
21.985,6728970.0,0.0,3859070.0,1274220.0,8.48774e-07,0.00108187,0.00259407,0.00151886,0.00152161,0.00152184,0.0015248,629.075,0.0003
21.99,6729010.0,0.0,3859090.0,1274220.0,8.48777e-07,0.00108361,0.0025958,0.00151886,0.00152162,0.00152185,0.00152481,627.378,0.0003
21.995,6728730.0,0.0,3858960.0,1274220.0,8.48759e-07,0.00107268,0.00258491,0.00151882,0.00152158,0.00152181,0.00152477,627.397,0.0003
22.0,6728730.0,0.0,3858960.0,1274220.0,8.48759e-07,0.00107268,0.00258491,0.00151882,0.00152158,0.00152181,0.00152477,627.557,0.0003
22.005,6728760.0,0.0,3858970.0,1274220.0,8.48761e-07,0.0010737,0.00258593,0.00151883,0.00152158,0.00152182,0.00152478,627.557,0.0003
22.01,6728760.0,0.0,3858970.0,1274220.0,8.48761e-07,0.00107383,0.00258606,0.00151883,0.00152158,0.00152182,0.00152478,632.37,0.0003
22.015,6729560.0,0.0,3859360.0,1274230.0,8.48811e-07,0.00110483,0.00261695,0.00151894,0.00152169,0.00152193,0.00152489,631.922,0.0003
22.02,6729560.0,0.0,3859360.0,1274230.0,8.48811e-07,0.00110483,0.00261695,0.00151894,0.00152169,0.00152193,0.00152489,628.288,0.0003
22.025,6728960.0,0.0,3859070.0,1274220.0,8.48773e-07,0.00108143,0.00259363,0.00151886,0.00152161,0.00152184,0.0015248,628.288,0.0003
22.03,6728880.0,0.0,3859030.0,1274220.0,8.48768e-07,0.00107854,0.00259075,0.00151884,0.0015216,0.00152183,0.00152479,633.331,0.0003
22.035,6729730.0,0.0,3859440.0,1274230.0,8.48821e-07,0.00111102,0.00262312,0.00151896,0.00152171,0.00152195,0.00152491,632.882,0.0003
22.04,6729730.0,0.0,3859440.0,1274230.0,8.48821e-07,0.00111102,0.00262312,0.00151896,0.00152171,0.00152195,0.00152491,629.244,0.0003
22.045,6729120.0,0.0,3859140.0,1274220.0,8.48783e-07,0.00108759,0.00259977,0.00151888,0.00152163,0.00152186,0.00152483,629.244,0.0003
22.05,6729040.0,0.0,3859110.0,1274220.0,8.48778e-07,0.0010847,0.00259689,0.00151887,0.00152162,0.00152185,0.00152481,630.596,0.0003
22.055,6729270.0,0.0,3859220.0,1274220.0,8.48792e-07,0.0010934,0.00260556,0.0015189,0.00152165,0.00152189,0.00152485,630.196,0.0003
22.06,6729270.0,0.0,3859220.0,1274220.0,8.48792e-07,0.0010934,0.00260556,0.0015189,0.00152165,0.00152189,0.00152485,626.957,0.0003
22.065,6728730.0,0.0,3858960.0,1274220.0,8.48759e-07,0.00107254,0.00258477,0.00151882,0.00152158,0.00152181,0.00152477,626.957,0.0003
22.07,6728660.0,0.0,3858920.0,1274220.0,8.48755e-07,0.00106997,0.00258221,0.00151881,0.00152157,0.0015218,0.00152476,627.481,0.0003
22.075,6728750.0,0.0,3858970.0,1274220.0,8.4876e-07,0.00107334,0.00258557,0.00151883,0.00152158,0.00152181,0.00152477,627.531,0.0003
22.08,6728750.0,0.0,3858970.0,1274220.0,8.4876e-07,0.00107334,0.00258557,0.00151883,0.00152158,0.00152181,0.00152477,627.939,0.0003
22.085,6728820.0,0.0,3859000.0,1274220.0,8.48764e-07,0.00107597,0.00258819,0.00151884,0.00152159,0.00152182,0.00152478,627.939,0.0003
22.09,6728820.0,0.0,3859000.0,1274220.0,8.48765e-07,0.00107629,0.00258851,0.00151884,0.00152159,0.00152182,0.00152478,629.869,0.0003
22.095,6729150.0,0.0,3859160.0,1274220.0,8.48785e-07,0.00108872,0.0026009,0.00151888,0.00152163,0.00152187,0.00152483,629.753,0.0003
22.1,6729150.0,0.0,3859160.0,1274220.0,8.48785e-07,0.00108872,0.0026009,0.00151888,0.00152163,0.00152187,0.00152483,628.813,0.0003
22.105,6728990.0,0.0,3859080.0,1274220.0,8.48775e-07,0.00108267,0.00259486,0.00151886,0.00152161,0.00152185,0.00152481,628.813,0.0003
22.11,6728970.0,0.0,3859070.0,1274220.0,8.48774e-07,0.00108192,0.00259412,0.00151886,0.00152161,0.00152184,0.0015248,629.693,0.0003
22.115,6729120.0,0.0,3859140.0,1274220.0,8.48783e-07,0.00108759,0.00259977,0.00151888,0.00152163,0.00152186,0.00152482,629.329,0.0003
22.12,6729120.0,0.0,3859140.0,1274220.0,8.48783e-07,0.00108759,0.00259977,0.00151888,0.00152163,0.00152186,0.00152482,626.378,0.0003
22.125,6728620.0,0.0,3858910.0,1274220.0,8.48752e-07,0.00106859,0.00258083,0.00151881,0.00152156,0.0015218,0.00152476,626.378,0.0003
22.13,6728560.0,0.0,3858880.0,1274220.0,8.48749e-07,0.00106624,0.00257849,0.0015188,0.00152155,0.00152179,0.00152475,624.19,0.0003
22.135,6728200.0,0.0,3858700.0,1274210.0,8.48726e-07,0.00105215,0.00256445,0.00151875,0.0015215,0.00152174,0.0015247,624.279,0.0003
22.14,6728200.0,0.0,3858700.0,1274210.0,8.48726e-07,0.00105215,0.00256445,0.00151875,0.0015215,0.00152174,0.0015247,624.992,0.0003
22.145,6728320.0,0.0,3858760.0,1274210.0,8.48733e-07,0.00105675,0.00256903,0.00151877,0.00152152,0.00152175,0.00152471,624.992,0.0003
22.15,6728330.0,0.0,3858770.0,1274210.0,8.48734e-07,0.00105731,0.0025696,0.00151877,0.00152152,0.00152176,0.00152472,626.908,0.0003
22.155,6728650.0,0.0,3858920.0,1274220.0,8.48754e-07,0.00106965,0.00258189,0.00151881,0.00152157,0.0015218,0.00152476,627.523,0.0003
22.16,6728650.0,0.0,3858920.0,1274220.0,8.48754e-07,0.00106965,0.00258189,0.00151881,0.00152157,0.0015218,0.00152476,632.507,0.0003
22.165,6729480.0,0.0,3859320.0,1274230.0,8.48806e-07,0.00110175,0.00261388,0.00151893,0.00152168,0.00152192,0.00152488,632.507,0.0003
22.17,6729590.0,0.0,3859370.0,1274230.0,8.48812e-07,0.00110571,0.00261783,0.00151894,0.00152169,0.00152193,0.00152489,629.788,0.0003
22.175,6729130.0,0.0,3859150.0,1274220.0,8.48784e-07,0.0010882,0.00260038,0.00151888,0.00152163,0.00152187,0.00152483,629.71,0.0003
22.18,6729130.0,0.0,3859150.0,1274220.0,8.48784e-07,0.0010882,0.00260038,0.00151888,0.00152163,0.00152187,0.00152483,629.078,0.0003
22.185,6729030.0,0.0,3859100.0,1274220.0,8.48777e-07,0.00108413,0.00259632,0.00151886,0.00152162,0.00152185,0.00152481,629.078,0.0003
22.19,6729010.0,0.0,3859100.0,1274220.0,8.48777e-07,0.00108363,0.00259582,0.00151886,0.00152162,0.00152185,0.00152481,626.924,0.0003
22.195,6728650.0,0.0,3858920.0,1274220.0,8.48754e-07,0.00106975,0.00258199,0.00151881,0.00152157,0.0015218,0.00152476,626.964,0.0003
22.2,6728650.0,0.0,3858920.0,1274220.0,8.48754e-07,0.00106975,0.00258199,0.00151881,0.00152157,0.0015218,0.00152476,627.293,0.0003
22.205,6728710.0,0.0,3858950.0,1274220.0,8.48758e-07,0.00107187,0.00258411,0.00151882,0.00152157,0.00152181,0.00152477,627.293,0.0003
22.21,6728720.0,0.0,3858950.0,1274220.0,8.48758e-07,0.00107213,0.00258437,0.00151882,0.00152157,0.00152181,0.00152477,629.161,0.0003
22.215,6729030.0,0.0,3859100.0,1274220.0,8.48778e-07,0.00108416,0.00259636,0.00151886,0.00152162,0.00152185,0.00152481,629.103,0.0003
22.22,6729030.0,0.0,3859100.0,1274220.0,8.48778e-07,0.00108416,0.00259636,0.00151886,0.00152162,0.00152185,0.00152481,628.631,0.0003
22.225,6728950.0,0.0,3859060.0,1274220.0,8.48773e-07,0.00108112,0.00259333,0.00151885,0.00152161,0.00152184,0.0015248,628.631,0.0003
22.23,6728940.0,0.0,3859060.0,1274220.0,8.48772e-07,0.00108075,0.00259295,0.00151885,0.0015216,0.00152184,0.0015248,625.804,0.0003
22.235,6728470.0,0.0,3858830.0,1274220.0,8.48743e-07,0.00106254,0.0025748,0.00151879,0.00152154,0.00152178,0.00152473,626.127,0.0003
22.24,6728470.0,0.0,3858830.0,1274220.0,8.48743e-07,0.00106254,0.0025748,0.00151879,0.00152154,0.00152178,0.00152473,628.742,0.0003
22.245,6728900.0,0.0,3859040.0,1274220.0,8.4877e-07,0.00107938,0.00259159,0.00151885,0.0015216,0.00152184,0.0015248,628.742,0.0003
22.25,6728960.0,0.0,3859070.0,1274220.0,8.48773e-07,0.00108146,0.00259366,0.00151885,0.00152161,0.00152184,0.0015248,629.634,0.0003
22.255,6729110.0,0.0,3859140.0,1274220.0,8.48782e-07,0.00108721,0.00259939,0.00151888,0.00152163,0.00152186,0.00152482,629.608,0.0003
22.26,6729110.0,0.0,3859140.0,1274220.0,8.48782e-07,0.00108721,0.00259939,0.00151888,0.00152163,0.00152186,0.00152482,629.399,0.0003
22.265,6729070.0,0.0,3859120.0,1274220.0,8.4878e-07,0.00108586,0.00259805,0.00151887,0.00152162,0.00152186,0.00152482,629.399,0.0003
22.27,6729070.0,0.0,3859120.0,1274220.0,8.4878e-07,0.0010857,0.00259788,0.00151887,0.00152162,0.00152186,0.00152482,626.74,0.0003
22.275,6728620.0,0.0,3858910.0,1274220.0,8.48752e-07,0.00106857,0.00258082,0.00151881,0.00152156,0.0015218,0.00152476,627.001,0.0003
22.28,6728620.0,0.0,3858910.0,1274220.0,8.48752e-07,0.00106857,0.00258082,0.00151881,0.00152156,0.0015218,0.00152476,629.109,0.0003
22.285,6728980.0,0.0,3859080.0,1274220.0,8.48774e-07,0.00108215,0.00259435,0.00151886,0.00152161,0.00152185,0.00152481,629.109,0.0003
22.29,6729020.0,0.0,3859100.0,1274220.0,8.48777e-07,0.00108383,0.00259602,0.00151886,0.00152162,0.00152185,0.00152481,626.379,0.0003
22.295,6728560.0,0.0,3858880.0,1274220.0,8.48749e-07,0.00106625,0.0025785,0.0015188,0.00152155,0.00152179,0.00152475,626.777,0.0003
22.3,6728560.0,0.0,3858880.0,1274220.0,8.48749e-07,0.00106625,0.0025785,0.0015188,0.00152155,0.00152179,0.00152475,629.995,0.0003
22.305,6729100.0,0.0,3859140.0,1274220.0,8.48782e-07,0.00108697,0.00259915,0.00151887,0.00152163,0.00152186,0.00152482,629.995,0.0003
22.31,6729170.0,0.0,3859170.0,1274230.0,8.48786e-07,0.00108953,0.00260171,0.00151888,0.00152164,0.00152187,0.00152483,628.848,0.0003
22.315,6728980.0,0.0,3859080.0,1274220.0,8.48774e-07,0.00108215,0.00259434,0.00151886,0.00152161,0.00152185,0.00152481,628.509,0.0003
22.32,6728980.0,0.0,3859080.0,1274220.0,8.48774e-07,0.00108215,0.00259434,0.00151886,0.00152161,0.00152185,0.00152481,625.763,0.0003
22.325,6728520.0,0.0,3858860.0,1274220.0,8.48746e-07,0.00106446,0.00257672,0.00151879,0.00152155,0.00152178,0.00152474,625.763,0.0003
22.33,6728460.0,0.0,3858830.0,1274220.0,8.48742e-07,0.00106228,0.00257454,0.00151879,0.00152154,0.00152177,0.00152473,628.554,0.0003
22.335,6728930.0,0.0,3859050.0,1274220.0,8.48771e-07,0.00108025,0.00259246,0.00151885,0.0015216,0.00152184,0.0015248,628.543,0.0003
22.34,6728930.0,0.0,3859050.0,1274220.0,8.48771e-07,0.00108025,0.00259246,0.00151885,0.0015216,0.00152184,0.0015248,628.458,0.0003
22.345,6728910.0,0.0,3859050.0,1274220.0,8.4877e-07,0.0010797,0.00259191,0.00151885,0.0015216,0.00152184,0.0015248,628.458,0.0003
22.35,6728910.0,0.0,3859050.0,1274220.0,8.4877e-07,0.00107964,0.00259184,0.00151885,0.0015216,0.00152184,0.0015248,627.001,0.0003
22.355,6728670.0,0.0,3858930.0,1274220.0,8.48755e-07,0.00107025,0.00258249,0.00151881,0.00152157,0.0015218,0.00152476,626.766,0.0003
22.36,6728670.0,0.0,3858930.0,1274220.0,8.48755e-07,0.00107025,0.00258249,0.00151881,0.00152157,0.0015218,0.00152476,624.861,0.0003
22.365,6728350.0,0.0,3858780.0,1274220.0,8.48735e-07,0.00105799,0.00257027,0.00151877,0.00152152,0.00152176,0.00152472,624.861,0.0003
22.37,6728310.0,0.0,3858760.0,1274220.0,8.48733e-07,0.00105647,0.00256875,0.00151877,0.00152152,0.00152175,0.00152471,634.167,0.0003
22.375,6729860.0,0.0,3859510.0,1274230.0,8.4883e-07,0.0011164,0.00262849,0.00151898,0.00152173,0.00152197,0.00152493,633.391,0.0003
22.38,6729860.0,0.0,3859510.0,1274230.0,8.4883e-07,0.0011164,0.00262849,0.00151898,0.00152173,0.00152197,0.00152493,627.113,0.0003
22.385,6728820.0,0.0,3859000.0,1274220.0,8.48764e-07,0.00107597,0.00258819,0.00151884,0.00152159,0.00152182,0.00152478,627.113,0.0003
22.39,6728690.0,0.0,3858940.0,1274220.0,8.48756e-07,0.00107097,0.00258321,0.00151882,0.00152157,0.00152181,0.00152476,626.522,0.0003
22.395,6728590.0,0.0,3858890.0,1274220.0,8.4875e-07,0.00106716,0.00257941,0.0015188,0.00152156,0.00152179,0.00152475,627.173,0.0003
22.4,6728590.0,0.0,3858890.0,1274220.0,8.4875e-07,0.00106716,0.00257941,0.0015188,0.00152156,0.00152179,0.00152475,632.442,0.0003
22.405,6729470.0,0.0,3859310.0,1274230.0,8.48805e-07,0.0011011,0.00261324,0.00151892,0.00152168,0.00152191,0.00152487,632.442,0.0003
22.41,6729580.0,0.0,3859370.0,1274230.0,8.48812e-07,0.00110529,0.00261741,0.00151894,0.00152169,0.00152193,0.00152489,630.719,0.0003
22.415,6729290.0,0.0,3859230.0,1274230.0,8.48794e-07,0.0010942,0.00260636,0.0015189,0.00152165,0.00152189,0.00152485,630.502,0.0003
22.42,6729290.0,0.0,3859230.0,1274230.0,8.48794e-07,0.0010942,0.00260636,0.0015189,0.00152165,0.00152189,0.00152485,628.742,0.0003
22.425,6728990.0,0.0,3859090.0,1274220.0,8.48775e-07,0.00108286,0.00259506,0.00151886,0.00152161,0.00152185,0.00152481,628.742,0.0003
22.43,6728960.0,0.0,3859070.0,1274220.0,8.48773e-07,0.00108146,0.00259366,0.00151885,0.00152161,0.00152184,0.0015248,629.91,0.0003
22.435,6729150.0,0.0,3859160.0,1274230.0,8.48785e-07,0.00108899,0.00260116,0.00151888,0.00152163,0.00152187,0.00152483,629.853,0.0003
22.44,6729150.0,0.0,3859160.0,1274230.0,8.48785e-07,0.00108899,0.00260116,0.00151888,0.00152163,0.00152187,0.00152483,629.393,0.0003
22.445,6729080.0,0.0,3859130.0,1274230.0,8.48781e-07,0.00108602,0.00259821,0.00151887,0.00152162,0.00152186,0.00152482,629.393,0.0003
22.45,6729070.0,0.0,3859120.0,1274230.0,8.4878e-07,0.00108566,0.00259784,0.00151887,0.00152162,0.00152186,0.00152482,629.782,0.0003
22.455,6729130.0,0.0,3859150.0,1274230.0,8.48784e-07,0.00108816,0.00260034,0.00151888,0.00152163,0.00152187,0.00152483,630.147,0.0003
22.46,6729130.0,0.0,3859150.0,1274230.0,8.48784e-07,0.00108816,0.00260034,0.00151888,0.00152163,0.00152187,0.00152483,633.108,0.0003
22.465,6729630.0,0.0,3859390.0,1274230.0,8.48815e-07,0.00110723,0.00261934,0.00151895,0.0015217,0.00152193,0.00152489,633.108,0.0003
22.47,6729690.0,0.0,3859420.0,1274230.0,8.48819e-07,0.00110958,0.00262169,0.00151895,0.00152171,0.00152194,0.0015249,629.074,0.0003
22.475,6729010.0,0.0,3859100.0,1274230.0,8.48777e-07,0.0010836,0.00259579,0.00151886,0.00152161,0.00152185,0.00152481,629.135,0.0003
22.48,6729010.0,0.0,3859100.0,1274230.0,8.48777e-07,0.0010836,0.00259579,0.00151886,0.00152161,0.00152185,0.00152481,629.63,0.0003
22.485,6729100.0,0.0,3859140.0,1274230.0,8.48782e-07,0.00108679,0.00259897,0.00151887,0.00152163,0.00152186,0.00152482,629.63,0.0003
22.49,6729110.0,0.0,3859140.0,1274230.0,8.48782e-07,0.00108718,0.00259936,0.00151887,0.00152163,0.00152186,0.00152482,632.739,0.0003
22.495,6729630.0,0.0,3859390.0,1274230.0,8.48815e-07,0.00110721,0.00261932,0.00151895,0.0015217,0.00152193,0.00152489,632.422,0.0003
22.5,6729630.0,0.0,3859390.0,1274230.0,8.48815e-07,0.00110721,0.00261932,0.00151895,0.0015217,0.00152193,0.00152489,629.85,0.0003
22.505,6729200.0,0.0,3859180.0,1274230.0,8.48788e-07,0.00109064,0.00260281,0.00151889,0.00152164,0.00152188,0.00152484,629.85,0.0003
22.51,6729140.0,0.0,3859160.0,1274230.0,8.48785e-07,0.0010886,0.00260077,0.00151888,0.00152163,0.00152187,0.00152483,626.165,0.0003
22.515,6728530.0,0.0,3858860.0,1274220.0,8.48746e-07,0.00106486,0.00257712,0.0015188,0.00152155,0.00152178,0.00152474,626.336,0.0003
22.52,6728530.0,0.0,3858860.0,1274220.0,8.48746e-07,0.00106486,0.00257712,0.0015188,0.00152155,0.00152178,0.00152474,627.727,0.0003
22.525,6728760.0,0.0,3858980.0,1274220.0,8.48761e-07,0.00107382,0.00258604,0.00151883,0.00152158,0.00152181,0.00152477,627.727,0.0003
22.53,6728790.0,0.0,3858990.0,1274220.0,8.48763e-07,0.00107492,0.00258715,0.00151883,0.00152158,0.00152182,0.00152478,627.887,0.0003
22.535,6728820.0,0.0,3859000.0,1274220.0,8.48764e-07,0.00107596,0.00258818,0.00151883,0.00152159,0.00152182,0.00152478,627.712,0.0003
22.54,6728820.0,0.0,3859000.0,1274220.0,8.48764e-07,0.00107596,0.00258818,0.00151883,0.00152159,0.00152182,0.00152478,626.3,0.0003
22.545,6728580.0,0.0,3858890.0,1274220.0,8.4875e-07,0.00106686,0.00257911,0.0015188,0.00152155,0.00152179,0.00152475,626.3,0.0003
22.55,6728550.0,0.0,3858870.0,1274220.0,8.48748e-07,0.00106574,0.00257799,0.0015188,0.00152155,0.00152179,0.00152475,628.778,0.0003
22.555,6728960.0,0.0,3859070.0,1274230.0,8.48774e-07,0.0010817,0.0025939,0.00151886,0.00152161,0.00152184,0.0015248,628.586,0.0003
22.56,6728960.0,0.0,3859070.0,1274230.0,8.48774e-07,0.0010817,0.0025939,0.00151886,0.00152161,0.00152184,0.0015248,627.032,0.0003
22.565,6728700.0,0.0,3858950.0,1274220.0,8.48757e-07,0.00107169,0.00258392,0.00151882,0.00152157,0.00152181,0.00152477,627.032,0.0003
22.57,6728670.0,0.0,3858930.0,1274220.0,8.48755e-07,0.00107045,0.00258269,0.00151882,0.00152157,0.0015218,0.00152476,627.021,0.0003
22.575,6728670.0,0.0,3858930.0,1274220.0,8.48755e-07,0.00107038,0.00258262,0.00151882,0.00152157,0.0015218,0.00152476,627.179,0.0003
22.58,6728670.0,0.0,3858930.0,1274220.0,8.48755e-07,0.00107038,0.00258262,0.00151882,0.00152157,0.0015218,0.00152476,628.46,0.0003
22.585,6728880.0,0.0,3859040.0,1274220.0,8.48769e-07,0.00107863,0.00259084,0.00151884,0.0015216,0.00152183,0.00152479,628.46,0.0003
22.59,6728910.0,0.0,3859050.0,1274230.0,8.4877e-07,0.00107965,0.00259186,0.00151885,0.0015216,0.00152184,0.0015248,623.78,0.0003
22.595,6728130.0,0.0,3858670.0,1274220.0,8.48722e-07,0.0010495,0.00256181,0.00151874,0.00152149,0.00152173,0.00152469,624.548,0.0003
22.6,6728130.0,0.0,3858670.0,1274220.0,8.48722e-07,0.0010495,0.00256181,0.00151874,0.00152149,0.00152173,0.00152469,630.771,0.0003
22.605,6729170.0,0.0,3859170.0,1274230.0,8.48786e-07,0.00108958,0.00260175,0.00151888,0.00152164,0.00152187,0.00152483,630.771,0.0003
22.61,6729300.0,0.0,3859230.0,1274230.0,8.48794e-07,0.00109453,0.00260669,0.0015189,0.00152165,0.00152189,0.00152485,626.254,0.0003
22.615,6728540.0,0.0,3858870.0,1274220.0,8.48747e-07,0.00106544,0.00257769,0.0015188,0.00152155,0.00152178,0.00152474,626.62,0.0003
22.62,6728540.0,0.0,3858870.0,1274220.0,8.48747e-07,0.00106544,0.00257769,0.0015188,0.00152155,0.00152178,0.00152474,629.585,0.0003
22.625,6729040.0,0.0,3859110.0,1274230.0,8.48778e-07,0.00108454,0.00259673,0.00151887,0.00152162,0.00152185,0.00152481,629.585,0.0003
22.63,6729100.0,0.0,3859140.0,1274230.0,8.48782e-07,0.0010869,0.00259908,0.00151887,0.00152163,0.00152186,0.00152482,628.293,0.0003
22.635,6728880.0,0.0,3859040.0,1274230.0,8.48768e-07,0.00107857,0.00259078,0.00151884,0.0015216,0.00152183,0.00152479,628.127,0.0003
22.64,6728880.0,0.0,3859040.0,1274230.0,8.48768e-07,0.00107857,0.00259078,0.00151884,0.0015216,0.00152183,0.00152479,626.787,0.0003
22.645,6728660.0,0.0,3858930.0,1274220.0,8.48755e-07,0.00106994,0.00258218,0.00151881,0.00152157,0.0015218,0.00152476,626.787,0.0003
22.65,6728630.0,0.0,3858910.0,1274220.0,8.48753e-07,0.00106887,0.00258111,0.00151881,0.00152156,0.0015218,0.00152476,628.09,0.0003
22.655,6728850.0,0.0,3859020.0,1274230.0,8.48766e-07,0.00107726,0.00258948,0.00151884,0.00152159,0.00152183,0.00152479,628.216,0.0003
22.66,6728850.0,0.0,3859020.0,1274230.0,8.48766e-07,0.00107726,0.00258948,0.00151884,0.00152159,0.00152183,0.00152479,629.239,0.0003
22.665,6729020.0,0.0,3859100.0,1274230.0,8.48777e-07,0.00108385,0.00259605,0.00151886,0.00152162,0.00152185,0.00152481,629.239,0.0003
22.67,6729040.0,0.0,3859110.0,1274230.0,8.48778e-07,0.00108467,0.00259686,0.00151887,0.00152162,0.00152185,0.00152481,629.847,0.0003
22.675,6729140.0,0.0,3859160.0,1274230.0,8.48785e-07,0.00108858,0.00260075,0.00151888,0.00152163,0.00152187,0.00152483,629.655,0.0003
22.68,6729140.0,0.0,3859160.0,1274230.0,8.48785e-07,0.00108858,0.00260075,0.00151888,0.00152163,0.00152187,0.00152483,628.108,0.0003
22.685,6728880.0,0.0,3859040.0,1274230.0,8.48769e-07,0.00107861,0.00259082,0.00151884,0.0015216,0.00152183,0.00152479,628.108,0.0003
22.69,6728850.0,0.0,3859020.0,1274230.0,8.48767e-07,0.00107738,0.0025896,0.00151884,0.00152159,0.00152183,0.00152479,626.788,0.0003
22.695,6728630.0,0.0,3858910.0,1274220.0,8.48753e-07,0.00106888,0.00258112,0.00151881,0.00152156,0.0015218,0.00152476,627.058,0.0003
22.7,6728630.0,0.0,3858910.0,1274220.0,8.48753e-07,0.00106888,0.00258112,0.00151881,0.00152156,0.0015218,0.00152476,629.248,0.0003
22.705,6729000.0,0.0,3859090.0,1274230.0,8.48776e-07,0.00108298,0.00259517,0.00151886,0.00152161,0.00152185,0.00152481,629.248,0.0003
22.71,6729040.0,0.0,3859110.0,1274230.0,8.48778e-07,0.00108472,0.00259691,0.00151887,0.00152162,0.00152185,0.00152481,629.103,0.0003
22.715,6729020.0,0.0,3859100.0,1274230.0,8.48777e-07,0.00108379,0.00259598,0.00151886,0.00152161,0.00152185,0.00152481,628.565,0.0003
22.72,6729020.0,0.0,3859100.0,1274230.0,8.48777e-07,0.00108379,0.00259598,0.00151886,0.00152161,0.00152185,0.00152481,624.215,0.0003
22.725,6728290.0,0.0,3858750.0,1274220.0,8.48732e-07,0.00105577,0.00256806,0.00151876,0.00152151,0.00152175,0.00152471,624.215,0.0003
22.73,6728200.0,0.0,3858710.0,1274220.0,8.48726e-07,0.00105231,0.00256461,0.00151875,0.0015215,0.00152174,0.0015247,628.55,0.0003
22.735,6728930.0,0.0,3859060.0,1274230.0,8.48771e-07,0.00108023,0.00259243,0.00151885,0.0015216,0.00152184,0.0015248,628.187,0.0003
22.74,6728930.0,0.0,3859060.0,1274230.0,8.48771e-07,0.00108023,0.00259243,0.00151885,0.0015216,0.00152184,0.0015248,625.253,0.0003
22.745,6728440.0,0.0,3858820.0,1274220.0,8.48741e-07,0.00106133,0.0025736,0.00151878,0.00152153,0.00152177,0.00152473,625.253,0.0003
22.75,6728380.0,0.0,3858790.0,1274220.0,8.48737e-07,0.00105899,0.00257127,0.00151877,0.00152153,0.00152176,0.00152472,627.465,0.0003
22.755,6728740.0,0.0,3858970.0,1274230.0,8.4876e-07,0.00107324,0.00258547,0.00151882,0.00152158,0.00152181,0.00152477,627.583,0.0003
22.76,6728740.0,0.0,3858970.0,1274230.0,8.4876e-07,0.00107324,0.00258547,0.00151882,0.00152158,0.00152181,0.00152477,628.533,0.0003
22.765,6728900.0,0.0,3859050.0,1274230.0,8.4877e-07,0.00107936,0.00259157,0.00151885,0.0015216,0.00152183,0.00152479,628.533,0.0003
22.77,6728920.0,0.0,3859060.0,1274230.0,8.48771e-07,0.00108012,0.00259232,0.00151885,0.0015216,0.00152184,0.0015248,627.42,0.0003
22.775,6728740.0,0.0,3858970.0,1274230.0,8.48759e-07,0.00107295,0.00258518,0.00151882,0.00152158,0.00152181,0.00152477,627.389,0.0003
22.78,6728740.0,0.0,3858970.0,1274230.0,8.48759e-07,0.00107295,0.00258518,0.00151882,0.00152158,0.00152181,0.00152477,627.132,0.0003
22.785,6728690.0,0.0,3858950.0,1274220.0,8.48757e-07,0.0010713,0.00258353,0.00151882,0.00152157,0.00152181,0.00152477,627.132,0.0003
22.79,6728690.0,0.0,3858940.0,1274220.0,8.48756e-07,0.0010711,0.00258333,0.00151882,0.00152157,0.0015218,0.00152476,628.855,0.0003
22.795,6728980.0,0.0,3859080.0,1274230.0,8.48774e-07,0.00108219,0.00259439,0.00151886,0.00152161,0.00152184,0.0015248,628.789,0.0003
22.8,6728980.0,0.0,3859080.0,1274230.0,8.48774e-07,0.00108219,0.00259439,0.00151886,0.00152161,0.00152184,0.0015248,628.255,0.0003
22.805,6728890.0,0.0,3859040.0,1274230.0,8.48769e-07,0.00107875,0.00259096,0.00151884,0.0015216,0.00152183,0.00152479,628.255,0.0003
22.81,6728880.0,0.0,3859030.0,1274230.0,8.48768e-07,0.00107833,0.00259054,0.00151884,0.0015216,0.00152183,0.00152479,628.989,0.0003
22.815,6729000.0,0.0,3859090.0,1274230.0,8.48776e-07,0.00108305,0.00259525,0.00151886,0.00152161,0.00152185,0.00152481,629.204,0.0003
22.82,6729000.0,0.0,3859090.0,1274230.0,8.48776e-07,0.00108305,0.00259525,0.00151886,0.00152161,0.00152185,0.00152481,630.942,0.0003
22.825,6729290.0,0.0,3859230.0,1274230.0,8.48794e-07,0.00109425,0.00260641,0.0015189,0.00152165,0.00152189,0.00152485,630.942,0.0003
22.83,6729330.0,0.0,3859250.0,1274230.0,8.48796e-07,0.00109564,0.00260779,0.0015189,0.00152166,0.00152189,0.00152485,630.722,0.0003
22.835,6729290.0,0.0,3859230.0,1274230.0,8.48794e-07,0.00109422,0.00260637,0.0015189,0.00152165,0.00152189,0.00152485,630.478,0.0003
22.84,6729290.0,0.0,3859230.0,1274230.0,8.48794e-07,0.00109422,0.00260637,0.0015189,0.00152165,0.00152189,0.00152485,628.504,0.0003
22.845,6728960.0,0.0,3859070.0,1274230.0,8.48773e-07,0.0010815,0.0025937,0.00151885,0.00152161,0.00152184,0.0015248,628.504,0.0003
22.85,6728920.0,0.0,3859050.0,1274230.0,8.48771e-07,0.00107993,0.00259214,0.00151885,0.0015216,0.00152184,0.0015248,629.174,0.0003
22.855,6729030.0,0.0,3859110.0,1274230.0,8.48778e-07,0.00108425,0.00259644,0.00151886,0.00152162,0.00152185,0.00152481,629.419,0.0003
22.86,6729030.0,0.0,3859110.0,1274230.0,8.48778e-07,0.00108425,0.00259644,0.00151886,0.00152162,0.00152185,0.00152481,631.404,0.0003
22.865,6729360.0,0.0,3859270.0,1274230.0,8.48798e-07,0.00109703,0.00260917,0.00151891,0.00152166,0.0015219,0.00152486,631.404,0.0003
22.87,6729400.0,0.0,3859290.0,1274230.0,8.48801e-07,0.00109861,0.00261075,0.00151891,0.00152167,0.0015219,0.00152486,628.061,0.0003
22.875,6728840.0,0.0,3859020.0,1274230.0,8.48766e-07,0.00107708,0.0025893,0.00151884,0.00152159,0.00152183,0.00152479,628.251,0.0003
22.88,6728840.0,0.0,3859020.0,1274230.0,8.48766e-07,0.00107708,0.0025893,0.00151884,0.00152159,0.00152183,0.00152479,629.783,0.0003
22.885,6729100.0,0.0,3859140.0,1274230.0,8.48782e-07,0.00108695,0.00259913,0.00151887,0.00152163,0.00152186,0.00152482,629.783,0.0003
22.89,6729130.0,0.0,3859160.0,1274230.0,8.48784e-07,0.00108817,0.00260034,0.00151888,0.00152163,0.00152187,0.00152483,628.876,0.0003
22.895,6728980.0,0.0,3859080.0,1274230.0,8.48775e-07,0.00108233,0.00259453,0.00151886,0.00152161,0.00152184,0.0015248,629.277,0.0003
22.9,6728980.0,0.0,3859080.0,1274230.0,8.48775e-07,0.00108233,0.00259453,0.00151886,0.00152161,0.00152184,0.0015248,632.518,0.0003
22.905,6729520.0,0.0,3859340.0,1274240.0,8.48808e-07,0.00110321,0.00261533,0.00151893,0.00152168,0.00152192,0.00152488,632.518,0.0003
22.91,6729590.0,0.0,3859380.0,1274240.0,8.48812e-07,0.00110579,0.0026179,0.00151894,0.00152169,0.00152193,0.00152489,626.737,0.0003
22.915,6728620.0,0.0,3858910.0,1274230.0,8.48752e-07,0.00106855,0.0025808,0.00151881,0.00152156,0.0015218,0.00152476,627.048,0.0003
22.92,6728620.0,0.0,3858910.0,1274230.0,8.48752e-07,0.00106855,0.0025808,0.00151881,0.00152156,0.0015218,0.00152476,629.562,0.0003
22.925,6729040.0,0.0,3859110.0,1274230.0,8.48778e-07,0.00108475,0.00259693,0.00151887,0.00152162,0.00152185,0.00152481,629.562,0.0003
22.93,6729100.0,0.0,3859140.0,1274230.0,8.48782e-07,0.00108675,0.00259893,0.00151887,0.00152163,0.00152186,0.00152482,629.885,0.0003
22.935,6729150.0,0.0,3859160.0,1274230.0,8.48785e-07,0.00108883,0.002601,0.00151888,0.00152163,0.00152187,0.00152483,629.791,0.0003
22.94,6729150.0,0.0,3859160.0,1274230.0,8.48785e-07,0.00108883,0.002601,0.00151888,0.00152163,0.00152187,0.00152483,629.029,0.0003
22.945,6729020.0,0.0,3859100.0,1274230.0,8.48777e-07,0.00108392,0.00259611,0.00151886,0.00152162,0.00152185,0.00152481,629.029,0.0003
22.95,6729010.0,0.0,3859100.0,1274230.0,8.48776e-07,0.00108332,0.00259551,0.00151886,0.00152161,0.00152185,0.00152481,628.256,0.0003
22.955,6728880.0,0.0,3859030.0,1274230.0,8.48768e-07,0.00107833,0.00259054,0.00151884,0.0015216,0.00152183,0.00152479,627.403,0.0003
22.96,6728880.0,0.0,3859030.0,1274230.0,8.48768e-07,0.00107833,0.00259054,0.00151884,0.0015216,0.00152183,0.00152479,620.502,0.0003
22.965,6727720.0,0.0,3858480.0,1274210.0,8.48696e-07,0.00103389,0.00254625,0.00151868,0.00152144,0.00152167,0.00152463,620.502,0.0003
22.97,6727580.0,0.0,3858410.0,1274210.0,8.48687e-07,0.0010284,0.00254078,0.00151867,0.00152142,0.00152165,0.00152461,631.384,0.0003
22.975,6729400.0,0.0,3859290.0,1274240.0,8.48801e-07,0.00109848,0.00261062,0.00151891,0.00152167,0.0015219,0.00152486,631.326,0.0003
22.98,6729400.0,0.0,3859290.0,1274240.0,8.48801e-07,0.00109848,0.00261062,0.00151891,0.00152167,0.0015219,0.00152486,630.859,0.0003
22.985,6729320.0,0.0,3859250.0,1274230.0,8.48796e-07,0.00109547,0.00260762,0.0015189,0.00152166,0.00152189,0.00152485,630.859,0.0003
22.99,6729310.0,0.0,3859240.0,1274230.0,8.48795e-07,0.0010951,0.00260725,0.0015189,0.00152165,0.00152189,0.00152485,627.43,0.0003
22.995,6728740.0,0.0,3858970.0,1274230.0,8.4876e-07,0.00107302,0.00258524,0.00151882,0.00152158,0.00152181,0.00152477,627.293,0.0003
23.0,6728740.0,0.0,3858970.0,1274230.0,8.4876e-07,0.00107302,0.00258524,0.00151882,0.00152158,0.00152181,0.00152477,626.184,0.0003
23.005,6728550.0,0.0,3858880.0,1274230.0,8.48748e-07,0.00106587,0.00257812,0.0015188,0.00152155,0.00152179,0.00152475,626.184,0.0003
23.01,6728530.0,0.0,3858870.0,1274230.0,8.48747e-07,0.00106499,0.00257724,0.0015188,0.00152155,0.00152178,0.00152474,625.643,0.0003
23.015,6728440.0,0.0,3858820.0,1274220.0,8.48741e-07,0.0010615,0.00257377,0.00151878,0.00152153,0.00152177,0.00152473,625.945,0.0003
23.02,6728440.0,0.0,3858820.0,1274220.0,8.48741e-07,0.0010615,0.00257377,0.00151878,0.00152153,0.00152177,0.00152473,628.393,0.0003
23.025,6728850.0,0.0,3859020.0,1274230.0,8.48766e-07,0.00107727,0.00258948,0.00151884,0.00152159,0.00152183,0.00152479,628.393,0.0003
23.03,6728900.0,0.0,3859050.0,1274230.0,8.4877e-07,0.00107921,0.00259142,0.00151885,0.0015216,0.00152183,0.00152479,626.971,0.0003
23.035,6728660.0,0.0,3858930.0,1274230.0,8.48755e-07,0.00107006,0.0025823,0.00151881,0.00152157,0.0015218,0.00152476,627.345,0.0003
23.04,6728660.0,0.0,3858930.0,1274230.0,8.48755e-07,0.00107006,0.0025823,0.00151881,0.00152157,0.0015218,0.00152476,630.37,0.0003
23.045,6729170.0,0.0,3859170.0,1274230.0,8.48786e-07,0.00108954,0.00260171,0.00151888,0.00152163,0.00152187,0.00152483,630.37,0.0003
23.05,6729230.0,0.0,3859200.0,1274230.0,8.4879e-07,0.00109195,0.00260411,0.00151889,0.00152164,0.00152188,0.00152484,626.989,0.0003
23.055,6728670.0,0.0,3858930.0,1274230.0,8.48755e-07,0.00107017,0.00258241,0.00151881,0.00152157,0.0015218,0.00152476,627.221,0.0003
23.06,6728670.0,0.0,3858930.0,1274230.0,8.48755e-07,0.00107017,0.00258241,0.00151881,0.00152157,0.0015218,0.00152476,629.104,0.0003
23.065,6728980.0,0.0,3859080.0,1274230.0,8.48775e-07,0.0010823,0.00259449,0.00151886,0.00152161,0.00152184,0.0015248,629.104,0.0003
23.07,6729020.0,0.0,3859100.0,1274230.0,8.48777e-07,0.0010838,0.00259599,0.00151886,0.00152161,0.00152185,0.00152481,630.086,0.0003
23.075,6729180.0,0.0,3859180.0,1274230.0,8.48787e-07,0.00109012,0.00260229,0.00151888,0.00152164,0.00152187,0.00152483,630.053,0.0003
23.08,6729180.0,0.0,3859180.0,1274230.0,8.48787e-07,0.00109012,0.00260229,0.00151888,0.00152164,0.00152187,0.00152483,629.783,0.0003
23.085,6729140.0,0.0,3859160.0,1274230.0,8.48784e-07,0.00108838,0.00260056,0.00151888,0.00152163,0.00152187,0.00152483,629.783,0.0003
23.09,6729130.0,0.0,3859160.0,1274230.0,8.48784e-07,0.00108817,0.00260034,0.00151888,0.00152163,0.00152187,0.00152483,627.817,0.0003
23.095,6728800.0,0.0,3859000.0,1274230.0,8.48764e-07,0.00107551,0.00258772,0.00151883,0.00152158,0.00152182,0.00152478,627.927,0.0003
23.1,6728800.0,0.0,3859000.0,1274230.0,8.48764e-07,0.00107551,0.00258772,0.00151883,0.00152158,0.00152182,0.00152478,628.819,0.0003
23.105,6728950.0,0.0,3859070.0,1274230.0,8.48773e-07,0.00108125,0.00259345,0.00151885,0.00152161,0.00152184,0.0015248,628.819,0.0003
23.11,6728970.0,0.0,3859080.0,1274230.0,8.48774e-07,0.00108196,0.00259416,0.00151886,0.00152161,0.00152184,0.0015248,632.625,0.0003
23.115,6729610.0,0.0,3859390.0,1274240.0,8.48814e-07,0.00110647,0.00261859,0.00151894,0.0015217,0.00152193,0.00152489,632.161,0.0003
23.12,6729610.0,0.0,3859390.0,1274240.0,8.48814e-07,0.00110647,0.00261859,0.00151894,0.0015217,0.00152193,0.00152489,628.41,0.0003
23.125,6728980.0,0.0,3859080.0,1274230.0,8.48775e-07,0.00108231,0.00259451,0.00151886,0.00152161,0.00152184,0.0015248,628.41,0.0003
23.13,6728900.0,0.0,3859050.0,1274230.0,8.4877e-07,0.00107933,0.00259153,0.00151885,0.0015216,0.00152183,0.00152479,626.261,0.0003
23.135,6728540.0,0.0,3858870.0,1274230.0,8.48747e-07,0.00106548,0.00257774,0.0015188,0.00152155,0.00152178,0.00152474,626.859,0.0003
23.14,6728540.0,0.0,3858880.0,1274230.0,8.48747e-07,0.00106548,0.00257774,0.0015188,0.00152155,0.00152178,0.00152474,631.7,0.0003
23.145,6729350.0,0.0,3859260.0,1274240.0,8.48798e-07,0.00109666,0.00260881,0.00151891,0.00152166,0.0015219,0.00152486,631.7,0.0003
23.15,6729450.0,0.0,3859310.0,1274240.0,8.48804e-07,0.00110051,0.00261265,0.00151892,0.00152167,0.00152191,0.00152487,626.234,0.0003
23.155,6728540.0,0.0,3858870.0,1274230.0,8.48747e-07,0.00106531,0.00257757,0.0015188,0.00152155,0.00152178,0.00152474,626.522,0.0003
23.16,6728540.0,0.0,3858870.0,1274230.0,8.48747e-07,0.00106531,0.00257757,0.0015188,0.00152155,0.00152178,0.00152474,628.853,0.0003
23.165,6728930.0,0.0,3859060.0,1274230.0,8.48771e-07,0.00108032,0.00259253,0.00151885,0.0015216,0.00152184,0.0015248,628.853,0.0003
23.17,6728980.0,0.0,3859080.0,1274230.0,8.48774e-07,0.00108218,0.00259437,0.00151886,0.00152161,0.00152184,0.0015248,631.192,0.0003
23.175,6729370.0,0.0,3859270.0,1274240.0,8.48799e-07,0.00109725,0.00260939,0.00151891,0.00152166,0.0015219,0.00152486,630.487,0.0003
23.18,6729370.0,0.0,3859270.0,1274240.0,8.48799e-07,0.00109725,0.00260939,0.00151891,0.00152166,0.0015219,0.00152486,624.781,0.0003
23.185,6728410.0,0.0,3858810.0,1274230.0,8.48739e-07,0.00106049,0.00257276,0.00151878,0.00152153,0.00152177,0.00152473,624.781,0.0003
23.19,6728300.0,0.0,3858760.0,1274220.0,8.48732e-07,0.00105595,0.00256824,0.00151876,0.00152151,0.00152175,0.00152471,626.149,0.0003
23.195,6728520.0,0.0,3858870.0,1274230.0,8.48746e-07,0.00106476,0.00257702,0.00151879,0.00152155,0.00152178,0.00152474,626.626,0.0003
23.2,6728520.0,0.0,3858870.0,1274230.0,8.48746e-07,0.00106476,0.00257702,0.00151879,0.00152155,0.00152178,0.00152474,630.485,0.0003
23.205,6729170.0,0.0,3859180.0,1274240.0,8.48786e-07,0.00108962,0.00260179,0.00151888,0.00152163,0.00152187,0.00152483,630.485,0.0003
23.21,6729250.0,0.0,3859210.0,1274240.0,8.48791e-07,0.00109269,0.00260485,0.00151889,0.00152165,0.00152188,0.00152484,627.081,0.0003
23.215,6728680.0,0.0,3858940.0,1274230.0,8.48756e-07,0.00107077,0.002583,0.00151882,0.00152157,0.0015218,0.00152476,626.934,0.0003
23.22,6728680.0,0.0,3858940.0,1274230.0,8.48756e-07,0.00107077,0.002583,0.00151882,0.00152157,0.0015218,0.00152476,625.743,0.0003
23.225,6728480.0,0.0,3858850.0,1274230.0,8.48743e-07,0.0010631,0.00257536,0.00151879,0.00152154,0.00152178,0.00152474,625.743,0.0003
23.23,6728460.0,0.0,3858830.0,1274230.0,8.48742e-07,0.00106215,0.00257441,0.00151878,0.00152154,0.00152177,0.00152473,624.413,0.0003
23.235,6728230.0,0.0,3858730.0,1274220.0,8.48728e-07,0.00105358,0.00256588,0.00151875,0.00152151,0.00152174,0.0015247,624.665,0.0003
23.24,6728230.0,0.0,3858730.0,1274220.0,8.48728e-07,0.00105358,0.00256588,0.00151875,0.00152151,0.00152174,0.0015247,626.704,0.0003
23.245,6728580.0,0.0,3858890.0,1274230.0,8.48749e-07,0.00106672,0.00257897,0.0015188,0.00152155,0.00152179,0.00152475,626.704,0.0003
23.25,6728620.0,0.0,3858910.0,1274230.0,8.48752e-07,0.00106834,0.00258059,0.00151881,0.00152156,0.00152179,0.00152475,629.538,0.0003
23.255,6729090.0,0.0,3859140.0,1274240.0,8.48781e-07,0.00108659,0.00259878,0.00151887,0.00152162,0.00152186,0.00152482,629.47,0.0003
23.26,6729090.0,0.0,3859140.0,1274240.0,8.48781e-07,0.00108659,0.00259878,0.00151887,0.00152162,0.00152186,0.00152482,628.919,0.0003
23.265,6729000.0,0.0,3859090.0,1274230.0,8.48776e-07,0.00108304,0.00259524,0.00151886,0.00152161,0.00152185,0.00152481,628.919,0.0003
23.27,6728990.0,0.0,3859090.0,1274230.0,8.48775e-07,0.00108261,0.0025948,0.00151886,0.00152161,0.00152185,0.00152481,631.607,0.0003
23.275,6729440.0,0.0,3859310.0,1274240.0,8.48803e-07,0.00109992,0.00261205,0.00151892,0.00152167,0.00152191,0.00152487,630.967,0.0003
23.28,6729440.0,0.0,3859310.0,1274240.0,8.48803e-07,0.00109992,0.00261205,0.00151892,0.00152167,0.00152191,0.00152487,625.789,0.0003
23.285,6728570.0,0.0,3858890.0,1274230.0,8.48749e-07,0.00106657,0.00257881,0.0015188,0.00152155,0.00152179,0.00152475,625.789,0.0003
23.29,6728460.0,0.0,3858840.0,1274230.0,8.48742e-07,0.00106245,0.00257471,0.00151879,0.00152154,0.00152177,0.00152473,628.798,0.0003
23.295,6728970.0,0.0,3859080.0,1274230.0,8.48774e-07,0.00108183,0.00259402,0.00151885,0.00152161,0.00152184,0.0015248,629.008,0.0003
23.3,6728970.0,0.0,3859080.0,1274230.0,8.48774e-07,0.00108183,0.00259402,0.00151885,0.00152161,0.00152184,0.0015248,630.71,0.0003
23.305,6729250.0,0.0,3859220.0,1274240.0,8.48791e-07,0.00109278,0.00260494,0.00151889,0.00152165,0.00152188,0.00152484,630.71,0.0003
23.31,6729290.0,0.0,3859230.0,1274240.0,8.48794e-07,0.00109414,0.00260629,0.0015189,0.00152165,0.00152189,0.00152485,629.903,0.0003
23.315,6729150.0,0.0,3859170.0,1274240.0,8.48785e-07,0.00108894,0.00260112,0.00151888,0.00152163,0.00152187,0.00152483,630.019,0.0003
23.32,6729150.0,0.0,3859170.0,1274240.0,8.48785e-07,0.00108894,0.00260112,0.00151888,0.00152163,0.00152187,0.00152483,630.96,0.0003
23.325,6729310.0,0.0,3859240.0,1274240.0,8.48795e-07,0.001095,0.00260716,0.0015189,0.00152165,0.00152189,0.00152485,630.96,0.0003
23.33,6729330.0,0.0,3859250.0,1274240.0,8.48796e-07,0.00109575,0.0026079,0.0015189,0.00152166,0.00152189,0.00152485,627.193,0.0003
23.335,6728700.0,0.0,3858950.0,1274230.0,8.48757e-07,0.00107149,0.00258372,0.00151882,0.00152157,0.00152181,0.00152477,627.162,0.0003
23.34,6728700.0,0.0,3858950.0,1274230.0,8.48757e-07,0.00107149,0.00258372,0.00151882,0.00152157,0.00152181,0.00152477,626.91,0.0003
23.345,6728660.0,0.0,3858930.0,1274230.0,8.48754e-07,0.00106987,0.00258211,0.00151881,0.00152156,0.0015218,0.00152476,626.91,0.0003
23.35,6728650.0,0.0,3858930.0,1274230.0,8.48754e-07,0.00106967,0.00258191,0.00151881,0.00152156,0.0015218,0.00152476,630.081,0.0003
23.355,6729180.0,0.0,3859180.0,1274240.0,8.48787e-07,0.00109009,0.00260226,0.00151888,0.00152164,0.00152187,0.00152483,630.458,0.0003
23.36,6729180.0,0.0,3859180.0,1274240.0,8.48787e-07,0.00109009,0.00260226,0.00151888,0.00152164,0.00152187,0.00152483,633.516,0.0003
23.365,6729690.0,0.0,3859430.0,1274240.0,8.48819e-07,0.00110978,0.00262188,0.00151895,0.00152171,0.00152194,0.0015249,633.516,0.0003
23.37,6729760.0,0.0,3859460.0,1274240.0,8.48823e-07,0.00111221,0.00262431,0.00151896,0.00152172,0.00152195,0.00152491,626.109,0.0003
23.375,6728520.0,0.0,3858860.0,1274230.0,8.48746e-07,0.00106451,0.00257676,0.00151879,0.00152155,0.00152178,0.00152474,626.276,0.0003
23.38,6728520.0,0.0,3858860.0,1274230.0,8.48746e-07,0.00106451,0.00257676,0.00151879,0.00152155,0.00152178,0.00152474,627.624,0.0003
23.385,6728740.0,0.0,3858970.0,1274230.0,8.4876e-07,0.00107319,0.00258542,0.00151882,0.00152158,0.00152181,0.00152477,627.624,0.0003
23.39,6728770.0,0.0,3858990.0,1274230.0,8.48762e-07,0.00107427,0.00258649,0.00151883,0.00152158,0.00152182,0.00152477,632.401,0.0003
23.395,6729570.0,0.0,3859370.0,1274240.0,8.48811e-07,0.00110503,0.00261715,0.00151894,0.00152169,0.00152192,0.00152489,631.498,0.0003
23.4,6729570.0,0.0,3859370.0,1274240.0,8.48811e-07,0.00110503,0.00261715,0.00151894,0.00152169,0.00152192,0.00152489,624.182,0.0003
23.405,6728350.0,0.0,3858780.0,1274230.0,8.48735e-07,0.00105792,0.0025702,0.00151877,0.00152152,0.00152176,0.00152472,624.182,0.0003
23.41,6728200.0,0.0,3858710.0,1274230.0,8.48726e-07,0.0010521,0.0025644,0.00151875,0.0015215,0.00152174,0.0015247,623.87,0.0003
23.415,6728140.0,0.0,3858680.0,1274230.0,8.48722e-07,0.00105009,0.0025624,0.00151874,0.00152149,0.00152173,0.00152469,623.936,0.0003
23.42,6728140.0,0.0,3858680.0,1274230.0,8.48722e-07,0.00105009,0.0025624,0.00151874,0.00152149,0.00152173,0.00152469,624.47,0.0003
23.425,6728230.0,0.0,3858730.0,1274230.0,8.48728e-07,0.00105353,0.00256582,0.00151875,0.00152151,0.00152174,0.0015247,624.47,0.0003
23.43,6728240.0,0.0,3858730.0,1274230.0,8.48729e-07,0.00105396,0.00256625,0.00151876,0.00152151,0.00152174,0.0015247,628.395,0.0003
23.435,6728900.0,0.0,3859050.0,1274230.0,8.4877e-07,0.00107923,0.00259144,0.00151885,0.0015216,0.00152183,0.00152479,628.339,0.0003
23.44,6728900.0,0.0,3859050.0,1274230.0,8.4877e-07,0.00107923,0.00259144,0.00151885,0.0015216,0.00152183,0.00152479,627.889,0.0003
23.445,6728830.0,0.0,3859010.0,1274230.0,8.48765e-07,0.00107633,0.00258855,0.00151883,0.00152159,0.00152182,0.00152478,627.889,0.0003
23.45,6728820.0,0.0,3859010.0,1274230.0,8.48764e-07,0.00107597,0.00258819,0.00151883,0.00152159,0.00152182,0.00152478,630.237,0.0003
23.455,6729210.0,0.0,3859200.0,1274240.0,8.48789e-07,0.0010911,0.00260326,0.00151889,0.00152164,0.00152188,0.00152484,630.274,0.0003
23.46,6729210.0,0.0,3859200.0,1274240.0,8.48789e-07,0.0010911,0.00260326,0.00151889,0.00152164,0.00152188,0.00152484,630.569,0.0003
23.465,6729260.0,0.0,3859220.0,1274240.0,8.48792e-07,0.001093,0.00260516,0.00151889,0.00152165,0.00152188,0.00152484,630.569,0.0003
23.47,6729260.0,0.0,3859220.0,1274240.0,8.48792e-07,0.00109323,0.00260539,0.00151889,0.00152165,0.00152188,0.00152484,629.259,0.0003
23.475,6729040.0,0.0,3859120.0,1274240.0,8.48779e-07,0.00108479,0.00259698,0.00151886,0.00152162,0.00152185,0.00152481,628.86,0.0003
23.48,6729040.0,0.0,3859120.0,1274240.0,8.48779e-07,0.00108479,0.00259698,0.00151886,0.00152162,0.00152185,0.00152481,625.633,0.0003
23.485,6728510.0,0.0,3858860.0,1274230.0,8.48745e-07,0.00106401,0.00257627,0.00151879,0.00152154,0.00152178,0.00152474,625.633,0.0003
23.49,6728440.0,0.0,3858830.0,1274230.0,8.48741e-07,0.00106144,0.00257371,0.00151878,0.00152153,0.00152177,0.00152473,625.602,0.0003
23.495,6728430.0,0.0,3858820.0,1274230.0,8.4874e-07,0.00106125,0.00257351,0.00151878,0.00152153,0.00152177,0.00152473,626.081,0.0003
23.5,6728430.0,0.0,3858820.0,1274230.0,8.4874e-07,0.00106125,0.00257351,0.00151878,0.00152153,0.00152177,0.00152473,629.952,0.0003
23.505,6729080.0,0.0,3859140.0,1274240.0,8.48781e-07,0.00108618,0.00259836,0.00151887,0.00152162,0.00152186,0.00152482,629.952,0.0003
23.51,6729160.0,0.0,3859170.0,1274240.0,8.48786e-07,0.00108926,0.00260143,0.00151888,0.00152163,0.00152187,0.00152483,631.903,0.0003
23.515,6729490.0,0.0,3859330.0,1274240.0,8.48806e-07,0.00110183,0.00261395,0.00151893,0.00152168,0.00152191,0.00152487,631.322,0.0003
23.52,6729490.0,0.0,3859330.0,1274240.0,8.48806e-07,0.00110183,0.00261395,0.00151893,0.00152168,0.00152191,0.00152487,626.616,0.0003
23.525,6728700.0,0.0,3858950.0,1274230.0,8.48757e-07,0.00107152,0.00258375,0.00151882,0.00152157,0.00152181,0.00152476,626.616,0.0003
23.53,6728600.0,0.0,3858910.0,1274230.0,8.48751e-07,0.00106777,0.00258002,0.0015188,0.00152156,0.00152179,0.00152475,629.404,0.0003
23.535,6729070.0,0.0,3859130.0,1274240.0,8.4878e-07,0.00108573,0.00259791,0.00151887,0.00152162,0.00152186,0.00152482,629.029,0.0003
23.54,6729070.0,0.0,3859130.0,1274240.0,8.4878e-07,0.00108573,0.00259791,0.00151887,0.00152162,0.00152186,0.00152482,625.989,0.0003
23.545,6728560.0,0.0,3858890.0,1274230.0,8.48748e-07,0.00106616,0.00257841,0.0015188,0.00152155,0.00152179,0.00152475,625.989,0.0003
23.55,6728500.0,0.0,3858860.0,1274230.0,8.48745e-07,0.00106374,0.002576,0.00151879,0.00152154,0.00152178,0.00152474,627.21,0.0003
23.555,6728700.0,0.0,3858950.0,1274230.0,8.48757e-07,0.0010716,0.00258383,0.00151882,0.00152157,0.00152181,0.00152477,627.365,0.0003
23.56,6728700.0,0.0,3858950.0,1274230.0,8.48757e-07,0.0010716,0.00258383,0.00151882,0.00152157,0.00152181,0.00152477,628.62,0.0003
23.565,6728910.0,0.0,3859050.0,1274240.0,8.4877e-07,0.00107968,0.00259189,0.00151885,0.0015216,0.00152183,0.00152479,628.62,0.0003
23.57,6728940.0,0.0,3859070.0,1274240.0,8.48772e-07,0.00108068,0.00259288,0.00151885,0.0015216,0.00152184,0.0015248,624.398,0.0003
23.575,6728230.0,0.0,3858730.0,1274230.0,8.48728e-07,0.00105349,0.00256578,0.00151875,0.00152151,0.00152174,0.0015247,624.53,0.0003
23.58,6728230.0,0.0,3858730.0,1274230.0,8.48728e-07,0.00105349,0.00256578,0.00151875,0.00152151,0.00152174,0.0015247,625.601,0.0003
23.585,6728410.0,0.0,3858810.0,1274230.0,8.48739e-07,0.00106039,0.00257266,0.00151878,0.00152153,0.00152177,0.00152472,625.601,0.0003
23.59,6728430.0,0.0,3858820.0,1274230.0,8.4874e-07,0.00106124,0.00257351,0.00151878,0.00152153,0.00152177,0.00152473,626.346,0.0003
23.595,6728560.0,0.0,3858880.0,1274230.0,8.48748e-07,0.00106604,0.00257829,0.0015188,0.00152155,0.00152179,0.00152475,626.603,0.0003
23.6,6728560.0,0.0,3858880.0,1274230.0,8.48748e-07,0.00106604,0.00257829,0.0015188,0.00152155,0.00152179,0.00152475,628.687,0.0003
23.605,6728910.0,0.0,3859050.0,1274240.0,8.4877e-07,0.00107945,0.00259166,0.00151885,0.0015216,0.00152183,0.00152479,628.687,0.0003
23.61,6728950.0,0.0,3859070.0,1274240.0,8.48773e-07,0.00108111,0.00259331,0.00151885,0.0015216,0.00152184,0.0015248,628.135,0.0003
23.615,6728860.0,0.0,3859030.0,1274240.0,8.48767e-07,0.00107756,0.00258977,0.00151884,0.00152159,0.00152183,0.00152479,627.892,0.0003
23.62,6728860.0,0.0,3859030.0,1274240.0,8.48767e-07,0.00107756,0.00258977,0.00151884,0.00152159,0.00152183,0.00152479,625.921,0.0003
23.625,6728530.0,0.0,3858870.0,1274230.0,8.48746e-07,0.00106487,0.00257712,0.00151879,0.00152155,0.00152178,0.00152474,625.921,0.0003
23.63,6728490.0,0.0,3858850.0,1274230.0,8.48744e-07,0.0010633,0.00257556,0.00151879,0.00152154,0.00152178,0.00152474,628.11,0.0003
23.635,6728850.0,0.0,3859030.0,1274240.0,8.48767e-07,0.0010774,0.00258961,0.00151884,0.00152159,0.00152183,0.00152479,628.109,0.0003
23.64,6728850.0,0.0,3859030.0,1274240.0,8.48767e-07,0.0010774,0.00258961,0.00151884,0.00152159,0.00152183,0.00152479,628.102,0.0003
23.645,6728850.0,0.0,3859030.0,1274240.0,8.48767e-07,0.00107735,0.00258956,0.00151884,0.00152159,0.00152183,0.00152479,628.102,0.0003
23.65,6728850.0,0.0,3859030.0,1274240.0,8.48767e-07,0.00107734,0.00258955,0.00151884,0.00152159,0.00152183,0.00152479,631.425,0.0003
23.655,6729410.0,0.0,3859290.0,1274240.0,8.48801e-07,0.00109874,0.00261088,0.00151891,0.00152167,0.0015219,0.00152486,631.565,0.0003
23.66,6729410.0,0.0,3859290.0,1274240.0,8.48801e-07,0.00109874,0.00261088,0.00151891,0.00152167,0.0015219,0.00152486,632.698,0.0003
23.665,6729600.0,0.0,3859380.0,1274250.0,8.48813e-07,0.00110605,0.00261816,0.00151894,0.00152169,0.00152193,0.00152489,632.698,0.0003
23.67,6729620.0,0.0,3859400.0,1274250.0,8.48814e-07,0.00110695,0.00261906,0.00151894,0.0015217,0.00152193,0.00152489,628.653,0.0003
23.675,6728940.0,0.0,3859070.0,1274240.0,8.48772e-07,0.00108089,0.00259309,0.00151885,0.0015216,0.00152184,0.0015248,628.494,0.0003
23.68,6728940.0,0.0,3859070.0,1274240.0,8.48772e-07,0.00108089,0.00259309,0.00151885,0.0015216,0.00152184,0.0015248,627.201,0.0003
23.685,6728730.0,0.0,3858970.0,1274240.0,8.48759e-07,0.00107257,0.0025848,0.00151882,0.00152157,0.00152181,0.00152477,627.201,0.0003
23.69,6728700.0,0.0,3858950.0,1274240.0,8.48757e-07,0.00107154,0.00258377,0.00151882,0.00152157,0.0015218,0.00152476,625.34,0.0003
23.695,6728390.0,0.0,3858800.0,1274230.0,8.48738e-07,0.00105956,0.00257183,0.00151877,0.00152153,0.00152176,0.00152472,625.786,0.0003
23.7,6728390.0,0.0,3858800.0,1274230.0,8.48738e-07,0.00105956,0.00257183,0.00151877,0.00152153,0.00152176,0.00152472,629.396,0.0003
23.705,6728990.0,0.0,3859090.0,1274240.0,8.48775e-07,0.00108281,0.002595,0.00151886,0.00152161,0.00152185,0.00152481,629.396,0.0003
23.71,6729070.0,0.0,3859130.0,1274240.0,8.4878e-07,0.00108568,0.00259786,0.00151887,0.00152162,0.00152186,0.00152482,629.714,0.0003
23.715,6729120.0,0.0,3859160.0,1274240.0,8.48783e-07,0.00108773,0.0025999,0.00151887,0.00152163,0.00152186,0.00152482,629.771,0.0003
23.72,6729120.0,0.0,3859160.0,1274240.0,8.48783e-07,0.00108773,0.0025999,0.00151887,0.00152163,0.00152186,0.00152482,630.234,0.0003
23.725,6729200.0,0.0,3859190.0,1274240.0,8.48788e-07,0.00109071,0.00260288,0.00151889,0.00152164,0.00152187,0.00152483,630.234,0.0003
23.73,6729210.0,0.0,3859200.0,1274240.0,8.48789e-07,0.00109108,0.00260324,0.00151889,0.00152164,0.00152187,0.00152483,630.217,0.0003
23.735,6729200.0,0.0,3859200.0,1274240.0,8.48789e-07,0.00109096,0.00260313,0.00151889,0.00152164,0.00152187,0.00152483,629.942,0.0003
23.74,6729200.0,0.0,3859200.0,1274240.0,8.48789e-07,0.00109096,0.00260313,0.00151889,0.00152164,0.00152187,0.00152483,627.719,0.0003
23.745,6728830.0,0.0,3859020.0,1274240.0,8.48765e-07,0.00107665,0.00258886,0.00151884,0.00152159,0.00152182,0.00152478,627.719,0.0003
23.75,6728790.0,0.0,3859000.0,1274240.0,8.48763e-07,0.00107488,0.0025871,0.00151883,0.00152158,0.00152182,0.00152478,632.15,0.0003
23.755,6729530.0,0.0,3859350.0,1274250.0,8.48809e-07,0.00110342,0.00261554,0.00151893,0.00152168,0.00152192,0.00152488,631.808,0.0003
23.76,6729530.0,0.0,3859350.0,1274250.0,8.48809e-07,0.00110342,0.00261554,0.00151893,0.00152168,0.00152192,0.00152488,629.039,0.0003
23.765,6729070.0,0.0,3859130.0,1274240.0,8.4878e-07,0.00108558,0.00259777,0.00151887,0.00152162,0.00152185,0.00152481,629.039,0.0003
23.77,6729010.0,0.0,3859100.0,1274240.0,8.48776e-07,0.00108338,0.00259557,0.00151886,0.00152161,0.00152185,0.00152481,632.273,0.0003
23.775,6729550.0,0.0,3859360.0,1274250.0,8.4881e-07,0.00110421,0.00261633,0.00151893,0.00152169,0.00152192,0.00152488,631.426,0.0003
23.78,6729550.0,0.0,3859360.0,1274250.0,8.4881e-07,0.00110421,0.00261633,0.00151893,0.00152169,0.00152192,0.00152488,624.565,0.0003
23.785,6728400.0,0.0,3858810.0,1274230.0,8.48739e-07,0.00106002,0.00257229,0.00151878,0.00152153,0.00152176,0.00152472,624.565,0.0003
23.79,6728260.0,0.0,3858740.0,1274230.0,8.4873e-07,0.00105456,0.00256685,0.00151876,0.00152151,0.00152174,0.0015247,629.536,0.0003
23.795,6729090.0,0.0,3859140.0,1274240.0,8.48781e-07,0.00108658,0.00259876,0.00151887,0.00152162,0.00152186,0.00152482,629.447,0.0003
23.8,6729090.0,0.0,3859140.0,1274240.0,8.48781e-07,0.00108658,0.00259876,0.00151887,0.00152162,0.00152186,0.00152482,628.731,0.0003
23.805,6728970.0,0.0,3859080.0,1274240.0,8.48774e-07,0.00108197,0.00259416,0.00151885,0.00152161,0.00152184,0.0015248,628.731,0.0003
23.81,6728960.0,0.0,3859080.0,1274240.0,8.48773e-07,0.0010814,0.00259359,0.00151885,0.0015216,0.00152184,0.0015248,630.447,0.0003
23.815,6729240.0,0.0,3859220.0,1274240.0,8.48791e-07,0.00109245,0.00260461,0.00151889,0.00152164,0.00152188,0.00152484,630.213,0.0003
23.82,6729240.0,0.0,3859220.0,1274240.0,8.48791e-07,0.00109245,0.00260461,0.00151889,0.00152164,0.00152188,0.00152484,628.318,0.0003
23.825,6728930.0,0.0,3859060.0,1274240.0,8.48771e-07,0.00108024,0.00259244,0.00151885,0.0015216,0.00152184,0.0015248,628.318,0.0003
23.83,6728890.0,0.0,3859040.0,1274240.0,8.48769e-07,0.00107874,0.00259094,0.00151884,0.0015216,0.00152183,0.00152479,630.348,0.0003
23.835,6729230.0,0.0,3859210.0,1274240.0,8.4879e-07,0.00109181,0.00260397,0.00151889,0.00152164,0.00152188,0.00152484,630.308,0.0003
23.84,6729230.0,0.0,3859210.0,1274240.0,8.4879e-07,0.00109181,0.00260397,0.00151889,0.00152164,0.00152188,0.00152484,629.983,0.0003
23.845,6729170.0,0.0,3859180.0,1274240.0,8.48787e-07,0.00108972,0.00260189,0.00151888,0.00152163,0.00152187,0.00152483,629.983,0.0003
23.85,6729170.0,0.0,3859180.0,1274240.0,8.48786e-07,0.00108946,0.00260163,0.00151888,0.00152163,0.00152187,0.00152483,627.409,0.0003
23.855,6728740.0,0.0,3858970.0,1274240.0,8.48759e-07,0.00107288,0.00258511,0.00151882,0.00152157,0.00152181,0.00152477,627.629,0.0003
23.86,6728740.0,0.0,3858970.0,1274240.0,8.48759e-07,0.00107288,0.00258511,0.00151882,0.00152157,0.00152181,0.00152477,629.41,0.0003
23.865,6729030.0,0.0,3859110.0,1274240.0,8.48778e-07,0.00108435,0.00259654,0.00151886,0.00152162,0.00152185,0.00152481,629.41,0.0003
23.87,6729070.0,0.0,3859130.0,1274240.0,8.4878e-07,0.00108577,0.00259795,0.00151887,0.00152162,0.00152186,0.00152482,630.112,0.0003
23.875,6729190.0,0.0,3859190.0,1274240.0,8.48787e-07,0.00109029,0.00260246,0.00151888,0.00152164,0.00152187,0.00152483,630.111,0.0003
23.88,6729190.0,0.0,3859190.0,1274240.0,8.48787e-07,0.00109029,0.00260246,0.00151888,0.00152164,0.00152187,0.00152483,630.102,0.0003
23.885,6729190.0,0.0,3859190.0,1274240.0,8.48787e-07,0.00109023,0.0026024,0.00151888,0.00152164,0.00152187,0.00152483,630.102,0.0003
23.89,6729190.0,0.0,3859190.0,1274240.0,8.48787e-07,0.00109022,0.00260239,0.00151888,0.00152164,0.00152187,0.00152483,629.33,0.0003
23.895,6729060.0,0.0,3859130.0,1274240.0,8.48779e-07,0.00108525,0.00259744,0.00151887,0.00152162,0.00152185,0.00152481,629.197,0.0003
23.9,6729060.0,0.0,3859130.0,1274240.0,8.48779e-07,0.00108525,0.00259744,0.00151887,0.00152162,0.00152185,0.00152481,628.12,0.0003
23.905,6728880.0,0.0,3859040.0,1274240.0,8.48768e-07,0.00107832,0.00259053,0.00151884,0.00152159,0.00152183,0.00152479,628.12,0.0003
23.91,6728850.0,0.0,3859030.0,1274240.0,8.48767e-07,0.00107746,0.00258967,0.00151884,0.00152159,0.00152183,0.00152479,631.25,0.0003
23.915,6729380.0,0.0,3859280.0,1274250.0,8.48799e-07,0.00109762,0.00260976,0.00151891,0.00152166,0.0015219,0.00152486,631.333,0.0003
23.92,6729380.0,0.0,3859280.0,1274250.0,8.48799e-07,0.00109762,0.00260976,0.00151891,0.00152166,0.0015219,0.00152486,632.005,0.0003
23.925,6729490.0,0.0,3859330.0,1274250.0,8.48806e-07,0.00110195,0.00261408,0.00151892,0.00152168,0.00152191,0.00152487,632.005,0.0003
23.93,6729500.0,0.0,3859340.0,1274250.0,8.48807e-07,0.00110249,0.00261461,0.00151893,0.00152168,0.00152191,0.00152488,627.885,0.0003
23.935,6728820.0,0.0,3859010.0,1274240.0,8.48764e-07,0.00107595,0.00258816,0.00151883,0.00152158,0.00152182,0.00152478,628.184,0.0003
23.94,6728820.0,0.0,3859010.0,1274240.0,8.48764e-07,0.00107595,0.00258816,0.00151883,0.00152158,0.00152182,0.00152478,630.605,0.0003
23.945,6729220.0,0.0,3859200.0,1274240.0,8.48789e-07,0.00109154,0.00260371,0.00151889,0.00152164,0.00152188,0.00152484,630.605,0.0003
23.95,6729270.0,0.0,3859230.0,1274250.0,8.48793e-07,0.00109347,0.00260563,0.00151889,0.00152165,0.00152188,0.00152484,628.05,0.0003
23.955,6728840.0,0.0,3859020.0,1274240.0,8.48766e-07,0.00107701,0.00258922,0.00151884,0.00152159,0.00152182,0.00152478,628.582,0.0003
23.96,6728840.0,0.0,3859020.0,1274240.0,8.48766e-07,0.00107701,0.00258922,0.00151884,0.00152159,0.00152182,0.00152478,632.895,0.0003
23.965,6729560.0,0.0,3859370.0,1274250.0,8.48811e-07,0.00110478,0.0026169,0.00151893,0.00152169,0.00152192,0.00152488,632.895,0.0003
23.97,6729650.0,0.0,3859410.0,1274250.0,8.48816e-07,0.00110821,0.00262032,0.00151895,0.0015217,0.00152194,0.0015249,629.723,0.0003
23.975,6729120.0,0.0,3859160.0,1274240.0,8.48783e-07,0.00108779,0.00259996,0.00151887,0.00152163,0.00152186,0.00152482,629.622,0.0003
23.98,6729120.0,0.0,3859160.0,1274240.0,8.48783e-07,0.00108779,0.00259996,0.00151887,0.00152163,0.00152186,0.00152482,628.805,0.0003
23.985,6728990.0,0.0,3859090.0,1274240.0,8.48775e-07,0.00108252,0.00259471,0.00151886,0.00152161,0.00152184,0.0015248,628.805,0.0003
23.99,6728970.0,0.0,3859080.0,1274240.0,8.48774e-07,0.00108187,0.00259407,0.00151885,0.00152161,0.00152184,0.0015248,629.645,0.0003
23.995,6729110.0,0.0,3859150.0,1274240.0,8.48783e-07,0.00108729,0.00259946,0.00151887,0.00152163,0.00152186,0.00152482,629.41,0.0003
24.0,6729110.0,0.0,3859150.0,1274240.0,8.48783e-07,0.00108729,0.00259946,0.00151887,0.00152163,0.00152186,0.00152482,627.507,0.0003
24.005,6728790.0,0.0,3859000.0,1274240.0,8.48763e-07,0.00107503,0.00258725,0.00151883,0.00152158,0.00152182,0.00152478,627.507,0.0003
24.01,6728750.0,0.0,3858980.0,1274240.0,8.4876e-07,0.00107352,0.00258574,0.00151882,0.00152158,0.00152181,0.00152477,631.754,0.0003
24.015,6729460.0,0.0,3859320.0,1274250.0,8.48805e-07,0.00110087,0.002613,0.00151892,0.00152167,0.00152191,0.00152487,631.411,0.0003
24.02,6729460.0,0.0,3859320.0,1274250.0,8.48805e-07,0.00110087,0.002613,0.00151892,0.00152167,0.00152191,0.00152487,628.63,0.0003
24.025,6729000.0,0.0,3859100.0,1274240.0,8.48776e-07,0.00108296,0.00259515,0.00151886,0.00152161,0.00152185,0.00152481,628.63,0.0003
24.03,6728940.0,0.0,3859070.0,1274240.0,8.48772e-07,0.00108075,0.00259295,0.00151885,0.0015216,0.00152184,0.0015248,630.435,0.0003
24.035,6729240.0,0.0,3859220.0,1274250.0,8.48791e-07,0.00109237,0.00260453,0.00151889,0.00152164,0.00152188,0.00152484,630.444,0.0003
24.04,6729240.0,0.0,3859220.0,1274250.0,8.48791e-07,0.00109237,0.00260453,0.00151889,0.00152164,0.00152188,0.00152484,630.515,0.0003
24.045,6729250.0,0.0,3859220.0,1274250.0,8.48792e-07,0.00109283,0.00260499,0.00151889,0.00152165,0.00152188,0.00152484,630.515,0.0003
24.05,6729250.0,0.0,3859220.0,1274250.0,8.48792e-07,0.00109289,0.00260504,0.00151889,0.00152165,0.00152188,0.00152484,629.02,0.0003
24.055,6729000.0,0.0,3859100.0,1274240.0,8.48776e-07,0.00108326,0.00259545,0.00151886,0.00152161,0.00152185,0.00152481,629.14,0.0003
24.06,6729000.0,0.0,3859100.0,1274240.0,8.48776e-07,0.00108326,0.00259545,0.00151886,0.00152161,0.00152185,0.00152481,630.11,0.0003
24.065,6729170.0,0.0,3859180.0,1274250.0,8.48786e-07,0.0010895,0.00260167,0.00151888,0.00152163,0.00152187,0.00152483,630.11,0.0003
24.07,6729190.0,0.0,3859190.0,1274250.0,8.48787e-07,0.00109027,0.00260244,0.00151888,0.00152164,0.00152187,0.00152483,628.556,0.0003
24.075,6728930.0,0.0,3859070.0,1274240.0,8.48771e-07,0.00108027,0.00259247,0.00151885,0.0015216,0.00152184,0.0015248,628.509,0.0003
24.08,6728930.0,0.0,3859070.0,1274240.0,8.48771e-07,0.00108027,0.00259247,0.00151885,0.0015216,0.00152184,0.0015248,628.128,0.0003
24.085,6728860.0,0.0,3859030.0,1274240.0,8.48767e-07,0.00107781,0.00259002,0.00151884,0.00152159,0.00152183,0.00152479,628.128,0.0003
24.09,6728860.0,0.0,3859030.0,1274240.0,8.48767e-07,0.00107751,0.00258972,0.00151884,0.00152159,0.00152183,0.00152479,629.391,0.0003
24.095,6729070.0,0.0,3859130.0,1274240.0,8.4878e-07,0.00108565,0.00259783,0.00151887,0.00152162,0.00152185,0.00152481,629.399,0.0003
24.1,6729070.0,0.0,3859130.0,1274240.0,8.4878e-07,0.00108565,0.00259783,0.00151887,0.00152162,0.00152185,0.00152481,629.46,0.0003
24.105,6729080.0,0.0,3859140.0,1274240.0,8.48781e-07,0.00108604,0.00259823,0.00151887,0.00152162,0.00152186,0.00152482,629.46,0.0003
24.11,6729080.0,0.0,3859140.0,1274240.0,8.48781e-07,0.00108609,0.00259827,0.00151887,0.00152162,0.00152186,0.00152482,623.439,0.0003
24.115,6728070.0,0.0,3858650.0,1274230.0,8.48718e-07,0.00104731,0.00255963,0.00151873,0.00152148,0.00152172,0.00152468,624.054,0.0003
24.12,6728070.0,0.0,3858650.0,1274230.0,8.48718e-07,0.00104731,0.00255963,0.00151873,0.00152148,0.00152172,0.00152468,629.03,0.0003
24.125,6728900.0,0.0,3859050.0,1274240.0,8.4877e-07,0.00107936,0.00259157,0.00151884,0.0015216,0.00152183,0.00152479,629.03,0.0003
24.13,6729010.0,0.0,3859100.0,1274240.0,8.48776e-07,0.00108332,0.00259551,0.00151886,0.00152161,0.00152185,0.00152481,628.426,0.0003
24.135,6728910.0,0.0,3859060.0,1274240.0,8.4877e-07,0.00107943,0.00259164,0.00151884,0.0015216,0.00152183,0.00152479,628.119,0.0003
24.14,6728910.0,0.0,3859060.0,1274240.0,8.4877e-07,0.00107943,0.00259164,0.00151884,0.0015216,0.00152183,0.00152479,625.629,0.0003
24.145,6728490.0,0.0,3858860.0,1274240.0,8.48744e-07,0.0010634,0.00257566,0.00151879,0.00152154,0.00152178,0.00152473,625.629,0.0003
24.15,6728440.0,0.0,3858830.0,1274240.0,8.48741e-07,0.00106142,0.00257368,0.00151878,0.00152153,0.00152177,0.00152473,627.52,0.0003
24.155,6728750.0,0.0,3858980.0,1274240.0,8.4876e-07,0.0010736,0.00258582,0.00151882,0.00152158,0.00152181,0.00152477,627.478,0.0003
24.16,6728750.0,0.0,3858980.0,1274240.0,8.4876e-07,0.0010736,0.00258582,0.00151882,0.00152158,0.00152181,0.00152477,627.137,0.0003
24.165,6728700.0,0.0,3858960.0,1274240.0,8.48757e-07,0.0010714,0.00258363,0.00151882,0.00152157,0.0015218,0.00152476,627.137,0.0003
24.17,6728690.0,0.0,3858950.0,1274240.0,8.48756e-07,0.00107113,0.00258336,0.00151882,0.00152157,0.0015218,0.00152476,627.118,0.0003
24.175,6728690.0,0.0,3858950.0,1274240.0,8.48756e-07,0.00107101,0.00258324,0.00151881,0.00152157,0.0015218,0.00152476,627.219,0.0003
24.18,6728690.0,0.0,3858950.0,1274240.0,8.48756e-07,0.00107101,0.00258324,0.00151881,0.00152157,0.0015218,0.00152476,628.04,0.0003
24.185,6728820.0,0.0,3859020.0,1274240.0,8.48765e-07,0.00107629,0.00258851,0.00151883,0.00152159,0.00152182,0.00152478,628.04,0.0003
24.19,6728840.0,0.0,3859020.0,1274240.0,8.48766e-07,0.00107695,0.00258916,0.00151884,0.00152159,0.00152182,0.00152478,625.811,0.0003
24.195,6728470.0,0.0,3858850.0,1274240.0,8.48743e-07,0.00106259,0.00257485,0.00151878,0.00152154,0.00152177,0.00152473,626.179,0.0003
24.2,6728470.0,0.0,3858850.0,1274240.0,8.48743e-07,0.00106259,0.00257485,0.00151878,0.00152154,0.00152177,0.00152473,629.158,0.0003
24.205,6728970.0,0.0,3859080.0,1274240.0,8.48774e-07,0.00108177,0.00259397,0.00151885,0.00152161,0.00152184,0.0015248,629.158,0.0003
24.21,6729030.0,0.0,3859110.0,1274250.0,8.48778e-07,0.00108414,0.00259633,0.00151886,0.00152161,0.00152185,0.00152481,630.292,0.0003
24.215,6729220.0,0.0,3859210.0,1274250.0,8.48789e-07,0.00109145,0.00260361,0.00151889,0.00152164,0.00152188,0.00152484,630.232,0.0003
24.22,6729220.0,0.0,3859210.0,1274250.0,8.48789e-07,0.00109145,0.00260361,0.00151889,0.00152164,0.00152188,0.00152484,629.744,0.0003
24.225,6729140.0,0.0,3859170.0,1274250.0,8.48784e-07,0.00108831,0.00260048,0.00151888,0.00152163,0.00152186,0.00152482,629.744,0.0003
24.23,6729130.0,0.0,3859160.0,1274250.0,8.48784e-07,0.00108792,0.0026001,0.00151887,0.00152163,0.00152186,0.00152482,627.213,0.0003
24.235,6728700.0,0.0,3858960.0,1274240.0,8.48757e-07,0.00107162,0.00258385,0.00151882,0.00152157,0.0015218,0.00152476,627.243,0.0003
24.24,6728700.0,0.0,3858960.0,1274240.0,8.48757e-07,0.00107162,0.00258385,0.00151882,0.00152157,0.0015218,0.00152476,627.488,0.0003
24.245,6728740.0,0.0,3858980.0,1274240.0,8.4876e-07,0.00107319,0.00258542,0.00151882,0.00152157,0.00152181,0.00152477,627.488,0.0003
24.25,6728750.0,0.0,3858980.0,1274240.0,8.4876e-07,0.00107339,0.00258561,0.00151882,0.00152158,0.00152181,0.00152477,631.021,0.0003
24.255,6729340.0,0.0,3859260.0,1274250.0,8.48797e-07,0.00109614,0.00260829,0.0015189,0.00152166,0.00152189,0.00152485,630.907,0.0003
24.26,6729340.0,0.0,3859260.0,1274250.0,8.48797e-07,0.00109614,0.00260829,0.0015189,0.00152166,0.00152189,0.00152485,629.987,0.0003
24.265,6729190.0,0.0,3859190.0,1274250.0,8.48787e-07,0.00109022,0.00260238,0.00151888,0.00152164,0.00152187,0.00152483,629.987,0.0003
24.27,6729170.0,0.0,3859180.0,1274250.0,8.48786e-07,0.00108948,0.00260165,0.00151888,0.00152163,0.00152187,0.00152483,628.912,0.0003
24.275,6728990.0,0.0,3859090.0,1274250.0,8.48775e-07,0.00108256,0.00259475,0.00151886,0.00152161,0.00152184,0.0015248,628.844,0.0003
24.28,6728990.0,0.0,3859090.0,1274250.0,8.48775e-07,0.00108256,0.00259475,0.00151886,0.00152161,0.00152184,0.0015248,628.293,0.0003
24.285,6728890.0,0.0,3859050.0,1274240.0,8.48769e-07,0.00107902,0.00259122,0.00151884,0.0015216,0.00152183,0.00152479,628.293,0.0003
24.29,6728880.0,0.0,3859050.0,1274240.0,8.48769e-07,0.00107858,0.00259078,0.00151884,0.00152159,0.00152183,0.00152479,629.827,0.0003
24.295,6729140.0,0.0,3859170.0,1274250.0,8.48784e-07,0.00108846,0.00260063,0.00151888,0.00152163,0.00152186,0.00152482,629.495,0.0003
24.3,6729140.0,0.0,3859170.0,1274250.0,8.48784e-07,0.00108846,0.00260063,0.00151888,0.00152163,0.00152186,0.00152482,626.81,0.0003
24.305,6728690.0,0.0,3858950.0,1274240.0,8.48757e-07,0.00107116,0.00258339,0.00151882,0.00152157,0.0015218,0.00152476,626.81,0.0003
24.31,6728640.0,0.0,3858930.0,1274240.0,8.48753e-07,0.00106902,0.00258126,0.00151881,0.00152156,0.00152179,0.00152475,625.563,0.0003
24.315,6728430.0,0.0,3858830.0,1274240.0,8.4874e-07,0.00106099,0.00257326,0.00151878,0.00152153,0.00152177,0.00152473,625.471,0.0003
24.32,6728430.0,0.0,3858830.0,1274240.0,8.4874e-07,0.00106099,0.00257326,0.00151878,0.00152153,0.00152177,0.00152473,624.729,0.0003
24.325,6728300.0,0.0,3858770.0,1274240.0,8.48732e-07,0.00105621,0.0025685,0.00151876,0.00152151,0.00152175,0.00152471,624.729,0.0003
24.33,6728290.0,0.0,3858760.0,1274240.0,8.48731e-07,0.00105562,0.00256791,0.00151876,0.00152151,0.00152175,0.00152471,630.362,0.0003
24.335,6729230.0,0.0,3859210.0,1274250.0,8.4879e-07,0.0010919,0.00260406,0.00151889,0.00152164,0.00152188,0.00152484,630.395,0.0003
24.34,6729230.0,0.0,3859210.0,1274250.0,8.4879e-07,0.0010919,0.00260406,0.00151889,0.00152164,0.00152188,0.00152484,630.668,0.0003
24.345,6729270.0,0.0,3859230.0,1274250.0,8.48793e-07,0.00109365,0.00260581,0.00151889,0.00152165,0.00152188,0.00152484,630.668,0.0003
24.35,6729280.0,0.0,3859240.0,1274250.0,8.48793e-07,0.00109387,0.00260603,0.0015189,0.00152165,0.00152188,0.00152484,627.595,0.0003
24.355,6728770.0,0.0,3858990.0,1274240.0,8.48761e-07,0.00107408,0.0025863,0.00151883,0.00152158,0.00152181,0.00152477,627.751,0.0003
24.36,6728770.0,0.0,3858990.0,1274240.0,8.48761e-07,0.00107408,0.0025863,0.00151883,0.00152158,0.00152181,0.00152477,629.014,0.0003
24.365,6728980.0,0.0,3859090.0,1274250.0,8.48774e-07,0.00108221,0.00259441,0.00151885,0.00152161,0.00152184,0.0015248,629.014,0.0003
24.37,6729000.0,0.0,3859100.0,1274250.0,8.48776e-07,0.00108322,0.00259541,0.00151886,0.00152161,0.00152185,0.00152481,625.646,0.0003
24.375,6728440.0,0.0,3858830.0,1274240.0,8.48741e-07,0.00106152,0.00257379,0.00151878,0.00152153,0.00152177,0.00152473,625.811,0.0003
24.38,6728440.0,0.0,3858830.0,1274240.0,8.48741e-07,0.00106152,0.00257379,0.00151878,0.00152153,0.00152177,0.00152473,627.149,0.0003
24.385,6728660.0,0.0,3858940.0,1274240.0,8.48755e-07,0.00107014,0.00258238,0.00151881,0.00152156,0.0015218,0.00152476,627.149,0.0003
24.39,6728690.0,0.0,3858950.0,1274240.0,8.48757e-07,0.00107121,0.00258344,0.00151882,0.00152157,0.0015218,0.00152476,628.232,0.0003
24.395,6728870.0,0.0,3859040.0,1274250.0,8.48768e-07,0.00107818,0.00259039,0.00151884,0.00152159,0.00152183,0.00152479,627.748,0.0003
24.4,6728870.0,0.0,3859040.0,1274250.0,8.48768e-07,0.00107818,0.00259039,0.00151884,0.00152159,0.00152183,0.00152479,623.832,0.0003
24.405,6728220.0,0.0,3858730.0,1274240.0,8.48727e-07,0.00105296,0.00256526,0.00151875,0.0015215,0.00152174,0.0015247,623.832,0.0003
24.41,6728140.0,0.0,3858690.0,1274240.0,8.48722e-07,0.00104985,0.00256215,0.00151874,0.00152149,0.00152173,0.00152469,627.688,0.0003
24.415,6728780.0,0.0,3859000.0,1274240.0,8.48762e-07,0.00107468,0.0025869,0.00151883,0.00152158,0.00152181,0.00152477,627.678,0.0003
24.42,6728780.0,0.0,3859000.0,1274240.0,8.48762e-07,0.00107468,0.0025869,0.00151883,0.00152158,0.00152181,0.00152477,627.6,0.0003
24.425,6728770.0,0.0,3858990.0,1274240.0,8.48761e-07,0.00107418,0.0025864,0.00151883,0.00152158,0.00152181,0.00152477,627.6,0.0003
24.43,6728770.0,0.0,3858990.0,1274240.0,8.48761e-07,0.00107411,0.00258634,0.00151883,0.00152158,0.00152181,0.00152477,629.01,0.0003
24.435,6729000.0,0.0,3859100.0,1274250.0,8.48776e-07,0.0010832,0.00259539,0.00151886,0.00152161,0.00152185,0.00152481,628.951,0.0003
24.44,6729000.0,0.0,3859100.0,1274250.0,8.48776e-07,0.0010832,0.00259539,0.00151886,0.00152161,0.00152185,0.00152481,628.468,0.0003
24.445,6728920.0,0.0,3859070.0,1274250.0,8.48771e-07,0.00108009,0.00259229,0.00151885,0.0015216,0.00152183,0.00152479,628.468,0.0003
24.45,6728910.0,0.0,3859060.0,1274250.0,8.4877e-07,0.0010797,0.00259191,0.00151885,0.0015216,0.00152183,0.00152479,627.915,0.0003
24.455,6728820.0,0.0,3859020.0,1274250.0,8.48765e-07,0.00107614,0.00258836,0.00151883,0.00152158,0.00152182,0.00152478,627.961,0.0003
24.46,6728820.0,0.0,3859020.0,1274250.0,8.48765e-07,0.00107614,0.00258836,0.00151883,0.00152158,0.00152182,0.00152478,628.327,0.0003
24.465,6728880.0,0.0,3859050.0,1274250.0,8.48768e-07,0.0010785,0.00259071,0.00151884,0.00152159,0.00152183,0.00152479,628.327,0.0003
24.47,6728890.0,0.0,3859050.0,1274250.0,8.48769e-07,0.0010788,0.002591,0.00151884,0.00152159,0.00152183,0.00152479,624.799,0.0003
24.475,6728300.0,0.0,3858770.0,1274240.0,8.48732e-07,0.00105607,0.00256836,0.00151876,0.00152151,0.00152175,0.00152471,625.04,0.0003
24.48,6728300.0,0.0,3858770.0,1274240.0,8.48732e-07,0.00105607,0.00256836,0.00151876,0.00152151,0.00152175,0.00152471,626.988,0.0003
24.485,6728630.0,0.0,3858920.0,1274240.0,8.48752e-07,0.00106862,0.00258086,0.00151881,0.00152156,0.00152179,0.00152475,626.988,0.0003
24.49,6728670.0,0.0,3858940.0,1274240.0,8.48755e-07,0.00107017,0.00258241,0.00151881,0.00152156,0.0015218,0.00152476,624.912,0.0003
24.495,6728320.0,0.0,3858770.0,1274240.0,8.48733e-07,0.0010568,0.00256908,0.00151876,0.00152152,0.00152175,0.00152471,625.096,0.0003
24.5,6728320.0,0.0,3858770.0,1274240.0,8.48733e-07,0.0010568,0.00256908,0.00151876,0.00152152,0.00152175,0.00152471,626.584,0.0003
24.505,6728570.0,0.0,3858890.0,1274240.0,8.48749e-07,0.00106638,0.00257863,0.0015188,0.00152155,0.00152179,0.00152474,626.584,0.0003
24.51,6728600.0,0.0,3858910.0,1274240.0,8.48751e-07,0.00106757,0.00257981,0.0015188,0.00152155,0.00152179,0.00152475,630.189,0.0003
24.515,6729200.0,0.0,3859200.0,1274250.0,8.48788e-07,0.00109079,0.00260295,0.00151888,0.00152164,0.00152187,0.00152483,630.1,0.0003
24.52,6729200.0,0.0,3859200.0,1274250.0,8.48788e-07,0.00109079,0.00260295,0.00151888,0.00152164,0.00152187,0.00152483,629.378,0.0003
24.525,6729080.0,0.0,3859140.0,1274250.0,8.48781e-07,0.00108614,0.00259832,0.00151887,0.00152162,0.00152186,0.00152482,629.378,0.0003
24.53,6729060.0,0.0,3859130.0,1274250.0,8.4878e-07,0.00108556,0.00259775,0.00151887,0.00152162,0.00152185,0.00152481,628.31,0.0003
24.535,6728890.0,0.0,3859050.0,1274250.0,8.48769e-07,0.00107869,0.00259089,0.00151884,0.00152159,0.00152183,0.00152479,627.893,0.0003
24.54,6728890.0,0.0,3859050.0,1274250.0,8.48769e-07,0.00107869,0.00259089,0.00151884,0.00152159,0.00152183,0.00152479,624.517,0.0003
24.545,6728320.0,0.0,3858780.0,1274240.0,8.48734e-07,0.00105694,0.00256922,0.00151876,0.00152152,0.00152175,0.00152471,624.517,0.0003
24.55,6728250.0,0.0,3858740.0,1274240.0,8.48729e-07,0.00105426,0.00256654,0.00151875,0.00152151,0.00152174,0.0015247,631.247,0.0003
24.555,6729380.0,0.0,3859280.0,1274250.0,8.48799e-07,0.0010976,0.00260974,0.00151891,0.00152166,0.0015219,0.00152486,631.137,0.0003
24.56,6729380.0,0.0,3859280.0,1274250.0,8.48799e-07,0.0010976,0.00260974,0.00151891,0.00152166,0.0015219,0.00152486,630.248,0.0003
24.565,6729230.0,0.0,3859210.0,1274250.0,8.4879e-07,0.00109188,0.00260404,0.00151889,0.00152164,0.00152188,0.00152484,630.248,0.0003
24.57,6729210.0,0.0,3859200.0,1274250.0,8.48789e-07,0.00109117,0.00260333,0.00151889,0.00152164,0.00152187,0.00152483,630.787,0.0003
24.575,6729300.0,0.0,3859250.0,1274250.0,8.48794e-07,0.00109464,0.00260679,0.0015189,0.00152165,0.00152189,0.00152485,630.565,0.0003
24.58,6729300.0,0.0,3859250.0,1274250.0,8.48794e-07,0.00109464,0.00260679,0.0015189,0.00152165,0.00152189,0.00152485,628.769,0.0003
24.585,6729000.0,0.0,3859100.0,1274250.0,8.48776e-07,0.00108307,0.00259526,0.00151886,0.00152161,0.00152184,0.0015248,628.769,0.0003
24.59,6728960.0,0.0,3859090.0,1274250.0,8.48773e-07,0.00108164,0.00259384,0.00151885,0.0015216,0.00152184,0.0015248,630.902,0.0003
24.595,6729320.0,0.0,3859260.0,1274250.0,8.48796e-07,0.00109538,0.00260753,0.0015189,0.00152165,0.00152189,0.00152485,630.419,0.0003
24.6,6729320.0,0.0,3859260.0,1274250.0,8.48796e-07,0.00109538,0.00260753,0.0015189,0.00152165,0.00152189,0.00152485,626.509,0.0003
24.605,6728670.0,0.0,3858940.0,1274250.0,8.48755e-07,0.00107019,0.00258243,0.00151881,0.00152156,0.0015218,0.00152476,626.509,0.0003
24.61,6728590.0,0.0,3858900.0,1274240.0,8.4875e-07,0.00106708,0.00257933,0.0015188,0.00152155,0.00152179,0.00152475,627.21,0.0003
24.615,6728700.0,0.0,3858960.0,1274250.0,8.48757e-07,0.0010716,0.00258383,0.00151882,0.00152157,0.0015218,0.00152476,627.173,0.0003
24.62,6728700.0,0.0,3858960.0,1274250.0,8.48757e-07,0.0010716,0.00258383,0.00151882,0.00152157,0.0015218,0.00152476,626.872,0.0003
24.625,6728650.0,0.0,3858940.0,1274250.0,8.48754e-07,0.00106966,0.0025819,0.00151881,0.00152156,0.0015218,0.00152476,626.872,0.0003
24.63,6728650.0,0.0,3858930.0,1274250.0,8.48754e-07,0.00106942,0.00258166,0.00151881,0.00152156,0.0015218,0.00152476,631.763,0.0003
24.635,6729460.0,0.0,3859330.0,1274260.0,8.48805e-07,0.00110092,0.00261305,0.00151892,0.00152167,0.00152191,0.00152487,631.877,0.0003
24.64,6729460.0,0.0,3859330.0,1274260.0,8.48805e-07,0.00110092,0.00261305,0.00151892,0.00152167,0.00152191,0.00152487,632.799,0.0003
24.645,6729620.0,0.0,3859400.0,1274260.0,8.48814e-07,0.00110686,0.00261897,0.00151894,0.00152169,0.00152193,0.00152489,632.799,0.0003
24.65,6729640.0,0.0,3859410.0,1274260.0,8.48815e-07,0.0011076,0.0026197,0.00151894,0.0015217,0.00152193,0.00152489,628.773,0.0003
24.655,6728960.0,0.0,3859090.0,1274250.0,8.48773e-07,0.00108167,0.00259386,0.00151885,0.0015216,0.00152184,0.0015248,628.62,0.0003
24.66,6728960.0,0.0,3859090.0,1274250.0,8.48773e-07,0.00108167,0.00259386,0.00151885,0.0015216,0.00152184,0.0015248,627.382,0.0003
24.665,6728760.0,0.0,3858990.0,1274250.0,8.48761e-07,0.0010737,0.00258592,0.00151882,0.00152158,0.00152181,0.00152477,627.382,0.0003
24.67,6728730.0,0.0,3858970.0,1274250.0,8.48759e-07,0.00107271,0.00258494,0.00151882,0.00152157,0.00152181,0.00152477,627.232,0.0003
24.675,6728710.0,0.0,3858960.0,1274250.0,8.48757e-07,0.00107174,0.00258397,0.00151882,0.00152157,0.0015218,0.00152476,627.517,0.0003
24.68,6728710.0,0.0,3858960.0,1274250.0,8.48757e-07,0.00107174,0.00258397,0.00151882,0.00152157,0.0015218,0.00152476,629.827,0.0003
24.685,6729090.0,0.0,3859150.0,1274250.0,8.48782e-07,0.00108662,0.0025988,0.00151887,0.00152162,0.00152186,0.00152482,629.827,0.0003
24.69,6729140.0,0.0,3859170.0,1274250.0,8.48784e-07,0.00108846,0.00260063,0.00151888,0.00152163,0.00152186,0.00152482,622.524,0.0003
24.695,6727920.0,0.0,3858580.0,1274240.0,8.48708e-07,0.00104142,0.00255376,0.00151871,0.00152146,0.0015217,0.00152465,623.229,0.0003
24.7,6727920.0,0.0,3858580.0,1274240.0,8.48708e-07,0.00104142,0.00255376,0.00151871,0.00152146,0.0015217,0.00152465,628.93,0.0003
24.705,6728870.0,0.0,3859040.0,1274250.0,8.48768e-07,0.00107814,0.00259035,0.00151884,0.00152159,0.00152183,0.00152479,628.93,0.0003
24.71,6728990.0,0.0,3859100.0,1274250.0,8.48775e-07,0.00108268,0.00259487,0.00151886,0.00152161,0.00152184,0.0015248,630.684,0.0003
24.715,6729280.0,0.0,3859240.0,1274250.0,8.48793e-07,0.00109397,0.00260613,0.0015189,0.00152165,0.00152188,0.00152484,630.07,0.0003
24.72,6729280.0,0.0,3859240.0,1274250.0,8.48793e-07,0.00109397,0.00260613,0.0015189,0.00152165,0.00152188,0.00152484,625.101,0.0003
24.725,6728450.0,0.0,3858840.0,1274240.0,8.48742e-07,0.00106197,0.00257424,0.00151878,0.00152153,0.00152177,0.00152473,625.101,0.0003
24.73,6728350.0,0.0,3858790.0,1274240.0,8.48735e-07,0.00105802,0.0025703,0.00151877,0.00152152,0.00152176,0.00152471,624.703,0.0003
24.735,6728280.0,0.0,3858760.0,1274240.0,8.48731e-07,0.00105545,0.00256774,0.00151876,0.00152151,0.00152175,0.00152471,625.17,0.0003
24.74,6728280.0,0.0,3858760.0,1274240.0,8.48731e-07,0.00105545,0.00256774,0.00151876,0.00152151,0.00152175,0.00152471,628.95,0.0003
24.745,6728920.0,0.0,3859060.0,1274250.0,8.4877e-07,0.0010798,0.002592,0.00151884,0.0015216,0.00152183,0.00152479,628.95,0.0003
24.75,6728990.0,0.0,3859100.0,1274250.0,8.48775e-07,0.00108281,0.002595,0.00151886,0.00152161,0.00152184,0.0015248,628.66,0.0003
24.755,6728940.0,0.0,3859080.0,1274250.0,8.48772e-07,0.00108094,0.00259314,0.00151885,0.0015216,0.00152184,0.0015248,628.79,0.0003
24.76,6728940.0,0.0,3859080.0,1274250.0,8.48772e-07,0.00108094,0.00259314,0.00151885,0.0015216,0.00152184,0.0015248,629.846,0.0003
24.765,6729120.0,0.0,3859160.0,1274250.0,8.48783e-07,0.00108774,0.00259991,0.00151887,0.00152163,0.00152186,0.00152482,629.846,0.0003
24.77,6729140.0,0.0,3859170.0,1274250.0,8.48785e-07,0.00108858,0.00260075,0.00151888,0.00152163,0.00152186,0.00152482,628.216,0.0003
24.775,6728870.0,0.0,3859040.0,1274250.0,8.48768e-07,0.00107808,0.00259029,0.00151884,0.00152159,0.00152183,0.00152479,628.082,0.0003
24.78,6728870.0,0.0,3859040.0,1274250.0,8.48768e-07,0.00107808,0.00259029,0.00151884,0.00152159,0.00152183,0.00152479,627.004,0.0003
24.785,6728690.0,0.0,3858960.0,1274250.0,8.48756e-07,0.00107113,0.00258336,0.00151881,0.00152157,0.0015218,0.00152476,627.004,0.0003
24.79,6728670.0,0.0,3858940.0,1274250.0,8.48755e-07,0.00107027,0.00258251,0.00151881,0.00152156,0.0015218,0.00152476,624.889,0.0003
24.795,6728310.0,0.0,3858770.0,1274240.0,8.48733e-07,0.00105665,0.00256893,0.00151876,0.00152151,0.00152175,0.00152471,625.618,0.0003
24.8,6728310.0,0.0,3858770.0,1274240.0,8.48733e-07,0.00105665,0.00256893,0.00151876,0.00152151,0.00152175,0.00152471,631.522,0.0003
24.805,6729300.0,0.0,3859250.0,1274260.0,8.48795e-07,0.00109468,0.00260683,0.0015189,0.00152165,0.00152189,0.00152485,631.522,0.0003
24.81,6729420.0,0.0,3859310.0,1274260.0,8.48802e-07,0.00109938,0.00261151,0.00151891,0.00152167,0.0015219,0.00152486,628.631,0.0003
24.815,6728940.0,0.0,3859080.0,1274250.0,8.48772e-07,0.00108075,0.00259295,0.00151885,0.0015216,0.00152184,0.0015248,629.057,0.0003
24.82,6728940.0,0.0,3859080.0,1274250.0,8.48772e-07,0.00108075,0.00259295,0.00151885,0.0015216,0.00152184,0.0015248,632.504,0.0003
24.825,6729520.0,0.0,3859350.0,1274260.0,8.48808e-07,0.00110295,0.00261508,0.00151893,0.00152168,0.00152192,0.00152488,632.504,0.0003
24.83,6729590.0,0.0,3859390.0,1274260.0,8.48812e-07,0.0011057,0.00261781,0.00151894,0.00152169,0.00152192,0.00152489,625.111,0.0003
24.835,6728350.0,0.0,3858790.0,1274240.0,8.48735e-07,0.00105808,0.00257036,0.00151877,0.00152152,0.00152176,0.00152471,625.862,0.0003
24.84,6728350.0,0.0,3858790.0,1274240.0,8.48735e-07,0.00105808,0.00257036,0.00151877,0.00152152,0.00152176,0.00152471,631.94,0.0003
24.845,6729370.0,0.0,3859280.0,1274260.0,8.48799e-07,0.00109723,0.00260937,0.00151891,0.00152166,0.00152189,0.00152486,631.94,0.0003
24.85,6729490.0,0.0,3859340.0,1274260.0,8.48806e-07,0.00110207,0.00261419,0.00151892,0.00152168,0.00152191,0.00152487,627.949,0.0003
24.855,6728830.0,0.0,3859020.0,1274250.0,8.48765e-07,0.00107636,0.00258857,0.00151883,0.00152158,0.00152182,0.00152478,627.908,0.0003
24.86,6728830.0,0.0,3859020.0,1274250.0,8.48765e-07,0.00107636,0.00258857,0.00151883,0.00152158,0.00152182,0.00152478,627.577,0.0003
24.865,6728770.0,0.0,3858990.0,1274250.0,8.48761e-07,0.00107423,0.00258645,0.00151883,0.00152158,0.00152181,0.00152477,627.577,0.0003
24.87,6728760.0,0.0,3858990.0,1274250.0,8.48761e-07,0.00107397,0.00258619,0.00151882,0.00152158,0.00152181,0.00152477,629.353,0.0003
24.875,6729060.0,0.0,3859130.0,1274250.0,8.4878e-07,0.00108541,0.00259759,0.00151886,0.00152162,0.00152185,0.00152481,629.057,0.0003
24.88,6729060.0,0.0,3859130.0,1274250.0,8.4878e-07,0.00108541,0.00259759,0.00151886,0.00152162,0.00152185,0.00152481,626.654,0.0003
24.885,6728660.0,0.0,3858940.0,1274250.0,8.48755e-07,0.00106993,0.00258217,0.00151881,0.00152156,0.0015218,0.00152476,626.654,0.0003
24.89,6728610.0,0.0,3858920.0,1274250.0,8.48751e-07,0.00106802,0.00258026,0.0015188,0.00152156,0.00152179,0.00152475,626.252,0.0003
24.895,6728540.0,0.0,3858890.0,1274250.0,8.48747e-07,0.00106543,0.00257768,0.00151879,0.00152155,0.00152178,0.00152474,626.167,0.0003
24.9,6728540.0,0.0,3858890.0,1274250.0,8.48747e-07,0.00106543,0.00257768,0.00151879,0.00152155,0.00152178,0.00152474,625.48,0.0003
24.905,6728430.0,0.0,3858830.0,1274250.0,8.4874e-07,0.001061,0.00257327,0.00151878,0.00152153,0.00152177,0.00152472,625.48,0.0003
24.91,6728410.0,0.0,3858820.0,1274250.0,8.48739e-07,0.00106046,0.00257273,0.00151878,0.00152153,0.00152176,0.00152472,629.097,0.0003
24.915,6729020.0,0.0,3859110.0,1274250.0,8.48777e-07,0.00108375,0.00259594,0.00151886,0.00152161,0.00152185,0.00152481,629.088,0.0003
24.92,6729020.0,0.0,3859110.0,1274250.0,8.48777e-07,0.00108375,0.00259594,0.00151886,0.00152161,0.00152185,0.00152481,629.023,0.0003
24.925,6729010.0,0.0,3859110.0,1274250.0,8.48776e-07,0.00108333,0.00259552,0.00151886,0.00152161,0.00152185,0.00152481,629.023,0.0003
24.93,6729010.0,0.0,3859110.0,1274250.0,8.48776e-07,0.00108328,0.00259547,0.00151886,0.00152161,0.00152184,0.0015248,626.959,0.0003
24.935,6728660.0,0.0,3858940.0,1274250.0,8.48755e-07,0.00106998,0.00258222,0.00151881,0.00152156,0.0015218,0.00152476,627.009,0.0003
24.94,6728660.0,0.0,3858940.0,1274250.0,8.48755e-07,0.00106998,0.00258222,0.00151881,0.00152156,0.0015218,0.00152476,627.417,0.0003
24.945,6728730.0,0.0,3858970.0,1274250.0,8.48759e-07,0.00107261,0.00258484,0.00151882,0.00152157,0.00152181,0.00152477,627.417,0.0003
24.95,6728740.0,0.0,3858980.0,1274250.0,8.48759e-07,0.00107294,0.00258516,0.00151882,0.00152157,0.00152181,0.00152477,629.746,0.0003
24.955,6729130.0,0.0,3859170.0,1274260.0,8.48784e-07,0.00108794,0.00260011,0.00151887,0.00152163,0.00152186,0.00152482,629.824,0.0003
24.96,6729130.0,0.0,3859170.0,1274260.0,8.48784e-07,0.00108794,0.00260011,0.00151887,0.00152163,0.00152186,0.00152482,630.454,0.0003
24.965,6729230.0,0.0,3859220.0,1274260.0,8.4879e-07,0.00109199,0.00260415,0.00151889,0.00152164,0.00152188,0.00152484,630.454,0.0003
24.97,6729240.0,0.0,3859220.0,1274260.0,8.48791e-07,0.00109249,0.00260465,0.00151889,0.00152164,0.00152188,0.00152484,625.953,0.0003
24.975,6728490.0,0.0,3858860.0,1274250.0,8.48744e-07,0.0010635,0.00257576,0.00151879,0.00152154,0.00152177,0.00152473,626.358,0.0003
24.98,6728490.0,0.0,3858860.0,1274250.0,8.48744e-07,0.0010635,0.00257576,0.00151879,0.00152154,0.00152177,0.00152473,629.644,0.0003
24.985,6729040.0,0.0,3859130.0,1274250.0,8.48778e-07,0.00108466,0.00259685,0.00151886,0.00152161,0.00152185,0.00152481,629.644,0.0003
24.99,6729110.0,0.0,3859160.0,1274260.0,8.48783e-07,0.00108728,0.00259945,0.00151887,0.00152162,0.00152186,0.00152482,627.589,0.0003
24.995,6728770.0,0.0,3858990.0,1274250.0,8.48761e-07,0.00107404,0.00258626,0.00151882,0.00152158,0.00152181,0.00152477,627.721,0.0003
25.0,6728770.0,0.0,3858990.0,1274250.0,8.48761e-07,0.00107404,0.00258626,0.00151882,0.00152158,0.00152181,0.00152477,628.787,0.0003
25.005,6728940.0,0.0,3859080.0,1274250.0,8.48772e-07,0.00108091,0.00259311,0.00151885,0.0015216,0.00152184,0.0015248,628.787,0.0003
25.01,6728970.0,0.0,3859090.0,1274250.0,8.48774e-07,0.00108176,0.00259395,0.00151885,0.0015216,0.00152184,0.0015248,625.89,0.0003
25.015,6728480.0,0.0,3858860.0,1274250.0,8.48743e-07,0.0010631,0.00257536,0.00151879,0.00152154,0.00152177,0.00152473,626.179,0.0003
25.02,6728480.0,0.0,3858860.0,1274250.0,8.48743e-07,0.0010631,0.00257536,0.00151879,0.00152154,0.00152177,0.00152473,628.52,0.0003
25.025,6728870.0,0.0,3859040.0,1274250.0,8.48768e-07,0.00107818,0.00259038,0.00151884,0.00152159,0.00152183,0.00152479,628.52,0.0003
25.03,6728920.0,0.0,3859070.0,1274250.0,8.48771e-07,0.00108004,0.00259224,0.00151885,0.0015216,0.00152183,0.00152479,628.343,0.0003
25.035,6728890.0,0.0,3859050.0,1274250.0,8.48769e-07,0.0010789,0.0025911,0.00151884,0.00152159,0.00152183,0.00152479,628.284,0.0003
25.04,6728890.0,0.0,3859050.0,1274250.0,8.48769e-07,0.0010789,0.0025911,0.00151884,0.00152159,0.00152183,0.00152479,627.811,0.0003
25.045,6728810.0,0.0,3859020.0,1274250.0,8.48764e-07,0.00107585,0.00258807,0.00151883,0.00152158,0.00152182,0.00152478,627.811,0.0003
25.05,6728800.0,0.0,3859010.0,1274250.0,8.48763e-07,0.00107547,0.00258769,0.00151883,0.00152158,0.00152182,0.00152478,624.165,0.0003
25.055,6728190.0,0.0,3858720.0,1274240.0,8.48726e-07,0.00105199,0.00256429,0.00151875,0.0015215,0.00152173,0.00152469,624.295,0.0003
25.06,6728190.0,0.0,3858720.0,1274250.0,8.48726e-07,0.00105199,0.00256429,0.00151875,0.0015215,0.00152173,0.00152469,625.347,0.0003
25.065,6728370.0,0.0,3858800.0,1274250.0,8.48736e-07,0.00105876,0.00257104,0.00151877,0.00152152,0.00152176,0.00152472,625.347,0.0003
25.07,6728390.0,0.0,3858810.0,1274250.0,8.48738e-07,0.0010596,0.00257187,0.00151877,0.00152152,0.00152176,0.00152472,631.157,0.0003
25.075,6729360.0,0.0,3859280.0,1274260.0,8.48798e-07,0.00109702,0.00260917,0.00151891,0.00152166,0.00152189,0.00152485,630.863,0.0003
25.08,6729360.0,0.0,3859280.0,1274260.0,8.48798e-07,0.00109702,0.00260917,0.00151891,0.00152166,0.00152189,0.00152485,628.486,0.0003
25.085,6728960.0,0.0,3859090.0,1274250.0,8.48774e-07,0.00108171,0.00259391,0.00151885,0.0015216,0.00152184,0.0015248,628.486,0.0003
25.09,6728920.0,0.0,3859070.0,1274250.0,8.48771e-07,0.00107982,0.00259202,0.00151884,0.0015216,0.00152183,0.00152479,628.654,0.0003
25.095,6728940.0,0.0,3859080.0,1274250.0,8.48772e-07,0.0010809,0.0025931,0.00151885,0.0015216,0.00152184,0.0015248,628.755,0.0003
25.1,6728940.0,0.0,3859080.0,1274250.0,8.48772e-07,0.0010809,0.0025931,0.00151885,0.0015216,0.00152184,0.0015248,629.574,0.0003
25.105,6729080.0,0.0,3859150.0,1274260.0,8.48781e-07,0.00108617,0.00259835,0.00151887,0.00152162,0.00152185,0.00152481,629.574,0.0003
25.11,6729100.0,0.0,3859150.0,1274260.0,8.48782e-07,0.00108682,0.002599,0.00151887,0.00152162,0.00152186,0.00152482,628.264,0.0003
25.115,6728880.0,0.0,3859050.0,1274250.0,8.48768e-07,0.00107839,0.00259059,0.00151884,0.00152159,0.00152183,0.00152479,628.153,0.0003
25.12,6728880.0,0.0,3859050.0,1274250.0,8.48768e-07,0.00107839,0.00259059,0.00151884,0.00152159,0.00152183,0.00152479,627.257,0.0003
25.125,6728730.0,0.0,3858980.0,1274250.0,8.48759e-07,0.00107262,0.00258484,0.00151882,0.00152157,0.00152181,0.00152477,627.257,0.0003
25.13,6728710.0,0.0,3858970.0,1274250.0,8.48758e-07,0.00107191,0.00258413,0.00151882,0.00152157,0.0015218,0.00152476,628.462,0.0003
25.135,6728910.0,0.0,3859060.0,1274250.0,8.4877e-07,0.00107966,0.00259187,0.00151884,0.0015216,0.00152183,0.00152479,628.202,0.0003
25.14,6728910.0,0.0,3859060.0,1274250.0,8.4877e-07,0.00107966,0.00259187,0.00151884,0.0015216,0.00152183,0.00152479,626.1,0.0003
25.145,6728560.0,0.0,3858900.0,1274250.0,8.48748e-07,0.00106612,0.00257837,0.0015188,0.00152155,0.00152178,0.00152474,626.1,0.0003
25.15,6728520.0,0.0,3858870.0,1274250.0,8.48746e-07,0.00106445,0.0025767,0.00151879,0.00152154,0.00152178,0.00152474,627.664,0.0003
25.155,6728780.0,0.0,3859000.0,1274250.0,8.48762e-07,0.00107453,0.00258675,0.00151883,0.00152158,0.00152181,0.00152477,627.453,0.0003
25.16,6728780.0,0.0,3859000.0,1274250.0,8.48762e-07,0.00107453,0.00258675,0.00151883,0.00152158,0.00152181,0.00152477,625.739,0.0003
25.165,6728490.0,0.0,3858860.0,1274250.0,8.48744e-07,0.00106349,0.00257575,0.00151879,0.00152154,0.00152177,0.00152473,625.739,0.0003
25.17,6728460.0,0.0,3858850.0,1274250.0,8.48742e-07,0.00106213,0.00257439,0.00151878,0.00152153,0.00152177,0.00152473,629.823,0.0003
25.175,6729140.0,0.0,3859170.0,1274260.0,8.48784e-07,0.00108843,0.0026006,0.00151887,0.00152163,0.00152186,0.00152482,630.094,0.0003
25.18,6729140.0,0.0,3859170.0,1274260.0,8.48784e-07,0.00108843,0.0026006,0.00151887,0.00152163,0.00152186,0.00152482,632.289,0.0003
25.185,6729510.0,0.0,3859350.0,1274260.0,8.48807e-07,0.00110257,0.00261469,0.00151893,0.00152168,0.00152191,0.00152487,632.289,0.0003
25.19,6729550.0,0.0,3859370.0,1274260.0,8.4881e-07,0.00110431,0.00261643,0.00151893,0.00152168,0.00152192,0.00152488,630.998,0.0003
25.195,6729340.0,0.0,3859270.0,1274260.0,8.48797e-07,0.001096,0.00260814,0.0015189,0.00152165,0.00152189,0.00152485,630.795,0.0003
25.2,6729340.0,0.0,3859270.0,1274260.0,8.48797e-07,0.001096,0.00260814,0.0015189,0.00152165,0.00152189,0.00152485,629.153,0.0003
25.205,6729060.0,0.0,3859140.0,1274260.0,8.4878e-07,0.00108542,0.0025976,0.00151886,0.00152162,0.00152185,0.00152481,629.153,0.0003
25.21,6729030.0,0.0,3859120.0,1274260.0,8.48777e-07,0.00108411,0.0025963,0.00151886,0.00152161,0.00152185,0.00152481,625.869,0.0003
25.215,6728480.0,0.0,3858860.0,1274250.0,8.48743e-07,0.00106296,0.00257522,0.00151878,0.00152154,0.00152177,0.00152473,626.517,0.0003
25.22,6728480.0,0.0,3858860.0,1274250.0,8.48743e-07,0.00106296,0.00257522,0.00151878,0.00152154,0.00152177,0.00152473,631.77,0.0003
25.225,6729360.0,0.0,3859280.0,1274260.0,8.48798e-07,0.00109679,0.00260894,0.0015189,0.00152166,0.00152189,0.00152485,631.77,0.0003
25.23,6729460.0,0.0,3859330.0,1274260.0,8.48805e-07,0.00110097,0.0026131,0.00151892,0.00152167,0.00152191,0.00152487,628.119,0.0003
25.235,6728850.0,0.0,3859040.0,1274260.0,8.48767e-07,0.00107746,0.00258967,0.00151884,0.00152159,0.00152182,0.00152478,628.057,0.0003
25.24,6728850.0,0.0,3859040.0,1274260.0,8.48767e-07,0.00107746,0.00258967,0.00151884,0.00152159,0.00152182,0.00152478,627.551,0.0003
25.245,6728770.0,0.0,3859000.0,1274250.0,8.48761e-07,0.0010742,0.00258642,0.00151882,0.00152158,0.00152181,0.00152477,627.551,0.0003
25.25,6728760.0,0.0,3858990.0,1274250.0,8.48761e-07,0.0010738,0.00258602,0.00151882,0.00152158,0.00152181,0.00152477,626.008,0.0003
25.255,6728500.0,0.0,3858870.0,1274250.0,8.48745e-07,0.00106386,0.00257612,0.00151879,0.00152154,0.00152178,0.00152473,626.445,0.0003
25.26,6728500.0,0.0,3858870.0,1274250.0,8.48745e-07,0.00106386,0.00257612,0.00151879,0.00152154,0.00152178,0.00152473,629.984,0.0003
25.265,6729090.0,0.0,3859150.0,1274260.0,8.48782e-07,0.00108665,0.00259883,0.00151887,0.00152162,0.00152186,0.00152482,629.984,0.0003
25.27,6729170.0,0.0,3859190.0,1274260.0,8.48786e-07,0.00108947,0.00260164,0.00151888,0.00152163,0.00152187,0.00152483,623.877,0.0003
25.275,6728150.0,0.0,3858700.0,1274250.0,8.48723e-07,0.00105014,0.00256244,0.00151874,0.00152149,0.00152173,0.00152469,624.528,0.0003
25.28,6728150.0,0.0,3858700.0,1274250.0,8.48723e-07,0.00105014,0.00256244,0.00151874,0.00152149,0.00152173,0.00152469,629.794,0.0003
25.285,6729030.0,0.0,3859120.0,1274260.0,8.48777e-07,0.00108406,0.00259624,0.00151886,0.00152161,0.00152185,0.00152481,629.794,0.0003
25.29,6729130.0,0.0,3859170.0,1274260.0,8.48784e-07,0.00108825,0.00260042,0.00151887,0.00152163,0.00152186,0.00152482,625.686,0.0003
25.295,6728450.0,0.0,3858840.0,1274250.0,8.48741e-07,0.00106179,0.00257405,0.00151878,0.00152153,0.00152177,0.00152473,626.183,0.0003
25.3,6728450.0,0.0,3858840.0,1274250.0,8.48741e-07,0.00106179,0.00257405,0.00151878,0.00152153,0.00152177,0.00152473,630.207,0.0003
25.305,6729120.0,0.0,3859170.0,1274260.0,8.48783e-07,0.0010877,0.00259988,0.00151887,0.00152162,0.00152186,0.00152482,630.207,0.0003
25.31,6729200.0,0.0,3859210.0,1274260.0,8.48788e-07,0.00109091,0.00260307,0.00151888,0.00152164,0.00152187,0.00152483,629.063,0.0003
25.315,6729010.0,0.0,3859110.0,1274260.0,8.48777e-07,0.00108354,0.00259573,0.00151886,0.00152161,0.00152185,0.00152481,628.998,0.0003
25.32,6729010.0,0.0,3859110.0,1274260.0,8.48777e-07,0.00108354,0.00259573,0.00151886,0.00152161,0.00152185,0.00152481,628.474,0.0003
25.325,6728920.0,0.0,3859070.0,1274260.0,8.48771e-07,0.00108016,0.00259236,0.00151885,0.0015216,0.00152183,0.00152479,628.474,0.0003
25.33,6728910.0,0.0,3859070.0,1274260.0,8.4877e-07,0.00107974,0.00259194,0.00151884,0.0015216,0.00152183,0.00152479,626.878,0.0003
25.335,6728650.0,0.0,3858940.0,1274250.0,8.48754e-07,0.00106947,0.0025817,0.00151881,0.00152156,0.00152179,0.00152475,627.162,0.0003
25.34,6728650.0,0.0,3858940.0,1274250.0,8.48754e-07,0.00106947,0.0025817,0.00151881,0.00152156,0.00152179,0.00152475,629.457,0.0003
25.345,6729030.0,0.0,3859120.0,1274260.0,8.48778e-07,0.00108425,0.00259643,0.00151886,0.00152161,0.00152185,0.00152481,629.457,0.0003
25.35,6729080.0,0.0,3859150.0,1274260.0,8.48781e-07,0.00108607,0.00259825,0.00151887,0.00152162,0.00152185,0.00152481,630.309,0.0003
25.355,6729220.0,0.0,3859210.0,1274260.0,8.48789e-07,0.00109156,0.00260372,0.00151889,0.00152164,0.00152187,0.00152483,630.402,0.0003
25.36,6729220.0,0.0,3859210.0,1274260.0,8.48789e-07,0.00109156,0.00260372,0.00151889,0.00152164,0.00152187,0.00152483,631.149,0.0003
25.365,6729350.0,0.0,3859270.0,1274260.0,8.48797e-07,0.00109638,0.00260852,0.0015189,0.00152166,0.00152189,0.00152485,631.149,0.0003
25.37,6729360.0,0.0,3859280.0,1274260.0,8.48798e-07,0.00109697,0.00260912,0.0015189,0.00152166,0.00152189,0.00152485,630.343,0.0003
25.375,6729230.0,0.0,3859220.0,1274260.0,8.4879e-07,0.00109178,0.00260394,0.00151889,0.00152164,0.00152187,0.00152483,630.104,0.0003
25.38,6729230.0,0.0,3859220.0,1274260.0,8.4879e-07,0.00109178,0.00260394,0.00151889,0.00152164,0.00152187,0.00152483,628.167,0.0003
25.385,6728900.0,0.0,3859060.0,1274260.0,8.4877e-07,0.00107931,0.00259151,0.00151884,0.00152159,0.00152183,0.00152479,628.167,0.0003
25.39,6728860.0,0.0,3859040.0,1274260.0,8.48767e-07,0.00107777,0.00258998,0.00151884,0.00152159,0.00152182,0.00152478,630.38,0.0003
25.395,6729230.0,0.0,3859220.0,1274260.0,8.4879e-07,0.00109202,0.00260418,0.00151889,0.00152164,0.00152188,0.00152484,630.473,0.0003
25.4,6729230.0,0.0,3859220.0,1274260.0,8.4879e-07,0.00109202,0.00260418,0.00151889,0.00152164,0.00152188,0.00152484,631.22,0.0003
25.405,6729360.0,0.0,3859280.0,1274260.0,8.48798e-07,0.00109683,0.00260898,0.0015189,0.00152166,0.00152189,0.00152485,631.22,0.0003
25.41,6729370.0,0.0,3859290.0,1274260.0,8.48799e-07,0.00109743,0.00260957,0.00151891,0.00152166,0.00152189,0.00152485,629.846,0.0003
25.415,6729140.0,0.0,3859180.0,1274260.0,8.48785e-07,0.00108858,0.00260075,0.00151888,0.00152163,0.00152186,0.00152482,629.566,0.0003
25.42,6729140.0,0.0,3859180.0,1274260.0,8.48785e-07,0.00108858,0.00260075,0.00151888,0.00152163,0.00152186,0.00152482,627.3,0.0003
25.425,6728760.0,0.0,3858990.0,1274260.0,8.48761e-07,0.00107398,0.0025862,0.00151882,0.00152158,0.00152181,0.00152477,627.3,0.0003
25.43,6728720.0,0.0,3858970.0,1274260.0,8.48758e-07,0.00107218,0.00258441,0.00151882,0.00152157,0.0015218,0.00152476,624.872,0.0003
25.435,6728310.0,0.0,3858780.0,1274250.0,8.48733e-07,0.00105654,0.00256882,0.00151876,0.00152151,0.00152175,0.00152471,625.365,0.0003
25.44,6728310.0,0.0,3858780.0,1274250.0,8.48733e-07,0.00105654,0.00256882,0.00151876,0.00152151,0.00152175,0.00152471,629.354,0.0003
25.445,6728980.0,0.0,3859100.0,1274260.0,8.48774e-07,0.00108224,0.00259443,0.00151885,0.0015216,0.00152184,0.0015248,629.354,0.0003
25.45,6729060.0,0.0,3859140.0,1274260.0,8.4878e-07,0.00108541,0.00259759,0.00151886,0.00152162,0.00152185,0.00152481,629.007,0.0003
25.455,6729000.0,0.0,3859110.0,1274260.0,8.48776e-07,0.00108317,0.00259536,0.00151886,0.00152161,0.00152184,0.0015248,629.001,0.0003
25.46,6729000.0,0.0,3859110.0,1274260.0,8.48776e-07,0.00108317,0.00259536,0.00151886,0.00152161,0.00152184,0.0015248,628.956,0.0003
25.465,6729000.0,0.0,3859110.0,1274260.0,8.48775e-07,0.00108288,0.00259507,0.00151885,0.00152161,0.00152184,0.0015248,628.956,0.0003
25.47,6728990.0,0.0,3859110.0,1274260.0,8.48775e-07,0.00108285,0.00259504,0.00151885,0.00152161,0.00152184,0.0015248,629.462,0.0003
25.475,6729080.0,0.0,3859150.0,1274260.0,8.48781e-07,0.00108611,0.00259829,0.00151887,0.00152162,0.00152185,0.00152481,629.682,0.0003
25.48,6729080.0,0.0,3859150.0,1274260.0,8.48781e-07,0.00108611,0.00259829,0.00151887,0.00152162,0.00152185,0.00152481,631.467,0.0003
25.485,6729380.0,0.0,3859290.0,1274260.0,8.48799e-07,0.0010976,0.00260974,0.00151891,0.00152166,0.0015219,0.00152486,631.467,0.0003
25.49,6729410.0,0.0,3859310.0,1274260.0,8.48802e-07,0.00109902,0.00261115,0.00151891,0.00152166,0.0015219,0.00152486,628.821,0.0003
25.495,6728970.0,0.0,3859100.0,1274260.0,8.48774e-07,0.00108198,0.00259417,0.00151885,0.0015216,0.00152184,0.0015248,628.348,0.0003
25.5,6728970.0,0.0,3859100.0,1274260.0,8.48774e-07,0.00108198,0.00259417,0.00151885,0.0015216,0.00152184,0.0015248,624.513,0.0003
25.505,6728330.0,0.0,3858790.0,1274250.0,8.48734e-07,0.00105728,0.00256956,0.00151876,0.00152152,0.00152175,0.00152471,624.513,0.0003
25.51,6728250.0,0.0,3858750.0,1274250.0,8.48729e-07,0.00105423,0.00256652,0.00151875,0.0015215,0.00152174,0.0015247,629.319,0.0003
25.515,6729050.0,0.0,3859140.0,1274260.0,8.48779e-07,0.00108518,0.00259737,0.00151886,0.00152162,0.00152185,0.00152481,629.112,0.0003
25.52,6729050.0,0.0,3859140.0,1274260.0,8.48779e-07,0.00108518,0.00259737,0.00151886,0.00152162,0.00152185,0.00152481,627.438,0.0003
25.525,6728780.0,0.0,3859000.0,1274260.0,8.48762e-07,0.0010744,0.00258662,0.00151882,0.00152158,0.00152181,0.00152477,627.438,0.0003
25.53,6728740.0,0.0,3858980.0,1274260.0,8.4876e-07,0.00107307,0.00258529,0.00151882,0.00152157,0.00152181,0.00152477,628.736,0.0003
25.535,6728960.0,0.0,3859090.0,1274260.0,8.48773e-07,0.00108143,0.00259362,0.00151885,0.0015216,0.00152184,0.0015248,628.469,0.0003
25.54,6728960.0,0.0,3859090.0,1274260.0,8.48773e-07,0.00108143,0.00259362,0.00151885,0.0015216,0.00152184,0.0015248,626.307,0.0003
25.545,6728600.0,0.0,3858910.0,1274260.0,8.48751e-07,0.0010675,0.00257975,0.0015188,0.00152155,0.00152179,0.00152475,626.307,0.0003
25.55,6728550.0,0.0,3858890.0,1274260.0,8.48748e-07,0.00106578,0.00257803,0.00151879,0.00152155,0.00152178,0.00152474,627.503,0.0003
25.555,6728750.0,0.0,3858990.0,1274260.0,8.4876e-07,0.00107349,0.00258571,0.00151882,0.00152157,0.00152181,0.00152477,627.662,0.0003
25.56,6728750.0,0.0,3858990.0,1274260.0,8.4876e-07,0.00107349,0.00258571,0.00151882,0.00152157,0.00152181,0.00152477,628.943,0.0003
25.565,6728970.0,0.0,3859090.0,1274260.0,8.48774e-07,0.00108174,0.00259394,0.00151885,0.0015216,0.00152184,0.0015248,628.943,0.0003
25.57,6728990.0,0.0,3859110.0,1274260.0,8.48775e-07,0.00108276,0.00259495,0.00151885,0.00152161,0.00152184,0.0015248,629.3,0.0003
25.575,6729050.0,0.0,3859130.0,1274260.0,8.48779e-07,0.00108506,0.00259724,0.00151886,0.00152161,0.00152185,0.00152481,629.215,0.0003
25.58,6729050.0,0.0,3859130.0,1274260.0,8.48779e-07,0.00108506,0.00259724,0.00151886,0.00152161,0.00152185,0.00152481,628.525,0.0003
25.585,6728940.0,0.0,3859080.0,1274260.0,8.48772e-07,0.00108062,0.00259282,0.00151885,0.0015216,0.00152183,0.00152479,628.525,0.0003
25.59,6728920.0,0.0,3859070.0,1274260.0,8.48771e-07,0.00108007,0.00259227,0.00151884,0.0015216,0.00152183,0.00152479,627.621,0.0003
25.595,6728770.0,0.0,3859000.0,1274260.0,8.48762e-07,0.00107425,0.00258647,0.00151882,0.00152158,0.00152181,0.00152477,627.67,0.0003
25.6,6728770.0,0.0,3859000.0,1274260.0,8.48762e-07,0.00107425,0.00258647,0.00151882,0.00152158,0.00152181,0.00152477,628.066,0.0003
25.605,6728840.0,0.0,3859030.0,1274260.0,8.48766e-07,0.0010768,0.00258901,0.00151883,0.00152159,0.00152182,0.00152478,628.066,0.0003
25.61,6728850.0,0.0,3859040.0,1274260.0,8.48766e-07,0.00107712,0.00258933,0.00151883,0.00152159,0.00152182,0.00152478,633.022,0.0003
25.615,6729670.0,0.0,3859430.0,1274270.0,8.48818e-07,0.00110903,0.00262114,0.00151895,0.0015217,0.00152194,0.0015249,632.1,0.0003
25.62,6729670.0,0.0,3859430.0,1274270.0,8.48818e-07,0.00110903,0.00262114,0.00151895,0.0015217,0.00152194,0.0015249,624.635,0.0003
25.625,6728430.0,0.0,3858830.0,1274250.0,8.4874e-07,0.00106096,0.00257322,0.00151878,0.00152153,0.00152176,0.00152472,624.635,0.0003
25.63,6728270.0,0.0,3858760.0,1274250.0,8.4873e-07,0.00105502,0.0025673,0.00151876,0.00152151,0.00152174,0.0015247,630.299,0.0003
25.635,6729220.0,0.0,3859210.0,1274260.0,8.48789e-07,0.0010915,0.00260366,0.00151889,0.00152164,0.00152187,0.00152483,630.067,0.0003
25.64,6729220.0,0.0,3859210.0,1274260.0,8.48789e-07,0.0010915,0.00260366,0.00151889,0.00152164,0.00152187,0.00152483,628.187,0.0003
25.645,6728900.0,0.0,3859060.0,1274260.0,8.4877e-07,0.00107939,0.00259159,0.00151884,0.00152159,0.00152183,0.00152479,628.187,0.0003
25.65,6728870.0,0.0,3859050.0,1274260.0,8.48767e-07,0.00107789,0.0025901,0.00151884,0.00152159,0.00152182,0.00152478,628.928,0.0003
25.655,6728990.0,0.0,3859100.0,1274260.0,8.48775e-07,0.00108267,0.00259486,0.00151885,0.00152161,0.00152184,0.0015248,628.858,0.0003
25.66,6728990.0,0.0,3859100.0,1274260.0,8.48775e-07,0.00108267,0.00259486,0.00151885,0.00152161,0.00152184,0.0015248,628.292,0.0003
25.665,6728890.0,0.0,3859060.0,1274260.0,8.48769e-07,0.00107902,0.00259123,0.00151884,0.00152159,0.00152183,0.00152479,628.292,0.0003
25.67,6728880.0,0.0,3859050.0,1274260.0,8.48768e-07,0.00107857,0.00259078,0.00151884,0.00152159,0.00152183,0.00152479,631.518,0.0003
25.675,6729420.0,0.0,3859310.0,1274270.0,8.48802e-07,0.00109935,0.00261148,0.00151891,0.00152167,0.0015219,0.00152486,631.239,0.0003
25.68,6729420.0,0.0,3859310.0,1274270.0,8.48802e-07,0.00109935,0.00261148,0.00151891,0.00152167,0.0015219,0.00152486,628.982,0.0003
25.685,6729050.0,0.0,3859130.0,1274260.0,8.48779e-07,0.00108481,0.002597,0.00151886,0.00152161,0.00152185,0.00152481,628.982,0.0003
25.69,6729000.0,0.0,3859110.0,1274260.0,8.48776e-07,0.00108302,0.00259521,0.00151885,0.00152161,0.00152184,0.0015248,631.186,0.0003
25.695,6729370.0,0.0,3859290.0,1274270.0,8.48799e-07,0.00109721,0.00260935,0.00151891,0.00152166,0.00152189,0.00152485,630.689,0.0003
25.7,6729370.0,0.0,3859290.0,1274270.0,8.48799e-07,0.00109721,0.00260935,0.00151891,0.00152166,0.00152189,0.00152485,626.672,0.0003
25.705,6728700.0,0.0,3858960.0,1274260.0,8.48757e-07,0.00107133,0.00258356,0.00151881,0.00152157,0.0015218,0.00152476,626.672,0.0003
25.71,6728610.0,0.0,3858920.0,1274260.0,8.48752e-07,0.00106814,0.00258038,0.0015188,0.00152155,0.00152179,0.00152475,631.62,0.0003
25.715,6729440.0,0.0,3859320.0,1274270.0,8.48803e-07,0.0011,0.00261213,0.00151892,0.00152167,0.0015219,0.00152486,631.315,0.0003
25.72,6729440.0,0.0,3859320.0,1274270.0,8.48803e-07,0.0011,0.00261213,0.00151892,0.00152167,0.0015219,0.00152486,628.85,0.0003
25.725,6729030.0,0.0,3859120.0,1274260.0,8.48777e-07,0.00108413,0.00259631,0.00151886,0.00152161,0.00152185,0.00152481,628.85,0.0003
25.73,6728980.0,0.0,3859100.0,1274260.0,8.48774e-07,0.00108217,0.00259436,0.00151885,0.0015216,0.00152184,0.0015248,627.616,0.0003
25.735,6728770.0,0.0,3859000.0,1274260.0,8.48761e-07,0.00107422,0.00258644,0.00151882,0.00152158,0.00152181,0.00152477,627.805,0.0003
25.74,6728770.0,0.0,3859000.0,1274260.0,8.48761e-07,0.00107422,0.00258644,0.00151882,0.00152158,0.00152181,0.00152477,629.336,0.0003
25.745,6729030.0,0.0,3859120.0,1274260.0,8.48777e-07,0.00108408,0.00259626,0.00151886,0.00152161,0.00152185,0.00152481,629.336,0.0003
25.75,6729060.0,0.0,3859140.0,1274260.0,8.48779e-07,0.0010853,0.00259748,0.00151886,0.00152162,0.00152185,0.00152481,629.237,0.0003
25.755,6729040.0,0.0,3859130.0,1274260.0,8.48778e-07,0.00108466,0.00259684,0.00151886,0.00152161,0.00152185,0.00152481,629.077,0.0003
25.76,6729040.0,0.0,3859130.0,1274260.0,8.48778e-07,0.00108466,0.00259684,0.00151886,0.00152161,0.00152185,0.00152481,627.778,0.0003
25.765,6728820.0,0.0,3859030.0,1274260.0,8.48765e-07,0.00107629,0.0025885,0.00151883,0.00152158,0.00152182,0.00152478,627.778,0.0003
25.77,6728800.0,0.0,3859010.0,1274260.0,8.48763e-07,0.00107526,0.00258747,0.00151883,0.00152158,0.00152181,0.00152477,627.436,0.0003
25.775,6728740.0,0.0,3858990.0,1274260.0,8.4876e-07,0.00107306,0.00258528,0.00151882,0.00152157,0.00152181,0.00152477,627.444,0.0003
25.78,6728740.0,0.0,3858990.0,1274260.0,8.4876e-07,0.00107306,0.00258528,0.00151882,0.00152157,0.00152181,0.00152477,627.508,0.0003
25.785,6728750.0,0.0,3858990.0,1274260.0,8.4876e-07,0.00107347,0.00258569,0.00151882,0.00152157,0.00152181,0.00152477,627.508,0.0003
25.79,6728750.0,0.0,3858990.0,1274260.0,8.4876e-07,0.00107352,0.00258574,0.00151882,0.00152157,0.00152181,0.00152477,627.502,0.0003
25.795,6728750.0,0.0,3858990.0,1274260.0,8.4876e-07,0.00107348,0.0025857,0.00151882,0.00152157,0.00152181,0.00152477,627.416,0.0003
25.8,6728750.0,0.0,3858990.0,1274260.0,8.4876e-07,0.00107348,0.0025857,0.00151882,0.00152157,0.00152181,0.00152477,626.725,0.0003
25.805,6728640.0,0.0,3858940.0,1274260.0,8.48753e-07,0.00106903,0.00258127,0.00151881,0.00152156,0.00152179,0.00152475,626.725,0.0003
25.81,6728620.0,0.0,3858930.0,1274260.0,8.48752e-07,0.00106848,0.00258072,0.0015188,0.00152156,0.00152179,0.00152475,631.949,0.0003
25.815,6729490.0,0.0,3859350.0,1274270.0,8.48807e-07,0.00110212,0.00261425,0.00151892,0.00152168,0.00152191,0.00152487,631.85,0.0003
25.82,6729490.0,0.0,3859350.0,1274270.0,8.48807e-07,0.00110212,0.00261425,0.00151892,0.00152168,0.00152191,0.00152487,631.05,0.0003
25.825,6729360.0,0.0,3859280.0,1274270.0,8.48798e-07,0.00109697,0.00260911,0.0015189,0.00152166,0.00152189,0.00152485,631.05,0.0003
25.83,6729340.0,0.0,3859280.0,1274270.0,8.48797e-07,0.00109634,0.00260848,0.0015189,0.00152165,0.00152189,0.00152485,628.687,0.0003
25.835,6728950.0,0.0,3859090.0,1274260.0,8.48773e-07,0.00108112,0.00259331,0.00151885,0.0015216,0.00152184,0.0015248,628.568,0.0003
25.84,6728950.0,0.0,3859090.0,1274260.0,8.48773e-07,0.00108112,0.00259331,0.00151885,0.0015216,0.00152184,0.0015248,627.602,0.0003
25.845,6728790.0,0.0,3859010.0,1274260.0,8.48763e-07,0.0010749,0.00258711,0.00151883,0.00152158,0.00152181,0.00152477,627.602,0.0003
25.85,6728770.0,0.0,3859000.0,1274260.0,8.48761e-07,0.00107413,0.00258635,0.00151882,0.00152158,0.00152181,0.00152477,627.296,0.0003
25.855,6728720.0,0.0,3858970.0,1274260.0,8.48758e-07,0.00107215,0.00258438,0.00151882,0.00152157,0.0015218,0.00152476,627.143,0.0003
25.86,6728720.0,0.0,3858970.0,1274260.0,8.48758e-07,0.00107215,0.00258438,0.00151882,0.00152157,0.0015218,0.00152476,625.908,0.0003
25.865,6728510.0,0.0,3858880.0,1274260.0,8.48745e-07,0.0010642,0.00257645,0.00151879,0.00152154,0.00152178,0.00152473,625.908,0.0003
25.87,6728480.0,0.0,3858860.0,1274260.0,8.48744e-07,0.00106322,0.00257547,0.00151878,0.00152154,0.00152177,0.00152473,629.637,0.0003
25.875,6729110.0,0.0,3859160.0,1274270.0,8.48782e-07,0.00108724,0.00259941,0.00151887,0.00152162,0.00152186,0.00152482,629.688,0.0003
25.88,6729110.0,0.0,3859160.0,1274270.0,8.48782e-07,0.00108724,0.00259941,0.00151887,0.00152162,0.00152186,0.00152482,630.098,0.0003
25.885,6729180.0,0.0,3859200.0,1274270.0,8.48787e-07,0.00108988,0.00260204,0.00151888,0.00152163,0.00152187,0.00152483,630.098,0.0003
25.89,6729180.0,0.0,3859200.0,1274270.0,8.48787e-07,0.0010902,0.00260237,0.00151888,0.00152163,0.00152187,0.00152483,631.094,0.0003
25.895,6729350.0,0.0,3859280.0,1274270.0,8.48798e-07,0.00109662,0.00260876,0.0015189,0.00152166,0.00152189,0.00152485,630.972,0.0003
25.9,6729350.0,0.0,3859280.0,1274270.0,8.48798e-07,0.00109662,0.00260876,0.0015189,0.00152166,0.00152189,0.00152485,629.986,0.0003
25.905,6729190.0,0.0,3859200.0,1274270.0,8.48787e-07,0.00109027,0.00260243,0.00151888,0.00152163,0.00152187,0.00152483,629.986,0.0003
25.91,6729170.0,0.0,3859190.0,1274270.0,8.48786e-07,0.00108949,0.00260165,0.00151888,0.00152163,0.00152187,0.00152483,627.259,0.0003
25.915,6728710.0,0.0,3858970.0,1274260.0,8.48758e-07,0.00107192,0.00258415,0.00151882,0.00152157,0.0015218,0.00152476,627.489,0.0003
25.92,6728710.0,0.0,3858970.0,1274260.0,8.48758e-07,0.00107192,0.00258415,0.00151882,0.00152157,0.0015218,0.00152476,629.353,0.0003
25.925,6729020.0,0.0,3859120.0,1274270.0,8.48777e-07,0.00108392,0.00259611,0.00151886,0.00152161,0.00152185,0.00152481,629.353,0.0003
25.93,6729060.0,0.0,3859140.0,1274270.0,8.4878e-07,0.0010854,0.00259759,0.00151886,0.00152162,0.00152185,0.00152481,627.793,0.0003
25.935,6728800.0,0.0,3859020.0,1274260.0,8.48763e-07,0.00107536,0.00258757,0.00151883,0.00152158,0.00152181,0.00152477,627.7,0.0003
25.94,6728800.0,0.0,3859020.0,1274260.0,8.48763e-07,0.00107536,0.00258757,0.00151883,0.00152158,0.00152181,0.00152477,626.953,0.0003
25.945,6728670.0,0.0,3858960.0,1274260.0,8.48756e-07,0.00107054,0.00258277,0.00151881,0.00152156,0.0015218,0.00152476,626.953,0.0003
25.95,6728660.0,0.0,3858950.0,1274260.0,8.48755e-07,0.00106995,0.00258218,0.00151881,0.00152156,0.0015218,0.00152476,626.984,0.0003
25.955,6728660.0,0.0,3858950.0,1274260.0,8.48755e-07,0.00107015,0.00258238,0.00151881,0.00152156,0.0015218,0.00152476,627.02,0.0003
25.96,6728660.0,0.0,3858950.0,1274260.0,8.48755e-07,0.00107015,0.00258238,0.00151881,0.00152156,0.0015218,0.00152476,627.31,0.0003
25.965,6728710.0,0.0,3858970.0,1274260.0,8.48758e-07,0.00107202,0.00258424,0.00151882,0.00152157,0.0015218,0.00152476,627.31,0.0003
25.97,6728720.0,0.0,3858980.0,1274260.0,8.48758e-07,0.00107225,0.00258447,0.00151882,0.00152157,0.0015218,0.00152476,626.091,0.0003
25.975,6728520.0,0.0,3858880.0,1274260.0,8.48746e-07,0.00106439,0.00257665,0.00151879,0.00152154,0.00152178,0.00152474,625.895,0.0003
25.98,6728520.0,0.0,3858880.0,1274260.0,8.48746e-07,0.00106439,0.00257665,0.00151879,0.00152154,0.00152178,0.00152474,624.314,0.0003
25.985,6728250.0,0.0,3858750.0,1274260.0,8.48729e-07,0.00105421,0.00256649,0.00151875,0.0015215,0.00152174,0.0015247,624.314,0.0003
25.99,6728220.0,0.0,3858740.0,1274260.0,8.48727e-07,0.00105295,0.00256524,0.00151875,0.0015215,0.00152173,0.00152469,628.188,0.0003
25.995,6728870.0,0.0,3859050.0,1274260.0,8.48767e-07,0.0010779,0.00259011,0.00151884,0.00152159,0.00152182,0.00152478,628.274,0.0003
26.0,6728870.0,0.0,3859050.0,1274260.0,8.48767e-07,0.0010779,0.00259011,0.00151884,0.00152159,0.00152182,0.00152478,628.969,0.0003
26.005,6728980.0,0.0,3859100.0,1274270.0,8.48775e-07,0.00108238,0.00259457,0.00151885,0.0015216,0.00152184,0.0015248,628.969,0.0003
26.01,6729000.0,0.0,3859110.0,1274270.0,8.48776e-07,0.00108293,0.00259512,0.00151885,0.00152161,0.00152184,0.0015248,629.25,0.0003
26.015,6729040.0,0.0,3859130.0,1274270.0,8.48778e-07,0.00108474,0.00259692,0.00151886,0.00152161,0.00152185,0.00152481,629.342,0.0003
26.02,6729040.0,0.0,3859130.0,1274270.0,8.48778e-07,0.00108474,0.00259692,0.00151886,0.00152161,0.00152185,0.00152481,630.092,0.0003
26.025,6729170.0,0.0,3859190.0,1274270.0,8.48786e-07,0.00108957,0.00260174,0.00151888,0.00152163,0.00152187,0.00152483,630.092,0.0003
26.03,6729180.0,0.0,3859200.0,1274270.0,8.48787e-07,0.00109016,0.00260233,0.00151888,0.00152163,0.00152187,0.00152483,629.379,0.0003
26.035,6729060.0,0.0,3859140.0,1274270.0,8.4878e-07,0.00108557,0.00259775,0.00151886,0.00152162,0.00152185,0.00152481,629.117,0.0003
26.04,6729060.0,0.0,3859140.0,1274270.0,8.4878e-07,0.00108557,0.00259775,0.00151886,0.00152162,0.00152185,0.00152481,626.994,0.0003
26.045,6728710.0,0.0,3858970.0,1274260.0,8.48758e-07,0.0010719,0.00258412,0.00151881,0.00152157,0.0015218,0.00152476,626.994,0.0003
26.05,6728670.0,0.0,3858950.0,1274260.0,8.48755e-07,0.00107021,0.00258244,0.00151881,0.00152156,0.0015218,0.00152476,629.767,0.0003
26.055,6729130.0,0.0,3859170.0,1274270.0,8.48784e-07,0.00108807,0.00260024,0.00151887,0.00152162,0.00152186,0.00152482,629.751,0.0003
26.06,6729130.0,0.0,3859170.0,1274270.0,8.48784e-07,0.00108807,0.00260024,0.00151887,0.00152162,0.00152186,0.00152482,629.623,0.0003
26.065,6729110.0,0.0,3859160.0,1274270.0,8.48783e-07,0.00108725,0.00259942,0.00151887,0.00152162,0.00152186,0.00152482,629.623,0.0003
26.07,6729110.0,0.0,3859160.0,1274270.0,8.48782e-07,0.00108715,0.00259932,0.00151887,0.00152162,0.00152186,0.00152482,623.946,0.0003
26.075,6728160.0,0.0,3858710.0,1274260.0,8.48723e-07,0.00105058,0.00256288,0.00151874,0.00152149,0.00152173,0.00152469,624.581,0.0003
26.08,6728160.0,0.0,3858710.0,1274260.0,8.48723e-07,0.00105058,0.00256288,0.00151874,0.00152149,0.00152173,0.00152469,629.722,0.0003
26.085,6729020.0,0.0,3859120.0,1274270.0,8.48777e-07,0.00108369,0.00259588,0.00151886,0.00152161,0.00152184,0.0015248,629.722,0.0003
26.09,6729120.0,0.0,3859170.0,1274270.0,8.48783e-07,0.00108779,0.00259996,0.00151887,0.00152162,0.00152186,0.00152482,629.631,0.0003
26.095,6729110.0,0.0,3859160.0,1274270.0,8.48782e-07,0.0010872,0.00259937,0.00151887,0.00152162,0.00152186,0.00152482,629.151,0.0003
26.1,6729110.0,0.0,3859160.0,1274270.0,8.48782e-07,0.0010872,0.00259937,0.00151887,0.00152162,0.00152186,0.00152482,625.264,0.0003
26.105,6728460.0,0.0,3858850.0,1274260.0,8.48742e-07,0.00106216,0.00257442,0.00151878,0.00152153,0.00152177,0.00152473,625.264,0.0003
26.11,6728380.0,0.0,3858810.0,1274260.0,8.48737e-07,0.00105907,0.00257134,0.00151877,0.00152152,0.00152176,0.00152472,627.532,0.0003
26.115,6728760.0,0.0,3859000.0,1274260.0,8.48761e-07,0.00107368,0.0025859,0.00151882,0.00152157,0.00152181,0.00152477,627.626,0.0003
26.12,6728760.0,0.0,3859000.0,1274260.0,8.48761e-07,0.00107368,0.0025859,0.00151882,0.00152157,0.00152181,0.00152477,628.381,0.0003
26.125,6728880.0,0.0,3859060.0,1274270.0,8.48768e-07,0.00107855,0.00259075,0.00151884,0.00152159,0.00152183,0.00152479,628.381,0.0003
26.13,6728900.0,0.0,3859060.0,1274270.0,8.48769e-07,0.00107915,0.00259135,0.00151884,0.00152159,0.00152183,0.00152479,627.109,0.0003
26.135,6728690.0,0.0,3858960.0,1274260.0,8.48756e-07,0.00107095,0.00258318,0.00151881,0.00152156,0.0015218,0.00152476,627.077,0.0003
26.14,6728690.0,0.0,3858960.0,1274260.0,8.48756e-07,0.00107095,0.00258318,0.00151881,0.00152156,0.0015218,0.00152476,626.821,0.0003
26.145,6728640.0,0.0,3858940.0,1274260.0,8.48754e-07,0.0010693,0.00258154,0.00151881,0.00152156,0.00152179,0.00152475,626.821,0.0003
26.15,6728640.0,0.0,3858940.0,1274260.0,8.48753e-07,0.0010691,0.00258134,0.0015188,0.00152156,0.00152179,0.00152475,626.868,0.0003
26.155,6728650.0,0.0,3858940.0,1274260.0,8.48754e-07,0.0010694,0.00258163,0.00151881,0.00152156,0.00152179,0.00152475,626.604,0.0003
26.16,6728650.0,0.0,3858940.0,1274260.0,8.48754e-07,0.0010694,0.00258163,0.00151881,0.00152156,0.00152179,0.00152475,624.47,0.0003
26.165,6728290.0,0.0,3858770.0,1274260.0,8.48731e-07,0.00105565,0.00256793,0.00151876,0.00152151,0.00152174,0.0015247,624.47,0.0003
26.17,6728240.0,0.0,3858750.0,1274260.0,8.48729e-07,0.00105395,0.00256624,0.00151875,0.0015215,0.00152174,0.0015247,627.342,0.0003
26.175,6728720.0,0.0,3858980.0,1274260.0,8.48759e-07,0.00107246,0.00258468,0.00151882,0.00152157,0.0015218,0.00152476,627.622,0.0003
26.18,6728720.0,0.0,3858980.0,1274260.0,8.48759e-07,0.00107246,0.00258468,0.00151882,0.00152157,0.0015218,0.00152476,629.89,0.0003
26.185,6729100.0,0.0,3859160.0,1274270.0,8.48782e-07,0.00108706,0.00259923,0.00151887,0.00152162,0.00152186,0.00152482,629.89,0.0003
26.19,6729150.0,0.0,3859190.0,1274270.0,8.48785e-07,0.00108886,0.00260103,0.00151887,0.00152163,0.00152186,0.00152482,626.427,0.0003
26.195,6728570.0,0.0,3858910.0,1274260.0,8.48749e-07,0.00106656,0.0025788,0.0015188,0.00152155,0.00152178,0.00152474,626.81,0.0003
26.2,6728570.0,0.0,3858910.0,1274260.0,8.48749e-07,0.00106656,0.0025788,0.0015188,0.00152155,0.00152178,0.00152474,629.914,0.0003
26.205,6729090.0,0.0,3859160.0,1274270.0,8.48781e-07,0.00108655,0.00259873,0.00151887,0.00152162,0.00152185,0.00152481,629.914,0.0003
26.21,6729150.0,0.0,3859190.0,1274270.0,8.48785e-07,0.00108902,0.00260119,0.00151888,0.00152163,0.00152186,0.00152482,626.868,0.0003
26.215,6728650.0,0.0,3858940.0,1274260.0,8.48754e-07,0.0010694,0.00258164,0.00151881,0.00152156,0.00152179,0.00152475,627.294,0.0003
26.22,6728650.0,0.0,3858940.0,1274260.0,8.48754e-07,0.0010694,0.00258164,0.00151881,0.00152156,0.00152179,0.00152475,630.741,0.0003
26.225,6729220.0,0.0,3859220.0,1274270.0,8.4879e-07,0.00109161,0.00260376,0.00151888,0.00152164,0.00152187,0.00152483,630.741,0.0003
26.23,6729290.0,0.0,3859250.0,1274270.0,8.48794e-07,0.00109435,0.0026065,0.00151889,0.00152165,0.00152188,0.00152484,626.242,0.0003
26.235,6728540.0,0.0,3858890.0,1274260.0,8.48747e-07,0.00106537,0.00257762,0.00151879,0.00152154,0.00152178,0.00152474,626.631,0.0003
26.24,6728540.0,0.0,3858890.0,1274260.0,8.48747e-07,0.00106537,0.00257762,0.00151879,0.00152154,0.00152178,0.00152474,629.78,0.0003
26.245,6729070.0,0.0,3859150.0,1274270.0,8.4878e-07,0.00108565,0.00259783,0.00151886,0.00152162,0.00152185,0.00152481,629.78,0.0003
26.25,6729130.0,0.0,3859180.0,1274270.0,8.48784e-07,0.00108815,0.00260033,0.00151887,0.00152162,0.00152186,0.00152482,629.736,0.0003
26.255,6729120.0,0.0,3859170.0,1274270.0,8.48784e-07,0.00108787,0.00260004,0.00151887,0.00152162,0.00152186,0.00152482,629.269,0.0003
26.26,6729120.0,0.0,3859170.0,1274270.0,8.48784e-07,0.00108787,0.00260004,0.00151887,0.00152162,0.00152186,0.00152482,625.491,0.0003
26.265,6728490.0,0.0,3858870.0,1274260.0,8.48744e-07,0.00106354,0.00257579,0.00151878,0.00152154,0.00152177,0.00152473,625.491,0.0003
26.27,6728420.0,0.0,3858830.0,1274260.0,8.48739e-07,0.00106053,0.0025728,0.00151877,0.00152153,0.00152176,0.00152472,629.424,0.0003
26.275,6729070.0,0.0,3859150.0,1274270.0,8.4878e-07,0.00108586,0.00259804,0.00151886,0.00152162,0.00152185,0.00152481,629.12,0.0003
26.28,6729070.0,0.0,3859150.0,1274270.0,8.4878e-07,0.00108586,0.00259804,0.00151886,0.00152162,0.00152185,0.00152481,626.66,0.0003
26.285,6728660.0,0.0,3858950.0,1274260.0,8.48755e-07,0.00107002,0.00258225,0.00151881,0.00152156,0.0015218,0.00152476,626.66,0.0003
26.29,6728610.0,0.0,3858930.0,1274260.0,8.48752e-07,0.00106806,0.0025803,0.0015188,0.00152155,0.00152179,0.00152475,630.816,0.0003
26.295,6729300.0,0.0,3859260.0,1274270.0,8.48795e-07,0.00109483,0.00260698,0.0015189,0.00152165,0.00152188,0.00152484,630.517,0.0003
26.3,6729300.0,0.0,3859260.0,1274270.0,8.48795e-07,0.00109483,0.00260698,0.0015189,0.00152165,0.00152188,0.00152484,628.102,0.0003
26.305,6728900.0,0.0,3859070.0,1274270.0,8.4877e-07,0.00107927,0.00259147,0.00151884,0.00152159,0.00152183,0.00152479,628.102,0.0003
26.31,6728850.0,0.0,3859040.0,1274270.0,8.48767e-07,0.00107735,0.00258955,0.00151883,0.00152159,0.00152182,0.00152478,626.558,0.0003
26.315,6728590.0,0.0,3858920.0,1274260.0,8.4875e-07,0.0010674,0.00257965,0.0015188,0.00152155,0.00152179,0.00152475,626.949,0.0003
26.32,6728590.0,0.0,3858920.0,1274260.0,8.4875e-07,0.0010674,0.00257965,0.0015188,0.00152155,0.00152179,0.00152475,630.115,0.0003
26.325,6729120.0,0.0,3859170.0,1274270.0,8.48783e-07,0.00108779,0.00259996,0.00151887,0.00152162,0.00152186,0.00152482,630.115,0.0003
26.33,6729190.0,0.0,3859200.0,1274270.0,8.48787e-07,0.00109031,0.00260247,0.00151888,0.00152163,0.00152187,0.00152483,630.244,0.0003
26.335,6729210.0,0.0,3859210.0,1274270.0,8.48789e-07,0.00109114,0.0026033,0.00151888,0.00152164,0.00152187,0.00152483,629.498,0.0003
26.34,6729210.0,0.0,3859210.0,1274270.0,8.48789e-07,0.00109114,0.0026033,0.00151888,0.00152164,0.00152187,0.00152483,623.462,0.0003
26.345,6728200.0,0.0,3858730.0,1274260.0,8.48726e-07,0.00105227,0.00256456,0.00151874,0.0015215,0.00152173,0.00152469,623.462,0.0003
26.35,6728080.0,0.0,3858670.0,1274260.0,8.48718e-07,0.00104746,0.00255977,0.00151873,0.00152148,0.00152171,0.00152467,626.613,0.0003
26.355,6728600.0,0.0,3858920.0,1274270.0,8.48751e-07,0.00106776,0.00258,0.0015188,0.00152155,0.00152179,0.00152475,626.627,0.0003
26.36,6728600.0,0.0,3858920.0,1274270.0,8.48751e-07,0.00106776,0.00258,0.0015188,0.00152155,0.00152179,0.00152475,626.743,0.0003
26.365,6728620.0,0.0,3858930.0,1274270.0,8.48752e-07,0.0010685,0.00258074,0.0015188,0.00152155,0.00152179,0.00152475,626.743,0.0003
26.37,6728620.0,0.0,3858930.0,1274270.0,8.48752e-07,0.00106859,0.00258083,0.0015188,0.00152155,0.00152179,0.00152475,632.652,0.0003
26.375,6729610.0,0.0,3859410.0,1274280.0,8.48814e-07,0.00110665,0.00261876,0.00151894,0.00152169,0.00152193,0.00152489,632.173,0.0003
26.38,6729610.0,0.0,3859410.0,1274280.0,8.48814e-07,0.00110665,0.00261876,0.00151894,0.00152169,0.00152193,0.00152489,628.292,0.0003
26.385,6728960.0,0.0,3859100.0,1274270.0,8.48773e-07,0.00108166,0.00259385,0.00151885,0.0015216,0.00152184,0.0015248,628.292,0.0003
26.39,6728880.0,0.0,3859060.0,1274270.0,8.48768e-07,0.00107857,0.00259077,0.00151884,0.00152159,0.00152183,0.00152479,625.138,0.0003
26.395,6728360.0,0.0,3858800.0,1274260.0,8.48736e-07,0.00105826,0.00257053,0.00151877,0.00152152,0.00152175,0.00152471,625.689,0.0003
26.4,6728360.0,0.0,3858800.0,1274260.0,8.48736e-07,0.00105826,0.00257053,0.00151877,0.00152152,0.00152175,0.00152471,630.149,0.0003
26.405,6729100.0,0.0,3859160.0,1274270.0,8.48782e-07,0.00108698,0.00259916,0.00151887,0.00152162,0.00152186,0.00152482,630.149,0.0003
26.41,6729190.0,0.0,3859210.0,1274270.0,8.48788e-07,0.00109053,0.00260269,0.00151888,0.00152163,0.00152187,0.00152483,628.885,0.0003
26.415,6728980.0,0.0,3859110.0,1274270.0,8.48775e-07,0.00108239,0.00259458,0.00151885,0.0015216,0.00152184,0.0015248,629.222,0.0003
26.42,6728980.0,0.0,3859110.0,1274270.0,8.48775e-07,0.00108239,0.00259458,0.00151885,0.0015216,0.00152184,0.0015248,631.948,0.0003
26.425,6729440.0,0.0,3859320.0,1274280.0,8.48803e-07,0.00109995,0.00261208,0.00151891,0.00152167,0.0015219,0.00152486,631.948,0.0003
26.43,6729490.0,0.0,3859350.0,1274280.0,8.48807e-07,0.00110212,0.00261424,0.00151892,0.00152167,0.00152191,0.00152487,631.339,0.0003
26.435,6729390.0,0.0,3859300.0,1274280.0,8.488e-07,0.0010982,0.00261033,0.00151891,0.00152166,0.0015219,0.00152486,631.056,0.0003
26.44,6729390.0,0.0,3859300.0,1274280.0,8.488e-07,0.0010982,0.00261033,0.00151891,0.00152166,0.0015219,0.00152486,628.766,0.0003
26.445,6729010.0,0.0,3859120.0,1274270.0,8.48776e-07,0.00108345,0.00259564,0.00151886,0.00152161,0.00152184,0.0015248,628.766,0.0003
26.45,6728960.0,0.0,3859100.0,1274270.0,8.48773e-07,0.00108163,0.00259382,0.00151885,0.0015216,0.00152184,0.0015248,630.011,0.0003
26.455,6729170.0,0.0,3859200.0,1274270.0,8.48786e-07,0.00108964,0.00260181,0.00151888,0.00152163,0.00152187,0.00152483,629.757,0.0003
26.46,6729170.0,0.0,3859200.0,1274270.0,8.48786e-07,0.00108964,0.00260181,0.00151888,0.00152163,0.00152187,0.00152483,627.706,0.0003
26.465,6728830.0,0.0,3859030.0,1274270.0,8.48765e-07,0.00107643,0.00258864,0.00151883,0.00152158,0.00152182,0.00152478,627.706,0.0003
26.47,6728790.0,0.0,3859010.0,1274270.0,8.48762e-07,0.0010748,0.00258702,0.00151882,0.00152158,0.00152181,0.00152477,631.346,0.0003
26.475,6729390.0,0.0,3859300.0,1274280.0,8.488e-07,0.00109824,0.00261038,0.00151891,0.00152166,0.0015219,0.00152486,631.418,0.0003
26.48,6729390.0,0.0,3859300.0,1274280.0,8.488e-07,0.00109824,0.00261038,0.00151891,0.00152166,0.0015219,0.00152486,631.998,0.0003
26.485,6729490.0,0.0,3859350.0,1274280.0,8.48806e-07,0.00110198,0.0026141,0.00151892,0.00152167,0.00152191,0.00152487,631.998,0.0003
26.49,6729500.0,0.0,3859360.0,1274280.0,8.48807e-07,0.00110244,0.00261456,0.00151892,0.00152168,0.00152191,0.00152487,632.827,0.0003
26.495,6729640.0,0.0,3859420.0,1274280.0,8.48816e-07,0.00110778,0.00261989,0.00151894,0.00152169,0.00152193,0.00152489,632.202,0.0003
26.5,6729640.0,0.0,3859420.0,1274280.0,8.48816e-07,0.00110778,0.00261989,0.00151894,0.00152169,0.00152193,0.00152489,627.138,0.0003
26.505,6728790.0,0.0,3859020.0,1274270.0,8.48763e-07,0.00107517,0.00258739,0.00151883,0.00152158,0.00152181,0.00152477,627.138,0.0003
26.51,6728690.0,0.0,3858970.0,1274270.0,8.48756e-07,0.00107114,0.00258337,0.00151881,0.00152156,0.0015218,0.00152476,628.388,0.0003
26.515,6728900.0,0.0,3859070.0,1274270.0,8.48769e-07,0.00107919,0.00259139,0.00151884,0.00152159,0.00152183,0.00152479,628.551,0.0003
26.52,6728900.0,0.0,3859070.0,1274270.0,8.48769e-07,0.00107919,0.00259139,0.00151884,0.00152159,0.00152183,0.00152479,629.877,0.0003
26.525,6729120.0,0.0,3859170.0,1274270.0,8.48783e-07,0.00108773,0.0025999,0.00151887,0.00152162,0.00152186,0.00152482,629.877,0.0003
26.53,6729150.0,0.0,3859190.0,1274270.0,8.48785e-07,0.00108878,0.00260095,0.00151887,0.00152163,0.00152186,0.00152482,631.89,0.0003
26.535,6729480.0,0.0,3859350.0,1274280.0,8.48806e-07,0.00110175,0.00261387,0.00151892,0.00152167,0.00152191,0.00152487,631.734,0.0003
26.54,6729480.0,0.0,3859350.0,1274280.0,8.48806e-07,0.00110175,0.00261387,0.00151892,0.00152167,0.00152191,0.00152487,630.468,0.0003
26.545,6729270.0,0.0,3859250.0,1274280.0,8.48793e-07,0.00109359,0.00260574,0.00151889,0.00152164,0.00152188,0.00152484,630.468,0.0003
26.55,6729250.0,0.0,3859230.0,1274280.0,8.48791e-07,0.00109258,0.00260474,0.00151889,0.00152164,0.00152188,0.00152484,629.703,0.0003
26.555,6729120.0,0.0,3859170.0,1274270.0,8.48783e-07,0.00108766,0.00259983,0.00151887,0.00152162,0.00152186,0.00152482,629.816,0.0003
26.56,6729120.0,0.0,3859170.0,1274270.0,8.48783e-07,0.00108766,0.00259983,0.00151887,0.00152162,0.00152186,0.00152482,630.733,0.0003
26.565,6729270.0,0.0,3859250.0,1274280.0,8.48793e-07,0.00109356,0.00260572,0.00151889,0.00152164,0.00152188,0.00152484,630.733,0.0003
26.57,6729290.0,0.0,3859260.0,1274280.0,8.48794e-07,0.00109429,0.00260644,0.00151889,0.00152165,0.00152188,0.00152484,625.327,0.0003
26.575,6728390.0,0.0,3858820.0,1274260.0,8.48738e-07,0.00105948,0.00257174,0.00151877,0.00152152,0.00152176,0.00152472,625.461,0.0003
26.58,6728390.0,0.0,3858820.0,1274270.0,8.48738e-07,0.00105948,0.00257174,0.00151877,0.00152152,0.00152176,0.00152472,626.547,0.0003
26.585,6728570.0,0.0,3858910.0,1274270.0,8.48749e-07,0.00106647,0.00257871,0.00151879,0.00152155,0.00152178,0.00152474,626.547,0.0003
26.59,6728590.0,0.0,3858920.0,1274270.0,8.4875e-07,0.00106733,0.00257957,0.0015188,0.00152155,0.00152179,0.00152474,629.173,0.0003
26.595,6729030.0,0.0,3859130.0,1274270.0,8.48778e-07,0.00108425,0.00259643,0.00151886,0.00152161,0.00152185,0.00152481,629.035,0.0003
26.6,6729030.0,0.0,3859130.0,1274270.0,8.48778e-07,0.00108425,0.00259643,0.00151886,0.00152161,0.00152185,0.00152481,627.916,0.0003
26.605,6728840.0,0.0,3859040.0,1274270.0,8.48766e-07,0.00107704,0.00258925,0.00151883,0.00152158,0.00152182,0.00152478,627.916,0.0003
26.61,6728820.0,0.0,3859030.0,1274270.0,8.48765e-07,0.00107615,0.00258836,0.00151883,0.00152158,0.00152182,0.00152478,629.499,0.0003
26.615,6729090.0,0.0,3859160.0,1274270.0,8.48781e-07,0.00108635,0.00259853,0.00151887,0.00152162,0.00152185,0.00152481,629.327,0.0003
26.62,6729090.0,0.0,3859160.0,1274270.0,8.48781e-07,0.00108635,0.00259853,0.00151887,0.00152162,0.00152185,0.00152481,627.934,0.0003
26.625,6728850.0,0.0,3859040.0,1274270.0,8.48767e-07,0.00107738,0.00258958,0.00151883,0.00152159,0.00152182,0.00152478,627.934,0.0003
26.63,6728820.0,0.0,3859030.0,1274270.0,8.48765e-07,0.00107627,0.00258848,0.00151883,0.00152158,0.00152182,0.00152478,631.331,0.0003
26.635,6729390.0,0.0,3859300.0,1274280.0,8.488e-07,0.00109814,0.00261028,0.00151891,0.00152166,0.0015219,0.00152486,630.965,0.0003
26.64,6729390.0,0.0,3859300.0,1274280.0,8.488e-07,0.00109814,0.00261028,0.00151891,0.00152166,0.0015219,0.00152486,628.004,0.0003
26.645,6728900.0,0.0,3859070.0,1274270.0,8.48769e-07,0.00107907,0.00259127,0.00151884,0.00152159,0.00152183,0.00152479,628.004,0.0003
26.65,6728840.0,0.0,3859040.0,1274270.0,8.48765e-07,0.00107672,0.00258893,0.00151883,0.00152158,0.00152182,0.00152478,627.533,0.0003
26.655,6728760.0,0.0,3859000.0,1274270.0,8.48761e-07,0.00107368,0.0025859,0.00151882,0.00152157,0.00152181,0.00152477,627.682,0.0003
26.66,6728760.0,0.0,3859000.0,1274270.0,8.48761e-07,0.00107368,0.0025859,0.00151882,0.00152157,0.00152181,0.00152477,628.889,0.0003
26.665,6728960.0,0.0,3859100.0,1274270.0,8.48773e-07,0.00108146,0.00259365,0.00151885,0.0015216,0.00152184,0.0015248,628.889,0.0003
26.67,6728980.0,0.0,3859110.0,1274270.0,8.48775e-07,0.00108242,0.00259461,0.00151885,0.0015216,0.00152184,0.0015248,632.381,0.0003
26.675,6729570.0,0.0,3859390.0,1274280.0,8.48811e-07,0.00110491,0.00261702,0.00151893,0.00152168,0.00152192,0.00152488,632.005,0.0003
26.68,6729570.0,0.0,3859390.0,1274280.0,8.48811e-07,0.00110491,0.00261702,0.00151893,0.00152168,0.00152192,0.00152488,628.966,0.0003
26.685,6729060.0,0.0,3859140.0,1274270.0,8.48779e-07,0.00108533,0.00259751,0.00151886,0.00152161,0.00152185,0.00152481,628.966,0.0003
26.69,6729000.0,0.0,3859110.0,1274270.0,8.48776e-07,0.00108291,0.0025951,0.00151885,0.00152161,0.00152184,0.0015248,630.842,0.0003
26.695,6729310.0,0.0,3859260.0,1274280.0,8.48795e-07,0.001095,0.00260714,0.0015189,0.00152165,0.00152188,0.00152484,630.433,0.0003
26.7,6729310.0,0.0,3859260.0,1274280.0,8.48795e-07,0.001095,0.00260714,0.0015189,0.00152165,0.00152188,0.00152484,627.126,0.0003
26.705,6728760.0,0.0,3859000.0,1274270.0,8.48761e-07,0.00107369,0.00258591,0.00151882,0.00152157,0.00152181,0.00152477,627.126,0.0003
26.71,6728690.0,0.0,3858970.0,1274270.0,8.48756e-07,0.00107106,0.00258329,0.00151881,0.00152156,0.0015218,0.00152476,626.189,0.0003
26.715,6728530.0,0.0,3858890.0,1274270.0,8.48747e-07,0.00106503,0.00257728,0.00151879,0.00152154,0.00152178,0.00152474,626.202,0.0003
26.72,6728530.0,0.0,3858890.0,1274270.0,8.48747e-07,0.00106503,0.00257728,0.00151879,0.00152154,0.00152178,0.00152474,626.309,0.0003
26.725,6728550.0,0.0,3858900.0,1274270.0,8.48748e-07,0.00106572,0.00257797,0.00151879,0.00152154,0.00152178,0.00152474,626.309,0.0003
26.73,6728550.0,0.0,3858900.0,1274270.0,8.48748e-07,0.0010658,0.00257805,0.00151879,0.00152154,0.00152178,0.00152474,629.023,0.0003
26.735,6729010.0,0.0,3859120.0,1274270.0,8.48776e-07,0.00108328,0.00259547,0.00151885,0.00152161,0.00152184,0.0015248,628.793,0.0003
26.74,6729010.0,0.0,3859120.0,1274270.0,8.48776e-07,0.00108328,0.00259547,0.00151885,0.00152161,0.00152184,0.0015248,626.937,0.0003
26.745,6728700.0,0.0,3858970.0,1274270.0,8.48757e-07,0.00107132,0.00258355,0.00151881,0.00152156,0.0015218,0.00152476,626.937,0.0003
26.75,6728660.0,0.0,3858950.0,1274270.0,8.48754e-07,0.00106985,0.00258208,0.00151881,0.00152156,0.00152179,0.00152475,628.242,0.0003
26.755,6728870.0,0.0,3859060.0,1274270.0,8.48768e-07,0.00107825,0.00259046,0.00151884,0.00152159,0.00152182,0.00152478,628.232,0.0003
26.76,6728870.0,0.0,3859060.0,1274270.0,8.48768e-07,0.00107825,0.00259046,0.00151884,0.00152159,0.00152182,0.00152478,628.147,0.0003
26.765,6728860.0,0.0,3859050.0,1274270.0,8.48767e-07,0.00107771,0.00258991,0.00151883,0.00152159,0.00152182,0.00152478,628.147,0.0003
26.77,6728860.0,0.0,3859050.0,1274270.0,8.48767e-07,0.00107764,0.00258985,0.00151883,0.00152159,0.00152182,0.00152478,625.687,0.0003
26.775,6728450.0,0.0,3858850.0,1274270.0,8.48741e-07,0.0010618,0.00257406,0.00151878,0.00152153,0.00152177,0.00152472,625.616,0.0003
26.78,6728450.0,0.0,3858850.0,1274270.0,8.48741e-07,0.0010618,0.00257406,0.00151878,0.00152153,0.00152177,0.00152472,625.039,0.0003
26.785,6728350.0,0.0,3858800.0,1274270.0,8.48735e-07,0.00105808,0.00257035,0.00151876,0.00152152,0.00152175,0.00152471,625.039,0.0003
26.79,6728340.0,0.0,3858800.0,1274270.0,8.48735e-07,0.00105762,0.00256989,0.00151876,0.00152151,0.00152175,0.00152471,631.618,0.0003
26.795,6729440.0,0.0,3859330.0,1274280.0,8.48803e-07,0.0011,0.00261213,0.00151891,0.00152167,0.0015219,0.00152486,631.211,0.0003
26.8,6729440.0,0.0,3859330.0,1274280.0,8.48803e-07,0.0011,0.00261213,0.00151891,0.00152167,0.0015219,0.00152486,627.916,0.0003
26.805,6728890.0,0.0,3859060.0,1274270.0,8.48769e-07,0.00107878,0.00259098,0.00151884,0.00152159,0.00152183,0.00152479,627.916,0.0003
26.81,6728820.0,0.0,3859030.0,1274270.0,8.48765e-07,0.00107615,0.00258836,0.00151883,0.00152158,0.00152182,0.00152478,627.629,0.0003
26.815,6728770.0,0.0,3859010.0,1274270.0,8.48762e-07,0.0010743,0.00258652,0.00151882,0.00152157,0.00152181,0.00152477,627.674,0.0003
26.82,6728770.0,0.0,3859010.0,1274270.0,8.48762e-07,0.0010743,0.00258652,0.00151882,0.00152157,0.00152181,0.00152477,628.039,0.0003
26.825,6728830.0,0.0,3859040.0,1274270.0,8.48765e-07,0.00107665,0.00258886,0.00151883,0.00152158,0.00152182,0.00152478,628.039,0.0003
26.83,6728840.0,0.0,3859040.0,1274270.0,8.48766e-07,0.00107695,0.00258915,0.00151883,0.00152158,0.00152182,0.00152478,623.88,0.0003
26.835,6728150.0,0.0,3858710.0,1274270.0,8.48723e-07,0.00105016,0.00256246,0.00151874,0.00152149,0.00152172,0.00152468,624.502,0.0003
26.84,6728150.0,0.0,3858710.0,1274270.0,8.48723e-07,0.00105016,0.00256246,0.00151874,0.00152149,0.00152172,0.00152468,629.533,0.0003
26.845,6728990.0,0.0,3859110.0,1274280.0,8.48775e-07,0.00108257,0.00259475,0.00151885,0.0015216,0.00152184,0.0015248,629.533,0.0003
26.85,6729090.0,0.0,3859160.0,1274280.0,8.48781e-07,0.00108657,0.00259874,0.00151887,0.00152162,0.00152185,0.00152481,627.852,0.0003
26.855,6728810.0,0.0,3859030.0,1274270.0,8.48764e-07,0.00107574,0.00258795,0.00151883,0.00152158,0.00152181,0.00152477,628.035,0.0003
26.86,6728810.0,0.0,3859030.0,1274270.0,8.48764e-07,0.00107574,0.00258795,0.00151883,0.00152158,0.00152181,0.00152477,629.513,0.0003
26.865,6729060.0,0.0,3859140.0,1274280.0,8.48779e-07,0.00108526,0.00259744,0.00151886,0.00152161,0.00152185,0.00152481,629.513,0.0003
26.87,6729090.0,0.0,3859160.0,1274280.0,8.48781e-07,0.00108644,0.00259861,0.00151887,0.00152162,0.00152185,0.00152481,626.429,0.0003
26.875,6728570.0,0.0,3858910.0,1274270.0,8.48749e-07,0.00106658,0.00257882,0.00151879,0.00152155,0.00152178,0.00152474,625.6,0.0003
26.88,6728570.0,0.0,3858910.0,1274270.0,8.48749e-07,0.00106658,0.00257882,0.00151879,0.00152155,0.00152178,0.00152474,618.888,0.0003
26.885,6727450.0,0.0,3858370.0,1274260.0,8.48679e-07,0.00102335,0.00253574,0.00151864,0.00152139,0.00152163,0.00152459,618.888,0.0003
26.89,6727310.0,0.0,3858310.0,1274260.0,8.48671e-07,0.00101801,0.00253041,0.00151862,0.00152137,0.00152161,0.00152457,627.421,0.0003
26.895,6728740.0,0.0,3858990.0,1274270.0,8.48759e-07,0.00107296,0.00258519,0.00151882,0.00152157,0.0015218,0.00152476,627.448,0.0003
26.9,6728740.0,0.0,3858990.0,1274270.0,8.48759e-07,0.00107296,0.00258519,0.00151882,0.00152157,0.0015218,0.00152476,627.664,0.0003
26.905,6728770.0,0.0,3859010.0,1274270.0,8.48762e-07,0.00107436,0.00258657,0.00151882,0.00152157,0.00152181,0.00152477,627.664,0.0003
26.91,6728780.0,0.0,3859010.0,1274270.0,8.48762e-07,0.00107453,0.00258675,0.00151882,0.00152158,0.00152181,0.00152477,625.027,0.0003
26.915,6728340.0,0.0,3858800.0,1274270.0,8.48735e-07,0.00105755,0.00256982,0.00151876,0.00152151,0.00152175,0.00152471,625.586,0.0003
26.92,6728340.0,0.0,3858800.0,1274270.0,8.48735e-07,0.00105755,0.00256982,0.00151876,0.00152151,0.00152175,0.00152471,630.113,0.0003
26.925,6729090.0,0.0,3859160.0,1274280.0,8.48782e-07,0.0010867,0.00259887,0.00151887,0.00152162,0.00152185,0.00152481,630.113,0.0003
26.93,6729190.0,0.0,3859210.0,1274280.0,8.48787e-07,0.0010903,0.00260246,0.00151888,0.00152163,0.00152187,0.00152483,628.543,0.0003
26.935,6728930.0,0.0,3859080.0,1274280.0,8.48771e-07,0.00108019,0.00259239,0.00151884,0.0015216,0.00152183,0.00152479,628.756,0.0003
26.94,6728930.0,0.0,3859080.0,1274280.0,8.48771e-07,0.00108019,0.00259239,0.00151884,0.0015216,0.00152183,0.00152479,630.48,0.0003
26.945,6729210.0,0.0,3859220.0,1274280.0,8.48789e-07,0.00109129,0.00260345,0.00151888,0.00152163,0.00152187,0.00152483,630.48,0.0003
26.95,6729250.0,0.0,3859240.0,1274280.0,8.48791e-07,0.00109266,0.00260482,0.00151889,0.00152164,0.00152188,0.00152484,628.228,0.0003
26.955,6728870.0,0.0,3859060.0,1274280.0,8.48768e-07,0.00107816,0.00259037,0.00151884,0.00152159,0.00152182,0.00152478,627.861,0.0003
26.96,6728870.0,0.0,3859060.0,1274280.0,8.48768e-07,0.00107816,0.00259037,0.00151884,0.00152159,0.00152182,0.00152478,624.89,0.0003
26.965,6728380.0,0.0,3858820.0,1274270.0,8.48737e-07,0.00105902,0.00257129,0.00151877,0.00152152,0.00152175,0.00152471,624.89,0.0003
26.97,6728310.0,0.0,3858790.0,1274270.0,8.48733e-07,0.00105666,0.00256894,0.00151876,0.00152151,0.00152175,0.00152471,631.449,0.0003
26.975,6729410.0,0.0,3859320.0,1274280.0,8.48801e-07,0.0010989,0.00261104,0.00151891,0.00152166,0.0015219,0.00152486,630.989,0.0003
26.98,6729410.0,0.0,3859320.0,1274280.0,8.48801e-07,0.0010989,0.00261104,0.00151891,0.00152166,0.0015219,0.00152486,627.266,0.0003
26.985,6728790.0,0.0,3859020.0,1274270.0,8.48763e-07,0.00107493,0.00258714,0.00151882,0.00152158,0.00152181,0.00152477,627.266,0.0003
26.99,6728710.0,0.0,3858980.0,1274270.0,8.48758e-07,0.00107196,0.00258419,0.00151881,0.00152157,0.0015218,0.00152476,628.024,0.0003
26.995,6728840.0,0.0,3859040.0,1274280.0,8.48766e-07,0.00107685,0.00258905,0.00151883,0.00152158,0.00152182,0.00152478,627.842,0.0003
27.0,6728840.0,0.0,3859040.0,1274280.0,8.48766e-07,0.00107685,0.00258905,0.00151883,0.00152158,0.00152182,0.00152478,626.369,0.0003
27.005,6728590.0,0.0,3858920.0,1274270.0,8.4875e-07,0.00106736,0.0025796,0.0015188,0.00152155,0.00152178,0.00152474,626.369,0.0003
27.01,6728560.0,0.0,3858910.0,1274270.0,8.48748e-07,0.00106619,0.00257844,0.00151879,0.00152155,0.00152178,0.00152474,626.872,0.0003
27.015,6728650.0,0.0,3858950.0,1274270.0,8.48754e-07,0.00106943,0.00258166,0.0015188,0.00152156,0.00152179,0.00152475,626.802,0.0003
27.02,6728650.0,0.0,3858950.0,1274270.0,8.48754e-07,0.00106943,0.00258166,0.0015188,0.00152156,0.00152179,0.00152475,626.233,0.0003
27.025,6728550.0,0.0,3858900.0,1274270.0,8.48748e-07,0.00106576,0.00257801,0.00151879,0.00152154,0.00152178,0.00152474,626.233,0.0003
27.03,6728540.0,0.0,3858900.0,1274270.0,8.48747e-07,0.00106531,0.00257756,0.00151879,0.00152154,0.00152178,0.00152474,628.036,0.0003
27.035,6728840.0,0.0,3859040.0,1274280.0,8.48766e-07,0.00107693,0.00258914,0.00151883,0.00152158,0.00152182,0.00152478,627.885,0.0003
27.04,6728840.0,0.0,3859040.0,1274280.0,8.48766e-07,0.00107693,0.00258914,0.00151883,0.00152158,0.00152182,0.00152478,626.656,0.0003
27.045,6728640.0,0.0,3858940.0,1274270.0,8.48753e-07,0.00106902,0.00258125,0.0015188,0.00152156,0.00152179,0.00152475,626.656,0.0003
27.05,6728610.0,0.0,3858930.0,1274270.0,8.48751e-07,0.00106804,0.00258028,0.0015188,0.00152155,0.00152179,0.00152475,623.736,0.0003
27.055,6728120.0,0.0,3858700.0,1274270.0,8.48721e-07,0.00104923,0.00256153,0.00151873,0.00152148,0.00152172,0.00152468,624.316,0.0003
27.06,6728120.0,0.0,3858700.0,1274270.0,8.48721e-07,0.00104923,0.00256153,0.00151873,0.00152148,0.00152172,0.00152468,629.011,0.0003
27.065,6728910.0,0.0,3859070.0,1274280.0,8.4877e-07,0.00107947,0.00259167,0.00151884,0.00152159,0.00152183,0.00152479,629.011,0.0003
27.07,6729000.0,0.0,3859120.0,1274280.0,8.48776e-07,0.00108321,0.00259539,0.00151885,0.00152161,0.00152184,0.0015248,628.657,0.0003
27.075,6728940.0,0.0,3859090.0,1274280.0,8.48772e-07,0.00108092,0.00259312,0.00151885,0.0015216,0.00152183,0.00152479,628.339,0.0003
27.08,6728940.0,0.0,3859090.0,1274280.0,8.48772e-07,0.00108092,0.00259312,0.00151885,0.0015216,0.00152183,0.00152479,625.767,0.0003
27.085,6728510.0,0.0,3858880.0,1274270.0,8.48746e-07,0.00106436,0.00257661,0.00151879,0.00152154,0.00152177,0.00152473,625.767,0.0003
27.09,6728460.0,0.0,3858860.0,1274270.0,8.48742e-07,0.00106231,0.00257457,0.00151878,0.00152153,0.00152177,0.00152473,632.009,0.0003
27.095,6729500.0,0.0,3859360.0,1274280.0,8.48807e-07,0.00110251,0.00261463,0.00151892,0.00152167,0.00152191,0.00152487,632.019,0.0003
27.1,6729500.0,0.0,3859360.0,1274280.0,8.48807e-07,0.00110251,0.00261463,0.00151892,0.00152167,0.00152191,0.00152487,632.103,0.0003
27.105,6729520.0,0.0,3859370.0,1274280.0,8.48808e-07,0.00110305,0.00261517,0.00151892,0.00152168,0.00152191,0.00152487,632.103,0.0003
27.11,6729520.0,0.0,3859370.0,1274290.0,8.48808e-07,0.00110312,0.00261524,0.00151892,0.00152168,0.00152191,0.00152487,626.619,0.0003
27.115,6728600.0,0.0,3858930.0,1274270.0,8.48751e-07,0.0010678,0.00258004,0.0015188,0.00152155,0.00152179,0.00152475,626.619,0.0003
27.12,6728600.0,0.0,3858930.0,1274270.0,8.48751e-07,0.0010678,0.00258004,0.0015188,0.00152155,0.00152179,0.00152475,626.619,0.0003
27.125,6728600.0,0.0,3858930.0,1274270.0,8.48751e-07,0.0010678,0.00258004,0.0015188,0.00152155,0.00152179,0.00152475,626.619,0.0003
27.13,6728600.0,0.0,3858930.0,1274270.0,8.48751e-07,0.0010678,0.00258004,0.0015188,0.00152155,0.00152179,0.00152475,629.354,0.0003
27.135,6729060.0,0.0,3859150.0,1274280.0,8.4878e-07,0.00108541,0.00259759,0.00151886,0.00152161,0.00152185,0.00152481,629.346,0.0003
27.14,6729060.0,0.0,3859150.0,1274280.0,8.4878e-07,0.00108541,0.00259759,0.00151886,0.00152161,0.00152185,0.00152481,629.287,0.0003
27.145,6729050.0,0.0,3859140.0,1274280.0,8.48779e-07,0.00108503,0.00259721,0.00151886,0.00152161,0.00152185,0.00152481,629.287,0.0003
27.15,6729050.0,0.0,3859140.0,1274280.0,8.48779e-07,0.00108498,0.00259716,0.00151886,0.00152161,0.00152185,0.00152481,627.184,0.0003
27.155,6728700.0,0.0,3858970.0,1274280.0,8.48757e-07,0.00107144,0.00258367,0.00151881,0.00152156,0.0015218,0.00152476,627.315,0.0003
27.16,6728700.0,0.0,3858970.0,1274280.0,8.48757e-07,0.00107144,0.00258367,0.00151881,0.00152156,0.0015218,0.00152476,628.375,0.0003
27.165,6728880.0,0.0,3859060.0,1274280.0,8.48768e-07,0.00107827,0.00259047,0.00151884,0.00152159,0.00152182,0.00152478,628.375,0.0003
27.17,6728900.0,0.0,3859070.0,1274280.0,8.48769e-07,0.00107911,0.00259131,0.00151884,0.00152159,0.00152183,0.00152479,628.96,0.0003
27.175,6728990.0,0.0,3859120.0,1274280.0,8.48775e-07,0.00108287,0.00259506,0.00151885,0.0015216,0.00152184,0.0015248,628.932,0.0003
27.18,6728990.0,0.0,3859120.0,1274280.0,8.48775e-07,0.00108287,0.00259506,0.00151885,0.0015216,0.00152184,0.0015248,628.712,0.0003
27.185,6728960.0,0.0,3859100.0,1274280.0,8.48773e-07,0.00108145,0.00259364,0.00151885,0.0015216,0.00152183,0.00152479,628.712,0.0003
27.19,6728950.0,0.0,3859100.0,1274280.0,8.48773e-07,0.00108128,0.00259347,0.00151885,0.0015216,0.00152183,0.00152479,628.127,0.0003
27.195,6728860.0,0.0,3859050.0,1274280.0,8.48767e-07,0.00107751,0.00258971,0.00151883,0.00152159,0.00152182,0.00152478,628.25,0.0003
27.2,6728860.0,0.0,3859050.0,1274280.0,8.48767e-07,0.00107751,0.00258971,0.00151883,0.00152159,0.00152182,0.00152478,629.248,0.0003
27.205,6729020.0,0.0,3859130.0,1274280.0,8.48777e-07,0.00108394,0.00259612,0.00151886,0.00152161,0.00152184,0.0015248,629.248,0.0003
27.21,6729040.0,0.0,3859140.0,1274280.0,8.48778e-07,0.00108473,0.00259691,0.00151886,0.00152161,0.00152185,0.00152481,628.814,0.0003
27.215,6728970.0,0.0,3859110.0,1274280.0,8.48774e-07,0.00108194,0.00259413,0.00151885,0.0015216,0.00152184,0.0015248,628.551,0.0003
27.22,6728970.0,0.0,3859110.0,1274280.0,8.48774e-07,0.00108194,0.00259413,0.00151885,0.0015216,0.00152184,0.0015248,626.422,0.0003
27.225,6728610.0,0.0,3858930.0,1274280.0,8.48752e-07,0.00106822,0.00258046,0.0015188,0.00152155,0.00152179,0.00152475,626.422,0.0003
27.23,6728570.0,0.0,3858910.0,1274270.0,8.48749e-07,0.00106653,0.00257877,0.00151879,0.00152155,0.00152178,0.00152474,628.328,0.0003
27.235,6728890.0,0.0,3859070.0,1274280.0,8.48769e-07,0.00107881,0.00259101,0.00151884,0.00152159,0.00152183,0.00152479,628.706,0.0003
27.24,6728890.0,0.0,3859070.0,1274280.0,8.48769e-07,0.00107881,0.00259101,0.00151884,0.00152159,0.00152183,0.00152478,631.765,0.0003
27.245,6729400.0,0.0,3859310.0,1274290.0,8.48801e-07,0.00109851,0.00261064,0.00151891,0.00152166,0.0015219,0.00152486,631.765,0.0003
27.25,6729460.0,0.0,3859340.0,1274290.0,8.48805e-07,0.00110094,0.00261307,0.00151892,0.00152167,0.0015219,0.00152486,622.607,0.0003
27.255,6727930.0,0.0,3858610.0,1274270.0,8.48709e-07,0.00104196,0.00255428,0.00151871,0.00152146,0.00152169,0.00152465,622.674,0.0003
27.26,6727930.0,0.0,3858610.0,1274270.0,8.48709e-07,0.00104196,0.00255428,0.00151871,0.00152146,0.00152169,0.00152465,623.216,0.0003
27.265,6728020.0,0.0,3858650.0,1274270.0,8.48715e-07,0.00104545,0.00255777,0.00151872,0.00152147,0.00152171,0.00152467,623.216,0.0003
27.27,6728040.0,0.0,3858660.0,1274270.0,8.48716e-07,0.00104588,0.0025582,0.00151872,0.00152147,0.00152171,0.00152467,629.033,0.0003
27.275,6729010.0,0.0,3859120.0,1274280.0,8.48776e-07,0.00108334,0.00259553,0.00151885,0.00152161,0.00152184,0.0015248,629.023,0.0003
27.28,6729010.0,0.0,3859120.0,1274280.0,8.48776e-07,0.00108334,0.00259553,0.00151885,0.00152161,0.00152184,0.0015248,628.941,0.0003
27.285,6728990.0,0.0,3859120.0,1274280.0,8.48775e-07,0.00108282,0.002595,0.00151885,0.0015216,0.00152184,0.0015248,628.941,0.0003
27.29,6728990.0,0.0,3859120.0,1274280.0,8.48775e-07,0.00108275,0.00259494,0.00151885,0.0015216,0.00152184,0.0015248,625.563,0.0003
27.295,6728430.0,0.0,3858840.0,1274270.0,8.4874e-07,0.001061,0.00257326,0.00151877,0.00152153,0.00152176,0.00152472,625.94,0.0003
27.3,6728430.0,0.0,3858840.0,1274270.0,8.4874e-07,0.001061,0.00257326,0.00151877,0.00152153,0.00152176,0.00152472,628.991,0.0003
27.305,6728940.0,0.0,3859090.0,1274280.0,8.48772e-07,0.00108065,0.00259284,0.00151884,0.0015216,0.00152183,0.00152479,628.991,0.0003
27.31,6729000.0,0.0,3859120.0,1274280.0,8.48776e-07,0.00108308,0.00259526,0.00151885,0.0015216,0.00152184,0.0015248,629.261,0.0003
27.315,6729050.0,0.0,3859140.0,1274280.0,8.48779e-07,0.00108482,0.002597,0.00151886,0.00152161,0.00152185,0.00152481,629.01,0.0003
27.32,6729050.0,0.0,3859140.0,1274280.0,8.48779e-07,0.00108482,0.002597,0.00151886,0.00152161,0.00152185,0.00152481,626.978,0.0003
27.325,6728710.0,0.0,3858980.0,1274280.0,8.48757e-07,0.00107173,0.00258395,0.00151881,0.00152156,0.0015218,0.00152476,626.978,0.0003
27.33,6728660.0,0.0,3858960.0,1274280.0,8.48755e-07,0.00107011,0.00258234,0.00151881,0.00152156,0.00152179,0.00152475,627.43,0.0003
27.335,6728740.0,0.0,3858990.0,1274280.0,8.4876e-07,0.00107302,0.00258524,0.00151882,0.00152157,0.0015218,0.00152476,627.636,0.0003
27.34,6728740.0,0.0,3858990.0,1274280.0,8.4876e-07,0.00107302,0.00258524,0.00151882,0.00152157,0.0015218,0.00152476,629.301,0.0003
27.345,6729020.0,0.0,3859130.0,1274280.0,8.48777e-07,0.00108375,0.00259593,0.00151885,0.00152161,0.00152184,0.0015248,629.301,0.0003
27.35,6729050.0,0.0,3859150.0,1274280.0,8.48779e-07,0.00108508,0.00259726,0.00151886,0.00152161,0.00152185,0.00152481,629.885,0.0003
27.355,6729150.0,0.0,3859190.0,1274280.0,8.48785e-07,0.00108883,0.002601,0.00151887,0.00152163,0.00152186,0.00152482,629.888,0.0003
27.36,6729150.0,0.0,3859190.0,1274280.0,8.48785e-07,0.00108883,0.002601,0.00151887,0.00152163,0.00152186,0.00152482,629.918,0.0003
27.365,6729150.0,0.0,3859190.0,1274280.0,8.48785e-07,0.00108902,0.00260119,0.00151887,0.00152163,0.00152186,0.00152482,629.918,0.0003
27.37,6729150.0,0.0,3859190.0,1274280.0,8.48785e-07,0.00108904,0.00260121,0.00151887,0.00152163,0.00152186,0.00152482,627.846,0.0003
27.375,6728810.0,0.0,3859030.0,1274280.0,8.48764e-07,0.0010757,0.00258791,0.00151883,0.00152158,0.00152181,0.00152477,627.733,0.0003
27.38,6728810.0,0.0,3859030.0,1274280.0,8.48764e-07,0.0010757,0.00258791,0.00151883,0.00152158,0.00152181,0.00152477,626.82,0.0003
27.385,6728660.0,0.0,3858950.0,1274280.0,8.48754e-07,0.00106982,0.00258205,0.00151881,0.00152156,0.00152179,0.00152475,626.82,0.0003
27.39,6728640.0,0.0,3858950.0,1274280.0,8.48753e-07,0.00106909,0.00258133,0.0015188,0.00152155,0.00152179,0.00152475,631.955,0.0003
27.395,6729500.0,0.0,3859360.0,1274290.0,8.48807e-07,0.00110217,0.00261429,0.00151892,0.00152167,0.00152191,0.00152487,631.669,0.0003
27.4,6729500.0,0.0,3859360.0,1274290.0,8.48807e-07,0.00110217,0.00261429,0.00151892,0.00152167,0.00152191,0.00152487,629.355,0.0003
27.405,6729110.0,0.0,3859170.0,1274280.0,8.48783e-07,0.00108726,0.00259943,0.00151887,0.00152162,0.00152186,0.00152482,629.355,0.0003
27.41,6729060.0,0.0,3859150.0,1274280.0,8.4878e-07,0.00108542,0.0025976,0.00151886,0.00152161,0.00152185,0.00152481,629.936,0.0003
27.415,6729160.0,0.0,3859200.0,1274280.0,8.48786e-07,0.00108916,0.00260133,0.00151887,0.00152163,0.00152186,0.00152482,630.4,0.0003
27.42,6729160.0,0.0,3859200.0,1274280.0,8.48786e-07,0.00108916,0.00260133,0.00151887,0.00152163,0.00152186,0.00152482,634.158,0.0003
27.425,6729790.0,0.0,3859500.0,1274290.0,8.48825e-07,0.00111337,0.00262545,0.00151896,0.00152171,0.00152195,0.00152491,634.158,0.0003
27.43,6729860.0,0.0,3859540.0,1274290.0,8.4883e-07,0.00111636,0.00262843,0.00151897,0.00152172,0.00152196,0.00152492,628.943,0.0003
27.435,6728990.0,0.0,3859120.0,1274280.0,8.48775e-07,0.00108277,0.00259496,0.00151885,0.0015216,0.00152184,0.0015248,628.723,0.0003
27.44,6728990.0,0.0,3859120.0,1274280.0,8.48775e-07,0.00108277,0.00259496,0.00151885,0.0015216,0.00152184,0.0015248,626.94,0.0003
27.445,6728690.0,0.0,3858970.0,1274280.0,8.48757e-07,0.00107128,0.00258351,0.00151881,0.00152156,0.0015218,0.00152476,626.94,0.0003
27.45,6728660.0,0.0,3858960.0,1274280.0,8.48754e-07,0.00106986,0.0025821,0.00151881,0.00152156,0.00152179,0.00152475,631.549,0.0003
27.455,6729430.0,0.0,3859330.0,1274290.0,8.48802e-07,0.00109955,0.00261168,0.00151891,0.00152166,0.0015219,0.00152486,631.47,0.0003
27.46,6729430.0,0.0,3859330.0,1274290.0,8.48802e-07,0.00109955,0.00261168,0.00151891,0.00152166,0.0015219,0.00152486,630.827,0.0003
27.465,6729320.0,0.0,3859270.0,1274290.0,8.48796e-07,0.00109541,0.00260756,0.0015189,0.00152165,0.00152188,0.00152484,630.827,0.0003
27.47,6729310.0,0.0,3859270.0,1274290.0,8.48795e-07,0.0010949,0.00260705,0.00151889,0.00152165,0.00152188,0.00152484,625.837,0.0003
27.475,6728470.0,0.0,3858870.0,1274280.0,8.48743e-07,0.00106276,0.00257502,0.00151878,0.00152153,0.00152177,0.00152473,626.147,0.0003
27.48,6728470.0,0.0,3858870.0,1274280.0,8.48743e-07,0.00106276,0.00257502,0.00151878,0.00152153,0.00152177,0.00152473,628.653,0.0003
27.485,6728890.0,0.0,3859070.0,1274280.0,8.48769e-07,0.00107891,0.00259111,0.00151884,0.00152159,0.00152183,0.00152478,628.653,0.0003
27.49,6728940.0,0.0,3859090.0,1274280.0,8.48772e-07,0.0010809,0.00259309,0.00151884,0.0015216,0.00152183,0.00152479,629.39,0.0003
27.495,6729070.0,0.0,3859150.0,1274280.0,8.4878e-07,0.00108565,0.00259782,0.00151886,0.00152161,0.00152185,0.00152481,629.097,0.0003
27.5,6729070.0,0.0,3859150.0,1274280.0,8.4878e-07,0.00108565,0.00259782,0.00151886,0.00152161,0.00152185,0.00152481,626.727,0.0003
27.505,6728670.0,0.0,3858960.0,1274280.0,8.48755e-07,0.00107038,0.00258261,0.00151881,0.00152156,0.00152179,0.00152475,626.727,0.0003
27.51,6728620.0,0.0,3858940.0,1274280.0,8.48752e-07,0.0010685,0.00258073,0.0015188,0.00152155,0.00152179,0.00152475,626.308,0.0003
27.515,6728550.0,0.0,3858910.0,1274280.0,8.48748e-07,0.00106579,0.00257804,0.00151879,0.00152154,0.00152178,0.00152474,626.681,0.0003
27.52,6728550.0,0.0,3858910.0,1274280.0,8.48748e-07,0.00106579,0.00257804,0.00151879,0.00152154,0.00152178,0.00152474,629.704,0.0003
27.525,6729060.0,0.0,3859150.0,1274280.0,8.48779e-07,0.00108526,0.00259744,0.00151886,0.00152161,0.00152185,0.00152481,629.704,0.0003
27.53,6729120.0,0.0,3859180.0,1274280.0,8.48783e-07,0.00108767,0.00259984,0.00151887,0.00152162,0.00152186,0.00152482,626.47,0.0003
27.535,6728580.0,0.0,3858920.0,1274280.0,8.4875e-07,0.00106684,0.00257908,0.00151879,0.00152155,0.00152178,0.00152474,626.656,0.0003
27.54,6728580.0,0.0,3858920.0,1274280.0,8.4875e-07,0.00106684,0.00257908,0.00151879,0.00152155,0.00152178,0.00152474,628.163,0.0003
27.545,6728830.0,0.0,3859040.0,1274280.0,8.48765e-07,0.00107655,0.00258876,0.00151883,0.00152158,0.00152182,0.00152478,628.163,0.0003
27.55,6728860.0,0.0,3859050.0,1274280.0,8.48767e-07,0.00107775,0.00258995,0.00151883,0.00152159,0.00152182,0.00152478,630.11,0.0003
27.555,6729190.0,0.0,3859210.0,1274290.0,8.48787e-07,0.00109028,0.00260244,0.00151888,0.00152163,0.00152187,0.00152483,629.742,0.0003
27.56,6729190.0,0.0,3859210.0,1274290.0,8.48787e-07,0.00109028,0.00260244,0.00151888,0.00152163,0.00152187,0.00152483,626.758,0.0003
27.565,6728690.0,0.0,3858970.0,1274280.0,8.48756e-07,0.00107107,0.0025833,0.00151881,0.00152156,0.0015218,0.00152476,626.758,0.0003
27.57,6728630.0,0.0,3858940.0,1274280.0,8.48753e-07,0.0010687,0.00258093,0.0015188,0.00152155,0.00152179,0.00152475,627.421,0.0003
27.575,6728740.0,0.0,3859000.0,1274280.0,8.48759e-07,0.00107297,0.00258519,0.00151882,0.00152157,0.0015218,0.00152476,627.953,0.0003
27.58,6728740.0,0.0,3859000.0,1274280.0,8.48759e-07,0.00107297,0.00258519,0.00151882,0.00152157,0.0015218,0.00152476,632.259,0.0003
27.585,6729460.0,0.0,3859340.0,1274290.0,8.48804e-07,0.0011007,0.00261282,0.00151891,0.00152167,0.0015219,0.00152486,632.259,0.0003
27.59,6729550.0,0.0,3859380.0,1274290.0,8.4881e-07,0.00110412,0.00261624,0.00151893,0.00152168,0.00152191,0.00152488,628.991,0.0003
27.595,6729000.0,0.0,3859120.0,1274280.0,8.48776e-07,0.00108308,0.00259526,0.00151885,0.0015216,0.00152184,0.0015248,628.945,0.0003
27.6,6729000.0,0.0,3859120.0,1274280.0,8.48776e-07,0.00108308,0.00259526,0.00151885,0.0015216,0.00152184,0.0015248,628.573,0.0003
27.605,6728940.0,0.0,3859090.0,1274280.0,8.48772e-07,0.00108068,0.00259287,0.00151884,0.0015216,0.00152183,0.00152479,628.573,0.0003
27.61,6728930.0,0.0,3859090.0,1274280.0,8.48771e-07,0.00108038,0.00259258,0.00151884,0.00152159,0.00152183,0.00152479,625.42,0.0003
27.615,6728400.0,0.0,3858830.0,1274280.0,8.48739e-07,0.00106008,0.00257234,0.00151877,0.00152152,0.00152176,0.00152472,626.196,0.0003
27.62,6728400.0,0.0,3858830.0,1274280.0,8.48739e-07,0.00106008,0.00257234,0.00151877,0.00152152,0.00152176,0.00152472,632.476,0.0003
27.625,6729450.0,0.0,3859340.0,1274290.0,8.48804e-07,0.00110052,0.00261265,0.00151891,0.00152167,0.0015219,0.00152486,632.476,0.0003
27.63,6729580.0,0.0,3859400.0,1274290.0,8.48812e-07,0.00110552,0.00261763,0.00151893,0.00152168,0.00152192,0.00152488,630.555,0.0003
27.635,6729260.0,0.0,3859250.0,1274290.0,8.48792e-07,0.00109315,0.0026053,0.00151889,0.00152164,0.00152188,0.00152484,630.328,0.0003
27.64,6729260.0,0.0,3859250.0,1274290.0,8.48792e-07,0.00109315,0.0026053,0.00151889,0.00152164,0.00152188,0.00152484,628.496,0.0003
27.645,6728960.0,0.0,3859100.0,1274280.0,8.48773e-07,0.00108135,0.00259354,0.00151885,0.0015216,0.00152183,0.00152479,628.496,0.0003
27.65,6728920.0,0.0,3859080.0,1274280.0,8.48771e-07,0.00107989,0.00259209,0.00151884,0.00152159,0.00152183,0.00152479,628.322,0.0003
27.655,6728890.0,0.0,3859070.0,1274280.0,8.48769e-07,0.00107877,0.00259097,0.00151884,0.00152159,0.00152182,0.00152478,628.568,0.0003
27.66,6728890.0,0.0,3859070.0,1274280.0,8.48769e-07,0.00107877,0.00259097,0.00151884,0.00152159,0.00152182,0.00152478,630.556,0.0003
27.665,6729220.0,0.0,3859230.0,1274290.0,8.4879e-07,0.00109157,0.00260373,0.00151888,0.00152163,0.00152187,0.00152483,630.556,0.0003
27.67,6729260.0,0.0,3859250.0,1274290.0,8.48792e-07,0.00109316,0.00260531,0.00151889,0.00152164,0.00152188,0.00152484,631.806,0.0003
27.675,6729470.0,0.0,3859350.0,1274290.0,8.48805e-07,0.00110121,0.00261333,0.00151892,0.00152167,0.0015219,0.00152486,631.546,0.0003
27.68,6729470.0,0.0,3859350.0,1274290.0,8.48805e-07,0.00110121,0.00261333,0.00151892,0.00152167,0.0015219,0.00152486,629.443,0.0003
27.685,6729120.0,0.0,3859180.0,1274290.0,8.48783e-07,0.00108766,0.00259983,0.00151887,0.00152162,0.00152186,0.00152482,629.443,0.0003
27.69,6729080.0,0.0,3859160.0,1274290.0,8.4878e-07,0.00108598,0.00259816,0.00151886,0.00152161,0.00152185,0.00152481,630.576,0.0003
27.695,6729260.0,0.0,3859250.0,1274290.0,8.48792e-07,0.00109329,0.00260544,0.00151889,0.00152164,0.00152188,0.00152484,630.376,0.0003
27.7,6729260.0,0.0,3859250.0,1274290.0,8.48792e-07,0.00109329,0.00260544,0.00151889,0.00152164,0.00152188,0.00152484,628.752,0.0003
27.705,6728990.0,0.0,3859120.0,1274290.0,8.48775e-07,0.00108283,0.00259501,0.00151885,0.0015216,0.00152184,0.0015248,628.752,0.0003
27.71,6728960.0,0.0,3859100.0,1274290.0,8.48773e-07,0.00108154,0.00259373,0.00151885,0.0015216,0.00152183,0.00152479,631.329,0.0003
27.715,6729390.0,0.0,3859310.0,1274290.0,8.488e-07,0.00109814,0.00261027,0.00151891,0.00152166,0.00152189,0.00152485,630.718,0.0003
27.72,6729390.0,0.0,3859310.0,1274290.0,8.488e-07,0.00109814,0.00261027,0.00151891,0.00152166,0.00152189,0.00152485,625.773,0.0003
27.725,6728560.0,0.0,3858910.0,1274280.0,8.48749e-07,0.00106628,0.00257853,0.00151879,0.00152154,0.00152178,0.00152474,625.773,0.0003
27.73,6728460.0,0.0,3858860.0,1274280.0,8.48742e-07,0.00106235,0.0025746,0.00151878,0.00152153,0.00152177,0.00152473,629.284,0.0003
27.735,6729050.0,0.0,3859150.0,1274290.0,8.48779e-07,0.00108496,0.00259714,0.00151886,0.00152161,0.00152185,0.00152481,629.188,0.0003
27.74,6729050.0,0.0,3859150.0,1274290.0,8.48779e-07,0.00108496,0.00259714,0.00151886,0.00152161,0.00152185,0.00152481,628.413,0.0003
27.745,6728920.0,0.0,3859080.0,1274290.0,8.48771e-07,0.00107997,0.00259217,0.00151884,0.00152159,0.00152183,0.00152479,628.413,0.0003
27.75,6728900.0,0.0,3859080.0,1274280.0,8.4877e-07,0.00107935,0.00259155,0.00151884,0.00152159,0.00152183,0.00152479,629.654,0.0003
27.755,6729110.0,0.0,3859180.0,1274290.0,8.48783e-07,0.00108734,0.00259952,0.00151887,0.00152162,0.00152185,0.00152481,629.505,0.0003
27.76,6729110.0,0.0,3859180.0,1274290.0,8.48783e-07,0.00108734,0.00259952,0.00151887,0.00152162,0.00152185,0.00152481,628.306,0.0003
27.765,6728910.0,0.0,3859080.0,1274290.0,8.4877e-07,0.00107962,0.00259182,0.00151884,0.00152159,0.00152183,0.00152479,628.306,0.0003
27.77,6728890.0,0.0,3859070.0,1274280.0,8.48769e-07,0.00107867,0.00259087,0.00151884,0.00152159,0.00152182,0.00152478,629.95,0.0003
27.775,6729160.0,0.0,3859200.0,1274290.0,8.48786e-07,0.00108925,0.00260142,0.00151887,0.00152163,0.00152186,0.00152482,629.42,0.0003
27.78,6729160.0,0.0,3859200.0,1274290.0,8.48786e-07,0.00108925,0.00260142,0.00151887,0.00152163,0.00152186,0.00152482,625.126,0.0003
27.785,6728440.0,0.0,3858850.0,1274280.0,8.48741e-07,0.0010616,0.00257386,0.00151878,0.00152153,0.00152176,0.00152472,625.126,0.0003
27.79,6728350.0,0.0,3858810.0,1274280.0,8.48736e-07,0.00105818,0.00257045,0.00151876,0.00152152,0.00152175,0.00152471,628.167,0.0003
27.795,6728860.0,0.0,3859060.0,1274280.0,8.48767e-07,0.00107777,0.00258997,0.00151883,0.00152159,0.00152182,0.00152478,627.95,0.0003
27.8,6728860.0,0.0,3859060.0,1274280.0,8.48767e-07,0.00107777,0.00258997,0.00151883,0.00152159,0.00152182,0.00152478,626.194,0.0003
27.805,6728570.0,0.0,3858920.0,1274280.0,8.48749e-07,0.00106646,0.0025787,0.00151879,0.00152154,0.00152178,0.00152474,626.194,0.0003
27.81,6728530.0,0.0,3858900.0,1274280.0,8.48747e-07,0.00106506,0.00257731,0.00151879,0.00152154,0.00152178,0.00152473,630.221,0.0003
27.815,6729210.0,0.0,3859220.0,1274290.0,8.48789e-07,0.001091,0.00260316,0.00151888,0.00152163,0.00152187,0.00152483,630.076,0.0003
27.82,6729210.0,0.0,3859220.0,1274290.0,8.48789e-07,0.001091,0.00260316,0.00151888,0.00152163,0.00152187,0.00152483,628.906,0.0003
27.825,6729010.0,0.0,3859130.0,1274290.0,8.48776e-07,0.00108346,0.00259565,0.00151885,0.00152161,0.00152184,0.0015248,628.906,0.0003
27.83,6728990.0,0.0,3859120.0,1274290.0,8.48775e-07,0.00108253,0.00259472,0.00151885,0.0015216,0.00152184,0.0015248,627.809,0.0003
27.835,6728800.0,0.0,3859030.0,1274280.0,8.48763e-07,0.00107546,0.00258767,0.00151882,0.00152158,0.00152181,0.00152477,628.222,0.0003
27.84,6728800.0,0.0,3859030.0,1274280.0,8.48763e-07,0.00107546,0.00258767,0.00151882,0.00152158,0.00152181,0.00152477,631.564,0.0003
27.845,6729360.0,0.0,3859300.0,1274290.0,8.48798e-07,0.00109699,0.00260913,0.0015189,0.00152165,0.00152189,0.00152485,631.564,0.0003
27.85,6729430.0,0.0,3859330.0,1274290.0,8.48803e-07,0.00109965,0.00261178,0.00151891,0.00152166,0.0015219,0.00152486,632.781,0.0003
27.855,6729630.0,0.0,3859430.0,1274300.0,8.48815e-07,0.00110748,0.00261959,0.00151894,0.00152169,0.00152193,0.00152489,632.502,0.0003
27.86,6729630.0,0.0,3859430.0,1274300.0,8.48815e-07,0.00110748,0.00261959,0.00151894,0.00152169,0.00152193,0.00152489,630.251,0.0003
27.865,6729260.0,0.0,3859250.0,1274290.0,8.48792e-07,0.00109298,0.00260514,0.00151889,0.00152164,0.00152187,0.00152483,630.251,0.0003
27.87,6729210.0,0.0,3859220.0,1274290.0,8.48789e-07,0.00109119,0.00260335,0.00151888,0.00152163,0.00152187,0.00152483,631.763,0.0003
27.875,6729460.0,0.0,3859350.0,1274290.0,8.48805e-07,0.00110093,0.00261306,0.00151891,0.00152167,0.0015219,0.00152486,631.319,0.0003
27.88,6729460.0,0.0,3859350.0,1274290.0,8.48805e-07,0.00110093,0.00261306,0.00151891,0.00152167,0.0015219,0.00152486,627.722,0.0003
27.885,6728860.0,0.0,3859060.0,1274290.0,8.48767e-07,0.00107776,0.00258997,0.00151883,0.00152159,0.00152182,0.00152478,627.722,0.0003
27.89,6728790.0,0.0,3859020.0,1274290.0,8.48763e-07,0.0010749,0.00258712,0.00151882,0.00152157,0.00152181,0.00152477,625.22,0.0003
27.895,6728370.0,0.0,3858820.0,1274280.0,8.48737e-07,0.00105879,0.00257106,0.00151877,0.00152152,0.00152175,0.00152471,625.702,0.0003
27.9,6728370.0,0.0,3858820.0,1274280.0,8.48737e-07,0.00105879,0.00257106,0.00151877,0.00152152,0.00152175,0.00152471,629.6,0.0003
27.905,6729020.0,0.0,3859130.0,1274290.0,8.48777e-07,0.0010839,0.00259608,0.00151885,0.00152161,0.00152184,0.0015248,629.6,0.0003
27.91,6729100.0,0.0,3859170.0,1274290.0,8.48782e-07,0.001087,0.00259917,0.00151887,0.00152162,0.00152185,0.00152481,629.763,0.0003
27.915,6729130.0,0.0,3859190.0,1274290.0,8.48784e-07,0.00108805,0.00260022,0.00151887,0.00152162,0.00152186,0.00152482,629.909,0.0003
27.92,6729130.0,0.0,3859190.0,1274290.0,8.48784e-07,0.00108805,0.00260022,0.00151887,0.00152162,0.00152186,0.00152482,631.091,0.0003
27.925,6729330.0,0.0,3859280.0,1274290.0,8.48796e-07,0.00109566,0.00260781,0.0015189,0.00152165,0.00152188,0.00152484,631.091,0.0003
27.93,6729350.0,0.0,3859290.0,1274290.0,8.48798e-07,0.0010966,0.00260874,0.0015189,0.00152165,0.00152189,0.00152485,628.442,0.0003
27.935,6728910.0,0.0,3859080.0,1274290.0,8.4877e-07,0.00107954,0.00259174,0.00151884,0.00152159,0.00152183,0.00152479,628.426,0.0003
27.94,6728910.0,0.0,3859080.0,1274290.0,8.4877e-07,0.00107954,0.00259174,0.00151884,0.00152159,0.00152183,0.00152479,628.299,0.0003
27.945,6728890.0,0.0,3859070.0,1274290.0,8.48769e-07,0.00107872,0.00259092,0.00151884,0.00152159,0.00152182,0.00152478,628.299,0.0003
27.95,6728880.0,0.0,3859070.0,1274290.0,8.48769e-07,0.00107862,0.00259082,0.00151884,0.00152159,0.00152182,0.00152478,628.634,0.0003
27.955,6728940.0,0.0,3859100.0,1274290.0,8.48772e-07,0.00108078,0.00259297,0.00151884,0.0015216,0.00152183,0.00152479,628.355,0.0003
27.96,6728940.0,0.0,3859100.0,1274290.0,8.48772e-07,0.00108078,0.00259297,0.00151884,0.0015216,0.00152183,0.00152479,626.102,0.0003
27.965,6728560.0,0.0,3858910.0,1274280.0,8.48749e-07,0.00106626,0.0025785,0.00151879,0.00152154,0.00152178,0.00152474,626.102,0.0003
27.97,6728520.0,0.0,3858890.0,1274280.0,8.48746e-07,0.00106447,0.00257672,0.00151879,0.00152154,0.00152177,0.00152473,627.35,0.0003
27.975,6728730.0,0.0,3858990.0,1274290.0,8.48759e-07,0.00107251,0.00258473,0.00151881,0.00152157,0.0015218,0.00152476,627.491,0.0003
27.98,6728730.0,0.0,3858990.0,1274290.0,8.48759e-07,0.00107251,0.00258473,0.00151881,0.00152157,0.0015218,0.00152476,628.628,0.0003
27.985,6728920.0,0.0,3859080.0,1274290.0,8.48771e-07,0.00107983,0.00259203,0.00151884,0.00152159,0.00152183,0.00152479,628.628,0.0003
27.99,6728940.0,0.0,3859090.0,1274290.0,8.48772e-07,0.00108074,0.00259293,0.00151884,0.0015216,0.00152183,0.00152479,627.006,0.0003
27.995,6728670.0,0.0,3858960.0,1274280.0,8.48755e-07,0.00107029,0.00258252,0.00151881,0.00152156,0.00152179,0.00152475,627.4,0.0003
28.0,6728670.0,0.0,3858960.0,1274280.0,8.48755e-07,0.00107029,0.00258252,0.00151881,0.00152156,0.00152179,0.00152475,630.596,0.0003
28.005,6729200.0,0.0,3859220.0,1274290.0,8.48788e-07,0.00109087,0.00260303,0.00151888,0.00152163,0.00152187,0.00152483,630.596,0.0003
28.01,6729270.0,0.0,3859250.0,1274290.0,8.48792e-07,0.00109341,0.00260556,0.00151889,0.00152164,0.00152188,0.00152484,630.448,0.0003
28.015,6729240.0,0.0,3859240.0,1274290.0,8.48791e-07,0.00109246,0.00260461,0.00151888,0.00152164,0.00152187,0.00152483,630.412,0.0003
28.02,6729240.0,0.0,3859240.0,1274290.0,8.48791e-07,0.00109246,0.00260461,0.00151888,0.00152164,0.00152187,0.00152483,630.123,0.0003
28.025,6729200.0,0.0,3859220.0,1274290.0,8.48788e-07,0.0010906,0.00260276,0.00151888,0.00152163,0.00152187,0.00152483,630.123,0.0003
28.03,6729190.0,0.0,3859220.0,1274290.0,8.48788e-07,0.00109037,0.00260253,0.00151888,0.00152163,0.00152187,0.00152483,632.262,0.0003
28.035,6729550.0,0.0,3859390.0,1274300.0,8.4881e-07,0.00110415,0.00261626,0.00151893,0.00152168,0.00152191,0.00152487,632.121,0.0003
28.04,6729550.0,0.0,3859390.0,1274300.0,8.4881e-07,0.00110415,0.00261626,0.00151893,0.00152168,0.00152191,0.00152487,630.973,0.0003
28.045,6729360.0,0.0,3859290.0,1274290.0,8.48798e-07,0.00109676,0.0026089,0.0015189,0.00152165,0.00152189,0.00152485,630.973,0.0003
28.05,6729330.0,0.0,3859280.0,1274290.0,8.48796e-07,0.00109584,0.00260799,0.0015189,0.00152165,0.00152188,0.00152484,624.691,0.0003
28.055,6728280.0,0.0,3858780.0,1274280.0,8.48731e-07,0.00105539,0.00256767,0.00151875,0.0015215,0.00152174,0.0015247,625.015,0.0003
28.06,6728280.0,0.0,3858780.0,1274280.0,8.48731e-07,0.00105539,0.00256767,0.00151875,0.0015215,0.00152174,0.0015247,627.634,0.0003
28.065,6728720.0,0.0,3858990.0,1274290.0,8.48758e-07,0.00107225,0.00258448,0.00151881,0.00152157,0.0015218,0.00152476,627.634,0.0003
28.07,6728770.0,0.0,3859020.0,1274290.0,8.48762e-07,0.00107434,0.00258655,0.00151882,0.00152157,0.00152181,0.00152477,624.06,0.0003
28.075,6728180.0,0.0,3858730.0,1274280.0,8.48724e-07,0.00105132,0.00256361,0.00151874,0.00152149,0.00152173,0.00152468,624.718,0.0003
28.08,6728180.0,0.0,3858730.0,1274280.0,8.48724e-07,0.00105132,0.00256361,0.00151874,0.00152149,0.00152173,0.00152468,630.046,0.0003
28.085,6729070.0,0.0,3859160.0,1274290.0,8.4878e-07,0.00108563,0.00259781,0.00151886,0.00152161,0.00152185,0.00152481,630.046,0.0003
28.09,6729180.0,0.0,3859210.0,1274290.0,8.48787e-07,0.00108987,0.00260203,0.00151888,0.00152163,0.00152186,0.00152482,628.169,0.0003
28.095,6728860.0,0.0,3859060.0,1274290.0,8.48767e-07,0.00107778,0.00258998,0.00151883,0.00152158,0.00152182,0.00152478,628.055,0.0003
28.1,6728860.0,0.0,3859060.0,1274290.0,8.48767e-07,0.00107778,0.00258998,0.00151883,0.00152158,0.00152182,0.00152478,627.138,0.0003
28.105,6728710.0,0.0,3858980.0,1274290.0,8.48758e-07,0.00107187,0.0025841,0.00151881,0.00152156,0.0015218,0.00152476,627.138,0.0003
28.11,6728690.0,0.0,3858980.0,1274290.0,8.48756e-07,0.00107114,0.00258337,0.00151881,0.00152156,0.0015218,0.00152476,630.206,0.0003
28.115,6729200.0,0.0,3859220.0,1274290.0,8.48788e-07,0.0010909,0.00260306,0.00151888,0.00152163,0.00152187,0.00152483,630.153,0.0003
28.12,6729200.0,0.0,3859220.0,1274290.0,8.48788e-07,0.0010909,0.00260306,0.00151888,0.00152163,0.00152187,0.00152483,629.728,0.0003
28.125,6729130.0,0.0,3859190.0,1274290.0,8.48784e-07,0.00108816,0.00260033,0.00151887,0.00152162,0.00152186,0.00152482,629.728,0.0003
28.13,6729120.0,0.0,3859180.0,1274290.0,8.48783e-07,0.00108782,0.00259999,0.00151887,0.00152162,0.00152186,0.00152482,627.873,0.0003
28.135,6728810.0,0.0,3859040.0,1274290.0,8.48764e-07,0.00107587,0.00258808,0.00151883,0.00152158,0.00152181,0.00152477,628.099,0.0003
28.14,6728810.0,0.0,3859040.0,1274290.0,8.48764e-07,0.00107587,0.00258808,0.00151883,0.00152158,0.00152181,0.00152477,629.934,0.0003
28.145,6729120.0,0.0,3859180.0,1274290.0,8.48783e-07,0.00108769,0.00259986,0.00151887,0.00152162,0.00152186,0.00152482,629.934,0.0003
28.15,6729160.0,0.0,3859200.0,1274290.0,8.48786e-07,0.00108915,0.00260132,0.00151887,0.00152163,0.00152186,0.00152482,631.17,0.0003
28.155,6729360.0,0.0,3859300.0,1274300.0,8.48798e-07,0.00109711,0.00260925,0.0015189,0.00152165,0.00152189,0.00152485,631.042,0.0003
28.16,6729360.0,0.0,3859300.0,1274300.0,8.48798e-07,0.00109711,0.00260925,0.0015189,0.00152165,0.00152189,0.00152485,630.005,0.0003
28.165,6729190.0,0.0,3859220.0,1274290.0,8.48788e-07,0.00109043,0.00260259,0.00151888,0.00152163,0.00152187,0.00152483,630.005,0.0003
28.17,6729170.0,0.0,3859210.0,1274290.0,8.48786e-07,0.0010896,0.00260177,0.00151887,0.00152163,0.00152186,0.00152482,629.123,0.0003
28.175,6729020.0,0.0,3859140.0,1274290.0,8.48777e-07,0.00108393,0.00259611,0.00151885,0.00152161,0.00152184,0.0015248,629.281,0.0003
28.18,6729020.0,0.0,3859140.0,1274290.0,8.48777e-07,0.00108393,0.00259611,0.00151885,0.00152161,0.00152184,0.0015248,630.561,0.0003
28.185,6729240.0,0.0,3859240.0,1274290.0,8.4879e-07,0.00109217,0.00260432,0.00151888,0.00152164,0.00152187,0.00152483,630.561,0.0003
28.19,6729260.0,0.0,3859250.0,1274290.0,8.48792e-07,0.00109319,0.00260534,0.00151889,0.00152164,0.00152187,0.00152484,627.097,0.0003
28.195,6728680.0,0.0,3858970.0,1274290.0,8.48756e-07,0.00107088,0.00258311,0.00151881,0.00152156,0.0015218,0.00152475,626.695,0.0003
28.2,6728680.0,0.0,3858970.0,1274290.0,8.48756e-07,0.00107088,0.00258311,0.00151881,0.00152156,0.0015218,0.00152475,623.435,0.0003
28.205,6728140.0,0.0,3858710.0,1274280.0,8.48722e-07,0.00104989,0.00256219,0.00151873,0.00152149,0.00152172,0.00152468,623.435,0.0003
28.21,6728070.0,0.0,3858680.0,1274280.0,8.48718e-07,0.0010473,0.0025596,0.00151872,0.00152148,0.00152171,0.00152467,628.26,0.0003
28.215,6728880.0,0.0,3859070.0,1274290.0,8.48768e-07,0.00107837,0.00259057,0.00151883,0.00152159,0.00152182,0.00152478,628.254,0.0003
28.22,6728880.0,0.0,3859070.0,1274290.0,8.48768e-07,0.00107837,0.00259057,0.00151883,0.00152159,0.00152182,0.00152478,628.209,0.0003
28.225,6728870.0,0.0,3859060.0,1274290.0,8.48768e-07,0.00107808,0.00259028,0.00151883,0.00152159,0.00152182,0.00152478,628.209,0.0003
28.23,6728870.0,0.0,3859060.0,1274290.0,8.48768e-07,0.00107804,0.00259024,0.00151883,0.00152159,0.00152182,0.00152478,628.225,0.0003
28.235,6728870.0,0.0,3859060.0,1274290.0,8.48768e-07,0.00107814,0.00259035,0.00151883,0.00152159,0.00152182,0.00152478,627.996,0.0003
28.24,6728870.0,0.0,3859060.0,1274290.0,8.48768e-07,0.00107814,0.00259035,0.00151883,0.00152159,0.00152182,0.00152478,626.143,0.0003
28.245,6728560.0,0.0,3858920.0,1274290.0,8.48749e-07,0.00106621,0.00257845,0.00151879,0.00152154,0.00152178,0.00152474,626.143,0.0003
28.25,6728520.0,0.0,3858900.0,1274290.0,8.48746e-07,0.00106474,0.00257699,0.00151879,0.00152154,0.00152177,0.00152473,628.015,0.0003
28.255,6728840.0,0.0,3859050.0,1274290.0,8.48766e-07,0.00107679,0.002589,0.00151883,0.00152158,0.00152182,0.00152478,628.081,0.0003
28.26,6728840.0,0.0,3859050.0,1274290.0,8.48766e-07,0.00107679,0.002589,0.00151883,0.00152158,0.00152182,0.00152478,628.617,0.0003
28.265,6728930.0,0.0,3859090.0,1274290.0,8.48771e-07,0.00108024,0.00259244,0.00151884,0.00152159,0.00152183,0.00152479,628.617,0.0003
28.27,6728940.0,0.0,3859100.0,1274290.0,8.48772e-07,0.00108067,0.00259286,0.00151884,0.00152159,0.00152183,0.00152479,629.819,0.0003
28.275,6729140.0,0.0,3859190.0,1274290.0,8.48784e-07,0.00108841,0.00260058,0.00151887,0.00152162,0.00152186,0.00152482,629.601,0.0003
28.28,6729140.0,0.0,3859190.0,1274290.0,8.48784e-07,0.00108841,0.00260058,0.00151887,0.00152162,0.00152186,0.00152482,627.842,0.0003
28.285,6728840.0,0.0,3859050.0,1274290.0,8.48766e-07,0.00107708,0.00258929,0.00151883,0.00152158,0.00152182,0.00152478,627.842,0.0003
28.29,6728810.0,0.0,3859030.0,1274290.0,8.48764e-07,0.00107568,0.00258789,0.00151882,0.00152158,0.00152181,0.00152477,632.509,0.0003
28.295,6729590.0,0.0,3859410.0,1274300.0,8.48812e-07,0.00110574,0.00261784,0.00151893,0.00152168,0.00152192,0.00152488,631.531,0.0003
28.3,6729590.0,0.0,3859410.0,1274300.0,8.48812e-07,0.00110574,0.00261784,0.00151893,0.00152168,0.00152192,0.00152488,623.61,0.0003
28.305,6728260.0,0.0,3858770.0,1274280.0,8.4873e-07,0.00105472,0.002567,0.00151875,0.0015215,0.00152174,0.0015247,623.61,0.0003
28.31,6728100.0,0.0,3858690.0,1274280.0,8.4872e-07,0.00104842,0.00256072,0.00151873,0.00152148,0.00152171,0.00152467,626.378,0.0003
28.315,6728560.0,0.0,3858920.0,1274290.0,8.48749e-07,0.00106625,0.00257849,0.00151879,0.00152154,0.00152178,0.00152474,626.295,0.0003
28.32,6728560.0,0.0,3858920.0,1274290.0,8.48749e-07,0.00106625,0.00257849,0.00151879,0.00152154,0.00152178,0.00152474,625.622,0.0003
28.325,6728450.0,0.0,3858860.0,1274290.0,8.48742e-07,0.00106191,0.00257417,0.00151878,0.00152153,0.00152176,0.00152472,625.622,0.0003
28.33,6728440.0,0.0,3858860.0,1274290.0,8.48741e-07,0.00106138,0.00257364,0.00151877,0.00152153,0.00152176,0.00152472,629.732,0.0003
28.335,6729120.0,0.0,3859190.0,1274290.0,8.48783e-07,0.00108785,0.00260002,0.00151887,0.00152162,0.00152186,0.00152482,629.714,0.0003
28.34,6729120.0,0.0,3859190.0,1274290.0,8.48783e-07,0.00108785,0.00260002,0.00151887,0.00152162,0.00152186,0.00152482,629.569,0.0003
28.345,6729100.0,0.0,3859170.0,1274290.0,8.48782e-07,0.00108692,0.00259909,0.00151886,0.00152162,0.00152185,0.00152481,629.569,0.0003
28.35,6729100.0,0.0,3859170.0,1274290.0,8.48782e-07,0.0010868,0.00259897,0.00151886,0.00152162,0.00152185,0.00152481,630.154,0.0003
28.355,6729190.0,0.0,3859220.0,1274300.0,8.48788e-07,0.00109057,0.00260272,0.00151888,0.00152163,0.00152187,0.00152483,630.287,0.0003
28.36,6729190.0,0.0,3859220.0,1274300.0,8.48788e-07,0.00109057,0.00260272,0.00151888,0.00152163,0.00152187,0.00152483,631.37,0.0003
28.365,6729380.0,0.0,3859310.0,1274300.0,8.48799e-07,0.00109754,0.00260967,0.0015189,0.00152165,0.00152189,0.00152485,631.37,0.0003
28.37,6729400.0,0.0,3859320.0,1274300.0,8.48801e-07,0.0010984,0.00261053,0.00151891,0.00152166,0.00152189,0.00152485,625.288,0.0003
28.375,6728380.0,0.0,3858830.0,1274290.0,8.48737e-07,0.00105923,0.00257149,0.00151877,0.00152152,0.00152175,0.00152471,625.385,0.0003
28.38,6728380.0,0.0,3858830.0,1274290.0,8.48737e-07,0.00105923,0.00257149,0.00151877,0.00152152,0.00152175,0.00152471,626.172,0.0003
28.385,6728510.0,0.0,3858890.0,1274290.0,8.48745e-07,0.0010643,0.00257655,0.00151878,0.00152154,0.00152177,0.00152473,626.172,0.0003
28.39,6728530.0,0.0,3858900.0,1274290.0,8.48746e-07,0.00106492,0.00257717,0.00151879,0.00152154,0.00152177,0.00152473,630.123,0.0003
28.395,6729190.0,0.0,3859220.0,1274300.0,8.48788e-07,0.00109037,0.00260253,0.00151888,0.00152163,0.00152186,0.00152482,629.762,0.0003
28.4,6729190.0,0.0,3859220.0,1274300.0,8.48788e-07,0.00109037,0.00260253,0.00151888,0.00152163,0.00152186,0.00152482,626.845,0.0003
28.405,6728700.0,0.0,3858980.0,1274290.0,8.48757e-07,0.00107158,0.0025838,0.00151881,0.00152156,0.0015218,0.00152476,626.845,0.0003
28.41,6728640.0,0.0,3858950.0,1274290.0,8.48753e-07,0.00106926,0.00258149,0.0015188,0.00152155,0.00152179,0.00152475,628.18,0.0003
28.415,6728860.0,0.0,3859060.0,1274290.0,8.48767e-07,0.00107785,0.00259006,0.00151883,0.00152158,0.00152182,0.00152478,628.424,0.0003
28.42,6728860.0,0.0,3859060.0,1274290.0,8.48767e-07,0.00107785,0.00259006,0.00151883,0.00152158,0.00152182,0.00152478,630.401,0.0003
28.425,6729190.0,0.0,3859220.0,1274300.0,8.48788e-07,0.00109058,0.00260274,0.00151888,0.00152163,0.00152187,0.00152483,630.401,0.0003
28.43,6729240.0,0.0,3859240.0,1274300.0,8.4879e-07,0.00109216,0.00260431,0.00151888,0.00152164,0.00152187,0.00152483,626.086,0.0003
28.435,6728510.0,0.0,3858890.0,1274290.0,8.48746e-07,0.00106437,0.00257662,0.00151878,0.00152154,0.00152177,0.00152473,625.871,0.0003
28.44,6728510.0,0.0,3858890.0,1274290.0,8.48746e-07,0.00106437,0.00257662,0.00151878,0.00152154,0.00152177,0.00152473,624.127,0.0003
28.445,6728220.0,0.0,3858750.0,1274280.0,8.48727e-07,0.00105314,0.00256543,0.00151874,0.0015215,0.00152173,0.00152469,624.127,0.0003
28.45,6728190.0,0.0,3858740.0,1274280.0,8.48725e-07,0.00105175,0.00256404,0.00151874,0.00152149,0.00152173,0.00152469,628.451,0.0003
28.455,6728910.0,0.0,3859080.0,1274290.0,8.4877e-07,0.0010796,0.0025918,0.00151884,0.00152159,0.00152183,0.00152479,628.189,0.0003
28.46,6728910.0,0.0,3859080.0,1274290.0,8.4877e-07,0.0010796,0.0025918,0.00151884,0.00152159,0.00152183,0.00152479,626.062,0.0003
28.465,6728550.0,0.0,3858910.0,1274290.0,8.48748e-07,0.0010659,0.00257815,0.00151879,0.00152154,0.00152178,0.00152474,626.062,0.0003
28.47,6728510.0,0.0,3858890.0,1274290.0,8.48745e-07,0.00106421,0.00257646,0.00151878,0.00152154,0.00152177,0.00152473,627.5,0.0003
28.475,6728750.0,0.0,3859010.0,1274290.0,8.4876e-07,0.00107348,0.00258569,0.00151882,0.00152157,0.0015218,0.00152476,627.294,0.0003
28.48,6728750.0,0.0,3859010.0,1274290.0,8.4876e-07,0.00107348,0.00258569,0.00151882,0.00152157,0.0015218,0.00152476,625.629,0.0003
28.485,6728470.0,0.0,3858870.0,1274290.0,8.48743e-07,0.00106275,0.002575,0.00151878,0.00152153,0.00152177,0.00152473,625.629,0.0003
28.49,6728440.0,0.0,3858860.0,1274290.0,8.48741e-07,0.00106142,0.00257368,0.00151877,0.00152153,0.00152176,0.00152472,628.114,0.0003
28.495,6728850.0,0.0,3859060.0,1274290.0,8.48767e-07,0.00107743,0.00258963,0.00151883,0.00152158,0.00152182,0.00152478,628.054,0.0003
28.5,6728850.0,0.0,3859060.0,1274290.0,8.48767e-07,0.00107743,0.00258963,0.00151883,0.00152158,0.00152182,0.00152478,627.569,0.0003
28.505,6728770.0,0.0,3859020.0,1274290.0,8.48762e-07,0.00107431,0.00258652,0.00151882,0.00152157,0.00152181,0.00152477,627.569,0.0003
28.51,6728760.0,0.0,3859010.0,1274290.0,8.48761e-07,0.00107392,0.00258614,0.00151882,0.00152157,0.00152181,0.00152477,625.132,0.0003
28.515,6728360.0,0.0,3858820.0,1274290.0,8.48736e-07,0.00105822,0.00257049,0.00151876,0.00152151,0.00152175,0.00152471,625.497,0.0003
28.52,6728360.0,0.0,3858820.0,1274290.0,8.48736e-07,0.00105822,0.00257049,0.00151876,0.00152151,0.00152175,0.00152471,628.454,0.0003
28.525,6728850.0,0.0,3859050.0,1274290.0,8.48766e-07,0.00107727,0.00258947,0.00151883,0.00152158,0.00152182,0.00152478,628.454,0.0003
28.53,6728910.0,0.0,3859080.0,1274290.0,8.4877e-07,0.00107962,0.00259182,0.00151884,0.00152159,0.00152183,0.00152479,629.754,0.0003
28.535,6729130.0,0.0,3859190.0,1274300.0,8.48784e-07,0.00108799,0.00260016,0.00151887,0.00152162,0.00152186,0.00152482,629.496,0.0003
28.54,6729130.0,0.0,3859190.0,1274300.0,8.48784e-07,0.00108799,0.00260016,0.00151887,0.00152162,0.00152186,0.00152482,627.413,0.0003
28.545,6728780.0,0.0,3859020.0,1274290.0,8.48762e-07,0.00107457,0.00258679,0.00151882,0.00152157,0.00152181,0.00152477,627.413,0.0003
28.55,6728740.0,0.0,3859000.0,1274290.0,8.48759e-07,0.00107291,0.00258513,0.00151881,0.00152157,0.0015218,0.00152476,625.349,0.0003
28.555,6728390.0,0.0,3858830.0,1274290.0,8.48738e-07,0.00105962,0.00257189,0.00151877,0.00152152,0.00152175,0.00152471,625.9,0.0003
28.56,6728390.0,0.0,3858830.0,1274290.0,8.48738e-07,0.00105962,0.00257189,0.00151877,0.00152152,0.00152175,0.00152471,630.356,0.0003
28.565,6729140.0,0.0,3859190.0,1274300.0,8.48784e-07,0.00108832,0.00260049,0.00151887,0.00152162,0.00152186,0.00152482,630.356,0.0003
28.57,6729230.0,0.0,3859240.0,1274300.0,8.4879e-07,0.00109187,0.00260402,0.00151888,0.00152163,0.00152187,0.00152483,627.118,0.0003
28.575,6728690.0,0.0,3858980.0,1274290.0,8.48756e-07,0.00107101,0.00258324,0.00151881,0.00152156,0.0015218,0.00152475,627.351,0.0003
28.58,6728690.0,0.0,3858980.0,1274290.0,8.48756e-07,0.00107101,0.00258324,0.00151881,0.00152156,0.0015218,0.00152475,629.234,0.0003
28.585,6729000.0,0.0,3859130.0,1274300.0,8.48776e-07,0.00108314,0.00259533,0.00151885,0.0015216,0.00152184,0.0015248,629.234,0.0003
28.59,6729040.0,0.0,3859150.0,1274300.0,8.48778e-07,0.00108464,0.00259682,0.00151886,0.00152161,0.00152184,0.0015248,628.485,0.0003
28.595,6728920.0,0.0,3859090.0,1274290.0,8.48771e-07,0.00107982,0.00259201,0.00151884,0.00152159,0.00152183,0.00152479,628.755,0.0003
28.6,6728920.0,0.0,3859090.0,1274290.0,8.48771e-07,0.00107982,0.00259201,0.00151884,0.00152159,0.00152183,0.00152479,630.943,0.0003
28.605,6729280.0,0.0,3859260.0,1274300.0,8.48793e-07,0.00109391,0.00260606,0.00151889,0.00152164,0.00152188,0.00152484,630.943,0.0003
28.61,6729330.0,0.0,3859280.0,1274300.0,8.48796e-07,0.00109565,0.00260779,0.00151889,0.00152165,0.00152188,0.00152484,630.721,0.0003
28.615,6729290.0,0.0,3859270.0,1274300.0,8.48794e-07,0.00109422,0.00260637,0.00151889,0.00152164,0.00152188,0.00152484,630.615,0.0003
28.62,6729290.0,0.0,3859270.0,1274300.0,8.48794e-07,0.00109422,0.00260637,0.00151889,0.00152164,0.00152188,0.00152484,629.756,0.0003
28.625,6729150.0,0.0,3859200.0,1274300.0,8.48785e-07,0.00108869,0.00260085,0.00151887,0.00152162,0.00152186,0.00152482,629.756,0.0003
28.63,6729130.0,0.0,3859190.0,1274300.0,8.48784e-07,0.001088,0.00260017,0.00151887,0.00152162,0.00152186,0.00152482,626.717,0.0003
28.635,6728620.0,0.0,3858950.0,1274290.0,8.48752e-07,0.00106843,0.00258067,0.0015188,0.00152155,0.00152179,0.00152475,626.969,0.0003
28.64,6728620.0,0.0,3858950.0,1274290.0,8.48752e-07,0.00106843,0.00258067,0.0015188,0.00152155,0.00152179,0.00152475,629.014,0.0003
28.645,6728960.0,0.0,3859110.0,1274300.0,8.48773e-07,0.0010816,0.00259379,0.00151885,0.0015216,0.00152183,0.00152479,629.014,0.0003
28.65,6729000.0,0.0,3859130.0,1274300.0,8.48776e-07,0.00108322,0.00259541,0.00151885,0.0015216,0.00152184,0.0015248,628.25,0.0003
28.655,6728880.0,0.0,3859070.0,1274300.0,8.48768e-07,0.0010783,0.00259051,0.00151883,0.00152159,0.00152182,0.00152478,628.6,0.0003
28.66,6728880.0,0.0,3859070.0,1274300.0,8.48768e-07,0.0010783,0.00259051,0.00151883,0.00152159,0.00152182,0.00152478,631.439,0.0003
28.665,6729350.0,0.0,3859300.0,1274300.0,8.48798e-07,0.00109658,0.00260872,0.0015189,0.00152165,0.00152189,0.00152485,631.439,0.0003
28.67,6729410.0,0.0,3859320.0,1274300.0,8.48801e-07,0.00109884,0.00261097,0.00151891,0.00152166,0.00152189,0.00152485,629.048,0.0003
28.675,6729010.0,0.0,3859130.0,1274300.0,8.48776e-07,0.00108345,0.00259563,0.00151885,0.0015216,0.00152184,0.0015248,628.785,0.0003
28.68,6729010.0,0.0,3859130.0,1274300.0,8.48776e-07,0.00108345,0.00259563,0.00151885,0.0015216,0.00152184,0.0015248,626.653,0.0003
28.685,6728650.0,0.0,3858960.0,1274290.0,8.48754e-07,0.00106972,0.00258195,0.0015188,0.00152156,0.00152179,0.00152475,626.653,0.0003
28.69,6728610.0,0.0,3858940.0,1274290.0,8.48751e-07,0.00106802,0.00258026,0.0015188,0.00152155,0.00152178,0.00152474,627.351,0.0003
28.695,6728730.0,0.0,3859000.0,1274290.0,8.48759e-07,0.00107251,0.00258474,0.00151881,0.00152157,0.0015218,0.00152476,627.614,0.0003
28.7,6728730.0,0.0,3859000.0,1274290.0,8.48759e-07,0.00107251,0.00258474,0.00151881,0.00152157,0.0015218,0.00152476,629.746,0.0003
28.705,6729080.0,0.0,3859170.0,1274300.0,8.48781e-07,0.00108625,0.00259842,0.00151886,0.00152161,0.00152185,0.00152481,629.746,0.0003
28.71,6729130.0,0.0,3859190.0,1274300.0,8.48784e-07,0.00108794,0.00260011,0.00151887,0.00152162,0.00152186,0.00152482,629.635,0.0003
28.715,6729110.0,0.0,3859180.0,1274300.0,8.48782e-07,0.00108722,0.00259939,0.00151886,0.00152162,0.00152185,0.00152481,629.535,0.0003
28.72,6729110.0,0.0,3859180.0,1274300.0,8.48782e-07,0.00108722,0.00259939,0.00151886,0.00152162,0.00152185,0.00152481,628.726,0.0003
28.725,6728970.0,0.0,3859120.0,1274300.0,8.48774e-07,0.00108202,0.0025942,0.00151885,0.0015216,0.00152183,0.00152479,628.726,0.0003
28.73,6728960.0,0.0,3859110.0,1274300.0,8.48773e-07,0.00108137,0.00259356,0.00151884,0.0015216,0.00152183,0.00152479,632.711,0.0003
28.735,6729620.0,0.0,3859430.0,1274310.0,8.48815e-07,0.00110704,0.00261914,0.00151894,0.00152169,0.00152192,0.00152488,632.484,0.0003
28.74,6729620.0,0.0,3859430.0,1274310.0,8.48815e-07,0.00110704,0.00261914,0.00151894,0.00152169,0.00152192,0.00152488,630.643,0.0003
28.745,6729310.0,0.0,3859280.0,1274300.0,8.48795e-07,0.00109519,0.00260733,0.00151889,0.00152165,0.00152188,0.00152484,630.643,0.0003
28.75,6729280.0,0.0,3859260.0,1274300.0,8.48793e-07,0.00109372,0.00260587,0.00151889,0.00152164,0.00152188,0.00152484,628.464,0.0003
28.755,6728910.0,0.0,3859090.0,1274300.0,8.4877e-07,0.00107969,0.00259188,0.00151884,0.00152159,0.00152183,0.00152479,628.164,0.0003
28.76,6728910.0,0.0,3859090.0,1274300.0,8.4877e-07,0.00107969,0.00259188,0.00151884,0.00152159,0.00152183,0.00152479,625.736,0.0003
28.765,6728510.0,0.0,3858890.0,1274290.0,8.48745e-07,0.00106404,0.00257629,0.00151878,0.00152153,0.00152177,0.00152473,625.736,0.0003
28.77,6728460.0,0.0,3858870.0,1274290.0,8.48742e-07,0.00106211,0.00257437,0.00151878,0.00152153,0.00152176,0.00152472,629.998,0.0003
28.775,6729170.0,0.0,3859210.0,1274300.0,8.48786e-07,0.00108956,0.00260173,0.00151887,0.00152163,0.00152186,0.00152482,630.036,0.0003
28.78,6729170.0,0.0,3859210.0,1274300.0,8.48786e-07,0.00108956,0.00260173,0.00151887,0.00152163,0.00152186,0.00152482,630.342,0.0003
28.785,6729220.0,0.0,3859230.0,1274300.0,8.48789e-07,0.00109154,0.00260369,0.00151888,0.00152163,0.00152187,0.00152483,630.342,0.0003
28.79,6729230.0,0.0,3859240.0,1274300.0,8.4879e-07,0.00109178,0.00260394,0.00151888,0.00152163,0.00152187,0.00152483,628.071,0.0003
28.795,6728850.0,0.0,3859060.0,1274300.0,8.48766e-07,0.00107715,0.00258936,0.00151883,0.00152158,0.00152182,0.00152478,627.766,0.0003
28.8,6728850.0,0.0,3859060.0,1274300.0,8.48766e-07,0.00107715,0.00258936,0.00151883,0.00152158,0.00152182,0.00152478,625.301,0.0003
28.805,6728430.0,0.0,3858860.0,1274290.0,8.48741e-07,0.00106128,0.00257353,0.00151877,0.00152152,0.00152176,0.00152472,625.301,0.0003
28.81,6728380.0,0.0,3858830.0,1274290.0,8.48737e-07,0.00105931,0.00257158,0.00151877,0.00152152,0.00152175,0.00152471,628.215,0.0003
28.815,6728870.0,0.0,3859070.0,1274300.0,8.48768e-07,0.00107808,0.00259028,0.00151883,0.00152158,0.00152182,0.00152478,628.214,0.0003
28.82,6728870.0,0.0,3859070.0,1274300.0,8.48768e-07,0.00107808,0.00259028,0.00151883,0.00152158,0.00152182,0.00152478,628.2,0.0003
28.825,6728870.0,0.0,3859070.0,1274300.0,8.48768e-07,0.00107799,0.0025902,0.00151883,0.00152158,0.00152182,0.00152478,628.2,0.0003
28.83,6728870.0,0.0,3859070.0,1274300.0,8.48768e-07,0.00107798,0.00259019,0.00151883,0.00152158,0.00152182,0.00152478,630.037,0.0003
28.835,6729170.0,0.0,3859210.0,1274300.0,8.48787e-07,0.00108982,0.00260198,0.00151887,0.00152163,0.00152186,0.00152482,630.2,0.0003
28.84,6729170.0,0.0,3859210.0,1274300.0,8.48787e-07,0.00108982,0.00260198,0.00151887,0.00152163,0.00152186,0.00152482,631.523,0.0003
28.845,6729400.0,0.0,3859320.0,1274300.0,8.488e-07,0.00109833,0.00261046,0.0015189,0.00152166,0.00152189,0.00152485,631.523,0.0003
28.85,6729420.0,0.0,3859330.0,1274300.0,8.48802e-07,0.00109938,0.00261151,0.00151891,0.00152166,0.0015219,0.00152486,633.277,0.0003
28.855,6729720.0,0.0,3859470.0,1274310.0,8.4882e-07,0.00111068,0.00262277,0.00151895,0.0015217,0.00152194,0.0015249,632.813,0.0003
28.86,6729720.0,0.0,3859470.0,1274310.0,8.4882e-07,0.00111068,0.00262277,0.00151895,0.0015217,0.00152194,0.0015249,629.054,0.0003
28.865,6729090.0,0.0,3859170.0,1274300.0,8.48781e-07,0.00108648,0.00259865,0.00151886,0.00152161,0.00152185,0.00152481,629.054,0.0003
28.87,6729010.0,0.0,3859130.0,1274300.0,8.48776e-07,0.00108349,0.00259567,0.00151885,0.0015216,0.00152184,0.0015248,629.022,0.0003
28.875,6729010.0,0.0,3859130.0,1274300.0,8.48776e-07,0.00108328,0.00259546,0.00151885,0.0015216,0.00152184,0.0015248,628.951,0.0003
28.88,6729010.0,0.0,3859130.0,1274300.0,8.48776e-07,0.00108328,0.00259546,0.00151885,0.0015216,0.00152184,0.0015248,628.379,0.0003
28.885,6728910.0,0.0,3859090.0,1274300.0,8.4877e-07,0.00107959,0.00259179,0.00151884,0.00152159,0.00152183,0.00152479,628.379,0.0003
28.89,6728900.0,0.0,3859080.0,1274300.0,8.48769e-07,0.00107914,0.00259134,0.00151884,0.00152159,0.00152182,0.00152478,629.131,0.0003
28.895,6729020.0,0.0,3859140.0,1274300.0,8.48777e-07,0.00108398,0.00259616,0.00151885,0.00152161,0.00152184,0.0015248,629.422,0.0003
28.9,6729020.0,0.0,3859140.0,1274300.0,8.48777e-07,0.00108398,0.00259616,0.00151885,0.00152161,0.00152184,0.0015248,631.782,0.0003
28.905,6729420.0,0.0,3859330.0,1274300.0,8.48802e-07,0.00109918,0.0026113,0.00151891,0.00152166,0.0015219,0.00152486,631.782,0.0003
28.91,6729470.0,0.0,3859350.0,1274310.0,8.48805e-07,0.00110105,0.00261318,0.00151891,0.00152167,0.0015219,0.00152486,629.7,0.0003
28.915,6729120.0,0.0,3859190.0,1274300.0,8.48783e-07,0.00108765,0.00259981,0.00151887,0.00152162,0.00152185,0.00152481,629.419,0.0003
28.92,6729120.0,0.0,3859190.0,1274300.0,8.48783e-07,0.00108765,0.00259981,0.00151887,0.00152162,0.00152185,0.00152481,627.14,0.0003
28.925,6728740.0,0.0,3859000.0,1274300.0,8.48759e-07,0.00107297,0.00258519,0.00151881,0.00152157,0.0015218,0.00152476,627.14,0.0003
28.93,6728690.0,0.0,3858980.0,1274300.0,8.48757e-07,0.00107116,0.00258338,0.00151881,0.00152156,0.0015218,0.00152475,626.703,0.0003
28.935,6728620.0,0.0,3858950.0,1274300.0,8.48752e-07,0.00106834,0.00258058,0.0015188,0.00152155,0.00152179,0.00152474,626.994,0.0003
28.94,6728620.0,0.0,3858950.0,1274300.0,8.48752e-07,0.00106834,0.00258058,0.0015188,0.00152155,0.00152179,0.00152474,629.351,0.0003
28.945,6729010.0,0.0,3859140.0,1274300.0,8.48776e-07,0.00108352,0.00259571,0.00151885,0.0015216,0.00152184,0.0015248,629.351,0.0003
28.95,6729060.0,0.0,3859160.0,1274300.0,8.4878e-07,0.0010854,0.00259758,0.00151886,0.00152161,0.00152185,0.00152481,629.416,0.0003
28.955,6729070.0,0.0,3859160.0,1274300.0,8.4878e-07,0.00108582,0.00259799,0.00151886,0.00152161,0.00152185,0.00152481,629.254,0.0003
28.96,6729070.0,0.0,3859160.0,1274300.0,8.4878e-07,0.00108582,0.00259799,0.00151886,0.00152161,0.00152185,0.00152481,627.942,0.0003
28.965,6728850.0,0.0,3859060.0,1274300.0,8.48767e-07,0.00107737,0.00258957,0.00151883,0.00152158,0.00152182,0.00152478,627.942,0.0003
28.97,6728820.0,0.0,3859050.0,1274300.0,8.48765e-07,0.00107632,0.00258853,0.00151883,0.00152158,0.00152181,0.00152477,628.958,0.0003
28.975,6728990.0,0.0,3859130.0,1274300.0,8.48775e-07,0.00108286,0.00259505,0.00151885,0.0015216,0.00152184,0.0015248,629.218,0.0003
28.98,6728990.0,0.0,3859130.0,1274300.0,8.48775e-07,0.00108286,0.00259505,0.00151885,0.0015216,0.00152184,0.0015248,631.326,0.0003
28.985,6729350.0,0.0,3859300.0,1274300.0,8.48797e-07,0.00109644,0.00260858,0.0015189,0.00152165,0.00152189,0.00152485,631.326,0.0003
28.99,6729390.0,0.0,3859320.0,1274310.0,8.488e-07,0.00109812,0.00261025,0.0015189,0.00152166,0.00152189,0.00152485,626.549,0.0003
28.995,6728590.0,0.0,3858930.0,1274300.0,8.4875e-07,0.00106735,0.00257959,0.00151879,0.00152155,0.00152178,0.00152474,626.637,0.0003
29.0,6728590.0,0.0,3858930.0,1274300.0,8.4875e-07,0.00106735,0.00257959,0.00151879,0.00152155,0.00152178,0.00152474,627.345,0.0003
29.005,6728710.0,0.0,3858990.0,1274300.0,8.48758e-07,0.00107192,0.00258414,0.00151881,0.00152156,0.0015218,0.00152476,627.345,0.0003
29.01,6728730.0,0.0,3859000.0,1274300.0,8.48759e-07,0.00107248,0.0025847,0.00151881,0.00152156,0.0015218,0.00152476,633.775,0.0003
29.015,6729800.0,0.0,3859510.0,1274310.0,8.48826e-07,0.00111389,0.00262597,0.00151896,0.00152171,0.00152195,0.00152491,633.514,0.0003
29.02,6729800.0,0.0,3859510.0,1274310.0,8.48826e-07,0.00111389,0.00262597,0.00151896,0.00152171,0.00152195,0.00152491,631.403,0.0003
29.025,6729450.0,0.0,3859350.0,1274310.0,8.48804e-07,0.0011003,0.00261242,0.00151891,0.00152166,0.0015219,0.00152486,631.403,0.0003
29.03,6729400.0,0.0,3859320.0,1274310.0,8.48801e-07,0.00109862,0.00261075,0.0015189,0.00152166,0.00152189,0.00152485,628.665,0.0003
29.035,6728950.0,0.0,3859100.0,1274300.0,8.48772e-07,0.00108098,0.00259317,0.00151884,0.00152159,0.00152183,0.00152479,628.484,0.0003
29.04,6728950.0,0.0,3859100.0,1274300.0,8.48772e-07,0.00108098,0.00259317,0.00151884,0.00152159,0.00152183,0.00152479,627.018,0.0003
29.045,6728700.0,0.0,3858990.0,1274300.0,8.48757e-07,0.00107154,0.00258376,0.00151881,0.00152156,0.0015218,0.00152476,627.018,0.0003
29.05,6728670.0,0.0,3858970.0,1274300.0,8.48755e-07,0.00107037,0.0025826,0.0015188,0.00152156,0.00152179,0.00152475,633.023,0.0003
29.055,6729670.0,0.0,3859450.0,1274310.0,8.48818e-07,0.00110905,0.00262115,0.00151894,0.00152169,0.00152193,0.00152489,632.696,0.0003
29.06,6729670.0,0.0,3859450.0,1274310.0,8.48818e-07,0.00110905,0.00262115,0.00151894,0.00152169,0.00152193,0.00152489,630.042,0.0003
29.065,6729230.0,0.0,3859240.0,1274300.0,8.4879e-07,0.00109196,0.00260411,0.00151888,0.00152163,0.00152187,0.00152483,630.042,0.0003
29.07,6729180.0,0.0,3859220.0,1274300.0,8.48787e-07,0.00108985,0.00260201,0.00151887,0.00152163,0.00152186,0.00152482,628.763,0.0003
29.075,6728960.0,0.0,3859110.0,1274300.0,8.48773e-07,0.00108161,0.0025938,0.00151884,0.0015216,0.00152183,0.00152479,628.702,0.0003
29.08,6728960.0,0.0,3859110.0,1274300.0,8.48773e-07,0.00108161,0.0025938,0.00151884,0.0015216,0.00152183,0.00152479,628.212,0.0003
29.085,6728880.0,0.0,3859070.0,1274300.0,8.48768e-07,0.00107845,0.00259065,0.00151883,0.00152159,0.00152182,0.00152478,628.212,0.0003
29.09,6728870.0,0.0,3859070.0,1274300.0,8.48768e-07,0.00107806,0.00259026,0.00151883,0.00152158,0.00152182,0.00152478,630.616,0.0003
29.095,6729270.0,0.0,3859260.0,1274300.0,8.48793e-07,0.00109355,0.0026057,0.00151889,0.00152164,0.00152187,0.00152483,630.413,0.0003
29.1,6729270.0,0.0,3859260.0,1274310.0,8.48793e-07,0.00109355,0.0026057,0.00151889,0.00152164,0.00152187,0.00152483,628.763,0.0003
29.105,6729000.0,0.0,3859130.0,1274300.0,8.48776e-07,0.00108292,0.0025951,0.00151885,0.0015216,0.00152184,0.0015248,628.763,0.0003
29.11,6728960.0,0.0,3859110.0,1274300.0,8.48773e-07,0.00108161,0.0025938,0.00151884,0.0015216,0.00152183,0.00152479,631.587,0.0003
29.115,6729430.0,0.0,3859340.0,1274310.0,8.48803e-07,0.0010998,0.00261192,0.00151891,0.00152166,0.0015219,0.00152486,631.418,0.0003
29.12,6729430.0,0.0,3859340.0,1274310.0,8.48803e-07,0.0010998,0.00261192,0.00151891,0.00152166,0.0015219,0.00152486,630.046,0.0003
29.125,6729200.0,0.0,3859230.0,1274300.0,8.48789e-07,0.00109097,0.00260312,0.00151888,0.00152163,0.00152187,0.00152483,630.046,0.0003
29.13,6729180.0,0.0,3859220.0,1274300.0,8.48787e-07,0.00108988,0.00260204,0.00151887,0.00152163,0.00152186,0.00152482,627.099,0.0003
29.135,6728680.0,0.0,3858980.0,1274300.0,8.48756e-07,0.00107089,0.00258312,0.00151881,0.00152156,0.00152179,0.00152475,627.151,0.0003
29.14,6728680.0,0.0,3858980.0,1274300.0,8.48756e-07,0.00107089,0.00258312,0.00151881,0.00152156,0.00152179,0.00152475,627.571,0.0003
29.145,6728750.0,0.0,3859010.0,1274300.0,8.4876e-07,0.0010736,0.00258582,0.00151882,0.00152157,0.0015218,0.00152476,627.571,0.0003
29.15,6728760.0,0.0,3859020.0,1274300.0,8.48761e-07,0.00107393,0.00258615,0.00151882,0.00152157,0.0015218,0.00152476,627.719,0.0003
29.155,6728790.0,0.0,3859030.0,1274300.0,8.48763e-07,0.00107489,0.0025871,0.00151882,0.00152157,0.00152181,0.00152477,628.045,0.0003
29.16,6728790.0,0.0,3859030.0,1274300.0,8.48763e-07,0.00107489,0.0025871,0.00151882,0.00152157,0.00152181,0.00152477,630.684,0.0003
29.165,6729230.0,0.0,3859240.0,1274310.0,8.4879e-07,0.00109188,0.00260404,0.00151888,0.00152163,0.00152187,0.00152483,630.684,0.0003
29.17,6729280.0,0.0,3859270.0,1274310.0,8.48793e-07,0.00109398,0.00260613,0.00151889,0.00152164,0.00152188,0.00152484,626.111,0.0003
29.175,6728520.0,0.0,3858900.0,1274300.0,8.48746e-07,0.00106453,0.00257677,0.00151878,0.00152154,0.00152177,0.00152473,626.459,0.0003
29.18,6728520.0,0.0,3858900.0,1274300.0,8.48746e-07,0.00106453,0.00257677,0.00151878,0.00152154,0.00152177,0.00152473,629.278,0.0003
29.185,6728990.0,0.0,3859130.0,1274300.0,8.48775e-07,0.00108269,0.00259487,0.00151885,0.0015216,0.00152184,0.0015248,629.278,0.0003
29.19,6729050.0,0.0,3859150.0,1274300.0,8.48779e-07,0.00108493,0.00259711,0.00151886,0.00152161,0.00152184,0.0015248,627.863,0.0003
29.195,6728810.0,0.0,3859040.0,1274300.0,8.48764e-07,0.00107581,0.00258802,0.00151882,0.00152158,0.00152181,0.00152477,627.925,0.0003
29.2,6728810.0,0.0,3859040.0,1274300.0,8.48764e-07,0.00107581,0.00258802,0.00151882,0.00152158,0.00152181,0.00152477,628.427,0.0003
29.205,6728900.0,0.0,3859080.0,1274300.0,8.48769e-07,0.00107905,0.00259124,0.00151884,0.00152159,0.00152182,0.00152478,628.427,0.0003
29.21,6728910.0,0.0,3859090.0,1274300.0,8.4877e-07,0.00107944,0.00259164,0.00151884,0.00152159,0.00152182,0.00152478,631.772,0.0003
29.215,6729460.0,0.0,3859350.0,1274310.0,8.48805e-07,0.00110099,0.00261311,0.00151891,0.00152167,0.0015219,0.00152486,631.452,0.0003
29.22,6729460.0,0.0,3859350.0,1274310.0,8.48805e-07,0.00110099,0.00261311,0.00151891,0.00152167,0.0015219,0.00152486,628.859,0.0003
29.225,6729030.0,0.0,3859150.0,1274300.0,8.48778e-07,0.00108429,0.00259647,0.00151885,0.00152161,0.00152184,0.0015248,628.859,0.0003
29.23,6728980.0,0.0,3859120.0,1274300.0,8.48774e-07,0.00108223,0.00259441,0.00151885,0.0015216,0.00152183,0.00152479,629.038,0.0003
29.235,6729010.0,0.0,3859140.0,1274300.0,8.48776e-07,0.00108338,0.00259556,0.00151885,0.0015216,0.00152184,0.0015248,629.121,0.0003
29.24,6729010.0,0.0,3859140.0,1274300.0,8.48776e-07,0.00108338,0.00259556,0.00151885,0.0015216,0.00152184,0.0015248,629.801,0.0003
29.245,6729120.0,0.0,3859190.0,1274300.0,8.48783e-07,0.00108775,0.00259992,0.00151887,0.00152162,0.00152185,0.00152481,629.801,0.0003
29.25,6729140.0,0.0,3859200.0,1274310.0,8.48784e-07,0.00108829,0.00260046,0.00151887,0.00152162,0.00152186,0.00152482,624.368,0.0003
29.255,6728230.0,0.0,3858760.0,1274290.0,8.48728e-07,0.00105331,0.00256559,0.00151874,0.0015215,0.00152173,0.00152469,624.927,0.0003
29.26,6728230.0,0.0,3858760.0,1274290.0,8.48728e-07,0.00105331,0.00256559,0.00151874,0.0015215,0.00152173,0.00152469,629.447,0.0003
29.265,6728980.0,0.0,3859120.0,1274300.0,8.48775e-07,0.00108242,0.0025946,0.00151885,0.0015216,0.00152183,0.00152479,629.447,0.0003
29.27,6729080.0,0.0,3859170.0,1274300.0,8.48781e-07,0.00108601,0.00259819,0.00151886,0.00152161,0.00152185,0.00152481,628.554,0.0003
29.275,6728930.0,0.0,3859100.0,1274300.0,8.48771e-07,0.00108026,0.00259245,0.00151884,0.00152159,0.00152183,0.00152479,628.185,0.0003
29.28,6728930.0,0.0,3859100.0,1274300.0,8.48771e-07,0.00108026,0.00259245,0.00151884,0.00152159,0.00152183,0.00152479,625.198,0.0003
29.285,6728430.0,0.0,3858860.0,1274300.0,8.4874e-07,0.00106103,0.00257328,0.00151877,0.00152152,0.00152176,0.00152472,625.198,0.0003
29.29,6728370.0,0.0,3858830.0,1274300.0,8.48736e-07,0.00105865,0.00257092,0.00151876,0.00152151,0.00152175,0.00152471,625.681,0.0003
29.295,6728450.0,0.0,3858870.0,1274300.0,8.48741e-07,0.00106176,0.00257402,0.00151877,0.00152153,0.00152176,0.00152472,625.813,0.0003
29.3,6728450.0,0.0,3858870.0,1274300.0,8.48741e-07,0.00106176,0.00257402,0.00151877,0.00152153,0.00152176,0.00152472,626.883,0.0003
29.305,6728630.0,0.0,3858950.0,1274300.0,8.48752e-07,0.00106865,0.00258088,0.0015188,0.00152155,0.00152179,0.00152475,626.883,0.0003
29.31,6728650.0,0.0,3858960.0,1274300.0,8.48754e-07,0.0010695,0.00258173,0.0015188,0.00152155,0.00152179,0.00152475,629.342,0.0003
29.315,6729060.0,0.0,3859160.0,1274300.0,8.48779e-07,0.00108534,0.00259751,0.00151886,0.00152161,0.00152185,0.00152481,628.984,0.0003
29.32,6729060.0,0.0,3859160.0,1274300.0,8.48779e-07,0.00108534,0.00259751,0.00151886,0.00152161,0.00152185,0.00152481,626.091,0.0003
29.325,6728580.0,0.0,3858930.0,1274300.0,8.48749e-07,0.0010667,0.00257894,0.00151879,0.00152154,0.00152178,0.00152474,626.091,0.0003
29.33,6728520.0,0.0,3858900.0,1274300.0,8.48746e-07,0.0010644,0.00257665,0.00151878,0.00152154,0.00152177,0.00152473,625.357,0.0003
29.335,6728390.0,0.0,3858840.0,1274300.0,8.48738e-07,0.00105967,0.00257194,0.00151877,0.00152152,0.00152175,0.00152471,625.719,0.0003
29.34,6728390.0,0.0,3858840.0,1274300.0,8.48738e-07,0.00105967,0.00257194,0.00151877,0.00152152,0.00152175,0.00152471,628.654,0.0003
29.345,6728880.0,0.0,3859080.0,1274300.0,8.48768e-07,0.00107857,0.00259077,0.00151883,0.00152159,0.00152182,0.00152478,628.654,0.0003
29.35,6728940.0,0.0,3859110.0,1274300.0,8.48772e-07,0.00108091,0.0025931,0.00151884,0.00152159,0.00152183,0.00152479,630.747,0.0003
29.355,6729290.0,0.0,3859270.0,1274310.0,8.48794e-07,0.00109439,0.00260653,0.00151889,0.00152164,0.00152188,0.00152484,630.512,0.0003
29.36,6729290.0,0.0,3859270.0,1274310.0,8.48794e-07,0.00109439,0.00260653,0.00151889,0.00152164,0.00152188,0.00152484,628.608,0.0003
29.365,6728980.0,0.0,3859120.0,1274300.0,8.48774e-07,0.00108213,0.00259431,0.00151885,0.0015216,0.00152183,0.00152479,628.608,0.0003
29.37,6728940.0,0.0,3859100.0,1274300.0,8.48772e-07,0.00108061,0.00259281,0.00151884,0.00152159,0.00152183,0.00152479,628.371,0.0003
29.375,6728900.0,0.0,3859080.0,1274300.0,8.48769e-07,0.00107908,0.00259128,0.00151883,0.00152159,0.00152182,0.00152478,628.246,0.0003
29.38,6728900.0,0.0,3859080.0,1274300.0,8.48769e-07,0.00107908,0.00259128,0.00151883,0.00152159,0.00152182,0.00152478,627.235,0.0003
29.385,6728730.0,0.0,3859000.0,1274300.0,8.48759e-07,0.00107257,0.00258479,0.00151881,0.00152156,0.0015218,0.00152476,627.235,0.0003
29.39,6728710.0,0.0,3858990.0,1274300.0,8.48757e-07,0.00107177,0.00258399,0.00151881,0.00152156,0.0015218,0.00152476,627.465,0.0003
29.395,6728750.0,0.0,3859010.0,1274300.0,8.4876e-07,0.00107325,0.00258547,0.00151881,0.00152157,0.0015218,0.00152476,627.531,0.0003
29.4,6728750.0,0.0,3859010.0,1274300.0,8.4876e-07,0.00107325,0.00258547,0.00151881,0.00152157,0.0015218,0.00152476,628.07,0.0003
29.405,6728840.0,0.0,3859050.0,1274300.0,8.48765e-07,0.00107672,0.00258892,0.00151883,0.00152158,0.00152181,0.00152477,628.07,0.0003
29.41,6728850.0,0.0,3859060.0,1274300.0,8.48766e-07,0.00107715,0.00258935,0.00151883,0.00152158,0.00152182,0.00152478,627.18,0.0003
29.415,6728700.0,0.0,3858990.0,1274300.0,8.48757e-07,0.00107142,0.00258364,0.00151881,0.00152156,0.0015218,0.00152475,627.233,0.0003
29.42,6728700.0,0.0,3858990.0,1274300.0,8.48757e-07,0.00107142,0.00258364,0.00151881,0.00152156,0.0015218,0.00152475,627.659,0.0003
29.425,6728770.0,0.0,3859020.0,1274300.0,8.48761e-07,0.00107416,0.00258638,0.00151882,0.00152157,0.00152181,0.00152476,627.659,0.0003
29.43,6728780.0,0.0,3859030.0,1274300.0,8.48762e-07,0.0010745,0.00258672,0.00151882,0.00152157,0.00152181,0.00152477,630.765,0.0003
29.435,6729300.0,0.0,3859280.0,1274310.0,8.48794e-07,0.00109451,0.00260665,0.00151889,0.00152164,0.00152188,0.00152484,630.455,0.0003
29.44,6729300.0,0.0,3859280.0,1274310.0,8.48794e-07,0.00109451,0.00260665,0.00151889,0.00152164,0.00152188,0.00152484,627.94,0.0003
29.445,6728880.0,0.0,3859070.0,1274300.0,8.48768e-07,0.00107831,0.00259051,0.00151883,0.00152158,0.00152182,0.00152478,627.94,0.0003
29.45,6728820.0,0.0,3859050.0,1274300.0,8.48765e-07,0.00107631,0.00258851,0.00151883,0.00152158,0.00152181,0.00152477,628.441,0.0003
29.455,6728910.0,0.0,3859090.0,1274300.0,8.4877e-07,0.00107954,0.00259173,0.00151884,0.00152159,0.00152182,0.00152478,628.712,0.0003
29.46,6728910.0,0.0,3859090.0,1274300.0,8.4877e-07,0.00107954,0.00259173,0.00151884,0.00152159,0.00152182,0.00152478,630.903,0.0003
29.465,6729270.0,0.0,3859260.0,1274310.0,8.48793e-07,0.00109365,0.0026058,0.00151889,0.00152164,0.00152187,0.00152483,630.903,0.0003
29.47,6729320.0,0.0,3859290.0,1274310.0,8.48796e-07,0.00109539,0.00260753,0.00151889,0.00152165,0.00152188,0.00152484,624.077,0.0003
29.475,6728180.0,0.0,3858740.0,1274300.0,8.48725e-07,0.00105143,0.00256372,0.00151874,0.00152149,0.00152172,0.00152468,624.886,0.0003
29.48,6728180.0,0.0,3858740.0,1274300.0,8.48725e-07,0.00105143,0.00256372,0.00151874,0.00152149,0.00152172,0.00152468,631.439,0.0003
29.485,6729270.0,0.0,3859260.0,1274310.0,8.48793e-07,0.00109363,0.00260578,0.00151889,0.00152164,0.00152187,0.00152483,631.439,0.0003
29.49,6729410.0,0.0,3859330.0,1274310.0,8.48801e-07,0.00109884,0.00261097,0.0015189,0.00152166,0.00152189,0.00152485,628.911,0.0003
29.495,6728990.0,0.0,3859130.0,1274310.0,8.48775e-07,0.00108256,0.00259475,0.00151885,0.0015216,0.00152183,0.00152479,628.987,0.0003
29.5,6728990.0,0.0,3859130.0,1274310.0,8.48775e-07,0.00108256,0.00259475,0.00151885,0.0015216,0.00152183,0.00152479,629.604,0.0003
29.505,6729090.0,0.0,3859180.0,1274310.0,8.48781e-07,0.00108654,0.00259871,0.00151886,0.00152161,0.00152185,0.00152481,629.604,0.0003
29.51,6729100.0,0.0,3859180.0,1274310.0,8.48782e-07,0.00108703,0.0025992,0.00151886,0.00152162,0.00152185,0.00152481,627.011,0.0003
29.515,6728670.0,0.0,3858970.0,1274300.0,8.48755e-07,0.00107033,0.00258256,0.0015188,0.00152156,0.00152179,0.00152475,627.491,0.0003
29.52,6728670.0,0.0,3858970.0,1274300.0,8.48755e-07,0.00107033,0.00258256,0.0015188,0.00152156,0.00152179,0.00152475,631.371,0.0003
29.525,6729320.0,0.0,3859290.0,1274310.0,8.48796e-07,0.00109532,0.00260746,0.00151889,0.00152165,0.00152188,0.00152484,631.371,0.0003
29.53,6729400.0,0.0,3859320.0,1274310.0,8.48801e-07,0.00109841,0.00261054,0.0015189,0.00152166,0.00152189,0.00152485,628.137,0.0003
29.535,6728860.0,0.0,3859060.0,1274310.0,8.48767e-07,0.00107758,0.00258978,0.00151883,0.00152158,0.00152182,0.00152478,628.411,0.0003
29.54,6728860.0,0.0,3859060.0,1274310.0,8.48767e-07,0.00107758,0.00258978,0.00151883,0.00152158,0.00152182,0.00152478,630.632,0.0003
29.545,6729230.0,0.0,3859240.0,1274310.0,8.4879e-07,0.00109188,0.00260404,0.00151888,0.00152163,0.00152187,0.00152483,630.632,0.0003
29.55,6729270.0,0.0,3859270.0,1274310.0,8.48793e-07,0.00109365,0.0026058,0.00151889,0.00152164,0.00152187,0.00152483,628.564,0.0003
29.555,6728930.0,0.0,3859100.0,1274310.0,8.48771e-07,0.00108033,0.00259252,0.00151884,0.00152159,0.00152183,0.00152479,628.272,0.0003
29.56,6728930.0,0.0,3859100.0,1274310.0,8.48771e-07,0.00108033,0.00259252,0.00151884,0.00152159,0.00152183,0.00152479,625.903,0.0003
29.565,6728530.0,0.0,3858910.0,1274300.0,8.48747e-07,0.00106507,0.00257732,0.00151878,0.00152154,0.00152177,0.00152473,625.903,0.0003
29.57,6728480.0,0.0,3858890.0,1274300.0,8.48744e-07,0.00106319,0.00257544,0.00151878,0.00152153,0.00152177,0.00152473,628.597,0.0003
29.575,6728930.0,0.0,3859100.0,1274310.0,8.48772e-07,0.00108054,0.00259273,0.00151884,0.00152159,0.00152183,0.00152479,628.544,0.0003
29.58,6728930.0,0.0,3859100.0,1274310.0,8.48772e-07,0.00108054,0.00259273,0.00151884,0.00152159,0.00152183,0.00152479,628.118,0.0003
29.585,6728860.0,0.0,3859070.0,1274310.0,8.48767e-07,0.0010778,0.00259,0.00151883,0.00152158,0.00152182,0.00152478,628.118,0.0003
29.59,6728850.0,0.0,3859060.0,1274310.0,8.48767e-07,0.00107746,0.00258966,0.00151883,0.00152158,0.00152182,0.00152478,634.342,0.0003
29.595,6729890.0,0.0,3859560.0,1274320.0,8.48831e-07,0.00111754,0.00262961,0.00151897,0.00152172,0.00152196,0.00152492,633.726,0.0003
29.6,6729890.0,0.0,3859560.0,1274320.0,8.48831e-07,0.00111754,0.00262961,0.00151897,0.00152172,0.00152196,0.00152492,628.738,0.0003
29.605,6729060.0,0.0,3859160.0,1274310.0,8.4878e-07,0.00108542,0.0025976,0.00151886,0.00152161,0.00152184,0.0015248,628.738,0.0003
29.61,6728960.0,0.0,3859110.0,1274310.0,8.48773e-07,0.00108145,0.00259364,0.00151884,0.0015216,0.00152183,0.00152479,626.438,0.0003
29.615,6728570.0,0.0,3858930.0,1274300.0,8.48749e-07,0.00106664,0.00257888,0.00151879,0.00152154,0.00152178,0.00152474,626.478,0.0003
29.62,6728570.0,0.0,3858930.0,1274300.0,8.48749e-07,0.00106664,0.00257888,0.00151879,0.00152154,0.00152178,0.00152474,626.798,0.0003
29.625,6728630.0,0.0,3858950.0,1274300.0,8.48753e-07,0.0010687,0.00258093,0.0015188,0.00152155,0.00152179,0.00152474,626.798,0.0003
29.63,6728630.0,0.0,3858960.0,1274300.0,8.48753e-07,0.00106896,0.00258119,0.0015188,0.00152155,0.00152179,0.00152475,631.215,0.0003
29.635,6729370.0,0.0,3859310.0,1274310.0,8.48799e-07,0.0010974,0.00260954,0.0015189,0.00152165,0.00152189,0.00152485,631.214,0.0003
29.64,6729370.0,0.0,3859310.0,1274310.0,8.48799e-07,0.0010974,0.00260954,0.0015189,0.00152165,0.00152189,0.00152485,631.209,0.0003
29.645,6729370.0,0.0,3859310.0,1274310.0,8.48799e-07,0.00109737,0.0026095,0.0015189,0.00152165,0.00152189,0.00152485,631.209,0.0003
29.65,6729370.0,0.0,3859310.0,1274310.0,8.48799e-07,0.00109736,0.0026095,0.0015189,0.00152165,0.00152189,0.00152485,630.576,0.0003
29.655,6729270.0,0.0,3859260.0,1274310.0,8.48792e-07,0.00109329,0.00260544,0.00151888,0.00152164,0.00152187,0.00152483,630.557,0.0003
29.66,6729270.0,0.0,3859260.0,1274310.0,8.48792e-07,0.00109329,0.00260544,0.00151888,0.00152164,0.00152187,0.00152483,630.403,0.0003
29.665,6729240.0,0.0,3859250.0,1274310.0,8.48791e-07,0.0010923,0.00260445,0.00151888,0.00152163,0.00152187,0.00152483,630.403,0.0003
29.67,6729240.0,0.0,3859250.0,1274310.0,8.4879e-07,0.00109217,0.00260433,0.00151888,0.00152163,0.00152187,0.00152483,627.336,0.0003
29.675,6728720.0,0.0,3859000.0,1274300.0,8.48759e-07,0.00107242,0.00258464,0.00151881,0.00152156,0.0015218,0.00152476,627.494,0.0003
29.68,6728720.0,0.0,3859000.0,1274310.0,8.48759e-07,0.00107242,0.00258464,0.00151881,0.00152156,0.0015218,0.00152476,628.773,0.0003
29.685,6728940.0,0.0,3859100.0,1274310.0,8.48772e-07,0.00108066,0.00259285,0.00151884,0.00152159,0.00152183,0.00152479,628.773,0.0003
29.69,6728960.0,0.0,3859120.0,1274310.0,8.48774e-07,0.00108168,0.00259387,0.00151884,0.0015216,0.00152183,0.00152479,628.697,0.0003
29.695,6728950.0,0.0,3859110.0,1274310.0,8.48773e-07,0.00108118,0.00259337,0.00151884,0.00152159,0.00152183,0.00152479,628.843,0.0003
29.7,6728950.0,0.0,3859110.0,1274310.0,8.48773e-07,0.00108118,0.00259337,0.00151884,0.00152159,0.00152183,0.00152479,630.027,0.0003
29.705,6729150.0,0.0,3859210.0,1274310.0,8.48785e-07,0.00108881,0.00260097,0.00151887,0.00152162,0.00152186,0.00152482,630.027,0.0003
29.71,6729170.0,0.0,3859220.0,1274310.0,8.48787e-07,0.00108975,0.00260191,0.00151887,0.00152162,0.00152186,0.00152482,631.998,0.0003
29.715,6729500.0,0.0,3859380.0,1274310.0,8.48807e-07,0.00110245,0.00261456,0.00151892,0.00152167,0.00152191,0.00152487,631.867,0.0003
29.72,6729500.0,0.0,3859380.0,1274320.0,8.48807e-07,0.00110245,0.00261456,0.00151892,0.00152167,0.00152191,0.00152487,630.805,0.0003
29.725,6729330.0,0.0,3859290.0,1274310.0,8.48796e-07,0.00109561,0.00260775,0.00151889,0.00152165,0.00152188,0.00152484,630.805,0.0003
29.73,6729300.0,0.0,3859280.0,1274310.0,8.48795e-07,0.00109477,0.00260691,0.00151889,0.00152164,0.00152188,0.00152484,630.199,0.0003
29.735,6729200.0,0.0,3859230.0,1274310.0,8.48788e-07,0.00109086,0.00260302,0.00151888,0.00152163,0.00152186,0.00152482,630.179,0.0003
29.74,6729200.0,0.0,3859230.0,1274310.0,8.48788e-07,0.00109086,0.00260302,0.00151888,0.00152163,0.00152186,0.00152482,630.02,0.0003
29.745,6729180.0,0.0,3859220.0,1274310.0,8.48787e-07,0.00108984,0.002602,0.00151887,0.00152163,0.00152186,0.00152482,630.02,0.0003
29.75,6729170.0,0.0,3859220.0,1274310.0,8.48786e-07,0.00108971,0.00260187,0.00151887,0.00152162,0.00152186,0.00152482,626.69,0.0003
29.755,6728620.0,0.0,3858950.0,1274300.0,8.48752e-07,0.00106826,0.00258049,0.0015188,0.00152155,0.00152178,0.00152474,626.941,0.0003
29.76,6728620.0,0.0,3858950.0,1274300.0,8.48752e-07,0.00106826,0.00258049,0.0015188,0.00152155,0.00152178,0.00152474,628.974,0.0003
29.765,6728960.0,0.0,3859110.0,1274310.0,8.48773e-07,0.00108135,0.00259354,0.00151884,0.00152159,0.00152183,0.00152479,628.974,0.0003
29.77,6729000.0,0.0,3859130.0,1274310.0,8.48776e-07,0.00108297,0.00259515,0.00151885,0.0015216,0.00152184,0.0015248,625.186,0.0003
29.775,6728360.0,0.0,3858830.0,1274300.0,8.48736e-07,0.00105857,0.00257084,0.00151876,0.00152151,0.00152175,0.00152471,625.84,0.0003
29.78,6728360.0,0.0,3858830.0,1274300.0,8.48736e-07,0.00105857,0.00257084,0.00151876,0.00152151,0.00152175,0.00152471,631.138,0.0003
29.785,6729250.0,0.0,3859250.0,1274310.0,8.48791e-07,0.00109269,0.00260484,0.00151888,0.00152164,0.00152187,0.00152483,631.138,0.0003
29.79,6729360.0,0.0,3859310.0,1274310.0,8.48798e-07,0.00109691,0.00260904,0.0015189,0.00152165,0.00152189,0.00152485,625.522,0.0003
29.795,6728420.0,0.0,3858860.0,1274300.0,8.4874e-07,0.00106074,0.002573,0.00151877,0.00152152,0.00152176,0.00152472,625.587,0.0003
29.8,6728420.0,0.0,3858860.0,1274300.0,8.4874e-07,0.00106074,0.002573,0.00151877,0.00152152,0.00152176,0.00152472,626.115,0.0003
29.805,6728510.0,0.0,3858900.0,1274300.0,8.48745e-07,0.00106414,0.00257638,0.00151878,0.00152153,0.00152177,0.00152473,626.115,0.0003
29.81,6728520.0,0.0,3858900.0,1274300.0,8.48746e-07,0.00106456,0.0025768,0.00151878,0.00152153,0.00152177,0.00152473,626.886,0.0003
29.815,6728650.0,0.0,3858970.0,1274310.0,8.48754e-07,0.00106952,0.00258175,0.0015188,0.00152155,0.00152179,0.00152475,627.123,0.0003
29.82,6728650.0,0.0,3858970.0,1274310.0,8.48754e-07,0.00106952,0.00258175,0.0015188,0.00152155,0.00152179,0.00152475,629.047,0.0003
29.825,6728970.0,0.0,3859120.0,1274310.0,8.48774e-07,0.00108191,0.00259409,0.00151884,0.0015216,0.00152183,0.00152479,629.047,0.0003
29.83,6729010.0,0.0,3859140.0,1274310.0,8.48776e-07,0.00108344,0.00259562,0.00151885,0.0015216,0.00152184,0.0015248,627.553,0.0003
29.835,6728760.0,0.0,3859020.0,1274310.0,8.48761e-07,0.00107382,0.00258603,0.00151882,0.00152157,0.0015218,0.00152476,627.168,0.0003
29.84,6728760.0,0.0,3859020.0,1274310.0,8.48761e-07,0.00107382,0.00258603,0.00151882,0.00152157,0.0015218,0.00152476,624.05,0.0003
29.845,6728240.0,0.0,3858770.0,1274300.0,8.48728e-07,0.00105374,0.00256602,0.00151874,0.0015215,0.00152173,0.00152469,624.05,0.0003
29.85,6728170.0,0.0,3858740.0,1274300.0,8.48724e-07,0.00105125,0.00256355,0.00151874,0.00152149,0.00152172,0.00152468,624.829,0.0003
29.855,6728300.0,0.0,3858800.0,1274300.0,8.48732e-07,0.00105628,0.00256855,0.00151875,0.00152151,0.00152174,0.0015247,625.27,0.0003
29.86,6728300.0,0.0,3858800.0,1274300.0,8.48732e-07,0.00105628,0.00256855,0.00151875,0.00152151,0.00152174,0.0015247,628.842,0.0003
29.865,6728900.0,0.0,3859090.0,1274310.0,8.4877e-07,0.00107928,0.00259148,0.00151883,0.00152159,0.00152182,0.00152478,628.842,0.0003
29.87,6728980.0,0.0,3859120.0,1274310.0,8.48774e-07,0.00108212,0.00259431,0.00151884,0.0015216,0.00152183,0.00152479,627.332,0.0003
29.875,6728720.0,0.0,3859000.0,1274310.0,8.48759e-07,0.00107239,0.00258461,0.00151881,0.00152156,0.0015218,0.00152476,627.367,0.0003
29.88,6728720.0,0.0,3859000.0,1274310.0,8.48759e-07,0.00107239,0.00258461,0.00151881,0.00152156,0.0015218,0.00152476,627.655,0.0003
29.885,6728770.0,0.0,3859030.0,1274310.0,8.48762e-07,0.00107425,0.00258646,0.00151882,0.00152157,0.0015218,0.00152476,627.655,0.0003
29.89,6728780.0,0.0,3859030.0,1274310.0,8.48762e-07,0.00107448,0.00258669,0.00151882,0.00152157,0.00152181,0.00152477,625.533,0.0003
29.895,6728420.0,0.0,3858860.0,1274300.0,8.4874e-07,0.00106081,0.00257306,0.00151877,0.00152152,0.00152176,0.00152472,625.534,0.0003
29.9,6728420.0,0.0,3858860.0,1274300.0,8.4874e-07,0.00106081,0.00257306,0.00151877,0.00152152,0.00152176,0.00152472,625.549,0.0003
29.905,6728420.0,0.0,3858860.0,1274300.0,8.4874e-07,0.0010609,0.00257316,0.00151877,0.00152152,0.00152176,0.00152472,625.549,0.0003
29.91,6728430.0,0.0,3858860.0,1274300.0,8.4874e-07,0.00106091,0.00257317,0.00151877,0.00152152,0.00152176,0.00152472,624.76,0.0003
29.915,6728290.0,0.0,3858800.0,1274300.0,8.48732e-07,0.00105583,0.00256811,0.00151875,0.0015215,0.00152174,0.0015247,625.212,0.0003
29.92,6728290.0,0.0,3858800.0,1274300.0,8.48732e-07,0.00105583,0.00256811,0.00151875,0.0015215,0.00152174,0.0015247,628.868,0.0003
29.925,6728900.0,0.0,3859090.0,1274310.0,8.4877e-07,0.00107938,0.00259157,0.00151884,0.00152159,0.00152182,0.00152478,628.868,0.0003
29.93,6728980.0,0.0,3859130.0,1274310.0,8.48775e-07,0.00108229,0.00259447,0.00151885,0.0015216,0.00152183,0.00152479,632.042,0.0003
29.935,6729510.0,0.0,3859380.0,1274320.0,8.48808e-07,0.00110273,0.00261484,0.00151892,0.00152167,0.00152191,0.00152487,631.763,0.0003
29.94,6729510.0,0.0,3859380.0,1274320.0,8.48808e-07,0.00110273,0.00261484,0.00151892,0.00152167,0.00152191,0.00152487,629.506,0.0003
29.945,6729130.0,0.0,3859200.0,1274310.0,8.48784e-07,0.00108819,0.00260036,0.00151887,0.00152162,0.00152185,0.00152481,629.506,0.0003
29.95,6729090.0,0.0,3859180.0,1274310.0,8.48781e-07,0.0010864,0.00259857,0.00151886,0.00152161,0.00152185,0.00152481,629.016,0.0003
29.955,6729000.0,0.0,3859140.0,1274310.0,8.48776e-07,0.00108324,0.00259542,0.00151885,0.0015216,0.00152184,0.0015248,629.213,0.0003
29.96,6729000.0,0.0,3859140.0,1274310.0,8.48776e-07,0.00108324,0.00259542,0.00151885,0.0015216,0.00152184,0.0015248,630.807,0.0003
29.965,6729270.0,0.0,3859270.0,1274320.0,8.48793e-07,0.00109351,0.00260566,0.00151889,0.00152164,0.00152187,0.00152483,630.807,0.0003
29.97,6729300.0,0.0,3859280.0,1274320.0,8.48795e-07,0.00109478,0.00260692,0.00151889,0.00152164,0.00152188,0.00152484,630.93,0.0003
29.975,6729320.0,0.0,3859290.0,1274320.0,8.48796e-07,0.00109557,0.00260771,0.00151889,0.00152165,0.00152188,0.00152484,630.656,0.0003
29.98,6729320.0,0.0,3859290.0,1274320.0,8.48796e-07,0.00109557,0.00260771,0.00151889,0.00152165,0.00152188,0.00152484,628.438,0.0003
29.985,6728950.0,0.0,3859110.0,1274310.0,8.48773e-07,0.00108129,0.00259347,0.00151884,0.00152159,0.00152183,0.00152479,628.438,0.0003
29.99,6728910.0,0.0,3859090.0,1274310.0,8.4877e-07,0.00107952,0.00259172,0.00151884,0.00152159,0.00152182,0.00152478,629.89,0.0003
29.995,6729150.0,0.0,3859210.0,1274310.0,8.48785e-07,0.00108887,0.00260103,0.00151887,0.00152162,0.00152186,0.00152482,629.617,0.0003
30.0,6729150.0,0.0,3859210.0,1274310.0,8.48785e-07,0.00108887,0.00260103,0.00151887,0.00152162,0.00152186,0.00152482,627.407,0.0003
